-2.67072444831771e-06
-2.6532502555056e-06
-2.65421120519926e-06
-2.66590999946539e-06
-2.67739365150141e-06
-2.68523556601242e-06
-2.69165567011871e-06
-2.69877314155057e-06
-2.70668026694242e-06
-2.71465711806769e-06
-2.72236712743918e-06
-2.72992569366235e-06
-2.73750156004838e-06
-2.74512437154055e-06
-2.75274611542175e-06
-2.76033579468701e-06
-2.7678973401791e-06
-2.77544331099144e-06
-2.7829774138414e-06
-2.79049654193011e-06
-2.79799788273795e-06
-2.80548118295685e-06
-2.81294716155889e-06
-2.82039603170994e-06
-2.82782744550508e-06
-2.83524099908364e-06
-2.84263646513991e-06
-2.85001371028745e-06
-2.85737257713555e-06
-2.86471286416227e-06
-2.87203435939398e-06
-2.87933686178744e-06
-2.88662017819732e-06
-2.89388411445655e-06
-2.90112847270471e-06
-2.90835305345282e-06
-2.91555765740933e-06
-2.92274208551253e-06
-2.92990613829283e-06
-2.93704961559394e-06
-2.94417231668482e-06
-2.95127404040794e-06
-2.95835458520311e-06
-2.96541374906601e-06
-2.97245132952365e-06
-2.97946712364028e-06
-2.98646092803025e-06
-2.9934325388627e-06
-3.0003817518605e-06
-3.00730836229969e-06
-3.01421216501108e-06
-3.02109295438275e-06
-3.02795052436205e-06
-3.03478466845716e-06
-3.04159517973859e-06
-3.0483818508409e-06
-3.05514447396446e-06
-3.06188284087726e-06
-3.06859674291663e-06
-3.07528597099103e-06
-3.08195031558184e-06
-3.08858956674514e-06
-3.09520351411355e-06
-3.10179194689806e-06
-3.10835465388989e-06
-3.11489142346231e-06
-3.12140204357257e-06
-3.12788630176376e-06
-3.13434398516674e-06
-3.14077488050201e-06
-3.14717877408172e-06
-3.15355545181155e-06
-3.15990469919273e-06
-3.16622630132397e-06
-3.17252004290348e-06
-3.178785708231e-06
-3.18502308120978e-06
-3.19123194534863e-06
-3.19741208376401e-06
-3.20356327918204e-06
-3.20968531394064e-06
-3.21577796999158e-06
-3.22184102890262e-06
-3.22787427185964e-06
-3.23387747966878e-06
-3.23985043275857e-06
-3.24579291118216e-06
-3.25170469461944e-06
-3.25758556237931e-06
-3.26343529340186e-06
-3.2692536662606e-06
-3.27504045916473e-06
-3.2807954499614e-06
-3.28651841613797e-06
-3.29220913482435e-06
-3.29786738279525e-06
-3.30349293647254e-06
-3.30908557192761e-06
-3.31464506488368e-06
-3.32017119071819e-06
-3.32566372446523e-06
-3.33112244081787e-06
-3.33654711413063e-06
-3.34193751842189e-06
-3.34729342737635e-06
-3.35261461434749e-06
-3.35790085236005e-06
-3.36315191411253e-06
-3.36836757197972e-06
-3.37354759801519e-06
-3.37869176395385e-06
-3.38379984121452e-06
-3.3888716009025e-06
-3.39390681381214e-06
-3.39890525042948e-06
-3.40386668093485e-06
-3.4087908752055e-06
-3.41367760281829e-06
-3.41852663305231e-06
-3.42333773489161e-06
-3.42811067702787e-06
-3.43284522786316e-06
-3.4375411555126e-06
-3.44219822780719e-06
-3.44681621229652e-06
-3.45139487625159e-06
-3.45593398666756e-06
-3.46043331026662e-06
-3.46489261350078e-06
-3.46931166255472e-06
-3.47369022334868e-06
-3.47802806154131e-06
-3.48232494253255e-06
-3.4865806314666e-06
-3.49079489323479e-06
-3.49496749247855e-06
-3.49909819359235e-06
-3.50318676072671e-06
-3.50723295779114e-06
-3.51123654845721e-06
-3.51519729616153e-06
-3.51911496410881e-06
-3.52298931527488e-06
-3.52682011240983e-06
-3.53060711804105e-06
-3.53435009447636e-06
-3.5380488038071e-06
-3.54170300791131e-06
-3.54531246845688e-06
-3.54887694690469e-06
-3.55239620451184e-06
-3.55587000233481e-06
-3.55929810123274e-06
-3.5626802618706e-06
-3.5660162447225e-06
-3.56930581007494e-06
-3.57254871803011e-06
-3.57574472850916e-06
-3.57889360125558e-06
-3.58199509583846e-06
-3.58504897165592e-06
-3.58805498793844e-06
-3.59101290375226e-06
-3.59392247800278e-06
-3.596783469438e-06
-3.59959563665192e-06
-3.60235873808803e-06
-3.60507253204276e-06
-3.60773677666897e-06
-3.61035122997948e-06
-3.61291564985056e-06
-3.61542979402547e-06
-3.61789342011806e-06
-3.62030628561628e-06
-3.62266814788582e-06
-3.62497876417368e-06
-3.62723789161181e-06
-3.62944528722077e-06
-3.63160070791333e-06
-3.6337039104982e-06
-3.63575465168368e-06
-3.63775268808139e-06
-3.63969777620999e-06
-3.64158967249893e-06
-3.64342813329217e-06
-3.645212914852e-06
-3.64694377336282e-06
-3.64862046493492e-06
-3.65024274560834e-06
-3.65181037135671e-06
-3.65332309809108e-06
-3.65478068166382e-06
-3.65618287787252e-06
-3.65752944246389e-06
-3.65882013113767e-06
-3.6600546995506e-06
-3.66123290332038e-06
-3.66235449802964e-06
-3.66341923922992e-06
-3.66442688244572e-06
-3.66537718317849e-06
-3.66626989691072e-06
-3.66710477910995e-06
-3.66788158523289e-06
-3.6686000707295e-06
-3.66925999104712e-06
-3.6698611016346e-06
-3.67040315794641e-06
-3.67088591544686e-06
-3.67130912961425e-06
-3.67167255594509e-06
-3.67197594995828e-06
-3.6722190671994e-06
-3.67240166324491e-06
-3.67252349370645e-06
-3.6725843142351e-06
-3.6725838805257e-06
-3.67252194832116e-06
-3.6723982734168e-06
-3.67221261166471e-06
-3.6719647189781e-06
-3.67165435133571e-06
-3.67128126478619e-06
-3.67084521545257e-06
-3.67034595953661e-06
-3.66978325332336e-06
-3.66915685318554e-06
-3.6684665155881e-06
-3.66771199709268e-06
-3.66689305436216e-06
-3.66600944416517e-06
-3.66506092338069e-06
-3.66404724900259e-06
-3.66296817814424e-06
-3.6618234680431e-06
-3.66061287606536e-06
-3.6593361597106e-06
-3.65799307661639e-06
-3.65658338456302e-06
-3.6551068414782e-06
-3.6535632054417e-06
-3.65195223469017e-06
-3.65027368762182e-06
-3.6485273228012e-06
-3.64671289896397e-06
-3.64483017502171e-06
-3.64287891006673e-06
-3.64085886337689e-06
-3.63876979442042e-06
-3.63661146286085e-06
-3.63438362856181e-06
-3.63208605159198e-06
-3.62971849223e-06
-3.62728071096936e-06
-3.62477246852339e-06
-3.62219352583022e-06
-3.61954364405771e-06
-3.61682258460852e-06
-3.61403010912506e-06
-3.61116597949455e-06
-3.60822995785406e-06
-3.6052218065956e-06
-3.60214128837116e-06
-3.59898816609781e-06
-3.59576220296285e-06
-3.59246316242893e-06
-3.58909080823915e-06
-3.58564490442229e-06
-3.58212521529795e-06
-3.57853150548175e-06
-3.57486353989055e-06
-3.57112108374768e-06
-3.5673039025882e-06
-3.56341176226413e-06
-3.55944442894976e-06
-3.55540166914692e-06
-3.55128324969033e-06
-3.54708893775289e-06
-3.54281850085105e-06
-3.53847170685014e-06
-3.53404832396981e-06
-3.52954812078934e-06
-3.52497086625314e-06
-3.52031632967611e-06
-3.5155842807491e-06
-3.51077448954438e-06
-3.50588672652113e-06
-3.50092076253088e-06
-3.4958763688231e-06
-3.49075331705063e-06
-3.4855513792753e-06
-3.48027032797343e-06
-3.47490993604145e-06
-3.46946997680146e-06
-3.46395022400683e-06
-3.45835045184784e-06
-3.45267043495729e-06
-3.4469099484162e-06
-3.44106876775944e-06
-3.4351466689814e-06
-3.42914342854176e-06
-3.42305882337114e-06
-3.41689263087685e-06
-3.41064462894866e-06
-3.40431459596454e-06
-3.39790231079644e-06
-3.39140755281609e-06
-3.38483010190084e-06
-3.37816973843943e-06
-3.37142624333787e-06
-3.36459939802528e-06
-3.3576889844598e-06
-3.35069478513442e-06
-3.34361658308294e-06
-3.33645416188587e-06
-3.32920730567633e-06
-3.32187579914608e-06
-3.31445942755139e-06
-3.30695797671911e-06
-3.2993712330526e-06
-3.29169898353777e-06
-3.28394101574912e-06
-3.27609711785576e-06
-3.26816707862747e-06
-3.26015068744078e-06
-3.25204773428505e-06
-3.24385800976859e-06
-3.23558130512477e-06
-3.22721741221811e-06
-3.21876612355051e-06
-3.21022723226732e-06
-3.20160053216361e-06
-3.19288581769028e-06
-3.18408288396031e-06
-3.17519152675499e-06
-3.16621154253011e-06
-3.15714272842226e-06
-3.14798488225507e-06
-3.13873780254547e-06
-3.12940128851005e-06
-3.11997514007129e-06
-3.11045915786392e-06
-3.10085314324128e-06
-3.09115689828162e-06
-3.0813702257945e-06
-3.07149292932719e-06
-3.06152481317098e-06
-3.0514656823677e-06
-3.04131534271605e-06
-3.03107360077809e-06
-3.02074026388566e-06
-3.01031514014688e-06
-2.99979803845259e-06
-2.98918876848286e-06
-2.97848714071349e-06
-2.96769296642253e-06
-2.95680605769682e-06
-2.94582622743854e-06
-2.93475328937174e-06
-2.92358705804896e-06
-2.91232734885777e-06
-2.90097397802741e-06
-2.88952676263536e-06
-2.87798552061403e-06
-2.86635007075734e-06
-2.8546202327274e-06
-2.84279582706118e-06
-2.83087667517718e-06
-2.81886259938213e-06
-2.80675342287769e-06
-2.79454896976717e-06
-2.78224906506227e-06
-2.76985353468982e-06
-2.75736220549852e-06
-2.74477490526574e-06
-2.73209146270427e-06
-2.71931170746915e-06
-2.70643547016445e-06
-2.6934625823501e-06
-2.68039287654872e-06
-2.66722618625246e-06
-2.65396234592988e-06
-2.64060119103279e-06
-2.62714255800315e-06
-2.61358628427993e-06
-2.59993220830608e-06
-2.58618016953539e-06
-2.57233000843943e-06
-2.5583815665145e-06
-2.54433468628859e-06
-2.53018921132833e-06
-2.51594498624598e-06
-2.50160185670639e-06
-2.48715966943402e-06
-2.47261827221997e-06
-2.45797751392894e-06
-2.44323724450634e-06
-2.42839731498527e-06
-2.4134575774936e-06
-2.39841788526105e-06
-2.38327809262625e-06
-2.36803805504385e-06
-2.35269762909155e-06
-2.33725667247733e-06
-2.32171504404644e-06
-2.30607260378863e-06
-2.29032921284524e-06
-2.27448473351637e-06
-2.25853902926804e-06
-2.24249196473935e-06
-2.22634340574969e-06
-2.21009321930591e-06
-2.19374127360953e-06
-2.17728743806396e-06
-2.16073158328172e-06
-2.14407358109166e-06
-2.12731330454621e-06
-2.11045062792865e-06
-2.09348542676036e-06
-2.07641757780809e-06
-2.05924695909122e-06
-2.0419734498891e-06
-2.02459693074833e-06
-2.00711728349002e-06
-1.9895343912172e-06
-1.97184813832206e-06
-1.95405841049335e-06
-1.93616509472369e-06
-1.91816807931693e-06
-1.90006725389552e-06
-1.88186250940789e-06
-1.86355373813579e-06
-1.84514083370175e-06
-1.8266236910764e-06
-1.80800220658592e-06
-1.78927627791945e-06
-1.77044580413651e-06
-1.7515106856744e-06
-1.73247082435569e-06
-1.71332612339562e-06
-1.69407648740958e-06
-1.67472182242056e-06
-1.65526203586661e-06
-1.63569703660835e-06
-1.6160267349364e-06
-1.59625104257893e-06
-1.57636987270911e-06
-1.55638313995262e-06
-1.53629076039522e-06
-1.51609265159019e-06
-1.49578873256589e-06
-1.47537892383331e-06
-1.45486314739358e-06
-1.43424132674554e-06
-1.41351338689328e-06
-1.39267925435369e-06
-1.37173885716404e-06
-1.35069212488955e-06
-1.32953898863095e-06
-1.30827938103209e-06
-1.2869132362875e-06
-1.26544049015001e-06
-1.24386107993835e-06
-1.22217494454472e-06
-1.20038202444246e-06
-1.1784822616936e-06
-1.15647559995653e-06
-1.13436198449363e-06
-1.11214136217887e-06
-1.08981368150545e-06
-1.06737889259349e-06
-1.04483694719762e-06
-1.02218779871465e-06
-9.99431402191245e-07
-9.76567714331561e-07
-9.5359669350492e-07
-9.30518299753481e-07
-9.07332494799909e-07
-8.84039242055052e-07
-8.60638506625624e-07
-8.37130255321888e-07
-8.13514456665347e-07
-7.89791080896433e-07
-7.65960099982205e-07
-7.42021487624045e-07
-7.1797521926536e-07
-6.93821272099291e-07
-6.69559625076416e-07
-6.45190258912464e-07
-6.20713156096029e-07
-5.96128300896282e-07
-5.71435679370694e-07
-5.46635279372758e-07
-5.21727090559708e-07
-4.96711104400249e-07
-4.71587314182282e-07
-4.46355715020637e-07
-4.21016303864801e-07
-3.95569079506653e-07
-3.70014042588198e-07
-3.44351195609307e-07
-3.1858054293545e-07
-2.92702090805436e-07
-2.66715847339155e-07
-2.40621822545319e-07
-2.14420028329201e-07
-1.88110478500382e-07
-1.6169318878049e-07
-1.35168176810947e-07
-1.08535462160711e-07
-8.17950663340245e-08
-5.49470127781522e-08
-2.79913268911317e-08
-9.2803602951547e-10
2.62428304838849e-08
5.35212413522544e-08
8.09071632970316e-08
1.08400561050166e-07
1.36001397346376e-07
1.63709632915407e-07
1.91525226474293e-07
2.19448134719617e-07
2.47478312319774e-07
2.75615711907233e-07
3.03860284070802e-07
3.322119773479e-07
3.60670738216821e-07
3.89236511089005e-07
4.17909238301314e-07
4.46688860108304e-07
4.75575314674504e-07
5.04568538066695e-07
5.33668464246195e-07
5.62875025061139e-07
5.92188150238774e-07
6.21607767377743e-07
6.51133801940386e-07
6.80766177245032e-07
7.10504814458306e-07
7.40349632587427e-07
7.70300548472524e-07
8.00357476778938e-07
8.3052032998955e-07
8.60789018397089e-07
8.91163450096468e-07
9.21643530977106e-07
9.52229164715265e-07
9.82920252766387e-07
1.01371669435744e-06
1.04461838647925e-06
1.07562522387889e-06
1.106737099052e-06
1.13795390223517e-06
1.16927552139831e-06
1.20070184223701e-06
1.23223274816496e-06
1.26386812030628e-06
1.29560783748797e-06
1.32745177623226e-06
1.35939981074906e-06
1.39145181292834e-06
1.42360765233257e-06
1.45586719618912e-06
1.48823030938275e-06
1.52069685444797e-06
1.55326669156155e-06
1.58593967853496e-06
1.61871567080683e-06
1.65159452143541e-06
1.68457608109106e-06
1.71766019804875e-06
1.75084671818052e-06
1.78413548494802e-06
1.81752633939501e-06
1.85101912013986e-06
1.88461366336813e-06
1.91830980282505e-06
1.95210736980812e-06
1.98600619315962e-06
2.02000609925922e-06
2.05410691201653e-06
2.0883084528637e-06
2.122610540748e-06
2.15701299212446e-06
2.19151562094844e-06
2.22611823866831e-06
2.26082065421805e-06
2.29562267400991e-06
2.33052410192707e-06
2.36552473931632e-06
2.40062438498073e-06
2.43582283517237e-06
2.47111988358497e-06
2.50651532134668e-06
2.54200893701278e-06
2.57760051655842e-06
2.61328984337138e-06
2.64907669824485e-06
2.68496085937016e-06
2.72094210232965e-06
2.75702020008938e-06
2.79319492299206e-06
2.82946603874977e-06
2.86583331243687e-06
2.90229650648287e-06
2.93885538066524e-06
2.97550969210234e-06
3.01225919524632e-06
3.04910364187602e-06
3.08604278108992e-06
3.12307635929904e-06
3.16020412021995e-06
3.19742580486771e-06
3.23474115154888e-06
3.27214989585451e-06
3.30965177065317e-06
3.34724650608396e-06
3.38493382954961e-06
3.42271346570949e-06
3.46058513647273e-06
3.49854856099134e-06
3.53660345565325e-06
3.57474953407552e-06
3.61298650709747e-06
3.65131408277381e-06
3.68973196636789e-06
3.72823986034483e-06
3.7668374643648e-06
3.80552447527622e-06
3.84430058710904e-06
3.88316549106799e-06
3.9221188755259e-06
3.96116042601697e-06
4.00028982523016e-06
4.03950675300248e-06
4.07881088631238e-06
4.11820189927316e-06
4.15767946312633e-06
4.19724324623507e-06
4.23689291407769e-06
4.27662812924103e-06
4.31644855141403e-06
4.35635383738116e-06
4.396343641016e-06
4.43641761327476e-06
4.47657540218988e-06
4.51681665286357e-06
4.55714100746148e-06
4.59754810520627e-06
4.63803758237133e-06
4.67860907227441e-06
4.71926220527131e-06
4.75999660874967e-06
4.80081190712263e-06
4.84170772182265e-06
4.88268367129527e-06
4.92373937099292e-06
4.96487443336881e-06
5.00608846787071e-06
5.04738108093488e-06
5.08875187597998e-06
5.13020045340095e-06
5.17172641056302e-06
5.21332934179566e-06
5.2550088383866e-06
5.29676448857583e-06
5.33859587754969e-06
5.38050258743491e-06
5.42248419729274e-06
5.46454028311306e-06
5.50667041780856e-06
5.5488741712089e-06
5.59115111005492e-06
5.63350079799288e-06
5.6759227955687e-06
5.71841666022227e-06
5.76098194628174e-06
5.80361820495788e-06
5.84632498433846e-06
5.88910182938259e-06
5.93194828191522e-06
5.97486388062151e-06
6.01784816104136e-06
6.06090065556394e-06
6.10402089342213e-06
6.14720840068721e-06
6.19046270026334e-06
6.23378331188226e-06
6.27716975209789e-06
6.32062153428103e-06
6.36413816861411e-06
6.40771916208586e-06
6.45136401848614e-06
6.49507223840071e-06
6.53884331920607e-06
6.58267675506432e-06
6.62657203691806e-06
6.67052865248532e-06
6.71454608625451e-06
6.75862381947937e-06
6.80276133017406e-06
6.84695809310819e-06
6.89121357980185e-06
6.93552725852081e-06
6.97989859427159e-06
7.02432704879669e-06
7.0688120805698e-06
7.11335314479104e-06
7.1579496933822e-06
7.20260117498213e-06
7.24730703494206e-06
7.29206671532094e-06
7.33687965488092e-06
7.38174528908276e-06
7.42666305008133e-06
7.47163236672114e-06
7.51665266453187e-06
7.56172336572401e-06
7.60684388918441e-06
7.65201365047201e-06
7.69723206181351e-06
7.74249853209911e-06
7.78781246687827e-06
7.83317326835555e-06
7.8785803353864e-06
7.9240330634731e-06
7.96953084476062e-06
8.01507306803262e-06
8.06065911870743e-06
8.10628837883408e-06
8.15196022708836e-06
8.19767403876895e-06
8.24342918579354e-06
8.28922503669503e-06
8.33506095661774e-06
8.38093630731371e-06
8.42685044713893e-06
8.47280273104974e-06
8.5187925105992e-06
8.56481913393352e-06
8.61088194578849e-06
8.65698028748599e-06
8.70311349693057e-06
8.74928090860598e-06
8.79548185357182e-06
8.8417156594602e-06
8.88798165047245e-06
8.93427914737588e-06
8.98060746750053e-06
9.02696592473605e-06
9.07335382952855e-06
9.11977048887752e-06
9.16621520633277e-06
9.21268728199149e-06
9.25918601249523e-06
9.30571069102703e-06
9.35226060730853e-06
9.39883504759718e-06
9.44543329468342e-06
9.49205462788797e-06
9.53869832305913e-06
9.58536365257013e-06
9.63204988531655e-06
9.67875628671374e-06
9.72548211869431e-06
9.77222663970569e-06
9.81898910470767e-06
9.86576876517007e-06
9.91256486907037e-06
9.95937666089146e-06
1.00062033816194e-05
1.00530442687412e-05
1.00998985562428e-05
1.01467654746068e-05
1.01936442508106e-05
1.02405341083242e-05
1.02874342671083e-05
1.03343439436127e-05
1.0381262350774e-05
1.0428188698014e-05
1.0475122191238e-05
1.0522062032833e-05
1.05690074216662e-05
1.06159575530831e-05
1.06629116189061e-05
1.07098688074332e-05
1.0756828303436e-05
1.08037892881591e-05
1.08507509393179e-05
1.08977124310978e-05
1.09446729341529e-05
1.09916316156045e-05
1.10385876390402e-05
1.10855401645131e-05
1.11324883485399e-05
1.11794313441007e-05
1.12263683006377e-05
1.12732983640545e-05
1.13202206767148e-05
1.13671343774423e-05
1.14140386015195e-05
1.14609324806869e-05
1.15078151431429e-05
1.15546857135428e-05
1.16015433129984e-05
1.16483870590777e-05
1.1695216065804e-05
1.17420294436563e-05
1.17888262995683e-05
1.18356057369283e-05
1.18823668555796e-05
1.19291087518195e-05
1.19758305183997e-05
1.20225312445265e-05
1.20692100158601e-05
1.21158659145155e-05
1.2162498019062e-05
1.22091054045238e-05
1.22556871423802e-05
1.23022423005656e-05
1.23487699434705e-05
1.23952691319413e-05
1.2441738923281e-05
1.248817837125e-05
1.25345865260665e-05
1.2580962434407e-05
1.26273051394073e-05
1.26736136806631e-05
1.27198870942311e-05
1.27661244126296e-05
1.28123246648395e-05
1.28584868763055e-05
1.29046100689372e-05
1.295069326111e-05
1.29967354676665e-05
1.30427356999175e-05
1.30886929656438e-05
1.3134606269097e-05
1.31804746110016e-05
1.32262969885559e-05
1.32720723954339e-05
1.33177998217869e-05
1.33634782542451e-05
1.34091066759194e-05
1.34546840664033e-05
1.35002094017746e-05
1.35456816545976e-05
1.35910997939248e-05
1.36364627852992e-05
1.36817695907566e-05
1.37270191688271e-05
1.37722104745382e-05
1.38173424594166e-05
1.38624140714908e-05
1.39074242552936e-05
1.39523719518642e-05
1.39972560987515e-05
1.40420756300161e-05
1.40868294762335e-05
1.41315165644965e-05
1.41761358184182e-05
1.42206861581351e-05
1.42651665003098e-05
1.43095757581341e-05
1.43539128413324e-05
1.43981766561643e-05
1.44423661054287e-05
1.4486480088466e-05
1.45305175011628e-05
1.45744772359541e-05
1.46183581818276e-05
1.46621592243271e-05
1.47058792455562e-05
1.47495171241817e-05
1.47930717354378e-05
1.48365419511298e-05
1.4879926639638e-05
1.49232246659217e-05
1.49664348915235e-05
1.5009556174573e-05
1.50525873697915e-05
1.50955273284958e-05
1.51383748986029e-05
1.51811289246345e-05
1.5223788247721e-05
1.52663517056067e-05
1.53088181326538e-05
1.53511863598476e-05
1.5393455214801e-05
1.54356235217596e-05
1.54776901016062e-05
1.55196537718663e-05
1.55615133467129e-05
1.56032676369714e-05
1.56449154501255e-05
1.56864555903217e-05
1.57278868583752e-05
1.57692080517752e-05
1.58104179646902e-05
1.58515153879737e-05
1.58924991091702e-05
1.59333679125202e-05
1.59741205789668e-05
1.60147558861608e-05
1.60552726084675e-05
1.60956695169717e-05
1.61359453794849e-05
1.61760989605506e-05
1.62161290214509e-05
1.6256034320213e-05
1.62958136116152e-05
1.63354656471937e-05
1.63749891752491e-05
1.64143829408528e-05
1.6453645685854e-05
1.64927761488863e-05
1.65317730653747e-05
1.65706351675423e-05
1.66093611844177e-05
1.66479498418416e-05
1.66863998624745e-05
1.67247099658034e-05
1.67628788681497e-05
1.6800905282676e-05
1.6838787919394e-05
1.68765254851721e-05
1.69141166837426e-05
1.695156021571e-05
1.69888547785582e-05
1.70259990666588e-05
1.7062991771279e-05
1.70998315805894e-05
1.71365171796724e-05
1.71730472505302e-05
1.72094204720931e-05
1.72456355202278e-05
1.72816910677462e-05
1.73175857844133e-05
1.73533183369564e-05
1.73888873890733e-05
1.74242916014414e-05
1.74595296317262e-05
1.74946001345907e-05
1.75295017617038e-05
1.75642331617501e-05
1.75987929804381e-05
1.76331798605104e-05
1.76673924417526e-05
1.77014293610026e-05
1.77352892521601e-05
1.77689707461968e-05
1.78024724711651e-05
1.78357930522083e-05
1.78689311115708e-05
1.79018852686072e-05
1.7934654139793e-05
1.79672363387342e-05
1.79996304761779e-05
1.80318351600219e-05
1.80638489953258e-05
1.80956705843208e-05
1.81272985264203e-05
1.81587314182309e-05
1.81899678535623e-05
1.82210064234391e-05
1.82518457161104e-05
1.82824843170617e-05
1.83129208090256e-05
1.83431537719925e-05
1.83731817832223e-05
1.84030034172554e-05
1.84326172459241e-05
1.84620218383641e-05
1.84912157610258e-05
1.8520197577686e-05
1.85489658494597e-05
1.85775191348119e-05
1.86058559895689e-05
1.86339749669313e-05
1.86618746174851e-05
1.8689553489214e-05
1.8717010127512e-05
1.87442430751953e-05
1.87712508725149e-05
1.8798032057169e-05
1.88245851643153e-05
1.88509087265842e-05
1.88770012740909e-05
1.89028613344488e-05
1.89284874327819e-05
1.89538780917381e-05
1.89790318315023e-05
1.90039471698092e-05
1.90286226219572e-05
1.90530567008209e-05
1.90772479168655e-05
1.91011947781593e-05
1.91248957903884e-05
1.91483494568694e-05
1.91715542785637e-05
1.91945087540915e-05
1.92172113797454e-05
1.92396606495045e-05
1.9261855055049e-05
1.92837930857738e-05
1.93054732288034e-05
1.93268939690058e-05
1.93480537890074e-05
1.93689511692075e-05
1.93895845877928e-05
1.94099525207523e-05
1.94300534418923e-05
1.9449885822851e-05
1.94694481331141e-05
1.94887388400292e-05
1.95077564088218e-05
1.952649930261e-05
1.95449659824203e-05
1.95631549072029e-05
1.95810645338473e-05
1.95986933171981e-05
1.96160397100706e-05
1.96331021632668e-05
1.96498791255914e-05
1.96663690438677e-05
1.96825703629536e-05
1.96984815257582e-05
1.9714100973258e-05
1.9729427144513e-05
1.97444584766836e-05
1.97591934050471e-05
1.97736303630141e-05
1.97877677821458e-05
1.98016040921703e-05
1.98151377209999e-05
1.98283670947482e-05
1.98412906377469e-05
1.98539067725636e-05
1.98662139200183e-05
1.98782104992017e-05
1.98898949274923e-05
1.99012656205738e-05
1.99123209924532e-05
1.99230594554783e-05
1.99334794203558e-05
1.99435792961691e-05
1.99533574903965e-05
1.99628124089292e-05
1.99719424560897e-05
1.998074603465e-05
1.99892215458503e-05
1.99973673894172e-05
2.00051819635826e-05
2.00126636651022e-05
2.00198108892745e-05
2.00266220299595e-05
2.00330954795979e-05
2.00392296292301e-05
2.00450228685153e-05
2.00504735857508e-05
2.00555801678915e-05
2.00603410005693e-05
2.00647544681126e-05
2.00688189535658e-05
2.00725328387093e-05
2.00758945040794e-05
2.00789023289878e-05
2.00815546915421e-05
2.00838499686655e-05
2.00857865361171e-05
2.00873627685127e-05
2.00885770393442e-05
2.00894277210011e-05
2.00899131847905e-05
2.00900318009577e-05
2.00897819387075e-05
2.00891619662245e-05
2.00881702506942e-05
2.00868051583242e-05
2.00850650543654e-05
2.00829483031328e-05
2.0080453268027e-05
2.00775783115561e-05
2.00743217953565e-05
2.00706820802148e-05
2.00666575260895e-05
2.0062246492133e-05
2.00574473367128e-05
2.00522584174344e-05
2.00466780911625e-05
2.00407047140437e-05
2.00343366415287e-05
2.00275722283942e-05
2.00204098287661e-05
2.00128477961412e-05
2.00048844834105e-05
1.99965182428814e-05
1.99877474263008e-05
1.9978570384878e-05
1.99689854693074e-05
1.99589910297921e-05
1.99485854160665e-05
1.99377669774199e-05
1.99265340627198e-05
1.99148850204354e-05
1.9902818198661e-05
1.98903319451398e-05
1.98774246072875e-05
1.9864094532216e-05
1.98503400667578e-05
1.98361595574895e-05
1.98215513507559e-05
1.98065137926948e-05
1.97910452292603e-05
1.97751440062482e-05
1.97588084693197e-05
1.97420369640261e-05
1.97248278358339e-05
1.97071794301489e-05
1.96890900923414e-05
1.96705581677711e-05
1.9651582001812e-05
1.96321599398775e-05
1.96122903274457e-05
1.95919715100845e-05
1.95712018334772e-05
1.95499796434476e-05
1.95283032859862e-05
1.9506171107275e-05
1.94835814537139e-05
1.94605326719461e-05
1.94370231088845e-05
1.94130511117371e-05
1.93886150280334e-05
1.93637132056508e-05
1.93383439928403e-05
1.93125057382533e-05
1.92861967909682e-05
1.92594155005161e-05
1.92321602169085e-05
1.92044292906633e-05
1.91762210728319e-05
1.91475339150259e-05
1.91183661694442e-05
1.90887161889002e-05
1.90585823268485e-05
1.90279629374127e-05
1.89968563754125e-05
1.89652609963909e-05
1.8933175156642e-05
1.89005972132386e-05
1.88675255240597e-05
1.88339584478182e-05
1.87998943440893e-05
1.87653315733377e-05
1.8730268496946e-05
1.86947034772429e-05
1.86586348775313e-05
1.86220610621164e-05
1.85849803963345e-05
1.8547391246581e-05
1.85092919803392e-05
1.8470680966209e-05
1.84315565739353e-05
1.83919171744371e-05
1.83517611398363e-05
1.83110868434866e-05
1.82698926600027e-05
1.82281769652891e-05
1.81859381365697e-05
1.81431745524171e-05
1.80998845927815e-05
1.80560666390209e-05
1.80117190739299e-05
1.79668402817701e-05
1.79214286482991e-05
1.78754825608008e-05
1.7829000408115e-05
1.77819805806677e-05
1.77344214705006e-05
1.76863214713019e-05
1.7637678978436e-05
1.75884923889739e-05
1.75387601017238e-05
1.74884805172612e-05
1.74376520379598e-05
1.7386273068022e-05
1.73343420135092e-05
1.72818572823733e-05
1.72288172844869e-05
1.71752204316746e-05
1.71210651377438e-05
1.70663498185162e-05
1.70110728918583e-05
1.69552327777133e-05
1.68988278981318e-05
1.6841856677304e-05
1.67843175415903e-05
1.67262089195535e-05
1.66675292419903e-05
1.66082769419627e-05
1.654845045483e-05
1.64880482182809e-05
1.6427068672365e-05
1.63655102595252e-05
1.63033714246294e-05
1.62406506150031e-05
1.61773462804611e-05
1.61134568733405e-05
1.60489808485325e-05
1.5983916663515e-05
1.59182627783853e-05
1.58520176558927e-05
1.57851797614708e-05
1.57177475632708e-05
1.5649719532194e-05
1.55810941419246e-05
1.5511869868963e-05
1.54420451926585e-05
1.53716185952428e-05
1.53005885618626e-05
1.52289535806133e-05
1.51567121425725e-05
1.50838627418326e-05
1.5010403875535e-05
1.49363340439035e-05
1.48616517502775e-05
1.47863555011459e-05
1.47104438061811e-05
1.46339151782722e-05
1.45567681335596e-05
1.44790011914682e-05
1.44006128747419e-05
1.43216017094773e-05
1.42419662251582e-05
1.41617049546895e-05
1.40808164344317e-05
1.39992992042348e-05
1.39171518074731e-05
1.38343727910797e-05
1.37509607055804e-05
1.36669141051291e-05
1.35822315475418e-05
1.34969115943315e-05
1.3410952810743e-05
1.33243537657878e-05
1.32371130322788e-05
1.31492291868652e-05
1.30607008100677e-05
1.29715264863136e-05
1.28817048039717e-05
1.27912343553874e-05
1.27001137369183e-05
1.26083415489693e-05
1.25159163960279e-05
1.24228368866996e-05
1.23291016337434e-05
1.22347092541075e-05
1.21396583689645e-05
1.20439476037473e-05
1.19475755881849e-05
1.18505409563377e-05
1.17528423466337e-05
1.16544784019042e-05
1.15554477694196e-05
1.14557491009255e-05
1.13553810526787e-05
1.12543422854831e-05
1.1152631464726e-05
1.10502472604141e-05
1.09471883472098e-05
1.08434534044673e-05
1.07390411162692e-05
1.06339501714627e-05
1.05281792636957e-05
1.04217270914538e-05
1.03145923580964e-05
1.02067737718933e-05
1.00982700460616e-05
9.98907989880165e-06
9.8792020533345e-06
9.76863523793812e-06
9.65737818598436e-06
9.54542963597568e-06
9.43278833158208e-06
9.31945302167789e-06
9.20542246037881e-06
9.09069540707883e-06
8.97527062648723e-06
8.8591468886657e-06
8.74232296906537e-06
8.62479764856401e-06
8.50656971350312e-06
8.38763795572524e-06
8.26800117261113e-06
8.14765816711707e-06
8.02660774781222e-06
7.90484872891592e-06
7.78237993033514e-06
7.65920017770184e-06
7.5353083024105e-06
7.41070314165556e-06
7.28538353846899e-06
7.15934834175784e-06
7.03259640634184e-06
6.90512659299099e-06
6.77693776846322e-06
6.64802880554212e-06
6.51839858307458e-06
6.38804598600857e-06
6.25696990543091e-06
6.12516923860506e-06
5.99264288900893e-06
5.85938976637276e-06
5.72540878671696e-06
5.59069887239003e-06
5.45525895210647e-06
5.31908796098476e-06
5.18218484058527e-06
5.0445485389483e-06
4.90617801063206e-06
4.76707221675076e-06
4.62723012501258e-06
4.48665070975781e-06
4.34533295199693e-06
4.2032758394487e-06
4.06047836657832e-06
3.91693953463555e-06
3.77265835169288e-06
3.62763383268373e-06
3.48186499944059e-06
3.33535088073329e-06
3.18809051230719e-06
3.04008293692139e-06
2.89132720438705e-06
2.74182237160554e-06
2.59156750260683e-06
2.44056166858765e-06
2.28880394794988e-06
2.13629342633878e-06
1.98302919668131e-06
1.82901035922445e-06
1.67423602157352e-06
1.5187052987305e-06
1.36241731313236e-06
1.20537119468937e-06
1.04756608082348e-06
8.89001116506618e-07
7.29675454299064e-07
5.69588254387775e-07
4.08738684624733e-07
2.47125920565289e-07
8.47491455065071e-08
-7.83924494744991e-08
-2.42299665482225e-07
-4.0697329576444e-07
-5.72414125673857e-07
-7.38622932629808e-07
-9.05600486079919e-07
-1.0733475474618e-06
-1.24186487016474e-06
-1.41115319949139e-06
-1.58121327261951e-06
-1.75204581856365e-06
-1.92365155813688e-06
-2.09603120391257e-06
-2.26918546018609e-06
-2.44311502293664e-06
-2.61782057978895e-06
-2.79330280997513e-06
-2.96956238429647e-06
-3.14659996508525e-06
-3.32441620616658e-06
-3.50301175282028e-06
-3.68238724174272e-06
-3.86254330100878e-06
-4.04348055003369e-06
-4.22519959953502e-06
-4.40770105149463e-06
-4.59098549912065e-06
-4.77505352680948e-06
-4.95990571010782e-06
-5.14554261567474e-06
-5.33196480124377e-06
-5.51917281558498e-06
-5.70716719846714e-06
-5.89594848061988e-06
-6.08551718369589e-06
-6.27587382023314e-06
-6.46701889361714e-06
-6.65895289804326e-06
-6.851676318479e-06
-7.04518963062641e-06
-7.23949330088443e-06
-7.43458778631134e-06
-7.63047353458727e-06
-7.82715098397662e-06
-8.02462056329067e-06
-8.22288269185015e-06
-8.42193777944783e-06
-8.62178622631124e-06
-8.82242842306535e-06
-9.02386475069532e-06
-9.2260955805093e-06
-9.42912127410128e-06
-9.63294218331396e-06
-9.83755865020171e-06
-1.00429710069936e-05
-1.02491795760562e-05
-1.0456184669857e-05
-1.06639865909275e-05
-1.08725856318259e-05
-1.10819820751011e-05
-1.12921761932555e-05
-1.15031682487083e-05
-1.17149584937592e-05
-1.19275471705518e-05
-1.2140934511037e-05
-1.23551207369366e-05
-1.25701060597069e-05
-1.27858906805026e-05
-1.30024747901405e-05
-1.3219858569063e-05
-1.34380421873025e-05
-1.36570258044449e-05
-1.38768095695941e-05
-1.40973936213356e-05
-1.43187780877009e-05
-1.45409630861317e-05
-1.47639487234443e-05
-1.49877350957938e-05
-1.52123222886385e-05
-1.54377103767047e-05
-1.56638994239509e-05
-1.5890889483533e-05
-1.61186805977682e-05
-1.63472727981009e-05
-1.65766661050666e-05
-1.68068605282576e-05
-1.70378560662875e-05
-1.72696527067567e-05
-1.75022504262177e-05
-1.77356491901399e-05
-1.79698489528757e-05
-1.82048496576253e-05
-1.84406512364027e-05
-1.86772536100012e-05
-1.89146566879592e-05
-1.9152860368526e-05
-1.93918645386278e-05
-1.96316690738335e-05
-1.98722738383211e-05
-2.01136786848437e-05
-2.0355883454696e-05
-2.05988879776804e-05
-2.08426920720739e-05
-2.10872955445944e-05
-2.13326981903674e-05
-2.15788997928932e-05
-2.18259001240131e-05
-2.20736989438773e-05
-2.23222960009111e-05
-2.25716910317828e-05
-2.28218837613709e-05
-2.30728739027312e-05
-2.33246611570649e-05
-2.35772452136858e-05
-2.38306257499882e-05
-2.40848024314149e-05
-2.43397749114253e-05
-2.45955428314632e-05
-2.48521058209252e-05
-2.51094634971292e-05
-2.53676154652827e-05
-2.56265613184515e-05
-2.58863006375281e-05
-2.61468329912013e-05
-2.64081579359242e-05
-2.6670275015884e-05
-2.69331837629711e-05
-2.71968836967482e-05
-2.74613743244201e-05
-2.7726655140803e-05
-2.79927256282944e-05
-2.82595852568433e-05
-2.85272334839194e-05
-2.87956697544841e-05
-2.90648935009603e-05
-2.9334904143203e-05
-2.96057010884697e-05
-2.98772837313912e-05
-3.01496514539428e-05
-3.04228036254144e-05
-3.06967396023827e-05
-3.09714587286816e-05
-3.12469603353743e-05
-3.15232437407243e-05
-3.18003082501676e-05
-3.20781531562843e-05
-3.23567777387706e-05
-3.26361812644113e-05
-3.29163629870517e-05
-3.31973221475706e-05
-3.34790579738524e-05
-3.37615696807603e-05
-3.40448564701093e-05
-3.43289175306389e-05
-3.46137520379871e-05
-3.48993591546632e-05
-3.51857380300216e-05
-3.5472887800236e-05
-3.57608075882726e-05
-3.6049496503865e-05
-3.63389536434881e-05
-3.66291780903325e-05
-3.69201689142796e-05
-3.72119251718759e-05
-3.75044459063084e-05
-3.77977301473793e-05
-3.8091776911482e-05
-3.83865852015762e-05
-3.86821540071637e-05
-3.89784823042644e-05
-3.92755690553923e-05
-3.95734132095316e-05
-3.98720137021136e-05
-4.01713694549932e-05
-4.04714793764253e-05
-4.07723423610425e-05
-4.10739572898319e-05
-4.13763230301127e-05
-4.16794384355135e-05
-4.19833023459508e-05
-4.22879135876062e-05
-4.25932709729053e-05
-4.28993733004955e-05
-4.32062193552251e-05
-4.35138079081221e-05
-4.38221377163728e-05
-4.41312075233015e-05
-4.44410160583496e-05
-4.47515620370557e-05
-4.50628441610349e-05
-4.53748611179594e-05
-4.56876115815384e-05
-4.60010942114989e-05
-4.63153076535662e-05
-4.66302505394449e-05
-4.69459214868005e-05
-4.72623190992401e-05
-4.75794419662944e-05
-4.78972886633996e-05
-4.82158577518791e-05
-4.85351477789263e-05
-4.88551572775866e-05
-4.91758847667406e-05
-4.9497328751087e-05
-4.98194877211255e-05
-5.01423601531404e-05
-5.04659445091848e-05
-5.07902392370636e-05
-5.11152427703186e-05
-5.14409535282122e-05
-5.17673699157125e-05
-5.2094490323478e-05
-5.24223131278428e-05
-5.27508366908022e-05
-5.30800593599977e-05
-5.34099794687037e-05
-5.37405953358129e-05
-5.40719052658236e-05
-5.44039075488253e-05
-5.47366004604866e-05
-5.50699822620419e-05
-5.54040512002784e-05
-5.57388055075247e-05
-5.60742434016382e-05
-5.64103630859932e-05
-5.674716274947e-05
-5.70846405664428e-05
-5.74227946967697e-05
-5.77616232857809e-05
-5.81011244642694e-05
-5.84412963484801e-05
-5.87821370400999e-05
-5.91236446262486e-05
-5.94658171794691e-05
-5.98086527577187e-05
-6.01521494043601e-05
-6.0496305148153e-05
-6.08411180032461e-05
-6.11865859691688e-05
-6.15327070308239e-05
-6.18794791584801e-05
-6.22269003077651e-05
-6.25749684196586e-05
-6.29236814204863e-05
-6.32730372219134e-05
-6.36230337209387e-05
-6.39736687998894e-05
-6.43249403264155e-05
-6.46768461534851e-05
-6.50293841193794e-05
-6.5382552047689e-05
-6.57363477473092e-05
-6.60907690124365e-05
-6.64458136225656e-05
-6.68014793424857e-05
-6.71577639222782e-05
-6.75146650973137e-05
-6.78721805882505e-05
-6.82303081010322e-05
-6.85890453268868e-05
-6.89483899423249e-05
-6.93083396091393e-05
-6.96688919744041e-05
-7.0030044670475e-05
-7.0391795314989e-05
-7.07541415108649e-05
-7.11170808463044e-05
-7.14806108947927e-05
-7.18447292151006e-05
-7.22094333512859e-05
-7.25747208326957e-05
-7.29405891739689e-05
-7.3307035875039e-05
-7.36740584211372e-05
-7.40416542827958e-05
-7.44098209158524e-05
-7.4778555761454e-05
-7.51478562460614e-05
-7.55177197814545e-05
-7.58881437647372e-05
-7.62591255783434e-05
-7.66306625900426e-05
-7.70027521529466e-05
-7.73753916055162e-05
-7.77485782715679e-05
-7.81223094602819e-05
-7.84965824662096e-05
-7.88713945692818e-05
-7.92467430348173e-05
-7.96226251135321e-05
-7.99990380415482e-05
-8.03759790404035e-05
-8.07534453170621e-05
-8.11314340639245e-05
-8.15099424588382e-05
-8.18889676651099e-05
-8.22685068315158e-05
-8.26485570923144e-05
-8.30291155672587e-05
-8.34101793616089e-05
-8.37917455661457e-05
-8.41738112571836e-05
-8.4556373496585e-05
-8.49394293317745e-05
-8.53229757957539e-05
-8.57070099071166e-05
-8.60915286700643e-05
-8.64765290744217e-05
-8.68620080956539e-05
-8.72479626948824e-05
-8.7634389818903e-05
-8.80212864002028e-05
-8.84086493569786e-05
-8.8796475593155e-05
-8.91847619984033e-05
-8.95735054481611e-05
-8.99627028036513e-05
-9.03523509119031e-05
-9.07424466057717e-05
-9.11329867039598e-05
-9.15239680110386e-05
-9.19153873174699e-05
-9.23072413996285e-05
-9.26995270198241e-05
-9.30922409263252e-05
-9.34853798533825e-05
-9.38789405212527e-05
-9.42729196362232e-05
-9.46673138906363e-05
-9.50621199629154e-05
-9.54573345175905e-05
-9.5852954205324e-05
-9.62489756629379e-05
-9.66453955134404e-05
-9.7042210366054e-05
-9.74394168162434e-05
-9.78370114457437e-05
-9.82349908225895e-05
-9.86333515011446e-05
-9.90320900221312e-05
-9.9431202912661e-05
-9.98306866862657e-05
-0.000100230537842928
-0.000100630752869114
-0.000101031328237804
-0.000101432260408527
-0.000101833545827394
-0.000102235180927131
-0.000102637162127111
-0.000103039485833383
-0.00010344214843872
-0.000103845146322666
-0.000104248475851568
-0.000104652133378565
-0.000105056115243579
-0.000105460417773445
-0.000105865037282165
-0.000106269970070965
-0.000106675212427737
-0.000107080760626327
-0.000107486610927359
-0.00010789275958131
-0.000108299202829916
-0.000108705936899351
-0.000109112957988357
-0.000109520262273446
-0.00010992784594835
-0.000110335705256057
-0.000110743836416326
-0.000111152235450761
-0.00011156089817961
-0.000111969820707431
-0.000112379000004385
-0.000112788433232685
-0.000113198115327068
-0.00011360803802826
-0.000114018195512574
-0.000114428593728689
-0.000114839245650817
-0.000115250139567873
-0.000115661214999371
-0.000116072423024699
-0.000116483864736391
-0.000116895785609147
-0.000117308181565297
-0.000117720350580544
-0.00011813146633838
-0.000118542508436534
-0.000118956931914266
-0.000119376056678272
-0.000119791762287136
-0.000120190778032159
-0.000120580172775306
-0.000121005387091927
-0.00012150017571487
-0.000121977186200789
-0.000122239062902276
-0.000122297617641775
-0.000122718822603195
-0.000124136448930057
-0.000125713861298692
-0.000124691558838677
-0.000120153148894607
-0.000118704638044052
-0.000130484947153548
-0.000147670475035694
-0.000124673376341367
3.53540412385455e-06
0.000267256121054618
0.00063074691144738
0.00102260142165049
0.00138835200429639
0.00170680033515349
0.00196911352668186
0.00215907928838472
0.00225520295350666
0.00224619294266446
0.00214430288446654
0.00198809561215039
0.00183408784546742
0.00174309525043808
0.00177067647185953
0.00196662850329587
0.00237638198341067
0.0030303022798141
0.00391833347071249
0.00496934860047609
0.00605997390163795
0.00705266401716042
0.00783248974427659
0.00831732719315413
0.00845659145220443
0.00824985266649692
0.00776716532834376
0.00711056486039876
0.00632259563391787
0.00534407364615692
0.00407707675307817
0.00247496607904914
0.00056649514870953
-0.00157462599310005
-0.00385093589605043
-0.00613312754150861
-0.0082495325765548
-0.00999829081597426
-0.011183394735909
-0.0116600865359827
-0.0113704026747943
-0.0103530266129038
-0.00872367239680181
-0.00663666732823002
-0.00424480424255434
-0.00167248423087218
0.000986633574902894
0.00364495714882261
0.00618991365636991
0.00848667112153995
0.010424478050578
0.0119535255108324
0.0130659925723941
0.0137574156694908
0.0140254932061187
0.013894054732198
0.0134169217886348
0.0126567752102048
0.0116661481015906
0.0104878595705771
0.0091718130667635
0.00779361742777909
0.00645750595093567
0.00527319476373406
0.00431357889519846
0.00357589064203617
0.00296971920087301
0.00234087879584513
0.00152183441237139
0.000387879135998271
-0.00110301631044649
-0.00290135211206989
-0.00488965443241531
-0.00692504228110274
-0.00887886756577287
-0.0106561562259225
-0.0121925080456714
-0.0134391443236122
-0.0143492906820377
-0.0148733766736087
-0.014963753869665
-0.0145857175118496
-0.0137304221505645
-0.0124253513872841
-0.010738626432622
-0.00877475807957418
-0.00666123292835977
-0.0045273398902778
-0.00247989394783073
-0.000584768716761408
0.0011361662133077
0.00269029182230377
0.00409047477528176
0.00533648194148384
0.00641045944624449
0.00728483214313734
0.0079345250239309
0.00834657696398018
0.00852500239662223
0.00849211858630466
0.00828838558805519
0.00797154624159652
0.0076125679206572
0.00728375420342856
0.00703850585899041
0.00689075770154839
0.006805998507369
0.00671060028831374
0.00651717281969292
0.00615692424811658
0.00560703449857186
0.00490235574755826
0.00412672836091277
0.00338692954354635
0.00277780044534785
0.00234986754766486
0.0020915151953024
0.00193470939857983
0.0017844927688204
0.00156050259750441
0.001230995083337
0.000823320022434826
0.000408266207408996
6.88622991335441e-05
-0.000131291725040259
-0.000167664952471859
-5.5212660266858e-05
0.000169301966329222
0.000471731296371804
0.000835751798271553
0.00125936642270258
0.00173615097812588
0.00223450000827077
0.00268945252895005
0.0030153793274157
0.00313716889919513
0.00302596884796483
0.00271847388608315
0.00230408041679135
0.00188380758904761
0.00152548353831506
0.00124209678574732
0.00100159981798108
0.000755205457960358
0.000465263979987423
0.000122357284990562
-0.000248829520432084
-0.000593003825833536
-0.000838442905882769
-0.000922953287564572
-0.000824595243647719
-0.000581429628591552
-0.000286521691804526
-5.74836331249509e-05
6.86213037200185e-06
-0.000135128589434198
-0.000449766337837871
-0.000837769331236384
-0.00116848697718662
-0.00132451651531173
-0.00123855046146733
-0.000909318011915154
-0.000393548900492921
0.000219705828885444
0.000840078581394479
0.00139891127094753
0.00185676129966739
0.00219813387535636
0.00242323632999361
0.00254449878511977
0.00258748600613456
0.00258958599776418
0.00258983554863963
0.00260865458554756
0.00262447524464531
0.00256115276140893
0.00229982180997898
0.0017179144876941
0.000740222759736685
-0.000625655376128326
-0.00229149096311199
-0.00412668238519626
-0.00600790173893801
-0.00785218833136042
-0.00962228318479478
-0.0113129776713084
-0.012936305814724
-0.0145181179023744
-0.0161028673542951
-0.0177505247994806
-0.0195168017092765
-0.0214311743254165
-0.0234943008965662
-0.0256913551202013
-0.0279934509653376
-0.0303331926801447
-0.0325766410100271
-0.0345258737802816
-0.035960441947458
-0.0366917014513999
-0.0365920911759337
-0.0355809486046757
-0.0335889921620088
-0.0305538336373988
-0.0264795616647505
-0.0215262509140932
-0.0160458249051058
-0.0105115280986252
-0.0053746541087601
-0.000936300281020454
0.00270200195690025
0.00560799237644067
0.00794825311842035
0.00991712820718037
0.0116869020578707
0.0133862664355041
0.0151020715563793
0.0168879251130962
0.0187609797318863
0.0206823537475509
0.0225374888478705
0.0241404901591334
0.0252717971026592
0.0257343083164758
0.0254024630612907
0.0242492605639372
0.0223511894379268
0.0198729217140596
0.0170277372298981
0.0140152046102025
0.0109585129678977
0.00787833684999071
0.00472422317133475
0.00144382277810938
-0.00195841278436553
-0.00540860937616048
-0.00879139472017166
-0.0119859157275179
-0.0148870013020478
-0.017413548276243
-0.0195139670383166
-0.0211671279345734
-0.0223718331225818
-0.0231291889858937
-0.0234322521070276
-0.0232702208490066
-0.022640129146403
-0.02155495758441
-0.0200447593597387
-0.0181560120483594
-0.0159553201238736
-0.0135354325974979
-0.0110115139989396
-0.00849702184907746
-0.00606635201553823
-0.00373035513009666
-0.00144824340563896
0.000828149098870814
0.00311073452146872
0.00536679880967712
0.00755063703927114
0.00964530206286516
0.0116776354527218
0.0136955648363827
0.0157278336980818
0.0177538708955207
0.0196958928693134
0.0214295886292561
0.022807013395996
0.0236879588045135
0.0239751339788132
0.0236460062339028
0.0227732147032729
0.0215243680659091
0.0201322991398099
0.0188351051239508
0.0178025517396569
0.017079452806806
0.0165690675309664
0.0160476738404043
0.0151775945169603
0.0135135180724899
0.0105598646272059
0.00594218839895211
-0.00035030355147951
-0.00781342838343089
-0.0155113199257617
-0.0223772541522942
-0.0275669961464881
-0.0306855122958552
-0.0318053788810638
-0.031312095482199
-0.0296838777824942
-0.0273212745464003
-0.024490121230331
-0.0213608825762541
-0.0180743475627217
-0.014778193065976
-0.0116347701817662
-0.00882668183063023
-0.00655891632680753
-0.00502798186626215
-0.00434914575038305
-0.00447876145344361
-0.00518487000173437
-0.00609221101448786
-0.00678565229834368
-0.0069267877920014
-0.00633414812125494
-0.00499972860009559
-0.00305106656790369
-0.000693145792886439
0.00183955510263946
0.0043135466264868
0.00651870599596502
0.00829035458837602
0.00952888828287129
0.0102106238184241
0.0103874423252821
0.0101773929307843
0.00974775318068668
0.0092883460907828
0.00897350038391716
0.00891899854293533
0.0091491372929178
0.00958928569604707
0.0100899031133648
0.0104754254089834
0.0106011759583516
0.0103963113861132
0.00987503686301918
0.00911361031138149
0.00820848893248516
0.00723761739181255
0.00623808403581186
0.00519988006803501
0.00407116097872054
0.00277599910626696
0.00124772667877961
-0.000529477130410759
-0.00249097305044856
-0.00449260520792453
-0.00634419406407987
-0.00786091618940774
-0.00891097620323255
-0.00943998206905085
-0.00946251124083858
-0.00902864839103152
-0.00818783652668859
-0.00697030781308267
-0.00538784214678977
-0.00343985607138038
-0.00111608221721408
0.00159403349119192
0.00467109404776934
0.00802350201737264
0.0114655696746844
0.0147405037027178
0.0175804991668788
0.0197743003697557
0.0212164747075461
0.0219269760589702
0.0220391739630803
0.0217610836777163
0.0213216152316059
0.0209168119643649
0.0206683617056383
0.0206032254430044
0.0206602209301032
0.0207218632707909
0.0206585737568753
0.020366993339986
0.0197894379378653
0.0189091661233599
0.0177163169868319
0.0161419236928133
0.0139860739307392
0.0109121115844091
0.00657718820530439
0.000872821750900769
-0.00587862937972492
-0.0129457655530519
-0.0194587218105047
-0.0247643126455458
-0.0286355116574987
-0.0312287973714721
-0.0328748929458624
-0.0338769002433228
-0.0344271417708257
-0.0346344803647121
-0.0345871273357349
-0.0343882093904385
-0.0341494442717066
-0.0339636294503091
-0.0338822975450912
-0.033911598094036
-0.034024668067887
-0.0341812319477722
-0.0343441329522172
-0.0344851182128885
-0.0345780155224226
-0.0345850438511687
-0.0344457935001594
-0.0340746217669202
-0.033367041752999
-0.0322175681155744
-0.0305535196641393
-0.0283757095529241
-0.0257751886603279
-0.0228989043774779
-0.0198781918160377
-0.0167722724995977
-0.0135673090245105
-0.0102197588885386
-0.00669845349170269
-0.00299762227235007
0.000865102229964174
0.0048378958102452
0.00881017850083775
0.0126031843546088
0.0159996852872515
0.0188038058399923
0.020898215016682
0.0222719851760928
0.0230131718810623
0.0232744520259187
0.0232255331137335
0.0230083532194011
0.0227081942585406
0.0223435558285039
0.0218689960207595
0.0211871288026507
0.02017254231511
0.0187087761612758
0.0167290681185971
0.0142452369455116
0.0113559799687097
0.00823827676177289
0.00512746141357722
0.00228197252646851
-7.24443289368473e-05
-0.00180557743575085
-0.00292026856693809
-0.00354052381666225
-0.00385720329295493
-0.00406197175045113
-0.00429888944265882
-0.00464549264003408
-0.00511792357301928
-0.00568599298045862
-0.00628470284984988
-0.00681647086703216
-0.0071496838888892
-0.00712808493222633
-0.00660226479691884
-0.00547571493651406
-0.00373838762636342
-0.00146399820725776
0.00122400010586089
0.00418655930081209
0.00727672496953844
0.010325172289621
0.0131318185257047
0.0154845572057479
0.0171986648112409
0.018153267390434
0.018308667610203
0.0177056694834041
0.0164548184214132
0.0147176889847625
0.012677250529759
0.0104994981480663
0.00829956344994032
0.006129281048714
0.00399229196948955
0.00187548841511111
-0.000222473566876857
-0.00227879817106987
-0.00425192022632317
-0.00609748186261514
-0.00778292442929458
-0.00928884829422035
-0.010594331285651
-0.0116580315264065
-0.0124134699911915
-0.012786698546953
-0.0127269596552179
-0.0122330709605993
-0.0113647652593332
-0.0102386175144737
-0.00901292000275141
-0.00786613162211396
-0.00697347326702657
-0.00648454865183087
-0.00650059232669678
-0.00704929685978996
-0.00806285601915136
-0.00937305610478993
-0.0107339321267565
-0.0118689240011704
-0.0125287298858302
-0.01254482788038
-0.0118660923980929
-0.010567021260797
-0.0088200677868212
-0.00683669046831387
-0.00479841215153789
-0.00280874724042677
-0.000888209119960037
0.000990820951152558
0.00285628423297667
0.00470474433241635
0.00649676337469733
0.00817221864122241
0.00967364987343216
0.0109690208997493
0.0120676103278696
0.0130239358990817
0.0139273862326801
0.0148790009782524
0.0159614619332695
0.0172141627624177
0.0186271944988627
0.02015931867028
0.0217687271712705
0.0234360458136822
0.0251666381517374
0.0269763420320561
0.0288741473003768
0.0308496681281947
0.0328613820717651
0.0348158330689458
0.0365331716021825
0.0377101377645867
0.0379130308102826
0.0366432441767217
0.033492897064129
0.0283463834937864
0.0215234511582289
0.0137552468978123
0.00596213643618502
-0.00107401068353667
-0.0069686874799287
-0.011787853162611
-0.0158935776424055
-0.0196994729178196
-0.0234699958811085
-0.0272351218784958
-0.0308215201605602
-0.033958328991085
-0.0363991249705627
-0.0380085516219754
-0.0387867653204846
-0.0388336107615327
-0.0382770213152839
-0.0372026450405049
-0.0356165160269514
-0.0334459661612159
-0.0305575648438869
-0.0267787562388323
-0.0219451135888876
-0.0159988348760508
-0.00910579143567914
-0.00170124699175358
0.00559702799849497
0.0121713066179683
0.017579791167229
0.0216466247698985
0.0244532959610258
0.0262625064834767
0.0274123084784491
0.0282097625033764
0.0288478498344139
0.0293677743462671
0.0296762617743786
0.0295958851609111
0.0289051985026672
0.0273558150033154
0.0247123696969006
0.0208621611535422
0.0159554786117211
0.0104604642818284
0.00505109971352355
0.000368351485310622
-0.00321232062918857
-0.00568153438029891
-0.00732762456205952
-0.00855900809034596
-0.00971759483360061
-0.0109603345302619
-0.0122366292941374
-0.0133424458899727
-0.0139979601118182
-0.0138972585812651
-0.0127276496580225
-0.0102061607896029
-0.00616846368062569
-0.000679835941544456
0.00590433059903016
0.0129752066495242
0.0197949328096995
0.0256670893274579
0.0301056492235405
0.0329509408395848
0.0343846510605251
0.0348285597245197
0.0347643309504352
0.0345497556429088
0.0343086526411294
0.0339369730042847
0.0332104249348504
0.031930133868037
0.0300347759007907
0.0276380115388183
0.0249865215652595
0.0223611177711449
0.0199688314973346
0.0178847628366208
0.0160710699168508
0.0144429451878675
0.0129242793567555
0.0114601250839713
0.00999114504906599
0.0084115625728844
0.00653485712251817
0.00409669539180625
0.00081875846481614
-0.00347688678031619
-0.00875601333695768
-0.0147276049993637
-0.0208959913922304
-0.0266851488098723
-0.0315813000544077
-0.0352506563904542
-0.0376088766613367
-0.0388219554572289
-0.039229187413616
-0.0392206310100016
-0.0391341999429456
-0.0392117508542372
-0.0395952151765997
-0.0403209806411851
-0.041299821964132
-0.0423077124445139
-0.0430207670965863
-0.0431017157384373
-0.0423057140330247
-0.0405500172393198
-0.0379091925120793
-0.0345490604823453
-0.0306563616555035
-0.0264133497131585
-0.022011601198466
-0.0176555072588886
-0.0135213764895777
-0.00969185718301738
-0.00611609211702054
-0.00262800118867631
0.000982656505009955
0.00487463078358423
0.00906898012011861
0.0134088294153707
0.017595309176546
0.0212967468333404
0.0242792781296748
0.0264883192893327
0.0280460523390002
0.029184523725442
0.0301555526196344
0.0311457709954848
0.0322169160714036
0.0332983486260809
0.0342443635022415
0.0349201556833876
0.0352497389539408
0.0351947666381571
0.0347014746269104
0.0336783580606373
0.0320275615326269
0.0296971902500684
0.0267070728316072
0.0231366512024237
0.0191081808800548
0.0147987542619157
0.0104675386926946
0.00644750777052583
0.00307441885074218
0.000586284028773088
-0.000946088477416127
-0.00162999023246935
-0.00172050310854582
-0.00156718557081964
-0.00152932581685973
-0.00185929288539841
-0.00260076896564928
-0.00356597924030012
-0.00440867600110208
-0.00475283631273594
-0.00432464857840883
-0.00304656687428805
-0.0010571395794997
0.00135791172721786
0.00388512990241157
0.00628138232043802
0.00840753946183596
0.0102096368163071
0.0116805374165142
0.0128256917376097
0.0136522746346575
0.0141936498251207
0.0145454434416274
0.014859675552549
0.0152767833253168
0.0158463681242678
0.0165062327602778
0.0171313836462753
0.0176027239094432
0.0178441248921336
0.0178217218991431
0.0175337505007459
0.0170118416609532
0.0163232889625392
0.015547611928424
0.0147199243767212
0.0137748439891589
0.012548993541829
0.0108679602922336
0.00866633271720951
0.00604658858807536
0.00323401092372742
0.000479145841026969
-0.00200741515394258
-0.00405439106573308
-0.0054973288119174
-0.00617138756781852
-0.00595871811806346
-0.00486505212288284
-0.00306105728978814
-0.000843857291740715
0.0014598676007178
0.00358728569122825
0.00538998968199409
0.00684186862869505
0.00801128789749508
0.0089998622290695
0.00987044326652071
0.0106091873567492
0.0111478821674352
0.0114279237748643
0.0114615164449137
0.0113430844185474
0.0111795168028394
0.0109731964028473
0.0105686163824637
0.00972671531310109
0.00824175025636197
0.00597834071454079
0.00282901154013648
-0.00130941739925541
-0.0064746705777536
-0.0125293432315681
-0.0191055724942203
-0.0256688776728524
-0.0316603301450133
-0.0366226929346874
-0.0402651701101186
-0.0424913229522698
-0.0434147710509017
-0.0433396847935233
-0.0426765103487258
-0.0418186082937867
-0.0410481854635987
-0.0405112492816595
-0.0402388681083152
-0.0401712574739805
-0.0401754844480792
-0.0400813129144935
-0.0397452983288371
-0.0391094452119196
-0.0382069568863209
-0.0371050210057761
-0.0358184871121272
-0.0342353177421916
-0.0320810001326762
-0.0289474251869056
-0.0244085052752905
-0.0182065448216326
-0.0104320397107479
-0.00159201744354225
0.00749097131004523
0.0159090002834409
0.0229141560362717
0.0280739154532642
0.0313032044403991
0.0328048278035798
0.0329652460719965
0.0322340494168511
0.0310018434513
0.0295019950519974
0.0277796917099832
0.0257591970947465
0.0233859688837521
0.0207666288917998
0.0182275264259452
0.0162616270363347
0.0153905995954755
0.0160003878843344
0.0182107452746766
0.021822246261929
0.0263566156885743
0.0311744280221806
0.0356266667795556
0.0391846200375781
0.0415062081773364
0.0424341252162137
0.0419608544822454
0.0402060725837612
0.0374183977271512
0.0339658551666975
0.0302762043345593
0.0267424366880521
0.0236522102680342
0.0211708676009664
0.019348129124958
0.0181157490229256
0.0172948494500404
0.0166516291525466
0.0159923043024473
0.0152335742599028
0.0143929310597383
0.0135090858586842
0.0125619651573951
0.0114574608549253
0.010080437692362
0.00836325890947001
0.00631759363233364
0.00401972486761968
0.00157289915914379
-0.000926181057835325
-0.00339942491359083
-0.00577476322905229
-0.00796778424345722
-0.00988914330838327
-0.0114864950454936
-0.0127883673332121
-0.0139070625782176
-0.0149918694704295
-0.0161627734920824
-0.0174606458843648
-0.0188302878483175
-0.0201411082559223
-0.0212502312232331
-0.0220882643020603
-0.022703097648897
-0.0232111087409567
-0.0236975844004483
-0.0241646617835543
-0.0245677693614919
-0.0248890762658389
-0.0251751421850516
-0.0255193317537763
-0.0260261447817905
-0.0267961031586157
-0.0279275783419278
-0.0295070815708653
-0.0315819039981657
-0.0341396002965815
-0.0371105071770639
-0.040375073265851
-0.0437482253696431
-0.0469459289394502
-0.0495773957552555
-0.0512040801508864
-0.0514596752025462
-0.050174081742534
-0.0474314090590608
-0.0435251767934994
-0.0388298569913799
-0.0336574924362359
-0.0281840543003563
-0.0224907860589942
-0.0166829531284333
-0.0109836270792583
-0.00571517056484919
-0.00116901858266897
0.00254750385697442
0.00557944351678195
0.00826012676628709
0.0109567662380028
0.0139174749453331
0.017193715480608
0.0206580793850947
0.0240899930926025
0.0272785406232635
0.0300954611961651
0.032520627542862
0.0346320327664583
0.0365734807587966
0.0384992445997913
0.0405026833435796
0.0425597147442806
0.044517851864873
0.0461309951219392
0.0471150801748981
0.0472013553801632
0.0461792080465777
0.0439315834105781
0.0404682484245258
0.0359536666140098
0.0307090591734402
0.0251605153105285
0.0197296815530444
0.0147115915263736
0.0102081246703229
0.00615149133797616
0.00238777050614595
-0.00124202488669849
-0.00486139744761557
-0.00855013699819828
-0.0123404772381192
-0.0162046379444222
-0.0200415016632158
-0.0236744750458373
-0.0268652010835351
-0.0293388049693996
-0.0308089872364664
-0.030997764916804
-0.0296725271737559
-0.026734865825732
-0.0223436554873887
-0.0169771043738748
-0.0113424934029123
-0.00615442415033019
-0.00191000071893903
0.00121780390889057
0.00334411061082403
0.00475070177401266
0.005750982477328
0.00658654834428667
0.00737410499184405
0.00810845700034022
0.00871605317054603
0.00913235391196881
0.00936025944405957
0.00948466430277629
0.00965842959708895
0.0100863634402923
0.0110029801980487
0.012618925998466
0.0150374453585296
0.01818358777934
0.0217944529320746
0.0254827950551786
0.0288411918407372
0.0315363463167931
0.0333658076191823
0.0342805572471876
0.0343699407426655
0.0337772519448494
0.0325438906560914
0.030480208995176
0.0272091317714604
0.0224124548332352
0.016115830197249
0.00879191937231348
0.00121350301322123
-0.00581764079734017
-0.0116912080505127
-0.0160736793646854
-0.0188748092010223
-0.020154476039598
-0.0200340153577214
-0.0186624402124159
-0.016248368883923
-0.013113603186316
-0.00969589163496129
-0.00646098220840253
-0.00376109445281423
-0.00173173328014451
-0.000296685461062432
0.000728874885419775
0.00151173336552821
0.00212475728615492
0.00254786248008763
0.00272631908202821
0.00265025675996223
0.00241734984504659
0.00224103049957605
0.00238841761851794
0.00308250928644329
0.00443350322468865
0.00643003270965708
0.00896294534012223
0.0118462015559666
0.0148367589234804
0.0176691925618101
0.0200936949206384
0.0218924125940759
0.022878630345224
0.0229130992735508
0.0219535007635287
0.0201037481854123
0.0176100518558266
0.0147878510495267
0.0119181312573265
0.00916681493962497
0.00655443577113569
0.00397757098429876
0.00127443193862291
-0.00168741743116382
-0.00494239517103358
-0.00840834618982413
-0.0119076567532741
-0.0151946436967228
-0.0179808420945108
-0.0199815052286106
-0.0209920316067955
-0.0209587519532628
-0.0199978603503275
-0.0183569595787111
-0.0163543479202304
-0.0143258825375856
-0.0125783933976154
-0.0113425944684948
-0.010741211860879
-0.0107946658883229
-0.0114576892619522
-0.0126543282219633
-0.0142912746412953
-0.0162597923916311
-0.018445136253002
-0.0207476110030623
-0.0231047762929203
-0.0254975726458081
-0.0279235996488296
-0.0303411324735645
-0.0326259321890009
-0.0345946658750411
-0.0360967249805893
-0.0371019171102811
-0.0377020658029375
-0.0380209896530066
-0.0381109048595147
-0.0379205985521566
-0.0373538885054311
-0.0363622935438256
-0.0349926685130435
-0.0333552003150732
-0.0315540629179063
-0.0296570188319809
-0.0277258164228685
-0.025842248325456
-0.0240563565969868
-0.0222803853852381
-0.0202461669634502
-0.0176132273228003
-0.0141768325399696
-0.0100231357253444
-0.00551832068186254
-0.00115166283872713
0.00265462743750073
0.00566782822018956
0.00786749431010435
0.00939134751087319
0.0104476975747798
0.0112378177041193
0.0119149776794577
0.01257671079604
0.0132664027157004
0.0139693631592279
0.0146128430575901
0.0150870463325917
0.0152862971422422
0.0151473704855772
0.0146589966357483
0.013836604934767
0.0126837010764189
0.0111731447121778
0.00926716411243679
0.00696586385412394
0.00435286497596138
0.0016078865655635
-0.00102106760540748
-0.00326304607669974
-0.00485114830003275
-0.00551810621291686
-0.00499266109959552
-0.00304880077427606
0.000382219319995769
0.005100478583859
0.0106158458061337
0.0162508042190319
0.0213218156244825
0.0253182151242493
0.0280162520551365
0.0295012898584983
0.0300991580671415
0.0302407395059726
0.0303069231932979
0.0305139266749098
0.0308826956225396
0.0312894782830675
0.0315530363716121
0.0315138522190247
0.0310824996896823
0.0302299722949942
0.028884176568035
0.0267636007269765
0.0232994761916653
0.0178053175167083
0.00985879617982274
-0.000362376423218664
-0.01204778014634
-0.0240464514511148
-0.0352790472216505
-0.0450418029973898
-0.0531078261580204
-0.0596592822270756
-0.0651272406024615
-0.0700080657165461
-0.0747124805869086
-0.079485460928611
-0.0843969085606748
-0.0893612371663153
-0.0941396891267333
-0.0983275064773784
-0.101385827912719
-0.102775545307253
-0.102166099912871
-0.0995947730939606
-0.0954452163919369
-0.0902268181622179
-0.0842816456443556
-0.0776051207364952
-0.0699024997211468
-0.06086636115283
-0.0505249900599394
-0.0394466159295843
-0.0286488114250472
-0.0192475016521996
-0.0120596844484785
-0.00739134122523178
-0.00508002575472633
-0.0046784849484949
-0.00562532341778057
-0.00734569421243311
-0.00931692007209479
-0.0111264392930585
-0.0124932382700207
-0.0132212690429008
-0.0131177567305138
-0.0119546226976191
-0.00950933037551617
-0.00563619562686042
-0.000295103520289643
0.00646974065113312
0.0145392827147387
0.0236719767402535
0.0334381824699387
0.0432301016128455
0.0523952254970056
0.0604298277125413
0.0671037015749483
0.0724414460459436
0.0766031153906735
0.0797659257238862
0.0820677715189462
0.0836008851341102
0.084410818937388
0.0844687155878833
0.0836219513345149
0.0815703422445039
0.0779311325655962
0.0724162478727858
0.065065073463201
0.0564116944026952
0.0474635414313712
0.0394421986598906
0.0333691696771832
0.0296999455699914
0.0282113604667456
0.0281944233397556
0.0288103681227991
0.0293925163263213
0.0295628789499759
0.0291809836061216
0.0282329096153227
0.0267587965292544
0.0248454375885434
0.022646948173529
0.0203877364452247
0.0183357282602239
0.0167583327161319
0.0158662158346441
0.0157442689619647
0.0162933001353614
0.0172272342488573
0.0181457053364406
0.0186516363489315
0.018462966832559
0.0174855352401808
0.0158334336957943
0.0137886634846955
0.0117043643404916
0.0098830348406299
0.00847796633159886
0.00745309536368906
0.00660712546409465
0.00564652531670958
0.0042847966539647
0.00233957607433319
-0.00021344451657044
-0.00327093564587262
-0.00671347636978951
-0.0105186199319662
-0.0147651049624268
-0.0194942747123385
-0.0245278041305322
-0.0294008756854437
-0.033489279588045
-0.0362562951413635
-0.0374521039013182
-0.0371381994951833
-0.0355462745366126
-0.0329046001705874
-0.0293722542064211
-0.0251075249455162
-0.0203707519327122
-0.0155435543916783
-0.0110388466439303
-0.00717353942389521
-0.00409277216230871
-0.00178094708427472
-0.000131418521042196
0.000981212009663799
0.00166448519534299
0.00200562533952425
0.00208034791312745
0.00196280000593937
0.00174373076599223
0.0015535408800449
0.00156474776400076
0.00195585595438486
0.00285488483931938
0.00429936969005189
0.00622812846716966
0.00849162874142291
0.0108675477293349
0.0130857420494952
0.0148700412904665
0.0159857133067894
0.0162685875333309
0.0156311166689005
0.0140723010345716
0.0117107424846406
0.00880968053072039
0.00573961152111737
0.0028739137100894
0.000479432954507538
-0.00133424407373168
-0.00259788773329472
-0.00343030057478925
-0.00398410042091195
-0.0044114811964892
-0.00485988722141295
-0.00548680548817597
-0.00646418355144961
-0.00794772475615167
-0.0100128493191257
-0.0125911340093563
-0.0154611903195902
-0.018329171340027
-0.020967437527026
-0.02331941624194
-0.0254969369551615
-0.0276830467487345
-0.0300161582110025
-0.0325134650997597
-0.0350394065490003
-0.03731232130803
-0.038964295297072
-0.0396621059363684
-0.0392485761458777
-0.037833101360298
-0.0357852549585944
-0.0336355933135969
-0.0319244691263354
-0.031057600211204
-0.0312239326527969
-0.0323972428112499
-0.0343951241684708
-0.0369471399420908
-0.0397406674056188
-0.0424433912341033
-0.0447204009271626
-0.0462633883910741
-0.0468292633345427
-0.0462598764659048
-0.0444561574677146
-0.0413236655495227
-0.0367546369822145
-0.0307016038663266
-0.0233149481548419
-0.0150336516253564
-0.00653313727251939
0.00145097659784612
0.00830648388535363
0.0136380110901648
0.017269713331885
0.0192157683055267
0.0196537477351079
0.0188899958612234
0.0173050137605075
0.0152994747825536
0.0132660018642725
0.0115715183854146
0.0105088078021381
0.0102137032806574
0.0106055198189822
0.0114103229307197
0.0122600291996923
0.0128033993834739
0.0127766071953878
0.0120303201365675
0.0105346386351965
0.00837228621742121
0.00571771844174222
0.00280513626305114
-9.91414129917397e-05
-0.00270499631885756
-0.00469483941147811
-0.00574118756355221
-0.0055688603738899
-0.00402884953063155
-0.00110687914849069
0.00316714628353313
0.00882847619684123
0.015963004730308
0.0245176298224249
0.0340713715653184
0.0437934708140435
0.0526836447292957
0.059948199575462
0.0652575375783232
0.0687504515745755
0.0708474465979938
0.0720216759437472
0.0726337091233633
0.0728641787860691
0.072731299684209
0.0721432845333154
0.0709127697789902
0.0686992509464814
0.0649471688709976
0.0589477618077777
0.0500735818247489
0.0380769778512891
0.0232772208069056
0.00654665847365144
-0.0108677992140077
-0.02760327269011
-0.0424526705609239
-0.0545915527974601
-0.063689475987055
-0.0698565581108747
-0.0734582441245958
-0.074913185748635
-0.0745815440164373
-0.072752414771845
-0.0696552064684133
-0.0654408925754916
-0.0601670149776762
-0.053857526555409
-0.0466429805563575
-0.0388895596199171
-0.031204157619537
-0.024282903975838
-0.0186810077773189
-0.0146348588486793
-0.0120279885454353
-0.0104902038388263
-0.00953133391134096
-0.00861623792359926
-0.00718579933564821
-0.00471446984498228
-0.000862171215888593
0.00434630693118101
0.0104550474524386
0.0166981473868551
0.022246991444041
0.0264531224040024
0.02899430846341
0.0299070150099667
0.0295294818718595
0.028383519559869
0.027026884308499
0.0259242974753545
0.0253850586176666
0.0255737667512125
0.0265471027542935
0.0282652855262708
0.0305817154973682
0.0332594597405387
0.0360380260931636
0.0387128357948022
0.0411753255618739
0.0434068150433486
0.0454554052286235
0.0474087475953666
0.0493479266215892
0.0512820079627048
0.0531019019803162
0.0545989120462759
0.0555493977671383
0.0558114857029466
0.0553683495187157
0.0543023399759996
0.0527437930695768
0.0508388300338546
0.0487316084733343
0.0465371995626816
0.0443156090568794
0.0420765844648803
0.0398042567595487
0.037446740509415
0.0348421287584007
0.0316360879750059
0.0273014485231107
0.0213245970987089
0.0134930639031538
0.00411285175212403
-0.00599299678096828
-0.0157189465720097
-0.0240301885147479
-0.0302774780979571
-0.0343488078643344
-0.0366021799558739
-0.0376133682360917
-0.0378594538869475
-0.0374933801534601
-0.0363143260213417
-0.0339314602455085
-0.0300226053957494
-0.0245543935283733
-0.0178599545925938
-0.0105403138439287
-0.00324074001382861
0.00357824130179376
0.00974711790897722
0.0153185982883418
0.0203906463520426
0.0249586921954192
0.0288942166619158
0.0320334375422216
0.0342787388610404
0.0356330428611261
0.0361652860191535
0.0359570039540732
0.0350731345232356
0.0335696971892397
0.0315290654786808
0.0290964660466612
0.0264796434338555
0.0238903290089149
0.0214511520653855
0.0191187638642862
0.0166528607437236
0.0136315845237162
0.0095240005177368
0.00384298321334574
-0.0036515947712233
-0.0128129827630304
-0.0231372948820333
-0.0339433361791975
-0.0445682783787739
-0.0544675210378206
-0.0632277110054809
-0.0705706603967596
-0.0763734807113167
-0.0806511164950871
-0.0834677735623159
-0.0848424006262245
-0.0847469325719813
-0.0832046977277796
-0.0803921311093111
-0.0766519476772547
-0.0724116045427612
-0.0680580079088772
-0.063817235950399
-0.0596760503494058
-0.0553808349197789
-0.0505312450360369
-0.044744107926365
-0.0378303317198201
-0.0299226814840143
-0.0215041677615105
-0.0133099067434443
-0.0061204441615284
-0.000524275803495852
0.00324190681800711
0.00530518340590668
0.00604008225180291
0.00591059502311634
0.00534694787006788
0.00467370693359314
0.00407216515577292
0.00357589047552751
0.00311032522199567
0.00256077002232957
0.0018312310223005
0.00087882069900125
-0.000263777408631826
-0.00147743044938261
-0.00257979322653064
-0.00339016301281844
-0.00380582820063545
-0.00384706208456221
-0.00365104700046609
-0.00343390542548846
-0.00346941492861279
-0.0041170439236297
-0.0058563995787945
-0.00922031574314114
-0.0145713254916065
-0.0218247207251379
-0.0303252583283922
-0.0390061217658248
-0.0467606023755291
-0.0528168306174947
-0.0569270373317247
-0.0593194052076988
-0.0604946183270095
-0.0609976890386414
-0.0612555914767079
-0.0615007088645328
-0.061763033138534
-0.0619216294450828
-0.0618100949815417
-0.061334773290043
-0.0605270760131575
-0.0594830751768658
-0.0582406730230707
-0.0567106207081193
-0.054732336970773
-0.0522064283495939
-0.0491842974069461
-0.0458433346862232
-0.0423867967218315
-0.0389619204529298
-0.0356440879517649
-0.0324578036472361
-0.0293824500953006
-0.0263296682702609
-0.0231230034040985
-0.0195131568440777
-0.0152282893716287
-0.0100267371259207
-0.00372340182237539
0.00379966728626017
0.01255494498028
0.0223613260180524
0.0327555057546651
0.0429989128569654
0.0522299420376733
0.0596999437944301
0.0649625493228625
0.0679279653922634
0.0687998905006524
0.0679732371052962
0.0659351558788398
0.0631466067421566
0.0598933589174428
0.0561864172337405
0.051831962744182
0.0466778254476749
0.0408664547984494
0.0348852634410174
0.0293696102961478
0.0248191759831762
0.0214355118821248
0.0191589211761755
0.017824421368829
0.017302055147799
0.0175434491041869
0.0185450305012861
0.0202845840599701
0.0226760339487162
0.025552768041753
0.0286708462793671
0.0317255033957344
0.0343816755209012
0.0363210276778757
0.0373006159747508
0.0372036032750169
0.0360565650890466
0.0340094277061464
0.0313077521171868
0.0282878996756938
0.0253813608261524
0.0230771904532413
0.0218160598789284
0.0218585931095975
0.0232090740320816
0.0256377699231365
0.0287720195967049
0.0321979944256432
0.0355479969922962
0.0385770317927521
0.0412144612800803
0.0435576141706285
0.0458044669754956
0.0481661885143086
0.050796485207888
0.0537402271042212
0.0568992305594949
0.0600373734488184
0.0628445580310778
0.0650367230623306
0.0664389464842065
0.0670147980819224
0.0668368398994829
0.0660010342995599
0.064489824586049
0.062032668134198
0.0580806996471813
0.0519988392434413
0.0434271814902241
0.0325941096262258
0.0203644439740547
0.00799185169848412
-0.00326779250564688
-0.0124888408402846
-0.0192461439265183
-0.0236101097781945
-0.0260100811403433
-0.0270426351463979
-0.0273088401919522
-0.0273267604278682
-0.0275059739837477
-0.0281453659243493
-0.0294347835733126
-0.0314609844958984
-0.0342139876120889
-0.0375859512047793
-0.0413678124441285
-0.0452568218460543
-0.0488766983825104
-0.0518053791826873
-0.0536182983321654
-0.0539585609411495
-0.0526146930348516
-0.0495562961179116
-0.0449012681627715
-0.038851670882911
-0.0316593769080148
-0.0236282971404621
-0.0150975960014421
-0.0063748089604277
0.00232269457209377
0.0108329135838548
0.018930601814936
0.026241838982494
0.0322932769946043
0.0366757476495623
0.0392086577916113
0.0400031528056785
0.0393975068132154
0.0378099388301452
0.0355893720472541
0.0329301444870614
0.0298613545931056
0.0262756833359644
0.0219708311597307
0.0167137103130227
0.0103407414933123
0.00286763039800466
-0.00544731945476189
-0.0141210698071789
-0.0225313619247172
-0.0300325880536125
-0.0360782521857261
-0.0403371002264123
-0.0427661758407109
-0.0435800767005946
-0.0430936943610753
-0.0415080916810321
-0.0387690518639164
-0.0345928501088519
-0.0286537278971184
-0.0208354876798333
-0.0114146273575694
-0.00107965086653124
0.00921825457109516
0.0185032410982935
0.0259977444784106
0.0312540355157932
0.0341528895999366
0.0347717921304069
0.0332020548582903
0.0294536162319555
0.0235317187582739
0.0156148344216315
0.00616410155500344
-0.00413524103322505
-0.0145406633527802
-0.0243924601271525
-0.0331555653014531
-0.0403915483877327
-0.0457237482613986
-0.0488346541088303
-0.0495088490236473
-0.047718067275714
-0.0437169486724254
-0.0380898679450013
-0.0316961706108061
-0.025507516291513
-0.0203815383063169
-0.0168432615914045
-0.0149518018813972
-0.014313640082614
-0.0142489209836557
-0.014037577124477
-0.013128791514535
-0.0112345066610423
-0.00831119753821793
-0.00448415259841713
4.80520838430735e-05
0.00512129622457038
0.0106967168622874
0.0168591814796023
0.0236756234138573
0.030987904080487
0.0383084913397011
0.0449279320458985
0.0501770225961121
0.0536772168382185
0.0554420628957445
0.0557959558748269
0.0551606199794322
0.0538010539998699
0.0516445051128724
0.0482871193719123
0.0432361128708054
0.0362797914938287
0.0277337858138678
0.0183479058470738
0.00890484755341813
-0.000201219014376804
-0.00909700769215133
-0.01820308174763
-0.0278483670398222
-0.037994643614105
-0.0481952767643692
-0.0577396017476276
-0.0658723794950717
-0.072003526346758
-0.0758537660360537
-0.0774976562323041
-0.0772971907412134
-0.0757688559986361
-0.0734530397961069
-0.0708295274312819
-0.0682758794063357
-0.0660471747891127
-0.0642714877619493
-0.0629675800057783
-0.0620792232722194
-0.0615052010237164
-0.0611099162501615
-0.0607227750617855
-0.0601493862849777
-0.0592017751287288
-0.057718177074562
-0.0555317273952268
-0.0523925295469114
-0.0479115732537829
-0.0416040646854341
-0.0330425369261535
-0.022045181533087
-0.00879790467394675
0.00614128536574778
0.0219318035511494
0.0375796631090837
0.0520783639749893
0.064557832868805
0.074411598758535
0.0813355844431379
0.0852439828800355
0.0861245974312022
0.0839533504642944
0.0787332108120753
0.0706152150328315
0.0600096843549053
0.0476278549911409
0.034437888150944
0.021527966381956
0.00988225786355857
0.000138299104194653
-0.00754297886596041
-0.013400167481475
-0.0178323595068845
-0.0211653985489899
-0.0235853167939578
-0.0252711091967926
-0.0265986513131685
-0.0282162405991076
-0.0308800025178094
-0.0351281082734205
-0.0410072358642933
-0.0480287801042483
-0.0553663229781218
-0.0621540101194605
-0.0677205833801702
-0.0716886796882018
-0.0739749527205658
-0.0747474419583029
-0.0743510910610745
-0.0731933482416016
-0.0716178386275749
-0.0698141666677819
-0.0677691146873493
-0.0652226111162917
-0.0616295907337787
-0.0562051389780475
-0.048125882567305
-0.0368460375805314
-0.0223724444540562
-0.00534513872000561
0.013117553202588
0.0317246097489049
0.0493231457878713
0.0650897720054481
0.0785591296090181
0.0895435177585117
0.098044485814968
0.104216163043042
0.108357619311638
0.110876453670021
0.112203452802744
0.112689110264841
0.11251968204932
0.111666964435304
0.109884725107579
0.106792071928334
0.102074460684511
0.0957406168171119
0.088274029962705
0.0805452725775056
0.0735165827317823
0.0679182404356649
0.0640673787721441
0.0618637458179567
0.0608732832712587
0.0603980262348684
0.0595236659583889
0.057240710054092
0.0527280956164801
0.0457312531504921
0.0367927498775771
0.0271046861059843
0.0179930965138165
0.0103222660452688
0.00417110199318418
-0.00106496443740639
-0.00626035882279462
-0.0120727961302256
-0.0185896017596649
-0.0252322200328151
-0.0309574269775913
-0.0346727602357176
-0.0356702970965804
-0.0338787565137075
-0.0298525290467405
-0.024554855925841
-0.0190582738585577
-0.0142760765521653
-0.0107987052638441
-0.00887010210950211
-0.00850290282580895
-0.0096792401589133
-0.0125152986089472
-0.0172445558791682
-0.0239759188722303
-0.0323757521586473
-0.0415345919751526
-0.0501672315203389
-0.0570263547885356
-0.061227504885636
-0.0622726700945634
-0.0598510386231842
-0.0537066060064096
-0.043776003617649
-0.0304978177142088
-0.0149807283653989
0.00119530040502523
0.0164702761746891
0.0297841411008742
0.0407764736754589
0.0496642768476415
0.0569505723040913
0.0631454031044657
0.0685975059623733
0.0734526597331594
0.0777117592609533
0.08133055141575
0.0842740401802788
0.0864508773870678
0.0875433360611892
0.0868758253144478
0.0835078618457632
0.0766089295968098
0.0659449753640223
0.0521738726908037
0.0367375902010611
0.0213848787841488
0.00757176300985849
-0.00396852962972822
-0.01331562623429
-0.0211287888130132
-0.0282545082054463
-0.0353810553889972
-0.0428709300345288
-0.0507622210118072
-0.0588296053412781
-0.0666156515496852
-0.0734522150004096
-0.0785633206084488
-0.0812862630307034
-0.0813180606378325
-0.0788260464792943
-0.0743334591157953
-0.0684545792886168
-0.0616748152751527
-0.0543323589345011
-0.0467727846018939
-0.039485524122178
-0.0330623190484133
-0.0280096081752259
-0.0245869798893566
-0.022793660531399
-0.0224689936704726
-0.0233875875957107
-0.0252787078640222
-0.0277999708258662
-0.0305414255599346
-0.0331010284788206
-0.0352020895681535
-0.0367764055382283
-0.0379491039298704
-0.0389292690521385
-0.0398834837011821
-0.040879818298241
-0.041919025130932
-0.0429785543635445
-0.0439733749295611
-0.0446188488389399
-0.0443025965750314
-0.0421232134368783
-0.0371711891236802
-0.0289570782698868
-0.0177550524722611
-0.004632132963418
0.00890896360117947
0.0215193040180828
0.0325168603030327
0.0420352487171713
0.050715671793105
0.0591151850684141
0.0671836733190231
0.0741300917278358
0.0787561427688988
0.0800421270295512
0.0776353333872449
0.0719949385791406
0.0641758076959531
0.0554106077518641
0.0466965542961592
0.0385472466620195
0.0309869850725581
0.0237618850840358
0.0166418325102068
0.0096522433857044
0.00314021345937427
-0.00231491071583844
-0.00608524129657988
-0.00771940879706357
-0.00715247969974043
-0.00481307825978644
-0.00155847771146634
0.00152390822577576
0.00331051210606542
0.00273597676910679
-0.00113926410310225
-0.00891979091609736
-0.0204902815179124
-0.0346794409635471
-0.0492939838231953
-0.0616354822981304
-0.0692761903628997
-0.0707187902779891
-0.0657125733770923
-0.055241977349251
-0.0412863055941634
-0.0263844409822649
-0.0130370101319367
-0.00310147687541673
0.0025893214562284
0.00425566048371167
0.00290403309512231
-6.47372272161015e-05
-0.00321111854072612
-0.00529447676245388
-0.00540290979697737
-0.00304099827897036
0.00178100602014826
0.00848957228931958
0.015994054613674
0.0228614700845292
0.0275722077686941
0.0287931220103603
0.0256348175628589
0.0178638865028793
0.00600334462790379
-0.00875481482940166
-0.0248327577606386
-0.0406539733253676
-0.054993220740174
-0.0671726099936677
-0.0770557197548066
-0.0848714423510026
-0.0909655062704782
-0.0955996661899038
-0.0988794368533205
-0.100816412191885
-0.101465484157693
-0.10103901017325
-0.0998926051982672
-0.0983308683759304
-0.0963142329154037
-0.0932779493542463
-0.0882557983919663
-0.0803026895300619
-0.0689885545900448
-0.0546808256150121
-0.0384761578540165
-0.0218529862421112
-0.00624378151232393
0.00728750262657162
0.0181842015170657
0.0263812395837526
0.0322076316211313
0.0362599423379
0.0392633607677738
0.0419233236362148
0.044782383233782
0.0481155249659084
0.0518997687102953
0.0558671056633141
0.0596087844679314
0.0626833483870307
0.0647061039617169
0.0654276531645895
0.0648040221951559
0.0630326220581532
0.0605210312599367
0.0577888180688118
0.0553493385201088
0.0536306973752215
0.0529524850001875
0.0535175496123106
0.0553737461467751
0.0583623485684984
0.062126078343893
0.0662243730984551
0.0703130713499352
0.074282643165808
0.0782721785655791
0.0825544150226917
0.0873539409295321
0.0926840626228452
0.0982720947347536
0.103598518010947
0.108013725277723
0.110852265301261
0.111493953277718
0.109421340583514
0.104375801763583
0.0966072554977527
0.0870316958730101
0.077085545764819
0.0682710493982856
0.0616277313152581
0.0574164161901025
0.0551512526691077
0.0539122712844672
0.0527466099251037
0.0509613152690084
0.0482102229601208
0.044422436104458
0.0397051140536413
0.0343076617546247
0.0286177541588881
0.0231088868350119
0.0182205095199354
0.0142335063674014
0.0112111321952343
0.0090203616012178
0.00740109469576268
0.00604415107438908
0.00465564058872073
0.00300085538041507
0.000930357285889632
-0.00160414683580164
-0.0045412007021598
-0.0077179080592213
-0.0109086142314157
-0.0138917443943429
-0.0165204833141871
-0.0187657702875678
-0.0207124668932099
-0.0225088139812131
-0.0242857521315511
-0.0260798272492409
-0.0278073843371545
-0.0293211794207446
-0.0305202540522439
-0.0314303248681017
-0.0321993242272424
-0.0330499822908825
-0.034280375100772
-0.0363174236180558
-0.0396950305163121
-0.0448401499927214
-0.0517507324633866
-0.0598267287081168
-0.0680412569610657
-0.0753674466873917
-0.081179498544314
-0.0853917473803203
-0.0883066590083169
-0.090325783974127
-0.0917207855985581
-0.092571416403345
-0.0928457836437911
-0.0925224971828694
-0.0916622251052829
-0.0903889898257852
-0.0887997459975616
-0.0868705326137049
-0.0844430816712761
-0.0813223059910504
-0.0774190876433508
-0.0728265517057064
-0.0677704471045981
-0.0624693166658741
-0.0569942607959901
-0.0512072631694369
-0.0448093914771381
-0.0374808856498658
-0.0290625474173975
-0.0197098385194621
-0.00994555518813914
-0.000562443059581168
0.00760500505474158
0.0139464682859402
0.0182636145626677
0.020806784416616
0.0221601904700476
0.0230356267268435
0.0240600898948312
0.025629326972174
0.027859433837176
0.0306252827062614
0.0336473632324716
0.0365839998022419
0.039100153545343
0.0409082914316218
0.0417961950529138
0.0416548574110705
0.0404969633161095
0.0384393044390282
0.0356400733712067
0.0322258948599136
0.0282660402904636
0.0238197928606212
0.0190223358992201
0.0141410252920383
0.00955610785137495
0.00567431674516233
0.00282203550480281
0.00116404539170523
0.000673406753816005
0.00116021101620181
0.00234737896241675
0.00395703073333609
0.00576460529275337
0.00760564737669129
0.00935507114114992
0.0109044500929299
0.0121456739405188
0.0129628238581004
0.0132426297917177
0.0129080628987662
0.0119525780135279
0.0104417775395571
0.00848066693256347
0.0061830306767282
0.003671980926007
0.0010956827467386
-0.00137928095268774
-0.00360391859618036
-0.00547464260930482
-0.0069058158806164
-0.00773423994123322
-0.00759719100136669
-0.00587125996093855
-0.00176860807411145
0.00536822538990613
0.0156579465999439
0.0283753419134946
0.0419780634426688
0.0545238724855525
0.064292521109713
0.0703037870224751
0.0725088077469237
0.0716334070800397
0.0688136427613186
0.065205400069352
0.0616980626462747
0.0587848047571075
0.0565795315568258
0.0549308062037394
0.053569231379831
0.0522364801983711
0.0507668494522972
0.0491113002036541
0.047310072210052
0.0454352468243125
0.0435303677557811
0.0415637484469674
0.0393966202359507
0.0367697639583381
0.0333372221768043
0.0287849407375024
0.0230196145198957
0.0163230536458209
0.00934039484972612
0.00286699339543268
-0.00245384012509833
-0.00634707026893127
-0.00893147680493932
-0.0105806824566134
-0.0117348777185894
-0.0127806874807788
-0.0140475058278482
-0.0158730789946276
-0.0186302969817649
-0.022637304660349
-0.0279838995161484
-0.0343968165457923
-0.041243212927427
-0.0476704904710676
-0.0528104975393246
-0.055976192431341
-0.0568038183978867
-0.0553118993962223
-0.0518702396042639
-0.0470984908939695
-0.0417271678451977
-0.0364538712383794
-0.0318275497460197
-0.0281903402589784
-0.0256855799016451
-0.0243092994839912
-0.0239710913668828
-0.0245531331739677
-0.0259799743177279
-0.0282864058996836
-0.031613010743549
-0.0360662998133635
-0.0415004923398669
-0.0473966330747985
-0.0529698260434731
-0.0574414049452891
-0.0602698310812555
-0.0611891223987556
-0.0600864849767156
-0.0568767763497937
-0.0514987266859216
-0.0440171640752174
-0.0347058392367159
-0.0240163604105927
-0.012476000868521
-0.00063508822101147
0.0108983535317629
0.0214344116261595
0.030292867367225
0.0369864499215886
0.0413663585829331
0.0436329477374984
0.0442274844661895
0.043688876012221
0.0425405444318329
0.0412234298408086
0.0400659009559929
0.0392787707424562
0.038964424656501
0.0391306387115402
0.0397038186100281
0.0405406556848126
0.0414418904237413
0.0421761891835833
0.0425200621817998
0.0423098132384181
0.0414906350506273
0.0401427311318305
0.038467214188226
0.0367273065559486
0.0351617340503428
0.033905746130474
0.0329552485037571
0.0321896031214348
0.031444430191628
0.0306091096985714
0.0297117735169931
0.0289480653591135
0.0286252704024931
0.0290383269196564
0.0303404863805492
0.0324760946516626
0.0351993230020102
0.0381503141570712
0.0409404450648123
0.0432150208947803
0.0446901071235049
0.0451779405527883
0.0446145165515548
0.0430871272763371
0.0408416671424151
0.0382454912997457
0.0356987689336474
0.033517957438021
0.0318399238022929
0.0305936204901571
0.0295538026669098
0.0284486611916109
0.0270652351002711
0.0252900928345521
0.0230432282363341
0.0201283154008947
0.016114767355255
0.0103925394839958
0.00242326067957816
-0.00796601791422875
-0.0204519565828258
-0.0343212858750935
-0.0487206256402305
-0.0629046106342123
-0.0763899008184054
-0.0889788474796798
-0.100650621775648
-0.111371961348934
-0.120940800607971
-0.12896537329006
-0.134981027007457
-0.13861025489785
-0.139670857263358
-0.138212145518748
-0.1345119496521
-0.129046738449854
-0.122405421629509
-0.11513592164018
-0.10758816504268
-0.0998527745121486
-0.0918317118266022
-0.0833760810487488
-0.0743905664972862
-0.0648556099037053
-0.0547910570051687
-0.0442123721645164
-0.0331087707545185
-0.0214447333317358
-0.00918442465552519
0.00365084746261665
0.0168923982555721
0.0301369036527438
0.0427248795039369
0.0538335065465144
0.0626775058537294
0.0687473763366157
0.0719771343818183
0.0727416762660444
0.0716423275704755
0.0691562743803097
0.0653631899823465
0.0599832889607661
0.0527567208285371
0.0438975274396827
0.0342681038621641
0.025152329807232
0.0178202686729892
0.0131733534444042
0.0116039254507484
0.0130103887585089
0.0168614720585012
0.0222816149612611
0.02819752074934
0.0335642521282502
0.0376152476035849
0.0400296113898396
0.0409184922370926
0.0406022326374099
0.039268641149622
0.0367169538579129
0.0323964365931792
0.0257758046016365
0.016823755983233
0.00626310159690929
-0.00459029318788914
-0.0142973885062194
-0.0217799609827148
-0.0265746118945767
-0.0288101389211087
-0.0290186572073573
-0.0279123552021908
-0.0261935496595478
-0.0244134391267264
-0.0228900473564265
-0.0217026882739779
-0.0207608203585089
-0.0199077004302828
-0.0190027727364848
-0.0179523449102571
-0.0167022199740593
-0.0152252564257731
-0.0135194252417986
-0.0116087595664414
-0.00953832956463036
-0.00736532736379575
-0.00515088873777203
-0.00295398638432907
-0.000832818518678154
0.00113101582058076
0.00276939699413472
0.00373543794185801
0.00345046786948713
0.00120433913580516
-0.00353645252875531
-0.0107402021318475
-0.0196137843178611
-0.0287896704947166
-0.0368127110238036
-0.0426326931465773
-0.0458467065788934
-0.0466454051330037
-0.0455889140194279
-0.0433579422063715
-0.0405463250370847
-0.0375003075338222
-0.034224387959992
-0.0304157093652806
-0.0256654507522698
-0.0197536103134813
-0.0128628158217373
-0.00556757071887505
0.00139247782389981
0.00740961363432418
0.0122144860564441
0.0159172565940408
0.0189104305954162
0.0217166481938936
0.0248594946890316
0.0287835470128058
0.0337953479427872
0.0399893387485119
0.0471685219522632
0.0548174397212931
0.0621742526752778
0.0683792334460976
0.0726229065959368
0.0742447095995445
0.0728078647835805
0.0681952372055177
0.0607010037343037
0.0510265993914723
0.0401300814547421
0.028998673000042
0.0184775265966169
0.00921479416078556
0.00166146908874978
-0.00395749657055215
-0.00769271919013285
-0.00986235339274385
-0.0109511184575033
-0.0114681724883724
-0.0118373906115181
-0.0123476445349067
-0.0131482525274113
-0.0142677561571519
-0.0156435352932443
-0.0171587048560912
-0.0186867168386719
-0.0201394366649452
-0.0215089495070851
-0.0228989477013047
-0.0245440144190794
-0.026792995905622
-0.0300143333852214
-0.034422331824973
-0.0399086585519557
-0.0459987596618074
-0.0519841611476764
-0.0571652066368477
-0.061072424753919
-0.0635612238668784
-0.0647614458617775
-0.0649433444449668
-0.0643882683330083
-0.0633263177948207
-0.0619508195068374
-0.060467377892691
-0.0591140065375611
-0.0581209509861087
-0.0576399205249514
-0.0577002197165491
-0.0582178472600675
-0.0590385475907166
-0.0599885339343225
-0.0609245023533679
-0.0617729997867667
-0.0625313028251445
-0.0632140138119064
-0.0637778835125665
-0.064084092615571
-0.0639209768592807
-0.0630499517731913
-0.0612244124131228
-0.0581786993873063
-0.0536330929071016
-0.0473520966636191
-0.0392352164399172
-0.0293792544748522
-0.0180786363794981
-0.00579352562270996
0.00686728587855522
0.0191559942755367
0.0302489019002776
0.0393999212409481
0.0461359684138919
0.0503836587003846
0.0524400583102704
0.0528021801820133
0.0519740801779541
0.0503776666028507
0.0483871259812836
0.0463980909610946
0.0448448762105938
0.0441631746291725
0.0447395680935364
0.0468518712464262
0.0505720332479219
0.0556527595366375
0.0614946835848866
0.0672708645504075
0.0721542015099697
0.0754878943299991
0.0767909800021906
0.0756587517717761
0.0717224658112689
0.0647611205926589
0.0548924623323708
0.0426864004198219
0.0291077446143848
0.0153136753004078
0.00239567318365019
-0.00884230988400472
-0.0179958914497481
-0.0250259053992901
-0.030109984264481
-0.0334737414136603
-0.0352902525681304
-0.0356718663432082
-0.0347191685579133
-0.0325793049845915
-0.0294829635334146
-0.02574551935372
-0.0217297245174343
-0.0177834070168351
-0.0141780243460786
-0.0110696796539778
-0.00848883208575013
-0.00635304714955158
-0.00449508083188752
-0.00270615313061052
-0.000802193295413779
0.0012916278167382
0.00347722991913164
0.0054953872537182
0.0070273421941464
0.00783430612300452
0.00785687952251862
0.0072308339810893
0.00622801500404519
0.0051595593372803
0.00428247833334696
0.00374438251576076
0.00358455193440381
0.00378080464199599
0.00430708443277516
0.00516713275817079
0.00639307897817183
0.00802090857175987
0.0100594981094459
0.0124606171727461
0.0150926801060418
0.0177303697423258
0.0200763419570664
0.0218026077286381
0.0225615233931145
0.0219466421636637
0.0194939855364428
0.0148671540711885
0.00822394757342913
0.000508331039598744
-0.00666201119615044
-0.0115807272071807
-0.013184566222511
-0.0114561706286161
-0.00726948661335694
-0.0018593373521178
0.0036984301876608
0.00873607864493456
0.0129764442230684
0.016401317066124
0.0191292170743716
0.0213327781934727
0.0231777856195946
0.0247737159561022
0.026148336700827
0.027266167737817
0.0280936698537865
0.0286803354264335
0.0291977528955742
0.029888051893753
0.0309313241444453
0.0323168633707995
0.0338248173688193
0.0351491759216959
0.0360719142689003
0.0365495676509394
0.0366559691630259
0.0364577201298963
0.0359414847462741
0.0350264827683512
0.0335958785250145
0.0314932793198532
0.0285298784339297
0.0245853489969741
0.0197865118173209
0.014621372997328
0.0098534972486867
0.00625175829779149
0.00429436944613031
0.00401694311846272
0.00506596278111405
0.00689154722026532
0.00894794028036764
0.0107927805090494
0.0120679878295795
0.012444721135536
0.011639734990723
0.00952927300374513
0.00627076525597567
0.00230580848852107
-0.00180218580401709
-0.00561805102368149
-0.00902610569193941
-0.0122434367877351
-0.0156385975518287
-0.0194628162752692
-0.0236650998993452
-0.027901662196899
-0.0317034772174849
-0.0346694200363084
-0.0365842757695077
-0.0374519478391326
-0.0374782177272242
-0.0370226331482163
-0.0365217757360725
-0.0363924334379841
-0.0369361682386028
-0.0382743445897363
-0.0403425275389483
-0.0429498763060097
-0.0458589622493935
-0.0488109143237051
-0.0514657299712286
-0.053323225262614
-0.0537346425589835
-0.0520510532348461
-0.0478464047099325
-0.0411045902840136
-0.0322919694357668
-0.0222901349169544
-0.0122007533131656
-0.00307298685625805
0.00435092022035251
0.00977010271799539
0.0133009644387104
0.0153459798404248
0.0164508076728275
0.0172159145915021
0.0182607019918409
0.0201865734471407
0.0234873218671449
0.0284082196185461
0.0348196985063582
0.0421959661848601
0.0497447370493964
0.0566421253423231
0.0622548087601915
0.0662458856936884
0.0685537825374764
0.0693170029891031
0.0688150905969817
0.0674295501299947
0.0655849726670605
0.0636573419046745
0.0618918010907099
0.0603780686894947
0.0590661091729096
0.0577441848949547
0.0559487793124525
0.0529135217059134
0.0477229162074226
0.039691088987247
0.028754635631101
0.0156070855866295
0.0014895602666495
-0.012205622349827
-0.0242902784774966
-0.0339787800159791
-0.0409473796547529
-0.045307640874661
-0.0475137998611629
-0.0482078490725587
-0.0480321904270847
-0.0474705159742244
-0.0467751551400485
-0.0459977132579394
-0.0450866222106358
-0.0439894095847505
-0.0427117716247269
-0.0413151211210467
-0.0398560737484935
-0.0382934905165446
-0.0364206205923058
-0.0338930154334288
-0.0303773868266379
-0.0257590308745067
-0.0202939925140429
-0.0146292407458487
-0.00969539708489031
-0.00651499653278668
-0.00595405891363229
-0.0084513481233626
-0.0138202190814529
-0.0212477661808543
-0.0295305773272754
-0.0374416911270174
-0.0440574676358274
-0.0489307400649645
-0.0520927613787436
-0.0539213744001927
-0.0549384619467378
-0.0556245900684849
-0.0563302827630134
-0.0572919284706423
-0.058683072744504
-0.0606299625230619
-0.0631828865396049
-0.0662804897379123
-0.069736279352581
-0.073251534793331
-0.0764515084095014
-0.0789429474553792
-0.080384628063998
-0.0805583608473664
-0.0794339852638643
-0.0772157975211482
-0.0743232820087968
-0.071241926963017
-0.0682513409625563
-0.0651729324101705
-0.061332695679293
-0.055807376580638
-0.0478173695364366
-0.0370490833200799
-0.023789031842579
-0.00888953767652177
0.00637949461776717
0.020581236914317
0.0324520957844902
0.0412386433087488
0.046882163668223
0.04996248082925
0.0514448003179509
0.0523527596038766
0.0534763138296773
0.0551823527516115
0.0573799460209267
0.0596639744333922
0.0615818791041983
0.0628885507779777
0.0636599837708919
0.064231927036965
0.0650286881748549
0.066376136517446
0.0683634850628638
0.0707850442729925
0.0731778614613922
0.0749550978011248
0.0756018466812951
0.074861694027129
0.0728283234559329
0.0698917671819207
0.0665685122566816
0.0633175636778398
0.0604437109930112
0.0581070247869494
0.0563741560320814
0.0552444530514504
0.054646588945087
0.0544449068425217
0.054478722567642
0.0546201004464019
0.0548217787212044
0.0551360306642419
0.0556924320247753
0.0566220672750746
0.0579259248107986
0.059320853817824
0.0601428077524282
0.0594010351911595
0.0560218639006936
0.0492119957572398
0.0387813448065835
0.0252675857644135
0.0098032642548884
-0.00620762217314638
-0.0214612571412747
-0.0350338040783475
-0.0464868540043437
-0.0557946255122364
-0.063160833280218
-0.0688294036025108
-0.0729721398035437
-0.0756724997290981
-0.0769691284764417
-0.0769138389032929
-0.0756210034216127
-0.0732975940733944
-0.070236294553254
-0.0667573288294684
-0.0631154680857497
-0.0594238182490126
-0.0556490227957311
-0.0516923459092249
-0.0475108159279014
-0.043196551115339
-0.038957351572051
-0.0350169238845858
-0.0315134504306951
-0.0284594171236837
-0.0257487167600603
-0.0231457518669587
-0.0202310515589083
-0.0163718748377805
-0.010827127152831
-0.00302115087105636
0.00711975321479481
0.0189647094546394
0.0312635106083815
0.0425153085585163
0.0514519026491047
0.0574135340081229
0.0604781603453977
0.0613423060258243
0.0610434349224125
0.0606343847265147
0.060907023600262
0.0622400601072934
0.0646009222945057
0.0676627511029478
0.07095179651451
0.0739604548242323
0.0762208556183448
0.0773668254780551
0.0771929485069027
0.0756857520608586
0.0729993994708029
0.0693796042646762
0.0650715820858345
0.0602527698501366
0.0550096335546061
0.0493495039332309
0.0432233480061144
0.0365459767949332
0.0292290926774543
0.0212564548332121
0.0127975041069596
0.00429402867585883
-0.00356667282299753
-0.010011315472738
-0.0143827872654366
-0.0162574179979437
-0.0154408763292413
-0.0119367281170159
-0.00599622739603028
0.00177328370557948
0.0103861477931847
0.0186476055766258
0.0254609229976685
0.0301129921201453
0.032414335392564
0.0326798989402183
0.0316136980241492
0.0301610046301729
0.0293475631760015
0.030093203723862
0.0330022094169812
0.0381813452403179
0.0451681706603115
0.0530265761610903
0.0605937500428656
0.0667951976434027
0.0709211763611062
0.0727716544686058
0.0726097090103946
0.0709291842108308
0.0681472267471256
0.06440562873958
0.0596080995538032
0.0536469724193005
0.0466328380168428
0.0389606909892918
0.0311893363916038
0.0238372234107214
0.0172206055952133
0.0114000618796922
0.00622804738423045
0.00145182108769967
-0.00317279880974184
-0.00778737408966289
-0.0123823861895388
-0.0168164782502568
-0.0208997641654353
-0.024495820235719
-0.0275790096625523
-0.0302154027331575
-0.0324922494739633
-0.0344530797298073
-0.0360801514251956
-0.037324353502407
-0.0381523075980832
-0.0385790301718995
-0.0386716844666368
-0.0385268970054019
-0.038232075526709
-0.0378206769367483
-0.0372277868106697
-0.0362572136440685
-0.034589664590009
-0.0318692648533148
-0.0278668351816452
-0.0226462934831067
-0.0166288135343933
-0.0105061606049846
-0.00505108073417069
-0.000917609228899617
0.00150511327807134
0.00216721808089133
0.00135564031227767
-0.000391157849571332
-0.00243683364414825
-0.00422134020321748
-0.00539691394574072
-0.00588752726584833
-0.00586212264583034
-0.00563473088611297
-0.00553160708787755
-0.00579705279635333
-0.00660672440916425
-0.0081807123211836
-0.010880763441441
-0.0151584215564106
-0.0213488720080884
-0.0294555773432014
-0.0390727598000598
-0.0494586604406172
-0.0596769392925907
-0.0687526752716418
-0.0758461154799584
-0.0804317891844912
-0.0824224150205226
-0.0821828871580698
-0.0804371224395971
-0.0781108378967632
-0.076147941961008
-0.0753240129210232
-0.0760914251465459
-0.0785082825290966
-0.0822859886141526
-0.0869341223625971
-0.0919303388555215
-0.0968415942092506
-0.101369224703996
-0.105340461081914
-0.108683426244492
-0.111403385246773
-0.113556617851914
-0.115216333652927
-0.116436695117153
-0.117229852633669
-0.11756842653216
-0.117412904264839
-0.116747048423048
-0.115597215725791
-0.11402252918257
-0.112082973477776
-0.109798597405647
-0.107099496324414
-0.103764663942622
-0.0993889554695497
-0.0934653743586296
-0.085633358830706
-0.0759989598727332
-0.0653067359534499
-0.054795159382545
-0.0457830928186076
-0.0392163691281254
-0.0353896101578259
-0.0338983486472018
-0.0337517522180216
-0.0335865045067199
-0.0319887030117976
-0.0279129347910077
-0.0210701546981189
-0.0120771163280081
-0.0022465104181543
0.00689813076332553
0.0141489962557231
0.0189577080710119
0.0214823417642794
0.0223393226338173
0.022188333127928
0.0214249836951337
0.0202263604380221
0.0188203015186444
0.0175450973983972
0.0165946734608958
0.0158576469484702
0.0150957240535953
0.0141926011012687
0.0131928709772927
0.012196707121771
0.0112834773519587
0.0105015769184671
0.00987570800338158
0.009409207978561
0.00909831052704625
0.00897083657883628
0.00913169779038533
0.00977805148540543
0.011155351821366
0.0134572842985861
0.0167103258181237
0.0207047421756669
0.0250174925857947
0.0291202638284787
0.0325167722226637
0.0348513575456503
0.0359690065521842
0.0359358148695771
0.0350239210979677
0.033652828271063
0.0322905034179601
0.0313438885214839
0.0310778600146197
0.0315839564787891
0.0327965229667003
0.0345435982995457
0.0366164958839435
0.0388354796481901
0.0410891770649023
0.0433410370208413
0.0456104254147805
0.0479319992626035
0.0502901952676395
0.0525422274559907
0.0543757113719646
0.0553562144958553
0.0550787035596243
0.0533632907611857
0.0503831477300888
0.0466331045452605
0.0427492551490268
0.0393061081770427
0.0367391876080124
0.0354249216557114
0.0357950651120222
0.0383252284374507
0.043355059514865
0.0508495315857275
0.0602603643142978
0.0705796315423637
0.0805694782215337
0.0890681591141748
0.0952461748518357
0.0987288045861535
0.0995832335952493
0.0982258651237018
0.0953034746605328
0.0915684613976507
0.0877504191854616
0.0844355546370476
0.081980121434576
0.0804827957908129
0.0798215537470368
0.0797350172518394
0.0799140968087809
0.0800771118543943
0.0800152101854776
0.0795896613135619
0.0786558470150764
0.0769391243356268
0.0739869937063798
0.0693350324541759
0.0628512242426912
0.0550053584214322
0.046811659556556
0.0394508351513022
0.0338262571718033
0.0303098630363709
0.0287433466293287
0.0286016846785255
0.029207030013753
0.029932080223567
0.0303574558913097
0.0303426699812726
0.0299857581291499
0.0294983969294156
0.0290694956214535
0.0287828596581003
0.028598074211699
0.0283631159045398
0.0278592592631285
0.0269222075240173
0.0255994658752507
0.0241737075072428
0.0229954114854344
0.0223307484920393
0.022387483095647
0.0233884109773142
0.0255129869935166
0.0287484116142015
0.0328074001306282
0.0371781317513191
0.0412548123129989
0.0444721013522575
0.0463932801360079
0.0467204747408918
0.0452265816199067
0.0416809732510315
0.0358868176177143
0.0278752859792472
0.0181465175002522
0.00775824440291178
-0.00186322527069819
-0.00933404040733709
-0.0137455430861185
-0.0149113821422539
-0.0133394869490787
-0.00998811243557314
-0.00595972000954703
-0.00229351984738843
6.70546767778486e-05
0.000201856973999918
-0.00278877661424505
-0.00959536890807525
-0.0203850172345908
-0.0345715420585248
-0.0508445555425199
-0.0674701307606699
-0.0827363338749864
-0.0953735910752001
-0.104812064816882
-0.111210560133125
-0.115276966579404
-0.117962666826272
-0.120132303209231
-0.122303955179884
-0.124539367140828
-0.126520465188277
-0.127766047120734
-0.127867181377566
-0.126620514380548
-0.124025716628371
-0.120212564553986
-0.115386452525127
-0.109819497842851
-0.103844652062146
-0.0978072853116122
-0.0919898578414255
-0.0865788198856533
-0.0817148789275643
-0.0775609454144357
-0.074250340960156
-0.0716697906663598
-0.069243187770423
-0.0659747422109738
-0.0608236778654119
-0.0531781398702394
-0.0430933962665693
-0.0311570000442508
-0.0181287851316195
-0.00462722057694087
0.00895529836168775
0.0223140649688037
0.0350275918711438
0.0464718910012508
0.0559351383526267
0.0628616725572647
0.0670693112675885
0.0688191419446697
0.0687217293569266
0.0675495853543632
0.0660480894384257
0.0648090086535289
0.0642250774215356
0.0645047152408485
0.0657076077784453
0.0677708525356846
0.0705223396566629
0.0737007314069704
0.0769994532677632
0.0801212417990382
0.0827937917652562
0.0847042601790137
0.0853859524296427
0.0841763071582677
0.0803514875021216
0.0734046263461584
0.0632997058705069
0.050544821167009
0.0360674378756601
0.0209899926440612
0.0064093409237354
-0.00677224893742519
-0.0179578355520873
-0.0269157515605911
-0.0337971418657403
-0.0391038366384777
-0.0435805148519585
-0.0480241411697635
-0.0530652630383233
-0.0590191608146486
-0.0658743875051132
-0.0734021729141491
-0.0813038506013816
-0.0893132517125039
-0.0972281135658416
-0.104909006160706
-0.1122987696373
-0.119461256896305
-0.126572281039326
-0.13380887564902
-0.141182246479101
-0.148431982266298
-0.155049862244905
-0.160390591400621
-0.163788412416284
-0.164657363539748
-0.162604601303858
-0.15755611234044
-0.149832598836741
-0.14010863646696
-0.129246854020902
-0.118058119611985
-0.107063495787229
-0.0963404976797994
-0.0855263496489281
-0.0739921882123677
-0.061106737164235
-0.0464637857195876
-0.0300101863032315
-0.0121057319963799
0.00644740346382959
0.0244500190168128
0.0405080687384366
0.0533783756846026
0.062305818409048
0.0671830251079893
0.0684932785675026
0.0671250332857057
0.0641511011997247
0.0606013241243204
0.0572461863503908
0.0544552745600979
0.0521982622439226
0.0501776962813683
0.0480047400571804
0.0453362849498798
0.0419629128206031
0.037883710649839
0.0333775853925486
0.0290180510149374
0.0255603610461918
0.0236991874494964
0.0238023141971262
0.0257706195674136
0.0291105995367633
0.0331834684089203
0.0374994956714927
0.0419053166080872
0.0465685514784091
0.0517744182513622
0.0576596111853058
0.0640456331905094
0.0704605232688705
0.0763083088070353
0.0810655772709642
0.0844063364520141
0.0862305675657477
0.0866182255443243
0.0857309511611444
0.0836837413361494
0.0804379437707028
0.075791674076875
0.0695102286723606
0.061547183556764
0.052224731385626
0.0422448519690537
0.0325015795138401
0.0237906290686654
0.0165756395628468
0.0109310449617362
0.00667454853188887
0.00359619356198161
0.00164016131124788
0.000924515096422823
0.00158829015748156
0.00358107259644521
0.00656133996035842
0.00998990368114503
0.0133549338455872
0.0163739721678555
0.019052119195072
0.0215867062373565
0.0242019614767542
0.0270150580569353
0.029988453319326
0.0329644125278185
0.0357460315729815
0.0381841288484347
0.0402315142594249
0.0419347361532902
0.0433637778560756
0.0445254262527681
0.045326592635781
0.0456207753559386
0.045307348096045
0.0444151391687234
0.0431188087401081
0.0416870387101402
0.0404006027299616
0.0394821891806233
0.0390623052482553
0.0391929586388865
0.0399120916534789
0.0413327802583421
0.0436891777279328
0.0472719146941088
0.0522613877546657
0.0585611866755703
0.0657509785974758
0.0731954949270907
0.0802386573768763
0.0863696431255897
0.0912910819095667
0.0948963129951556
0.0972093477875268
0.0983339291581545
0.0984163400656302
0.0975921849548855
0.0958968299088128
0.0931705502269942
0.089030128920402
0.0829540687138326
0.0744533638009576
0.0632486031693537
0.0493873706901469
0.0332764713039935
0.0156274363743378
-0.00267043474512846
-0.0207087044678384
-0.037692547852259
-0.0530091187915062
-0.0662321055166064
-0.0770860004806724
-0.0853890283524902
-0.0909813104953824
-0.0936556000220928
-0.0931492686163606
-0.0892743568651664
-0.0821812591770316
-0.0725986129305751
-0.061828427284748
-0.0514207322806685
-0.0427112909844138
-0.0365391487884492
-0.0333177684595167
-0.0333145504489075
-0.0367920959829123
-0.0438015221451278
-0.0537851602309992
-0.0653782287890704
-0.0766630250057449
-0.0857709870570997
-0.0914856583199202
-0.0935453880934152
-0.0925726084008448
-0.0897553638602119
-0.0864617805361172
-0.0839108715460812
-0.0829477290093489
-0.0839328815259227
-0.0867428142397304
-0.0908630688583475
-0.0955379009480544
-0.0999338313555301
-0.103271252489445
-0.104875100729371
-0.104128111173144
-0.100403802114905
-0.0931366314168975
-0.0821183985587576
-0.0678839358869846
-0.051870962873101
-0.0361313860982989
-0.0226970273054314
-0.0129708968398168
-0.00748281100038725
-0.00605908065841878
-0.00817085655809319
-0.013168551345441
-0.0202897181822839
-0.0285594610705832
-0.0367834549826734
-0.0437245518878883
-0.0483882902632645
-0.0502663232384321
-0.0494261275191671
-0.0464241200836668
-0.0420906489157025
-0.0372605523425476
-0.0325142442359014
-0.0279926890367131
-0.0233669127649223
-0.0180190422315876
-0.0113769462132012
-0.00321077087248789
0.00630868071798683
0.0168295224066583
0.0281461736177132
0.0403715053073749
0.0537920644458085
0.0684779938627248
0.0839185064730863
0.0989608211916176
0.11213073007657
0.122162879500418
0.128455896669317
0.131244285851578
0.131450159431901
0.13032165743985
0.129027366381961
0.128362047377354
0.128647609099559
0.12980837500469
0.13150727258121
0.133214237850075
0.134172388101661
0.133368669286769
0.12966449889358
0.122120651802095
0.1103593900515
0.0947392503449802
0.076246249676013
0.056201125032449
0.0359650536583448
0.0167496448936722
-0.000489051980566342
-0.0151377040055885
-0.0270053177959285
-0.0363435437176983
-0.043762686764509
-0.0500609402656214
-0.0560318491903058
-0.0623093913992837
-0.0692753517774828
-0.0770300385229516
-0.0854235909035674
-0.0941424769098794
-0.102831177914797
-0.111209950392465
-0.119142473852325
-0.126623187782449
-0.13369278447034
-0.140335006336391
-0.146426288487882
-0.151777368276619
-0.156238915104797
-0.159794651356752
-0.162576301864733
-0.164792709585076
-0.166617437870683
-0.168083496925405
-0.169003656383252
-0.168924051024899
-0.167147695603947
-0.16287317969028
-0.155418798463249
-0.144399602184973
-0.129736282665068
-0.111531268321692
-0.0899846474811851
-0.0654745502625829
-0.038744790819666
-0.0110264490275656
0.0160314345297875
0.0406149264602811
0.0610794486726384
0.0762459647922122
0.0855828486957
0.0892599995984803
0.0881017844413878
0.0834705787978624
0.0771086804515139
0.0709609071466731
0.0669674966289591
0.0667747281509465
0.07134309263703
0.080568937895108
0.0931555019206247
0.106913185131376
0.119432349224888
0.128835061480762
0.134260576576833
0.135892840353799
0.13457312340697
0.131228415982027
0.12641594167302
0.120199336438922
0.112354759679356
0.1026921816746
0.0912398037017473
0.0782011438732094
0.0637927166017259
0.048134391559398
0.0312770040992341
0.0133243621836273
-0.00545119136110057
-0.0245656522508169
-0.043344884356709
-0.0609631336222365
-0.0764735181969242
-0.0888521155992031
-0.0970938455793967
-0.100385211895682
-0.0983649336445453
-0.0914443242343415
-0.0810548758120531
-0.0695950220307066
-0.0599223110722668
-0.0545093216688379
-0.0546455720224335
-0.0600815843120806
-0.0692552203336323
-0.0799215299411348
-0.0898434279316984
-0.0972516239866444
-0.10096707755647
-0.100274725940726
-0.0947414909643133
-0.0841424044272566
-0.0685438582538522
-0.0484864093895604
-0.0251535768521305
-0.000392689829243008
0.0235142832993144
0.0443042503242063
0.0602163385686134
0.0702650725900712
0.0742183938192512
0.0724061825756181
0.0655461797689409
0.0546676073059941
0.0410882480520597
0.0263590288013956
0.0121093845689327
-0.000223582668373324
-0.00971278119716377
-0.016153400165229
-0.0200317732212528
-0.0222480709686391
-0.0237404774455465
-0.0251949964415732
-0.0269279482198249
-0.0288954974139593
-0.030731606492029
-0.0317736159810239
-0.0311278441120502
-0.0278492332682859
-0.0212267808955977
-0.0110551910111976
0.00225926805584223
0.0178259592906642
0.0345583406091026
0.0514651392716216
0.0678117399508983
0.0831247784237426
0.0971067891611814
0.109549393382748
0.120296742821738
0.129262412132635
0.136469522204067
0.142073142091568
0.146338803519694
0.149580061938242
0.152078723770122
0.154015948325473
0.155441273311474
0.156301704618123
0.156530417062228
0.15614658568323
0.155267423926281
0.153942230229203
0.151843496759922
0.148041511485057
0.141152194338751
0.129923042326049
0.113930508902586
0.0938807539298912
0.0713102129014089
0.0480819228938194
0.0262887360509971
0.00843982695612552
-0.00312857874269551
-0.00787143679545202
-0.00777988412956289
-0.00572499744164795
-0.00320089399866558
-0.000112759374548635
0.00382851494422231
0.00829330693465771
0.0126848910792907
0.0166873003261781
0.0203541051179138
0.0238998016933825
0.0275358704155258
0.0314352771251461
0.0357195432133854
0.0403819011653934
0.0451606124559375
0.0494462486225873
0.0523287358975812
0.0528559733092227
0.0504553482319755
0.0453069955373326
0.0384095474321268
0.0312472579183442
0.0252335090231908
0.0212361708252461
0.0193933059422047
0.019226523692268
0.0199248779339647
0.0206578927166233
0.0208201407419083
0.020142871467789
0.0186325289772132
0.0163608657948836
0.0132353909692602
0.00892286670488525
0.00299318533325329
-0.00483387659514321
-0.0145381675742496
-0.0258441844829954
-0.0383925137256248
-0.0518863066470002
-0.0661042627127917
-0.0807746100091132
-0.0953922526140232
-0.109094458484813
-0.120682501458275
-0.128806245120285
-0.132256395826365
-0.130273867630204
-0.122788703067245
-0.110513390529659
-0.0948347958961128
-0.0775103551816345
-0.0602732193439222
-0.0445055563399542
-0.0310847853864223
-0.0203951439449935
-0.0124348558612365
-0.00696743881542901
-0.0036949249541195
-0.00241180314812472
-0.00306562588222996
-0.00567952469430281
-0.0101872729860436
-0.016303920123827
-0.0235272260359261
-0.0312639914882155
-0.0389947467311864
-0.0463863072458731
-0.0533118053354176
-0.0597888781367206
-0.0658741951915723
-0.071564399925324
-0.0767548499994456
-0.0812856218265956
-0.0850556041977443
-0.088139326223266
-0.0908363478529539
-0.0936253932471517
-0.0970521400677404
-0.101611209892395
-0.107668619452184
-0.115419811813597
-0.124836791829823
-0.135579125299167
-0.146915311201845
-0.157735726285067
-0.166684783662574
-0.172367728449848
-0.173589313166991
-0.169623743505656
-0.160483704169957
-0.14704726091155
-0.130862869114772
-0.11360586734411
-0.0964463612499863
-0.0797937220681511
-0.0637344317310471
-0.0488316394649777
-0.0362770878110555
-0.0268579424107252
-0.0198850233623548
-0.0136822283171379
-0.00714838381536521
-0.000392391362429945
0.00602448595511541
0.0118496683698533
0.0170533427972602
0.0214136899379116
0.0244168902118113
0.0254504821974008
0.0239760321431585
0.0195844137674394
0.0120614099569524
0.00153749720638592
-0.0113673146816102
-0.0255037648849861
-0.0392461090781484
-0.0506074989456
-0.0575019703836778
-0.0582610326176796
-0.0523013650797584
-0.0405720014646468
-0.025404044639934
-0.00972593967060785
0.0039729195988122
0.0143978251684288
0.0216135999359013
0.0266895878542264
0.0311321764156785
0.0363810066356986
0.0434664551795314
0.0528003158217555
0.0640785235450427
0.0763314994679761
0.0881499887403592
0.0980345309881159
0.10475277108598
0.107598997540032
0.106501951795648
0.101968200438981
0.0948822303197187
0.0862325193607134
0.0768679811417035
0.0673605024437377
0.0579658691386331
0.048619409196153
0.0389382069504647
0.0282859770995838
0.0159747728146248
0.0015803588232027
-0.0147749289239539
-0.0323366987258276
-0.0498890808708047
-0.0661050740019909
-0.0799288046835699
-0.0908496734004085
-0.0989873636331531
-0.104984289312899
-0.109763847166659
-0.114236257457107
-0.119032038879052
-0.124341026591964
-0.129917198948871
-0.135238364034024
-0.13970826895119
-0.142760285753237
-0.143831641602217
-0.142327234095598
-0.137689683877463
-0.129503823954812
-0.117438006856819
-0.101006339645375
-0.0794600528835718
-0.052128764841238
-0.0191134579339972
0.0181712106344667
0.0570465926227323
0.094224536998238
0.12672664063791
0.15268511408251
0.171787436145323
0.185267000392148
0.195436530591531
0.204870555559601
0.215475663839567
0.22776341316019
0.240590259318409
0.251470027689762
0.257368398523179
0.25570967419378
0.245216357550547
0.226246399769339
0.200525842369603
0.170472934843142
0.138465537459736
0.106332840452961
0.0751726364690208
0.0454656387305923
0.0174000964757029
-0.00874236810648731
-0.0323497494051658
-0.0525509169417773
-0.0685605311794141
-0.0800751082612433
-0.0874912125875516
-0.0918834337280204
-0.094835465166281
-0.0982064455645626
-0.10378502208751
-0.112747611590332
-0.125024364714677
-0.138934812956284
-0.151475204313561
-0.159300126725584
-0.159979444330293
-0.152910206571008
-0.139484489679321
-0.12255945627408
-0.105592180146541
-0.0918045416319802
-0.083536403408992
-0.0817691095506377
-0.0858066623863638
-0.093235714282734
-0.100349800685516
-0.103068967284861
-0.0980904120512735
-0.0838219688204692
-0.0607408541680982
-0.0310940975689424
0.00189234758407169
0.0350031570132551
0.0659013438223695
0.0935920676212353
0.118326013022038
0.141006828834461
0.162401607990249
0.182546581714035
0.200598214822424
0.215099064945882
0.224435561031579
0.227284597133804
0.222968919664136
0.211689507932561
0.194561431805563
0.17338236327142
0.150181789876761
0.126740653087942
0.104296302625056
0.0835291355786241
0.0647644126510375
0.0482312065963467
0.034235963612924
0.0231886763597531
0.0155060202244334
0.0114681956154085
0.0111067226717155
0.0141604426788301
0.0200968956463583
0.0281857885689476
0.0376148164830036
0.0476249887448526
0.0576206514400283
0.0672161265786981
0.0762226194669541
0.0846095217267822
0.0924538169261194
0.0998533863414994
0.10679958783823
0.11308310203587
0.118336760486974
0.122220387215715
0.124614889758927
0.125683151849609
0.125791844253198
0.125408602451313
0.125065723562479
0.125369792831045
0.126971523016717
0.130442328504412
0.136083344960802
0.143752110960256
0.152800712321729
0.162177651200751
0.170675118053086
0.177237636866626
0.181218926216444
0.182491970334489
0.181369389881099
0.178360421774525
0.173866615379325
0.167965728416679
0.160389645338738
0.150667323041798
0.138297008758017
0.122847189867643
0.104011798996939
0.0817014097561369
0.0561745214225534
0.0281093199009013
-0.0014771820036521
-0.0314415353619878
-0.0607402747545849
-0.0885609671491382
-0.114327038951342
-0.137618904192753
-0.158087831652664
-0.175428411362279
-0.189425399763003
-0.200034510266624
-0.207440079588914
-0.212058897910261
-0.214487388509362
-0.21539577598691
-0.215382824884566
-0.214837653604901
-0.213877852363362
-0.212402339272639
-0.210229715230686
-0.207251591822698
-0.203544319690789
-0.199415653774271
-0.195375330620732
-0.192023500509818
-0.189881368994684
-0.189230265992001
-0.190027766156538
-0.191919344842573
-0.194310775880918
-0.196459789220601
-0.197575348231819
-0.196927875914628
-0.193950973407894
-0.188294566550822
-0.179820825630203
-0.168597361489499
-0.154956199493748
-0.139611288585923
-0.123723567929242
-0.108778552087032
-0.0962405516853773
-0.0871015013829715
-0.0815306478374238
-0.0787876621044832
-0.0774254399680022
-0.0756873029285986
-0.0719739953114654
-0.0652871830334531
-0.0555556460536505
-0.0437125783370308
-0.031425722461489
-0.0205396490868566
-0.0124603601590268
-0.00774780488765047
-0.00605993890555995
-0.00640755450843632
-0.00754174832743295
-0.00827564823456161
-0.00764267135570285
-0.00493131066811226
0.000304601118297184
0.00821282433330497
0.0186174157593844
0.0310411703970899
0.0447638902545716
0.0588791478093941
0.0723552600774584
0.0841522162602085
0.0934151992634854
0.099679813370765
0.102981696831278
0.103810534722075
0.102935956274554
0.101186461120351
0.0992584276538448
0.0975968646128799
0.0963574145120849
0.0954425385429304
0.0945925956643571
0.0934928976820832
0.0918466073952882
0.0893922704424531
0.0859042130880748
0.0812381893813779
0.0754307936275564
0.0687776062760294
0.0617903447440965
0.0549982263699208
0.0486680065583746
0.0425981708221581
0.0361350088472277
0.0284460202684409
0.0189323466576475
0.00757631714043632
-0.00494226172104088
-0.0174099349292909
-0.0284502712976407
-0.036945776626072
-0.0423376187266094
-0.0446936215012494
-0.044556887935319
-0.0426924675181305
-0.0398691051929653
-0.0367467225994052
-0.0338531431457468
-0.0315980774273893
-0.0303016446253163
-0.0302467834360726
-0.0317351610285106
-0.0350655816412543
-0.0403715907360456
-0.0473858076311845
-0.0553168644552892
-0.0629821060484149
-0.0691577712531821
-0.0729585037182119
-0.0740584591802768
-0.0726827115346582
-0.0694248073975493
-0.0650115601348403
-0.0601202635065019
-0.0552804111708743
-0.0508222428114334
-0.0468263580353185
-0.0430818113380747
-0.0391103333037868
-0.0342970771900562
-0.0280892024130622
-0.0201597856040739
-0.010455391132148
0.000861675991947337
0.0134836596426671
0.0269536065230151
0.0405974977884342
0.0535015127347157
0.0646390975023664
0.0731338583613715
0.0785227370364731
0.080873125210759
0.0807059405511938
0.0787899948416794
0.075920572501066
0.0727663525302506
0.0698048944614395
0.0673204976427304
0.0654350098984442
0.0641609927689204
0.0634696908290914
0.0633505693859573
0.063833851464208
0.0649649896293563
0.0667441539545629
0.0690598935203435
0.0716515302437182
0.0741268068484314
0.0760392639133199
0.077003391087161
0.0768067989005553
0.0754759597992794
0.0732732199785584
0.0706423442567121
0.068145503426329
0.0664158369335603
0.0661041249473822
0.0677811035260998
0.0717955216278611
0.0781440702289102
0.0864241384632712
0.0959037696811168
0.105694114186088
0.114976852285637
0.123220992888989
0.130322837506529
0.136628794797115
0.142837388372464
0.149802571404098
0.158285234458993
0.16872915844292
0.181132575329937
0.195027653592415
0.209530555042133
0.223445236459387
0.235447695028127
0.244353449390241
0.249386201875058
0.250317282686714
0.24739436631682
0.241088640968588
0.2317845569549
0.21956290926464
0.204179830577299
0.185249616786889
0.162541537912499
0.136246021529863
0.107088697300885
0.076261107373925
0.0452254638140731
0.0154737905096184
-0.0117053920703462
-0.0354128783256085
-0.0552229569404469
-0.071124855730443
-0.0833511474042083
-0.0921965898157596
-0.0979315879683123
-0.100845955758892
-0.101395040296645
-0.100394778029021
-0.0991768451162559
-0.0995525907015537
-0.103446898146035
-0.112243522549314
-0.126123656677242
-0.143745692049008
-0.162436929070589
-0.178819894651904
-0.189649899748558
-0.192599611549414
-0.186740189068779
-0.172564150852017
-0.151596437198805
-0.125845309868078
-0.0973894096631822
-0.0682347333837583
-0.0403468766970723
-0.0156676896902207
0.00398464144139485
0.0170958346871751
0.0226516646415302
0.0203448561609924
0.0107792786697487
-0.00446112737578437
-0.0230719057221796
-0.0426471475228069
-0.0613977102824436
-0.078571346579703
-0.0943552716821429
-0.109391726591688
-0.124259796207774
-0.139211245238828
-0.154206361507922
-0.169108589093491
-0.183871202547419
-0.198620623755501
-0.213616641728202
-0.229125813509728
-0.245280465776228
-0.261990399246247
-0.278925305667786
-0.295540195879353
-0.311116932850485
-0.324825185126139
-0.335818017926373
-0.343358342717688
-0.346950153183177
-0.346442942546244
-0.34208159509821
-0.334478270773882
-0.324494444219153
-0.313049424228461
-0.300908982662424
-0.288529323859648
-0.276010548950241
-0.263149412202758
-0.249519835323996
-0.234514879717969
-0.217364402831197
-0.197222128381111
-0.173399428820278
-0.145699695566355
-0.114676979127983
-0.0816308098946508
-0.0482844889920919
-0.0162776195374076
0.013296910097511
0.0401156561040036
0.0645303125437434
0.087208505507592
0.10866119520043
0.128866015928995
0.14718588405262
0.162666709167311
0.174593780058973
0.183004926787269
0.188837659094319
0.193569322711411
0.198494077351743
0.203996294786135
0.209200208448314
0.212192502957897
0.210728729517789
0.203093254682343
0.188715565632302
0.168301967563881
0.143530915391896
0.116578402030637
0.089727774667188
0.0651229796391268
0.044559842348807
0.0292337845755485
0.0195151661817754
0.0149116014118595
0.014290416410859
0.0162590389962076
0.0195113588704271
0.0230174818886209
0.0260731137559138
0.0282972856476141
0.0296317500341023
0.0303205592437366
0.030822283862477
0.0316517380242574
0.0332090427664512
0.0356667784700339
0.0389447526355991
0.0427554337913674
0.0466889946893621
0.0503132496417216
0.0532637685365399
0.0552970622385286
0.0562973474532951
0.0562612832689937
0.0552998349804608
0.0536680051207355
0.0517839848289918
0.0501810624229867
0.0493754573395472
0.0497006479136482
0.0511935050316507
0.0535897346370851
0.0564225961937574
0.0591712220215097
0.0613989797827223
0.0628437587211615
0.0634461466076938
0.0633204538460399
0.0626876513541677
0.0617944433940694
0.0608411114981436
0.0599383306168575
0.0590965583409394
0.0582082314671191
0.0569609769567523
0.0547019853863702
0.0504252775752824
0.0430711005832182
0.0320802025179018
0.0178408006366966
0.00166492082525348
-0.0147109390117195
-0.0297358247618567
-0.0423608893191422
-0.0519387151600163
-0.0579047403925984
-0.0595622561395487
-0.0561683895364461
-0.0472774839140205
-0.0331245601471936
-0.0148273031832604
0.00569517556772062
0.0260620282943371
0.0439273361940033
0.0574828910807792
0.065790171267251
0.0688153572886408
0.0671910124110765
0.0618850684939207
0.0539785835184683
0.0446067319235153
0.0349463736312408
0.0261082865472742
0.0189195541658219
0.0137177502646197
0.0103002917528227
0.00807858415207041
0.00636050079158438
0.00461584800355901
0.00260810972207781
0.000369480786879543
-0.00191945233228861
-0.00405924564118923
-0.00591418862438898
-0.00743983887511944
-0.00867522259138374
-0.00970703216214058
-0.0105819133975377
-0.0111535768237164
-0.0109362461678734
-0.0091219481589844
-0.00487453781555307
0.00218150814218608
0.0115370925240395
0.0216832877437073
0.0303743174935135
0.0351828588417122
0.0341958068904992
0.026643594513771
0.0132020094210992
-0.0042111452862595
-0.023047923369178
-0.040796880512467
-0.0553765931000127
-0.0652169054942071
-0.0692351064191859
-0.0668905950653862
-0.0583034581177243
-0.0443029620637035
-0.0263295067032105
-0.00622744741412577
0.014004220937505
0.0324862784950794
0.0477688915634451
0.0591364381096579
0.06679073429979
0.0717872916400092
0.0757000192482214
0.0801308418991832
0.0862419299757379
0.0944381891431988
0.104255415402328
0.11448479694745
0.123540706262737
0.129988035754673
0.133027748079749
0.132717388479841
0.129838560827958
0.125527895598915
0.120901627598024
0.11685554916159
0.114077954172441
0.113174252869171
0.114728585283415
0.119165298502559
0.126438794552252
0.135775139053561
0.145723676763547
0.154571606741439
0.160886807463966
0.163845450939171
0.163178872213283
0.158880517095942
0.150967178393341
0.139466670104392
0.124572413931416
0.106807763640135
0.0871054233137863
0.0667733628028135
0.0473237053493187
0.0301707310053193
0.0162932004865841
0.00601266223701569
-0.00101012620926824
-0.00557459776119173
-0.00864504400074486
-0.0110904802950452
-0.0135339628968222
-0.0163034580561178
-0.019436276709057
-0.0227126024036358
-0.0257323684030229
-0.0280483884285269
-0.0293297454301789
-0.0294965967491797
-0.0287685690357231
-0.0275992972484394
-0.0265169995313108
-0.0259482993384373
-0.0261457931789215
-0.0273061305001859
-0.029810090787928
-0.0343371204924404
-0.0416284169493659
-0.0519745056279184
-0.0648185277529475
-0.0788351113118258
-0.0924637286313953
-0.104522579608161
-0.11452258480439
-0.122582965022876
-0.129125775295595
-0.134593192762802
-0.139315163628973
-0.143509102641247
-0.147329189733641
-0.150902257451267
-0.154332096925143
-0.157682584920325
-0.160959530673782
-0.164110523042631
-0.167051352895756
-0.169707893424491
-0.172049088953807
-0.174097277965002
-0.175929794783855
-0.177697440207916
-0.179655461019759
-0.18215067497706
-0.185491414083933
-0.189687030262599
-0.194161969266916
-0.197645250374453
-0.198410879052901
-0.194861960357842
-0.186208325354119
-0.172875461497544
-0.156419329980324
-0.139019586507463
-0.122852869671232
-0.109642539327454
-0.100484449515178
-0.0958541228100179
-0.0956573617391744
-0.0992692342559348
-0.105589841915853
-0.113159476889281
-0.120348551527049
-0.125610950183113
-0.127762541683039
-0.126211717435747
-0.121052405735336
-0.112967335932063
-0.102972075916644
-0.0921028871347605
-0.0811640710440976
-0.0706057186425533
-0.0605405105316764
-0.0508572632671453
-0.04135574871885
-0.0318267101268634
-0.0220531388599
-0.0117861756570733
-0.000775575723236985
0.0111207119091314
0.023798448456644
0.0368149595178377
0.0493897146330251
0.0604962494012854
0.0689976678630244
0.0737769362167833
0.0738818032757068
0.0687502572200645
0.0584907392150844
0.0440426251127472
0.0270553686216525
0.00953234008285184
-0.00654473513582369
-0.0194501456793419
-0.0278315566304111
-0.0308240380523801
-0.0281984954148245
-0.020464124839546
-0.00881746794589812
0.00509323785596941
0.0195178312940721
0.0329465275860013
0.0443453920947266
0.0532482047846373
0.0597223553461577
0.0642501321806397
0.067568751644664
0.0705110467636335
0.0738854775127808
0.0784094333077241
0.0846630423394351
0.0930110719115793
0.103487514409153
0.115705138925402
0.128860400166257
0.141850736614153
0.153473971436114
0.162669578593198
0.168756231210849
0.171596262784587
0.171610012078346
0.169617966785194
0.166588191000903
0.163424889154055
0.160886170813559
0.159601326711499
0.160080920837991
0.162651383685055
0.167354567387087
0.173907602686964
0.181760134093039
0.190198036187817
0.19843751128304
0.20571641782529
0.211412504652858
0.215165434090438
0.216932975473518
0.216942781686721
0.215571490747575
0.213209488324566
0.210144100655208
0.206479931389724
0.202133843741609
0.196929939010102
0.19073953828386
0.183549406335892
0.175405768517825
0.166317609213933
0.156235935705955
0.145112546519824
0.132943415216169
0.119746536828626
0.105528304320385
0.0903037503130085
0.0741518052597323
0.0572338838032982
0.0397528061382285
0.0219095701449848
0.00391998035859651
-0.0139267498556842
-0.0312525200385221
-0.0476760488882934
-0.0629632847640748
-0.0771382659863786
-0.0904654486141177
-0.103293264327107
-0.115838092415912
-0.128036976154177
-0.139565866892824
-0.150012698628094
-0.159089202133918
-0.166751869295205
-0.173182442254719
-0.178665298822689
-0.183424099767051
-0.187461871396748
-0.190447394384613
-0.191716020542166
-0.190444534856095
-0.185966139145093
-0.178061594599182
-0.167031210845017
-0.15350194745913
-0.138150564592673
-0.121597622461061
-0.104545649251313
-0.0879819216857265
-0.0732188941515662
-0.0617272561996869
-0.0548770697679096
-0.0536705241226821
-0.0584560832825709
-0.0686600104524409
-0.0827103754588652
-0.098331027993253
-0.1131684018555
-0.125469396770481
-0.134485962035203
-0.140471929890641
-0.14438450736459
-0.147511172241065
-0.151168006285628
-0.156475488449365
-0.164154370998982
-0.174327358443756
-0.186387067590629
-0.199023039531814
-0.21046838082407
-0.218938129018439
-0.223122383809918
-0.222539943338369
-0.217609622071044
-0.209430821448913
-0.199392106667591
-0.18877506284941
-0.178484829200264
-0.168959032244521
-0.160230448750546
-0.152075665509619
-0.144178783484099
-0.136261673798111
-0.128157238607114
-0.119815566350782
-0.111241021817011
-0.102377189130733
-0.0929880330171068
-0.0826055653599619
-0.0705991860230998
-0.0563649589728683
-0.0395621886940849
-0.020284683643365
0.000921763444749015
0.023201861400488
0.0456098872504636
0.0672879641366008
0.0875320412672211
0.10576382023197
0.121490486590933
0.134322681076572
0.144051206716836
0.150722102057647
0.154648149532219
0.156341348076307
0.156399025887499
0.155394284408836
0.153809362998791
0.15202657480591
0.150370825797679
0.149179317432363
0.14885024988962
0.149807531757054
0.152351497857096
0.156454036970437
0.161630734757579
0.166995699822847
0.171482362695473
0.174103116459422
0.174124335218694
0.171143649910899
0.165150378783294
0.156611480886697
0.146498653468811
0.136131633858329
0.126837359674334
0.119587156273956
0.114805370401693
0.112424493386931
0.112111293001335
0.113519267540847
0.116456439978361
0.120933994645504
0.127108987897453
0.135140225312502
0.144985443265155
0.156209263826061
0.167903669636484
0.178778703345815
0.187368869215296
0.192230973802707
0.192074391340556
0.185895528235655
0.173208877472735
0.154325224481004
0.13048158402767
0.103652593336339
0.0760576981277055
0.0495644469331176
0.0252471062047623
0.00327470760731847
-0.0168676299080254
-0.0359820227261539
-0.0547954160525308
-0.0737469502765635
-0.092896497375263
-0.111877561948493
-0.129887940890781
-0.145779531343113
-0.158281979382056
-0.166313267062725
-0.169277142824522
-0.1672460683356
-0.160961790883243
-0.151645075296937
-0.14067929831773
-0.1292826646977
-0.118277702445949
-0.108011432676982
-0.0984126513962659
-0.089128064274421
-0.0796721737718397
-0.0695531141064933
-0.0583719949989444
-0.0459038064545056
-0.0321504740551543
-0.0173452393274001
-0.0019090800224762
0.0136053107730009
0.0285451606168229
0.0421749786051878
0.0537375910900284
0.0626008600557801
0.0684510346724583
0.0714252034306386
0.0720910431573552
0.071262081263167
0.069700732359799
0.0677826554134927
0.0652313297075767
0.0610975547599988
0.0541369340077152
0.0435207242916559
0.0295236002793807
0.0137502421012793
-0.00128668167703348
-0.0130294692195437
-0.0197306496537822
-0.0209095885357662
-0.0172917832808684
-0.0103908275322702
-0.0020121951014813
0.00609955945702117
0.0123956739083948
0.0155237749010973
0.0143823128855724
0.00836384446461292
-0.00231605532542611
-0.0165130408863718
-0.0324677917203439
-0.048364514129741
-0.0627356715427722
-0.0744883243659766
-0.08268998086953
-0.0864304676969653
-0.0849539632572023
-0.0780011450164544
-0.0661291559983294
-0.0507802168279348
-0.0340123658466474
-0.0179822556842921
-0.00438223322582359
0.00595729812275045
0.0131715583127272
0.0181718235374293
0.0222729433800424
0.026785170900224
0.0326858440726538
0.040428763007994
0.0498978406685994
0.0604797134559716
0.071216041716859
0.0809820197712336
0.0886212215777953
0.0929951405543724
0.0930084615319556
0.0877608366010428
0.0769063543923871
0.0610736220617083
0.0420272325009123
0.0223433598338472
0.00468236968945668
-0.00898874494297158
-0.0178518684521955
-0.0222181201855452
-0.0231531208737741
-0.0220072405267666
-0.0200619579715213
-0.0183543525009851
-0.0176279954825468
-0.0183406270485964
-0.0206894576611196
-0.0246272555747748
-0.0298458575605824
-0.0357457289678905
-0.0414696320846869
-0.04607501352788
-0.0488298019653271
-0.0495127841773116
-0.0485708392739465
-0.0470533604712044
-0.0463547125154601
-0.0478637630103494
-0.0526026788328382
-0.0608778361720772
-0.0719599902456381
-0.0839108680184285
-0.0937885435274988
-0.0983972086754358
-0.0954243874972746
-0.0844565599084023
-0.0673272507607645
-0.0476091660324752
-0.0295246073825496
-0.016767826379319
-0.0116358516614578
-0.0146375848952105
-0.0245747949768305
-0.0389909069669163
-0.0548299625692654
-0.0691349652925701
-0.0796374991694003
-0.0851265497911179
-0.0855345379292301
-0.0817524333535124
-0.0752576281027861
-0.0676765169231747
-0.0604096085139244
-0.0544194946048061
-0.0502056027543085
-0.0478940563029889
-0.0473348692572153
-0.0481539068705485
-0.0497889626294197
-0.0515637467786355
-0.0528116443792169
-0.053014841066667
-0.0519214517686101
-0.0496216271434389
-0.0465601779852716
-0.043455239117229
-0.0411307130769837
-0.0403315189849641
-0.0415878826508243
-0.045123692761898
-0.0507730542153549
-0.0579304207927402
-0.0656157282158886
-0.0726880181541372
-0.0781345284049693
-0.0813108851932623
-0.082046042990986
-0.0806008202767566
-0.0775285341197781
-0.0735100059153356
-0.0692179348173273
-0.0652212081604801
-0.0619086701814115
-0.0594241270481908
-0.0576372737018496
-0.0561776876120306
-0.0545191100597933
-0.0520690432004208
-0.0482464102698369
-0.0425894803929166
-0.0349313122055611
-0.0255797770000918
-0.0153564018089494
-0.00540545521931981
0.00316222716545976
0.00963342396023528
0.0139366725201282
0.0167058656524968
0.0191291932257128
0.0225701640044601
0.0280405039500306
0.0357426761455189
0.0449356176894445
0.0542166307659931
0.0620630563808638
0.0673509753696521
0.0696393463873518
0.0691566165563242
0.0665313805997839
0.0623872205371817
0.0570114150092196
0.0503136992393462
0.0421117260566315
0.0325229909604742
0.0221566302606436
0.0119715346011163
0.00292854074387477
-0.00431339547396031
-0.00948969592696476
-0.0126189526614772
-0.0138122515001681
-0.0131290530915425
-0.0105396102717765
-0.00598438382554164
0.000522581717796323
0.00880632471331754
0.0184939888572371
0.0290344889331899
0.0397737371125364
0.0500775418496084
0.059465361760846
0.0676928264752013
0.0747392644290349
0.0807108696613993
0.085717080121079
0.0897901343044309
0.0928950166847126
0.0950255440099407
0.0963218281979239
0.0971200860540116
0.0978940570628131
0.0991365965338349
0.101268558232229
0.104600974525764
0.109291012569438
0.11524226089754
0.122004359780989
0.128790030258811
0.13465873037914
0.138787862891928
0.140695562024572
0.140327220152746
0.138002970691847
0.134276793527043
0.129768387906508
0.125020776137563
0.12042463535356
0.116223427657132
0.112566643040375
0.109549360450473
0.107207465986113
0.105500286786505
0.104320409119528
0.103498792109454
0.102719010899807
0.101333705941745
0.0982523009527964
0.0921344431964369
0.0819292258336468
0.0674838135265181
0.0498194250297249
0.0308699398627381
0.0128176476616509
-0.00262322651711501
-0.0146415990360891
-0.0233432673969133
-0.0294379698525559
-0.033825411593856
-0.0372696811055397
-0.0402209140497026
-0.0427487524623291
-0.0445523731303628
-0.0450616377781625
-0.0436588435453694
-0.0399856351493351
-0.0342007998736739
-0.0270308508638181
-0.0195628213356222
-0.0128952108026705
-0.00785574277143347
-0.00494281027637137
-0.00448522615038591
-0.00684943424700999
-0.0124785122851157
-0.0216732602499401
-0.0342282021506103
-0.0491457603331616
-0.0645977527722408
-0.0781680279685252
-0.0873096744249242
-0.0899072582950741
-0.0848041839010871
-0.0721335445806475
-0.0533313861489484
-0.0308275111922587
-0.00752370384566812
0.013791999594926
0.0309642509263297
0.0428096533476701
0.0491845585735173
0.0507589057747317
0.0485962836562527
0.0437498932372281
0.0370768498037728
0.0293081422414817
0.0212061963174944
0.013594986649208
0.00720838317434353
0.00249492630537233
-0.000451649998971015
-0.00179365733409094
-0.00176983209938073
-0.00054844339287347
0.0018224204152674
0.00535667912454344
0.00999686765819376
0.0154823537814715
0.0213124851664809
0.0268482548229476
0.0315031415529486
0.0349130731390844
0.0369954059023392
0.0378802396938304
0.0377579471461655
0.0367082917618705
0.0345882078832567
0.0310628580933692
0.0258132595321299
0.0188282879315546
0.0105926781411098
0.00203055318446249
-0.00577312582320294
-0.0119165268722637
-0.015922181527157
-0.0177914795898987
-0.0178906071828574
-0.0167560906518915
-0.0149257398378975
-0.0128591488265529
-0.0109351390764795
-0.00946337032735274
-0.00866995668531371
-0.00868589922003667
-0.00959890607240386
-0.011564603044509
-0.0148624925544567
-0.0197705965971929
-0.0262910731252177
-0.0339414090063644
-0.0418123397865634
-0.048877432667666
-0.0543458165201737
-0.0578572736433882
-0.0594732760393652
-0.0595462236761273
-0.0585667927174124
-0.0570410667772279
-0.0554071999008691
-0.0539848809615338
-0.0529464175197507
-0.0523039060507235
-0.0519226008921798
-0.0515755117407468
-0.0510317708886685
-0.0501405294115316
-0.0488679195250747
-0.0472742881903763
-0.0454553663423887
-0.0434859123992825
-0.0413956969930478
-0.0391889888519356
-0.036895869501021
-0.0346215303673484
-0.0325555779159047
-0.0309281391466046
-0.0299343903260279
-0.029663717951186
-0.0300587102562109
-0.0309141262203017
-0.0319210259029047
-0.0327535171589587
-0.0331725274214518
-0.0331018575374422
-0.032644228723327
-0.0320387546694639
-0.0315800471877424
-0.0315175416399459
-0.031959903031643
-0.032827145863055
-0.0338866080091226
-0.0348622339573968
-0.0355557726747237
-0.0359081160320423
-0.0359678801028014
-0.0357963711702885
-0.0353801510046307
-0.0346110255828957
-0.0333387582777129
-0.0314540482090563
-0.0289545919438133
-0.0259733807226425
-0.0227701786903838
-0.0196882119601517
-0.0170727423491786
-0.0151575201675216
-0.0139513048811435
-0.0131811001376716
-0.0123465765983814
-0.0108956968068366
-0.00845742158849737
-0.0050131515038668
-0.000907261039766661
0.00331122180892144
0.00712267746638268
0.010216040016931
0.0125302587954381
0.0141692801509147
0.0152753928926769
0.0159513178734815
0.0162628032978254
0.0162842267648142
0.0161266342377853
0.0159195225719196
0.015764252996885
0.0156963384761553
0.0156801442315798
0.0156350568786786
0.0154762898875861
0.0151495239191426
0.014643726488308
0.0139785131372983
0.0131755874042848
0.0122316178993889
0.0111114891813647
0.00977492100564019
0.00823082078358338
0.00658829105907232
0.00506326433614411
0.00391997966059687
0.0033647611040629
0.00343993825005321
0.00397162119462216
0.00460520407495067
0.00492446488694072
0.00460711306608428
0.00354434707029183
0.00186738201296252
-0.000124621635099867
-0.00208990483639084
-0.00375936771936727
-0.00499447416683793
-0.00577416803693862
-0.00613258153158764
-0.00609255009086727
-0.00563780819350028
-0.00473654762450103
-0.00338883285067635
-0.00165185885448557
0.000380544826608039
0.00262018304527403
0.00499682654619742
0.00741622140365279
0.00970301117154616
0.0116003343394404
0.0128549410134813
0.0133372067816724
0.0131124934366807
0.012423718264777
0.0116127078453678
0.0110361613991584
0.0110107841731523
0.0117841448907878
0.0135084037374123
0.0162121020179415
0.0198056818421744
0.0241628492841577
0.029251550949918
0.0351996495411839
0.0421889575299976
0.0502111494140705
0.0588664827847451
0.0673830950602221
0.07487182275604
0.0806606391949131
0.0845161352633706
0.0866558337431567
0.0875821222598813
0.0878431020025795
0.0878317816628112
0.0876936783764469
0.0873527338718004
0.0866150197705167
0.0852847412638289
0.0832278180389366
0.0803506490082722
0.0765317396871158
0.071607402938298
0.0654815231668117
0.0582943398247989
0.050486022941912
0.0426630497093671
0.0353543292096176
0.0288309462097541
0.0230797867081822
0.0178893179212115
0.0129642420715398
0.00802801859302394
0.00290885739278677
-0.00239755078453302
-0.00770548224823591
-0.0126709897150049
-0.0168791166610596
-0.0199639189382101
-0.0217158288429501
-0.0221376236836557
-0.0214464828131047
-0.0200411368416787
-0.0184367006264642
-0.017154499416346
-0.0165806427449187
-0.0168492611165034
-0.0178074422121195
-0.0190732574774822
-0.0201536660918323
-0.0205795919980367
-0.0200283510787851
-0.0184093557280875
-0.0158824888813144
-0.0127876593692549
-0.00951251849070214
-0.00638105060304976
-0.0036364892478753
-0.00150347448007686
-0.000237644576631913
-9.44067074588149e-05
-0.0012340935581503
-0.00362390790427415
-0.00697991885984158
-0.0107746799705797
-0.0143291165181901
-0.0169736108790667
-0.018218205112526
-0.0178701710276611
-0.0160724810571993
-0.0132589729635623
-0.0100386711587369
-0.00707420211991267
-0.00505797634809597
-0.00479893600031431
-0.00724328394624942
-0.0132085707000649
-0.0228678649010026
-0.0353535672513202
-0.0488643562651333
-0.0612913594056763
-0.0709891026076516
-0.0772496844507856
-0.0802827738421577
-0.080803949551305
-0.0794943055494068
-0.0765942091453217
-0.0718003094244565
-0.0645040886655801
-0.0542690409012179
-0.0413182137407899
-0.0267566770316506
-0.0123648617032475
-5.77708666194455e-05
0.00867049963561557
0.0130259652888949
0.0128937776442836
0.00871573956708224
0.00141843621572585
-0.00765618987338902
-0.0169384988064652
-0.0249377771132525
-0.0305475676508558
-0.0332464535721843
-0.033170475714471
-0.031056452594722
-0.0280410619877223
-0.0253369756909351
-0.023890736068461
-0.0241614732585479
-0.0260932168755914
-0.0292435521463115
-0.0329705249737433
-0.036599937121832
-0.0395506073086326
-0.0414235126512337
-0.0420510416286398
-0.0414942594654674
-0.0399941059512094
-0.0379013811232045
-0.0355997043074128
-0.0334145069038702
-0.0315122660201074
-0.0298325546928336
-0.0281042533156572
-0.025947076192738
-0.0229978104306392
-0.0189936618608028
-0.0137934413746514
-0.00736517220626551
0.000220046572300313
0.00876694266495908
0.0179214069766107
0.0271682269563992
0.0359019360135984
0.0435569734715054
0.0497308604947713
0.0542440030230192
0.0571381129668985
0.0586487157348105
0.0591598581720294
0.0591119319834325
0.05885869765857
0.0585439856615584
0.0580874926333904
0.0572706902523042
0.0557990583668176
0.0532579837237432
0.0490720630829423
0.0426731303952881
0.0338887926261235
0.0232558705319131
0.0119250683677475
0.00115738729735884
-0.00822091801056102
-0.0160246235182395
-0.0225233046704942
-0.0281169937135757
-0.0331402322232654
-0.0378436957275254
-0.0424221334034164
-0.046971483093357
-0.0513930432628474
-0.0553497519844299
-0.0583451836937502
-0.059898686159948
-0.0597218053460937
-0.0578030264822261
-0.0543671743549764
-0.0497494660674787
-0.0442618571177665
-0.0381082098920028
-0.0313519188027947
-0.0239087948152647
-0.015558370526298
-0.0060077951191544
0.00496078998571252
0.0172964795424333
0.0305460244687972
0.043879358144497
0.0562860757925344
0.0668594615915095
0.0750467388313182
0.0807726174330734
0.0844062069398705
0.0866047393556338
0.0881090368209766
0.0895684692366552
0.0914329510045756
0.0938964719540562
0.0968634680307565
0.0999511570329804
0.102580040768029
0.104166037456199
0.104318885786012
0.102888569334824
0.0997980598977142
0.0948099005502952
0.0874826949245779
0.0774259399001247
0.0646783044917708
0.0499069907488329
0.0342789383327701
0.0191127159656312
0.0055357734973837
-0.00570759417195539
-0.0142886960380831
-0.0202200461914659
-0.0237167629148802
-0.0250343501408556
-0.0243519327451303
-0.0217699497172638
-0.0174240302212
-0.011630579771022
-0.00495021265889802
0.00189915203541364
0.00826543647484544
0.0138304182984929
0.0187845656607816
0.0237830896007761
0.029652452561013
0.036960875100246
0.0456570349667484
0.054934249999541
0.0633393503239364
0.0690603645836001
0.0703543561222957
0.0660948764088843
0.0562998913652299
0.042345841208293
0.0266276421666595
0.0117408238908539
-0.000416314570758462
-0.00917848938301427
-0.0150878602025382
-0.0194162126629539
-0.0235209044673362
-0.0283258122016005
-0.0341060670960666
-0.0405906025199399
-0.0472514422267122
-0.0535970137196246
-0.0593486746008335
-0.0644903197413737
-0.06924528216659
-0.0740169375153213
-0.079282795051986
-0.0854339224923088
-0.0926113175287857
-0.100637015337116
-0.109103475537513
-0.117583045902987
-0.125828207332456
-0.133828800649569
-0.14169098276945
-0.149437313900227
-0.156885434205202
-0.163688921797304
-0.169488171053524
-0.174047118901981
-0.177290155191431
-0.179240626989189
-0.179920832608802
-0.179283731503607
-0.177223217541986
-0.173661958823724
-0.16866066085488
-0.162469612064532
-0.155478844623743
-0.14809295087381
-0.140604939783367
-0.133135968478879
-0.125657684521737
-0.118064002960533
-0.110241049318209
-0.102095961441089
-0.093530532487107
-0.0843789118022702
-0.0743621682914566
-0.0631150831737085
-0.0502934629858453
-0.035715122141028
-0.0194818572776079
-0.00205995416240083
0.0157006472411396
0.0326574986060008
0.0476116309763967
0.059629708327406
0.0683042510629588
0.073823296286313
0.0768391898136161
0.0782327230145064
0.0788854512892042
0.0795211456464376
0.0806222476808642
0.0824045463654078
0.0848353609420125
0.0876852529825649
0.0906020468487685
0.0931944113191575
0.0951148165847997
0.0961396877556029
0.0962589311852612
0.0957879675417237
0.0954652877460842
0.0964142323382325
0.0998422675549679
0.106514819867948
0.116273749648337
0.127932552152711
0.139660953346835
0.149644464114284
0.156652102512577
0.1602672673025
0.160782897167558
0.158925136525735
0.155573724652388
0.151553263117193
0.147475125889339
0.143585372021206
0.139639111735852
0.13491396769086
0.128468594510211
0.119590061745155
0.108185634703404
0.0948696512091149
0.0807109187627087
0.0668353841282405
0.0541126599587693
0.043014352117081
0.0336027013528662
0.0255924707990461
0.0184633692600812
0.0116030315586712
0.00445011358579691
-0.00337535468149515
-0.0119581343715245
-0.0210369598359589
-0.0300920982129164
-0.0385655356170664
-0.0460708924764796
-0.0524310644834919
-0.0575363419213117
-0.0611864255147149
-0.0630866787752907
-0.0630162382582471
-0.0610299061180673
-0.0575313012163666
-0.053164330040685
-0.0486064272119035
-0.0443961345751826
-0.0408682532910724
-0.0381784262247124
-0.0363573596205268
-0.0353531986452345
-0.0350552912657822
-0.0353098653214496
-0.0359379264676371
-0.0367587377479336
-0.0376120997944806
-0.0383640826560644
-0.0388850959893292
-0.0390087514920968
-0.0385007456173394
-0.0370737038315127
-0.0344702408517113
-0.0305981238597341
-0.0256476265290555
-0.0200980040823298
-0.014578054861792
-0.00966385305238523
-0.00577392548608539
-0.00326590511957094
-0.00265876828059592
-0.00474042642512669
-0.010355964698923
-0.0199375694723864
-0.0331020359699126
-0.0486287453118854
-0.0648474507780378
-0.0801918494922788
-0.0936303503060961
-0.104829298318813
-0.114066147454384
-0.12198603464116
-0.129288747389231
-0.136400454233752
-0.143181714595705
-0.148765337040875
-0.151651332655288
-0.150124470342308
-0.142886985065901
-0.12963092905481
-0.111263611925966
-0.089673252458783
-0.0671590779331422
-0.0458009844354851
-0.0270332332284843
-0.0115368551745654
0.000618071500743173
0.00974393930546614
0.0163547666803275
0.0210799838689399
0.0246482506849782
0.027873591973265
0.0315652334547408
0.0363329983888927
0.042363055980201
0.0493092509905502
0.0564068868560709
0.0627902199508619
0.0678721242455026
0.0716005949606107
0.0744669564334819
0.0772738177003501
0.0807971390937199
0.085513377090212
0.091491049449472
0.0984306166944481
0.105766915694081
0.112761990802105
0.118578804429707
0.122375990950241
0.123458665494486
0.121460069423654
0.116461511350543
0.108955659934602
0.0996486679003829
0.0892160765851391
0.0781676739103289
0.0668905660775553
0.0557952325178685
0.045412009036005
0.0363424140566126
0.0291014342022453
0.0239668858386499
0.0209213681736946
0.0196904291023423
0.0198333171285886
0.0208439693364165
0.0222325564872747
0.0235694288878416
0.0244980683224889
0.0247498365576258
0.0241844430705873
0.0228361335270197
0.020918310164226
0.0187658837483166
0.016745357087787
0.0151787895182574
0.0142970785633666
0.0142057829670474
0.0148540931017728
0.0160289607803412
0.017397722900883
0.0185697191127372
0.0190986521320712
0.0184019737223147
0.0157260711632245
0.0103521481660741
0.0020496668616719
-0.00852643980102737
-0.0198755302936203
-0.0302012426042937
-0.0381308467473395
-0.0431438348877412
-0.0455072031573375
-0.045869672460852
-0.044822675834653
-0.0426501872573493
-0.0393144444820505
-0.0346033145957894
-0.0283338835648411
-0.0205243210138085
-0.0114678714358569
-0.00167552730129411
0.00827813504644405
0.0179057116777071
0.0268679145648763
0.0349493881032999
0.0420185223397372
0.0480050853202976
0.0528477610139193
0.0563523703781511
0.0580118017907323
0.0569787781305473
0.0523675513841954
0.0438138147804357
0.0319385418724122
0.0183489754808212
0.00512569289811596
-0.00589580433138589
-0.0136455302808451
-0.0179323371214586
-0.0192116418207884
-0.0182170088720738
-0.0156503025755593
-0.0120270953485075
-0.00768003273151305
-0.00286200304107257
0.00214241935443045
0.00698046659652336
0.0112859161002547
0.0147623393258189
0.0172255798697982
0.0186047450383931
0.0189392206980561
0.0183544234536994
0.0169499307772124
0.0146199934419638
0.01098016721443
0.00556739382693046
-0.00175603712670228
-0.0104973212360272
-0.0195924617979435
-0.0278173282292853
-0.0342853608512621
-0.0387366186735828
-0.0414895752454731
-0.0431417451788216
-0.0442305404421659
-0.0450413619601375
-0.0456154746083803
-0.0458763335328605
-0.0457515064230701
-0.0452198609530999
-0.0442920290874755
-0.0429733828153326
-0.0412504490400918
-0.0391093681189766
-0.0365677697928605
-0.033693077381111
-0.0305900720566591
-0.027360908829362
-0.0240607402629455
-0.020678108631699
-0.0171528872895564
-0.0134168761044441
-0.00943177627040091
-0.00522058223128609
-0.000913684355894662
0.00318483514638778
0.00656051748798043
0.00856006884221007
0.00859469447271611
0.00639173466511249
0.00215003571746145
-0.00350055567255895
-0.00971992513962198
-0.0157445492042173
-0.021104106565663
-0.0256835658443062
-0.0296308295985739
-0.0331797701848687
-0.0364832158346274
-0.0395244855111543
-0.0421208871290375
-0.04398581038686
-0.0448055746538611
-0.0443099580903544
-0.0423406949581478
-0.0389197130737352
-0.034289227819736
-0.0288754175025222
-0.0231553722283404
-0.0174812990825199
-0.0119798253377813
-0.00662525952824695
-0.00146935594533263
0.00312220448463776
0.0064091039882094
0.00747007305885146
0.00556706772770828
0.000488891785861721
-0.00730980228098752
-0.016848848188463
-0.0269577609370683
-0.0365954748096297
-0.0449519094278322
-0.0513057497880066
-0.0548382847372152
-0.0546604659439286
-0.0501191054256599
-0.0411895188827729
-0.0286844275371407
-0.0141472802544948
0.00051734546748401
0.0135281322884994
0.023664690666065
0.0305180840936101
0.0344694756792082
0.0364185071517078
0.0374079968782242
0.038348155010865
0.0399594529228002
0.0428673512526559
0.0476510212776297
0.0547061753957816
0.0639860044265213
0.0748373916097171
0.0860964504153045
0.0963929304227183
0.104446608133613
0.109189564198182
0.109759023584208
0.105538328177955
0.0963270829494358
0.0825147744014653
0.0650661173197542
0.0452831467756875
0.0245088548577566
0.00395973583018726
-0.015284622587508
-0.0322554964973526
-0.0461466370403504
-0.0564443963542888
-0.0630532150171263
-0.0663344278092254
-0.0670219162894864
-0.0660257435064776
-0.0641836507076045
-0.0620634872305622
-0.0599115985677633
-0.0577559228815332
-0.0555685020653558
-0.0533693423464304
-0.0512277766287936
-0.049203187963688
-0.0472893701387859
-0.0453973084127793
-0.0433799895615462
-0.0410878528592948
-0.0384296973215017
-0.0353959769939804
-0.0320034573767388
-0.028169710763422
-0.023604133446153
-0.0178309328634788
-0.0103777440475382
-0.00102432531924504
0.0100556410517816
0.022345824031568
0.0351753439957751
0.0479118683815202
0.0600647921179855
0.0712915975146911
0.0813453853204362
0.0899739720656227
0.0967554622046584
0.100923300506894
0.101352373364342
0.0968677185743439
0.0868118110767374
0.0715466117531424
0.052550937851947
0.0320397339094731
0.0123246388544951
-0.0047870063505159
-0.0183684208648119
-0.0284523021757518
-0.0357929859025779
-0.041382873100068
-0.0459452766558718
-0.049682724662962
-0.0524030128443317
-0.0538866410569122
-0.0542220916719132
-0.0539080686834394
-0.0537016604088792
-0.0543262307022665
-0.0561787148728223
-0.0591344468845307
-0.0625080768872041
-0.0652032335169253
-0.0660248407313154
-0.0640303647490296
-0.0587527092771517
-0.0502186357368004
-0.0388380123010938
-0.0252923870308053
-0.0104701310784242
0.00460139559603264
0.0188840692896345
0.0315113329113889
0.0419594387656544
0.0501328573896105
0.0563272977428344
0.0610944777984264
0.0650782874671863
0.0688882074438736
0.0730266034931627
0.0778380166516823
0.0834356151014212
0.0895754922205175
0.0954941985675955
0.0998193060912668
0.100746638889063
0.0965948792180643
0.0865607825596646
0.0712440601896961
0.052582651433702
0.0332199347165144
0.0156803961919431
0.00177026337744558
-0.00762207036844905
-0.0124186484760128
-0.0131323691300413
-0.0106726271068404
-0.00620703915296332
-0.00103617115916811
0.00357523209767246
0.00661943528136253
0.00755378809307598
0.00639749619134032
0.00366741729685703
0.000187679781733725
-0.00315115724348126
-0.00562540246966448
-0.00686710524826651
-0.00696173379705972
-0.0064033260360464
-0.00590308215824366
-0.00612672272465884
-0.00747745772647524
-0.0100072558992947
-0.0134625063819756
-0.0174123805713
-0.0213973340035583
-0.0250546466691883
-0.02819915283162
-0.0308482108916747
-0.0331857363330075
-0.0354715702920043
-0.0379242349409764
-0.0406257627744526
-0.0434936831262348
-0.046328954931361
-0.0489041969120683
-0.0510401719852245
-0.0526392191036228
-0.0536778256017863
-0.0541796654799324
-0.0541900757504499
-0.0537634372449972
-0.0529648374834618
-0.0518801266538669
-0.0506259621658209
-0.0493521738245674
-0.0482287836677864
-0.0474116324479087
-0.0469912075140653
-0.0469456490257853
-0.0471245489976541
-0.0472761418275527
-0.0471082584951789
-0.0463601486760244
-0.0448620530864627
-0.0425652565630788
-0.0395338088168725
-0.0359033793201409
-0.0318301919278886
-0.0274591767710166
-0.0229246131021083
-0.0183694041109059
-0.0139555849179621
-0.00985114929935454
-0.00620335289544269
-0.00312163184896598
-0.000682936629453297
0.00105022148560057
0.00202182272600071
0.00219790324469242
0.00159431538871421
0.000289182304400068
-0.00159672290578661
-0.00394093506723173
-0.00665673860153413
-0.0097146607535803
-0.0131541088732098
-0.0170901814411567
-0.0217016072094885
-0.0271736601056753
-0.0335868567495083
-0.0407860108521804
-0.048301231105548
-0.0553822498431738
-0.0611510689120257
-0.0648222305084076
-0.0659172668130512
-0.0643984797611447
-0.0606621341098778
-0.0553870283486309
-0.0493213703908279
-0.0431322325926727
-0.0373800231217535
-0.0325659307172746
-0.0291458377364195
-0.0274579910692338
-0.0276108470443837
-0.0294249294781162
-0.0324836042965272
-0.0362671453003029
-0.0402918423923413
-0.0441863351673916
-0.0476924956318705
-0.0506291003805079
-0.0528665582778603
-0.054333550027698
-0.0550434005524416
-0.0551146103830136
-0.054766977146586
-0.0542889778126729
-0.0539832277428254
-0.0541030079906353
-0.0547967675637003
-0.0560793692912967
-0.0578432293962339
-0.0599057885693336
-0.0620706249542828
-0.0641743574151098
-0.0661051463633227
-0.0677961604101221
-0.069201858080166
-0.0702595587290531
-0.0708420094344175
-0.0707229513935477
-0.0695853815731122
-0.0670834617442041
-0.0629411457435722
-0.0570622634793607
-0.0496299592595513
-0.0411577815670615
-0.0324337069292481
-0.0243301056200992
-0.0175492961291435
-0.0124492288423805
-0.00904708226165104
-0.00715233076268177
-0.00648309206720908
-0.00667940696850858
-0.00727323511017954
-0.00773041797191384
-0.00757663855163364
-0.00648792692300317
-0.00424328993296483
-0.00060265317836522
0.00471218068150637
0.0118527822112534
0.0206244882632823
0.030417151708044
0.040354837243011
0.0495547701176368
0.0573451571620915
0.0633719064366374
0.0675992385393974
0.070228581330211
0.0715687759434388
0.0719140650629032
0.0714888539304531
0.0704733711132784
0.0690641547442299
0.0675018730018714
0.0660401315438662
0.0649061543768644
0.0643439221371018
0.0647621636402645
0.0668636349943756
0.0715584533238356
0.0795861251209658
0.091019352382908
0.104975884504232
0.119767503147925
0.133430634413194
0.144330506565075
0.151502693687451
0.15461088755822
0.153684214886194
0.148918640109308
0.140696288292237
0.129735364063488
0.117161384305716
0.104375404439799
0.0927686084002703
0.0834270934932197
0.0769404017599863
0.0733497836180398
0.0722234732578154
0.0728277718634222
0.0743434121443497
0.0760574951817114
0.0774703054245537
0.0783006274398392
0.0784238601856842
0.0777998639204872
0.0764325632654626
0.074367532531254
0.0717034171038742
0.0685870016791678
0.0651806333711684
0.0616171040668475
0.0579692275498987
0.0542509123618371
0.0504445450558033
0.0465345149463199
0.0425277612073062
0.0384538855145984
0.0343492310202592
0.0302360232241758
0.0261094318988687
0.0219431324482229
0.0177167286089556
0.0134559094166743
0.00926343320628053
0.00531700570105455
0.00182642568775382
-0.00103119083687667
-0.0031637406939689
-0.00457875625895805
-0.00536044939823657
-0.00562901963345591
-0.00550353742266368
-0.00508013878655359
-0.00442910782190234
-0.00360775937361926
-0.00267557163151976
-0.00169181421949917
-0.000688526934911081
0.000362633068764325
0.00155892789523971
0.00303560271923472
0.00490956879094726
0.00722829108445029
0.00994816025847534
0.0129462454577546
0.0160511007947081
0.0190740313774358
0.0218320697522754
0.0241663376068541
0.0259611060111857
0.0271583167052701
0.0277529819966534
0.0277610888749185
0.0271725299973685
0.0259200514620691
0.0238920540062011
0.0209879671499897
0.0171786698055054
0.0125236234163801
0.00712825272600458
0.00107635718729292
-0.00560551302120118
-0.0129241661849151
-0.0208590718218398
-0.0293105639432856
-0.0380862050435936
-0.0469254116363487
-0.0555445901096689
-0.0636782334358145
-0.0710920938750595
-0.0775615891043073
-0.0828413355802757
-0.0866698787170035
-0.0888273139845895
-0.0892106317787454
-0.0878692458919079
-0.0849790803103972
-0.0807869149015482
-0.0755649054152963
-0.0695732391233371
-0.0630008124106961
-0.0558926003527463
-0.0481378748212354
-0.0395858855081445
-0.0302490322210702
-0.020452966975311
-0.0108151738581429
-0.00206162213311806
0.00520070695971042
0.010635327525607
0.0142068291016426
0.0161183780951991
0.0167110752760291
0.0163695103279604
0.015456030107203
0.014282406617538
0.0131228868882191
0.0122608232426424
0.0120323562955455
0.0128091884504089
0.0148902597839044
0.0183492469799663
0.022944503416697
0.0281681341376247
0.0333992148277135
0.0380313505277479
0.0414733684659454
0.0430720423230769
0.0421285257041019
0.0381164671214391
0.0309962015027728
0.0213817578843435
0.0104080879640845
-0.000633973429338152
-0.0106894728240508
-0.0191823539371078
-0.0260546492413577
-0.0316486846469238
-0.0365188509595977
-0.0412490011525063
-0.0463170698850887
-0.0520121154937533
-0.0583869510386528
-0.0652300503181198
-0.0720579961921791
-0.0781469989936838
-0.0826242692722945
-0.0846259761360215
-0.0835022066364448
-0.0790139304973844
-0.0714404793904443
-0.0615352268913126
-0.050342607282805
-0.038965467640912
-0.0283753644610407
-0.0192946129738875
-0.0121269332062318
-0.00692222940220568
-0.00339634488399773
-0.00103160505668014
0.000754889174295204
0.00243903270472818
0.00429265385973587
0.00639470723423661
0.00870625554038904
0.0111259996000948
0.0134814541047616
0.0154847352379507
0.0167156264084432
0.0166668041210922
0.0148457312889467
0.0109148653399766
0.0048435208194367
-0.00298668383916946
-0.0117978183337947
-0.0205776970623644
-0.028321923771833
-0.0342463598290172
-0.0379019755462839
-0.0391966007896695
-0.0383591988951053
-0.0358634295976787
-0.0323088544206061
-0.0282778595707474
-0.0242223186613347
-0.0204337611047329
-0.0170976742997519
-0.0143709860516583
-0.0124116448179396
-0.0113404961512738
-0.0111779833356847
-0.0118154752087678
-0.0130462960545209
-0.0146345607091192
-0.016380509599651
-0.0181545148380658
-0.0198967632054684
-0.0215958637068477
-0.0232625497453276
-0.0249076601805308
-0.0265211986208234
-0.0280409031688315
-0.0293080272776793
-0.0300345719538898
-0.0298226049689024
-0.028253843554981
-0.0250197109526943
-0.020036326065907
-0.0135047702451974
-0.00590240273315554
0.00210001873200416
0.00978830441329451
0.0165805058424463
0.0221580438627691
0.0264943260838776
0.0297716073384732
0.0322304722151979
0.0340288894919774
0.0351825396164156
0.0356099135129675
0.0352387531647661
0.0340959756995731
0.0323349140183486
0.0302186784261202
0.0280987278564721
0.0263805982824131
0.0254350910715667
0.0254673153077207
0.0264371132917359
0.0281070771066475
0.0301765206597012
0.0323832705067659
0.0345156905592308
0.0363935537487153
0.037898936970669
0.039046344040867
0.040004014513173
0.0410203345158533
0.0423146597018497
0.0440265806317941
0.0462475065074445
0.0490767141257567
0.0526342778250297
0.0570115010492681
0.0621882070728562
0.0679666172432417
0.0739643375067371
0.0796823648456483
0.0846281997162535
0.0884420977321167
0.090964945835852
0.0922179729905552
0.0923261669584919
0.091454437297416
0.0897957948595326
0.0875867825348058
0.0851018274128099
0.0826163172172398
0.0803719617176536
0.0785702152229391
0.0773725728014494
0.076865722957469
0.0769932244865476
0.077518657344914
0.0780799096651139
0.0783003525646264
0.0778408659138807
0.0763285730779413
0.0732599493392974
0.0680602495630681
0.0603499337516377
0.0502404506586639
0.0384186405465376
0.0259555465148558
0.0139846854161484
0.00342807969972577
-0.00516139296540349
-0.011656833025357
-0.0163225682184022
-0.0196766216637617
-0.0222740832657866
-0.0244944221611703
-0.0264253474131607
-0.0278781550573664
-0.0284988416172821
-0.027910579808328
-0.0258388416263785
-0.0222013311010968
-0.0171664830665099
-0.0111771890492669
-0.00489722365466078
0.000981473918926967
0.00605502782071069
0.0104810073866043
0.0149801914620925
0.020486804398338
0.0276265697415945
0.0363327311849224
0.045804166333741
0.0547892236802938
0.0620260032799858
0.0666436099505939
0.0683820525472386
0.0675765604300894
0.0649504586774338
0.0613229313079073
0.0573329432688902
0.0532521732534814
0.0489570143977204
0.0441034430278506
0.0384346519058814
0.0320291916560128
0.0253211981850909
0.0188985900628321
0.0132404723276786
0.008558495417897
0.00479556687561918
0.00172942030225187
-0.00090533496964719
-0.00333788588480767
-0.00574002297386845
-0.00824029794217621
-0.0109381886179888
-0.0139006660792375
-0.0171526991974468
-0.0206849740386848
-0.0244883371926102
-0.028601727527766
-0.0331446631146206
-0.0383029950962168
-0.0442569114780163
-0.0510844298247362
-0.0587052264934683
-0.0668980611549098
-0.0753469474166481
-0.0836430936915446
-0.0912454054098896
-0.0974915507452712
-0.101721023792556
-0.10344269542072
-0.102424446771355
-0.0986853705283541
-0.0924891638398768
-0.0843963786880517
-0.0752865036350631
-0.0662205857418499
-0.0581530783370045
-0.0516594307880314
-0.0468508249548625
-0.0435048457839936
-0.0412929095451913
-0.0399521666274041
-0.039331401189097
-0.0393427637200281
-0.0398921078169184
-0.0408407501811618
-0.042015037183832
-0.043248553193314
-0.04441698814243
-0.0454250347811544
-0.0461447024409539
-0.0463583875204329
-0.0457720370306324
-0.0441131323015677
-0.0412582457764498
-0.0373086050878559
-0.0325701638325508
-0.0274603357727859
-0.0224013186304357
-0.017746407141177
-0.0137450355823905
-0.010526973442178
-0.00809528245204263
-0.00634126799625585
-0.00509688010244809
-0.00421038861760963
-0.00359905246960239
-0.00323642971132657
-0.00307817288172207
-0.00298323410294556
-0.00269915167373741
-0.0019325620766603
-0.000454033391653626
0.00184647994908718
0.00499531155494946
0.00901982559957599
0.013991992104451
0.0199752249614382
0.0269046752481554
0.0344908815914195
0.0422229910923872
0.0494795975528468
0.0556902413401459
0.0604711719237289
0.0636851677564497
0.0654209603786376
0.0659256323944214
0.0655334258331839
0.0646135254228268
0.0635290170840534
0.0625893739566953
0.0619977383085179
0.0618187060563418
0.0619919685284541
0.062389348557632
0.0628843612247367
0.06339652316753
0.0638859462449893
0.0642996242486232
0.0645045599668833
0.0642674829413351
0.0633242808560707
0.0615102954970518
0.05884174717139
0.0554451029001654
0.0513700785395902
0.0464808441290685
0.040595722602733
0.0337950648860316
0.0265918918261209
0.0197527086884034
0.0139021919150212
0.00925089395514019
0.00562287846033731
0.00266233362918153
1.430323292215e-05
-0.00258670959304521
-0.00527723768066832
-0.00806083286524682
-0.0108725806857968
-0.0137071924206166
-0.016733201199359
-0.0203009638526005
-0.0248187445979649
-0.0305703705952889
-0.0375959901618278
-0.0457022194119412
-0.054558562387051
-0.0637863616937139
-0.0729958958870416
-0.0817963216511784
-0.0898063109408679
-0.0966541867951302
-0.101957348273709
-0.105318264840611
-0.106382930273104
-0.104933279106875
-0.100916051673299
-0.0943608736385556
-0.0852723967207146
-0.0736297348816612
-0.0595189508680483
-0.0432857442491297
-0.0255814262965633
-0.00728021926667239
0.010662836025048
0.0273497348693844
0.0420643571320785
0.0543872184471097
0.0642586298216164
0.0719264589518691
0.0777756574113164
0.082134715941641
0.0851777132996472
0.0869437244752808
0.087371345219095
0.0862466482238906
0.0831148608138437
0.0773333016081327
0.0683556050117377
0.0560992790995216
0.0411332458685558
0.0245628952743876
0.0077175741145441
-0.00817124971334644
-0.0221916578064715
-0.0338597636031881
-0.0431287994729368
-0.050306828331442
-0.055906997141703
-0.0604818528709489
-0.0644954555116728
-0.0682617678652073
-0.0719519686160463
-0.0756589564192997
-0.0794923655890078
-0.0836555173311295
-0.0884459421987993
-0.0941496410701115
-0.100862770972788
-0.108329513169248
-0.115886343481289
-0.122552463638586
-0.127245300147931
-0.129056037435864
-0.127491980175589
-0.122592988686797
-0.114884463760168
-0.105211627382106
-0.0945301599157608
-0.0836908159096901
-0.0732354461472334
-0.0632681765650294
-0.0534970205711861
-0.0434669997326095
-0.0328742016610267
-0.0217911798472243
-0.010697672944079
-0.000330932577408292
0.00854186145218873
0.0153095848113885
0.0195876620482013
0.0211791638539926
0.0200071110157633
0.0161154456177672
0.00976534278186771
0.001543296349134
-0.00764610590661799
-0.0167562803292026
-0.0248747679029311
-0.0314652152886235
-0.0364675923275573
-0.0402265348647488
-0.0432943183755233
-0.046201693403563
-0.0492935705416509
-0.0526866026331525
-0.0563407053646113
-0.0601804842914324
-0.0641856880983992
-0.0683987412913329
-0.0728495837555637
-0.0774402475700278
-0.0818484117611416
-0.0855070435635288
-0.0876988643187864
-0.0877591763193005
-0.0853161394770687
-0.0804589482916102
-0.0737510970231551
-0.0660800862874459
-0.0584020354051754
-0.0514718082968039
-0.0456539428093515
-0.0408873782059068
-0.0368157441600033
-0.0330121365888541
-0.0291779172109973
-0.0252212251364253
-0.0212059245695823
-0.0172408647531506
-0.0133951266042445
-0.0096782276902089
-0.00606793906971008
-0.00254569379590136
0.000895137233854442
0.00429102729697544
0.00779713670754188
0.0117667048994374
0.0167223298443393
0.0231631079257323
0.03128081146066
0.0407607530819196
0.0508081249498198
0.060394860772288
0.0685937807404547
0.0748430095334021
0.0790484676712173
0.0815194666584643
0.0827924637346785
0.0834197389223754
0.0837944748259191
0.0840603512498476
0.0841182912395539
0.0837127841696691
0.0825687879592154
0.080541142827852
0.0777153360788796
0.0743965703871499
0.0709907664068695
0.0678776794554156
0.0653917983311112
0.0639182554232884
0.0639764154927815
0.0661447714504282
0.0708129528547312
0.0779087587560401
0.0867684167090646
0.096171303020043
0.104433223795806
0.109522470569826
0.109329197637003
0.102204279424247
0.0876278006323067
0.0666416510155772
0.0417474480561898
0.0162727102736659
-0.0065188238692924
-0.0242220196521411
-0.0357390985684421
-0.0412998514994819
-0.0421276555420989
-0.039925651117626
-0.0363782678383388
-0.0328101657669156
-0.0300527344607226
-0.0284837299413945
-0.0281602200165688
-0.0289645568623149
-0.0307133473987145
-0.0332181403490253
-0.0363127169041422
-0.0398653814262308
-0.0437849338142864
-0.0480243336118972
-0.0525879455533587
-0.0575402498078116
-0.0629939139202134
-0.0690490804886215
-0.0756833907473686
-0.0826358648815222
-0.0893508219417305
-0.09503263827257
-0.098816347053755
-0.100003265420794
-0.0982710965216867
-0.0937697479713861
-0.087063169843252
-0.0789473524820628
-0.0702241198093913
-0.0615160870444164
-0.0531760169486106
-0.0452949343445452
-0.0377704036062206
-0.0303809745129907
-0.022835851257811
-0.0148110310196395
-0.00600172864607011
0.00380342370155524
0.0146549822328352
0.0264119360075912
0.0387547924002512
0.0512444246924721
0.0634385171333708
0.075053642646102
0.0860970960592107
0.0968621175563298
0.10774635263993
0.118978385904949
0.130415314671608
0.141535004425919
0.151614581960257
0.159966719476541
0.166096619623165
0.169735461906046
0.170793404797317
0.169294896763783
0.165351346577007
0.159215858214175
0.151405335427219
0.142777538575404
0.13443384385192
0.127442873057709
0.122534121063156
0.119942576635452
0.119474699275291
0.120718331256477
0.123248721922815
0.126726566844576
0.130885511780769
0.135473443261175
0.140205749669389
0.14475079769859
0.148748581379214
0.151860784413808
0.153834928438143
0.154535780683733
0.153892753673873
0.151773252055625
0.147893531621223
0.141906486946085
0.133674353308459
0.123540552475899
0.112369479131098
0.101290183387452
0.0912903098329138
0.0828723440277171
0.0759034555813127
0.0696860708857567
0.0632145581782547
0.0555340677532904
0.04606364774482
0.0347403140296974
0.0219302398268606
0.00819340636774208
-0.00592865707548926
-0.019976450080017
-0.0334988481155759
-0.0459682025402045
-0.0568062059478306
-0.0655341010628682
-0.0719528783069718
-0.0762377968013716
-0.0788935144829491
-0.0806006171603171
-0.0820373205293967
-0.083758090533049
-0.0861602280297872
-0.0895066884097205
-0.0939453959382076
-0.0994871063881767
-0.105947692325403
-0.11289316973506
-0.119635361536578
-0.125311721756614
-0.129045146761705
-0.130132903145686
-0.128187620565129
-0.123174299768352
-0.115353420898565
-0.105201014052863
-0.0933658319863148
-0.0806464375976476
-0.0679206379267668
-0.0560034202157747
-0.0454952215549791
-0.036708378119493
-0.0297004239965258
-0.0243635595596159
-0.0204945842810252
-0.0178153534188166
-0.0159795473673733
-0.0146157117587609
-0.0134032566779669
-0.0121243598516588
-0.0106528662552894
-0.00891080911071559
-0.00685383844831627
-0.00450314812050421
-0.00198627840564024
0.000455452641565406
0.00250640358494738
0.00385837343379428
0.00432080292007726
0.00392172472031633
0.00293921979102959
0.00182394879200627
0.00103737886132457
0.000881963192574285
0.00139838220328463
0.00237033566437056
0.00343948058181634
0.00428751008362514
0.00478626391588125
0.00499235185180834
0.00493045275400446
0.00427451681638243
0.00218964179960208
-0.00243872505994921
-0.0104412539365588
-0.0218279671633812
-0.035665862027888
-0.0504533888090794
-0.064723052610946
-0.0775080482211252
-0.0884819866258869
-0.0978062422585969
-0.105831286931733
-0.112805219038947
-0.118711705348771
-0.123300287682513
-0.12627623029147
-0.127530858539306
-0.127281069577728
-0.126052085092555
-0.124524549541787
-0.123324369139518
-0.122847492872615
-0.123188395262463
-0.124189972108931
-0.125573401182819
-0.127070423659171
-0.128490536289977
-0.129705107521873
-0.130584142911914
-0.130941132454038
-0.13051816703947
-0.129007648187048
-0.12609731522552
-0.121540510091239
-0.115247082961662
-0.107339669653131
-0.09808959076974
-0.0877232450531288
-0.0762363254936214
-0.063402031091416
-0.0490164526952817
-0.033215625026062
-0.0166348341146581
-0.000311279465174977
0.0145911226898207
0.0270856648941658
0.0365887674589274
0.0430197882625885
0.0467518903410486
0.0484232043034548
0.0486860655841557
0.048020598756479
0.0466952696410207
0.0448466540033714
0.0425797230806984
0.0400164036766538
0.0372916381182598
0.034530786686746
0.0318285076834153
0.0292339901717855
0.0267533915103151
0.0243814897180645
0.022150124674864
0.020155663736717
0.0185385914549751
0.01742812181903
0.0168857684397847
0.0168635382715791
0.0171751210580238
0.0174989689158237
0.0174532983610782
0.0167430569179221
0.0153000231791341
0.0133170680474461
0.0111615230456829
0.00926516582071748
0.00810789363075016
0.00829915838145837
0.0106194175910777
0.0158769998661669
0.0246012920818027
0.0367676592500705
0.0517454160775528
0.0684858264304754
0.085802714633038
0.10258333199544
0.117876441871771
0.130914838337809
0.14115226727066
0.148337447943354
0.152577606926716
0.15432127577106
0.154233254672911
0.153010725915135
0.151232984517481
0.149308465772531
0.147512302408493
0.146058818555262
0.145153121001186
0.144997668375111
0.145766806347076
0.147577885187716
0.15046454080127
0.154325834964714
0.158847422060764
0.163462286034539
0.167428211660501
0.16998466368501
0.170441465152664
0.168118764198117
0.162250783712089
0.152045528121533
0.136954262794968
0.117007808179863
0.0930181985793236
0.0665362630274202
0.039577748029621
0.0141999955294034
-0.00795902345128304
-0.0260403762387385
-0.0400795740238322
-0.0508133339990854
-0.0592678913475278
-0.0663370471411575
-0.0725350935579498
-0.0779751410437683
-0.0825014496330372
-0.0858716898292822
-0.0879164131775609
-0.0886406359648575
-0.0882539421337687
-0.0871299243286997
-0.0857118542171808
-0.0843962385947718
-0.0834316313915696
-0.0828640264350877
-0.0825469851240846
-0.0822172949216543
-0.0816120777402993
-0.0805763628331966
-0.0791064119571464
-0.0773125783576874
-0.0753426115176062
-0.0733290371229362
-0.0713892031708421
-0.0696502539543101
-0.0682499908559766
-0.0672938801927807
-0.0667930406924359
-0.0666264345359688
-0.0665552953764942
-0.0662893199458622
-0.0655821921577325
-0.0643259923051071
-0.0626149956345601
-0.0607489607955533
-0.0591512990413632
-0.0582147284351784
-0.0581485865129187
-0.0589204791298447
-0.0603162100949022
-0.0620474162555072
-0.0638165369097485
-0.0653152092295268
-0.0662049297341098
-0.066140529614286
-0.0648519074361531
-0.0622476160273479
-0.0584887348279689
-0.0540020241747504
-0.0494218704401646
-0.0454564763970442
-0.0426940598520182
-0.0414127187377271
-0.0414835321245865
-0.0424082680991074
-0.0434459008058882
-0.0437515420938724
-0.0425079521274531
-0.0390887081532472
-0.0332599708566855
-0.025331674162391
-0.0161328620314967
-0.00677777287903839
0.00166787362335521
0.00845421713780342
0.0132573654005042
0.0161627538043664
0.0176035415913818
0.0182883803645869
0.0190803654325989
0.0207845270376053
0.0238837114457065
0.0283539806112878
0.0336870639067286
0.0391275924253475
0.0439916771968041
0.0478892751666855
0.050745136287767
0.0526225273206504
0.0534392869006313
0.0527354947577019
0.0496891580317088
0.0434850117876877
0.0338922950882806
0.0216807400617687
0.00854636327819154
-0.00345885426423017
-0.0126674980599544
-0.0183083832252728
-0.0205861627109365
-0.0203920979827933
-0.0188606013865011
-0.0169801898539668
-0.015371456034927
-0.0142427315449426
-0.0134726801515137
-0.0127540100660019
-0.0117468669168295
-0.0102092844014018
-0.00807751307469928
-0.00546820932346986
-0.00259465491340968
0.000362898389040152
0.0033575494188917
0.00649294219873729
0.00996311108219934
0.013957230668581
0.0185658387881175
0.023716018073616
0.0291688439838346
0.034596584632088
0.0397017162223967
0.0442993824269579
0.0483167939087406
0.0517376644591574
0.0545568887572852
0.0567843430166006
0.0584885004059828
0.0598370716034847
0.0610813057232871
0.0624568697884366
0.0640421595909577
0.0656726436886433
0.0669875120179902
0.067590336272644
0.0672261291465974
0.0658790606730688
0.0637595049297783
0.0612126731361075
0.0586049907010414
0.0562331241940005
0.0542766865405331
0.0527981352995088
0.0517870902070419
0.0512341818376424
0.0511882441109896
0.0517347147050534
0.0528845575426776
0.0544573409757018
0.0560756626666946
0.0573008397567781
0.0577978324577762
0.0573599717502781
0.055741292572767
0.0524645771974418
0.0468669595022509
0.0384516739904167
0.0272944621815013
0.0141594495935705
0.000226734669127283
-0.0133480750536711
-0.0257462112964164
-0.0365506853392548
-0.0456481625274589
-0.0531088520143703
-0.0591127467439139
-0.0639068482166834
-0.0677590331926372
-0.0709050941290125
-0.0735122527670938
-0.075677382749697
-0.0774547157854012
-0.0788920100152588
-0.0800564377593302
-0.0810435453081836
-0.0819724168237506
-0.0829732531533136
-0.0841703980999276
-0.0856542484922294
-0.0874277094711768
-0.0893289090508382
-0.09097536260981
-0.0917959780939395
-0.0911623364503444
-0.0885409817670438
-0.0835772500222921
-0.0761108987455098
-0.0661959530722498
-0.0541624536555588
-0.040677140989938
-0.0267306344195871
-0.0135050868978414
-0.00212495118588069
0.00663221966343365
0.0125078172278394
0.0156706169206918
0.0163842740625865
0.0146777486563086
0.0103056489082728
0.00305232352380581
-0.00687602742198656
-0.0187034364965701
-0.0312910443291758
-0.0435304469900708
-0.0546676034880382
-0.0644161899025821
-0.0728794636189188
-0.0803815771556495
-0.0873026867029467
-0.0939672875943012
-0.100594218986851
-0.107293381443504
-0.114086989179981
-0.120940069830865
-0.127800700372478
-0.134656825157005
-0.141592514824457
-0.148784401189261
-0.156375909911401
-0.164245988050607
-0.17180437929092
-0.177984090461881
-0.181501435727816
-0.18128001499158
-0.176824004751621
-0.168361527948539
-0.156717664504946
-0.142999179433844
-0.128211108191965
-0.112921018443485
-0.0970953431099608
-0.0802110583237966
-0.0616241831038403
-0.0410121029623412
-0.0186574623141698
0.00453908076090143
0.0272649397543607
0.0480980009853152
0.0658126742279393
0.079637020618862
0.0894108016805819
0.0956011505573791
0.0991845511013071
0.101452871839015
0.103781671422172
0.107354611415556
0.112870216251611
0.120350569295337
0.129188492259313
0.138446987901562
0.147267327312446
0.155185932732675
0.162223676097946
0.168724436965068
0.175026492852123
0.181124637965273
0.186491683575171
0.190154083303919
0.190988274347486
0.18809257133687
0.181055276338548
0.170002021355019
0.155430679916076
0.137956498237447
0.118125557936059
0.0963956590302989
0.0732674298815496
0.0494415116602247
0.0258546895315116
0.00354374076433208
-0.0165650189011599
-0.0337784884162243
-0.0476026531660039
-0.0576406457310828
-0.0635720463974764
-0.0652698498014297
-0.0629700541428852
-0.0573518611917994
-0.049446672892426
-0.0404061446900055
-0.031242634154647
-0.0226655376416121
-0.0150730977963979
-0.00866128165272564
-0.00354736391001117
0.000177259407548006
0.00247499731688173
0.00341736603645858
0.00320951871616854
0.00216426764191881
0.000643477171391313
-0.00100313789642911
-0.00248107674359247
-0.00357197476690204
-0.0041413629151005
-0.00414485863823833
-0.0036364135921635
-0.00277143146463886
-0.00179371430833064
-0.00100116137321692
-0.000695482646457828
-0.00112928014912702
-0.00246783630419974
-0.00478249377298143
-0.00808149357246412
-0.0123557992673247
-0.0175854863404513
-0.0236569820938354
-0.0302092558496449
-0.0365174154841359
-0.0415431772351416
-0.0441872958027109
-0.043638709875764
-0.0396528266046683
-0.0326510743268868
-0.0236375213919103
-0.0139810542193729
-0.00511240089714494
0.00180290356139416
0.00611806991121763
0.00778613333866808
0.00724270880025804
0.00516562115851804
0.0022334000602676
-0.00103112249393608
-0.00431990447579753
-0.00753810306268982
-0.0107756401603838
-0.0142552812261075
-0.0182463284011319
-0.0229536901102656
-0.0284237543024386
-0.0345134047842947
-0.0409368464529625
-0.0473634060167801
-0.0535218516187758
-0.0592791958662301
-0.0646793815197428
-0.0699276239646999
-0.075304231179901
-0.0810206690445182
-0.0870846167792873
-0.0932622141168619
-0.0991728395731244
-0.104459815775561
-0.108928476187946
-0.112569151637747
-0.115455701261072
-0.117578139047673
-0.118704934849674
-0.118369123910899
-0.116018450148571
-0.111265278516223
-0.104079591069024
-0.0947840726682284
-0.0838536628214375
-0.0716791793861963
-0.0584798333763505
-0.0444204412491295
-0.029824827351805
-0.0153075463874979
-0.00170703265025235
0.010159546424184
0.0197793352646681
0.0271039658646252
0.0325179576757146
0.0366702547809956
0.0402779967191425
0.043972930274168
0.0481951676676882
0.0531200021232738
0.0586395075370747
0.0644539826284656
0.0702903090657515
0.0761486888950656
0.0823861107499086
0.0895109483030847
0.0977866295241653
0.106924312323584
0.116095254300858
0.124258912076497
0.130596016292782
0.134797864600483
0.137076877702261
0.137936304738235
0.137866095943445
0.137139541578813
0.135780245996815
0.133653308069591
0.130596091818357
0.126530443344028
0.1215278448981
0.115811812193206
0.109699897076515
0.103516957068278
0.0975268847471141
0.0919124534050316
0.0867958556427291
0.0822680657357583
0.0784008286898858
0.0752391932079116
0.0727908403482883
0.0710285517594048
0.06990886234561
0.0693950711436148
0.0694670425742652
0.0701091644220873
0.0712850568569603
0.0729163594550978
0.0748756958584594
0.0769946430117659
0.079089079826067
0.081003731957661
0.0826583007329848
0.0840576433470951
0.0852440004496064
0.0862165338745916
0.0868764204627208
0.0870436694837009
0.0865431639543006
0.0852960407462272
0.0833195677907423
0.0805940842473808
0.0768955361042724
0.0717832339256645
0.0648383548010047
0.0560286840570078
0.0459461835188189
0.0357467034654649
0.0268182532272191
0.0203461992063439
0.0169632122178683
0.0166079260531388
0.0186239863298854
0.022038164637862
0.0258822266379587
0.0294007274162151
0.0320499572382598
0.0333354774241275
0.0326715898018015
0.0294482535065008
0.023318178534685
0.0145014053539309
0.00385124271162583
-0.00740509350861831
-0.0181020125555159
-0.0275007274305314
-0.0354263913350199
-0.0421775618632069
-0.0483063255719553
-0.054375307788692
-0.0607638749663915
-0.0675663244372483
-0.0746032247904837
-0.0815354196129527
-0.0880293008379004
-0.0938993600405297
-0.0991727279748741
-0.104067540554124
-0.10891288848449
-0.114039963343654
-0.119662777944605
-0.125776641430285
-0.13212486899654
-0.138270645698528
-0.143746404307557
-0.148194901783196
-0.15142916933796
-0.153409714071232
-0.154191633504642
-0.15388709200187
-0.152648159171841
-0.15065058822755
-0.148063293965847
-0.145006169491291
-0.141519974736558
-0.13758344602754
-0.133190110816481
-0.128442762370995
-0.123591173903998
-0.11897572986351
-0.114916043576514
-0.111621436576954
-0.109167410248508
-0.107521935884326
-0.106575991293924
-0.106150126868717
-0.10598665772216
-0.105759232083118
-0.10511896757479
-0.103760763603526
-0.101470749926184
-0.0981335772594655
-0.0937225493073209
-0.0883163740806623
-0.0821429110504575
-0.0755679937734882
-0.0689296150550349
-0.0622477676902089
-0.0550305909276294
-0.0464180655990052
-0.0356583404104693
-0.0226141609934692
-0.00795375383418893
0.00707196118302521
0.0210822820578704
0.0329862984521591
0.0422168734132179
0.0487653220115636
0.0530680627156987
0.0558095396565985
0.057710375270015
0.0593625262311413
0.0611420656246255
0.0631958368178902
0.065484802216637
0.0678655675917662
0.0701820413804382
0.0723287105553765
0.0742612247616913
0.075968524999119
0.0774451807792624
0.0786844669630596
0.0796782671536753
0.0804072734484416
0.0808346096502752
0.0809300873848073
0.0807238429459626
0.0803468849372303
0.080010076175402
0.0799162822936787
0.0801577681080073
0.0806658528118365
0.0812347900301595
0.0815882423198923
0.0814491158457887
0.0805942909509886
0.0788809786168495
0.0762328648566965
0.0726000714251411
0.0679294730049413
0.0621689997462488
0.0553119157455033
0.0474896477835089
0.0390971994097877
0.0308586330487778
0.0237061133158386
0.0184593929173247
0.0154842223569159
0.014569627671926
0.0151002113735932
0.0163672876158423
0.0177936360271184
0.0189815976789459
0.0196633737804799
0.0196730768747742
0.0189770785341098
0.0177101076695987
0.0161540196991225
0.014652174310882
0.0135098228257243
0.0129406848262027
0.0130790909345168
0.0140198244680955
0.0158223935280949
0.0184529155793971
0.0217092243111994
0.0252089198165143
0.0284728590423917
0.0310573060256224
0.0326609501107093
0.0331713782488607
0.0326580474896161
0.0313260299766586
0.0294422438802026
0.0272581851239261
0.024957645844694
0.0226363901837896
0.0203019787046006
0.0178906454771757
0.0153095065343065
0.0124972401516918
0.00947345850349377
0.00635203750936153
0.00332146113116505
0.000608800849999578
-0.00156715980707749
-0.00305432251879594
-0.00382120811347698
-0.00397624600685157
-0.00373773543770202
-0.00337030894540531
-0.00311786863336087
-0.00315722773919692
-0.00358557302098193
-0.00444006734331987
-0.00572928525957991
-0.00745275104248216
-0.00960883014686867
-0.0122133764725
-0.0153330004407166
-0.0190944995257959
-0.0236280179367432
-0.0289560336439439
-0.0348976382642596
-0.0410581574555593
-0.0469221984112227
-0.0520089496845424
-0.0560146491366551
-0.0588709550897373
-0.0606930666790901
-0.0616582273180609
-0.0618943080354477
-0.0614337250925165
-0.0602266368596
-0.0581748935218363
-0.0551693337869302
-0.051141736984504
-0.0461299048155393
-0.0403184742633069
-0.0340163469240207
-0.0275764045045495
-0.0213068131389215
-0.0154230979871756
-0.0100532721597893
-0.00527038430200159
-0.00111699161621935
0.00239068629274551
0.00526008110927296
0.00749964273862857
0.00908469039189693
0.0099436709498582
0.00998100607869906
0.00911434316336069
0.00729038118617357
0.00447482594221293
0.000651057088918076
-0.00414484723884989
-0.00977194847959253
-0.0159559511811676
-0.0222939507386364
-0.0282735425602617
-0.0333072453201949
-0.0368044665074751
-0.0382665310391617
-0.0373432011124521
-0.0338274930297967
-0.0276621908105222
-0.0190398374841619
-0.008549285489041
0.00279230828695812
0.0137259629477635
0.0230844622882693
0.030094978079815
0.0345167430916566
0.0365914351298757
0.03686199353536
0.0359456340434148
0.0343492519016797
0.0323824565290801
0.030158812846731
0.0276357891316988
0.0246695181302418
0.0211016022655781
0.0168758092867062
0.0121225486721079
0.00714184450848463
0.00228863608517973
-0.00216131968689329
-0.00608743047050067
-0.00952401885428627
-0.0126109292817084
-0.0155167339345917
-0.0183355004264118
-0.020974812486581
-0.0230978414577244
-0.0241836917873522
-0.0236954305848485
-0.0212677337091012
-0.0168322253772818
-0.0106617422201621
-0.00334488323139453
0.00431065242619144
0.0114396583702439
0.0173006807164105
0.0214165844284564
0.0236404806427768
0.0241421864180414
0.0233243539349737
0.0216949828630697
0.0197432923612905
0.017861385791217
0.0163213780638683
0.0152893296652267
0.0148570553141499
0.0150863513998834
0.0160600440423922
0.0179171905361974
0.0208390239552449
0.0249695312695137
0.0302964679636826
0.0365581277414443
0.0432455889656152
0.0497223954482074
0.0554056457224412
0.0599074944658105
0.0630737498308069
0.0649421074060866
0.0656802512101627
0.065513842555109
0.0645982400654603
0.0628345002490316
0.0597567915121429
0.0546574382686333
0.0469583485289072
0.0366144086330322
0.024288849743535
0.0112194858863228
-0.00110601677016249
-0.0113058126589257
-0.0184007369323107
-0.0220083170757895
-0.0223874116636552
-0.0203103649984754
-0.0168121496729749
-0.0129218557224209
-0.00946516497417844
-0.00696294203632199
-0.00560516984337176
-0.00527714836512635
-0.00563180150752885
-0.00620626475258521
-0.00656533607276013
-0.00643375334163581
-0.00577292011752974
-0.00477407573794033
-0.00377181198187833
-0.00311303905189777
-0.00303172578152812
-0.00357196208406965
-0.00457726260551348
-0.00573943983549787
-0.0066876657602473
-0.0070911305083561
-0.00673695520583195
-0.00554210102856378
-0.00349071868305009
-0.000548565216829719
0.00336351100258762
0.00829931013709906
0.0141682422594179
0.0206589911003592
0.0272615408267793
0.0333755022082036
0.038454026598245
0.0421266252249467
0.0442477116371785
0.0448434639961839
0.0439976161524037
0.0417770933097227
0.038264198046213
0.0336451297921479
0.0282390777434457
0.0224233636880116
0.0165251323501494
0.0107621248705702
0.00523092484813297
-0.000102377565082625
-0.00540365991186149
-0.0109141410741802
-0.0168301669422619
-0.0231905436066598
-0.0298505186686102
-0.036557906571823
-0.0430840303884959
-0.0493399935329108
-0.0554127059730131
-0.0614759684540111
-0.0675876115341589
-0.073468668332993
-0.0784127100151054
-0.0814260841077351
-0.0815634623971214
-0.0782935312325176
-0.0717062411401204
-0.0624724540732699
-0.0516101919094744
-0.040190926075968
-0.0290908044213396
-0.0188167473240183
-0.00941171553354892
-0.000476412773656513
0.0086511696619233
0.0185946195414301
0.0296475585566444
0.0416366300879401
0.0539976980205518
0.066001803472958
0.0769950725316186
0.0865425927246644
0.0944582425622063
0.100770212761468
0.105665676658285
0.109421527694931
0.112325621542291
0.114619916862415
0.116499424184384
0.118158897826532
0.11983308127739
0.12177607889496
0.12417560435143
0.127056222234331
0.130246412841364
0.133451387503397
0.136398100135421
0.138936148399342
0.140961632547696
0.142150833878657
0.141693430354981
0.138294293309517
0.130526176489746
0.117325329503771
0.0983520909141552
0.0741441080585195
0.0461628475196779
0.0167397120398118
-0.0112496540940639
-0.0350750114114868
-0.0529624891016607
-0.0645703830545192
-0.0708562855442055
-0.0734743111668348
-0.0740922197423309
-0.0739437526551685
-0.0736983717213901
-0.0735637746049616
-0.0734929669266502
-0.0733851460339827
-0.0732056292690307
-0.0729994069280258
-0.0728187380749319
-0.0726086933631741
-0.0721073657294091
-0.0708332312715906
-0.0682208734681119
-0.0638856373802206
-0.0578797932804469
-0.0507631247373218
-0.0434219960060573
-0.0367491132149945
-0.0313772385717922
-0.0275839246612908
-0.0253485470225557
-0.0244725858861099
-0.0246921618113983
-0.0257572698100221
-0.0274775337687481
-0.0297401733756971
-0.0325053318723466
-0.0357812464345252
-0.0395806939300036
-0.0438660506413277
-0.0485031842120421
-0.0532545891977502
-0.0578344304499323
-0.0620174344737847
-0.0657551610281223
-0.0692324823441065
-0.0728134651754548
-0.0768802360193998
-0.081634617322428
-0.0869666909870337
-0.0924667619184513
-0.0975776722006801
-0.101803387982426
-0.104864522411555
-0.106738904481041
-0.107603545587481
-0.107739214826533
-0.107444920160847
-0.106970703711911
-0.106461071609423
-0.105915737972824
-0.105190232244039
-0.104052970321672
-0.102288523719317
-0.0998044805690538
-0.096684270470492
-0.0931515143312906
-0.0894672028201822
-0.0858257876953714
-0.0823059063127517
-0.078877305689762
-0.0754293552811924
-0.0718012823945284
-0.0678184841638201
-0.0633242530673999
-0.0581710342288446
-0.0521677884965847
-0.0450572605780034
-0.0366134811930223
-0.0268495781352823
-0.0161998970613808
-0.00552384336018164
0.00411221788500442
0.0117862227288058
0.0170489790402615
0.0200875199931358
0.0216554215276812
0.0228068253558748
0.0245512745104093
0.0275582610607193
0.0319960549131094
0.0375362749122782
0.0435126362463537
0.0491747278655244
0.0539321653309591
0.0574849946206799
0.0598050781563759
0.0610230542772246
0.0613122321562391
0.0608255809679486
0.0596818584434482
0.0579633555057692
0.0556959538366316
0.052818105708573
0.0491770756998527
0.0445847904758369
0.0389203724030858
0.0322224211364886
0.0247140546704854
0.0167487155240315
0.00871654118665755
0.000968381014958231
-0.00621450903041864
-0.0126225840868125
-0.018122737692516
-0.0226658511153129
-0.0262692201526263
-0.0289639785615885
-0.0307416777074071
-0.0315475038611238
-0.0313295764456388
-0.030102301964607
-0.0279695664859435
-0.0250907214994142
-0.0216156995337505
-0.0176223161038072
-0.0130720960051476
-0.00780418052065739
-0.00160352458653187
0.00564813477088844
0.0138093703223826
0.0224206106090977
0.0308097680294147
0.0383111237661399
0.04448426281534
0.0492382381497342
0.0528235070731895
0.0557101879046698
0.0584110628960781
0.0613192565683741
0.0646101844528687
0.0682261307907442
0.0719398868479085
0.0754742962505951
0.0786261638781227
0.0813259423011772
0.083596204362088
0.0854481307877731
0.0868027823765904
0.0874733630576432
0.0871486322557898
0.0853257184242279
0.0812860958473377
0.0742964688545692
0.0640579718644415
0.0511408105844811
0.0370522724906506
0.0238214433904859
0.0133221850379957
0.00670084239001716
0.00415637104070237
0.00508839506035898
0.00845854515289099
0.0131728268097258
0.0183561187222818
0.0234789855720561
0.0283524550980859
0.0330247388693178
0.0376323662462036
0.042287310394457
0.0470722856119436
0.0521286035221033
0.057715425873475
0.06412120864361
0.0714481918300485
0.0794321468995051
0.0874479517532071
0.0947049091224422
0.10050942267749
0.104462546071112
0.106526192381008
0.106956466872964
0.10613462870511
0.104342738290583
0.101569349325972
0.0974817018261954
0.0916630642009958
0.0840215702847009
0.0750796141414476
0.065895193340863
0.0576508816091789
0.0511845315486287
0.0467015176128873
0.0437023676187453
0.0410514103138288
0.0371880821322278
0.0305514257850051
0.0201616155824065
0.00608469789644231
-0.0105197729511643
-0.0278210704489192
-0.0439637162537562
-0.057593981027626
-0.0680604765026577
-0.0753112773450504
-0.0796626937589242
-0.0816131883059929
-0.0817620216955926
-0.080784017053601
-0.0793914527002592
-0.0782569526709089
-0.0779073881534005
-0.0786128106980474
-0.0803117320847
-0.0826195114353471
-0.0849220272397504
-0.0864942234416925
-0.0865861721804203
-0.0844928163507143
-0.0796682637298204
-0.0718918560667505
-0.0613921946712474
-0.0487986857372676
-0.0348859523538143
-0.0202577712133242
-0.0052155364306837
0.010074841459954
0.0252767648795935
0.0397289139450545
0.0525809590445181
0.0630963574927123
0.070902677451231
0.0760760546633536
0.0790809731397735
0.08062106852382
0.0814330395752512
0.0820654643018131
0.0827253885987464
0.0832729409419906
0.0833668497354604
0.0826705992619899
0.081000695090179
0.0783529273465775
0.0748283631770258
0.0705361581771777
0.0655482302060786
0.0599315378099067
0.0538217280329259
0.0474701075039242
0.0412173465712792
0.0354060758942837
0.0302927231990748
0.0260049725143793
0.0225141300253081
0.0195430307967541
0.016415300131967
0.0120178223042048
0.00507554813228728
-0.00529119430692111
-0.0190452473845889
-0.0350989322345158
-0.0516503589155894
-0.0667675589760839
-0.078911577593331
-0.0872105967575973
-0.0914632670064171
-0.0919624301564995
-0.0892809065148438
-0.0841387709000748
-0.0773731591703384
-0.0699265498118005
-0.0627562949856992
-0.056657406483562
-0.0520889880682357
-0.0491107149527724
-0.047464336507052
-0.0467432516271672
-0.0465523864375353
-0.0465925200916551
-0.0466686421262898
-0.0466599595508607
-0.0464772965051266
-0.0460095069929126
-0.045072391099285
-0.043408497749449
-0.0407765516402263
-0.0370928618302998
-0.0325228023743301
-0.0274535635765221
-0.0223784194126088
-0.0177761944460557
-0.0140343771734683
-0.0114104674495426
-0.0100259533141619
-0.0099178674213347
-0.0111571625499633
-0.0139642551426485
-0.0186961361181973
-0.0256427286231235
-0.0347266207260979
-0.0453058104101625
-0.0562287218574025
-0.0661299322670542
-0.0738165321974563
-0.0785681098088019
-0.0802494729573085
-0.0792414311265291
-0.0762597825174194
-0.0721388175188678
-0.0676384836009455
-0.06332314403775
-0.0595368996757979
-0.0564447508873508
-0.0540619189547196
-0.052225023520134
-0.0505559957259655
-0.0485214572203373
-0.045619879905573
-0.0416014529178185
-0.0365769723345948
-0.0309522085608994
-0.0252510132922352
-0.0199459635443644
-0.015364934503479
-0.0116601791116437
-0.00880556927549128
-0.0066284099958091
-0.00490326564014796
-0.00348898565245949
-0.0024273109217847
-0.00192378664259256
-0.00221164837001502
-0.00338835206213188
-0.00533406426991069
-0.00775382571759281
-0.0102894005884183
-0.0126097612387273
-0.0144393365861551
-0.0155579272057076
-0.0158235800832339
-0.0152211056046454
-0.0138889505659983
-0.0120837101551577
-0.010095842343627
-0.00817293511277629
-0.00649391567351956
-0.00518439685044669
-0.0043249497508565
-0.00391717142518205
-0.00382369258825257
-0.00373950211054219
-0.00323890177423299
-0.00187845667725549
0.000715095180601092
0.00482019756015978
0.0106308476178911
0.0182293469906533
0.0274875107550994
0.0379484326416237
0.0487932278053616
0.0589622322110808
0.0673980417907901
0.0732916740820035
0.0762177525461734
0.0761347646213775
0.0733215176847008
0.0683385162081713
0.0620302618283088
0.0554927725628515
0.0499166228654546
0.046306161642054
0.0451930106372886
0.0464998763022308
0.0496311094733479
0.053727655555135
0.0579348116075333
0.0615617892134874
0.0641230295163262
0.0653304536011058
0.065092569192348
0.0635182532473626
0.0608994959370114
0.0576714798248833
0.0543679035900314
0.0515695398057637
0.0498176600816845
0.0494841942505205
0.0506496923717293
0.0530698188681435
0.0562650557857366
0.0596830340743744
0.0628414544656354
0.0653965009907329
0.0671393001104863
0.0679296683990333
0.067561352247791
0.0656125650858919
0.0614484351745347
0.0545201717822417
0.0448542421019337
0.0333685513450722
0.0217112863794961
0.011676625365495
0.00455646398843464
0.000777493144634192
-6.83898988045179e-05
0.00107833174639806
0.0031180936650403
0.0050862775046706
0.00631465893143175
0.00647687793363464
0.00555273749034656
0.00373715592164148
0.00131888388691092
-0.00143448661618292
-0.00434707212305774
-0.00734238010062089
-0.0104024052030636
-0.0135212596526001
-0.0166972030593366
-0.0199642528082487
-0.0234107631574406
-0.0271332375192838
-0.0311415496506452
-0.0352907689535919
-0.0392944743292658
-0.0428041600499317
-0.0455019494868699
-0.0471728567938662
-0.04774951998648
-0.0473231838067173
-0.046112706500437
-0.0444012194436999
-0.0424677647176682
-0.0405362404694995
-0.0387494922619742
-0.0371713130823935
-0.0358146439771995
-0.0346779054823674
-0.0337598351349736
-0.0330401605389091
-0.032445727522542
-0.0318320199901835
-0.0309918586264884
-0.0296855924353757
-0.0276846543987639
-0.0248194760202435
-0.021019342303487
-0.016336611910189
-0.0109559474690043
-0.0051854698077147
0.000582349315333446
0.00594569091468464
0.0105870267995981
0.0143497791263433
0.0172633900591317
0.019500987622084
0.021283679355635
0.022776768024377
0.0240347770652781
0.0250241034594931
0.0256981524046036
0.0260657536854092
0.0262075356343687
0.0262379939071182
0.0262462899126199
0.0262557090039998
0.0262207649207448
0.0260495640347728
0.0256215285092218
0.0247775295209084
0.023285207156532
0.0208191863964435
0.0170219582868518
0.0116772709264878
0.00492105916836195
-0.00267029065611338
-0.0102186937908258
-0.0168458833701109
-0.0219611364267168
-0.0253998667366426
-0.0273927463233206
-0.0284195993033776
-0.0290230971345797
-0.0296564575968879
-0.0306129149403924
-0.032030309173216
-0.0339243806798962
-0.0362163682880005
-0.0387615483563313
-0.0414011611464243
-0.0440310114266184
-0.0466439159313365
-0.0493111339566595
-0.0521175537008713
-0.0550982287032058
-0.0582034520634096
-0.0612836864278709
-0.0640878969245695
-0.0662955975232318
-0.067598007393223
-0.0678002721627893
-0.066887329728732
-0.0650120242742267
-0.0624029350894767
-0.0592283441488321
-0.0554913569613024
-0.0510439187176894
-0.0457455192162426
-0.0396725011014579
-0.0332162377280595
-0.0269801840548566
-0.0215451995700464
-0.0172712973997519
-0.0142513742682654
-0.0123917238666031
-0.011512763847436
-0.0114045843067098
-0.0118518498712209
-0.0126592068826075
-0.013672116682995
-0.0147733126206037
-0.0158598258190207
-0.0168271921264669
-0.017581616964061
-0.0180810340793009
-0.0183848519591091
-0.0186747100844793
-0.0192133094053553
-0.0202507617373257
-0.0219393889553777
-0.0243199103932479
-0.0273797003015946
-0.0311181426631499
-0.0355522885931456
-0.0406539320549313
-0.0462684803890467
-0.0520797277974835
-0.057645229396073
-0.0624661193286543
-0.0660328552870218
-0.0678358129037084
-0.0673919415418901
-0.0643290723820647
-0.0584938138855243
-0.0500089609154757
-0.0392536639202384
-0.0268007104370982
-0.0133387388626176
0.000433035460526265
0.0139388967313156
0.0268312416037741
0.0389864928767242
0.0503765074623541
0.0608922325668631
0.0702328148627967
0.0779295844242869
0.0834894499090581
0.0865661581218312
0.0870475856386563
0.0850196790845657
0.080689154455787
0.0743797566122645
0.066594374064282
0.0579990418575017
0.0492292002971318
0.0406206687857706
0.0320941755077893
0.0233146798304822
0.014008539446811
0.00419258706397542
-0.00583156296807034
-0.0156493537673492
-0.0248893879296872
-0.0332631700244966
-0.0405380638415459
-0.0465351863686651
-0.0511659428662276
-0.0544535571019204
-0.0565075060527547
-0.057478481448853
-0.0575408956190581
-0.0569157611312503
-0.0559003407522105
-0.0548570593324995
-0.0541465712177111
-0.0540412562966942
-0.054677691608969
-0.056075386888247
-0.0581909755347821
-0.06094600178669
-0.0641916341108276
-0.0676357366770779
-0.0708075411327487
-0.0731268950393096
-0.0740715338524816
-0.0733506251573665
-0.0709761231227142
-0.0671999836659793
-0.0623873117205249
-0.0569263664717064
-0.0512111324949816
-0.0456454342974727
-0.0406021545046395
-0.0363367856124351
-0.0329237623145448
-0.0302806091739736
-0.0282695928959167
-0.0267935232739459
-0.0258085236603632
-0.0252591855617581
-0.0250130834334274
-0.0248590970675265
-0.0245631261821794
-0.0239284766836747
-0.0228249873749575
-0.0211950754794098
-0.0190614785406242
-0.0165381827511488
-0.0138193290001465
-0.0111281937532416
-0.00864324130909174
-0.00644124953545544
-0.00448345128488944
-0.002635495202474
-0.000694012224330177
0.00159227115262395
0.00449592798458715
0.00826764974761642
0.0130830132652862
0.0189972242036362
0.0259269792545552
0.0336750147683697
0.0419961025648357
0.0506738198106445
0.0595680305625713
0.0686220509236076
0.0778457798689758
0.0872757801382371
0.0968907781618542
0.10649355926068
0.115636441089262
0.123675611912658
0.129954636088449
0.134017027258927
0.135731405670724
0.135285141204375
0.133076545297441
0.129551466375963
0.125027381557997
0.119579571952065
0.113081582697128
0.105410106082906
0.0966800964179729
0.087323322227029
0.0779427199446349
0.0690602007503977
0.0609495568212321
0.0536511370701481
0.0471094407093481
0.0413004747407564
0.0362590680663439
0.032012402611017
0.0284975453179913
0.0255452717558684
0.0229495109144251
0.0205629329181849
0.0183376863432016
0.0162836220570771
0.0143863325374235
0.0125515063032341
0.0106136797501492
0.00840010019082683
0.0058075738010843
0.00284725870825122
-0.000363868263800769
-0.00365232806437691
-0.00684422061055995
-0.00980055198401961
-0.0124304740184982
-0.0146982186262895
-0.0166312848274956
-0.0183183733905465
-0.0198815986094542
-0.0214287023111141
-0.0230167229118046
-0.0246514744446039
-0.0263054032752851
-0.0279146531953824
-0.0293523561254967
-0.0304214684367512
-0.0308961288281583
-0.0305811728646875
-0.0293381620498938
-0.0270733958343695
-0.0237358201061565
-0.0193616349401203
-0.0141393834713534
-0.00842853334590265
-0.00269491761695574
0.00260398496064343
0.00711756850805087
0.010650845469519
0.0131786494359286
0.0148437495747868
0.0159257853411256
0.0167640546740508
0.0176574694943509
0.0187938784259124
0.0202356184844369
0.0219405156148044
0.0237845770816331
0.0255800562205027
0.0271075005369107
0.028170653351414
0.0286514565792011
0.02852776509188
0.0278411759406769
0.0266460490084615
0.0249866095309805
0.0229160073222116
0.0205236042441522
0.0179275789624727
0.0152291306732783
0.0124663941691541
0.00960238200769577
0.00654251886282022
0.00316167005725133
-0.000652544124481327
-0.00492026555663278
-0.00947922685292274
-0.0139616226833347
-0.017891083365754
-0.0208592440055687
-0.0226749609180741
-0.0234025746675803
-0.0232846199801265
-0.0226082489228408
-0.0215907731002575
-0.0203355249079933
-0.0188626859370048
-0.0171756639338501
-0.0153119621658992
-0.0133551647011731
-0.0114196580465412
-0.0096270851200697
-0.00808051279369244
-0.00684100270740197
-0.0059225118585981
-0.00531500030198571
-0.00501914003226587
-0.0050620942885223
-0.00547833682038443
-0.00626308620718169
-0.00732169369897522
-0.00844625039226318
-0.00934555038523402
-0.00972752149351359
-0.00939816547558071
-0.00832809020237174
-0.00665683526305606
-0.00463892472056342
-0.00256431940338633
-0.000696174234529331
0.000751697630592013
0.00161626945039213
0.00180098948344499
0.00130681514773167
0.000238503946660047
-0.00123884254765959
-0.00296010637238886
-0.00478268740677242
-0.00656439326041298
-0.00814719390543925
-0.00939098027648582
-0.0102386901047032
-0.0107509235219145
-0.0110751269534152
-0.0113781752043038
-0.0117988426395614
-0.0124440885524233
-0.0134049701457842
-0.0147559286013846
-0.0165278548949966
-0.0186727513864155
-0.0210371627470807
-0.023347233750008
-0.0252133578021543
-0.0261832854342353
-0.0258647766358662
-0.0240824664169127
-0.0209793848435154
-0.0169921866811216
-0.0127160263186232
-0.00874441266684464
-0.00555902773882418
-0.00348525249897705
-0.00268765326594867
-0.00317777583791387
-0.00482507947532263
-0.00737980264353735
-0.0105187597256406
-0.0139046551874185
-0.0172258092990725
-0.0201915808852394
-0.0225027912902863
-0.0238488825752854
-0.0239596990552519
-0.0226811007200636
-0.0200187374919205
-0.0161315328749969
-0.0113041342653261
-0.00592311736849526
-0.000438402647889632
0.00471965299788343
0.00924867158269043
0.0130411058925577
0.0161613027852424
0.018754929539265
0.0209573833536885
0.0228452725476207
0.0244254033468335
0.0256394777372478
0.0263826865466587
0.0265427985119479
0.0260404423661899
0.0248289284052184
0.0228401206575764
0.0199281751717054
0.0158941167271101
0.0106208519651143
0.00424685077453093
-0.00274946628017315
-0.00963843830900746
-0.0156730355112193
-0.0203449536514135
-0.0235289321645897
-0.0254581118704931
-0.026576093152608
-0.027363347103977
-0.0282133753856056
-0.0293774123595051
-0.0309564283780473
-0.0329201559577672
-0.0351606927479835
-0.0375862813547099
-0.0402037367463181
-0.0431104208121233
-0.0463917173930633
-0.0500104463453492
-0.0537659142405914
-0.0573278579739543
-0.0603121622896289
-0.0623745962787738
-0.063309497269349
-0.0631302289949815
-0.0620953674129265
-0.0606550348560042
-0.0593294361026707
-0.0585696702199339
-0.0586563188710691
-0.0596623758453839
-0.06147381247697
-0.0638463085189727
-0.0664758569695055
-0.06906275767434
-0.0713537537247476
-0.0731602348584255
-0.0743650406871228
-0.0749310954151847
-0.0749074061804378
-0.0744118388079063
-0.0735807778935342
-0.0725087161032324
-0.0712197401192762
-0.0696910711933117
-0.0679050438888688
-0.0658862592812919
-0.063703503141371
-0.0614517898778046
-0.0592411571790451
-0.0572013050046682
-0.0554881600803584
-0.0542722198706447
-0.0537023056819817
-0.0538570690359575
-0.0547049063225568
-0.0560906478222525
-0.0577594987178026
-0.0594117060313704
-0.0607575197509158
-0.0615335726043873
-0.0614673624392381
-0.0602204675893554
-0.0573665330281593
-0.0524470985823547
-0.0451081617727823
-0.0352752894529397
-0.0232904748503851
-0.00992695533517395
0.00375887639036238
0.0166944782916134
0.0280639647685794
0.0374738048382376
0.0449593266761079
0.0508543903617508
0.0556024460339138
0.0596045678625563
0.0631594400296225
0.0664722615597724
0.0696674771926875
0.07277617053014
0.0757279636285317
0.0783804221512612
0.080573115545066
0.0821710254240574
0.0830890636502735
0.0833155720437837
0.0829374624334939
0.0821435127440665
0.0811907186569038
0.0803489655055393
0.0798477266485592
0.0798318519619514
0.0803272626509619
0.0812319363520279
0.0823500161009479
0.0834560641889427
0.0843458257028368
0.0848464280707823
0.0848099574069382
0.0841332932361998
0.082805440364388
0.0809372532322081
0.0787405952762454
0.0764754640596999
0.0744060309990023
0.0727807688467651
0.0718205300896979
0.0716928183335281
0.0724616511435656
0.0740268056304166
0.0761113410932922
0.0783650687182939
0.080537847387344
0.0825517153882992
0.0844041160286642
0.0860520764919726
0.0874034777872095
0.0883533328617991
0.0887850439899666
0.0885537805177915
0.0874621987356029
0.0852001334053675
0.0812908519093432
0.0751739323070208
0.0664863545522896
0.0554058272232127
0.0428072748034835
0.0300912167749299
0.0187698756188065
0.0100333472875497
0.00447753710753441
0.00205105157756926
0.00219213831733677
0.00408930878415346
0.00695797754820952
0.0102013063950812
0.0133931472554932
0.0161621803350729
0.0181274159739973
0.0189561009889737
0.0184786555497855
0.0167457748410584
0.0139795838907297
0.0104668322340495
0.00647704208670527
0.00224559192251607
-0.00200563890302968
-0.00606235212380093
-0.00974457000123876
-0.0129360493272689
-0.0155800432447799
-0.0176447929355131
-0.0190985871979275
-0.0199208867099253
-0.0201263040197294
-0.0197536744129062
-0.0188083097281112
-0.017207019899904
-0.014796832700762
-0.0114692415547261
-0.00730542679217095
-0.00263887498227169
0.00203459824600276
0.00625727368233751
0.00979128757667382
0.0126677960288706
0.015091687129378
0.0172881784759785
0.0193944202673338
0.0214367879402489
0.0233594514042897
0.0250468329251489
0.0263217517302308
0.0269522167897001
0.0267020083966525
0.0254112692437411
0.0230558846001313
0.0197540803389788
0.015734843813575
0.0112993705237866
0.00678808117537264
0.00254633277758621
-0.00111880296536253
-0.00398666319792122
-0.00595884601691475
-0.0070610219539784
-0.0074020441705477
-0.00710917262016202
-0.0062792514930016
-0.00497766894726628
-0.00327934041762558
-0.00130939066859535
0.000757423172062383
0.00274058184547542
0.00450798475356195
0.00600728532403408
0.00726308117111564
0.00834627638392624
0.00933120366841818
0.0102638978680403
0.0111645158833073
0.0120663122683262
0.0130618394229956
0.0143124413027301
0.0159972332691779
0.0182235454078114
0.0209622116176957
0.0240677419370306
0.027378325228747
0.0308129516886173
0.0343770948525759
0.038072549348786
0.0417992522456799
0.0453453752221176
0.0484809234192253
0.0510771537233262
0.0531544085389422
0.0548297330877815
0.0562213276372187
0.0573850053458047
0.0583065047510085
0.0589266495424002
0.0591797268421511
0.059043563248777
0.0585858551779697
0.0579671704780162
0.0573808971760786
0.0569670441233204
0.0567629279651953
0.0567180965920175
0.0567479372941539
0.0567837522389339
0.0567968764785791
0.056797346526117
0.0568152644717843
0.0568731915955691
0.0569615166427737
0.0570242542468548
0.0569299066518581
0.0563752260830564
0.0547386385382589
0.0510533713774507
0.0443004686409948
0.0339719962565835
0.0205313130497154
0.00539089977092123
-0.00960556048914098
-0.0228486677676674
-0.03340494202416
-0.0411083489113461
-0.0463990117991753
-0.0500583230173154
-0.0529398420676902
-0.0557599008659064
-0.05900337371093
-0.0629545138157868
-0.0677751625000007
-0.0735227292272983
-0.0800922204409261
-0.087178979833905
-0.0943423586273697
-0.101128571823842
-0.10715234241519
-0.112108899749881
-0.115773644379569
-0.118033490477351
-0.118919065576086
-0.118574722476901
-0.117148906567307
-0.114667017410698
-0.110995244438604
-0.105962397799162
-0.099582579301203
-0.0922151415745403
-0.0845256170436609
-0.0772601088221483
-0.070975884568017
-0.0658769686895028
-0.0618144500593013
-0.0584173482096089
-0.0552715425139042
-0.0520657160352164
-0.0486615091731954
-0.0450915889230191
-0.0415136575470564
-0.0381488158640609
-0.0352262924293
-0.0329456698159825
-0.0314511737155481
-0.0308108291319576
-0.0310158429951902
-0.0320252606903536
-0.0338433768618157
-0.0365667387571259
-0.0403409341394317
-0.045234623555314
-0.0511084919048643
-0.0575677220532451
-0.0640322802295404
-0.0698856162478292
-0.0746236215826969
-0.0779428059010179
-0.0797559362736429
-0.0801610848801269
-0.0793915898562289
-0.0777543651359226
-0.0755553931927281
-0.073025897196346
-0.0702798255469493
-0.067326439004759
-0.0641281027560001
-0.0606606755684589
-0.056938657891433
-0.0530092231572862
-0.0489476291176579
-0.0448628685563903
-0.0408821185717922
-0.0370903900303588
-0.0334580393879761
-0.0298247569303073
-0.025975609414741
-0.0217720557531331
-0.0172562031534062
-0.0126635780921404
-0.00833915977072352
-0.00460994290660011
-0.00168490599957932
0.000381829099813531
0.00168093731525461
0.00242205797661644
0.00289365247124267
0.00338769971539851
0.00409545444817692
0.00503024376709629
0.00604053819864847
0.00691775405565621
0.00752886833106436
0.00788657869851537
0.00812565289618091
0.00842621786233456
0.00894731816416381
0.00979948276079363
0.0110391245918465
0.0126573763216249
0.0145666207207188
0.0166158613351422
0.0186450979796985
0.0205381291986261
0.0222245546161667
0.0236371621858913
0.0246812595736285
0.0252541134184667
0.0252945585647487
0.024816621796263
0.0239061324119108
0.0226968118710757
0.0213516903760756
0.0200531561720114
0.018984261805048
0.0183000170254739
0.0181246603636453
0.0186085487178977
0.0200118640890908
0.0227164529767839
0.0270917347142663
0.0332577676839049
0.0408937555903265
0.0492318501063265
0.0572615570867831
0.064044689237109
0.0689874347310995
0.0719521136248931
0.0731841349417709
0.0731243758943848
0.0722185705163063
0.0708019433137313
0.0690655795546409
0.0670675759763945
0.0647651120003381
0.0620723779867527
0.0589423074045225
0.0554378656861688
0.0517528279982484
0.0481748831768887
0.0450156217401198
0.0425336803006692
0.0408648026347184
0.0399715472330099
0.0396334279330434
0.0394940626519259
0.0391587989446547
0.0383105405335252
0.0367999454040278
0.0346730019566988
0.032121978683595
0.0293785961162293
0.0265987698360993
0.0238000345358668
0.0208893089198815
0.0177625939052049
0.0144100597291992
0.0109652249965053
0.00768679059942718
0.00490144255973359
0.00293433362185399
0.002033867209408
0.00229755166028675
0.00362958488331995
0.00576799953938146
0.00837734414545651
0.0111471575233089
0.0138379038964014
0.0162789496553177
0.0183674101357216
0.0200881035736412
0.0215207847744132
0.022798566053843
0.0240333170821584
0.0252636142249028
0.0264616626124375
0.0275812466736436
0.0285989541752188
0.029520767704771
0.0303634110893091
0.0311332724777445
0.0318133051026024
0.0323559728679955
0.0326826611889366
0.0326984159438224
0.0323295221404925
0.0315735511358429
0.0305281884294395
0.0293628201482884
0.0282325470628848
0.0271865526401844
0.0261400727527176
0.0249283579790889
0.0233738514666602
0.0212703530848371
0.0182909516565684
0.0139770369831801
0.00795795833064399
0.000319157074274524
-0.0081797581975543
-0.0162531451055679
-0.0225048239771761
-0.025821987874367
-0.0255785370552663
-0.0217039786077028
-0.014718488491878
-0.00570133207261669
0.00391648641739525
0.0127355206673072
0.0197789228687123
0.0246902553042337
0.0276719825258767
0.0292612109811457
0.0300911394105247
0.0307231780417505
0.0315522660407333
0.032761223123076
0.0343173396764318
0.0360135628463141
0.0375413948355135
0.0385717673888075
0.0388315383734061
0.0381739519491473
0.0366281744009756
0.034396536890614
0.0317869685136581
0.0291156623029657
0.0266361016962891
0.0245150380404217
0.0228269554470453
0.0215374503305953
0.0204885848811507
0.0194235263989928
0.0180584303029428
0.0161616171713692
0.0135926528213196
0.0102989454243717
0.00631354216657675
0.00178647553522318
-0.00297788104998009
-0.00753743301153736
-0.0114013900986552
-0.0141459443912263
-0.0155009767111538
-0.0153910869954693
-0.0139403877588025
-0.0114476375976073
-0.00833757914052371
-0.00510109600273091
-0.00222892096971363
-0.000130074943360897
0.000958590251355706
0.00102754524540568
0.000264027770584078
-0.00106154150442033
-0.00272238981454753
-0.00459199759717025
-0.00660143989566125
-0.00864620829498438
-0.0105327494406238
-0.0120237729825058
-0.0129537774126898
-0.0133190696911044
-0.0132708068073263
-0.0130292620151937
-0.0127943373887792
-0.0127043530784293
-0.0128399579275724
-0.0132429732513581
-0.0139281251686466
-0.0148848057890324
-0.0160794766672598
-0.0174699229996668
-0.0190283749278245
-0.0207541029719887
-0.0226591359714956
-0.0247355207548889
-0.0269319413542043
-0.0291581686683632
-0.0313117116050453
-0.0333124761653614
-0.0351359464324183
-0.0368284912347518
-0.0384807766329421
-0.0401641474067393
-0.0418856790549499
-0.0436210939815362
-0.045413029657587
-0.0474404689441876
-0.0499670862079225
-0.0531788811190314
-0.0570293694374376
-0.0612076012413086
-0.0652343171428388
-0.0686012954013294
-0.0708848629054391
-0.0718298020006748
-0.0714134915409274
-0.0698592551511269
-0.0675549227623509
-0.0648907427678416
-0.0621050828586952
-0.0592316030122047
-0.0561635233497113
-0.0527639880148078
-0.0489370161455326
-0.0446322604438725
-0.0398215719001214
-0.0345002849537455
-0.0287308194581765
-0.0226970316863314
-0.0167158194476029
-0.0111795295549064
-0.00645928158567611
-0.00283145416902049
-0.000463033553778424
0.00056195915216229
0.000212240461646146
-0.00150883828857672
-0.00456634579092784
-0.00886580918428777
-0.0141816704282792
-0.0200749509068514
-0.0258783104607656
-0.0308102192829431
-0.034192470871431
-0.035655094666939
-0.0352117219964511
-0.0331864712025479
-0.030070590116717
-0.026392277099738
-0.0226232758434613
-0.0191095798100847
-0.0160279089112225
-0.0133884790013482
-0.0110901368165144
-0.00900017849815367
-0.00701687880557737
-0.00509577628268773
-0.00325584661346842
-0.00158557432854795
-0.000237786544464663
0.000615041369002257
0.000861530120338318
0.000517674876173375
-0.000275549389283917
-0.00132738634807722
-0.00248775612888226
-0.00367586724732274
-0.00482065238962967
-0.00577492823180331
-0.00630211558145188
-0.00616756399113261
-0.00526096669581183
-0.00364804853394482
-0.00152218255416604
0.000889987846020506
0.00340095004383546
0.0058870100350943
0.00827808024067835
0.0105321672967667
0.0126050102275075
0.0144254489230412
0.0158962062766129
0.0169292664465705
0.0174860649450825
0.0175733002527174
0.0171903726195896
0.0162895157568207
0.0148037615124247
0.0127178375333844
0.0101030906069036
0.00707867584079453
0.0037481090232363
0.000191020947880358
-0.00347287195777111
-0.00701917100917968
-0.0101370560939943
-0.0125327063915466
-0.0140420248828073
-0.0146858169795109
-0.0146629050711441
-0.0143069652742961
-0.0140170406802653
-0.0141616023893204
-0.0149763926398338
-0.0164980165302373
-0.0185687042078279
-0.0209151819598035
-0.0232648879186545
-0.0254383670227821
-0.0273703255797547
-0.0290622377706385
-0.0305148595923243
-0.0316862603441636
-0.0324808732376449
-0.0327504670230413
-0.0323020711546034
-0.0309267428735833
-0.0284514431001873
-0.0247877555276386
-0.0199421665768189
-0.0139767413460833
-0.00695350093568902
0.00107108389561238
0.0099587744493285
0.0193560128883475
0.0286373290454165
0.0370149265098395
0.0437735405576217
0.0484903362666498
0.0511218735724955
0.0519434649320239
0.0514086184188985
0.0500095717664669
0.048187229192364
0.0462958968124171
0.0445949215333699
0.0432340500066399
0.0422295961554854
0.041462347526454
0.0407208738920183
0.0397723694509003
0.0384186428726936
0.0365092470450434
0.033914605334015
0.0304934597307161
0.02610991411399
0.020728153752264
0.014531758851428
0.00796444655446185
0.00164580842895812
-0.00378047451301484
-0.00777832872588344
-0.010000886264135
-0.0103421659114061
-0.00896405232805385
-0.00626973155119818
-0.00280599420937602
0.000874721829909086
0.00433380686569181
0.00730799643530472
0.0097122160828338
0.0116059096882239
0.013144363767404
0.0145231500574623
0.0159135613507039
0.0173959635688974
0.0189212579137361
0.0203340333248829
0.0214554514498617
0.0221799650113968
0.0225301050831921
0.0226430882725566
0.0227069854047286
0.0228953967528956
0.0233480690959207
0.0242068799823701
0.025665511798595
0.027968138552641
0.0313241982898872
0.0357745759776253
0.0410933880357573
0.0467961999035084
0.0522619050616479
0.0569123763216201
0.0603711137241443
0.0625413422380184
0.0635807246803352
0.0637796607629356
0.06336881152586
0.0623071075235702
0.0601488873325155
0.0561221974588371
0.0494828226699254
0.0400148216713807
0.0283714635998639
0.015993437933682
0.00461653085547523
-0.0043419208258075
-0.0101846940113565
-0.0129850951166638
-0.0133772484940232
-0.0122611529384736
-0.0105349190702103
-0.00889011696435196
-0.00769712516890691
-0.00701765310179086
-0.00673924133816318
-0.0067529737809006
-0.00707148090216586
-0.00783779607058726
-0.00925547596674382
-0.0115091662583878
-0.0147167296313551
-0.0188948199946002
-0.0239021442256296
-0.0293766650609204
-0.0347371720139159
-0.0392965778463249
-0.0424534513475864
-0.0438730249519917
-0.0435753473007199
-0.0418930533332696
-0.03932122699777
-0.0363393599460964
-0.0333018636919286
-0.0304409541988458
-0.0279391029700441
-0.0259828360979012
-0.0247413892096157
-0.0242875458994355
-0.0245306303188939
-0.025224192540509
-0.0260518363645836
-0.0267363020582163
-0.0271141708922206
-0.0271654171807317
-0.0270178963713626
-0.0269265599427319
-0.0272031019442056
-0.0280973545045053
-0.0296809856147184
-0.0317950983142561
-0.0340879663021692
-0.0361217950746677
-0.0374874250378918
-0.0378509263074311
-0.0369061437997236
-0.0343161484091451
-0.0297806268120551
-0.0232579095185807
-0.0151797432093577
-0.0064448397303873
0.00185229971002477
0.00878551244678776
0.0138389988605683
0.0169417819850113
0.0183481218473992
0.0184630570392738
0.017689924715026
0.0163353244117436
0.0145660037467184
0.0123960172402547
0.00970525067895355
0.00631018734326284
0.00207859359071683
-0.00296634046196574
-0.00860587368673708
-0.0144627973225371
-0.02010466587723
-0.0251941860304685
-0.0296361645511913
-0.0336344286311009
-0.0375981265650903
-0.041927261560609
-0.0467863149683978
-0.0519848811085841
-0.0570294543910636
-0.0613202951434306
-0.0643855687083845
-0.0660301639363739
-0.0663449840136068
-0.0656119034775891
-0.0641781651818148
-0.0623573771976294
-0.0603807150084565
-0.0583922239529789
-0.0564615064295975
-0.0545866991530341
-0.0526786039911572
-0.0505312026721827
-0.0477921022557482
-0.0439694068592502
-0.0385302898423558
-0.0311003545800455
-0.0216685927286256
-0.0106566722975032
0.00119640061547071
0.0130409385752113
0.0240841684729105
0.0336767420427427
0.0413640850105961
0.0469425890315889
0.0505015084191916
0.0524050049460707
0.0531954105345011
0.0534424414639872
0.0535921907591326
0.0538725445546133
0.0542863544712111
0.0546813778966077
0.054851678573779
0.0546208824593112
0.0538830042836732
0.0526082375966185
0.0508352124849454
0.0486642898193429
0.0462522441853967
0.0438009422397153
0.0415350316615251
0.0396703448955843
0.0383784337201244
0.0377543120392061
0.037799195647589
0.0384319529270759
0.0395278229006913
0.0409551249534325
0.0425732721566058
0.0441913277474294
0.0455358031621138
0.0462803842338128
0.046132584034594
0.0449094463426683
0.0425402141635209
0.0390122128699303
0.0343418221257249
0.0286238525343388
0.0221166565672249
0.0152651005177069
0.00860940116061652
0.00262354947585038
-0.00242042382629652
-0.00649174033323957
-0.00973915292261857
-0.0123775977476587
-0.0145883349970802
-0.0164735246986483
-0.0180609534197124
-0.0193231935983039
-0.0201825992704935
-0.0205099942641982
-0.0201545088085696
-0.0190308486418789
-0.0172367173156211
-0.0151178428218082
-0.013199035043607
-0.0119805336757213
-0.0117083710722016
-0.0122660242040576
-0.0132545264288348
-0.0141983194461419
-0.0147484554194403
-0.0147900906684882
-0.0144398184568769
-0.0139692601691524
-0.0136954898606451
-0.0138689977970918
-0.0145977830194173
-0.0158497894421492
-0.0175310312772188
-0.0195688136621933
-0.0219247031040077
-0.0245380334494771
-0.0272662488178469
-0.029872878563391
-0.0320608309562532
-0.0335303771254472
-0.03405332492047
-0.0335510847059058
-0.0321433809043843
-0.0301341950169872
-0.0279318117105836
-0.0259288965138621
-0.0243741753895138
-0.0232662132293314
-0.0223129322689492
-0.0210088413857794
-0.0188428498987867
-0.0155606951966622
-0.0113340814115113
-0.00671486284609365
-0.00238365355176105
0.0011561921078156
0.00375271879878953
0.00556068284696446
0.00684324546120336
0.00777437521590254
0.00836598705931462
0.00853044273393667
0.00818925247244798
0.00733163237130257
0.00600143097401116
0.00425947775974338
0.00216400407724388
-0.000235525147818329
-0.00290945624281
-0.00585034444695092
-0.00904025797610159
-0.0123959030062294
-0.0157422347667916
-0.0188432297648827
-0.0214626803680681
-0.0234078441393243
-0.024539686561395
-0.0247659801325023
-0.024031611058078
-0.0223039246759238
-0.0195534510606225
-0.0157494895801729
-0.0108950909465982
-0.00509856233830961
0.00136316274161672
0.00804830813024392
0.0144432062465096
0.0201027805350956
0.0247606411880222
0.0283518298632063
0.0309484860901213
0.0326589124392145
0.0335562431216898
0.0336758236448169
0.0330612328239051
0.0317941375795097
0.029965350120353
0.0276177934186795
0.0247351522153505
0.0213139172201706
0.0174782352993158
0.0135483303028889
0.00999548973914528
0.00729726725857557
0.0057840321514395
0.0055712638722383
0.00659285051184049
0.00866867324264441
0.0115403053764214
0.0148793183224561
0.0183194238491803
0.021533442451161
0.0243174762932194
0.026630344467659
0.0285716597279739
0.0303195601308254
0.0320585810230639
0.0339172886265363
0.0359233808093216
0.0379821286175485
0.0398900329536641
0.0413907196526611
0.0422518661448719
0.0423200177863962
0.0415366884898911
0.039947409757399
0.0377267729548143
0.0351772065804116
0.0326439996207116
0.0303769349945518
0.0284541563153538
0.0268395350700894
0.0255089522604031
0.024514805124557
0.0239359425479486
0.0237828549510482
0.0239587922690571
0.0243034298801619
0.0246668084834744
0.0249555972872892
0.0251386369502967
0.0252269083141682
0.0252374287676574
0.0251492803049557
0.0248796654728542
0.0243112804546233
0.0233605429265673
0.0220227621129448
0.020326187344853
0.0181967104534332
0.0153385623208093
0.0112755470731535
0.00559269381367262
-0.00176548324044556
-0.0103578293579278
-0.0193679282767071
-0.0279041481930737
-0.0353239256868241
-0.0414462199305678
-0.046554196347482
-0.0511651241237279
-0.0556809455291959
-0.0601367270417172
-0.0642124708275936
-0.067487007200707
-0.0697442978352562
-0.0711195011752453
-0.0719966548027303
-0.0727431974992666
-0.0734668847490715
-0.0739456353873409
-0.0737517929177128
-0.0724723593203251
-0.0698916758643883
-0.0660539937806963
-0.061208266962331
-0.0556982173663567
-0.0498671674808639
-0.0440091322443648
-0.0383546662542953
-0.0330667045896014
-0.0282370607054342
-0.0238919611819986
-0.0200166857617433
-0.0165952308303243
-0.0136419419804558
-0.011195956281533
-0.00926891292786759
-0.00777219475107511
-0.00647377179248917
-0.00502463774766563
-0.00305364346833156
-0.000284218826838814
0.00338843967405825
0.0078914729596708
0.0130211395095793
0.0184961457831154
0.0239885168198578
0.0291436875350181
0.0336215584561577
0.03716489655322
0.0396555638060477
0.0411093516134622
0.0416112740459778
0.0412555133240372
0.0401503181866699
0.038468371147683
0.0364535616386195
0.0343268155986537
0.0321491670796266
0.0297782587617227
0.0270000415200185
0.0237666310920175
0.0203546616473905
0.0172855803836513
0.0150230697390396
0.0136571991959739
0.0128201865907031
0.0118983219993111
0.0103735780634718
0.00806749373894995
0.00519014414586719
0.00224252265254438
-0.00014747122117369
-0.00141132253878683
-0.00121304101009825
0.000448217279035985
0.0032556919036338
0.00670537120688669
0.0102813922460953
0.0135952983194323
0.0164432026206445
0.0187840526233374
0.0206759138226374
0.0222133753055968
0.0234867675644596
0.0245529394730809
0.0254032333423408
0.0259429074401041
0.0260160923724725
0.0254854841211413
0.024327442823069
0.0226838778813216
0.0208427811851594
0.0191676240111788
0.0180180027779673
0.0176901672195478
0.0183810855985617
0.0201659334930292
0.0229784676383067
0.0265945161075774
0.0306393776913849
0.034650732706947
0.0382006725028696
0.0410227970023456
0.0430625706443406
0.0444156443766639
0.0452043517410093
0.0454842399237058
0.0452336794063559
0.0444053300987011
0.0429784664006235
0.0409723908258067
0.0384321146933872
0.0354228183219698
0.0320439294914627
0.0284339413575119
0.0247419587440686
0.0210881863317378
0.0175544256784089
0.0142057875618681
0.0111052439519683
0.00830024766502746
0.00580170309859814
0.00357744755214583
0.0015535613303527
-0.00038879486560346
-0.00240754708663039
-0.00466006256889998
-0.00723541367881659
-0.0101033767567053
-0.0131213244844752
-0.016095902031962
-0.0188644626508833
-0.0213659326480798
-0.0236791482972969
-0.0260004745400396
-0.0285475150815247
-0.0314308455034283
-0.0345783574632831
-0.0377679607029806
-0.0407426731458856
-0.0433239702093587
-0.0454540820037522
-0.0471647200373465
-0.0485250875123504
-0.0496200003027071
-0.0505606604654211
-0.0514897479604251
-0.0525489240708972
-0.0538181328139107
-0.0552679871494067
-0.0567612402008618
-0.0581054452512712
-0.0591260832218034
-0.0597217734772807
-0.0598789643523301
-0.0596436024904448
-0.0590644756552537
-0.0581402552266739
-0.0568059057143526
-0.0549683364338052
-0.0525659973492234
-0.0496166949320882
-0.046231886997026
-0.0425930430428214
-0.0389023716959502
-0.0353343032674278
-0.0320078891756958
-0.0289770614686818
-0.0262321505697053
-0.0237290390198139
-0.0214611325658486
-0.0195373190476407
-0.0181881131484269
-0.017666154574332
-0.0181069936416084
-0.0194627341301819
-0.0215604757932509
-0.0242307863631253
-0.0273973776873457
-0.0310573406394481
-0.0351746398389653
-0.0395823956587181
-0.0439802743648736
-0.0480291202039382
-0.0514671399883179
-0.0541741867330475
-0.0561734971956808
-0.0576017780682119
-0.0586660317671766
-0.059587824399182
-0.0605509423933651
-0.0616788545415134
-0.0630365001266195
-0.064622208073369
-0.0663467259655615
-0.0680453325865074
-0.0695496284372009
-0.0707681358378815
-0.0716946706403122
-0.0723332145853827
-0.0726155256245692
-0.072382913317317
-0.0714240131907102
-0.0695189328167216
-0.0664698258571047
-0.0621273434601622
-0.0564166721419814
-0.0493596940450627
-0.0410929648329486
-0.0318750095862174
-0.0220663928923935
-0.0120735283249387
-0.00226605438421511
0.00711110614557638
0.0160018190738192
0.0245389597123552
0.0329518659385143
0.041404196824854
0.049845410489336
0.0579703652900026
0.0653235997929023
0.071490137788115
0.076250437694793
0.0796036424117243
0.0816696323179762
0.0825722952539728
0.0823990647817621
0.0812434070684583
0.0792621284074464
0.0766841268020331
0.0737702017469113
0.0707714286818674
0.0679220339566097
0.0654563843099936
0.0636125842471268
0.0625993341002788
0.0625385116806599
0.0634219509369062
0.0651163869058854
0.0674167716721384
0.0701133555068928
0.0730343786132742
0.0760522924008786
0.0790662417602683
0.0819805948431039
0.0846961733741163
0.0871210409148126
0.0891909198460159
0.0908809279424069
0.0922016524827977
0.0931850568123477
0.093861957893143
0.0942313400477123
0.0942406151997863
0.0938070464043062
0.092878830242527
0.0914854486300754
0.0897248241248236
0.0876937366310641
0.0854274375254921
0.0829078175161813
0.0801273611715903
0.0771320284713557
0.0739866389003652
0.0706979484436502
0.0671878373075407
0.0633580850099076
0.0591873436899675
0.0547704649405969
0.0502794362965377
0.0459004945118002
0.0417958453702014
0.0380797232373
0.0347797639517163
0.0317986080390651
0.0289253699917971
0.0259137978368006
0.0225798445631382
0.0188534553874841
0.0147650714684293
0.0104011383249778
0.00587107180790513
0.00129528214419091
-0.00320637869315675
-0.00754536928999221
-0.011708204089422
-0.0157771090451696
-0.0198823470041981
-0.0240811020136958
-0.0282382441300112
-0.0320237548978577
-0.0350642590828509
-0.0371442775383188
-0.0382995970005812
-0.0387508254587447
-0.038772864300648
-0.0386142478386293
-0.0384632234059416
-0.0383910022804724
-0.0383196332736671
-0.0381711420988927
-0.0381355673829498
-0.0386849599719713
-0.0402063700673313
-0.0426880052603555
-0.0458139494284956
-0.0492388861114596
-0.0526868835015195
-0.0558726004556506
-0.0584339121968693
-0.0599695192181065
-0.0601550749200231
-0.0588679316246384
-0.0562477491487051
-0.0526482284391684
-0.0484996876684558
-0.0441630845185192
-0.0398542108863826
-0.0356539456817896
-0.0315652076798246
-0.02757497267932
-0.023701833828608
-0.0200174179957966
-0.0166339690434648
-0.013667793371019
-0.0111995061884178
-0.00924357043907856
-0.00773514128000264
-0.00655049760756748
-0.00556530550915437
-0.00471358863169973
-0.00399256402441044
-0.00340450529818269
-0.00289217694598485
-0.00233307174590719
-0.00160158162742644
-0.000649513934251906
0.000454581718162347
0.00155004026418024
0.00244624228400778
0.0029749581853153
0.00301354745201773
0.0025051807590654
0.00150454479309888
0.000226931931261173
-0.000961038171299332
-0.00164269916787864
-0.00150411511929489
-0.00045083409991486
0.0013744601438954
0.00366738193409706
0.00607623368496652
0.00830676328973794
0.0101968509764168
0.0117471343677634
0.013085944272552
0.0143700749673635
0.015678471691473
0.0169771432633004
0.0181746053270777
0.0192055464702
0.0200713195286148
0.020828628494077
0.021561437483017
0.0223520847264723
0.0232405034829846
0.0241756174121457
0.0249925176990804
0.0254451141699134
0.0252864448558254
0.0243507822926477
0.0225859413665339
0.0200259930026523
0.0167526636787887
0.0128999692737016
0.00869359663875425
0.00446088156318893
0.000571483144555865
-0.0026612897736502
-0.00505863960916137
-0.00660177568426347
-0.00740928715084975
-0.00768706061207127
-0.00767404677014441
-0.00760021594802359
-0.00765742467744849
-0.00797670477179882
-0.00861691045176021
-0.00957934340922099
-0.0108484476775111
-0.0124331594809508
-0.0143804846571741
-0.0167585850674412
-0.0196305341479901
-0.0230356852019992
-0.026974051195075
-0.0313824008017663
-0.0361116991865615
-0.0409357942512594
-0.0456010132250994
-0.049877061848652
-0.053558566713628
-0.0564235558258578
-0.0582138099456338
-0.0586857747025129
-0.0577083421876684
-0.0553380329347419
-0.0518254530832879
-0.04756426322123
-0.043020051373783
-0.0386524991896849
-0.0348240229174023
-0.0317185427251738
-0.029329166133991
-0.0275387164537614
-0.0262355309514267
-0.0253746963243582
-0.0249475950742567
-0.0249048229217129
-0.0251186620228025
-0.025437783658938
-0.025798346916965
-0.0262894675678463
-0.0271010005872468
-0.0283839444269939
-0.0301242816311133
-0.032109964146507
-0.0339979583346679
-0.0354315170668099
-0.0361443899966779
-0.0360114782356471
-0.0350434584086182
-0.0333488777558514
-0.0310887819407659
-0.0284401386190952
-0.0255808314268406
-0.0227044215926377
-0.0200517960523473
-0.0179176558913363
-0.0165918565863393
-0.0162493860173306
-0.0168597837605473
-0.0181787824515704
-0.0198212335452201
-0.0213673170225659
-0.0224547447140926
-0.0228294995124735
-0.0223479833756077
-0.0209483024670582
-0.0186228849124693
-0.0154089905168639
-0.0113862169829053
-0.00666453378347978
-0.00136262313223074
0.00441007205036992
0.0105555632581835
0.0169761705736079
0.0235700529655944
0.0302512589259455
0.0369783145244291
0.0437459411505608
0.0505184308833605
0.0571462298164962
0.0633392613997683
0.0687339614039378
0.0730221620706416
0.0760696000436564
0.0779637538389151
0.0789728670560476
0.0794383138738841
0.0796496761994679
0.0797633372560302
0.0798048045960308
0.0797386329434879
0.0795417529671544
0.0792275376153124
0.0788245612422374
0.0783500883268658
0.0778040741633864
0.0771799573546281
0.0764827985748735
0.0757537299872099
0.07508963328866
0.0746243357734917
0.0744506046026762
0.0745257636102033
0.074649802603084
0.0745574914344832
0.07405765018371
0.0731053627104786
0.0717652384134358
0.0701292477872696
0.0682707012544361
0.0662457971910519
0.064098119226723
0.0618395851273498
0.0594309589266005
0.0567982137759267
0.0538853615187366
0.0507032969740089
0.0473350480244394
0.0438980060206029
0.040493434719846
0.0371657011314029
0.0338786459279552
0.0305206302006445
0.0269494534069938
0.0230623017491441
0.0188508986106942
0.0144110393816054
0.00991147664358527
0.00555611787926572
0.00156846433737438
-0.00180952097308183
-0.00433987214264919
-0.00584759254931966
-0.00628318088092264
-0.00574310325934495
-0.00444098786967957
-0.00265790466989718
-0.000693027331328852
0.00118603180596406
0.00278889373829575
0.0040177651867649
0.0048326092256368
0.00519282169837764
0.00503727366830882
0.00433204541383225
0.00313812378189778
0.00161907802330466
-3.9036134403981e-05
-0.00174929786113834
-0.00361717463711817
-0.00595665930206954
-0.00920980861022865
-0.0137876525032122
-0.019898699170782
-0.0274504421843594
-0.0360673350877597
-0.04519998202017
-0.0542647144325641
-0.0627619815662032
-0.0703448945206185
-0.0768292011131919
-0.0821603996130542
-0.08637438996766
-0.0895782072389915
-0.0919396261786165
-0.0936534162012767
-0.0948781353465525
-0.0956832706699415
-0.096058725582975
-0.0959964936250358
-0.0955896923953672
-0.0950647978526708
-0.0947039935344263
-0.0947004708511392
-0.0950482831635943
-0.0955462721187093
-0.0959101307989078
-0.0959113680939236
-0.095456048143571
-0.0945720062197003
-0.0933354673289657
-0.0917936242347162
-0.089927029211993
-0.0876649479397458
-0.0849354776783518
-0.0817133336840023
-0.0780338640726552
-0.0739697006135195
-0.069593151099375
-0.0649523218951641
-0.0600754459437388
-0.0550006519061926
-0.0498143872253629
-0.0446742117120135
-0.0397964993228264
-0.0354070794466682
-0.0316744394700613
-0.028659178394221
-0.0263090585771251
-0.0245032424976644
-0.0231174406350673
-0.022069723604486
-0.021325774956873
-0.0208761628031784
-0.0207180052427143
-0.0208618657229795
-0.021351148932602
-0.0222594672698133
-0.0236497430856848
-0.0255207705259125
-0.0277824442474697
-0.0302710695407182
-0.0327801724575889
-0.0350834748766662
-0.0369586510864131
-0.0382363382526653
-0.03886677898211
-0.0389474737378578
-0.0386603043215341
-0.038143036507102
-0.0373907171932306
-0.0362649303211199
-0.0345980426830351
-0.0323070034275736
-0.0294412340234908
-0.0261573658816517
-0.0226638867542252
-0.0191712440517746
-0.0158520521111181
-0.0128106058447428
-0.010074312792424
-0.00761491951611632
-0.00538462713026266
-0.00334195308435518
-0.0014524289783737
0.000334618680997041
0.0021156614390671
0.00403993290072851
0.00627469511586047
0.00894249726371312
0.0120718568659546
0.0155984065825543
0.0194174976786951
0.0234489503135976
0.0276666066292822
0.0320787618380604
0.0366837706828774
0.0414311493107541
0.0462040565240754
0.0508338233296255
0.0551549757052679
0.0590869850561992
0.0626977605263379
0.0661997955875982
0.0698657225838301
0.0739008800978228
0.0783394562256569
0.0830177744238145
0.0876333395320647
0.0918527595009466
0.0954131093805131
0.0981760176360768
0.100128020269338
0.101349406593108
0.101977036872888
0.10217055448356
0.102080934037205
0.101824285694966
0.101466997476694
0.101022471358733
0.100456739977187
0.0997065040919412
0.0987153788934715
0.0974801411400393
0.0960781118948849
0.0946444922312824
0.0932991730800281
0.0920681441979278
0.0908601480526565
0.0895150595844372
0.0878648849077216
0.085719054304702
0.0827608026030561
0.0784731084418858
0.0722480970311112
0.0636810025152273
0.0528470536418763
0.0403491344905397
0.0271243477748736
0.0141669517853569
0.00230276510922852
-0.0079527941730045
-0.016448497567517
-0.0233410175496069
-0.0289460132376553
-0.0335826155339781
-0.0374930678552118
-0.0408413289943284
-0.0437391741022899
-0.0462619281705438
-0.0484505788038074
-0.0503078256619916
-0.0517956792812716
-0.0528457876832164
-0.0533836022731689
-0.0533470934362304
-0.0526860607944128
-0.0513593489511111
-0.0493551803051911
-0.0467263086220135
-0.0436038302754591
-0.0401718307941065
-0.0366258370165122
-0.033151586730824
-0.0299348091204816
-0.0271766657983238
-0.0250776181513217
-0.0237788697688425
-0.0232950949171324
-0.0234882064446627
-0.0240977402773489
-0.0247993096664662
-0.0252597551794098
-0.0251865495349639
-0.024380763519717
-0.0227845311749746
-0.0204975104465628
-0.0177444451948084
-0.0147990833257323
-0.011895647604278
-0.00917528440609168
-0.0066975425442941
-0.00449415118377606
-0.00260685216225194
-0.00108071078816927
5.70603933034135e-05
0.00079264681393187
0.00110104610423617
0.00094095085700992
0.000289454903152029
-0.000808147733433622
-0.00222143977315398
-0.00377691320528076
-0.00532953894533676
-0.00679550043722766
-0.00810872131625121
-0.00914654266810808
-0.00971200444637028
-0.00960630814708873
-0.00873482918767293
-0.00716315532378407
-0.00509197558015609
-0.00278071097999069
-0.000464077036716815
0.00171282456767045
0.00372797354298713
0.00567123836905563
0.00768468137400566
0.00988041330366243
0.0122867767458318
0.0148575039024138
0.0175264545795786
0.0202533248493538
0.0230226628327901
0.0258098944033912
0.0285585080537128
0.0311937345996667
0.033654794557733
0.0359070309036859
0.0379196669288446
0.0396400447698924
0.0410075564622248
0.0420061665102885
0.0427006858019304
0.0432092032585243
0.0436316890302784
0.0440029705617
0.0443090651846245
0.0445377447599745
0.0447082086558805
0.0448590838567576
0.0450137605657648
0.045146233376117
0.0451594498442636
0.0448916234273159
0.0441688220736974
0.0428923383929363
0.041102099163866
0.0389537803402602
0.0366137724030436
0.0341522062826121
0.0315183489696615
0.0286133042562205
0.0254023956971239
0.0219871237604944
0.0185865726104425
0.0154386228862402
0.012684936553522
0.0103075263294872
0.00813725502296344
0.00590799973701363
0.00332550372240047
0.000140385966706707
-0.00377623225507079
-0.00836686327273887
-0.0133605213112466
-0.0183177023940879
-0.0227543347727141
-0.0262970100177512
-0.0287874319504585
-0.0302872274548288
-0.0310069764029225
-0.0312178335905916
-0.0311794050455689
-0.0310885022787136
-0.0310552001535604
-0.0311151697813063
-0.0312658847632819
-0.0314973451955494
-0.0318010866319055
-0.0321628938693229
-0.0325502622142622
-0.0329044944857463
-0.0331482513914245
-0.0332107979178766
-0.0330573458441908
-0.0327064980094983
-0.0322307028007167
-0.0317408997648315
-0.0313594378140391
-0.0311938934432013
-0.0313261125545684
-0.0318149515986067
-0.0326957202203402
-0.0339648430063592
-0.0355607870207581
-0.0373709309175584
-0.039284545356424
-0.0412689297062073
-0.0434085070440488
-0.045866281929714
-0.0487903808454851
-0.052225571283527
-0.0560702787675053
-0.060086824173487
-0.0639648255517767
-0.0674310100707107
-0.0703612528427034
-0.0728171081159854
-0.0749649583351615
-0.0769310553726092
-0.0787023345558007
-0.080137235896021
-0.0810576851108466
-0.0813480084156311
-0.0810072936806387
-0.0801410783209599
-0.0789061544760825
-0.0774401713001616
-0.075812515735569
-0.074018327104616
-0.0720124165646902
-0.0697592886085597
-0.0672675918843741
-0.0645851577681279
-0.0617516903654121
-0.0587320147411939
-0.0553726185950069
-0.0514214180822
-0.0466153606158548
-0.0407958430748875
-0.0339977065795723
-0.0264777624696905
-0.0186728871628483
-0.0110941729325635
-0.00418733919860264
0.00178325730010341
0.00677082535827724
0.010891218417268
0.0143237421256848
0.0172349934404589
0.0197576326262516
0.0220027927742134
0.0240665145007415
0.0260149849029338
0.0278643346425003
0.0295790537787077
0.031098512584228
0.0323756001562414
0.0333947666590848
0.034153666426335
0.0346356447859946
0.0348151551024431
0.0346950693048665
0.0343282034663273
0.0337920186084156
0.0331399450279678
0.0323678001762723
0.0314034643404594
0.0301150564556144
0.0283503005955431
0.0260109710488889
0.0231192452313195
0.0198193006761589
0.0163153600704829
0.0128058762184278
0.00945851561020226
0.0064161613248862
0.00380806561814257
0.00176339335449927
0.000430261568151099
-1.97281577929484e-05
0.00057087822137678
0.00226975757598286
0.00498530457837317
0.00845336389861794
0.0122971530543857
0.0161333015454483
0.0196733970531996
0.0227804794273847
0.0254715336478911
0.027882395126177
0.0302137448544589
0.0326681494354965
0.0353896154165835
0.0384254870222976
0.0417244461689302
0.0451639936108883
0.0485907762864877
0.0518653921056345
0.0549080720089999
0.0577287379507819
0.0604116714344612
0.0630390506417713
0.0655845308290581
0.0678550111527204
0.0695495325207739
0.0704184162938536
0.0704089331776797
0.0696794065278817
0.0684725135022889
0.0669581572945388
0.0651688432750654
0.0630525832853646
0.0605653818085436
0.0577116892868926
0.0545149145437732
0.0509814065412054
0.0471271280829491
0.0430561988599816
0.0390000184116996
0.0352432325825371
0.0319715511911407
0.029163986596069
0.0266246147401253
0.0241275380569751
0.0215447255582487
0.0188378550526124
0.0159181620786084
0.0125084279363203
0.00816486311390141
0.00250334921884704
-0.0044978852596176
-0.0123396738931722
-0.02012613114108
-0.0269079926229886
-0.0320340795991306
-0.0353282623568708
-0.0370538010135708
-0.0377400784050076
-0.037966695624652
-0.0381744260409264
-0.0385511413726084
-0.039020559442858
-0.0393284766273964
-0.0391840430888867
-0.0383924064775881
-0.0369233527463538
-0.0348978853609078
-0.032519940393453
-0.0300022577819869
-0.0275207640474516
-0.0252005119206675
-0.0231187150174473
-0.0213140322448591
-0.0197996400874752
-0.0185789348224324
-0.0176597934480349
-0.0170604909705491
-0.0168012255653644
-0.0168858076182342
-0.0172914665318566
-0.0179787651029457
-0.0189075480647064
-0.0200345145664041
-0.0212952849320835
-0.0226044805607262
-0.0238937096291725
-0.0251592533981359
-0.0264678434929987
-0.0279006503532191
-0.029468340837465
-0.0310548571572694
-0.0324327040850616
-0.0333542461031317
-0.0336779544315139
-0.0334542696905699
-0.0329047639781911
-0.0322990019544186
-0.0318188156518995
-0.0315055260162526
-0.0312935742225393
-0.0310598311975691
-0.0306591150252562
-0.0299850225758144
-0.0290359577699186
-0.0278469076521996
-0.0262558347234957
-0.023832072956498
-0.0203028201819978
-0.0160835941464106
-0.0120706651090771
-0.00877204517472424
-0.00587116904608419
-0.00268628746219673
0.0012125124807823
0.00587461178557493
0.0111471294253417
0.0167836247744576
0.0224531937849653
0.0277898852449362
0.0325014685303697
0.0364439367570713
0.0396123495805984
0.0420946180892933
0.0440491843162434
0.0457039293687015
0.0473288469507924
0.049164615615159
0.0513469459201044
0.0538750526083228
0.0566295579537806
0.0594164575333867
0.0620265686400677
0.0643082917998575
0.0662259782109309
0.0678598630990613
0.0693401145742326
0.0707625938769143
0.0721424608144815
0.0734235566228475
0.0745272138012447
0.0754112202011421
0.0761021771152907
0.0766725782682536
0.0771750204331135
0.0775864142535085
0.0778058103785377
0.0777029235807577
0.0771816117672064
0.07621505127965
0.0748100528929715
0.0728886346628459
0.0701652428315018
0.0661756556325374
0.0605361426372484
0.0532847749217753
0.0450185370763289
0.0366845621979219
0.0291760059734785
0.0230110548189318
0.0182421258110196
0.014546209173781
0.0113826576927948
0.00816125935759533
0.00440934577273818
-0.00010143613694576
-0.00533968286730773
-0.0111250201878184
-0.0172710549855368
-0.0236373236357309
-0.0300676555154139
-0.0363133667363005
-0.0420486560869532
-0.0469829053508949
-0.0509768996000549
-0.0540704713633678
-0.0564110035122688
-0.0581493826774828
-0.0593796923288983
-0.0601479090278741
-0.0604949806815613
-0.0604778809173372
-0.0601407774210423
-0.0594626418172167
-0.0583406425842298
-0.0566445297462113
-0.0543113177982051
-0.0514080191536843
-0.0481212740361458
-0.0447009764616191
-0.0414090348153443
-0.0384857164241908
-0.0361114487485993
-0.0343599051006428
-0.0331716974886996
-0.0323744525073312
-0.0317428101863878
-0.0310673351941044
-0.0301970026934792
-0.0290393906917899
-0.0275443677076913
-0.0257159846631081
-0.0236431922012564
-0.0214719243727882
-0.0193032516323513
-0.0171823356502302
-0.0153325056388398
-0.0143628633445695
-0.0148842804108833
-0.0167006543312092
-0.0187364313153614
-0.0200988813024297
-0.0209255630618928
-0.0219564436724654
-0.0236312486610751
-0.0258481581259428
-0.0283137016505121
-0.0308384562964177
-0.0333506934674751
-0.0358018125849496
-0.0381220817712947
-0.0402244765103221
-0.0420022464024306
-0.0433161159209776
-0.0440025679307608
-0.0439128100357486
-0.0429664074117855
-0.0412128419649946
-0.0388800552872975
-0.0362982430052594
-0.0335763752420179
-0.0302192029666841
-0.0252312866353579
-0.0178953269216387
-0.00847653585693762
0.00197779658494029
0.012450350211758
0.0224215184328625
0.031702254735264
0.0401096923186628
0.047376134545796
0.053243544121982
0.0575507444513306
0.0602419819354983
0.0613404723924685
0.060935379320663
0.0591836349647627
0.0563029289372738
0.0525431376559946
0.0481448725698474
0.043306013611681
0.0381771683631321
0.0328908187062069
0.0275920184759065
0.022411710594986
0.0173791516498995
0.0124132962518189
0.00756294930585645
0.00332365623467703
0.000472843895771717
