-0.00010453403494507
-0.000254921260821451
-0.000294854305606297
-0.000270416466088547
-0.00024718312541813
-0.000245668510205822
-0.000252580628529634
-0.000255230680734368
-0.000253065035555759
-0.000250392858998162
-0.000249228100354575
-0.000248878746060074
-0.000248333400239481
-0.000247413457953894
-0.000246405254404924
-0.000245493247314911
-0.000244652775436813
-0.00024380751651163
-0.000242934145292129
-0.000242050126720418
-0.000241171160952455
-0.00024029762302083
-0.000239424063936794
-0.000238548060128341
-0.000237670544321375
-0.000236792781380544
-0.000235914976254821
-0.000235036768732952
-0.000234157939469433
-0.000233278530494366
-0.00023239864357942
-0.00023151831222961
-0.000230637519847158
-0.000229756253142744
-0.000228874518138843
-0.000227992327816549
-0.000227109691191416
-0.000226226613128159
-0.000225343098167709
-0.000224459152205288
-0.000223574781829001
-0.000222689993441258
-0.000221804793125063
-0.000220919186901658
-0.00022003318088675
-0.000219146781264101
-0.000218259994218455
-0.000217372825916633
-0.000216485282523443
-0.000215597370215045
-0.000214709095178796
-0.000213820463608308
-0.00021293148170133
-0.000212042155660524
-0.000211152491694465
-0.000210262496017677
-0.000209372174850217
-0.000208481534417382
-0.000207590580949654
-0.000206699320682688
-0.000205807759857243
-0.000204915904719064
-0.000204023761518781
-0.000203131336511813
-0.000202238635958288
-0.000201345666122956
-0.0002004524332751
-0.000199558943688449
-0.00019866520364109
-0.000197771219415389
-0.0001968769972979
-0.000195982543579291
-0.000195087864554252
-0.000194192966521424
-0.000193297855783311
-0.000192402538646207
-0.000191507021420113
-0.000190611310418663
-0.000189715411959047
-0.000188819332361933
-0.000187923077951398
-0.000187026655054849
-0.000186130070002953
-0.000185233329129563
-0.000184336438771651
-0.000183439405269231
-0.000182542234965299
-0.000181644934205757
-0.000180747509339349
-0.000179849966717593
-0.000178952312694717
-0.000178054553627592
-0.000177156695875669
-0.000176258745800916
-0.000175360709767754
-0.000174462594143
-0.000173564405295799
-0.00017266614959757
-0.000171767833421945
-0.00017086946314471
-0.00016997104514375
-0.000169072585798987
-0.000168174091492332
-0.000167275568607625
-0.000166377023530578
-0.000165478462648731
-0.000164579892351389
-0.000163681319029576
-0.000162782749075984
-0.000161884188884919
-0.000160985644852255
-0.000160087123375384
-0.000159188630853169
-0.000158290173685893
-0.000157391758275219
-0.000156493391024137
-0.000155595078336924
-0.000154696826619101
-0.000153798642277382
-0.000152900531719641
-0.000152002501354861
-0.000151104557593101
-0.000150206706845447
-0.000149308955523979
-0.000148411310041729
-0.000147513776812642
-0.000146616362251539
-0.00014571907277408
-0.000144821914796729
-0.000143924894736715
-0.000143028019012
-0.000142131294041243
-0.00014123472624377
-0.000140338322039534
-0.000139442087849091
-0.000138546030093562
-0.000137650155194605
-0.000136754469574384
-0.000135858979655541
-0.000134963691861165
-0.000134068612614763
-0.000133173748340236
-0.000132279105461849
-0.000131384690404203
-0.000130490509592216
-0.000129596569451089
-0.00012870287640629
-0.000127809436883522
-0.000126916257308707
-0.000126023344107958
-0.000125130703707559
-0.000124238342533946
-0.00012334626701368
-0.000122454483573432
-0.000121562998639963
-0.000120671818640102
-0.000119780950000729
-0.000118890399148758
-0.000118000172511117
-0.000117110276514735
-0.000116220717586521
-0.000115331502153353
-0.000114442636642061
-0.00011355412747941
-0.000112665981092089
-0.000111778203906697
-0.000110890802349731
-0.000110003782847569
-0.000109117151826463
-0.000108230915712525
-0.00010734508093172
-0.000106459653909849
-0.000105574641072544
-0.000104690048845259
-0.000103805883653257
-0.000102922151921607
-0.000102038860075172
-0.000101156014538603
-0.000100273621736335
-9.93916880925745e-05
-9.85102200312994e-05
-9.76292239762506e-05
-9.67487063509281e-05
-9.58686735785861e-05
-9.49891320822292e-05
-9.41100882846087e-05
-9.32315486082199e-05
-9.23535194752989e-05
-9.14760073078208e-05
-9.05990185274981e-05
-8.97225595557786e-05
-8.88466368138455e-05
-8.79712567226165e-05
-8.70964257027436e-05
-8.62221501746138e-05
-8.53484365583499e-05
-8.44752912738115e-05
-8.36027207405968e-05
-8.27307313780447e-05
-8.18593296052371e-05
-8.09885218410019e-05
-8.01183145039162e-05
-7.924871401231e-05
-7.83797267842701e-05
-7.75113592376443e-05
-7.66436177900468e-05
-7.57765088588627e-05
-7.49100388612537e-05
-7.40442142141644e-05
-7.31790413343277e-05
-7.23145266382723e-05
-7.14506765423291e-05
-7.05874974626384e-05
-6.97249958151581e-05
-6.8863178015671e-05
-6.80020504797938e-05
-6.71416196229852e-05
-6.62818918605551e-05
-6.54228736076739e-05
-6.45645712793825e-05
-6.37069912906013e-05
-6.28501400561414e-05
-6.19940239907146e-05
-6.11386495089446e-05
-6.02840230253779e-05
-5.94301509544952e-05
-5.85770397107238e-05
-5.77246957084486e-05
-5.68731253620256e-05
-5.60223350857934e-05
-5.51723312940868e-05
-5.43231204012497e-05
-5.34747088216487e-05
-5.26271029696863e-05
-5.17803092598155e-05
-5.09343341065536e-05
-5.00891839244967e-05
-4.92448651283347e-05
-4.84013841328657e-05
-4.75587473530114e-05
-4.67169612038328e-05
-4.58760321005457e-05
-4.50359664585365e-05
-4.41967706933785e-05
-4.33584512208479e-05
-4.25210144569405e-05
-4.16844668178887e-05
-4.08488147201782e-05
-4.0014064580565e-05
-3.91802228160934e-05
-3.83472958441131e-05
-3.75152900822969e-05
-3.66842119486589e-05
-3.58540678615724e-05
-3.50248642397888e-05
-3.41966075024552e-05
-3.33693040691339e-05
-3.25429603598206e-05
-3.17175827949639e-05
-3.0893177795484e-05
-3.00697517827925e-05
-2.92473111788116e-05
-2.84258624059938e-05
-2.76054118873418e-05
-2.67859660464281e-05
-2.59675313074155e-05
-2.5150114095077e-05
-2.4333720834816e-05
-2.35183579526873e-05
-2.27040318754171e-05
-2.18907490304241e-05
-2.10785158458401e-05
-2.02673387505308e-05
-1.94572241741172e-05
-1.86481785469966e-05
-1.78402083003636e-05
-1.70333198662316e-05
-1.62275196774543e-05
-1.54228141677473e-05
-1.46192097717092e-05
-1.38167129248442e-05
-1.30153300635829e-05
-1.2215067625305e-05
-1.14159320483607e-05
-1.06179297720926e-05
-9.82106723685787e-06
-9.02535088405042e-06
-8.2307871561229e-06
-7.4373824966091e-06
-6.64514335014617e-06
-5.85407616249692e-06
-5.06418738057216e-06
-4.27548345245295e-06
-3.48797082741308e-06
-2.70165595594152e-06
-1.91654528976494e-06
-1.13264528187019e-06
-3.49962386526742e-07
4.31496940690816e-07
1.21172624288022e-06
1.9907190617889e-06
2.76846893779148e-06
3.5449694098673e-06
4.3202140155779e-06
5.09419629104448e-06
5.86690977092529e-06
6.63834798839316e-06
7.40850447511299e-06
8.17737276121939e-06
8.94494637529416e-06
9.71121884434386e-06
1.04761836937774e-05
1.12398344473835e-05
1.20021646273086e-05
1.27631677540349e-05
1.35228373463573e-05
1.42811669213621e-05
1.50381499944047e-05
1.5793780079087e-05
1.65480506872362e-05
1.73009553288824e-05
1.80524875122369e-05
1.88026407436703e-05
1.95514085276909e-05
2.02987843669229e-05
2.10447617620848e-05
2.17893342119683e-05
2.25324952134166e-05
2.32742382613031e-05
2.40145568485104e-05
2.47534444659092e-05
2.54908946023371e-05
2.6226900744578e-05
2.6961456377341e-05
2.76945549832401e-05
2.84261900427733e-05
2.91563550343024e-05
2.98850434340327e-05
3.06122487159926e-05
3.1337964352014e-05
3.20621838117118e-05
3.27849005624648e-05
3.35061080693958e-05
3.42257997953518e-05
3.49439692008853e-05
3.56606097442342e-05
3.63757148813038e-05
3.70892780656472e-05
3.78012927484468e-05
3.85117523784959e-05
3.92206504021799e-05
3.99279802634588e-05
4.06337354038485e-05
4.13379092624032e-05
4.20404952756978e-05
4.27414868778102e-05
4.34408775003044e-05
4.41386605722129e-05
4.483482952002e-05
4.55293777676452e-05
4.62222987364263e-05
4.69135858451035e-05
4.76032325098032e-05
4.82912321440219e-05
4.89775781586106e-05
4.96622639617595e-05
5.03452829589826e-05
5.10266285531025e-05
5.17062941442357e-05
5.23842731297785e-05
5.30605589043918e-05
5.37351448599879e-05
5.4408024385716e-05
5.50791908679489e-05
5.57486376902696e-05
5.64163582334579e-05
5.70823458754777e-05
5.77465939914644e-05
5.84090959537125e-05
5.90698451316635e-05
5.97288348918943e-05
6.03860585981053e-05
6.10415096111092e-05
6.16951812888199e-05
6.2347066986242e-05
6.29971600554598e-05
6.36454538456279e-05
6.4291941702961e-05
6.49366169707239e-05
6.55794729892225e-05
6.62205030957946e-05
6.68597006248014e-05
6.7497058907619e-05
6.813257127263e-05
6.87662310452164e-05
6.93980315477514e-05
7.00279660995925e-05
7.06560280170745e-05
7.1282210613503e-05
7.19065071991483e-05
7.25289110812389e-05
7.31494155639566e-05
7.37680139484309e-05
7.43846995327342e-05
7.49994656118773e-05
7.56123054778049e-05
7.62232124193919e-05
7.68321797224398e-05
7.74392006696736e-05
7.80442685407384e-05
7.86473766121977e-05
7.92485181575303e-05
7.98476864471296e-05
8.04448747483015e-05
8.10400763252631e-05
8.16332844391423e-05
8.22244923479776e-05
8.28136933067179e-05
8.34008805672233e-05
8.39860473782657e-05
8.45691869855299e-05
8.51502926316151e-05
8.57293575560369e-05
8.63063749952297e-05
8.68813381825496e-05
8.74542403482771e-05
8.80250747196209e-05
8.85938345207217e-05
8.91605129726567e-05
8.97251032934441e-05
9.02875986980487e-05
9.08479923983868e-05
9.14062776033325e-05
9.19624475187243e-05
9.25164953473714e-05
9.30684142890614e-05
9.36181975405676e-05
9.41658382956572e-05
9.47113297450997e-05
9.52546650766759e-05
9.5795837475187e-05
9.63348401224651e-05
9.68716661973828e-05
9.74063088758643e-05
9.79387613308959e-05
9.84690167325385e-05
9.89970682479389e-05
9.95229090413424e-05
0.000100046532274106
0.000100567931104711
0.000101087098688779
0.000101604028179082
0.000102118712725564
0.000102631145475347
0.000103141319572755
0.000103649228159327
0.000104154864373832
0.000104658221352289
0.000105159292227982
0.000105658070131481
0.000106154548190658
0.000106648719530707
0.000107140577274163
0.000107630114540924
0.00010811732444827
0.000108602200110883
0.00010908473464087
0.000109564921147784
0.00011004275273865
0.000110518222517982
0.00011099132358781
0.000111462049047706
0.000111930391994803
0.000112396345523827
0.000112859902727116
0.00011332105669465
0.000113779800514077
0.00011423612727074
0.000114690030047703
0.000115141501925781
0.00011559053598357
0.000116037125297471
0.000116481262941727
0.000116922941988447
0.00011736215550764
0.000117798896567246
0.000118233158233167
0.000118664933569302
0.000119094215637575
0.000119520997497975
0.000119945272208585
0.000120367032825617
0.000120786272403453
0.000121202983994671
0.00012161716065009
0.000122028795418803
0.000122437881348214
0.000122844411484078
0.000123248378870538
0.000123649776550164
0.000124048597563993
0.000124444834951572
0.000124838481750993
0.00012522953099894
0.000125617975730727
0.000126003808980344
0.000126387023780498
0.000126767613162655
0.000127145570157089
0.000127520887792922
0.000127893559098174
0.000128263577099804
0.000128630934823763
0.000128995625295034
0.000129357641537684
0.000129716976574915
0.000130073623429104
0.000130427575121864
0.000130778824674086
0.000131127365105993
0.000131473189437189
0.000131816290686717
0.000132156661873102
0.000132494296014414
0.000132829186128317
0.000133161325232122
0.000133490706342844
0.000133817322477262
0.000134141166651965
0.000134462231883419
0.000134780511188018
0.000135095997582148
0.000135408684082239
0.000135718563704828
0.00013602562946662
0.000136329874384548
0.000136631291475831
0.00013692987375804
0.00013722561424916
0.000137518505967651
0.000137808541932512
0.000138095715163349
0.000138380018680435
0.000138661445504779
0.000138939988658192
0.000139215641163353
0.000139488396043876
0.000139758246324383
0.000140025185030564
0.000140289205189255
0.000140550299828505
0.000140808461977646
0.000141063684667363
0.000141315960929773
0.000141565283798489
0.0001418116463087
0.000142055041497241
0.000142295462402671
0.000142532902065345
0.000142767353527495
0.000142998809833299
0.000143227264028966
0.000143452709162811
0.000143675138285332
0.000143894544449292
0.000144110920709798
0.000144324260124382
0.00014453455575308
0.000144741800658518
0.000144945987905993
0.000145147110563554
0.000145345161702089
0.000145540134395409
0.000145732021720334
0.000145920816756775
0.000146106512587826
0.000146289102299849
0.000146468578982562
0.000146644935729127
0.000146818165636242
0.000146988261804226
0.000147155217337118
0.000147319025342759
0.00014747967893289
0.000147637171223245
0.00014779149533364
0.000147942644388071
0.00014809061151481
0.000148235389846494
0.000148376972520229
0.000148515352677681
0.000148650523465177
0.000148782478033803
0.0001489112095395
0.000149036711143166
0.000149158976010758
0.000149277997313388
0.000149393768227429
0.000149506281934617
0.00014961553162215
0.000149721510482798
0.000149824211715001
0.000149923628522981
0.000150019754116841
0.000150112581712676
0.000150202104532678
0.000150288315805245
0.00015037120876509
0.000150450776653348
0.000150527012717688
0.000150599910212423
0.000150669462398623
0.000150735662544223
0.00015079850392414
0.000150857979820384
0.000150914083522173
0.000150966808326048
0.000151016147535988
0.000151062094463526
0.000151104642427868
0.000151143784756006
0.000151179514782841
0.000151211825851302
0.000151240711312461
0.000151266164525657
0.000151288178858618
0.000151306747687579
0.000151321864397409
0.00015133352238173
0.000151341715043045
0.000151346435792858
0.000151347678051804
0.00015134543524977
0.000151339700826027
0.000151330468229353
0.000151317730918164
0.000151301482360641
0.000151281716034859
0.000151258425428921
0.000151231604041084
0.000151201245379892
0.000151167342964311
0.000151129890323859
0.000151088880998739
0.000151044308539978
0.000150996166509555
0.000150944448480544
0.000150889148037245
0.000150830258775325
0.000150767774301953
0.00015070168823594
0.000150631994207876
0.000150558685860274
0.000150481756847707
0.000150401200836952
0.000150317011507129
0.000150229182549847
0.000150137707669342
0.00015004258058263
0.000149943795019642
0.000149841344723377
0.000149735223450042
0.000149625424969205
0.000149511943063938
0.000149394771530966
0.000149273904180817
0.000149149334837973
0.000149021057341015
0.000148889065542781
0.000148753353310511
0.000148613914526005
0.000148470743085771
0.000148323832901183
0.000148173177898632
0.000148018772019685
0.000147860609221234
0.000147698683475661
0.000147532988770989
0.000147363519111041
0.000147190268515601
0.000147013231020569
0.000146832400678125
0.000146647771556886
0.000146459337742071
0.000146267093335658
0.000146071032456552
0.000145871149240743
0.000145667437841473
0.000145459892429402
0.000145248507192766
0.000145033276337554
0.000144814194087664
0.000144591254685076
0.000144364452390019
0.00014413378148114
0.00014389923625567
0.000143660811029598
0.000143418500137839
0.000143172297934407
0.000142922198792583
0.000142668197105095
0.000142410287284283
0.000142148463762278
0.000141882720991173
0.000141613053443202
0.000141339455610914
0.000141061922007347
0.000140780447166209
0.000140495025642055
0.000140205652010461
0.000139912320868211
0.000139615026833468
0.000139313764545962
0.000139008528667165
0.000138699313880477
0.000138386114891404
0.000138068926427747
0.000137747743239776
0.000137422560100426
0.000137093371805472
0.000136760173173719
0.000136422959047187
0.000136081724291298
0.000135736463795063
0.000135387172471269
0.00013503384525667
0.000134676477112175
0.000134315063023036
0.00013394959799904
0.000133580077074702
0.000133206495309451
0.000132828847787828
0.000132447129619677
0.000132061335940338
0.00013167146191084
0.000131277502718098
0.000130879453575106
0.000130477309721136
0.000130071066421931
0.000129660718969904
0.000129246262684336
0.000128827692911571
0.000128405005025221
0.00012797819442636
0.000127547256543727
0.000127112186833923
0.000126672980781619
0.00012622963389975
0.000125782141729723
0.000125330499841617
0.000124874703834386
0.000124414749336069
0.000123950632003986
0.000123482347524949
0.000123009891615468
0.000122533260021952
0.000122052448520924
0.00012156745291922
0.000121078269054204
0.000120584892793974
0.00012008732003757
0.000119585546715183
0.000119079568788371
0.000118569382250263
0.000118054983125774
0.000117536367471817
0.000117013531377512
0.000116486470964405
0.000115955182386675
0.000115419661831354
0.000114879905518536
0.000114335909701596
0.000113787670667405
0.000113235184736545
0.000112678448263525
0.000112117457637002
0.000111552209279995
0.000110982699650103
0.000110408925239728
0.00010983088257629
0.000109248568222447
0.000108661978776317
0.000108071110871699
0.000107475961178291
0.000106876526401918
0.000106272803284745
0.00010566478860551
0.000105052479179738
0.000104435871859971
0.000103814963535989
0.000103189751135036
0.000102560231622045
0.000101926401999861
0.000101288259309472
0.000100645800630231
9.99990230800855e-05
9.93479238158031e-05
9.86925000332009e-05
9.80327489673731e-05
9.73686678929199e-05
9.67002541241764e-05
9.60275050154431e-05
9.53504179612149e-05
9.46689903964125e-05
9.39832197966127e-05
9.329310367828e-05
9.25986395989987e-05
9.18998251577048e-05
9.11966579949187e-05
9.04891357929786e-05
8.97772562762734e-05
8.90610172114768e-05
8.8340416407782e-05
8.76154517171362e-05
8.68861210344753e-05
8.61524222979597e-05
8.54143534892105e-05
8.46719126335452e-05
8.39250978002148e-05
8.31739071026408e-05
8.24183386986523e-05
8.16583907907241e-05
8.08940616262147e-05
8.01253494976049e-05
7.93522527427368e-05
7.85747697450532e-05
7.77928989338367e-05
7.70066387844504e-05
7.62159878185774e-05
7.54209446044622e-05
7.46215077571513e-05
7.38176759387346e-05
7.30094478585874e-05
7.21968222736121e-05
7.13797979884806e-05
7.05583738558771e-05
6.97325487767411e-05
6.89023217005104e-05
6.80676916253649e-05
6.72286575984707e-05
6.63852187162242e-05
6.55373741244967e-05
6.46851230188791e-05
6.38284646449269e-05
6.29673982984061e-05
6.21019233255385e-05
6.12320391232478e-05
6.03577451394057e-05
5.94790408730786e-05
5.85959258747744e-05
5.77083997466894e-05
5.68164621429557e-05
5.59201127698889e-05
5.50193513862355e-05
5.41141778034215e-05
5.32045918858006e-05
5.22905935509025e-05
5.13721827696818e-05
5.04493595667671e-05
4.95221240207102e-05
4.85904762642355e-05
4.76544164844897e-05
4.67139449232917e-05
4.5769061877383e-05
4.48197676986774e-05
4.38660627945119e-05
4.29079476278974e-05
4.19454227177695e-05
4.09784886392394e-05
4.00071460238458e-05
3.90313955598054e-05
3.80512379922654e-05
3.70666741235545e-05
3.60777048134354e-05
3.50843309793567e-05
3.40865535967051e-05
3.30843736990581e-05
3.20777923784361e-05
3.10668107855553e-05
3.00514301300805e-05
2.90316516808783e-05
2.80074767662696e-05
2.69789067742835e-05
2.59459431529098e-05
2.49085874103533e-05
2.38668411152867e-05
2.28207058971045e-05
2.17701834461767e-05
2.07152755141026e-05
1.96559839139646e-05
1.85923105205824e-05
1.75242572707668e-05
1.64518261635743e-05
1.53750192605608e-05
1.42938386860361e-05
1.32082866273183e-05
1.2118365334988e-05
1.10240771231427e-05
9.92542436965166e-06
8.82240951640991e-06
7.71503506959304e-06
6.60330359991166e-06
5.48721774286605e-06
4.36678019900072e-06
3.24199373415905e-06
2.11286117973788e-06
9.79385432942152e-07
-1.58430542960524e-07
-1.30058371838524e-06
-2.44707099717525e-06
-3.59788921634738e-06
-4.75303514583753e-06
-5.91250548824614e-06
-7.07629687858374e-06
-8.24440588401654e-06
-9.41682900361206e-06
-1.05935626680848e-05
-1.17746032395419e-05
-1.29599470112292e-05
-1.41495902072769e-05
-1.53435289824453e-05
-1.65417594218715e-05
-1.77442775408147e-05
-1.89510792844032e-05
-2.01621605273802e-05
-2.13775170738503e-05
-2.2597144657026e-05
-2.38210389389749e-05
-2.50491955103654e-05
-2.62816098902147e-05
-2.75182775256349e-05
-2.87591937915808e-05
-3.0004353990597e-05
-3.12537533525652e-05
-3.2507387034452e-05
-3.37652501200568e-05
-3.50273376197592e-05
-3.62936444702677e-05
-3.75641655343678e-05
-3.88388956006704e-05
-4.01178293833605e-05
-4.14009615219461e-05
-4.26882865810072e-05
-4.39797990499452e-05
-4.52754933427325e-05
-4.65753637976617e-05
-4.78794046770961e-05
-4.91876101672196e-05
-5.04999743777874e-05
-5.18164913418762e-05
-5.31371550156356e-05
-5.44619592780387e-05
-5.57908979306343e-05
-5.71239646972978e-05
-5.84611532239837e-05
-5.98024570784778e-05
-6.11478697501497e-05
-6.24973846497053e-05
-6.38509951089408e-05
-6.52086943804952e-05
-6.65704756376048e-05
-6.79363319738571e-05
-6.9306256402945e-05
-7.06802418584216e-05
-7.20582811934558e-05
-7.34403671805869e-05
-7.48264925114811e-05
-7.62166497966873e-05
-7.76108315653935e-05
-7.90090302651843e-05
-8.04112382617973e-05
-8.18174478388817e-05
-8.32276511977557e-05
-8.46418404571649e-05
-8.60600076530419e-05
-8.74821447382645e-05
-8.89082435824164e-05
-9.03382959715465e-05
-9.17722936079299e-05
-9.32102281098289e-05
-9.46520910112541e-05
-9.60978737617266e-05
-9.75475677260399e-05
-9.90011641840233e-05
-0.000100458654330305
-0.000101920029274075
-0.00010338528003885
-0.00010485439756224
-0.000106327372695709
-0.000107804196204344
-0.000109284858766624
-0.000110769350974178
-0.000112257663331563
-0.000113749786256021
-0.000115245710077259
-0.000116745425037207
-0.000118248921289795
-0.000119756188900719
-0.000121267217847213
-0.000122781998017821
-0.000124300519212167
-0.000125822771140729
-0.00012734874342461
-0.000128878425595313
-0.000130411807094517
-0.000131948877273846
-0.00013348962539465
-0.00013503404062778
-0.000136582112053363
-0.000138133828660579
-0.000139689179347441
-0.000141248152920573
-0.00014281073809499
-0.000144376923493874
-0.00014594669764836
-0.000147520048997315
-0.000149096965887119
-0.00015067743657145
-0.000152261449211066
-0.000153848991873589
-0.000155440052533292
-0.000157034619070881
-0.000158632679273285
-0.000160234220833442
-0.000161839231350086
-0.000163447698327537
-0.000165059609175488
-0.000166674951208798
-0.000168293711647284
-0.000169915877615508
-0.000171541436142574
-0.000173170374161918
-0.000174802678511108
-0.00017643833593163
-0.000178077333068695
-0.000179719656471024
-0.000181365292590656
-0.000183014227782739
-0.000184666448305333
-0.000186321940319211
-0.000187980689887656
-0.000189642682976268
-0.000191307905452761
-0.000192976343086774
-0.000194647981549668
-0.000196322806414338
-0.000198000803155014
-0.000199681957147075
-0.00020136625366685
-0.000203053677891432
-0.000204744214898488
-0.000206437849666069
-0.000208134567072421
-0.000209834351895801
-0.000211537188814292
-0.000213243062405614
-0.000214951957146943
-0.000216663857414727
-0.000218378747484506
-0.00022009661153073
-0.000221817433626578
-0.000223541197743783
-0.00022526788775245
-0.000226997487420884
-0.000228729980415409
-0.000230465350300199
-0.000232203580537102
-0.000233944654485467
-0.000235688555401976
-0.00023743526644047
-0.000239184770651784
-0.000240937050983575
-0.000242692090280161
-0.000244449871282349
-0.000246210376627277
-0.000247973588848243
-0.000249739490374554
-0.000251508063531352
-0.000253279290539468
-0.00025505315351525
-0.000256829634470418
-0.000258608715311898
-0.000260390377841674
-0.000262174603756632
-0.000263961374648406
-0.00026575067200323
-0.000267542477201785
-0.000269336771519051
-0.000271133536124162
-0.000272932752080258
-0.00027473440034434
-0.000276538461767127
-0.000278344917092914
-0.00028015374695943
-0.0002819649318977
-0.000283778452331906
-0.000285594288579249
-0.000287412420849816
-0.000289232829246443
-0.00029105549376458
-0.000292880394292169
-0.000294707510609501
-0.0002965368223891
-0.000298368309195584
-0.000300201950485547
-0.000302037725607431
-0.000303875613801405
-0.000305715594199241
-0.000307557645824193
-0.000309401747590881
-0.000311247878305175
-0.000313096016664072
-0.000314946141255589
-0.000316798230558644
-0.000318652262942952
-0.000320508216668906
-0.000322366069887475
-0.000324225800640095
-0.000326087386858564
-0.000327950806364936
-0.000329816036871423
-0.000331683055980289
-0.000333551841183753
-0.000335422369863894
-0.000337294619292548
-0.000339168566631223
-0.000341044188930995
-0.000342921463132427
-0.000344800366065471
-0.000346680874449387
-0.000348562964892649
-0.000350446613892867
-0.000352331797836698
-0.000354218492999771
-0.000356106675546599
-0.000357996321530508
-0.000359887406893555
-0.000361779907466457
-0.000363673798968517
-0.000365569057007548
-0.000367465657079812
-0.000369363574569943
-0.000371262784750886
-0.000373163262783831
-0.00037506498371815
-0.000376967922491336
-0.000378872053928944
-0.000380777352744533
-0.00038268379353961
-0.000384591350803578
-0.00038649999891368
-0.000388409712134953
-0.000390320464620177
-0.000392232230409828
-0.000394144983432034
-0.000396058697502532
-0.000397973346324627
-0.000399888903489154
-0.000401805342474435
-0.000403722636646252
-0.000405640759257804
-0.000407559683449686
-0.000409479382249848
-0.000411399828573574
-0.000413320995223456
-0.000415242854889366
-0.000417165380148436
-0.00041908854346504
-0.000421012317190773
-0.000422936673564435
-0.000424861584712017
-0.000426787022646689
-0.000428712959268792
-0.000430639366365826
-0.000432566215612445
-0.000434493478570454
-0.000436421126688805
-0.000438349131303598
-0.000440277463638083
-0.000442206094802664
-0.000444134995794903
-0.000446064137499532
-0.00044799349068846
-0.000449923026020787
-0.000451852714042819
-0.000453782525188083
-0.000455712429777344
-0.000457642398018631
-0.000459572400007255
-0.000461502405725836
-0.00046343238504433
-0.000465362307720058
-0.000467292143397741
-0.000469221861609528
-0.000471151431775037
-0.00047308082320139
-0.000475010005083255
-0.000476938946502888
-0.000478867616430177
-0.000480795983722692
-0.00048272401712573
-0.000484651685272372
-0.000486578956683533
-0.000488505799768017
-0.000490432182822579
-0.000492358074031984
-0.000494283441469072
-0.000496208253094819
-0.000498132476758408
-0.000500056080197298
-0.000501979031037297
-0.000503901296792636
-0.000505822844866045
-0.000507743642548836
-0.000509663657020981
-0.000511582855351197
-0.000513501204497033
-0.00051541867130496
-0.000517335222510461
-0.000519250824738126
-0.000521165444501746
-0.000523079048204414
-0.000524991602138626
-0.000526903072486381
-0.00052881342531929
-0.000530722626598687
-0.000532630642175735
-0.00053453743779154
-0.000536442979077271
-0.000538347231554276
-0.000540250160634201
-0.000542151731619118
-0.000544051909701647
-0.000545950659965085
-0.00054784794738354
-0.000549743736822061
-0.000551637993036778
-0.000553530680675037
-0.000555421764275545
-0.000557311208268512
-0.000559198976975798
-0.00056108503461106
-0.00056296934527991
-0.000564851872980062
-0.000566732581601494
-0.000568611434926608
-0.00057048839663039
-0.000572363430280574
-0.000574236499337813
-0.000576107567155849
-0.000577976596981684
-0.000579843551955759
-0.000581708395112128
-0.000583571089378646
-0.000585431597577146
-0.000587289882423629
-0.000589145906528455
-0.000590999632396531
-0.000592851022427511
-0.000594700038915989
-0.000596546644051705
-0.000598390799919741
-0.000600232468500734
-0.000602071611671083
-0.000603908191203156
-0.000605742168765513
-0.000607573505923117
-0.000609402164137556
-0.000611228104767264
-0.000613051289067751
-0.000614871678191831
-0.000616689233189851
-0.000618503915009926
-0.000620315684498181
-0.000622124502398985
-0.000623930329355196
-0.000625733125908411
-0.000627532852499212
-0.000629329469467415
-0.000631122937052333
-0.000632913215393025
-0.000634700264528562
-0.00063648404439829
-0.000638264514842097
-0.000640041635600679
-0.000641815366315821
-0.000643585666530663
-0.000645352495689987
-0.000647115813140493
-0.000648875578131085
-0.000650631749813161
-0.000652384287240903
-0.000654133149371568
-0.00065587829506579
-0.000657619683087875
-0.00065935727210611
-0.000661091020693061
-0.000662820887325889
-0.000664546830386662
-0.000666268808162663
-0.00066798677884672
-0.000669700700537517
-0.000671410531239927
-0.000673116228865332
-0.000674817751231963
-0.000676515056065226
-0.000678208100998045
-0.000679896843571198
-0.000681581241233666
-0.000683261251342975
-0.000684936831165547
-0.000686607937877058
-0.000688274528562788
-0.000689936560217983
-0.000691593989748219
-0.000693246773969769
-0.000694894869609968
-0.000696538233307589
-0.000698176821613219
-0.000699810590989636
-0.000701439497812196
-0.00070306349836921
-0.000704682548862342
-0.000706296605406995
-0.000707905624032709
-0.000709509560683562
-0.000711108371218566
-0.000712702011412079
-0.000714290436954211
-0.000715873603451234
-0.000717451466425999
-0.000719023981318359
-0.000720591103485583
-0.000722152788202786
-0.000723708990663361
-0.000725259665979404
-0.000726804769182155
-0.000728344255222435
-0.000729878078971088
-0.000731406195219429
-0.000732928558679689
-0.000734445123985473
-0.000735955845692212
-0.000737460678277624
-0.000738959576142176
-0.000740452493609552
-0.000741939384927121
-0.000743420204266412
-0.000744894905723587
-0.000746363443319925
-0.000747825771002307
-0.000749281842643698
-0.000750731612043643
-0.000752175032928757
-0.000753612058953226
-0.000755042643699303
-0.00075646674067782
-0.000757884303328691
-0.000759295285021422
-0.000760699639055635
-0.000762097318661576
-0.000763488277000645
-0.000764872467165921
-0.000766249842182687
-0.000767620355008967
-0.000768983958536061
-0.000770340605589087
-0.000771690248927526
-0.000773032841245764
-0.000774368335173647
-0.000775696683277037
-0.000777017838058365
-0.000778331751957198
-0.000779638377350802
-0.000780937666554713
-0.000782229571823306
-0.000783514045350377
-0.000784791039269718
-0.000786060505655704
-0.000787322396523878
-0.000788576663831542
-0.000789823259478353
-0.000791062135306922
-0.000792293243103414
-0.000793516534598158
-0.00079473196146625
-0.000795939475328172
-0.000797139027750406
-0.000798330570246053
-0.000799514054275462
-0.000800689431246856
-0.00080185665251696
-0.000803015669391642
-0.000804166433126551
-0.000805308894927756
-0.000806443005952398
-0.000807568717309339
-0.000808685980059813
-0.00080979474521809
-0.000810894963752131
-0.000811986586584259
-0.000813069564591822
-0.000814143848607875
-0.000815209389421848
-0.000816266137780235
-0.000817314044387273
-0.00081835305990563
-0.000819383134957102
-0.000820404220123303
-0.000821416265946369
-0.00082241922292966
-0.000823413041538469
-0.000824397672200729
-0.000825373065307734
-0.000826339171214854
-0.000827295940242258
-0.000828243322675641
-0.000829181268766957
-0.000830109728735149
-0.00083102865276689
-0.000831937991017325
-0.000832837693610815
-0.00083372771064169
-0.000834607992174998
-0.00083547848824727
-0.000836339148867273
-0.000837189924016782
-0.000838030763651344
-0.000838861617701055
-0.000839682436071337
-0.000840493168643717
-0.000841293765276612
-0.000842084175806121
-0.000842864350046812
-0.000843634237792523
-0.000844393788817163
-0.000845142952875513
-0.000845881679704037
-0.000846609919021695
-0.000847327620530754
-0.000848034733917618
-0.000848731208853641
-0.000849416994995966
-0.000850092041988349
-0.000850756299461998
-0.000851409717036413
-0.000852052244320229
-0.000852683830912064
-0.000853304426401373
-0.000853913980369303
-0.00085451244238955
-0.000855099762029227
-0.000855675888849727
-0.000856240772407601
-0.000856794362255428
-0.000857336607942699
-0.000857867459016698
-0.00085838686502339
-0.000858894775508315
-0.00085939114001748
-0.000859875908098261
-0.000860349029300307
-0.000860810453176447
-0.000861260129283601
-0.000861698007183698
-0.000862124036444592
-0.000862538166640989
-0.000862940347355373
-0.000863330528178938
-0.000863708658712524
-0.000864074688567557
-0.000864428567366991
-0.000864770244746261
-0.000865099670354229
-0.000865416793854141
-0.000865721564924589
-0.000866013933260473
-0.00086629384857397
-0.000866561260595505
-0.000866816119074728
-0.000867058373781495
-0.000867287974506849
-0.00086750487106401
-0.000867709013289367
-0.000867900351043475
-0.000868078834212051
-0.000868244412706983
-0.000868397036467337
-0.000868536655460366
-0.000868663219682532
-0.000868776679160522
-0.000868876983952273
-0.000868964084148002
-0.000869037929871238
-0.000869098471279857
-0.000869145658567123
-0.000869179441962737
-0.000869199771733875
-0.000869206598186253
-0.000869199871665176
-0.000869179542556597
-0.00086914556128819
-0.00086909787833041
-0.000869036444197574
-0.000868961209448931
-0.000868872124689747
-0.000868769140572387
-0.000868652207797407
-0.000868521277114647
-0.000868376299324325
-0.00086821722527814
-0.000868044005880378
-0.000867856592089017
-0.000867654934916847
-0.000867438985432582
-0.000867208694761981
-0.000866964014088977
-0.000866704894656801
-0.00086643128776912
-0.000866143144791172
-0.000865840417150909
-0.00086552305634014
-0.000865191013915683
-0.000864844241500515
-0.000864482690784932
-0.000864106313527711
-0.000863715061557275
-0.00086330888677286
-0.000862887741145691
-0.000862451576720158
-0.000862000345615
-0.000861534000024485
-0.000861052492219606
-0.00086055577454927
-0.000860043799441498
-0.000859516519404625
-0.000858973887028503
-0.000858415854985719
-0.000857842376032797
-0.000857253403011425
-0.000856648888849669
-0.000856028786563204
-0.000855393049256538
-0.00085474163012425
-0.000854074482452226
-0.000853391559618897
-0.000852692815096491
-0.000851978202452273
-0.000851247675349806
-0.000850501187550203
-0.000849738692913392
-0.000848960145399375
-0.000848165499069505
-0.00084735470808775
-0.000846527726721976
-0.000845684509345227
-0.000844825010437007
-0.000843949184584568
-0.000843056986484207
-0.000842148370942557
-0.000841223292877891
-0.000840281707321424
-0.000839323569418622
-0.000838348834430512
-0.000837357457735002
-0.000836349394828196
-0.000835324601325719
-0.000834283032964045
-0.000833224645601829
-0.00083214939522124
-0.000831057237929303
-0.000829948129959239
-0.000828822027671813
-0.000827678887556684
-0.000826518666233759
-0.000825341320454553
-0.000824146807103547
-0.000822935083199559
-0.000821706105897111
-0.000820459832487804
-0.000819196220401693
-0.000817915227208668
-0.000816616810619842
-0.000815300928488935
-0.000813967538813668
-0.000812616599737163
-0.000811248069549337
-0.000809861906688314
-0.000808458069741823
-0.000807036517448613
-0.000805597208699871
-0.000804140102540637
-0.000802665158171228
-0.000801172334948661
-0.000799661592388089
-0.000798132890164227
-0.000796586188112797
-0.000795021446231963
-0.000793438624683777
-0.000791837683795629
-0.000790218584061696
-0.0007885812861444
-0.000786925750875868
-0.000785251939259392
-0.000783559812470897
-0.000781849331860411
-0.000780120458953539
-0.000778373155452941
-0.000776607383239812
-0.000774823104375367
-0.000773020281102325
-0.000771198875846409
-0.000769358851217836
-0.000767500170012816
-0.000765622795215055
-0.000763726689997263
-0.000761811817722659
-0.000759878141946488
-0.000757925626417536
-0.000755954235079652
-0.000753963932073267
-0.000751954681736925
-0.000749926448608812
-0.000747879197428292
-0.00074581289313744
-0.000743727500882585
-0.000741622986015857
-0.000739499314096731
-0.000737356450893581
-0.000735194362385232
-0.000733013014762517
-0.000730812374429846
-0.000728592408006759
-0.000726353082329505
-0.000724094364452607
-0.00072181622165044
-0.000719518621418806
-0.000717201531476516
-0.00071486491976698
-0.000712508754459787
-0.000710133003952303
-0.000707737636871262
-0.000705322622074366
-0.000702887928651884
-0.000700433525928258
-0.00069795938346371
-0.000695465471055854
-0.000692951758741308
-0.000690418216797315
-0.000687864815743359
-0.000685291526342791
-0.000682698319604456
-0.000680085166784323
-0.000677452039387115
-0.00067479890916795
-0.000672125748133978
-0.000669432528546025
-0.000666719222920233
-0.000663985804029718
-0.000661232244906212
-0.000658458518841725
-0.000655664599390201
-0.000652850460369174
-0.00065001607586144
-0.000647161420216718
-0.000644286468053321
-0.000641391194259829
-0.000638475573996764
-0.000635539582698272
-0.000632583196073798
-0.00062960639010978
-0.000626609141071328
-0.000623591425503916
-0.000620553220235079
-0.000617494502376104
-0.000614415249323734
-0.000611315438761866
-0.000608195048663258
-0.000605054057291236
-0.0006018924432014
-0.000598710185243343
-0.000595507262562362
-0.000592283654601179
-0.000589039341101662
-0.000585774302106548
-0.000582488517961167
-0.000579181969315179
-0.000575854637124297
-0.000572506502652025
-0.000569137547471399
-0.00056574775346672
-0.000562337102835301
-0.000558905578089212
-0.000555453162057023
-0.00055197983788556
-0.000548485589041654
-0.000544970399313898
-0.000541434252814404
-0.00053787713398056
-0.000534299027576801
-0.000530699918696364
-0.000527079792763063
-0.000523438635533056
-0.000519776433096617
-0.000516093171879911
-0.000512388838646774
-0.000508663420500487
-0.000504916904885561
-0.000501149279589524
-0.000497360532744701
-0.000493550652830008
-0.000489719628672738
-0.000485867449450361
-0.000481994104692313
-0.000478099584281798
-0.000474183878457584
-0.00047024697781581
-0.000466288873311786
-0.0004623095562618
-0.000458309018344929
-0.000454287251604847
-0.000450244248451637
-0.00044618000166361
-0.000442094504389115
-0.000437987750148365
-0.000433859732835251
-0.00042971044671917
-0.000425539886446848
-0.000421348047044165
-0.000417134923917985
-0.000412900512857989
-0.0004086448100385
-0.000404367812020328
-0.000400069515752595
-0.000395749918574582
-0.000391409018217561
-0.000387046812806642
-0.000382663300862616
-0.000378258481303797
-0.000373832353447872
-0.000369384917013745
-0.000364916172123394
-0.000360426119303714
-0.000355914759488379
-0.000351382094019692
-0.000346828124650442
-0.000342252853545766
-0.000337656283285003
-0.00033303841686356
-0.000328399257694774
-0.000323738809611773
-0.000319057076869347
-0.000314354064145811
-0.000309629776544877
-0.000304884219597521
-0.000300117399263857
-0.000295329321935009
-0.000290519994434983
-0.000285689424022547
-0.000280837618393103
-0.000275964585680569
-0.000271070334459256
-0.00026615487374575
-0.000261218213000794
-0.000256260362131167
-0.000251281331491571
-0.000246281131886511
-0.000241259774572196
-0.000236217271258436
-0.0002311536341105
-0.000226068875750961
-0.000220963009261604
-0.000215836048185465
-0.00021068800652885
-0.000205518898762971
-0.000200328739825166
-0.000195117545120747
-0.000189885330526692
-0.00018463211239583
-0.000179357907556368
-0.000174062733304635
-0.000168746607402801
-0.000163409548101466
-0.000158051574177644
-0.000152672704921283
-0.000147272960018127
-0.000141852359454373
-0.000136410923737012
-0.00013094867442511
-0.000125465634144409
-0.000119961825123349
-0.000114437267432307
-0.000108891981009235
-0.000103325992976755
-9.77393406020158e-05
-9.21320543207041e-05
-8.65041294606926e-05
-8.08555404184627e-05
-7.51863364656099e-05
-6.94967149799052e-05
-6.37868397306334e-05
-5.80564219298857e-05
-5.23047349355862e-05
-4.65318035196003e-05
-4.07397639767212e-05
-3.49311398727443e-05
-2.9103005802022e-05
-2.32449342560235e-05
-1.73529024844135e-05
-1.14514212979673e-05
-5.58070579076044e-06
2.8034217173718e-07
6.26899063587307e-06
1.2487867709444e-05
1.86738201185248e-05
2.42296172358288e-05
2.91876177846326e-05
3.52564978571478e-05
4.43587928760533e-05
5.39794357593555e-05
5.57743827708378e-05
4.69314110771507e-05
4.73763262621289e-05
8.78216893768557e-05
0.000144797164969713
8.04238743104521e-05
-0.000302988826766935
-0.0011001034223431
-0.00220882191442329
-0.00342382168249692
-0.0045991739284399
-0.00570277340686951
-0.0067561365774665
-0.00776973507833453
-0.00873164276151195
-0.00962544912745047
-0.0104415970891837
-0.0111736306130934
-0.0118080795237834
-0.0123176919439954
-0.0126656195173916
-0.0128251834666268
-0.0128086655896106
-0.0126816517740381
-0.0125362921469519
-0.0124241742557881
-0.0122931969195695
-0.0119901214949438
-0.0113519526127941
-0.0103365788467483
-0.00909616321280035
-0.00792198229562347
-0.00707858317816092
-0.00663682564257307
-0.00643382741650102
-0.00619968521739098
-0.00574941439020722
-0.00506679735503692
-0.00419394454070172
-0.00302861147927255
-0.00123992220430405
0.00157797351396476
0.00560147503106847
0.0105332968832376
0.0155805029502957
0.0196783064006967
0.0218567893527292
0.0215715842580437
0.0188476837827994
0.0142288781608531
0.0086328075867753
0.00317173173929138
-0.001067079515771
-0.00325829506387852
-0.00302076583326076
-0.0004911429809518
0.00373100163356892
0.00877489364868077
0.0137770531065904
0.0181051238419951
0.0214128077027837
0.0235685295062611
0.0245965655036361
0.0247012870861323
0.02430927396784
0.0240046032328817
0.0243092637509643
0.0254106769308497
0.0270256085031002
0.0285230276129055
0.0292471095910481
0.0288311592330623
0.0273062909235183
0.024978635462222
0.0222206794500491
0.0193427000254756
0.0165882708686259
0.0141803948050654
0.0123372533847112
0.0112427123181284
0.0110041691670773
0.0116286332612255
0.0130275619590052
0.0150447055871268
0.0174871763203487
0.0201331110418704
0.0227068426540101
0.0248551649304852
0.0261929115130351
0.026462150541542
0.0257482857358165
0.0245837859945626
0.023772668529007
0.0239474141279321
0.0251139830609721
0.0265308261739648
0.0270794524777557
0.025930563792904
0.0230698011277489
0.0193250459932585
0.0158777530052571
0.0135803911588391
0.0125025233043247
0.0119576057041084
0.0109674453571306
0.00887455863662564
0.0057294094573864
0.00221645222807071
-0.000804270394247
-0.00278051095931481
-0.00361559626180689
-0.00342900692714016
-0.00221876534076876
0.000229905973155703
0.00410463028479428
0.00921812343618163
0.0148587949043017
0.0199672827351545
0.0235142489199714
0.0248365971985426
0.0237684362873335
0.0205829284292685
0.0158785482957175
0.0105011842540802
0.00545435024528808
0.00168706588779237
-0.000237865260002792
-0.000408949764866374
0.00046222890566976
0.00140453696076406
0.00167423429427063
0.00106523719654356
-0.00011128398740983
-0.00129876099348799
-0.00200803046184876
-0.00199253961744045
-0.00123718413821852
0.000157272107433669
0.00205576091267526
0.00425565871206353
0.00639705302247305
0.00797403239756594
0.00854473964549086
0.0080411357025749
0.00692320245690367
0.00598283132869045
0.00587235022807352
0.00669226089710226
0.00796879985049446
0.00904923899730282
0.00959860766205985
0.00980834018808436
0.0101737532654137
0.0110238231602838
0.0121453739639279
0.0127783922298542
0.0120409126170913
0.00956612803213692
0.00594075685724907
0.00258777873616333
0.00107085886336293
0.00220872685441534
0.00556520262060725
0.00966048175342698
0.0127651482035872
0.0137457585157037
0.0124372858448251
0.00941285460749021
0.00546579001826239
0.00124537339128434
-0.00276713519246349
-0.0061162095450533
-0.00836773592531674
-0.00934826417588491
-0.00940992727128312
-0.00937558148524651
-0.0100432685760669
-0.0115383589523647
-0.0130291467509809
-0.0131296046285934
-0.0108146344183816
-0.00623916901484604
-0.000826576053978235
0.00354421820260538
0.00574040649649337
0.00607209724687828
0.0059123826060905
0.00653121810397996
0.00810831605573454
0.00972862996981182
0.0102917931967588
0.00950516816426849
0.00815960671789308
0.00758308690384109
0.00882052969809858
0.0121654316786245
0.0172462370181087
0.0234048381220172
0.0299606092934662
0.0361657174967384
0.0410072931202763
0.0432206248870092
0.0417654100773748
0.0366117100946215
0.0292647075753131
0.0224301506392794
0.0187530395504366
0.0193101420304562
0.0228680054999199
0.0264867497355949
0.0271441850243407
0.0233574507781125
0.0158103809644601
0.00671376507201306
-0.00152883370476901
-0.0074346416042778
-0.0107583362719188
-0.0120761847788653
-0.0121199691805581
-0.0113325382052868
-0.00983681650244619
-0.00770591158229245
-0.00523942804335814
-0.00296760971813466
-0.00134584791559972
-0.000426358797138211
0.000110128255548048
0.00049319895485177
0.000381714741955109
-0.00107387594426169
-0.00445973191103067
-0.00911408581964183
-0.0128052405289232
-0.0126464678685844
-0.00692359853018394
0.00335783594612292
0.0144591366520024
0.0217158153138688
0.0221309925839401
0.0160808480566364
0.00701554288458123
-0.0006283609763236
-0.00394367725980864
-0.00293031721847755
2.70493053166459e-05
0.00208530452998387
0.00188934037294171
0.000238814078532586
-0.000840151719966884
0.000200027812373276
0.00321747051535928
0.00646123003521614
0.00777793121242556
0.00603024395006145
0.00175837436073705
-0.00327330350772334
-0.00722651763976861
-0.00924004654401058
-0.00978102192319238
-0.0102075422359097
-0.0118985955275859
-0.0154630940389778
-0.0204035180080164
-0.0253277122506899
-0.0285533020452482
-0.0288279068865547
-0.0258782343208177
-0.0205566828537053
-0.0144812365111225
-0.00928689230595387
-0.00585403616472398
-0.00396117017385635
-0.00258668167790091
-0.000673575379068876
0.00211621752802946
0.00510114870511944
0.00691201144149195
0.0063205463127892
0.00315652906180576
-0.00124719544501094
-0.00450929832239557
-0.004475320538981
-0.000607363329904351
0.00545688750880256
0.0106681028475034
0.0122589211881244
0.0093090443811526
0.00319607505844608
-0.00329142613963641
-0.00752740551036723
-0.00829985300646473
-0.00608188129261481
-0.00238729735098796
0.00117337230059656
0.00350208634290501
0.00409341430849879
0.00285052420225545
-1.72696208995212e-05
-0.00394595501685954
-0.00801929350194215
-0.0112106390580046
-0.0128086922159891
-0.0127602093187844
-0.0116785840748569
-0.0104911215248409
-0.00994122656593783
-0.0102355725276798
-0.0109928359710402
-0.0114382445376934
-0.0106783932110839
-0.00796590713564745
-0.00300523801982682
0.00367815485726127
0.0105348627422453
0.0153403908306191
0.0161851321142033
0.0125964120724185
0.00599301670632471
-0.00094011442009662
-0.00561654463360579
-0.00681897673900824
-0.00513078159487255
-0.00232401121525269
-0.000148632632906839
0.000651719316569679
0.000440524847695248
-8.68162154274231e-05
-0.000867546270526084
-0.00280376219401067
-0.00716199320492579
-0.0144737193210362
-0.023736671014884
-0.0324896117823363
-0.0377517861734074
-0.0373136512668658
-0.030721870972962
-0.0195177770761524
-0.00666992261613158
0.00452168777148092
0.0115901146251362
0.0136698473626201
0.0115712560602057
0.00716843730956803
0.00242885869167668
-0.00142875833714648
-0.00426500371429306
-0.00675025891182942
-0.00971712864775041
-0.0135200194504282
-0.0177293035948217
-0.0212606078093138
-0.0228019826103934
-0.0213045532919424
-0.0163634808491631
-0.0084270770029625
0.00117552997097557
0.0104203158052409
0.0170475055963449
0.0192842720117516
0.0166163398919914
0.0101803369902797
0.00238370724413666
-0.00422243660613212
-0.00822311303567044
-0.00995388107911206
-0.0110416923423792
-0.0132255244903387
-0.0172855239214245
-0.0227220701846887
-0.0282019061073396
-0.0322815279756185
-0.0338896642210561
-0.0324181737972908
-0.0276543739630725
-0.0198543921528458
-0.00998309428301891
0.00018421748171966
0.00844483116721571
0.0130345494953582
0.0135095918775738
0.0110358290417241
0.0078335236678651
0.00608671623213695
0.00693033433348581
0.0100050700372811
0.0137152628274494
0.0160040342096436
0.0152882638016255
0.0111717958547056
0.00465034730382354
-0.00229335549731753
-0.00755782526515253
-0.00985585720230304
-0.00920907977108959
-0.00671376611886007
-0.00377010072962696
-0.00136049078834908
0.000117241442387726
0.00049401284712736
-0.000515918438851082
-0.00317750450916359
-0.007233740065345
-0.011654197964267
-0.0150722386786809
-0.0166490075419068
-0.0166132173531506
-0.0159861149570734
-0.0157549863307016
-0.0162275796137095
-0.0170316548241302
-0.0175735598273818
-0.0174513057228914
-0.0165646876579081
-0.0150419154388957
-0.0131533932414824
-0.0111959548065306
-0.00928800716928597
-0.00719583486605737
-0.00441023635667818
-0.000507996122740625
0.00444180390906042
0.00972240445360235
0.0141699366642903
0.0166178675488802
0.0163848284175235
0.0136180298816612
0.00935020342612972
0.00520563390129297
0.00281929969089778
0.00318212419097964
0.0062141723710811
0.0108091399174629
0.0153637762540636
0.0185107547739285
0.0196216051905421
0.0187900353445209
0.0163768841037201
0.0125213356961601
0.007034834112052
-0.000226566345535867
-0.00881604106228055
-0.0174409652895394
-0.0242616909739773
-0.0276078730910261
-0.0266853601158353
-0.0218641040735681
-0.0144245036255239
-0.00597452911399935
0.00209655007642559
0.00886119822572242
0.0137567403459112
0.0163004739053219
0.015862081107747
0.0117557375586273
0.00377021977379975
-0.00713643707682123
-0.0186229184444228
-0.0276922896547901
-0.0320195322705451
-0.0308973517445688
-0.0251330789684963
-0.0162199506216632
-0.00567884567882763
0.00495169000880763
0.0138345711879059
0.018943589806288
0.0188029141699701
0.0134042185532325
0.00455236863408842
-0.0047728021992401
-0.0117521661949053
-0.0149530316939871
-0.0146998652229379
-0.0124385597383545
-0.00960454846797373
-0.00676344125265416
-0.0035351485780403
0.00071875012120191
0.00594170042745849
0.0108603138374172
0.0133956484456766
0.0119286887526374
0.00666140204537663
5.95828479614698e-05
-0.00413786304221369
-0.00289209926671804
0.00433459065176205
0.0150201845144058
0.0245784205439378
0.0283570991975884
0.0236435934283368
0.0108012744970368
-0.00686026894304227
-0.0243426895075566
-0.0368095297992099
-0.0413122948322986
-0.0377365833150659
-0.0286204200254735
-0.0179516704220234
-0.00946778050871529
-0.00518592418482003
-0.00479942092340666
-0.00620385957045858
-0.00688920741711968
-0.00547223358531876
-0.00249163027762333
8.25936051222767e-05
0.000401266096568136
-0.0016910450756699
-0.00429796850905487
-0.00475872841421363
-0.00168524469629516
0.00387085205383635
0.00911473474581399
0.0115358114521313
0.0106339267105955
0.00800742353679024
0.00585531920285966
0.00518881540226063
0.0051432900662126
0.00379341555450287
-0.000283195696332974
-0.00687996044141817
-0.0141852286159954
-0.0198041556703633
-0.022025050633513
-0.0205557374836178
-0.016422874521274
-0.0113135828154172
-0.00690182454243567
-0.00446681092138122
-0.00469427091878525
-0.00744915896102771
-0.0115969262837242
-0.01520150396278
-0.0162709556326866
-0.0137780978298462
-0.0083642410583854
-0.00220697740601426
0.00202248440674709
0.00260586112002874
-0.000229327861894166
-0.00444366559735646
-0.00744028307654509
-0.00769117514185688
-0.00569757673432988
-0.00364312432860286
-0.00395756671513522
-0.00774827289048092
-0.0141207559388265
-0.0207405922848885
-0.0251259273080063
-0.0257752150311345
-0.0225501035273018
-0.0163743213210788
-0.00870025477276348
-0.00109105133676554
0.00506608740753789
0.00882647674880961
0.00987774745937697
0.00847289373478761
0.00512528646138765
0.000382628111640212
-0.00506623773588544
-0.0101469195180066
-0.0134994429326452
-0.0140884234422817
-0.011867217814016
-0.00784799817001259
-0.00344749760347713
0.000335118109877139
0.00322924148111268
0.00535076805909131
0.00666898949275797
0.00682735842665995
0.00542558226238653
0.00240632888859818
-0.00185877581778752
-0.00683554275274788
-0.0121361898705019
-0.0175452004682104
-0.0227411311576144
-0.026991312859753
-0.0291259606856444
-0.0278922241405691
-0.02255481052253
-0.0134869277187966
-0.00247445381811245
0.00750775530915154
0.013155977008891
0.012140678910678
0.0042813037118681
-0.00811306332677562
-0.0210787864530275
-0.0306470943494855
-0.0344198151894788
-0.0322417105878181
-0.0257260731418787
-0.0170698485773893
-0.00792809042570219
0.00103628053283538
0.00977126992976527
0.0179413641241672
0.0241402628772383
0.0258764015585719
0.0206776779952344
0.00793808400901835
-0.00965885642465138
-0.0264340234240933
-0.0360452807878859
-0.0346547507433624
-0.0229275837520334
-0.005573573702839
0.0111768687829026
0.0224872643848037
0.0265599139158947
0.0244323108057136
0.018541422839051
0.0111809112981237
0.00367413351511108
-0.00358866194536258
-0.0106166698492242
-0.0172712004245847
-0.0229957802943151
-0.0268581686727281
-0.027800348844905
-0.024998289722386
-0.0182765480510678
-0.00848706338774675
0.00234471438690245
0.0113390607455237
0.0156200789075901
0.0134707848889066
0.0052685014581076
-0.00633489199422225
-0.0172103842480345
-0.0232511496791859
-0.0219209602839203
-0.0131917610461447
0.000457595603265628
0.0149106715094894
0.0258267222783715
0.0301414417888018
0.0271161865764097
0.0184712980986458
0.00751150560671807
-0.0023158996901812
-0.00868508945772725
-0.0109085240991831
-0.00964042794147982
-0.00614047228143247
-0.00159015101187996
0.00321168814389561
0.00772511534932148
0.0113306777620053
0.0131434570905144
0.0122661373662937
0.00841604049267421
0.00246318057639701
-0.00365629411063832
-0.00778790287686256
-0.0087103218070744
-0.0068203837201124
-0.00383167364809384
-0.00165059214737737
-0.00123319312813634
-0.00228860851089761
-0.00402275505667298
-0.0061938426676311
-0.00942446573319678
-0.0144010855448824
-0.0207129297977183
-0.0265133168828315
-0.0294497356589424
-0.0281526232494613
-0.0231326887319978
-0.0164998547715522
-0.0107967112958676
-0.00770398821200369
-0.00730265027148059
-0.00822435802681817
-0.0085829917204207
-0.0071685187042421
-0.00420312366331455
-0.00119386711052821
2.77086519631656e-05
-0.0015146667528071
-0.00524582825093818
-0.00921456916166313
-0.0110341907933709
-0.00908714411611354
-0.00335752359851285
0.00456705938827074
0.0123335689840744
0.0179939833900071
0.0207628525380066
0.0209095777883856
0.0190111288675569
0.0153090620143471
0.0097728761433667
0.00275338143170197
-0.0045103297169869
-0.0101772096446499
-0.0128117295279572
-0.0123538606753869
-0.0102281566077337
-0.00838192365054566
-0.00789136899375661
-0.00821857820323825
-0.00780639997818082
-0.00563993859336591
-0.00250711818257808
-0.000800650170848735
-0.00284456060503326
-0.00896936975848042
-0.016834815987707
-0.0225781684189117
-0.023023259699597
-0.0174723788285302
-0.00798225421684444
0.00190002672998823
0.00902060937274046
0.0119836253362834
0.0113734550975456
0.00898670580499995
0.00672935218586019
0.00583272158971138
0.00666414258749189
0.00895647922485034
0.0120416277800761
0.0148122473160234
0.0155764703694755
0.0123168150173036
0.00366455488780763
-0.00981720665707419
-0.0250214502928234
-0.0370992308331178
-0.0414692986718161
-0.0359605163740116
-0.0219030760818938
-0.00360819379230223
0.0134882882718537
0.0251373015547075
0.0299434474971011
0.0295317807839906
0.0271045903882653
0.0252473716647562
0.0243801361893585
0.022841243767398
0.0184483232384058
0.0103639204773991
-2.70399692691921e-05
-0.00972546463246749
-0.0156858103385771
-0.0163143472386834
-0.0121067629441858
-0.00526488938902818
0.00133898553515141
0.00530127292871951
0.00549337093403847
0.00233252198598122
-0.00247833946556786
-0.00663153915753505
-0.0081579837342818
-0.00636256536492539
-0.00230936380547423
0.00157062943792239
0.00273955931569101
5.6705133907131e-06
-0.00579443438615045
-0.0123573961078157
-0.0172626614787593
-0.0191098817868722
-0.0177467667718302
-0.0136903550379169
-0.00740955781167157
0.000920858841845474
0.0110689172131215
0.0221356662526343
0.0321893291065791
0.0385049779408458
0.0384547163998658
0.0307204147063648
0.0162172771360323
-0.00186700893872345
-0.0190919762768968
-0.0314084350486264
-0.0366248308487492
-0.0350267356237365
-0.0289760265763563
-0.0218019013099844
-0.0164962592049407
-0.0146436031502806
-0.0158493911131989
-0.0178439766326297
-0.0173762927843902
-0.0117607814732338
-0.000460668316303546
0.0142484968775835
0.0281721967634824
0.0372901884847064
0.0397609814101991
0.0365495612261583
0.030403879475059
0.0240695413386734
0.0189796631773385
0.0150341491401073
0.0111930035818573
0.00623297816927011
-0.000717410816478298
-0.00984328967159953
-0.0204178260306862
-0.0308034307055961
-0.0388689182803813
-0.0427440121567887
-0.0415002577279909
-0.0353492278790464
-0.0253124858333834
-0.0126806195872812
0.00137276329758013
0.0158740654601823
0.0299055662894081
0.0423890708750419
0.0519404820640414
0.0569370965235228
0.0559302451655292
0.0483985344732325
0.0355429007111739
0.0205733396791356
0.00801758237038556
0.00208086432024241
0.00475103790516219
0.0147085020262882
0.0277907075294878
0.0388484564487275
0.0439393854652074
0.0416591782236218
0.0331297624941639
0.0210788008432159
0.0087788406469476
-0.000731395854355071
-0.00518341083969576
-0.00350024279391627
0.00397454233262896
0.0156187299244648
0.0290549940313116
0.0418223586111234
0.0518927614310937
0.0578769707760529
0.0589722348160845
0.0548178319258718
0.045425095643695
0.0312940112821314
0.0137122046069932
-0.00498698817076188
-0.0216228735590314
-0.0331005334391727
-0.0377936540812701
-0.0365138599565052
-0.0322358641787745
-0.0285439532306619
-0.0277149175422589
-0.0296216835522935
-0.0320229134641711
-0.0319006600999793
-0.0270432983179788
-0.0171813871921787
-0.00429902659582127
0.00801653932930598
0.0160526035903092
0.0176887473861744
0.013396186630782
0.00579110753602576
-0.00206104731975878
-0.00843889058833242
-0.0135812339139006
-0.0187511991296692
-0.0245826775584772
-0.0300694727185029
-0.0329989584049332
-0.0314899279772351
-0.0254866780641323
-0.0171437240119762
-0.00982982420702132
-0.00635055709135329
-0.0073924132436084
-0.0109994160657392
-0.0133376573021801
-0.0104175221595822
-3.52570886243712e-05
0.0169547777429608
0.0367084951194633
0.0538238538086423
0.0633927431052769
0.0626567980201791
0.0516827753854977
0.0330913019658193
0.0111135063306014
-0.00977747321889585
-0.0262855237279764
-0.0371644422900757
-0.0430905651434458
-0.0456621589675823
-0.0461637305993945
-0.0447395055872434
-0.0402525896582764
-0.0307753516591614
-0.0145192387422445
0.00908752373005299
0.0386159105871632
0.0705932791663951
0.100320544637944
0.123183007932164
0.135857003040082
0.136996027709461
0.127326431480137
0.109280690448516
0.0863095403046907
0.0620222847619892
0.0393930066550556
0.0203024493918567
0.00552043652394582
-0.00502179652432795
-0.0119129470292769
-0.0160031760084615
-0.0181542998281903
-0.0189731771192701
-0.0186519196017473
-0.0170781583364592
-0.014205521351667
-0.0104370703766062
-0.00670243371634998
-0.00408980922473724
-0.00321927261984077
-0.00380003473413164
-0.00479179339857041
-0.0052125845001929
-0.00509297706514919
-0.00579900166074403
-0.00929076494887357
-0.0167233547368776
-0.0274514275701472
-0.0392814585299131
-0.0497988014890722
-0.0576949942131811
-0.0630842139453827
-0.0667026802834885
-0.0687383892398509
-0.0681902541635482
-0.06321772605194
-0.0523563569214036
-0.0359779564878764
-0.0170851776426866
-0.000717824915653097
0.00794879657141773
0.00579336861189675
-0.00702616131383131
-0.0273232861116593
-0.0501303794042968
-0.0701304324182254
-0.0828586050172096
-0.0856800954105821
-0.0784828615085122
-0.0637396070763463
-0.0456691487981106
-0.0287378527714686
-0.0161896056738262
-0.00924626743833428
-0.00717316191798694
-0.00797104387426659
-0.00930531284842204
-0.00936466953558398
-0.00747082879530248
-0.00433479150839003
-0.00188133563731713
-0.00259804611018624
-0.00847924541705508
-0.0198578503717447
-0.0346388597571942
-0.0484468120242795
-0.0558697110764182
-0.0524777781409209
-0.0368802960406171
-0.0119128457964361
0.0157960895693765
0.0380355015802133
0.0482066648739193
0.0439631800571265
0.0279172998441871
0.00615838986331629
-0.0144108896914746
-0.0284662880413809
-0.0334530880050532
-0.0295248902443349
-0.0187285834956184
-0.00398905046178705
0.0117403502846514
0.0259764420519204
0.0368205459545005
0.0428368964754903
0.0429875287537309
0.0368637821658216
0.0251731102377365
0.0101174941693048
-0.00478725798921496
-0.0156165115109401
-0.0193247025553178
-0.0147419312374676
-0.00278662051771805
0.0140036815437435
0.0320870267283096
0.0473453588445348
0.0555940127942171
0.0536464061173731
0.040823504200869
0.0199880153162103
-0.00290485515358827
-0.0208677826004969
-0.0285691996704626
-0.0242515190150084
-0.010006787905516
0.0095040633243317
0.0290701843994577
0.0447039900944334
0.0545297019430728
0.0587060706296117
0.0587271846600469
0.0565449344631192
0.0538027570466417
0.0513044924109846
0.0488222100528562
0.0453738834359979
0.0399400683869435
0.0322116473368489
0.0227479226530832
0.012330207154114
0.00116208079285582
-0.0110415985135055
-0.0238661137704443
-0.0351203641067057
-0.0414207316606304
-0.0404739893075585
-0.0331514568111885
-0.0232705379306698
-0.0150118302399555
-0.0101076964927604
-0.00709709133307703
-0.0029705739243931
0.00450497286172305
0.0156708468075545
0.0294548137348517
0.0444198630546563
0.0593164952689792
0.0729773527396604
0.0840390263892982
0.0908534092997578
0.0915598677501588
0.0842571544677641
0.0674943521589696
0.0413054660053129
0.00842641455462749
-0.0253350311673702
-0.0524643502854898
-0.0665758016303083
-0.065203851596527
-0.0508478611392396
-0.0296459411955101
-0.00850731860657454
0.00768435875696416
0.0174277245693643
0.0220847570570544
0.0240907625870723
0.025122080541878
0.0253393506008519
0.024019588290673
0.0208761020270846
0.0168621893601969
0.0137138534317585
0.0126079334157145
0.0131344272279827
0.0135255346745342
0.0119781222636254
0.00799504172329992
0.00273543859217147
-0.0017976653811892
-0.00410153516965987
-0.00419319896391678
-0.00372489579935746
-0.00507903600460313
-0.00983446369748856
-0.0174700240748824
-0.0252626244261294
-0.0296522783270264
-0.028180091488631
-0.0205361325573215
-0.00802029168159456
0.00784994844556988
0.0262089665963085
0.0465044033907482
0.0674162306587924
0.0860515884786877
0.0982072056667087
0.0998522547147788
0.0892111219605951
0.0682422915965202
0.0424289593328826
0.0187500116957234
0.00283995727439494
-0.00317660226353228
-0.00113712744880153
0.00448488514633586
0.00885062680178149
0.00876556243718911
0.00352231228815337
-0.00555908793493926
-0.0162574942342234
-0.026326509959963
-0.0336202788721209
-0.0357796869700846
-0.0302999728467353
-0.0154991390906246
0.00799732070115667
0.0363316158561688
0.0629475288353716
0.0805681604229317
0.0837068656095262
0.0705460159626383
0.0434207701487232
0.00782351430986942
-0.0295503121650956
-0.0628591844698628
-0.0884599500990466
-0.105111238236065
-0.113146147644954
-0.1131846988692
-0.105171669064683
-0.0883792375531212
-0.0624897474554367
-0.029172422414554
0.00691458170007017
0.0386402420059705
0.058553842534724
0.0617024007336279
0.0475749612197359
0.0201020032743131
-0.014185938387446
-0.0487240428309181
-0.07888433884999
-0.102615074232457
-0.119861218178967
-0.131437629328067
-0.138052246422994
-0.13984186406906
-0.13643765213931
-0.127400089116713
-0.112786975315261
-0.0935692437723046
-0.07165636872921
-0.0494983319545916
-0.0294731778799962
-0.0133424453880427
-0.00192392763257807
0.0050172560924009
0.00864906518172409
0.0106426787151899
0.0124634323875809
0.0147132852115969
0.0169876025894478
0.0183921672708193
0.0183345712635544
0.0170026134325753
0.0152688948419673
0.0142251121044943
0.0146906317544195
0.0168775814021476
0.0202637030038969
0.0237309678537133
0.0259799853611158
0.0260555417986634
0.0237257847369197
0.0195842142343579
0.0149034749685516
0.011250174616664
0.00981934683406169
0.0106717322656885
0.012438534437667
0.0130185008425327
0.0110526248897713
0.00712461060730505
0.00364817235881077
0.00342058888132651
0.00791440292481902
0.0165260954217307
0.0271644759248574
0.0375832151464215
0.0465042160828763
0.0539201253114096
0.0605868319300048
0.0671767237330034
0.0736560326981524
0.0792206942765471
0.0827602518268188
0.0835162034380511
0.0814988982272365
0.077381441122008
0.0719354000711556
0.065409312983689
0.0573353492708043
0.0469811021489295
0.0341878112787612
0.0199835358162104
0.00643728761267105
-0.00425288588723381
-0.01084748380811
-0.0135814142140476
-0.0137986132738178
-0.0130449075002047
-0.0122726165634122
-0.0116001034610898
-0.0106061096560004
-0.00881937254342718
-0.00606643058362199
-0.00256727248574678
0.00109585020881531
0.00394535590516257
0.00448420628619793
0.000730142381767762
-0.00923617757597902
-0.0261457611455924
-0.0483417566420378
-0.0713746225881284
-0.0890071032575887
-0.0954358206992222
-0.0877257126948084
-0.0672248221076763
-0.0392024469837932
-0.0107876804819635
0.011924789721736
0.0262637953521308
0.0336643904003057
0.0383243110615944
0.0446804859849372
0.0551286713171666
0.0690067063027782
0.0829878651907561
0.0924283014737689
0.0930766210969045
0.0826017768445699
0.0614501186029297
0.0327275547580759
0.00120582900096199
-0.0280444519872795
-0.0508090069251017
-0.0643847400612787
-0.0678445125160139
-0.0621664780228242
-0.050252949458158
-0.03653156466342
-0.0258548612646067
-0.0219221386489798
-0.0259764353171843
-0.0364832364907847
-0.0498637302615586
-0.0617539840223032
-0.0682195957648745
-0.0667207959649857
-0.0568427810485596
-0.0406558053366645
-0.0223648975516208
-0.0070319598293115
0.00137216974669808
0.00178644713650797
-0.00327118127623819
-0.0087930022814714
-0.00976008787586216
-0.00372081124239921
0.00793437330695264
0.0205982261260108
0.0285056382085444
0.0271948627537006
0.0154098387955638
-0.00419984239396631
-0.0259145535223015
-0.0431864442639489
-0.0514404354301029
-0.0500455423773944
-0.0423262363983054
-0.0335818030381414
-0.0282891941308616
-0.0281083639377565
-0.0316908716868865
-0.0360879034249231
-0.038630679419949
-0.0381103583894339
-0.0348006017107469
-0.0296966221391806
-0.0237059809501816
-0.0173120647842606
-0.0107530705511417
-0.00441597861499301
0.000876718293065109
0.00382724232075103
0.00287847010574157
-0.00329296220917669
-0.015013543607036
-0.030844476830464
-0.0473856173093131
-0.0601434844569213
-0.0652910795931763
-0.0613659057754314
-0.0497801193252363
-0.033708313929966
-0.0160136721701797
0.00238321245484593
0.0224509853181404
0.045218736900889
0.0695858135970531
0.0917630001701437
0.107103856157582
0.112872282829418
0.109497382835177
0.0992928457389908
0.0840547062916423
0.063861193652592
0.0380280416573206
0.0071740224002348
-0.0253977111912793
-0.0540580469320744
-0.0727600858155594
-0.0774394128322958
-0.0676841892392798
-0.0469393580099274
-0.0213040123867999
0.00241529505453193
0.0185986291342862
0.024077952995067
0.0185275018815947
0.00404838695264309
-0.0157613568567111
-0.036931810283278
-0.0562395875676876
-0.0721427595862199
-0.085197398381624
-0.0975784240411101
-0.111720623900605
-0.128724275002545
-0.147433339004141
-0.164697452397848
-0.176628362541244
-0.180220300513061
-0.174685910872923
-0.162010241937902
-0.146367618394202
-0.132366293560104
-0.122761230916535
-0.116926075536473
-0.111236135238865
-0.101348939780534
-0.0849960947899268
-0.0634960261098097
-0.0410969493841954
-0.0226739808631906
-0.01119605304152
-0.00634034141904475
-0.00490509265881407
-0.00270615470740121
0.003111072258677
0.0125627791376047
0.0227975374443435
0.0293819436052661
0.0281729709121042
0.0170049981505833
-0.00331308805185945
-0.0289151690315947
-0.0537272733545934
-0.0710640373214877
-0.0755570713876134
-0.0648166765953098
-0.040219069424321
-0.00646974319643581
0.0299136190928852
0.0625396367357418
0.0866299824145149
0.0994989020098929
0.100189817233127
0.0890145936064402
0.0676451130618112
0.0396759888036967
0.0108770259527053
-0.0116524414692991
-0.0214759478736522
-0.0151023031737403
0.00665383082157752
0.0389831940891892
0.0748994494988638
0.10761532819764
0.132238531371301
0.145924457398799
0.146731436173616
0.132703256438132
0.102809615017397
0.0595942597744855
0.0111443897476361
-0.0302070458364863
-0.0525954789481035
-0.0500345704416131
-0.0251305471655642
0.0123746242440486
0.0500367027663327
0.0774876313433146
0.0893172129559432
0.085319329279178
0.0688537402442398
0.0447323753648059
0.0177122866003819
-0.00813131772395587
-0.0294753306050831
-0.04367918987097
-0.0488121072626839
-0.0438739920928028
-0.0292239265056409
-0.00705560426450888
0.0184677052990972
0.0418537449428432
0.0578665732395861
0.063712250348778
0.0608930747598028
0.0554868176140226
0.0560864335817287
0.0699929267012469
0.0995882390471791
0.14089040428775
0.184950140423149
0.221162406505358
0.240906149391144
0.240221602689546
0.220802492643187
0.189055356628813
0.15350417457315
0.121471536569468
0.09642927616113
0.0772508403722699
0.0597155637030843
0.0394191756061804
0.0144488413533918
-0.0136520170731556
-0.0409976785614922
-0.0635872608436655
-0.0790872264869919
-0.0872059116082237
-0.0889318826090049
-0.0856903129367868
-0.0791770656348617
-0.0716705245698051
-0.0660005573480365
-0.0646777292271246
-0.0685914872975356
-0.0762516840362705
-0.0842408400925023
-0.0886901340355705
-0.0869366965731481
-0.0785022462511798
-0.0650241141710754
-0.0493425351642447
-0.0342659506232222
-0.0215364414225876
-0.0113361242433495
-0.00244763474574635
0.00705772784007478
0.0189586188034293
0.0342939232495082
0.0532901361723679
0.0756099647263761
0.100387497368516
0.125685073864754
0.147717234685688
0.160863758154044
0.159323015367444
0.140047382503104
0.105263283440786
0.0626958722859039
0.022930490239753
-0.00483788418552005
-0.0164289282995361
-0.0138597498109588
-0.0037031899228977
0.00623045983130493
0.00998556529709549
0.00485999244919696
-0.0090474691405728
-0.0300651090495692
-0.055653979804234
-0.0822085684933375
-0.104753688780362
-0.117676556389465
-0.116769973152612
-0.101534970879189
-0.0760946642209402
-0.0478139166263814
-0.0242602905286803
-0.0102364882070548
-0.00641238187963222
-0.0098740989754281
-0.0157945219311944
-0.0192432388197678
-0.016683780131664
-0.00709103178634083
0.00755733040946925
0.0229047538865875
0.034057556584639
0.0378403706357581
0.0341373327951
0.0255161597332569
0.0155423399250075
0.00704608590833772
0.00142137359101595
-0.000927991508477943
0.000241444850737575
0.00534354832956468
0.0144951020364098
0.0266297344722031
0.0388540912558277
0.046603612209034
0.0448687368210147
0.0302680013587432
0.00305085286311939
-0.0322708689944072
-0.0684007109023592
-0.0982338452432052
-0.117649483860977
-0.12657387693404
-0.127975427051767
-0.125712218208198
-0.122550720498137
-0.119159454269297
-0.114136094659384
-0.10478691811242
-0.0884110484508864
-0.0637749475755278
-0.0321704425693443
0.00259398139426172
0.0353598962844347
0.0612826707094649
0.0771198852040393
0.0817405152838683
0.0760168540385125
0.0623840469814563
0.0441397163165348
0.0245148255354383
0.00586372333566503
-0.0104442672227891
-0.0232527162888951
-0.0306793633464431
-0.0301646755230355
-0.0199239639835297
-0.000830309988283652
0.0228998082076974
0.0450529987080644
0.0601155602545493
0.0656894936775911
0.0632161613956519
0.0566383128784143
0.0497842844610194
0.0439462439930036
0.0370525398202941
0.0250123131297717
0.0045964847636829
-0.0237467606466217
-0.0548428077679067
-0.0802721886904216
-0.0916955024892437
-0.084308321577907
-0.0587662277667749
-0.0208974491790659
0.0203288830389374
0.0554840521491363
0.0770302096007952
0.0809128084888295
0.0673853084530916
0.0410010492790115
0.00947987772601405
-0.0186219950679305
-0.0367450569832878
-0.0423643327372247
-0.0372233368502507
-0.0258200520581404
-0.0131798018050381
-0.00311677049153068
0.00244440888477113
0.00332851851481602
0.000739848518536458
-0.00303854577297836
-0.00507144891884729
-0.00259853725386395
0.00592294384897263
0.0201864233516963
0.0382712357818488
0.0575214633362734
0.0753528102971292
0.0894622448133063
0.0975658649659043
0.0972369603902575
0.0862462035437423
0.063274166874364
0.0286098320123449
-0.015278605647379
-0.0631459192349316
-0.106608450469562
-0.135084074946097
-0.138967299447561
-0.114250016781927
-0.0658697452977869
-0.00715161721937269
0.0448410166526931
0.075549567605665
0.0776043086129162
0.0522932509150659
0.00810973867684114
-0.0424198455109017
-0.086549674435382
-0.114867439642505
-0.123494467412445
-0.113993809606896
-0.0912085812036325
-0.0607014038463858
-0.0276456363519141
0.00252092303355525
0.023223025515573
0.0275763643628138
0.0113797942202556
-0.0233594071180128
-0.0671372489611419
-0.105854292215
-0.127186486505599
-0.126775303070559
-0.109917581780533
-0.0872752881142774
-0.0675940759257959
-0.0527287983271372
-0.0383264688896549
-0.0189962118489532
0.00646505152672816
0.0336993489156226
0.0556559161463716
0.0667820547211955
0.065282087098016
0.0526833995063427
0.0324878263032713
0.00976325247068575
-0.00854046249298811
-0.0144123052474351
-0.00187391891320572
0.0289519561014652
0.0697927871729037
0.106378826987233
0.124189224761798
0.114680324602387
0.0786052480953582
0.0249905986447075
-0.0331457874331911
-0.0838966434689422
-0.120200549060855
-0.14111742079074
-0.150539158056565
-0.153901849657962
-0.154222052292467
-0.149565928063025
-0.133842064582167
-0.100879688443898
-0.049338762897707
0.0146656228388952
0.0787025867194657
0.128165874449403
0.151452772826155
0.144100446874054
0.110252522488021
0.0608731420057787
0.00962112349484467
-0.0316740074442559
-0.0561905138881864
-0.0632549349642011
-0.0576595406372061
-0.0476325296194483
-0.0418429735129503
-0.0459682230683969
-0.0599520308064688
-0.0775303056767349
-0.0889018187104884
-0.085512898840635
-0.0642822571394441
-0.0288395392848941
0.0125939111618707
0.0509319537085373
0.0792268190492582
0.0937016252023946
0.0931968189616035
0.0783358167259797
0.0514142016941953
0.0169390723630918
-0.018148506390504
-0.0455302317385261
-0.05795326327495
-0.0521275195153905
-0.0306173265069891
-0.00150919869408896
0.0244901271612332
0.0386501997253645
0.0384840991331489
0.0293266443739884
0.0220093153907794
0.0276622163043488
0.0524300196466929
0.0947968975447532
0.146516440999195
0.196221801434116
0.23372360213174
0.253017722131103
0.252935669680174
0.235766486955287
0.205284029441474
0.165641388533964
0.121530862526179
0.0787712740054002
0.0441015112710225
0.0236598422536589
0.0207798760916613
0.0344565676558969
0.0595971811657868
0.0890806898267268
0.116447146512004
0.137649212557908
0.151063792521673
0.156278709358232
0.152975797492758
0.140914301997765
0.120905012444103
0.0957151895244474
0.0698353894588748
0.0479423705413725
0.0329405973928989
0.0248210479940199
0.0209992450902742
0.0177834098157334
0.0119763244487659
0.00177089168467713
-0.0132024852261753
-0.0322528100528421
-0.0539875556637948
-0.0765438357570871
-0.0977920907736255
-0.115532906368879
-0.127595155460574
-0.131874970992817
-0.126620672038451
-0.111251552189385
-0.087488804951951
-0.059957771748229
-0.0353839218413289
-0.0203079951430291
-0.018343517438126
-0.0285001366373229
-0.0455651998701545
-0.0623513483088132
-0.0725979541866885
-0.0730736647917108
-0.0640337441147007
-0.0482078497334891
-0.0292461666047373
-0.0105235562684743
0.0054648002062671
0.0174388203248441
0.0256104166495647
0.0316318355029896
0.0378551343574511
0.0460613704171762
0.0563570780096215
0.0668725387440906
0.0743223067681847
0.0750230217856355
0.0659907796465256
0.0460137337590632
0.016607057699167
-0.0175915926156361
-0.0496389061390134
-0.0725160207540974
-0.0820008012513408
-0.0786920431697302
-0.0678922051234132
-0.0571325358766638
-0.0524553893675037
-0.0554038016957161
-0.0624684742657457
-0.0674174706601442
-0.0651263892218956
-0.0544855389969034
-0.0386069319084351
-0.0224845668840067
-0.00995621055696501
-0.00200874554161711
0.00277052287459513
0.00632527069604786
0.00929797624810116
0.0103643170612416
0.00700103676581738
-0.00283984014522371
-0.0191241968052648
-0.0392110175575419
-0.0589541933760175
-0.0749715353314141
-0.0865828447954979
-0.0958066784768718
-0.105093476393289
-0.114328724988859
-0.119477674455989
-0.114209449140578
-0.09364827136793
-0.0577750171970749
-0.0122557990653014
0.0336508907732089
0.0705877512224945
0.0920281762162925
0.0955617294398297
0.0825237931971547
0.0565138564852578
0.0216785922930727
-0.0179853116266346
-0.0573292063658768
-0.0875665307142998
-0.0957754909066828
-0.0695499710561036
-0.00592039303601654
0.0815456226057186
0.164426393826815
0.211213681606978
0.202574681913391
0.140419651158555
0.045572026191447
-0.0531716436779646
-0.130989350130666
-0.173752824342268
-0.178329569143184
-0.149361397259912
-0.0959619227451173
-0.0296730464195653
0.0370810840235276
0.0931088476662326
0.131032589898372
0.149155738043096
0.151478890679561
0.145640802476491
0.139524110483871
0.13786018784799
0.140354534911452
0.142434382493709
0.138478971393712
0.125813863295535
0.106974979581337
0.0885592614257851
0.0770674377450138
0.0742863232963624
0.0754365040515412
0.0716605145287862
0.0553261725201039
0.0245164591521325
-0.0161906842312366
-0.0587136114087546
-0.09585212984672
-0.124349094672219
-0.145305482975466
-0.162292570399881
-0.178406941479742
-0.193638571614641
-0.203786961392478
-0.201857895861917
-0.181839610789796
-0.14294992297504
-0.0913628524032986
-0.0377538357809452
0.00786723644031066
0.0404767972902039
0.0608789465323091
0.0733075331764379
0.0821365887901402
0.0899033173456105
0.0971997754177934
0.103521176510141
0.107891719616588
0.108868081409215
0.104450242995374
0.092643901305167
0.0727446464957314
0.0465114513824008
0.0181887932012886
-0.0068788638444236
-0.0242127381310993
-0.0315635833294603
-0.0291337543674995
-0.0189972481923561
-0.0043274272793897
0.0112994390875962
0.0245874351796319
0.0332067048697574
0.0362722220444898
0.0343467236844436
0.0288968888777437
0.0214367710192829
0.012780788606941
0.00275227835211089
-0.00958030791452324
-0.0252819807748585
-0.0447102641135709
-0.0666603548724458
-0.0879552196207971
-0.104097152707755
-0.111112670394497
-0.10768729263625
-0.0960517186460147
-0.0806985572314844
-0.065591577225573
-0.0517820778981283
-0.0371619222726071
-0.0185771179929963
0.00511139748856379
0.0310698667072006
0.0530688903071927
0.0645736433073346
0.0626918031351587
0.050444774073658
0.0356232739191527
0.0267575649353447
0.0287468644812543
0.0407420776769503
0.0571203614966867
0.0705449555154449
0.0754323759012007
0.0704476316559257
0.0591812056444362
0.0487444469699614
0.0467729344381049
0.0580036609571799
0.0817927324086018
0.11166744756013
0.137430723988866
0.149336218878498
0.142503177887431
0.119029142792311
0.0863441027801289
0.0528565627941098
0.0238093853280183
-0.000176566137504232
-0.0216018332614599
-0.0432970979490485
-0.0663031965940847
-0.0893623232113849
-0.109750201797718
-0.124527587343271
-0.131341180860856
-0.128512211794212
-0.114913019198225
-0.090391703899888
-0.0568863370889297
-0.0193766562963197
0.014505593943723
0.0365957453992473
0.0412031205173652
0.0275479711296606
0.000512992565775665
-0.0306067298847737
-0.0550006150377092
-0.0640648934808943
-0.0546870519748374
-0.0305922057718944
-0.000752293190886346
0.0247514743800542
0.0394607294755598
0.0433068907031489
0.0418140966878105
0.042217442458706
0.0488492409549954
0.0605250828387498
0.0713176862398219
0.0740367108924105
0.0642753315410231
0.0427975627198627
0.0152317769530368
-0.0103232657792289
-0.0262141931617951
-0.0273739188530739
-0.0123249610027392
0.0167025772139467
0.0542987743664597
0.0929912976179258
0.124822302980902
0.143016240206889
0.143324998358272
0.124884897103838
0.09062711488966
0.0471173156352105
0.00340832774892606
-0.0312846823981313
-0.0504076875079355
-0.0519936708149773
-0.0386280969381711
-0.0156703249375381
0.0109529843383399
0.0361244528557267
0.0558389806092227
0.0670744283695873
0.0678874298145322
0.0578183683463574
0.0382668116288042
0.0125324636700799
-0.0145690743000961
-0.0375233490803078
-0.0513682886715221
-0.0532176421173747
-0.0435637589577563
-0.0266522131948766
-0.00941025998523684
0.000975712636879817
-1.64064024616257e-05
-0.0121310351019781
-0.0301532841433813
-0.0459139292728994
-0.0516076168204401
-0.0428522253975345
-0.0201392353510928
0.0116920986563558
0.0453171264856925
0.0731208160608481
0.0890287195466397
0.0897577252493579
0.0754659597515996
0.049655791841813
0.0180770942610332
-0.0133236846201605
-0.0406603959179942
-0.0632992187463312
-0.0830850851828577
-0.101974048095504
-0.119678917358945
-0.133033269498134
-0.137554697254348
-0.130115578916821
-0.110951434579546
-0.0838547663680281
-0.0546541818859809
-0.0289782309639106
-0.0103781233087673
0.000598089899736755
0.00623730940750274
0.0104216337703616
0.0165477275718508
0.0254435302013338
0.0347159208984357
0.0405230423430163
0.0409777631313294
0.0386077006057515
0.0395128929292803
0.0493886529598999
0.0692503865134233
0.0939907398355537
0.11465875948447
0.122752990029414
0.113902268621203
0.0892269390568404
0.0542493077659996
0.0163558545382571
-0.0178567220077412
-0.0443190179221117
-0.0618811761291997
-0.0715552114423249
-0.0752338305514899
-0.0746195279022853
-0.0708568883634345
-0.0648595087053249
-0.0577966098106711
-0.051053569165228
-0.0454905566270196
-0.04065963807477
-0.0349076558692065
-0.026525046595872
-0.0150311410851098
-0.00151057128780934
0.0121632991447054
0.0243941482915181
0.0343336893201042
0.0416153293209594
0.0458558690221013
0.04642711959158
0.0425906282774431
0.0338145586581118
0.0201190932285163
0.00237371967356184
-0.0176043722699465
-0.0373725516087724
-0.0546300095768202
-0.0680508186429629
-0.0776047431782742
-0.0840895644780706
-0.0882055326391084
-0.0898981296461299
-0.0885337019046488
-0.0838446939377176
-0.0769084896149811
-0.0702117690656493
-0.0663991126202738
-0.0663675010170111
-0.068129812873269
-0.0675484900984929
-0.0607123154870432
-0.0464294855946345
-0.0271438170241511
-0.00769863405148506
0.00714924718101701
0.0148516892615732
0.0156593735442915
0.0116248120594592
0.00493350166946791
-0.00325856258424099
-0.0128370775530011
-0.0238715568573057
-0.0357779357750871
-0.0472279147211985
-0.0568234416326565
-0.0639733282700157
-0.0693639219821911
-0.0747660925524366
-0.0823039093221764
-0.0935228451893913
-0.108624601301675
-0.126120577321751
-0.142968369986229
-0.155139463351604
-0.158591573052104
-0.150592796749082
-0.131029741141731
-0.102938952202811
-0.0716338370421864
-0.0426732764084588
-0.0198650706754673
-0.00453960669048621
0.00375353520790188
0.00624082047082155
0.00485055269669095
0.00299024553759949
0.00570822812701017
0.0180435182624384
0.0422311932575348
0.0758545080180081
0.112435844157084
0.144059931348288
0.164357767129657
0.170395750470628
0.162965148855335
0.145473694179682
0.121987126281983
0.0953352623362235
0.0664901672620502
0.0359630868534981
0.00650855200494997
-0.015031083790755
-0.0188440519511243
0.0036037539417554
0.0544037583699101
0.126227857377255
0.203471183524615
0.267241749675312
0.302087538820391
0.301588317373229
0.270390137056746
0.221823738915516
0.172326812644752
0.135335132546911
0.117222904051719
0.116462306213019
0.125546984633912
0.134368057467003
0.133760625356628
0.118318654515721
0.0878602854957633
0.0471596968485821
0.00401448964663812
-0.0336378382889808
-0.0604402320434693
-0.0752661487480951
-0.0814958421241857
-0.0860313682840349
-0.0971873826120197
-0.121681833155046
-0.161505311337748
-0.212076930525252
-0.262961137910577
-0.301274786736741
-0.316437442721161
-0.304093931748855
-0.267419115703142
-0.215402703299464
-0.159244895491112
-0.108698202943886
-0.0697621114233817
-0.0441549158945854
-0.0302322176623466
-0.0247274987497887
-0.0246202031821197
-0.0284571171466435
-0.0366650737724222
-0.0507879743345893
-0.0719545210609021
-0.0991395811790804
-0.12798597803983
-0.150993302642696
-0.159442319948269
-0.146505419724083
-0.110170645863429
-0.054529560020332
0.0112568778602729
0.0758601312041735
0.129191011432174
0.164728815978923
0.179840928557671
0.174448485211821
0.149558091427818
0.107232755202583
0.0521734880976803
-0.00674795536420226
-0.0571703191194273
-0.0867994183262434
-0.0882680207908268
-0.0626988855676089
-0.0201356128600007
0.0234657991365814
0.0517797282709588
0.0543986101526244
0.0312648005577243
-0.0073565205362851
-0.046040641181033
-0.0718551449244655
-0.0797765191891086
-0.0726118281060361
-0.0563015984049131
-0.0347225334055416
-0.00774885498501469
0.026855195446996
0.0700515254495938
0.11945236442296
0.169732719389318
0.214811968724208
0.250205687528181
0.274205837464541
0.287438577508301
0.291360477158289
0.286902484728035
0.274290466611378
0.254064595643299
0.228292913442552
0.200885997032954
0.176793378077176
0.160719649153268
0.156002545401236
0.163696542512804
0.181680534262746
0.204210938233117
0.222959570185797
0.229957606982154
0.221082818622483
0.197619437132832
0.164621407920003
0.127501300971809
0.0897503807474009
0.0534027959181174
0.0211431816056362
-0.00246821703405358
-0.0121376489123431
-0.00459693962014406
0.0190919046316287
0.0532571380490539
0.0893960517697372
0.118858243732952
0.135133345229506
0.135036211754048
0.118745793732313
0.089009159592332
0.0499194967141288
0.00571844573826007
-0.0398997847927603
-0.0836639359334573
-0.121947971077911
-0.150137350519476
-0.163182874524217
-0.157761682945324
-0.135111269987084
-0.10248907530016
-0.0714806284580855
-0.0532280620492159
-0.0528954112940219
-0.0666402925664664
-0.0832072700657562
-0.0896480033097116
-0.0782052625394056
-0.050596525289614
-0.0173541719136179
0.00729981915373519
0.0121325604501162
-0.00629992255947517
-0.0426596257346344
-0.0853436490875283
-0.120781824665534
-0.137663398944743
-0.129902257182244
-0.0978740699176683
-0.047954534329658
0.00931303881754705
0.0619177269435482
0.0993185974990267
0.114872353786006
0.107034706844566
0.0790097941551242
0.0371964252180251
-0.0107126202451774
-0.0571945958555304
-0.0957059118140189
-0.121144915720115
-0.130333783721058
-0.122560947909143
-0.0999476748840713
-0.0674102991344915
-0.0321211052297467
-0.00237192751958694
0.0143327998379777
0.0139121057107799
-0.00173209683429185
-0.0239349880430493
-0.0398718751005106
-0.0382835818783609
-0.0154425139011751
0.0224466218425991
0.0620961241051218
0.0893542411938481
0.0949536681935159
0.0769408841284494
0.039504743395841
-0.0101670143634736
-0.0650726687739218
-0.120395040529117
-0.173824192495125
-0.224186512085348
-0.268908257763077
-0.301667827877172
-0.312158249710666
-0.289232159405659
-0.226624431986009
-0.128251745475946
-0.00971672008612359
0.105317332091321
0.192321126921102
0.233486346400544
0.222866889315994
0.167644303844021
0.0855210289365908
-0.000664179739870308
-0.069314216506542
-0.105516227350988
-0.104077709323944
-0.0695362711071509
-0.0134808056124496
0.0496294953653493
0.106494651760032
0.147482221073374
0.167340065505328
0.165028858242423
0.143750685838256
0.111113838515267
0.0781387122579827
0.0559580707911784
0.0507599268897573
0.0595318186989594
0.0698720594378603
0.0654067871485204
0.0346143248481167
-0.0222007096497627
-0.0923440123184059
-0.156780399312622
-0.19871033753185
-0.20983017319149
-0.191984175187023
-0.154939301663938
-0.112333692351888
-0.0774815982228588
-0.0599000376640172
-0.0630657706632677
-0.0839281487611768
-0.114449531492165
-0.144662577572938
-0.165952366311708
-0.173194349627054
-0.165105229269786
-0.143184815697386
-0.11031257606304
-0.0699858861136155
-0.0263676569650936
0.0155962049939674
0.0508512642959854
0.0757373041398989
0.0894132706162006
0.0941785615477997
0.0944274733611948
0.0948606547907342
0.0988826615302912
0.107790830711583
0.120849377861086
0.136015597266653
0.150938555968838
0.163716537505024
0.172876958865193
0.176512454918899
0.171452044164235
0.153829887334829
0.121435891602133
0.0763248994138523
0.0253137665529104
-0.0225964070856886
-0.0603367064781102
-0.0855883347032775
-0.100446266164108
-0.108449588734594
-0.111410328976264
-0.108507739670568
-0.0982639482225282
-0.0816835434179065
-0.0638152922359097
-0.0520950365051758
-0.0522722484700181
-0.064683455051266
-0.0836006690565233
-0.100347654778062
-0.108347333003021
-0.107009319196581
-0.10212702052151
-0.102630230271103
-0.115713174234107
-0.143126567164827
-0.180348171511397
-0.218417472180199
-0.246998245473876
-0.257316802806253
-0.244291792971384
-0.207591820198642
-0.15153495232171
-0.0840147446162766
-0.0148779081748821
0.045923773405831
0.0903474347134354
0.114285193212492
0.118931379123989
0.110492195077528
0.0977409234324982
0.0881733399167655
0.0846471450722146
0.0844160587011411
0.0811923568931074
0.0691290093663526
0.0465618821395753
0.0175190794792768
-0.00985851308411733
-0.0272527240278065
-0.0303220985648583
-0.0205949096533943
-0.00392019833626977
0.013432806219616
0.0284188483594853
0.0424292202686984
0.0597602573043745
0.0846988367919177
0.118910783601168
0.159921274322526
0.200479020327477
0.228660230070947
0.229644357701438
0.190451663659228
0.106933221952854
-0.010887768626015
-0.139781320984805
-0.251633400204701
-0.324854692300636
-0.352270780468246
-0.341416938712455
-0.308137274712057
-0.267965108644259
-0.229961363970762
-0.195237899206092
-0.159435684178143
-0.116780793941049
-0.0634772759084273
0.000642264924016206
0.0721644536632696
0.145245249889278
0.213187884287355
0.269892519469318
0.310826533583154
0.333448013169992
0.337259788306215
0.323689583111226
0.295799515792005
0.257715001554063
0.213848075373951
0.168279646944336
0.12463175415389
0.086299129650769
0.0564681832489811
0.0374731821214222
0.0297129416772464
0.0309697400071991
0.0369376719461108
0.0430271814864974
0.0465559547089122
0.047963321141231
0.0501808723471578
0.0565612945832062
0.0688412364325701
0.0865029697165172
0.107631583847845
0.130076317710053
0.151624663164997
0.169155078801266
0.178205948784299
0.174463823182509
0.156857665378388
0.129865936521502
0.102630224615477
0.0848675214213691
0.0821052559755691
0.0930590666234239
0.110143439190897
0.122232681250227
0.118322909169785
0.091171152925327
0.0401102979293569
-0.0279949862380459
-0.100334316051959
-0.16177156020467
-0.198976578402544
-0.203627403443757
-0.174054417263952
-0.115303061567485
-0.0378027941241567
0.0448811799352408
0.11840858482191
0.169625166971643
0.188494019485361
0.170622969359633
0.119853960600448
0.0489349530484022
-0.0234951867333342
-0.0791938655624942
-0.107097512218978
-0.107256914726034
-0.0901260396581999
-0.0718112319369553
-0.0676481950005776
-0.086821535921555
-0.12981471791606
-0.188991484167568
-0.251402415404806
-0.302508976888971
-0.329824625498182
-0.325891845926565
-0.290119316627645
-0.229019606974728
-0.154718541155243
-0.0821143614795572
-0.0253276060253264
0.00585531839227759
0.0086406818358637
-0.0121008778704581
-0.045801497888825
-0.08026122806616
-0.106065672184811
-0.119336663252518
-0.121720870823402
-0.11805993911986
-0.11336578380517
-0.110815020751299
-0.111476928792777
-0.115199064712371
-0.121509753402894
-0.129885545127154
-0.13960052989901
-0.149694959029002
-0.15920664942216
-0.167357886139105
-0.173453931232416
-0.176652810551171
-0.175949114690722
-0.170475556890441
-0.159886254034453
-0.144520585087658
-0.125270330600422
-0.103312180395688
-0.0799088210820783
-0.0563595468246511
-0.0340702563331928
-0.0146954968372773
-0.000264107675255137
0.00700254413108788
0.0056354099122088
-0.00331437438117174
-0.0146895742338774
-0.0196108044328024
-0.00884308736453198
0.0220860858583947
0.0690946648143014
0.119774266090977
0.157893552764724
0.169886102438949
0.150149596305358
0.10298399805454
0.0408608087636021
-0.0197445036023493
-0.0631660938474264
-0.0786002785280365
-0.0627401380234087
-0.0208152985622615
0.0340967177210453
0.0836752739319061
0.108827694185343
0.0953768835175792
0.0395621964787577
-0.0486992256384675
-0.147061247982553
-0.227846347558818
-0.269509286222575
-0.267191167140744
-0.235656150855195
-0.201636495180169
-0.189640121528805
-0.209778775680022
-0.254292495950474
-0.303229562256701
-0.334543844054202
-0.332982155484592
-0.294664811025335
-0.227236482429118
-0.146869934024688
-0.0733791599222945
-0.0244939275972179
-0.0106373117111132
-0.0318440345035464
-0.0779968878214949
-0.132360880396579
-0.177202668932449
-0.199658424643173
-0.195919123725408
-0.172106034776922
-0.141126881190126
-0.116483702523039
-0.105821588836301
-0.10764113905307
-0.113108367391703
-0.111877344681125
-0.0983374255822927
-0.0745962505830305
-0.0488328873105954
-0.0305621756547191
-0.0258341742649152
-0.0348141454462717
-0.0523720482961345
-0.0706254037597997
-0.0817906263094398
-0.0802496857263842
-0.0636696220412036
-0.033476563291971
0.00520723005329009
0.0444070633973343
0.0751102294522233
0.089712324556724
0.0842145560294054
0.0592941979892376
0.0200006092582533
-0.0254697083219712
-0.0673069309758162
-0.0956841554680012
-0.10253064816068
-0.0835549508178911
-0.0401291538208734
0.0199399880358419
0.0838248294118351
0.137427531723953
0.17007802326804
0.177925277677207
0.164445294358472
0.138135709909853
0.108763048550198
0.0837943208673771
0.066202372516352
0.0542499932025749
0.0432829175432105
0.0288756314654094
0.00997108930949961
-0.00962174904113266
-0.0224151029996157
-0.0207327001352594
-0.000638753990348311
0.035965786307222
0.0821721906617518
0.128964974471787
0.168183786286231
0.194012831334206
0.202984535415374
0.193654273164983
0.16697741079488
0.127242580324176
0.0823380796917293
0.042176632682506
0.0153064770249921
0.00519239147753102
0.00831237387857621
0.0155753880655976
0.0168575878718623
0.00656670132710067
-0.0127487965950032
-0.030908231116133
-0.0347302217652916
-0.0145811552968682
0.0303754787626116
0.0908052369373383
0.150410168913086
0.192226575358425
0.205027036313615
0.186856622375281
0.144349787682263
0.0887616808074022
0.0311701434747299
-0.0207854936231592
-0.0636264568676508
-0.0967699144871995
-0.120652288705791
-0.135466191455
-0.141001193743708
-0.137371748245597
-0.126130382518104
-0.111289257380493
-0.0996897809693341
-0.0999184276400327
-0.119228343388844
-0.159242376130366
-0.212836560143068
-0.264818841828534
-0.297065123641368
-0.295954973281897
-0.258398793723767
-0.193440866789757
-0.118674141671317
-0.0531631275101637
-0.0101339945019168
0.0072982842124687
0.00569500105684788
-0.00311560490282616
-0.0078610964515262
-0.00223934920200924
0.0136982362965837
0.0350947896406966
0.0553856858647267
0.0692181380773572
0.0740202714856121
0.0700467425896889
0.0595087753775707
0.0455177559094752
0.0311821579615512
0.018877785660709
0.00981672557175134
0.00425261240197074
0.00238049202777614
0.00524218686885005
0.0145978122037905
0.031452979668395
0.0541780496795364
0.0776300852861074
0.093958266948007
0.0947364943972859
0.0736557684114193
0.0290740858228291
-0.0343543816157275
-0.105861509384058
-0.170957688826726
-0.215353702712533
-0.22894015495602
-0.208467923682899
-0.158265398966628
-0.0889592642398824
-0.0145842532724528
0.0511322400276671
0.0981739311838985
0.12220357144699
0.124520213021096
0.110287873559327
0.0860110992163189
0.0573953051317888
0.0283263785064702
0.00102898709435145
-0.0230686796533842
-0.0423815369362857
-0.054597090193972
-0.0567808558415211
-0.0462921441115691
-0.0223035907074476
0.012807864571538
0.0531699692610862
0.0907009911441036
0.117484009901905
0.128125623804178
0.121203006568823
0.0995635731397358
0.069661783874131
0.0400951015899939
0.0194166769222238
0.013538970676461
0.0235198235805581
0.0447863588619932
0.0685099070106829
0.084910671709051
0.0871905330316028
0.0742371671467004
0.0507402429037928
0.0247891174444622
0.00443284259572831
-0.00498752311950948
-0.00180655165658463
0.0124366500524539
0.0340788329338058
0.0583707473660268
0.0802802235105569
0.0951927781242014
0.0996930367299633
0.0924060129935621
0.0745783418787931
0.0499640785342847
0.0238159688294978
0.00124424026559673
-0.0144149789405242
-0.0225216712070572
-0.0249574280822405
-0.0249868249281456
-0.025694265773968
-0.0285761280143207
-0.0326274007242031
-0.0341282771719774
-0.0274867786998976
-0.00748473157343922
0.0274956510815064
0.0729544726190332
0.118616589933134
0.152394855330957
0.166141561934417
0.159663511570608
0.14034332492699
0.118633332062261
0.102362629119914
0.0932888442508084
0.0876819577575511
0.0803557717696518
0.0696676985448503
0.0602557592664486
0.0613054161300502
0.0809638230356644
0.120430982362857
0.171709514592715
0.220396112750675
0.251561257644256
0.255384129234061
0.230163291911348
0.182071164591291
0.122311315153345
0.063053331627981
0.0138066088500575
-0.0204304721472698
-0.0388941959528897
-0.0434255440189854
-0.0368064526940118
-0.0220530119437934
-0.00273511988853823
0.0165319629684965
0.0306078668900011
0.0358876561517574
0.0329491651122432
0.0275670468184352
0.0282916223836497
0.0412335536879768
0.0653401145305439
0.0917161943499793
0.107832048498328
0.103951112312897
0.0776940394658917
0.0343198131042915
-0.0165585200939816
-0.0651121307203256
-0.103977339891127
-0.128969468428477
-0.138678641088543
-0.133902170592185
-0.117270939686035
-0.0929641663893491
-0.0663159279802536
-0.0431493791236356
-0.028691979972311
-0.0261206862078745
-0.0352917089482082
-0.0526300017406088
-0.072770825354544
-0.0912343839902425
-0.106242077757565
-0.118167091280684
-0.127089968658855
-0.13071737004765
-0.124709844804534
-0.10540610479139
-0.0729061733402759
-0.0321244832980385
0.00916152089935516
0.0442028912611238
0.0707474354276857
0.0919596493144009
0.114261551997081
0.1434337504856
0.181220208987812
0.224155196402716
0.26493915552632
0.295385727556977
0.309369292124219
0.304449082716653
0.281718498785169
0.244441716031484
0.196571694872511
0.141966007515665
0.0843429578006369
0.0274373521166508
-0.0251612297427732
-0.0705319932016661
-0.10690575414373
-0.133640505716011
-0.15054914384905
-0.156910861701543
-0.150861104086814
-0.12989570538407
-0.0927140923085915
-0.0415864983078652
0.0164505889166185
0.0709617906304381
0.111763046602899
0.132803602417387
0.133960621555528
0.119911453906783
0.0971644720866704
0.071193494294389
0.0450591320081177
0.0196322518420206
-0.00542921869897288
-0.0308715465004612
-0.0574734354372537
-0.0857461671305991
-0.115343638164351
-0.144335556293424
-0.168882563900443
-0.183741109883941
-0.183625179203836
-0.16507704587722
-0.128204302749789
-0.0774659134139358
-0.0209026008348277
0.0320665524935093
0.0733491521747904
0.098215011281963
0.105979884413274
0.0994050634590075
0.0833613360130007
0.0633707223143886
0.0444384443070008
0.0303082886067088
0.0230697550097272
0.0230299624826645
0.0289017984941654
0.0384256064060548
0.0493505503928024
0.0603790727460051
0.0715680748377559
0.0839674941826928
0.0987650361171517
0.116496329015414
0.136740490850737
0.158294354947674
0.179492311118402
0.19839019146483
0.212845015370604
0.22067762382146
0.219877279887589
0.208576403074629
0.184860232540803
0.147144312546556
0.0957619009228465
0.0351097312955067
-0.0255407016953515
-0.0740069595858028
-0.0993495444037595
-0.0959059526799616
-0.0649839744856647
-0.0136058269067681
0.0486001295107828
0.112556568762089
0.171543309879404
0.221253501864902
0.258696584028612
0.281069889692453
0.285532435976415
0.270042699533463
0.234601167868841
0.181958167577362
0.11725993244321
0.046820638055627
-0.0233176176902009
-0.0883956281599346
-0.145253505686089
-0.192084980745665
-0.227925114670779
-0.252089028270083
-0.26367697801037
-0.261326929633948
-0.243504478521024
-0.209426252565013
-0.160213840958597
-0.0996280088887283
-0.0341137309190291
0.0276381553452729
0.0756179328272395
0.100474270744924
0.0967032607877205
0.0656011448950875
0.0155406229362154
-0.0414173700919139
-0.09460492510174
-0.138111933068699
-0.170629839546982
-0.192878714978851
-0.205153951206775
-0.206646028092443
-0.196362458311821
-0.174394944471559
-0.142463183890813
-0.103582216154676
-0.0614659141691444
-0.0203037450768366
0.0151278364817549
0.0397476219426503
0.0494792258155714
0.0432387333871975
0.0242269186596107
-0.000789675719543672
-0.0240709573226459
-0.0395814654257561
-0.0441009251929831
-0.0370501359256614
-0.0202039571668647
0.00283481234133634
0.0280595223342093
0.0525512315310988
0.0746565867063612
0.0930653833223971
0.106211617027774
0.112752373864867
0.112603168462773
0.107573183714609
0.101104603482724
0.0972692963428443
0.0995015678601998
0.109515086008025
0.126685687944289
0.148043189834251
0.168880403977666
0.18378485417364
0.187733449208462
0.176979739773632
0.149781387918424
0.107167174519587
0.0536051739114966
-0.00309116529013929
-0.0532373536506396
-0.0878699000815842
-0.101250835147113
-0.0920996163434568
-0.0633712724667863
-0.0213458677634096
0.0252417197643487
0.0661691948677347
0.0915665266543881
0.0948755790957097
0.0757501945357508
0.0408655096074725
0.00151742195417316
-0.0309874576663798
-0.0496324605374018
-0.0534565593934792
-0.0463026939551646
-0.033911373747919
-0.0214262064612644
-0.0125686809110145
-0.0101542897553535
-0.0165971894013749
-0.0334050624799676
-0.0599410916665362
-0.0926518542386383
-0.12570909846206
-0.152943780748901
-0.170059769479176
-0.176020228084268
-0.173056154652691
-0.165442414946097
-0.157636591499849
-0.152466382252604
-0.149887369092832
-0.146645427535742
-0.137086026080878
-0.115148678562433
-0.0770233372410642
-0.0233187158133373
0.0403975900857255
0.104973824767407
0.160224851066562
0.197518862888069
0.211581025763266
0.201253257383871
0.169324878744171
0.121699774095436
0.0662395160470454
0.0116591802591923
-0.0332959584896787
-0.0605975674728527
-0.0641933977702715
-0.0420494506525259
0.00184655240910805
0.057165216277886
0.109644365884827
0.145513722866236
0.155865089960482
0.139082692944878
0.100765355575505
0.0517222263589868
0.00488850724229516
-0.0281640571184006
-0.0403192289760675
-0.03051437441036
-0.00310278188017042
0.0345724948162802
0.0748824462816423
0.111473291459116
0.139382015106036
0.154462838632207
0.153099802078689
0.132763695141048
0.0934131083085238
0.0389784828616605
-0.0225468342392363
-0.0812031014758616
-0.128057190255648
-0.157029273638173
-0.165213391812804
-0.152883165082206
-0.123734849962306
-0.0846066734190318
-0.043850078103553
-0.0086503048186661
0.0173412180931363
0.0346818386997461
0.0467835802710491
0.0574458495764595
0.0687348954556599
0.0802608638699278
0.0899723513976645
0.0957575046310869
0.096821190776497
0.0940825776563859
0.0894984785471294
0.0848695273108904
0.0809383105615046
0.0772881245773717
0.0728982246027187
0.0666729739733197
0.0573182030938007
0.0426929677297877
0.0196219454543314
-0.0148708567677234
-0.0611380472970693
-0.114861632131555
-0.167110153973687
-0.207051675069689
-0.226297116825245
-0.222764051592451
-0.201830644955926
-0.173710435221762
-0.148191944179916
-0.129820135806615
-0.116594330885087
-0.102987206302382
-0.0850863072674979
-0.0641623038289552
-0.0461894229173822
-0.0379276029280236
-0.042673503370311
-0.058674424069876
-0.0807854077980141
-0.103532131243872
-0.123257793257004
-0.138359413445522
-0.148194698353523
-0.151851689815279
-0.14763280035233
-0.133480626772407
-0.108098287099451
-0.0722176519135303
-0.0293281462490817
0.0146930251097254
0.0531609175232661
0.0808766080475538
0.0961622281721406
0.101603056000518
0.102947558808425
0.106498649707641
0.116171416378835
0.131683708959056
0.148827637992639
0.161666044998784
0.165455059544847
0.158764971498166
0.143828082265907
0.125171961254031
0.107458432820128
0.0936994601046764
0.0846122266831614
0.079120576794602
0.0753888914667557
0.0716417419706527
0.0663964729082584
0.0583194651077778
0.046282946143607
0.0300265639838703
0.0111610247436349
-0.00639753268596582
-0.0174627758691574
-0.0181447155677725
-0.00885290642453388
0.00406589054358428
0.00958378007112113
-0.00369789454166168
-0.0419710823770271
-0.102421352707674
-0.173562065971757
-0.239592178760698
-0.28623783206829
-0.304961221321754
-0.293903389268361
-0.256194065465993
-0.197727198245956
-0.126203679293802
-0.0514441934071044
0.014727087271532
0.0606010900564923
0.0783203300781186
0.0669954745057973
0.0330581684861632
-0.0124019718612034
-0.0576626469198877
-0.0936737453456116
-0.115538952983415
-0.122311894893768
-0.115840933435686
-0.0993618931142907
-0.0763595561475627
-0.0500845775432195
-0.0237990050106388
-0.00128076651299029
0.013195175872454
0.0158089623093444
0.00466947555183434
-0.0191003447126127
-0.0512989159522904
-0.0855410508306617
-0.114650139676294
-0.132187494957104
-0.13389094447356
-0.118575008418543
-0.0879100347962466
-0.0451213154207782
0.00633872951110946
0.0629799990862709
0.120376758847758
0.172498553517337
0.212461317809308
0.234565470635877
0.236385680153677
0.21970580776633
0.189919093551229
0.154319178842096
0.120062270973232
0.0925245839396131
0.0744776517452298
0.0661049397028773
0.0655732594923494
0.0698113807875498
0.0752981414160238
0.0788091800322669
0.0780604020018006
0.0720770634580222
0.0610958194050479
0.0459938154488584
0.0275679980025973
0.00620676317551616
-0.0176743628612678
-0.0426300590920809
-0.0653737729363931
-0.0809536467200158
-0.0841148632009413
-0.0712449574598533
-0.0418833010300066
0.000966142917196143
0.0517490113749849
0.103856059981235
0.150907600967744
0.187466381795879
0.209404933778084
0.21436571327152
0.202427208261789
0.176565830594828
0.142307742443286
0.106320622598091
0.0743227359294188
0.0491135663871139
0.029556234618326
0.0110728908801193
-0.0122690605828491
-0.0447152822865866
-0.0861903765130564
-0.131608608033547
-0.172829546120126
-0.202372286897725
-0.216705933782954
-0.217029756868632
-0.207118751910362
-0.189911811279171
-0.16539834319067
-0.13125156552842
-0.0854855771773376
-0.0290021623521464
0.0337223768272739
0.0959674849881615
0.15088774148463
0.192950287090858
0.218086463172271
0.223190752888137
0.206141128892974
0.166766829940816
0.108029760396817
0.0365577560259765
-0.0377671378969879
-0.103437357626481
-0.150223817251123
-0.172147983899024
-0.168752323326519
-0.144281691877345
-0.105889271845485
-0.0619306139951587
-0.0205491401621308
0.0116439525344501
0.0307518173282219
0.0362322534683866
0.0305799524292627
0.0180725597539828
0.00320236533773697
-0.0103257714101182
-0.0195524699226109
-0.0215427695204607
-0.0129740103504541
0.00910442119099372
0.045298852549977
0.0916596305175603
0.138839305434148
0.173995453396539
0.185420028298551
0.167838853269452
0.1252217021364
0.0691514831903372
0.013697974638074
-0.0300532376610422
-0.0569064939710551
-0.0671452432657701
-0.0641738483404377
-0.0522271872698803
-0.0353444525903553
-0.0174997433586322
-0.00299138792408095
0.00371265831349638
-0.00116572309496204
-0.0195405915629409
-0.0504768228328537
-0.0897416429241087
-0.130133324659774
-0.162772790311003
-0.17929000944613
-0.174351820081167
-0.147596808646706
-0.104085511533701
-0.0528505182518306
-0.00387202165393136
0.035430002289878
0.0626916484068959
0.0808927524919209
0.0961596261060397
0.113906037273798
0.135015453120755
0.154089136140921
0.16111420850271
0.146144401775877
0.104620359413935
0.0402857603617158
-0.0359912504315253
-0.110666400658178
-0.172493912909644
-0.215256577987977
-0.237318995791152
-0.239401353295645
-0.222933948212696
-0.190195041637521
-0.145393206740599
-0.0949341609976379
-0.0459720578443386
-0.00392111573603087
0.029434897292694
0.0557727298273658
0.0777340355046779
0.0955264306149003
0.105106186851505
0.0997075628560208
0.0741409122113411
0.0291398058255125
-0.0270866609353374
-0.0810661850875636
-0.118760243968719
-0.130348340547072
-0.113064573176926
-0.0713301535795055
-0.0147551444058693
0.0447696506906347
0.0959067750348295
0.130254712971246
0.144107039569683
0.139069037707152
0.120868556922358
0.0965329357334429
0.0714615310437268
0.0481885510010345
0.0270504701640248
0.0073545309457944
-0.0118021019567642
-0.0305199481428382
-0.0469557168989326
-0.0574053742903434
-0.0579717547655222
-0.0464576958758375
-0.0234624693482569
0.007220301603721
0.038926240467918
0.0637111221343381
0.0752569112147754
0.0719028237704376
0.0578622480354278
0.0413015842800845
0.029866445766009
0.0262556338847736
0.0268460029814508
0.0244654138911064
0.0135488781030081
-0.00562179606816267
-0.0261121020499077
-0.0373416647689711
-0.0303084681437059
-0.00243350292894457
0.040387281315239
0.0855978048991531
0.11880988621195
0.129385890772302
0.114413187581382
0.0796822814806438
0.0375514932559011
0.00260956621825628
-0.0132993862141194
-0.00491652564289855
0.0251070736508179
0.0677865380473874
0.111419407009837
0.145524239601807
0.163459998925396
0.163084551033645
0.145999746135015
0.11637941398635
0.0798849762295496
0.0425069574954419
0.00916745402065015
-0.0174899631961108
-0.0373352111220589
-0.0516534853642194
-0.0612783168752708
-0.0651829093398315
-0.0606609700330606
-0.0453769634318664
-0.0203387818729291
0.00810353736635955
0.0290423907560418
0.0309279079974775
0.00682553276741595
-0.04200329546726
-0.106378727886515
-0.173109976784338
-0.230128012557722
-0.269986587609893
-0.290248989427952
-0.291427618357044
-0.274621534091252
-0.240755091033158
-0.19157132456826
-0.130871131652319
-0.0644660914977382
0.00122465290990606
0.0606860553907406
0.109771570697609
0.145183161212585
0.164082090166497
0.16478650686362
0.148212365923756
0.118503705778481
0.0815883618502462
0.0422625170468861
0.00212197310485423
-0.0397076482812597
-0.0834628512047928
-0.125856894725044
-0.159943280641665
-0.178087058687702
-0.176137990879844
-0.156232102245403
-0.126629751173648
-0.0986157201618499
-0.0818518094949532
-0.0802452912677237
-0.090143177225692
-0.101567465636976
-0.101894177576008
-0.0805880106703553
-0.0334671033708334
0.0349349969019125
0.11212852055168
0.181877296259361
0.230407112345908
0.251591345737027
0.248350460710525
0.229789698146138
0.206194127846506
0.184913033461223
0.168982488139816
0.158282219912592
0.151616467136072
0.148054540367592
0.146921639151711
0.1471177409204
0.146929891690151
0.144781466941152
0.140183418457036
0.133794084526693
0.126363621767817
0.117512608011151
0.105567959268239
0.0887882125480185
0.0670475248307586
0.0425017289265724
0.0184592171786938
-0.00287072342281123
-0.0220927132663701
-0.0424963824940617
-0.0681515553344208
-0.101501883090783
-0.141871209703504
-0.185501657441045
-0.226815756939193
-0.26013341395167
-0.281088306389562
-0.287259116458069
-0.277966219124768
-0.253665363004098
-0.215583798087618
-0.165971455280704
-0.108757932698438
-0.0499343095633153
0.00304668047735875
0.0430344703423257
0.0654598101535985
0.0699485868607539
0.0603770589082369
0.043392938325494
0.0261836438576897
0.0143647650712914
0.0105688700357129
0.0141220169444702
0.022041797964361
0.0310879729741199
0.0398476602213169
0.0495647397715432
0.0631183404666053
0.0827711897645646
0.108065220548113
0.135033899517627
0.157081125435669
0.167105215923084
0.160043647357142
0.134925130456845
0.0956502006659971
0.050093406039153
0.0077118073320638
-0.0235077455736047
-0.039522025350646
-0.0410364548254641
-0.0323516716170303
-0.0190096707342194
-0.00558817187953302
0.00527862209380713
0.0124510066771368
0.0150787974815233
0.0117079305028924
0.000498832508925002
-0.0194404924825663
-0.0464511778912176
-0.0756280197530763
-0.0998303907684369
-0.112320096497432
-0.109920064180871
-0.0949034532069277
-0.074164774903339
-0.0558302174910454
-0.0453350353297482
-0.0434432014199577
-0.0471175900504031
-0.0519469079916355
-0.0539948544184593
-0.050027879744259
-0.0368581299291277
-0.0113818339114027
0.0277802607354192
0.0776939744441963
0.129507045835356
0.169722803652323
0.184595753258221
0.16563613615986
0.113222800676464
0.0365710883292957
-0.0493846239090481
-0.128331678255195
-0.186636336836207
-0.216421611630353
-0.217077884632663
-0.194440977498845
-0.157582225293453
-0.114742692263794
-0.0708544252091648
-0.0280106142924238
0.0121741335291914
0.0469341334782149
0.0731899415461957
0.0899770460033741
0.099777487426085
0.106964262917839
0.114401389343764
0.121169956786018
0.123468112804164
0.117963098105593
0.104963641639208
0.0892080614811939
0.0779387860056367
0.0775239653444582
0.0903901347470425
0.113666726075399
0.140101996068123
0.160763425116538
0.168210943223872
0.158735650991454
0.132968946503376
0.0951258145672528
0.0516318989954123
0.00970564561878084
-0.023939877201371
-0.044264757280269
-0.0488111887914409
-0.0381329763846952
-0.0156077653478335
0.0133657442710292
0.0426813786585951
0.0670694998314237
0.0832802816967858
0.0902046192007848
0.087790264167464
0.0756468468732501
0.052703731276688
0.0184172374935583
-0.0254959104662642
-0.074409398944791
-0.121861286877911
-0.161532060675796
-0.188805919798204
-0.201274125365793
-0.198462848057125
-0.181407192898765
-0.15246938928167
-0.115433959518615
-0.075598783549901
-0.0394023659128124
-0.0133422162149954
-0.00256224762091712
-0.0098785671014964
-0.035581883683766
-0.0775491746916607
-0.131084772665697
-0.18874464629586
-0.241181592804637
-0.279664389204908
-0.299403759063288
-0.301489579358973
-0.291630553560096
-0.276150745343239
-0.25804773453289
-0.236055168805578
-0.207185178921691
-0.170351549547488
-0.128024911118753
-0.0848376379265694
-0.0446171384150199
-0.00829834455221375
0.0258694474429499
0.0602420605604498
0.0954248997665532
0.129109812664674
0.156500830916769
0.171706076212378
0.169323230630767
0.146022292262164
0.102217200985731
0.0432983496663637
-0.0208158614039148
-0.0784995948551091
-0.120537187752994
-0.1432024586163
-0.148591537422019
-0.142423723545357
-0.130976649549241
-0.118809560676926
-0.107913315162642
-0.0979284813491288
-0.0867161026504456
-0.0709098132794174
-0.0467440826692202
-0.011699422758124
0.0332421271559362
0.082187980658291
0.125499608949429
0.153688358791332
0.161915832497707
0.152158269009396
0.131629943942259
0.108603944830353
0.088288033216979
0.0710852777688201
0.0540005858968658
0.0341791780539496
0.0123738768714759
-0.00591697567006372
-0.0126224556068825
-0.00151948059796019
0.027704116532745
0.0683040843675229
0.109170756538489
0.140035577717822
0.156308881242772
0.160716341303726
0.160738513001453
0.163502365431611
0.171402444179689
0.181077935013465
0.186005134021372
0.180761909550587
0.164368822711575
0.140966551745852
0.117642270382215
0.100735983361101
0.0927905243200204
0.0918620797057584
0.0932950593505618
0.0924699843492757
0.0867600999118676
0.0760294586886989
0.0622123792037663
0.0486781328794936
0.0393721956893748
0.037302494924992
0.0425698913004008
0.0512405247992053
0.0565087303270173
0.0521218255201416
0.0359974442049538
0.0113590418467604
-0.0155557464586686
-0.0394314981070149
-0.0584131482702447
-0.0736248597982002
-0.0868007457748998
-0.0985612888108137
-0.108675073973787
-0.117354526549871
-0.12573681263151
-0.134880007127208
-0.144252865332296
-0.15108683873716
-0.151115749591204
-0.140334414931917
-0.11705014304317
-0.0833328983645599
-0.0448802334926535
-0.00888238798884603
0.0191431423050419
0.037458805930148
0.0475368923343402
0.0512283966353367
0.0480632431996344
0.0351318728704623
0.00982449255467315
-0.0268865750255183
-0.0695316184768791
-0.11051849621259
-0.14403101950501
-0.16866620198235
-0.18725465557652
-0.204379216077112
-0.223330905795439
-0.244123726645522
-0.263358240017016
-0.275872392679783
-0.277390941339922
-0.266763170247834
-0.246265037876369
-0.21942213945887
-0.187698217179869
-0.148805400483318
-0.0987660886086585
-0.0371260448309232
0.0282370022372283
0.0809945244516713
0.102637830925536
0.0823110799284971
0.0242378124157083
-0.0521890621105356
-0.119941312031959
-0.155294337890955
-0.14677346248012
-0.0986471505379106
-0.0282241737645068
0.0417119244903659
0.0923879303250312
0.116356737315609
0.119019799638331
0.113608082527361
0.112737947757918
0.121586015889734
0.136224258978425
0.147213390184997
0.145843438513008
0.129635432336912
0.104382922029265
0.0815594331951698
0.0722015712028389
0.0805711490648223
0.101376951426267
0.122356518617434
0.130828497836007
0.120562545334168
0.0952240578108222
0.06656058047462
0.0483107971934526
0.0490762760117996
0.0678575952759881
0.0943764161846665
0.113752661844734
0.113148363020086
0.0874241860985906
0.0414041104668697
-0.0124539021834649
-0.0603141483300434
-0.0941565262416797
-0.11559091985741
-0.133488570017403
-0.156738292254703
-0.187074686899564
-0.216951339542408
-0.233812128565158
-0.22773954902383
-0.197402594989518
-0.150653377599106
-0.0999005971274081
-0.0558132607847206
-0.0234627997310218
-0.00250747430049727
0.0100637018272934
0.0170868385436723
0.0194708547288895
0.0153945068626085
0.000402272930814284
-0.0310812296026285
-0.0828162541754792
-0.153638550836273
-0.235767098703135
-0.315270520545342
-0.374677610543614
-0.397560886962895
-0.374308386579462
-0.306821117773957
-0.209171611485882
-0.102960833014803
-0.00929773688835912
0.0586378175562633
0.09902065461771
0.119638770480548
0.132272235319777
0.146097003003039
0.163285408751517
0.178718770883652
0.183566887692915
0.170656524102328
0.138872662482005
0.0943383822428608
0.0476211663906164
0.00843404595932385
-0.0188760071206168
-0.0360363591134249
-0.0475093548852207
-0.0560455801361755
-0.0607835327915794
-0.0590790234372369
-0.0499127949646775
-0.0355989153667484
-0.020430521094715
-0.00780355966593978
0.00147649315534867
0.00838198339198482
0.0133871349953512
0.0149507840706872
0.0101539076736533
-0.00297791612627467
-0.0232239425785957
-0.0456088976651122
-0.0629717476924757
-0.068828901130777
-0.0600608353546161
-0.0381583405708991
-0.0085909316672906
0.0212266399685091
0.044425493830597
0.056786327519083
0.0579525364617416
0.0514885680347007
0.0436603123742295
0.0411126614188861
0.0481556150049712
0.0647905204081116
0.0864241891292238
0.105427311579822
0.113871857284408
0.106396868283956
0.0821020371494267
0.0445469813389075
-0.000268729314092066
-0.046624229403791
-0.0903577282510617
-0.12776853074237
-0.153668568033759
-0.161274936829296
-0.145101072649103
-0.105249709679226
-0.0500561806782074
0.00515789924454456
0.0432479796385624
0.0521020407657845
0.0297774928304909
-0.0148458718454097
-0.0662618338343076
-0.108996543822065
-0.13318755942882
-0.136752647045941
-0.124223446405625
-0.103897640629901
-0.0847494477494749
-0.0734381092122349
-0.0714407755861725
-0.0732852274452863
-0.0676743664251793
-0.0423219802625753
0.00919588998934392
0.0821820484511326
0.160330004008558
0.22079859430703
0.24298633632435
0.217436142426081
0.150925425518473
0.064987011669793
-0.0120989720599291
-0.0564151741288132
-0.0573160117787452
-0.0200834306794656
0.0380497780910962
0.0956018244885615
0.134703580670838
0.146906244275986
0.135748433894172
0.114916017635425
0.101651183620419
0.10777280155072
0.133111888102299
0.165393593764141
0.186767085375283
0.183299966766275
0.152301737285502
0.103712541760471
0.0550451087963593
0.0228169154197651
0.0150400471130111
0.028183034362926
0.0492643899503169
0.0615751885373737
0.0518259899698846
0.0163492598862036
-0.0362952119350734
-0.0883585061547204
-0.12107637575141
-0.12410189136212
-0.10085434858981
-0.0664596106105507
-0.039348272858839
-0.0313976482973866
-0.0421805345847446
-0.0601293142825143
-0.0693297927086216
-0.0578732290887567
-0.0235029421197085
0.0257595882245651
0.0756018083430288
0.11153335904205
0.124128549536186
0.111508755047929
0.0789846436872223
0.0369705127545361
-0.00181342284443321
-0.0255883005284671
-0.0270690589025765
-0.00629268931621688
0.0289882275360563
0.0661919536477373
0.0928924670513865
0.101383433822396
0.0908499932203025
0.0668918434105781
0.0393617764530185
0.0194263960003092
0.0161403014736634
0.0328365716486353
0.064492737845481
0.0979100512536064
0.115859378210708
0.104213191937534
0.0588293903710649
-0.0115958515091072
-0.0885799119394598
-0.151463598531217
-0.185824797127718
-0.188702259323199
-0.168418348516318
-0.139500658549032
-0.115508052496953
-0.103320480648412
-0.101274446490567
-0.101267981562236
-0.0931698504117442
-0.0694472849632696
-0.0284580271094695
0.0245367041754577
0.0790427852086487
0.123215541762728
0.148380698746203
0.15212930189516
0.138609239439259
0.116096004034815
0.0932003216640079
0.0754930036481179
0.06388718833597
0.0552450765814693
0.0448050020721688
0.0293417075129652
0.00956941729674577
-0.00955582709875049
-0.0210214189144709
-0.0193818426220765
-0.00383484273160688
0.0209054374442616
0.0462657131416057
0.0630536497496446
0.0649162174001363
0.0509966560137817
0.0271719732936937
0.00527399755532838
-0.000233420175362367
0.0222710302156618
0.0759813713855301
0.152946651692391
0.236106160122858
0.305332266583891
0.344521920417087
0.346498987449589
0.314036656097475
0.257424445336209
0.190391302756539
0.126253842786724
0.0752263975669598
0.0429069027775201
0.0298051393240482
0.0321159350681999
0.0437904922210913
0.0590708601505641
0.0740461920089074
0.0864602899387123
0.0944430750837691
0.0955746321474833
0.0871230276339225
0.0672681338391044
0.0365619226032231
-0.00122860133479741
-0.0396595102663172
-0.0717334369328957
-0.0926780971707202
-0.10165910073899
-0.101308999351146
-0.0955880737950772
-0.0876189042197557
-0.0788052498947553
-0.0693040434881944
-0.0589790034531351
-0.0479521309484072
-0.0364918627441925
-0.0245707911538596
-0.0115943083060708
0.00341813188598879
0.0212547845995576
0.0417771827582236
0.0632317634594972
0.081790365036908
0.0917401022704408
0.0868745846863583
0.0629622131769191
0.0199648680734713
-0.0375400024155814
-0.101845215460623
-0.164150869468943
-0.2161555340954
-0.251623735228843
-0.268432981293513
-0.269978036218193
-0.263918724999613
-0.257955227359816
-0.255116866488121
-0.251846779238655
-0.240043525501032
-0.211425274929162
-0.161666905956445
-0.0927931021147989
-0.0134424577336352
0.0631599589819757
0.12339313083444
0.15810283232071
0.165369750200556
0.149402548399507
0.116865107171056
0.073994567710123
0.0264263935996385
-0.0197030388573437
-0.0581603654659238
-0.0851669380527916
-0.101705719848566
-0.112794392801389
-0.123630368084396
-0.135438800479931
-0.144154745886282
-0.142738218010053
-0.125304916521213
-0.0904154324743962
-0.0419031109517095
0.0127261667965007
0.0651515684918147
0.108892354110973
0.140692528139248
0.160341306997429
0.169408906864456
0.169766604099727
0.162638566145426
0.148506103106144
0.127753079080986
0.101674369164912
0.0733805742160231
0.04811985966268
0.0325204657607331
0.0324295743673556
0.0497613459195164
0.079928970416922
0.111979470465403
0.132422622501539
0.131285676510442
0.106985180591938
0.0669802226550427
0.0238480484762169
-0.0106085704035168
-0.0296906445651376
-0.0326963985439655
-0.023032905903738
-0.00547359086298192
0.0159300236401431
0.0386953843414636
0.0613687826886694
0.0817355852836436
0.094714977115989
0.0917183796744627
0.0628392255185984
0.00133362619514139
-0.0919607553386141
-0.206687127279298
-0.32445635004967
-0.423124386909977
-0.482400871117102
-0.489185234741583
-0.441353568074701
-0.349221099623095
-0.234095581921428
-0.123364197339561
-0.0424668043494071
-0.00620407262209967
-0.0133972134938154
-0.0478989270018822
-0.08565088608983
-0.104415626455112
-0.0919573192770879
-0.0496233736030255
0.00970339587216197
0.0681281104224334
0.110638323778175
0.130523238872123
0.129901220673745
0.11598736536433
0.0962026232398646
0.0752041171787656
0.0546968251521798
0.0346657372902156
0.0143183690804918
-0.00763983622323337
-0.0325379648602063
-0.0604427403238361
-0.0886713818376782
-0.111533344102635
-0.12204947778175
-0.114851378743232
-0.088471202188384
-0.045692438730376
0.00786765003184438
0.0655555520896923
0.120559854884416
0.165808326650647
0.194121352944643
0.200117609791925
0.184081717735008
0.155649960350039
0.133533001954261
0.138848007909923
0.184199172636568
0.264996514183442
0.35919650337486
0.436188242003669
0.469519340915516
0.446546418611862
0.371310387475886
0.261241810859395
0.140398995736244
0.03180744645159
-0.0490938248640439
-0.0980169216943649
-0.120923338371871
-0.128782772961282
-0.130570159854032
-0.128597634730187
-0.11910339014301
-0.0974136771627294
-0.0636466787098013
-0.0247057845645382
0.00857780328072511
0.0265927904397829
0.0246122295060719
0.00310822355680488
-0.0342329478117402
-0.082477322143409
-0.136151822977407
-0.189221618873036
-0.235351852269016
-0.268553677216953
-0.283548219945512
-0.275722162480801
-0.241670492505284
-0.181280985428209
-0.100634167231071
-0.0133282426806485
0.0618806317245893
0.106995848472003
0.111641486451601
0.0772335011260675
0.0160177460875495
-0.0545778968456002
-0.119033144768607
-0.168355181538001
-0.200228062932334
-0.215591243058672
-0.21442845407928
-0.193614439966028
-0.148296902289121
-0.0761967334323857
0.017752442625783
0.119693751960971
0.209972127200648
0.270184356691296
0.290787037790212
0.275361417206893
0.23919732623694
0.202585045168672
0.181846217373921
0.182430420437392
0.197422615364557
0.211855002463696
0.210129246315143
0.182641030566369
0.128819317739842
0.0560555145788882
-0.0240749183656874
-0.100045303228425
-0.163129484014294
-0.207972288216556
-0.231743541952203
-0.233326565367438
-0.213396540629269
-0.175029396829322
-0.123865195573677
-0.0672900582130009
-0.0129292351509836
0.0328924238950997
0.0662810663971908
0.0863554623095771
0.095182162132998
0.0968925233099781
0.0959386788924748
0.0949041000053602
0.0929108708411841
0.0859394658514542
0.0695713580793308
0.0427657469853208
0.00980259537577648
-0.0215899988158539
-0.0447708436031632
-0.0576730339793575
-0.0623428786043959
-0.0612975105723513
-0.0544389542561264
-0.0396142102808793
-0.0163235166454121
0.0110161110582218
0.0336341075518633
0.0429121110898037
0.0355458598342245
0.0154953700769675
-0.00851017358684176
-0.0277189676520897
-0.0368569200648067
-0.0344932085548962
-0.0211413836988604
0.0025314979815558
0.0357163016119283
0.0759986223545165
0.118245220155929
0.155486950276198
0.181684430452464
0.194440519695237
0.195551449048463
0.188948482576548
0.177522698405852
0.160985318704532
0.136137895047273
0.0994778029049621
0.0506334371978663
-0.00564223449317927
-0.0605470463868255
-0.104993748623767
-0.133747779245057
-0.147397440463626
-0.151183793851766
-0.151590565158414
-0.152443713657937
-0.152211208012365
-0.143991394536174
-0.119112150270349
-0.0733903321178373
-0.0124889464081764
0.0478920751081242
0.0882862645000883
0.094777594360887
0.0655582943670992
0.0108581686793354
-0.0531413232572949
-0.112226823384057
-0.159234817433357
-0.193999965901031
-0.219302661369791
-0.236282403515069
-0.24267024244141
-0.234862250270266
-0.212022855621061
-0.179029714766944
-0.145923022764476
-0.123845011248418
-0.119718559293124
-0.13275782177489
-0.154808901841953
-0.174174614705686
-0.180589211327814
-0.168713183539388
-0.138854921511536
-0.0953540855575908
-0.0440555180799733
0.0096610662540166
0.0614516235369184
0.107330408314056
0.142863414433576
0.163546175726419
0.166581055066018
0.152527933521697
0.12473077062156
0.0862968905173198
0.0373879720320495
-0.0237864755444889
-0.0962527202835499
-0.172075279120101
-0.237170777614225
-0.277229042935189
-0.284424901138502
-0.260487671535616
-0.215180729867936
-0.162325196791425
-0.115718733071591
-0.0857546080110168
-0.0767158546594417
-0.0853662238287316
-0.102099239256684
-0.114987291564974
-0.115015125163369
-0.099560977861143
-0.0721967729010587
-0.0394717706833528
-0.00735567075280196
0.0203062497954536
0.0412537285403788
0.0540559597860422
0.0586933090116579
0.0580002881907178
0.0580842773086805
0.0664885914804509
0.0887266930506291
0.125058775117212
0.169229128504788
0.209852740458921
0.233999475018829
0.231652560916311
0.199317140758924
0.141363145027947
0.0687104325198057
-0.00433834514709652
-0.063751680665395
-0.0989019814863085
-0.104791226833789
-0.0830424573525142
-0.0410153852173539
0.0111962847617899
0.0646896642841506
0.114293594361992
0.158212856373795
0.19561152829968
0.224728878199129
0.243568327342477
0.252694517179391
0.25728605765776
0.265528018564942
0.283285303248553
0.308702575904648
0.331360807645601
0.337387571280527
0.31721639019877
0.27080135447863
0.207257116260787
0.139721883091069
0.0789096990175726
0.0291437670595998
-0.0112283766090877
-0.0460898990517569
-0.0774876335050951
-0.103791990292553
-0.120568508215424
-0.12305060680107
-0.108904897246347
-0.0803690393199386
-0.0449115561718095
-0.0136050734426097
0.00273532397468636
-0.00199862379184824
-0.0267842888367141
-0.0647151732749748
-0.107051094158918
-0.14717485943438
-0.181780149616671
-0.208842826962221
-0.224296917086597
-0.220252326510815
-0.186744711857221
-0.116857214196324
-0.01250906906096
0.113021347567798
0.238118182517685
0.339936861745442
0.401497565151409
0.415369692927594
0.383444812503971
0.31440598336579
0.220535215173089
0.114655626103458
0.00770836538787992
-0.0924357301089208
-0.180690289233779
-0.253498737392884
-0.307461465080433
-0.338491096808935
-0.341941785352768
-0.314067787063295
-0.254558144946604
-0.168630144280931
-0.0665160360839356
0.0403751103570744
0.144423965671059
0.244164417424153
0.342105687576653
0.439673159979546
0.532965903803308
0.612068346107026
0.664207079771174
0.679143632638148
0.654323130343393
0.597084582461573
0.522002820582421
0.443838027200838
0.369794781016684
0.296183582894864
0.212133498418105
0.10810632625522
-0.0163837699087076
-0.150533292973274
-0.276195113358242
-0.375085173029296
-0.435349645984452
-0.454919235330746
-0.441033564969469
-0.406735145726942
-0.365884158321335
-0.328556354418651
-0.298493933196246
-0.273426087358962
-0.247850196531376
-0.216950664645781
-0.180091518057536
-0.142459506591826
-0.113737916427339
-0.103637753656626
-0.116023328080143
-0.14513563629231
-0.17707738319832
-0.1966320286653
-0.19552856115708
-0.176654000855304
-0.15128437563598
-0.131530231452932
-0.12369769246462
-0.127127934302463
-0.138359738990556
-0.156280116801779
-0.183658316802577
-0.22394792107428
-0.276284497978554
-0.332876261901848
-0.380810842033162
-0.406927315009
-0.402683778598153
-0.366794738689179
-0.305375713789762
-0.23044649029176
-0.157316952246569
-0.100603214568857
-0.0688414739924455
-0.059433659776406
-0.0576657389035781
-0.0429882581445889
-0.00107352553079992
0.0658047930210008
0.138654601843417
0.19368571108844
0.218124263538333
0.217940657379781
0.21187777009464
0.217075245020301
0.237271870596197
0.260904388932122
0.2681091554763
0.240400283829865
0.167756557120968
0.0517869424453744
-0.0940946948463213
-0.246885998683239
-0.378549770226765
-0.462228780256428
-0.478705949087854
-0.421605561545986
-0.299573206057227
-0.133380572153308
0.0522099133815638
0.23758725848688
0.411811014317789
0.567909863923962
0.695026622817356
0.775723164794587
0.791943073172018
0.735336477318056
0.614370181625225
0.453730054399833
0.286832487144449
0.145394375255648
0.0502090378960031
0.00612572551325032
0.00273640914244214
0.0203646896343002
0.0388738119422102
0.0455764942927943
0.0389461309844174
0.0268013925005697
0.0203375698951474
0.02749650653146
0.0493083517971569
0.08068232170154
0.114229945052917
0.144309170572034
0.169255458517999
0.191359834964363
0.215039478531706
0.243796974534174
0.276901754257848
0.307435281279323
0.323408694194174
0.312204121821528
0.266286712446613
0.18693068315319
0.0838613540903519
-0.0286422464490346
-0.136666187270952
-0.230062287798746
-0.303257384328577
-0.354066311641722
-0.381967610385521
-0.387000799160525
-0.369389079922926
-0.32927689016075
-0.266452092061686
-0.180972515041194
-0.0754827437690081
0.0418577080796844
0.156502944818691
0.250398926139578
0.307430197538057
0.318444894528895
0.283594059676046
0.211550527548077
0.116314988652321
0.0127887533366763
-0.0871969378998482
-0.176593823527749
-0.25202996984585
-0.311405757363739
-0.352656295460497
-0.374769379184488
-0.379711802060603
-0.372879316964445
-0.361062327184601
-0.349265497712548
-0.338767372839023
-0.327747992698515
-0.3137970826801
-0.296351068864758
-0.277363953112612
-0.259824574672309
-0.245083396107248
-0.230643272751124
-0.209965052097318
-0.174995503921277
-0.12061648941874
-0.0486915242374463
0.0308104466062367
0.10239685195776
0.149813888894525
0.160617686106053
0.129100575447569
0.0573688387855194
-0.0450964353317658
-0.163034766172433
-0.277872383976354
-0.37091055893109
-0.427030611662406
-0.438083834394708
-0.404427707462059
-0.333527282654381
-0.236440524434721
-0.124672882483979
-0.00935665979839789
0.0977299957564976
0.183681113722268
0.236407140006688
0.24870732651605
0.222275330192359
0.169035934284938
0.108297227288263
0.0602597145409705
0.0385276210627043
0.0451515659071738
0.0707020405166139
0.0995125130642885
0.117746818834542
0.120313156299906
0.112744736143577
0.106676470848578
0.111647771247045
0.128810459218659
0.150994682544165
0.168846620731357
0.17815421746566
0.182965810794583
0.192966655442018
0.218013530466795
0.263796517790334
0.330272546533928
0.412063282205451
0.499748864586703
0.581976914168848
0.648379880120771
0.692127809672559
0.710294798751756
0.701597036882452
0.663700884482393
0.593491361688707
0.491455027036594
0.367092425472249
0.240181864972609
0.135338456858674
0.072506129943042
0.0590887470659572
0.0880145245785125
0.141954378127043
0.200619776040371
0.247384062652053
0.272881789322804
0.275209991254483
0.257759864364084
0.226221308888401
0.186033052233248
0.140765554022409
0.0912172248768653
0.0351457587300645
-0.0315785481615553
-0.111572308127949
-0.201419871578203
-0.289546182356125
-0.359586279939218
-0.398350534907051
-0.403201233932669
-0.383313240010118
-0.353592522247082
-0.325449975576745
-0.300781555002735
-0.272984645617372
-0.234017073783098
-0.182883461144633
-0.130259418203026
-0.0960091233813097
-0.100208995295063
-0.15240262497258
-0.245525194637316
-0.358293585600816
-0.464316951494249
-0.5420234087794
-0.579876492049386
-0.575519086090239
-0.531839941916219
-0.454235041936482
-0.350979437131245
-0.234967092125428
-0.123316509597133
-0.0329189597919892
0.0264338664188624
0.0570524656893218
0.0726055334803679
0.0911371605586471
0.125410255385564
0.175995509651309
0.230895982665624
0.271624190098456
0.282153688578469
0.256061352655346
0.198706974056336
0.124148115786371
0.0488869079626103
-0.0145271217103409
-0.0614333122081845
-0.0951010091332895
-0.123020877796026
-0.151309605020485
-0.180222378874972
-0.203410499891843
-0.211585761044231
-0.198687422757018
-0.167007928969669
-0.128044225496793
-0.098091535169009
-0.0906674092735967
-0.109924273426172
-0.148801528960409
-0.192838144513366
-0.227107687713465
-0.24201362395625
-0.234928994659383
-0.207970192148501
-0.164953311573027
-0.110475281317839
-0.0512716920969087
0.00270075367017523
0.0399840503744249
0.0521124167099472
0.0383118577475944
0.00732620855873941
-0.0252902759540353
-0.043836817878161
-0.0402575858965825
-0.0188322835497357
0.00557926117168245
0.0154200807106557
-5.64663644010594e-05
-0.0392208034360116
-0.0888850622196057
-0.129666893855566
-0.14240228916386
-0.11349183647919
-0.0387829719180662
0.074379631470122
0.208056891457795
0.338186512191621
0.44129721104861
0.500691730877438
0.509831545852602
0.472382901166542
0.399652143332224
0.306497552425183
0.207034857535856
0.111775667751445
0.0273350105289213
-0.0419020264874455
-0.0923611913899422
-0.121880704182733
-0.131739866451023
-0.1275741888079
-0.117254206702426
-0.106578056769863
-0.095960297741925
-0.0809490801026469
-0.0565601817127216
-0.0224334681933404
0.0149333691061132
0.0446677238073979
0.0573801400433729
0.0508423692103286
0.0319478306152389
0.0136205662778486
0.00842863905172037
0.0227186797863594
0.0547521196863704
0.0977555369064436
0.145612561597151
0.19717368282457
0.256140591548079
0.326743819182263
0.408597922506251
0.494522132011365
0.572439993276739
0.629334475909135
0.654483674301564
0.64095360019786
0.586220230996214
0.492877422179779
0.369071553460341
0.227485858788057
0.0824814093879506
-0.0534052883501628
-0.171683943470079
-0.26782015644117
-0.339475239643948
-0.384749317565465
-0.401814698970298
-0.390141097834005
-0.352373001821852
-0.295563879903743
-0.230951037045617
-0.1721645371002
-0.132192273485849
-0.119782440034658
-0.136579608541125
-0.176552289278323
-0.228225745158621
-0.27840237971493
-0.315368189789104
-0.330833091535654
-0.321301539667381
-0.289250175875646
-0.243046436017369
-0.194404822215458
-0.154103059455723
-0.128527105052529
-0.119059452975684
-0.123874093592222
-0.14003977707903
-0.164456802372025
-0.19378436462144
-0.224280009407883
-0.252210627550987
-0.274802890067394
-0.290810339974954
-0.299728293075985
-0.300294272573653
-0.290148669099352
-0.267293363070761
-0.231978893876826
-0.187580346473775
-0.140451337908863
-0.0994105540153696
-0.0747751046984207
-0.0762109959708631
-0.109419824464441
-0.173099231201692
-0.258022074934952
-0.349065870261096
-0.429637983741848
-0.486994751044493
-0.516343998195877
-0.52146542780521
-0.510793458725488
-0.490779073561605
-0.461044778692649
-0.415452958145252
-0.348954235537537
-0.265104690957621
-0.178023976276632
-0.106702798034656
-0.065430188464721
-0.0566612849370502
-0.0702418565506362
-0.0883575543844968
-0.0927222292364629
-0.0706765620332158
-0.0186440941968088
0.0571446933683287
0.142349908632689
0.21840696721061
0.267957724644112
0.280202130319453
0.254020098803041
0.197596848175463
0.125108154123695
0.0523034304001608
-0.00728930359509329
-0.0448053819962399
-0.0572200869936215
-0.0474706878754746
-0.0234061471701842
0.00469757338399932
0.0277913591515773
0.0415927829008794
0.0481281673244973
0.0540915206289731
0.066707157866702
0.0895463871420264
0.120921268814214
0.155689469337573
0.188843176909181
0.218127332679768
0.244011975089698
0.267527236078808
0.287874662369359
0.301490198158192
0.302936885795738
0.286814366927191
0.249618915115143
0.19116328070065
0.115847726663911
0.0337166799549103
-0.0399630105002424
-0.0882190074867846
-0.0987832455369733
-0.0703104639993516
-0.0142916585072867
0.0490957987749229
0.0990371520968959
0.121702104299756
0.114110700317254
0.0835545112545097
0.0438453925091252
0.0101393231264384
-0.0061046521923307
-0.000503430744163714
0.0238309481401871
0.0589241660361568
0.0959157274187389
0.127890697267421
0.150302292927202
0.159888154792261
0.154052139310637
0.13179731554001
0.0954692972101459
0.0514855754346235
0.00877563507008234
-0.0246198623554155
-0.0448268360534717
-0.0532486320540388
-0.0549162431051678
-0.0553490859657092
-0.0579623679800286
-0.0631435162334704
-0.0687174570382969
-0.0711335427208084
-0.0670299086813122
-0.0547243143653277
-0.0348780300132347
-0.0100025485370831
0.0165786505155969
0.0413180230896223
0.0602630232070723
0.0688335480427172
0.0625496165822445
0.0388493665133039
-0.000939877303885143
-0.0506302537279559
-0.0996930507241289
-0.135169968629069
-0.144905844226395
-0.122007749970018
-0.0693793607105341
-0.00152837588677433
0.0593187273503894
0.0928659149075617
0.0916379678587413
0.066153822900458
0.0400437611722038
0.0372203628586272
0.0687044126189112
0.126975200590413
0.190701255340352
0.236271915635892
0.249021493591827
0.228222642908625
0.184459623216051
0.132555941737332
0.0848301800544134
0.0475984138204366
0.0207708167788585
-0.0011341957753892
-0.0274710766349366
-0.0689478649570187
-0.133572888907994
-0.2220731066343
-0.325206889811607
-0.425020158042182
-0.500043891559691
-0.532311981533119
-0.51326259398653
-0.446172972656412
-0.344169366856372
-0.224653372054339
-0.102799033551165
0.0124587832556087
0.117940826750856
0.21234898764637
0.292471378935674
0.352473720381306
0.386581130572918
0.39306579521791
0.377027987463276
0.350404783062304
0.328711255233478
0.325132571224607
0.344223516766564
0.378762642092673
0.412281752952198
0.426225560703474
0.407490688363714
0.352396843452369
0.2665206594748
0.162625861052618
0.0585464957809766
-0.0254312793488597
-0.0711042094401295
-0.0684218499014703
-0.0201313765974555
0.0582698972397811
0.14382592431618
0.213794967463423
0.251705434110338
0.249702233004949
0.208065743637448
0.134086281742498
0.0411508267657875
-0.0533211550564002
-0.132785883399678
-0.188441320622819
-0.223841230041851
-0.252730732719413
-0.289841016768146
-0.340174571526277
-0.394257090983541
-0.432738053671297
-0.437084848617179
-0.399447240679021
-0.326231643559445
-0.234309627090549
-0.142768514084085
-0.0649552351486309
-0.00491744554651623
0.0404984510765324
0.0761979745346144
0.104100745084571
0.121827115265587
0.124675785851662
0.109110112947731
0.0761158819624033
0.0331421763411456
-0.0068732641138595
-0.0302208542024192
-0.0291445764710312
-0.00639967211873582
0.0258469053243354
0.0524934825218913
0.0634911893949883
0.0587607487330914
0.0474759467110105
0.0422988144551649
0.0519640100931416
0.0766631442524598
0.108911621497357
0.13883253437633
0.159874167036559
0.17116230086593
0.175550440188252
0.175506364267932
0.170094616567202
0.155123404472685
0.126210728944003
0.0826274256969879
0.0293005565273401
-0.0244723326154023
-0.0689135693047277
-0.0978988134591502
-0.110988904751087
-0.112619600387017
-0.109491965079228
-0.107833770801259
-0.111586213730791
-0.121641529412924
-0.135850623939085
-0.149679018156807
-0.157601986493326
-0.155159419981464
-0.141065386303564
-0.118364100606266
-0.0938832591696471
-0.0761456270905846
-0.0727001954222644
-0.0878067117858841
-0.120843800135053
-0.165640308519838
-0.211286988697151
-0.24489508853085
-0.255655089758161
-0.238369065040943
-0.194777117599461
-0.132456952169015
-0.0624150399904139
0.00340231582492227
0.0542396750570987
0.0824611101769304
0.0852627100082241
0.0655903897471876
0.031479938549895
-0.00639869471357463
-0.0381492420310413
-0.0573987549983806
-0.0620453380406452
-0.0529758015411443
-0.0321485955653774
-0.00172072962549013
0.0352789323046041
0.0737419924676141
0.106189585348979
0.12408576293839
0.120495298347207
0.0932720379365818
0.0474352835582374
-0.00508432150856884
-0.0494282505693007
-0.0741298887096672
-0.0759129211913666
-0.0594947304226616
-0.0325608434027412
8.80837454380979e-05
0.0387477376458257
0.0862289878012304
0.143318276998853
0.206257767819338
0.267959321540745
0.321497196702497
0.363068928304109
0.392575347175145
0.411848310333542
0.421916636993351
0.421098892900961
0.405262413434715
0.370405636526285
0.316158552238362
0.247814484418189
0.175080646341781
0.107761922358777
0.0507692212749209
0.00168736548620972
-0.047054664881793
-0.102172077294857
-0.163257724894321
-0.220496747542607
-0.258002900592501
-0.260382262774144
-0.218329077767264
-0.131055722326154
-0.00642606333136109
0.139823341026382
0.286180285493613
0.409918116436038
0.493425121979986
0.529307249235743
0.521240221253626
0.48008444648076
0.417863524938019
0.343419044678191
0.261910664979267
0.177203226249736
0.094271260667161
0.0195148188971184
-0.0408637243282948
-0.0828337923815766
-0.105585165419331
-0.111473510708892
-0.105297861691083
-0.0932629468311014
-0.0817969185066786
-0.0764561745430906
-0.081211705311552
-0.0981995708972507
-0.127673054349252
-0.167800491665295
-0.214314214329559
-0.260574282895933
-0.298710590503858
-0.321729965876732
-0.325395148561808
-0.308554918193321
-0.271885462861682
-0.216517863177719
-0.144140221177223
-0.0586455420843729
0.0323008090783971
0.117662570418556
0.185856437702559
0.228537840888605
0.243061074412233
0.232180177586731
0.201344151790756
0.15537366043406
0.0965836578927629
0.0255192698067188
-0.0560844427332533
-0.141903275367193
-0.219410960357954
-0.27156893416026
-0.281903525499076
-0.241335476776672
-0.153605207821224
-0.0359723800540191
0.0859607940427025
0.187026333626613
0.250631472973292
0.272960352811378
0.262420417308576
0.235388411185009
0.209963260770015
0.199664469468664
0.209180403971115
0.233720374373079
0.261951117649085
0.280874441554211
0.28052698671426
0.257035824944471
0.213418828505722
0.15812537922751
0.101940205045696
0.0545228445172083
0.0219230605492627
0.00559657893544785
0.00244691797140676
0.00530152373249909
0.00410959355556294
-0.0112052037138958
-0.0461970792102118
-0.097674899868075
-0.15294329730185
-0.194122342506582
-0.205751495256712
-0.18139912183128
-0.125625864883239
-0.0507973950222174
0.0288030476534368
0.102394666484194
0.165609705216132
0.220180564821269
0.270618063636755
0.31923325875125
0.362177904877546
0.389309045751534
0.388599441768335
0.352641916050996
0.283138862927981
0.190637582087285
0.0900007250328615
-0.0053967165425659
-0.0874811524195379
-0.153621567024067
-0.203704437449296
-0.236676453660602
-0.249511895051248
-0.239733090681839
-0.209489909344957
-0.167390462457354
-0.125671852425711
-0.0939775768913595
-0.0739198510175077
-0.058352516709888
-0.0360957546461098
0.000768424681935659
0.051347987014337
0.105034677097507
0.145336582235996
0.156339973925152
0.128988925634175
0.0650036034037023
-0.0225029756039979
-0.111759950940635
-0.178241982356979
-0.202935892412517
-0.180277650675943
-0.121424450156114
-0.0498620733382467
0.00916356769755334
0.0396082745740293
0.0397048226715907
0.0187211336979186
-0.0115804218152675
-0.0446258777645943
-0.081081392776159
-0.125086060895458
-0.17842254780718
-0.236782586552943
-0.289758897953592
-0.323744344025774
-0.326325330377479
-0.290945069066069
-0.220105466465265
-0.125075310348704
-0.0217569554333116
0.0748280091410343
0.154050057698879
0.209793563078935
0.238434512424369
0.236785610162378
0.201352294039701
0.129330298068182
0.0213059974549359
-0.114967406236813
-0.261542638166615
-0.391012757224517
-0.473429738408996
-0.488231934306894
-0.435248426318856
-0.337463164093504
-0.232657189040926
-0.158111124354377
-0.136471702240632
-0.169241154101718
-0.239423371149491
-0.320290899786112
-0.38519658003512
-0.414268390395262
-0.396721837844834
-0.330348295322239
-0.220583015028133
-0.0802018051140105
0.0712932059187146
0.210223122618118
0.313488683383914
0.363664661143695
0.351998027557807
0.278743885516919
0.152428136878422
-0.0106172327646911
-0.187263633074439
-0.350901855842921
-0.477045589683928
-0.548836061612048
-0.559963068079402
-0.514677686298687
-0.426423515403937
-0.316237526793233
-0.210238609772259
-0.134663175998537
-0.108442910045494
-0.136064716952414
-0.204728105424619
-0.288146329302846
-0.355823002392953
-0.383733801971818
-0.361798754575754
-0.295399873350043
-0.201141925454126
-0.0993587690227737
-0.00663024804740985
0.068950731824321
0.128260241123652
0.177640548769706
0.223621207692242
0.269010492199011
0.31236518900804
0.350288505029601
0.380164992156731
0.401227021608204
0.413587289321286
0.416405743774082
0.406799617579305
0.380588094492081
0.334850249697205
0.270978101644382
0.196244851840005
0.122638854877384
0.063441872604455
0.0292920081782569
0.0253121878199678
0.0498731956168803
0.094874462980978
0.147406825636249
0.19273252932953
0.218164823719193
0.216764010690074
0.189331406635522
0.143550048713951
0.0904318611428644
0.0397914557015022
-0.00292430396796891
-0.0370312563776062
-0.0645053650820585
-0.0869140168732933
-0.103193302638091
-0.109598778029539
-0.102094374573888
-0.0799571802911267
-0.0482122143262914
-0.0167827319391317
0.00378404956000001
0.00768289952042571
-0.00312377786485566
-0.0203153757336241
-0.0341177026135393
-0.0382806718540144
-0.0318377310282894
-0.0170576952993065
0.00402197168147436
0.031310969612894
0.0652883690330258
0.103868147776837
0.140304808443283
0.164343019244838
0.166646100064536
0.144072378491248
0.102337965609249
0.054206743998862
0.0146437358428425
-0.00363234810890023
0.00788506433453311
0.0529920942436504
0.129608465560276
0.227932512062603
0.330437564317841
0.415856349559917
0.4662427308293
0.473502679296656
0.441681964258706
0.383601929041608
0.313663237410331
0.241086691187286
0.167856370813953
0.0925140145221461
0.0165468497062398
-0.0520107921337942
-0.100984577412561
-0.121005630199546
-0.112030956089349
-0.0846154445861058
-0.0546323624181425
-0.0346894274031944
-0.0279060409529036
-0.0280318059107539
-0.0252482655121721
-0.0131221615704966
0.00794040938531459
0.0321363610396813
0.0524035621475411
0.0638274615812384
0.0643470161743664
0.0532181750277955
0.0292259547238237
-0.00944614266570877
-0.0631280352622547
-0.127571078525715
-0.192243708600801
-0.242065945415805
-0.262655488916686
-0.24667782880494
-0.197706877259296
-0.129166890133845
-0.0587892286841425
-0.00163349551290825
0.034655726608886
0.0503325265176655
0.0504177726098415
0.040513423658629
0.0241642458670855
0.00272588948320349
-0.0231989765956477
-0.0522304303390649
-0.0810231717636981
-0.103016324488928
-0.107827072610482
-0.0837611298464062
-0.0246828127000318
0.062325629117673
0.155275369525748
0.224905546310448
0.24758621928937
0.215518118799093
0.13899179836849
0.0410135813792287
-0.0518887665900353
-0.11843896134124
-0.147977537510373
-0.141364753587984
-0.108386830597536
-0.0637280986941103
-0.0230787361426779
0.000351825132032337
-0.000806411265377703
-0.0253615845260987
-0.0630520439454662
-0.0976325378751002
-0.113091466074123
-0.100384999022423
-0.0614360796168279
-0.00853161499447546
0.0405191818452019
0.0694399730137772
0.0699723936091593
0.0449703653936884
0.00640283319092122
-0.0307907285858294
-0.0553180777563767
-0.0627843620687389
-0.0547349313513755
-0.0359290151703683
-0.0125578939210874
0.00834317966031699
0.0199484389418027
0.0180171738791591
0.00325203711379375
-0.0185384488049995
-0.0392023939694383
-0.0524301617406763
-0.0568434254971084
-0.0563172551216677
-0.0577279214387681
-0.067758734322876
-0.0904278739533856
-0.125830507095218
-0.169552702185508
-0.212499639416713
-0.241988978966145
-0.245098107866717
-0.213697388348407
-0.14889571892956
-0.0625733000397849
0.0250016821021037
0.0911816203368916
0.119118645306122
0.104966143310592
0.0598591873682315
0.00436368074996482
-0.0420327137914975
-0.0699491469899743
-0.0822461835560291
-0.0889758057364672
-0.0994166768400918
-0.116091455271989
-0.133306936222864
-0.140213211857927
-0.126535402236481
-0.0878322128151241
-0.0276376716922205
0.0437117997931827
0.112266803678383
0.164840947855069
0.193599441896272
0.198644480320737
0.18674945271772
0.167091490393025
0.147144895339457
0.131319649046154
0.122066163022454
0.120991321832746
0.128150127523085
0.14013693910148
0.149202683916606
0.144995218725764
0.11863436345012
0.0673504509149569
-0.00249573070009935
-0.0757737992509502
-0.133028635192002
-0.157925531811454
-0.144568469942228
-0.100778036469799
-0.0451408569206213
0.000908586493448558
0.021956051827029
0.0140964019760402
-0.0152822479900326
-0.0526937179289837
-0.0854032592114284
-0.105938573263546
-0.112287762393527
-0.105272961053823
-0.0865209317055245
-0.0589345040951352
-0.0282028355891398
-0.00235651406981226
0.0116900608761085
0.0124275938781462
0.00547607600211821
0.00115074402872274
0.00923584932626425
0.033937257644778
0.0713512453079449
0.110123871109546
0.135012259823395
0.132952502839455
0.100429916043602
0.0486762652058411
0.00179651801434456
-0.0141161529078403
0.0140881627965053
0.0773849465747101
0.147809469074041
0.192158563133449
0.187495662300229
0.130231871642787
0.035871287520695
-0.0684945292185941
-0.15471634813868
-0.202948942851553
-0.206698266056799
-0.17223026176864
-0.113443155990765
-0.0452714578145014
0.0211294546267515
0.0798858877735806
0.129224824278442
0.169267064457275
0.200164210222543
0.221283392468291
0.231679907486169
0.231551647695853
0.223600071909465
0.212943552814899
0.205133102957131
0.203367466655544
0.206756454770758
0.210712664625079
0.209074775462518
0.196736042935247
0.171749875097096
0.136360008129253
0.0965267674100908
0.0596637314594839
0.0311570506907595
0.0115418289532488
-0.0034433719916782
-0.0193775753227836
-0.0384805324262781
-0.0572703757628274
-0.0683585072670967
-0.0648678461937716
-0.0441468542220513
-0.00859509866196033
0.0359157203324548
0.081877056573767
0.120716699987737
0.142716207596659
0.138292483809527
0.101613662970616
0.0347270874342308
-0.0512202564857801
-0.139496122182785
-0.214450031380055
-0.267658962234981
-0.300534393760638
-0.322563713972226
-0.346205304260715
-0.380287877585498
-0.42412496445121
-0.464989256436186
-0.481452022819939
-0.452867823471553
-0.371035691506254
-0.247050192303017
-0.108244351363898
0.0136046870165785
0.0958650348140049
0.132686529012342
0.133310545322372
0.113703638815842
0.0876383212243498
0.0622819522355476
0.0391813517707356
0.0177912622042506
-0.00195726224562871
-0.0194536830423873
-0.034621671862362
-0.0489490447505243
-0.0655693643752314
-0.0884694970107737
-0.120977392745524
-0.163639690064779
-0.212191093605868
-0.257081287849865
-0.285746597046603
-0.287203482672481
-0.256808851521276
-0.198662647918959
-0.124451519882867
-0.0495317603113655
0.0117249236248308
0.0495587735199109
0.0607920974124581
0.0492442885655916
0.024535653591619
-0.00097547037084401
-0.0166420710528292
-0.0175782615482511
-0.00608996703881978
0.0104426078184248
0.0239054825376595
0.0292173983485512
0.0252857573144251
0.0131574845233072
-0.00651866163116867
-0.0343774897046762
-0.0709151141817134
-0.114036348910556
-0.157509522805301
-0.191600730869298
-0.205963604952021
-0.193683121179733
-0.154563858391888
-0.0958705386219302
-0.0300269103551261
0.0294957854416405
0.0720512856836084
0.0920863291570561
0.0897894479677593
0.0707382717074419
0.0447447252215342
0.0236566408713133
0.018277254802372
0.035298772223427
0.0752200661592303
0.13168853780091
0.192422747136064
0.241984334148746
0.266348318122882
0.258041794053985
0.219484430999342
0.162420546140865
0.103246363486102
0.0564246375193162
0.0293945570264426
0.0215220160933259
0.0271379921680088
0.0401635739494702
0.0569677160073897
0.0756376130438205
0.0927627428209053
0.100977675679592
0.0900975745170719
0.0518917668330042
-0.0144289000914005
-0.0997143643462667
-0.187166398539958
-0.258250443552378
-0.299144753639074
-0.304715263714475
-0.278591359719849
-0.229988196810732
-0.16946982936093
-0.106000755660683
-0.0461726824879201
0.00544068346027371
0.0464059696097487
0.0772627732642387
0.101618352704789
0.124100960585318
0.146668959477971
0.165720531979418
0.172613344634721
0.158206157349395
0.119085913837237
0.0613677287781347
-0.000981642859091056
-0.0527948210414581
-0.0853057823307323
-0.0999463664974108
-0.106253738560271
-0.11575391458019
-0.135848249085709
-0.166788541601578
-0.202211919541668
-0.231877937585066
-0.245151424120196
-0.2343474306684
-0.197156483021105
-0.137323003573453
-0.0634152908218782
0.0134502910214832
0.0819042739441428
0.132446767061622
0.159657703360067
0.163868042768695
0.150587946060877
0.126814286221786
0.0961667282627429
0.0567761896959073
0.00419508018594506
-0.0626513192986999
-0.137153024588869
-0.205637800975342
-0.252451926733364
-0.266298946505541
-0.244512383320511
-0.193624661887308
-0.126606724538313
-0.0584207561460237
-0.00167674657030936
0.0364239905233138
0.0553322532322864
0.0604183036985099
0.0603976637437638
0.0635936540149289
0.0743891105349459
0.091503139589145
0.109146475734413
0.120685611220078
0.122869716184463
0.11804832194648
0.112905916113707
0.114590308679587
0.126935010772464
0.149143235187247
0.177110833457803
0.205638329194157
0.229840355502507
0.2456047851626
0.250019655967093
0.242178757268885
0.223568396933983
0.196971957770449
0.164062236952575
0.123489955280236
0.071585577120734
0.00601096261313686
-0.0699564065046772
-0.145906787253525
-0.207170115964969
-0.240510669390796
-0.239282460220757
-0.205529430583053
-0.148770183513693
-0.0828362626434254
-0.0222415924620483
0.0212062713458679
0.0412798825405682
0.0390735843009187
0.0226461341829026
0.00422600690248747
-0.00399714811336526
0.00629662134185345
0.0373720539342166
0.0851283506917228
0.140407971874337
0.191711281060814
0.228875846930332
0.246518558945226
0.245525805383034
0.231590150557974
0.211657277970343
0.190724313928281
0.171123205747882
0.154228903246842
0.142391173484595
0.138865940441099
0.145601731832592
0.16080479167637
0.17835256337322
0.189548411541376
0.186137981705622
0.163193618989302
0.12112307973502
0.0665120955278022
0.0112606627635003
-0.03064181166656
-0.0483144817680483
-0.0390660969787375
-0.0106486004300615
0.0207241341002032
0.0358364916743769
0.0192178195751382
-0.0352143419437779
-0.121464576995916
-0.22278669593681
-0.316972125595302
-0.383869174106818
-0.411826036118502
-0.399897718465667
-0.355276093452807
-0.288629311986038
-0.210836547129399
-0.132249312921877
-0.0626987761214652
-0.0100388578744879
0.0227218615606644
0.0393282186286071
0.048982776347039
0.0619271946429153
0.0841365896083187
0.113762485280403
0.141106952051781
0.152704508643689
0.138352157894404
0.0977276006984746
0.0423844792081862
-0.00878275324770971
-0.0382076286865419
-0.0373281135228703
-0.00921436930938467
0.0343244732712774
0.0785803693426529
0.111489354417348
0.126911259761438
0.125303459983039
0.112268396194248
0.0955759227627116
0.0815120096392991
0.0720676311100164
0.0646933818822209
0.0551122460624872
0.0414393044253889
0.0265105109447827
0.0163977548941966
0.0159558537672812
0.0245050770761111
0.0345388359721575
0.0342124930068296
0.0124722836620718
-0.0349538551212274
-0.100902986382704
-0.166406918457722
-0.206744277927842
-0.202251276317284
-0.14804923246866
-0.0567593908569669
0.0470981076942774
0.137127403013999
0.193921747680215
0.209267251304297
0.185515733283196
0.132232097171035
0.0626297124705345
-0.0088354260585333
-0.0680521496091788
-0.103264775820464
-0.10798496198355
-0.0836101954605468
-0.0398035094338468
0.00826139347347408
0.0448295519270971
0.0586190435271801
0.0462054204280413
0.0129503977701478
-0.0285103832617329
-0.0620193267091461
-0.073514326826181
-0.057154099892019
-0.0192195955002664
0.023020498454871
0.0480379262212104
0.0394681941101204
-0.00671945764432379
-0.0810316186329619
-0.165169984538015
-0.239199381568102
-0.287321927531903
-0.300710162351399
-0.27815377205416
-0.225684765037362
-0.155439369445549
-0.083388712376384
-0.0258074696453982
0.00498370343318868
0.0043173768415477
-0.0235302004987185
-0.0678060679631727
-0.116584478772684
-0.161376504306607
-0.197668542166361
-0.221847523552732
-0.228836331992918
-0.21411172572824
-0.178935492427832
-0.133750216490144
-0.0957313485201741
-0.0811083417465528
-0.0966963207343415
-0.135419043150664
-0.178146086563671
-0.201084606829001
-0.185625496053643
-0.126392462739134
-0.0338054075617832
0.0700055079536487
0.159814394617037
0.216374399263553
0.232261111473076
0.212711064969016
0.171826382097519
0.126118381497311
0.0881072025742044
0.0624280393679147
0.045764906712518
0.0304249506260249
0.00994541181190637
-0.0159046799241705
-0.0395008516220976
-0.048469454003381
-0.0321429794938724
0.0122746993233464
0.0773563544350304
0.148021627586672
0.207362354064362
0.242654150964646
0.248828355231298
0.228297842214547
0.188135985186864
0.136991745493894
0.0836553148631524
0.0371146189620439
0.00622691493033355
-0.00236826124902785
0.012739311916017
0.0460068483005413
0.0857795218491589
0.117133805211633
0.125560856635437
0.100797831108774
0.0399856900492209
-0.0513611957610228
-0.16151953086004
-0.276606803126465
-0.383706552605285
-0.471349666395738
-0.528461439110356
-0.544557264933782
-0.512725155250878
-0.433950431767458
-0.319501999280349
-0.189067658410592
-0.065061056750409
0.0342670548667951
0.0998646051956285
0.133079682929373
0.142723282960609
0.139384511165659
0.129691787635681
0.113472667302108
0.0853980217916527
0.0402005376610722
-0.0213951444147094
-0.0891122045402834
-0.143974178456711
-0.164142722625291
-0.134153399635416
-0.053269063033485
0.0622273521264966
0.1849183334365
0.287131456804261
0.350599921071244
0.370349260323962
0.352662393581586
0.310306298215327
0.258332804916766
0.211546322055896
0.182665052700418
0.180064360274417
0.205376003308342
0.252323398822269
0.307942460010399
0.356280146232014
0.383581231237185
0.383012209287099
0.356438194032396
0.311706643783872
0.256697766597491
0.194283344034384
0.122314668170043
0.0389304733228758
-0.051154360505613
-0.134812000683031
-0.195080519217088
-0.219381354068547
-0.206417149909816
-0.168009123406965
-0.125032537254021
-0.0993447231554822
-0.105250057109914
-0.144179132014751
-0.204765607154574
-0.268002605796556
-0.314925879142317
-0.333414176303401
-0.321472910887979
-0.286190462331432
-0.239465765276766
-0.192764433771662
-0.153209449926208
-0.12242921252924
-0.0982359496783988
-0.0778760184923865
-0.0607769980369053
-0.0489725351387544
-0.0449421336265603
-0.0486619855632927
-0.0565160528877485
-0.0632722982371477
-0.0656132168845482
-0.0642469221149329
-0.0629271674804473
-0.0655514448640276
-0.0740195298944725
-0.088195608659295
-0.106703545416252
-0.126493434327267
-0.141239113157099
-0.141204229628196
-0.116847303938765
-0.0649014140651467
0.00744130436909727
0.0838806672505277
0.145577775210328
0.179059501485615
0.181052195103469
0.158096646171542
0.12189372242959
0.0834481386694185
0.0492845269848756
0.0214098078347051
0.000295200927264979
-0.0116882698525435
-0.00919616263368836
0.0135225452265492
0.0576011346752956
0.115156184128732
0.168862099792727
0.197263050341755
0.184448174688195
0.129222352219319
0.0477310561377541
-0.0331920398728589
-0.088544774405292
-0.106087208178126
-0.0895974239315756
-0.053643916505468
-0.014006194639246
0.0204105485497005
0.049928213716335
0.0799975181906076
0.1136812692575
0.145950704889457
0.164134036141626
0.154779769948815
0.112341006985726
0.043451111070938
-0.0359353698691668
-0.107745100615075
-0.15816541546059
-0.180124358882363
-0.172404082042247
-0.137921411043564
-0.0830664041603428
-0.0177361163563558
0.0458856566080537
0.0969995801571841
0.130929540412505
0.151502168803237
0.168438141434091
0.190777637362223
0.220907724827249
0.25367318977431
0.280990586477098
0.297951294909483
0.30559921605672
0.308821292910803
0.311792257377417
0.314701319010851
0.313664147426077
0.303140847662071
0.2790057061894
0.240746104942382
0.191986676018637
0.139018690041657
0.0875487375816678
0.0388466373855654
-0.0124774008649612
-0.0768182124529661
-0.163654430430834
-0.273947584053556
-0.39531050078822
-0.503378038925157
-0.569368214936666
-0.570349814281149
-0.497587451898032
-0.35985416386418
-0.181146153800164
0.00581585628848701
0.167907768682101
0.279196798693903
0.326059684447313
0.309312079646299
0.243347515866009
0.151994169586961
0.0612229762367033
-0.0092186170882675
-0.0514201992294669
-0.0691829354937632
-0.0725708702555628
-0.0708122563703714
-0.0677900425699388
-0.0621458470057213
-0.0509477698091652
-0.0339586643191452
-0.0156310992554994
-0.00362779512046462
-0.00482318277368844
-0.0212618437094741
-0.0486054313788589
-0.0779032298305715
-0.0989975827915838
-0.102780329372035
-0.0813948120478684
-0.0285340971643487
0.0577590867799081
0.170970875991109
0.295067564456395
0.409251990046156
0.496000600424252
0.546655955475267
0.560862874004266
0.541030972420578
0.486499038598978
0.392034108525571
0.252193339646605
0.0688817413221675
-0.14306458562029
-0.356297219858491
-0.537610287608502
-0.65777759822055
-0.700614167391152
-0.668021718338762
-0.578942210140018
-0.462017342829432
-0.344719351713707
-0.244258250824699
-0.165088176343692
-0.103746667199433
-0.0568542444406957
-0.0262107122632945
-0.0174781217244721
-0.0339126468345605
-0.0703065539533618
-0.112096614779197
-0.140771923926381
-0.142251882053942
-0.113099286263364
-0.0612565497627536
-0.00161783257986566
0.0505341434201613
0.0847857095961961
0.0975524236671506
0.0907931089615217
0.0690810778974236
0.0370357359142043
-0.00175629783494127
-0.0446369834945664
-0.0896913573545341
-0.136195230139616
-0.185441206100291
-0.240901179885866
-0.306264663368655
-0.380365486795806
-0.450585955410717
-0.490243767501582
-0.466051062187281
-0.355127954749882
-0.161490786378389
0.0804039473897824
0.318505643162663
0.503700436915213
0.605378975767395
0.615813372112714
0.546011441140676
0.418944067214304
0.263171744880261
0.106716095692443
-0.0282446911008825
-0.127007557491861
-0.179000788807989
-0.173601315467715
-0.101655365599155
0.0362920084396674
0.222228727838776
0.421497487505895
0.59268379097776
0.699762573600974
0.720255627004744
0.648698933305335
0.497458326137479
0.294800879430096
0.0782361640575931
-0.116413193319473
-0.265464730438401
-0.361723556242014
-0.410920912687556
-0.423498307823015
-0.407351401582856
-0.365691175163054
-0.300383151272664
-0.217508731499185
-0.130628724343403
-0.0588866249222542
-0.0203595293682785
-0.0240042031564969
-0.0647387514297004
-0.124878572520687
-0.181573254365103
-0.216109496343344
-0.219829284205884
-0.194031934977304
-0.145496074142759
-0.0816959165532291
-0.00872090025456234
0.0681221460182558
0.143066422274792
0.209647051900636
0.26141589695406
0.292528796776535
0.297607855916836
0.27157713742126
0.210839689083423
0.116243571210205
-0.00367698847939804
-0.131839706887183
-0.24575224228732
-0.323801648363659
-0.352000424737409
-0.328428629964328
-0.263769769433256
-0.177702536878939
-0.0921832794917326
-0.023902472089302
0.0210098129118801
0.0474495837126732
0.066470156642892
0.0873956671529091
0.111231204745118
0.129459438083949
0.129502100212194
0.103962344856476
0.0578396113614646
0.00854213217391563
-0.022216127696969
-0.0202134247360884
0.0130374468100438
0.0609350224468017
0.100908542877353
0.116017665408251
0.101819661539007
0.0651469271041341
0.0170452553215267
-0.0346594513965428
-0.0884921097966311
-0.146991519750715
-0.211439768280946
-0.277876092176244
-0.337317538781089
-0.379794583480195
-0.399051367858784
-0.394755124888218
-0.371533499840807
-0.336624045741718
-0.298202927941148
-0.264739959954916
-0.244080985568333
-0.241170744136183
-0.255178368244352
-0.278296994119529
-0.297900048070572
-0.301359480665734
-0.280821750324993
-0.235419356342663
-0.170471378534857
-0.0952418509951587
-0.021108580008057
0.0394791672888743
0.0745653214487067
0.0760971506766324
0.044392574094529
-0.00941664207154969
-0.0658135258892566
-0.103920065062142
-0.109585075994614
-0.0805197340547943
-0.0266655783320943
0.0336171247218209
0.0800224918028517
0.0977811811428491
0.083882712304595
0.0490837188287396
0.0137314128116563
-0.00141696999424489
0.0150602405416479
0.0599800813276612
0.117185208140747
0.164774513817234
0.18435174826905
0.168632034101912
0.124903239546153
0.0731547479565065
0.0391080656493905
0.0443064414464146
0.0972965213954171
0.19014249902318
0.302092188020078
0.408399875513441
0.489687062147962
0.537377285982387
0.553204727419473
0.543998345436326
0.515332413872424
0.467977204327261
0.399027770448456
0.30649735064601
0.194316669546191
0.0749683115389668
-0.0317649258422974
-0.104345176084256
-0.128199737328315
-0.104029532081604
-0.0504816642634164
0.00206209011145497
0.024378224141142
0.00100471823961809
-0.0642848282233446
-0.152102661020661
-0.23670443428152
-0.295357270059563
-0.314026638933024
-0.288729722508168
-0.223972520987743
-0.12999554330258
-0.0199468213046421
0.0924644052089948
0.194652513282337
0.276387800460471
0.330953396417476
0.356143542351198
0.354335238128012
0.330993513042086
0.292113580102899
0.242096728097299
0.183299888101881
0.11730183420112
0.0469172841815545
-0.0222811543816354
-0.0818988933922102
-0.122468736625541
-0.136516393306097
-0.121741627018556
-0.0830265996103582
-0.032374242484158
0.0137145227776881
0.0392900216705443
0.0348663240018476
0.00112787686433158
-0.0521212735205144
-0.111138476300514
-0.163813420685385
-0.202174257134959
-0.221685929560845
-0.219814675997282
-0.195908913653649
-0.152413121291301
-0.0962361398590549
-0.0390865880359215
0.00419864513174941
0.0198542001655253
0.00102887913187097
-0.0474284813951012
-0.1084023339712
-0.157613385847156
-0.173002232254492
-0.144635921544782
-0.0804536564260389
-0.00429420489819994
0.053899403632927
0.0712876961108662
0.0418497168730961
-0.0223952501750046
-0.0985017439023243
-0.163351536686597
-0.202334482250371
-0.212576708738047
-0.200839372251901
-0.178648496957893
-0.157443325993307
-0.145094853113462
-0.143858495768803
-0.149854708361732
-0.154695259475785
-0.149361134925232
-0.128875637694243
-0.0952464168042775
-0.0567993072846049
-0.0241061015336205
-0.00481459462427058
-0.000380165139731709
-0.00645667480147778
-0.0163547604944206
-0.0251415401715075
-0.0318370105580322
-0.0386656753900712
-0.0482607143086433
-0.0607966228368404
-0.072755748758609
-0.0778919138486916
-0.0697746545510043
-0.0445991363939187
-0.00285779551105673
0.050976404170068
0.110506524646449
0.169880761989875
0.225147407917084
0.273930198331165
0.314173409133485
0.343220853693744
0.357930675614436
0.355657228318392
0.335524180325974
0.299427909781679
0.252220752050789
0.20060106001788
0.150854230556887
0.106618257634532
0.0682645277446095
0.0345207777983254
0.00524737967338572
-0.0166839518602221
-0.0258604876369878
-0.0170008281019737
0.0117238504426668
0.0566316871961113
0.108841199331917
0.156694357666527
0.189043208439436
0.198061902319681
0.180857299254988
0.139887547132641
0.0825264346806255
0.0198016582701162
-0.0361444472714198
-0.0759210450307596
-0.0965765386026388
-0.102473831020705
-0.101978683020169
-0.101817114354432
-0.103136600117813
-0.102015487185041
-0.0934720177941975
-0.0754288305439818
-0.0497650822474447
-0.020387653957991
0.00954208288807118
0.0389708249858978
0.0681912675721738
0.0970892949881133
0.124248118319771
0.147587888039926
0.165209579558902
0.174713971565693
0.171493648315461
0.148924116925791
0.102570740162798
0.03644559493406
-0.0340212514115443
-0.0864525821223083
-0.102238026860911
-0.0770735619631736
-0.0241946317932299
0.0323221543475813
0.0703974933339284
0.0812684056497466
0.0726851892169661
0.0625127954132823
0.0671916882917348
0.092419659222619
0.131394696056197
0.17063766280848
0.198768323336742
0.212634395415656
0.217727878569595
0.223448723011845
0.236275649410159
0.254579774107035
0.267926975731421
0.261583543630386
0.224188187693357
0.154616707236072
0.0643214497039532
-0.026279607612259
-0.0959261790195023
-0.131520753770017
-0.133547703126326
-0.114760183543897
-0.0926397243314105
-0.0801341094667092
-0.0803182444225686
-0.0876546810834751
-0.0937440969406855
-0.0926786799475579
-0.0823748534786518
-0.0621945187746969
-0.0302562063390892
0.0164512376907624
0.0790315475415619
0.153324409150908
0.229115106094663
0.292961330952363
0.333435787005117
0.346176637233447
0.33601933275375
0.314741521052123
0.295248812354388
0.285190913855263
0.283483935573385
0.281492822561494
0.26790277708571
0.234493992607831
0.180048685594873
0.110930315566952
0.0384517178622239
-0.0256457940917034
-0.073661565976271
-0.104464815479294
-0.122957337100268
-0.136701010718042
-0.151423004548582
-0.167826415930929
-0.181366092583296
-0.184792390536725
-0.171776171598606
-0.139875797803331
-0.0920067992893904
-0.036182128746232
0.0166448246396954
0.056360722802742
0.077642949226197
0.0818998307842254
0.0759956930861655
0.0686250964443958
0.0664921327672335
0.0721374953270599
0.0841204996124216
0.0991030834775331
0.114359353095094
0.128908292031652
0.142640911791394
0.15476898442483
0.163538497438942
0.167606514375425
0.167516752511145
0.165425048191854
0.162704411937811
0.156862808215277
0.140136094343967
0.101629854771565
0.0328452750596448
-0.0662223758861994
-0.184301434558289
-0.301425258718853
-0.395588913298261
-0.450130201593947
-0.458743992946726
-0.426516512746457
-0.366919778511656
-0.296160682561709
-0.227403011342069
-0.167373676885856
-0.116424189744337
-0.0711918037259711
-0.0279308801966333
0.0151517388280156
0.0571619402414995
0.0949983674993403
0.124304880641239
0.140425201719884
0.139331040911632
0.118655703715509
0.0788073956127262
0.0238995030689524
-0.0379494479534094
-0.0955089452557398
-0.136979835365027
-0.154053481517809
-0.146207164057892
-0.122736946611171
-0.0999276613609543
-0.0929772319621687
-0.106286273078406
-0.128399293207367
-0.136020062153481
-0.105671801001991
-0.0264010378028145
0.0933937669716422
0.2279440658219
0.343393334734006
0.410368722861379
0.414869230407944
0.362707547875365
0.275207076732746
0.178499070952682
0.0925185923094275
0.0254423631871416
-0.0246939477898918
-0.0636462720360142
-0.0941671125975349
-0.112631147857101
-0.111087059416817
-0.0837256639044931
-0.033643119833214
0.0250385703134679
0.0718263578955467
0.0888449640667971
0.0688945272668522
0.018129373383371
-0.0476087652776558
-0.110103749045536
-0.155308602737179
-0.175784942679713
-0.168878560956865
-0.133613403197998
-0.0699000172263838
0.0189995656454675
0.123418153460753
0.22734339190794
0.312714636179124
0.365506911552811
0.379901156931594
0.358564589160332
0.309773287824228
0.24363580615463
0.169409911357086
0.0945924530334181
0.0251799078694631
-0.0340479576084597
-0.0799666004975471
-0.111945838681665
-0.131887736865287
-0.142595751637795
-0.145223092924152
-0.137947777752654
-0.117471455627839
-0.0825693924525476
-0.036901575350366
0.0113643373598439
0.0530778728557331
0.0822251742963971
0.0975926505009465
0.100826898250315
0.0926547689498282
0.0706972751520233
0.0311449795822162
-0.0267802039974712
-0.0972801247820225
-0.168475978303334
-0.2268857741986
-0.263015561405311
-0.274817693942524
-0.267360002953771
-0.249103797656844
-0.226865872816038
-0.202428667090214
-0.173131291128007
-0.136317506721618
-0.0945967608313564
-0.0578562068919467
-0.0399435214672242
-0.0516100807227452
-0.0940910433294637
-0.157665659488113
-0.226469153103921
-0.286466530165173
-0.330983346709817
-0.359977404532907
-0.374425108737786
-0.371396205642524
-0.344635388790561
-0.290402397256428
-0.213649975564842
-0.12935986293688
-0.0577483664358412
-0.0164625127717551
-0.014426817398261
-0.0501167423836732
-0.113800199662118
-0.191274345671479
-0.266910780322285
-0.325537791204335
-0.354045218687202
-0.34345128270054
-0.290980792394549
-0.201000035824621
-0.0842729268022273
0.0439290191644312
0.166160092797689
0.265514163137344
0.32882476525518
0.349682163161228
0.329903555138633
0.278510227135631
0.208537278797998
0.133111468744537
0.062549698791255
0.0036806899189232
-0.0387284857508295
-0.060133146426215
-0.0561426029271971
-0.0247729203795648
0.0309836515319523
0.102853391975605
0.179462876820402
0.248747847306908
0.298831717347875
0.318279223743589
0.297932266470828
0.234997428966138
0.137525643629609
0.0260780086558927
-0.0701358384183
-0.122948281884201
-0.117218687312985
-0.0587312876218474
0.0272053337680699
0.106459226213047
0.150491131691996
0.146852781332985
0.100749842821478
0.0281301619439085
-0.0543315048221809
-0.135935712727403
-0.212435641456401
-0.282298216452344
-0.34283812331126
-0.388610329500786
-0.411920343909165
-0.404693504810464
-0.361560796451251
-0.2836640744585
-0.181282569871384
-0.0730234919489287
0.018952184319114
0.0758532627859133
0.0885058161899296
0.0606926538123675
0.00852856737421512
-0.0441629187601697
-0.0735474822250357
-0.064458927206836
-0.0168825535019908
0.0529918719733072
0.118594102953871
0.153780728937043
0.14364108401545
0.0898728815644671
0.00841546300449482
-0.0783147694432677
-0.149636579109894
-0.191535873964226
-0.19794428256626
-0.170290106446278
-0.116964976362348
-0.0525694225239843
0.00438155226199732
0.0360529768749944
0.0311210279766241
-0.0107854494206016
-0.0785266985623801
-0.153283104960378
-0.214882702101209
-0.247730837877386
-0.244285166488997
-0.205584528800152
-0.139422637829622
-0.0571327880874507
0.0299743288456208
0.113448606442123
0.188846292799664
0.254677298199972
0.309623428225083
0.349696974211833
0.36749320245573
0.354607479870808
0.306095596711026
0.224282762326039
0.119596666957793
0.00799129054094656
-0.0936310981583413
-0.171931754402574
-0.219989699140434
-0.237823256818995
-0.230731794571778
-0.206278533385734
-0.171272792037435
-0.130215477257698
-0.0859094196357464
-0.0414830666810738
-0.00198032051770414
0.0260334575843598
0.0368551266676976
0.0285624963653974
0.00482167631157107
-0.0251469120701561
-0.0482952497226355
-0.0508152781163164
-0.0221620181471727
0.0407623262277635
0.130452195724521
0.227792024931448
0.304260030481876
0.328505126845456
0.277344842761622
0.148017634651157
-0.0346089667466719
-0.221718511487194
-0.356109454451134
-0.394017648982933
-0.323007473381206
-0.166485747574399
0.0277254357142523
0.208074150572788
0.337688328171084
0.402136438616303
0.406070233192862
0.36431921918585
0.293622497558566
0.207987818074599
0.117385614509267
0.0282375808460162
-0.0554409640420458
-0.130725973109786
-0.194622494806009
-0.243511667427766
-0.273546431577489
-0.28184093830234
-0.267796585448244
-0.233818601869605
-0.185037779568881
-0.128139954313858
-0.0697143472984317
-0.0146288941651087
0.0350496624616998
0.0801411735559882
0.123249898657076
0.166694868709027
0.210056747593744
0.248211938962811
0.271082503809618
0.266395333991488
0.225552859925075
0.150184531970913
0.0550512341552475
-0.0358110956632785
-0.0985741805988861
-0.119535018257047
-0.09981642838377
-0.0526820197602559
0.00409935734473154
0.0559752024086283
0.0954985777566907
0.121531937158151
0.135785774779232
0.139639691104457
0.132940948860391
0.114436270140815
0.0825911479170413
0.0363034196407683
-0.024094452659805
-0.0955704223623574
-0.171794148566351
-0.243750696334582
-0.30084721054974
-0.331900950492517
-0.327123319760019
-0.28256036995552
-0.205488642994562
-0.115963082858358
-0.0408234534664118
-0.00213564136010217
-0.00701158173089661
-0.0452022888233989
-0.095417930853778
-0.135829240535073
-0.152673651976447
-0.143385709983048
-0.114395022114416
-0.0761517445918957
-0.0383761478259761
-0.00751357502746103
0.0133129521955858
0.0230102181802329
0.0214070996730693
0.00912814882987836
-0.0116567245049412
-0.0360898593116454
-0.0558006188995565
-0.0596571402407333
-0.0373785664367243
0.0145336695580319
0.0879028803389396
0.163009279511845
0.214620009687364
0.220711116782209
0.169550099078141
0.0628784031266594
-0.0846488277747674
-0.248544193060852
-0.398768510054734
-0.50453351359672
-0.540169692495377
-0.492535213063524
-0.367707171488631
-0.192055484916179
-0.00462994704482119
0.156368066693939
0.265958512428815
0.317694314786118
0.320866516025392
0.292731386923674
0.250094573172875
0.203539192696604
0.155836257834881
0.104342902999001
0.0456129403571114
-0.0204815188348309
-0.0893223203922529
-0.153164220530965
-0.204262631804066
-0.237483995503295
-0.251414586347572
-0.248315038653647
-0.233641412915366
-0.215266066049597
-0.20203246882449
-0.201606413820178
-0.218271318578354
-0.251388913173904
-0.294665706942776
-0.336150915080351
-0.359560771374518
-0.347990626227157
-0.289995951524837
-0.185929978964893
-0.0512818795887836
0.0854674904716305
0.190871568241955
0.238185172327897
0.217993627621438
0.142536133274453
0.0410976155090254
-0.0514539988781569
-0.107461745081397
-0.115199827252284
-0.0809818169520303
-0.0250640403726469
0.02675316133561
0.0531776934707021
0.0455923123196321
0.0106899091774913
-0.0338679085428826
-0.0683609813473177
-0.0794893856515308
-0.0642371170925779
-0.0282834715264453
0.01876420782048
0.0680755965476251
0.114052281204233
0.154185077783708
0.187460459638907
0.212918735513995
0.229193337517639
0.234521248983195
0.226222732695665
0.199811554575591
0.149530869692444
0.0718983633119917
-0.0288472943117858
-0.137332976527904
-0.229501554183315
-0.281185471450128
-0.278603579020164
-0.22469069358675
-0.137441083595013
-0.041376373065266
0.0426707070585551
0.10383174807633
0.141142654267319
0.159079075998961
0.162900700938541
0.156860694520395
0.145130814462079
0.132964660322763
0.125967924618089
0.12758433853962
0.136784761907993
0.147914187166182
0.152993168908025
0.145047521314252
0.120586721852966
0.0802245457993844
0.0277376336250489
-0.0312742570375971
-0.0900069370021894
-0.140305029138464
-0.173056825377653
-0.180452099739994
-0.159478937460775
-0.114010301014201
-0.0532836117038904
0.0125264950299831
0.0764141880064096
0.135424119639607
0.188256782982605
0.232294128896445
0.262940103128578
0.275746735596021
0.269113126556766
0.244949725046747
0.206862025981306
0.157886554271485
0.100120696587131
0.0365232805502374
-0.0270612267591028
-0.0818401252056321
-0.118506428090406
-0.130900730660655
-0.11895103434568
-0.0893657092274613
-0.0535483255238869
-0.0234180629473011
-0.0069216509975995
-0.00537850992273614
-0.013912436186142
-0.0244831688862439
-0.029622878797914
-0.0248892898761329
-0.00929592933483421
0.0153645673462528
0.044745148304864
0.0713580634848646
0.0848129599518265
0.0748207830138606
0.0364869911819395
-0.0254266372215081
-0.0966496171049736
-0.158386855563435
-0.194429317677544
-0.196781153742856
-0.167497762158276
-0.116490533645476
-0.0566761002394829
0.0013839866876533
0.0531852974304118
0.100721985229773
0.149298266812675
0.202195024713954
0.256293223707656
0.301643387440203
0.325507240132396
0.318197616595705
0.276981681912026
0.2064196231272
0.11646043143096
0.020375254876175
-0.0669685651506611
-0.131397653647813
-0.162652213689891
-0.157320858807873
-0.119825080729965
-0.0611440808985882
0.00357794109747639
0.0577279483852595
0.0867544832336972
0.0828437293934961
0.0488119315953167
-0.00202461779524714
-0.0511273376261097
-0.0823932474133531
-0.0877073411465646
-0.0679115471174051
-0.0301492918292579
0.0157645053811195
0.0601425767794608
0.0952275691719626
0.116410658153387
0.122788296961558
0.116695017562113
0.102357881624616
0.0843712515462329
0.0665533903083903
0.0512526240008679
0.0390124992573115
0.0286687457610496
0.0179559340930029
0.00444141115645281
-0.0136473861484635
-0.0372094719844654
-0.066932288694127
-0.104276092810527
-0.151241250809783
-0.207685402123585
-0.267356787472808
-0.316350320713545
-0.337097146380841
-0.316827714678386
-0.255344521519658
-0.166793445017179
-0.0740283167899218
0.00116859978336
0.0466126738753042
0.0629334586930667
0.0608169918159922
0.0546433899171568
0.0559168544854085
0.0689979506415584
0.0901302269561708
0.109642630635827
0.116496654955233
0.103548914844749
0.0712028611514338
0.0275051052940942
-0.015383966752331
-0.0462325018847633
-0.0584748396414903
-0.051122879748859
-0.0274498841745819
0.00671916280554956
0.0438209022442473
0.0748782239839453
0.0908054943108992
0.0853048572632998
0.0579820409917423
0.0153880569062535
-0.0310965668623848
-0.06946689901229
-0.0911442240532126
-0.0930832841182753
-0.0774609853671291
-0.0496133420338036
-0.0154064219359167
0.020782206434213
0.0566121696225021
0.0905805503339124
0.119715753221616
0.137853957982325
0.13651584234416
0.109044265336744
0.0559513080030419
-0.0124108442448912
-0.0784885002725511
-0.124373107600894
-0.138790133746182
-0.120475442421762
-0.0770562283707283
-0.0212594143364219
0.0330727849289657
0.0738463180441559
0.0926248104838577
0.0862115159367845
0.0577672244280084
0.0163580154077992
-0.0260146623835866
-0.0592198414511998
-0.0790573497608619
-0.0876942523497357
-0.0897783860896235
-0.0869279404072094
-0.075080345556336
-0.0473040135586719
-0.000245146424768416
0.0607848497269046
0.122113960957956
0.167378819455014
0.184960772819491
0.17292770679718
0.139118932268434
0.0967620187897379
0.0581930095710026
0.0300231358967498
0.0120693319703858
1.34119189123907e-05
-0.0103670366676375
-0.0199031749708029
-0.0249394566587536
-0.0185673056626327
0.00595396550828942
0.050390534335974
0.107878993676211
0.163715697612621
0.201445393229462
0.210969570280997
0.193590430575993
0.161145175009924
0.130351386725373
0.115863053708317
0.125214277991205
0.157020719431608
0.202216436669044
0.247389111038175
0.279003067129759
0.287039214306922
0.266745127878898
0.218324628217659
0.145844212518652
0.0568060309129481
-0.0376985975546409
-0.123854368357843
-0.188152887625341
-0.221651861096627
-0.223011741065299
-0.198380725702428
-0.158157867701838
-0.11245874948029
-0.0676385589996963
-0.025372241221039
0.0158029358216765
0.0578609564947676
0.101108117427192
0.143128027004464
0.178663714934999
0.200185870440472
0.199362939720177
0.169691159500691
0.109709843590154
0.0252163112728683
-0.0710917586160728
-0.162738163644671
-0.233895313036703
-0.273185302521549
-0.275855012760165
-0.244555713731505
-0.189342976012856
-0.126846780308916
-0.0776231309925341
-0.0608201543475289
-0.0872228556436773
-0.154194634031467
-0.246206805042184
-0.341338123156084
-0.419834173141921
-0.469545212994617
-0.486029028105575
-0.469414588819135
-0.421844006582725
-0.347408633224729
-0.253450515475702
-0.150961717774902
-0.0531074430353207
0.0273755275463383
0.0808057340841523
0.102760732242519
0.0955723899025314
0.0682933477289678
0.0343418670450319
0.00726140915623964
-0.00360862192347883
0.00438745584316526
0.0274498457516343
0.0578218338883396
0.087323543075692
0.110438126079518
0.125707959733975
0.134990629546998
0.141253305003536
0.146343055674448
0.149937367342574
0.149880388775622
0.143318525313549
0.128122260206393
0.104541787683956
0.0768571312308129
0.0538764639118227
0.0468671869423156
0.0649925428095045
0.110572373574448
0.177137147804672
0.251426690768681
0.317920955188802
0.363371427268096
0.379479609250194
0.363264846053281
0.315962358191512
0.242083075618757
0.149803949589076
0.0519345245266559
-0.0349328069318817
-0.0945682164794157
-0.116980277829886
-0.102427498863394
-0.061087194245192
-0.0089039309577472
0.0377737654086578
0.066293140786662
0.0695736874995808
0.0461720377787325
-0.000619673579171377
-0.0640722605431002
-0.135499385578651
-0.20582153343154
-0.267089798703113
-0.313776674590206
-0.343500675674612
-0.356759963970644
-0.355558379728252
-0.341595774583345
-0.315317550631244
-0.276696363689981
-0.227196435337812
-0.171207497757722
-0.115526072471251
-0.0669712201410553
-0.02958206057271
-0.00303289422153099
0.0169494343441474
0.0364750854313234
0.0607129525237781
0.0916588902892377
0.127402270167609
0.163174752743025
0.193538691810281
0.21440820365165
0.223827034563199
0.221500556275798
0.208023834227957
0.184679651922845
0.153851273748682
0.119484117008384
0.0870850813824231
0.0630771216045503
0.0535187922160895
0.0623176167059226
0.089281278334387
0.128604927781557
0.168580493138511
0.193349097630097
0.187103121637588
0.139992147775608
0.0535134168825962
-0.0575068312378119
-0.168248951644457
-0.251990235292026
-0.289662567864712
-0.276386513708935
-0.221967621366917
-0.145712838818593
-0.0687559696072918
-0.00750313357002064
0.0298076736733933
0.0433168937756263
0.0393791860668914
0.0271127797948371
0.014829102179991
0.00750563706715774
0.00607177380058807
0.00846481802307847
0.0116215166059866
0.0132919874086787
0.012896095745858
0.0112777998432205
0.00975731062218786
0.00912237817100825
0.00911933289784732
0.00867601471690374
0.00666218859401919
0.00270208871202305
-0.00240786407669104
-0.00679990647748613
-0.00797007729737488
-0.0033540236658546
0.00890452515784449
0.028784548708768
0.0528425666320804
0.072962893899973
0.0768402777193843
0.0516983368121994
-0.00895546285673968
-0.0988666117918966
-0.197884268533085
-0.27858185153986
-0.317541444836985
-0.304555594422388
-0.244646652565087
-0.153084439441896
-0.0478868117485286
0.0554826082185565
0.145619643406672
0.214465153995419
0.256634732489479
0.269570350834599
0.253813269711708
0.212631667034642
0.151125423518821
0.0755577132284689
-0.00659342212925608
-0.086229647606678
-0.152894849128625
-0.196457412850126
-0.209832703856522
-0.191358443338627
-0.145514431910943
-0.0817065660600543
-0.011776711910824
0.0529337415675573
0.104402022569247
0.140027924738859
0.163073040830145
0.180615249471295
0.199422313369128
0.221802736565991
0.243980827596336
0.258038696946456
0.256053887549662
0.233776855445351
0.191988342412549
0.135584224999773
0.071688672337709
0.00787184408662139
-0.049374955927398
-0.0960285656408259
-0.131300136855376
-0.156958980835002
-0.175247608901124
-0.186725526465809
-0.189639947648424
-0.181236135432221
-0.159853303487816
-0.126086927669831
-0.0822733772595842
-0.0312432787915223
0.024035560728521
0.0795349428698749
0.129348715581079
0.166473661507542
0.184961886580796
0.181852079554213
0.157845096785139
0.117164444167212
0.0674440210884046
0.0194535938498644
-0.0144826149692642
-0.0239664516445808
-0.00470892505933626
0.0390745265754296
0.0958724421655326
0.151229546844678
0.192866280614942
0.214178996036486
0.215245908529222
0.20187394165805
0.183530763474951
0.170615137454954
0.171331589438944
0.188737748113719
0.218952784327533
0.251618134823506
0.273138998867723
0.271801255550835
0.242239527817128
0.186658096479612
0.112480003594586
0.0287878606989876
-0.0558048613519025
-0.133434135416618
-0.196934268817127
-0.240647198365391
-0.261708819121414
-0.260696798313655
-0.24113763275974
-0.208233738343091
-0.1674045800515
-0.123069301082796
-0.078073038237999
-0.0341469727487307
0.0067289816825077
0.0410777006394097
0.0640931962379851
0.0716261797288848
0.0629743885820947
0.0427406794331397
0.0204230676594388
0.00749828287779679
0.0130186560791131
0.0397337651417504
0.0828442765030334
0.132204336597289
0.176684413540284
0.208099967008838
0.22274645109678
0.220560068526479
0.203494390343318
0.174681333446882
0.138657030374587
0.101674141069967
0.0709418690019409
0.0525550328556949
0.049051253835652
0.0580499639166143
0.0729305089164132
0.0853424538391006
0.0882766941953343
0.078180208211399
0.0553136312150115
0.0226440765475189
-0.0157649833191885
-0.055989001651212
-0.0947870191295695
-0.129672358285531
-0.158859645423469
-0.181183526166561
-0.195889834770752
-0.202472697394921
-0.201108096965437
-0.193836691999907
-0.185475184125395
-0.182693692535258
-0.190934989120443
-0.210953438532002
-0.237535964195376
-0.261494643627454
-0.273593649364309
-0.267820439207647
-0.242306456048279
-0.198295146712722
-0.138882268207376
-0.0687275289882401
0.00561156655741938
0.0759337305553943
0.133904224300108
0.173300437976201
0.191753342383025
0.190951015127271
0.175157271474568
0.148937230402857
0.11556059549208
0.0771746444050034
0.0365776949207498
-0.000873341862008943
-0.0270177375317669
-0.033164657532235
-0.0141041448118714
0.0282498292316759
0.0837812994103548
0.13652851817619
0.169522941431302
0.170171596939051
0.134444464132052
0.0687276427455133
-0.011390331384564
-0.085539485382847
-0.135176435945672
-0.150168577913509
-0.132755107668069
-0.0969533467341248
-0.0631010817516745
-0.0495295177293382
-0.0652682517160075
-0.107509472987008
-0.164817076886705
-0.223563697673174
-0.273461389862096
-0.309388879274604
-0.329720739185661
-0.333665496373967
-0.320153740806517
-0.288856128339926
-0.241754004842869
-0.183248866653424
-0.118460309764253
-0.0514187813253877
0.0149678717696301
0.0773332756033185
0.130798065127648
0.17014867968013
0.192509233153432
0.199049804440768
0.194151409658914
0.182871685731683
0.168932369012237
0.154507234365352
0.141067083083451
0.129673194453206
0.120186177528539
0.11046788238207
0.0969340820885829
0.0765576853155766
0.0491072668636142
0.0183155637083136
-0.0084620742614278
-0.0218479841587697
-0.0129721239806693
0.023435194652056
0.0862270175908657
0.16662091873637
0.249634456364029
0.318101346390172
0.357841705688767
0.361830340278014
0.331595732954067
0.275429199159967
0.204534231678089
0.129131689456461
0.0563158165663661
-0.009698334813531
-0.0657279902455155
-0.107826732663427
-0.130926015069953
-0.130189110313585
-0.103346520208981
-0.0530183351839837
0.0118446314203318
0.0763375720821366
0.122640062926095
0.135441174963102
0.107638625406904
0.0433682909907081
-0.0432552030551181
-0.132820737734559
-0.20627340177343
-0.249333533148855
-0.254821721357693
-0.22322680156589
-0.162213831220648
-0.0853523926889812
-0.00978018961342496
0.0474645400694692
0.0739417955875353
0.0657321914875524
0.0291265782864984
-0.020875734678172
-0.0649665632319445
-0.0854115212853345
-0.0714731629750034
-0.0225843585681668
0.0517450157912556
0.135081608933098
0.208939808973994
0.257658924531157
0.272029540396562
0.251036351756324
0.201440679403736
0.135300085967181
0.0662084102385448
0.00564117995415562
-0.0393182693259354
-0.0664202182389111
-0.0773111229271571
-0.0760912428363753
-0.0680808444593294
-0.0589752752620761
-0.0540128635581089
-0.0567144616420424
-0.0675025340694736
-0.0834746539237223
-0.100402429938611
-0.116101481863946
-0.13232063651034
-0.152766170625641
-0.178108275508898
-0.201931568768361
-0.211468241916928
-0.193540374602138
-0.1422686628686
-0.063685219853525
0.0257269138476301
0.105777845505857
0.160747473460244
0.184728010942405
0.182017114674293
0.1633743712505
0.140755450381305
0.123095088533549
0.114405549487878
0.114027262319302
0.118118867035421
0.1214735656523
0.119102672335803
0.107411365833899
0.0850824189337993
0.0538049460079741
0.0185927187709035
-0.0129990000716605
-0.0331696182701871
-0.0369655446173774
-0.0244664278745465
-0.000638287704359044
0.027117566352413
0.0522729462883223
0.0715732350614058
0.0855203110582243
0.0969813642181054
0.108715275004681
0.120984581261761
0.130481291133995
0.131372289593817
0.118284028365383
0.089920021546108
0.0514217673097703
0.0138829282620549
-0.00948450410722233
-0.00936950781686078
0.014288096899864
0.0509040146729276
0.0831631283041194
0.0942312236626711
0.0742856968830948
0.0234590134193756
-0.049078023106042
-0.128528050480047
-0.19892598602482
-0.247441880232339
-0.267293731065003
-0.258403338080087
-0.226062723979289
-0.178883777659757
-0.127100136406056
-0.0811280569067906
-0.0496109544668562
-0.0368755805421958
-0.0410302695771849
-0.0543020624650866
-0.0661467716828511
-0.0680551894664546
-0.0579158975730645
-0.0417571143171964
-0.0316586761543805
-0.0403316297921584
-0.0746988758955571
-0.131762555187908
-0.199153485886749
-0.260132746086809
-0.300133144948252
-0.311268856740752
-0.293081054532193
-0.250435829673172
-0.190758272134436
-0.122096990526179
-0.0521634820375157
0.0121102189505884
0.0648009690019055
0.101241715782888
0.118643451323144
0.117115648352406
0.100264454481724
0.0742596151806772
0.0453220503071824
0.0171611406923934
-0.0097360522622881
-0.0364835086980821
-0.0632851047907701
-0.0881032268164706
-0.107436466813016
-0.118372700939717
-0.120214857112482
-0.114565427312156
-0.104122600442221
-0.0913823124262029
-0.0782488584473258
-0.066548787122569
-0.0585890098201268
-0.0569015866107268
-0.0630357803234522
-0.0760281831156685
-0.0915236165259856
-0.102374306906691
-0.100973600764113
-0.0826388388850146
-0.0484229102207325
-0.00559087231463178
0.0348745416335467
0.062599278990436
0.0717716300574438
0.0629145683997722
0.0419986211029703
0.0176488772521002
-0.00219362994582616
-0.0127864907289589
-0.0133868188575019
-0.00629563210790221
0.00504903938002938
0.0177736965929148
0.0302575947319417
0.0417483270088484
0.0514525070758304
0.0577934653368037
0.0583063611162833
0.0503152053031481
0.0321928308739819
0.00463477139217173
-0.0288090861528739
-0.0623877455108147
-0.0897044192365636
-0.105352974426748
-0.105958812182031
-0.0905705921098164
-0.0607486435644845
-0.0204743479406864
0.0244457170296567
0.0677608514929737
0.10453572842967
0.132249325506169
0.150406597211991
0.158905323610404
0.156485828354441
0.140723597220556
0.109953679341728
0.0659622752627854
0.0153919884136755
-0.0316897032971329
-0.065888699344035
-0.0831396638803452
-0.0869738150027583
-0.0865736449931091
-0.09142894380556
-0.105789712276436
-0.126354481158686
-0.144453783029556
-0.151067184112365
-0.141509585963818
-0.11736073721058
-0.085240231500041
-0.0537288310891853
-0.0301966812869584
-0.0187461488218623
-0.0196576528839459
-0.0301310747116251
-0.0457906183806282
-0.0622815583981626
-0.0763517276290187
-0.0861135837005362
-0.090607284642084
-0.0890959186404638
-0.0805674007055808
-0.0637532088978158
-0.0377640048925759
-0.0032083514866207
0.0367119292872133
0.0760271682220361
0.107515144008959
0.125654642045848
0.129431511611419
0.123041859652507
0.113761155447381
0.108196014846479
0.109229333725277
0.115422952071183
0.122994780197681
0.128918163362466
0.133131120866745
0.138550397350181
0.14906667237651
0.166925745247196
0.191013561416036
0.216655442390311
0.236610600890254
0.242811006803267
0.228766389340748
0.192440622036345
0.138459235182989
0.077744592123283
0.0235308074187613
-0.0147278397279313
-0.0357671094757058
-0.0459666772025154
-0.0541008188860236
-0.0652856734881387
-0.0784428427025825
-0.0884994852794897
-0.0909015265263324
-0.0848671868987379
-0.0734839439379786
-0.0612682424117107
-0.0511978199872471
-0.0430478547625306
-0.0338185208728412
-0.0198784920463337
0.000442807644806154
0.0253464705886684
0.0500073284347935
0.068574447033479
0.0764782032745058
0.0720104608089574
0.0569344748158074
0.0362406349722493
0.0169359753836287
0.00574902704289114
0.00634241178674261
0.0174226053738862
0.0330293084516287
0.0451321764796767
0.0472928028650701
0.037521887606047
0.0189300869395161
-0.0019975383050977
-0.018434025898452
-0.0259989363485857
-0.0242410723277404
-0.0166037103980677
-0.00906909565373973
-0.00766506933304658
-0.0153606846669328
-0.0297888220575545
-0.0436207312956074
-0.0481569764747158
-0.0383816438407793
-0.0163669836591545
0.00916594944999957
0.0268618424527368
0.0280053023497476
0.0104435426407699
-0.020269886681177
-0.0525507967788232
-0.0726152009381163
-0.0695218909335649
-0.0399310858108561
0.00956176486118327
0.0642496020242538
0.107017361909887
0.125260613083002
0.11556552290151
0.0841560382288369
0.0435431000389204
0.00742654136105859
-0.0139639126786649
-0.0166505524832967
-0.00319926329393179
0.0193870478983697
0.0432920434265804
0.0634016004592058
0.0789956960603966
0.0928284786983602
0.10827614419504
0.12631168200386
0.144170181406824
0.156645716128599
0.159365523841586
0.151983821701815
0.139098299670877
0.128076019655453
0.124913895337422
0.13049091967345
0.139480633816737
0.14281089792076
0.132469159880943
0.105918897091128
0.0676321574262633
0.0271256856749766
-0.00508269435745766
-0.0213828976594842
-0.0192115410531299
-0.000987044917072847
0.0275484867334116
0.0594834519600564
0.0884309578713772
0.109380679933878
0.118925895685542
0.115310984279162
0.0985266174547504
0.0703274662005054
0.0339263373638459
-0.0066970657727682
-0.0476517198374557
-0.08579550317917
-0.118949598394356
-0.145699029014659
-0.165064498717603
-0.176356769712126
-0.179298040297286
-0.174227062018195
-0.162169446878148
-0.144773580824568
-0.124289807993092
-0.103643328619487
-0.0863523417113932
-0.075971412317292
-0.0750647931391166
-0.0841460025290834
-0.101140761599161
-0.121653354832908
-0.139934274793355
-0.15027304294261
-0.148568701588351
-0.133788737803521
-0.108793656291295
-0.0798984732683152
-0.0549875673577686
-0.0408623373224763
-0.0410532317856868
-0.0550377253461696
-0.0789443665496105
-0.107109757174806
-0.133716740312625
-0.154057182512221
-0.165328636793074
-0.166981543582796
-0.160522760872328
-0.148689196517423
-0.134235939935516
-0.11895796554662
-0.103501114750989
-0.0879622865541387
-0.0727327975078745
-0.0589826114221263
-0.0485512633932586
-0.04337352282003
-0.0446852903272596
-0.0522566570981013
-0.0639507333336053
-0.0759482396378226
-0.0838578383001085
-0.0845960323059803
-0.0783805586442801
-0.0696131675947812
-0.0654334891333591
-0.0719475829954984
-0.0901057384984039
-0.114121062921478
-0.133852360338245
-0.139723558766357
-0.127054936193295
-0.0975046717990568
-0.0575788258953404
-0.0157846197921337
0.0199772211996687
0.0441104760995113
0.0541886808237233
0.0511650025865607
0.0388670491056446
0.0226670087651568
0.00756299544047748
-0.0036136521811864
-0.011018616131025
-0.0172469774114683
-0.0257871967126185
-0.0393666610600064
-0.0589909342397435
-0.0839056958001363
-0.112119149454308
-0.140916490707605
-0.167038323149907
-0.186648221063551
-0.195546254680775
-0.190028354908629
-0.16832891767423
-0.13203117426813
-0.0865920482168947
-0.0403715935957767
-0.0022006175581284
0.0216497970309498
0.0296488844254983
0.0251179799742108
0.014218626353396
0.00310822362119534
-0.004024413237616
-0.00519768417282176
0.000345160300326166
0.0131453806244753
0.0337017387052402
0.0617433102344714
0.0951734405858284
0.129526082572061
0.15862923358763
0.176507396226597
0.179617507752298
0.168050682121325
0.144924755988238
0.114484026656657
0.0803269120104892
0.0449193511605464
0.0103875050396955
-0.0204686247654772
-0.0441103667253401
-0.0574644435221371
-0.0596015619353353
-0.0525994681066486
-0.0408581405659163
-0.0293028305624691
-0.0216575573801655
-0.0196740516478656
-0.023287385802541
-0.0310780477343994
-0.0405702817178407
-0.0484165524765697
-0.0508313604380635
-0.0445284006540559
-0.0280410418647053
-0.00291871038366215
0.0259093911126085
0.0511714793221219
0.0657259004283441
0.0657275370884381
0.0530586552090756
0.0354440264638658
0.02349707615076
0.0257055903064164
0.0440212749913652
0.07276272116928
0.10156742794819
0.120551418702338
0.124633935800282
0.114879031577706
0.0967666622409741
0.0770055180903317
0.0608622920124695
0.0510647392449364
0.0480361376415683
0.050556525808687
0.0562455337653487
0.0619477568477764
0.0643666496268131
0.0609563551139197
0.0506896500296722
0.0343822763572713
0.0145921095599789
-0.00479203323569127
-0.0193437500916256
-0.0253328801473565
-0.0210395555427712
-0.00744328054083567
0.0121602762137282
0.0333691132171793
0.0520117169959996
0.0650518907791933
0.0709280004230211
0.0694363579268289
0.0612962257973165
0.0476142665594503
0.0296061088912453
0.00880690167253313
-0.0124980215350779
-0.0313363593835765
-0.0451340027013605
-0.053461415939802
-0.0591540768525148
-0.0675027198218513
-0.0834099210546693
-0.107984742735533
-0.136710151268156
-0.160596816899263
-0.170185923517209
-0.160640350503905
-0.135139795408565
-0.104239778417114
-0.0811320294130393
-0.0755175279349266
-0.089745716380327
-0.119109735049706
-0.155317192985661
-0.190508441382746
-0.219603989616595
-0.240305114881135
-0.251464506102767
-0.251231032981419
-0.236351302102688
-0.203312360498472
-0.150821968835946
-0.0821119696931222
-0.00550050269854613
0.0673494877173567
0.12476329249274
0.158580176663761
0.166557157769028
0.152850121333544
0.126440578625809
0.0980886844122995
0.0769234977919454
0.0678534341954107
0.070595843338218
0.0805444717963306
0.0911113080620208
0.0966717498658935
0.0949734948635546
0.0880465365121236
0.0812391796587522
0.0807056991318212
0.0902435709526843
0.108776461070474
0.12985323237034
0.14387584184301
0.142303577707526
0.121676113694842
0.085179289849925
0.0408954009925929
-0.00220509255159028
-0.0383306731146642
-0.0669432927849866
-0.0919727648223141
-0.118860957125395
-0.151228334108646
-0.188951773405915
-0.228365489644195
-0.263968021447672
-0.290404014025672
-0.303853823118739
-0.302706191200591
-0.287734243747041
-0.261768632113638
-0.228577857395103
-0.190948092075389
-0.148844002807826
-0.0992267617449271
-0.0385370773086619
0.03309984204
0.108777014306548
0.17555736701008
0.219372755853398
0.2313882954717
0.212067602710283
0.170791507685436
0.121722504007355
0.0784427788085447
0.0497732618872032
0.0379098789074323
0.0389048721939267
0.0450586945675318
0.0485480180320229
0.0451542857222215
0.0364947912333553
0.0294045740031195
0.0324434047154926
0.0512392156324225
0.0851712862167668
0.127041529430145
0.165623239501332
0.189643357545751
0.191427002223639
0.168846523194198
0.12505086458571
0.0665128298639977
0.000738441048740809
-0.0650844194855808
-0.124168926429338
-0.169694560988783
-0.195018564340265
-0.195185638885859
-0.169269563600383
-0.122104131672991
-0.0639596904082414
-0.00789175953578181
0.0340215242912731
0.0537616551844567
0.0487441246790481
0.0217330409595736
-0.0199129853474325
-0.0654120119685887
-0.10258641080726
-0.1209320426964
-0.114817378258114
-0.0851804016908642
-0.038667158984894
0.0153474569886835
0.0682191455420456
0.114296506029722
0.151263248941377
0.178980698205389
0.19790555493167
0.208114187708714
0.209370613028457
0.201908343092249
0.187138809180841
0.16763247983468
0.146288617435499
0.125185275964021
0.104822059372772
0.0842216454525253
0.0618029179916566
0.0364624543010551
0.00826478674160437
-0.0214544292832481
-0.0503255624672516
-0.0752098991205525
-0.0924990910355743
-0.098743948188723
-0.0917518339382249
-0.0717603950296229
-0.0419280434789427
-0.00763122738272367
0.0252131095167103
0.0519640274223265
0.0703342493766215
0.0803651405051778
0.0836064867712341
0.0821836412657867
0.0782934937882242
0.0741654518753669
0.0720724891205639
0.0739433377700797
0.0805302476436979
0.0905879866802824
0.100681795962648
0.1059050908858
0.101253117720139
0.0831336178015358
0.0505984515019321
0.0060211015572501
-0.0450849696692812
-0.0953601504494715
-0.137818193237682
-0.168162561205605
-0.186085317887901
-0.194850985279984
-0.199372739831629
-0.203785269602232
-0.209697726026548
-0.215827822636636
-0.218968716934641
-0.215672780546535
-0.203851223911233
-0.183653716408596
-0.157371657735913
-0.128524255891068
-0.100580894904039
-0.0758830460119796
-0.0552502435686088
-0.0384608460651238
-0.0253131276291821
-0.0165435595248214
-0.0138990270035135
-0.0192335665566552
-0.0331873714084833
-0.0542294578698255
-0.0785368484575405
-0.100760005517385
-0.115460249026251
-0.118786100775451
-0.109723037363241
-0.0902762209290445
-0.0644304541457529
-0.0363998849919768
-0.00902914818808164
0.0169629034182709
0.0427033208403063
0.0701810554699985
0.101183734806964
0.13662574756138
0.176200997799637
0.217927072556825
0.257519173402792
0.288355485179428
0.30297763552059
0.296016548611582
0.266999128741855
0.221145517190392
0.167462814344421
0.115188927439086
0.0705801804986368
0.0356078766087941
0.00881390367995335
-0.0126415805715712
-0.0310811831886836
-0.0473826068958531
-0.0609991088387123
-0.0704037293320734
-0.0735334058476803
-0.068215162668797
-0.0527736052061261
-0.026854866913551
0.00780755094474262
0.0470893669753605
0.0849095322318362
0.11440913865429
0.129574181931551
0.12673792820936
0.105389884705334
0.0681023786693309
0.019884537233099
-0.0326137906881122
-0.0819643430165224
-0.121071314001982
-0.144484568845356
-0.149417127994257
-0.135907022874546
-0.106062509145604
-0.0629535123657794
-0.00994637676879102
0.0490443316584339
0.108624003533007
0.161239980073562
0.197844621285637
0.210279091944747
0.19450834895474
0.152945695764808
0.0943418919687276
0.03102170125025
-0.0252302040728897
-0.0666020475437772
-0.0904902530122944
-0.0983897671622381
-0.0935385930788784
-0.078776719426827
-0.0556088813558414
-0.0247220361412698
0.0124588163842714
0.0521595091715042
0.087826383390928
0.111622035601957
0.117365915690065
0.103293329051431
0.0729379141528955
0.0336093032123831
-0.00655379721286111
-0.0412458774862248
-0.0671306909160651
-0.0833842837834224
-0.0905457845636913
-0.0896886362581367
-0.0822777296112792
-0.0704105934938415
-0.057067969834857
-0.0462828634704156
-0.0430410437136386
-0.0522610097545007
-0.0764237693578954
-0.112837325149156
-0.152760471371262
-0.183859996070654
-0.195027135291538
-0.180765593668327
-0.142829383835918
-0.0888089025971848
-0.0290422192363097
0.0264650210175919
0.0701263504263158
0.097699111041347
0.108299357078907
0.103825906464265
0.0880779605197328
0.0658332409929651
0.0420875972042364
0.0214888859703415
0.00782775079093048
0.00344781034942437
0.00865983539374394
0.021517382193776
0.0383358817971007
0.0549670707258843
0.0683079808672781
0.0772756685157154
0.0827287200344232
0.086370250447682
0.0892018573537342
0.0903976866785639
0.0873555660181382
0.0770530492271944
0.0579566826033723
0.0312612758123544
0.000650641691665126
-0.0291852188074805
-0.0541957152758455
-0.0717256377188714
-0.0801985146830736
-0.0785300328581742
-0.0663050869470772
-0.0449486447502732
-0.0189456455930794
0.00428452044540342
0.01649097530887
0.0119497714107384
-0.00953222861476443
-0.0415262365281546
-0.0725958931343027
-0.0902537756310847
-0.0856756127294851
-0.0569894405206301
-0.00962860876326623
0.0461503305655403
0.0991175020283683
0.140531824504792
0.166080895654142
0.176031436707521
0.173951329798556
0.164627473356717
0.151851588225534
0.136800706777855
0.11776446831249
0.091626904650424
0.0566627989575074
0.0153137944102061
-0.024708156142723
-0.0521393457869976
-0.0565787634009348
-0.0337269155537878
0.0116191432417463
0.0671353525563998
0.118606443252232
0.156222626175315
0.177626473129599
0.186225686177119
0.186644019642701
0.180799472144403
0.166984935477279
0.141797192122236
0.102973373065002
0.0512215886258212
-0.0096150219512799
-0.0735403244827555
-0.133684132573868
-0.183413157287909
-0.217283653707186
-0.231962522725576
-0.227028894303446
-0.205332738767962
-0.172574342352018
-0.136001591030668
-0.102481745353543
-0.0765392253057359
-0.0591151841051956
-0.0476735672540049
-0.0377945125954029
-0.0256676577765476
-0.0102785412222223
0.00597579928197519
0.0188101594798798
0.0250925185672378
0.0256746129767954
0.0259857982327739
0.0334673034738521
0.0531186423367689
0.0841195519910595
0.119994497302127
0.152210201375149
0.174536081462915
0.185111775927088
0.185212458690596
0.176372042158235
0.158550962999326
0.130705966134422
0.0928771600926866
0.0478302896999084
0.00103183155555616
-0.0408135259180707
-0.0716521939157067
-0.0875905098141534
-0.087741803347744
-0.0743465244696999
-0.0520582110933065
-0.0264353086291532
-0.00214033488481447
0.018304625135765
0.0345954056876972
0.0476811060545581
0.0585008206137215
0.0671701862575046
0.0728762697465028
0.0742685791881082
0.0699956300911752
0.0591500749236768
0.041576155290037
0.0181668505891796
-0.008723176292099
-0.0349560721949677
-0.0550046404676662
-0.0635386614203641
-0.0577307862850722
-0.0388453231083436
-0.0118389572248375
0.0168930486754227
0.0420995465109426
0.0609897792268988
0.0728987537101914
0.0781626388663717
0.0773076232705933
0.0710044499434006
0.0605121919483417
0.0480714395441871
0.0368494297001172
0.0303268884675258
0.0313278213786958
0.0411301260155443
0.0590503991122492
0.0825347763202004
0.107493634364712
0.12879835853702
0.141279605643633
0.141483220947587
0.129600319479536
0.110190854576006
0.0906039681295542
0.0774299916520549
0.0728702352471047
0.0733718339000447
0.0717355567387173
0.0617287591825293
0.0424479576629795
0.0196119310560463
0.00278249780357809
3.79795541273763e-05
0.0132455405895431
0.0367477702899274
0.0601648266008024
0.0735157707552154
0.0716976257460925
0.056175845305491
0.0336126329686718
0.0125972770210815
-7.83719338716626e-06
-0.00186069483255825
0.00388762604330613
0.00997895039561133
0.00838426701917524
-0.00591906135757839
-0.0325089456479409
-0.0653209764855494
-0.0944201691420381
-0.108934185471546
-0.100368267459779
-0.0654769637267885
-0.00768403589440664
0.0636858867496444
0.136127712427509
0.197382472580013
0.23815418173301
0.253462121231837
0.242900635548768
0.210376992911232
0.16349694486071
0.112296769151408
0.0671099611452992
0.0359680411479705
0.0224497324552741
0.0248454911476086
0.0370037164863607
0.0506089980082678
0.0580811645843954
0.0549314505824976
0.0405897605017311
0.0175313945368708
-0.0105245143116077
-0.0402306266597873
-0.0693518555068435
-0.0966212690349069
-0.121111630881416
-0.141595128739953
-0.156277553396837
-0.163117319991102
-0.160651736661033
-0.148943269607095
-0.130141431693433
-0.108347855729469
-0.0888113765114213
-0.0766737942282854
-0.0754850829086639
-0.0857751637282008
-0.104262266741381
-0.124486719719907
-0.139273273490209
-0.144331370344797
-0.141128792545995
-0.137013103109148
-0.141998735435542
-0.163843904341228
-0.204187446613336
-0.257621115595895
-0.313598019091044
-0.359802131800745
-0.385677216912944
-0.385390047694563
-0.359651653625047
-0.315686018960788
-0.264962573848087
-0.219259541799643
-0.186550014227809
-0.16842442875226
-0.16015210061773
-0.153337385479944
-0.139937545538878
-0.115780886755579
-0.0820596260612621
-0.0443770472910625
-0.0100902214406829
0.0147365221353002
0.0275868214648338
0.0302944827640391
0.0282685375212324
0.0284512408297157
0.0366970164841533
0.055527949596278
0.0831606518418319
0.114204340424986
0.141731154766006
0.159897013208278
0.166131494480632
0.162071527635376
0.152808927083505
0.144617656429651
0.142004434594372
0.145411277793495
0.150839928976397
0.151864162159488
0.143199816890946
0.123983437902084
0.0989297029675825
0.0766265929925687
0.0656704751903102
0.0704026692424501
0.0883421123007037
0.110814507852489
0.126708428748106
0.127423282821043
0.110250905240803
0.078433192613646
0.0382852414749909
-0.00448286957968559
-0.0469138673444955
-0.0884433364948544
-0.128909687581024
-0.166770186288815
-0.198788724872863
-0.221069633003679
-0.230398607002692
-0.225007635431309
-0.204637850193062
-0.170347251786357
-0.124515542779234
-0.0710567541085655
-0.0153855161384352
0.0363531245702299
0.0787711225898025
0.108768589765164
0.126224660739381
0.133409929475167
0.133446502261283
0.128689406105848
0.119916564577942
0.106709604824588
0.0886738170992381
0.0666363682296652
0.0430289771909812
0.0212427733129674
0.00438867466948799
-0.00583430458915636
-0.00964850495566546
-0.00895122564396526
-0.00644959804510736
-0.00442910926789542
-0.00355711887071337
-0.00236525116480887
0.00194957446995179
0.0114313964243583
0.025105973158706
0.0382296837951828
0.0439318016791407
0.0364813062822163
0.0142680744490864
-0.0191736103424145
-0.0565349986360922
-0.0896659386567511
-0.112581810685432
-0.12315311382381
-0.122847288431628
-0.114981801562279
-0.102742007385022
-0.0881495972868584
-0.072279290186869
-0.0560520596972243
-0.0406794250968249
-0.0273897199938304
-0.0167931887115142
-0.0084815441137135
-0.0011595136631549
0.00679431993855681
0.0166022622364341
0.0284349774832412
0.0410459080648918
0.0519021271533015
0.0579014050985112
0.0565024127698158
0.0468324439506724
0.030251129782859
0.0100342971159394
-0.0097487528546262
-0.0256801816541335
-0.0361182256941544
-0.0415041962401377
-0.0436655558373674
-0.0443327950491202
-0.0435756729838147
-0.0391679387847534
-0.027526001600309
-0.00582197183713332
0.0260278474347022
0.0646671758032243
0.104052588086459
0.136964445898566
0.156590884878342
0.15797328420352
0.13928303757748
0.102658032063805
0.0541551535019701
0.00261825976261802
-0.0422613626516706
-0.0720808289646465
-0.0814361533589198
-0.0688439451653343
-0.036839162784656
0.00864461129258648
0.0596047991962243
0.107996168392312
0.148001727651535
0.177528713613868
0.197937315814612
0.211897359233483
0.22049738594377
0.221458175852259
0.209879422981834
0.181345467643347
0.135425401252898
0.0771759534165378
0.0157271697429192
-0.0389245429038922
-0.0789759400588802
-0.100519347219917
-0.103797350824146
-0.0924344032243744
-0.0720534038958936
-0.0486427442865657
-0.0270903252597103
-0.0102420929965299
0.00135884465484194
0.00904437337202035
0.0149471991618509
0.020515452067257
0.025277730691729
0.0267292202750515
0.0216336125137443
0.00792600387822914
-0.0141299055289062
-0.0421664282353474
-0.0727557795763789
-0.102307825754357
-0.12747960759212
-0.145465980250072
-0.154521922805967
-0.154497272995508
-0.146825135173894
-0.133740968855794
-0.117190623507277
-0.0982186450823734
-0.0772926233791104
-0.0553214670863257
-0.0346021065954549
-0.0188932140089874
-0.0122837946456985
-0.0172999304940449
-0.0333276548967424
-0.0563835600241593
-0.0804336089444315
-0.0994686349505438
-0.109203029612771
-0.10774327528751
-0.0953266885951145
-0.0736656151583013
-0.0454100539756011
-0.01393376532449
0.0167467690581744
0.042353807047824
0.059262896899501
0.0655398629523377
0.0611807348366455
0.0470137164819814
0.0229928055800652
-0.0123641440765927
-0.060200128550609
-0.118084570116015
-0.177939475110411
-0.227299755368183
-0.253647377109164
-0.249291892947858
-0.214066531174579
-0.154840469478881
-0.0828041392985124
-0.0102011759493748
0.05236872981246
0.0977670952245037
0.123242739525723
0.130336319644154
0.123664254783416
0.10892038617134
0.0909561084309832
0.0728582292945743
0.056307097430935
0.0425708112525354
0.0330764080996483
0.0290369771624128
0.0306296328465198
0.0367043104611129
0.0454544535747219
0.0554636708304444
0.0661036983939595
0.0768311823385247
0.0859567608344291
0.0900315607671488
0.0846573527611363
0.0665210093384663
0.0354971399128884
-0.00451401178341277
-0.0465551048759609
-0.0827796440515776
-0.106635702024921
-0.114254129913166
-0.105031930331697
-0.0817760517288925
-0.0504059744106993
-0.0186989241309587
0.00616742741480818
0.0203393537189972
0.0244413837396055
0.0220565712799297
0.0165304277213233
0.00859956510883054
-0.00333388798154575
-0.0207479415783924
-0.0426145322304648
-0.0651038867475405
-0.083567880255382
-0.095229096211408
-0.100650025471725
-0.103107791572005
-0.106445644655666
-0.112797947252781
-0.121417219250227
-0.128985951673116
-0.130959043875479
-0.123212333985341
-0.103556679984446
-0.072953277802055
-0.0360570785875631
-0.000339646040493975
0.0265944231922469
0.0405575161484846
0.0431425106136394
0.0412812285432417
0.0440983188122745
0.0586350017340878
0.0863492651784213
0.12183008987262
0.154366276619762
0.171926543093078
0.165975265613032
0.135038056958916
0.0854438375361631
0.0289089806494624
-0.0219896801125895
-0.0583623445353959
-0.0772940284714052
-0.0807519686669829
-0.0721803650957854
-0.0534882515186906
-0.0246258833591169
0.0143980475377646
0.0611750413447399
0.110216450140536
0.154224123995174
0.186202018701761
0.201250391800246
0.197674807665276
0.177527416508424
0.146433134491791
0.11223416606246
0.0825107554254888
0.0621566874199051
0.0525700304268481
0.0528881342918716
0.0619663405486149
0.0791696424308886
0.103192973256926
0.130052197720629
0.152380990474144
0.161309314813188
0.150169956172621
0.117793401243463
0.0694070736268701
0.0147821805401838
-0.0351522604532991
-0.0715382914609512
-0.0895470092964773
-0.0888368033582767
-0.0728528038646554
-0.0474199465673737
-0.0189835309110687
0.00713561969435597
0.0279453301028853
0.0429350472035707
0.0531170103490095
0.0595509255690247
0.062266969879241
0.0602029107602072
0.0520703479115159
0.0374394259478171
0.0172329796031117
-0.00656796842576847
-0.031308102656896
-0.0532306068835809
-0.0664230938448853
-0.0628104160025867
-0.0348715170249736
0.0194686792081477
0.0929514957909736
0.169503163010956
0.229738153878607
0.258557744489663
0.250744838980393
0.212072056444224
0.156107023076497
0.0986934994433868
0.052494025399206
0.0235049460379835
0.010535412312939
0.00743018867229821
0.00668605577242714
0.00269899163313541
-0.00657202470390254
-0.0197253941162448
-0.0332635068832291
-0.0433667271400197
-0.0473737009301961
-0.0444552257262193
-0.0353316685060916
-0.0213737123553376
-0.00375945706578182
0.0167471766020425
0.0392967303715114
0.0620913617224376
0.0817375349060795
0.0933822512781093
0.0919591212149403
0.074335910711402
0.0414612061197619
-0.000792683981017851
-0.0430233287642876
-0.0756974067171721
-0.0930010865733554
-0.0950553917225162
-0.0872280803317189
-0.0770386901586425
-0.0706372615374705
-0.0708984365961983
-0.0777745008192273
-0.0898888739366286
-0.10580265641575
-0.124220412577843
-0.143596603799029
-0.161987905895529
-0.177406587343366
-0.188183123590638
-0.192800140049982
-0.189416883565528
-0.176064090044306
-0.152180418366337
-0.120682844505253
-0.0885658600919512
-0.0647006033170394
-0.0557199310691241
-0.0625270471145545
-0.079573474032512
-0.0972298362746107
-0.105942037126886
-0.100256859524297
-0.0809806376829396
-0.0544129861395618
-0.0288771545943736
-0.0103835333726349
-5.41735991871356e-05
0.00514529046327893
0.0092201447196299
0.0140738886501998
0.0186593474649808
0.0204336668718794
0.0175378766330021
0.0100829711533913
5.09084199354179e-05
-0.00966553013329329
-0.0163542211424692
-0.0183181218175858
-0.0153640917101557
-0.00888084199933374
-0.00140356608382161
0.00425678127031896
0.0059140041588471
0.00244556681670103
-0.00635368717359736
-0.0201233972034069
-0.038000402617825
-0.0582774571024175
-0.0780165857120603
-0.0931268511899857
-0.0991827027560936
-0.0928259254823806
-0.0731902298996657
-0.042658592487518
-0.00656456093088317
0.0280167615510584
0.0539302447246309
0.0656619727349752
0.0608202260739023
0.0409412796682671
0.0111364781465277
-0.0214677736813119
-0.049854552549071
-0.0688640995789214
-0.0759709938033438
-0.0711049097394495
-0.0559107311782806
-0.0328951893771856
-0.00479446919212881
0.025673151342223
0.0557419954897297
0.0825464034096414
0.103483785490536
0.117108648933914
0.124106522756298
0.12751840206852
0.131687426188118
0.140292199175765
0.154562672775937
0.172674796922079
0.190530342797207
0.203359080647256
0.207306400878883
0.20036089793381
0.182424353374591
0.154803493178155
0.119624315197806
0.0795114093545474
0.037565807189981
-0.00250650646034229
-0.0363406100633219
-0.0592473774045464
-0.0672088805406613
-0.058428424709535
-0.0347874352740253
-0.00231655068802778
0.029910880459565
0.0523580874641757
0.0582207813633775
0.045945670577084
0.0199364772954755
-0.0109524880714924
-0.0365900896203775
-0.0491443144588166
-0.0455925490006568
-0.028153764300809
-0.00262041339333081
0.0244162390106798
0.0480163444856458
0.0659277009413523
0.0779548390537338
0.0843019085956069
0.0840840119435333
0.0750693515904345
0.0548584557385976
0.0226889026835417
-0.0193350710836369
-0.0663275572489859
-0.111943079498864
-0.150261117901253
-0.177388475032097
-0.192147161089288
-0.195682651459232
-0.190338585574564
-0.178454832264618
-0.161705931193294
-0.141219765760609
-0.118199935471927
-0.0944547119003881
-0.0723629382847021
-0.0542860914728523
-0.0418493691930798
-0.0355185363434831
-0.0345703682815694
-0.0372849399970149
-0.0412380892981327
-0.0437981066185325
-0.0429656736295244
-0.0383687834489136
-0.0318031750272867
-0.0267070473860452
-0.026584388551929
-0.0331943084567983
-0.045569075470338
-0.0603689138925817
-0.0732369805133967
-0.0803776255384121
-0.0797311989455133
-0.0714742887147711
-0.0577230600078831
-0.0413424598703841
-0.0241171982225387
-0.00526993037894811
0.0183762366351
0.0502001811920061
0.0908029048018572
0.136322538528099
0.179256408808483
0.211271164097568
0.22636317966423
0.222830245205931
0.203380833510188
0.173655932246819
0.140069134224033
0.108016202389219
0.0811571965771291
0.0618115880405797
0.051845876123039
0.0531310559439006
0.0669759155817522
0.0928069539734036
0.127130320880561
0.163753314780841
0.195359930095627
0.215632412252216
0.220925269948621
0.210971541341132
0.188661465284842
0.159202996739287
0.128966838701855
0.104178393027804
0.0894803628435034
0.0864440042100258
0.0924684197227293
0.100889091557558
0.10290351182788
0.0908850912298393
0.0615059339170323
0.0169191110672601
-0.0366153334393574
-0.0916315182638705
-0.141887754996624
-0.18281529240645
-0.210290299640688
-0.219793414364962
-0.207809571701215
-0.174865253780849
-0.127350042348854
-0.0758921963371414
-0.0310439840880618
0.000771703884577733
0.0186761026015612
0.0259759940389651
0.0275169153073397
0.0272691933027671
0.0268285968199364
0.0248908746106429
0.0177352055114518
0.000894779542542537
-0.0281214202462862
-0.0670697932977347
-0.107966640349028
-0.139298047410486
-0.151093498410741
-0.140244316515306
-0.11269992054156
-0.0809638039542503
-0.0583347337991593
-0.0531461398891155
-0.0657547953220474
-0.0892016648593282
-0.112769143784186
-0.126635626321453
-0.125491502017056
-0.109551839775145
-0.082900712161763
-0.0506503332509361
-0.0167983393503678
0.0162799510773402
0.047074066229811
0.0739254201936376
0.0945681790081177
0.106455581781776
0.107623132790978
0.0976535764598638
0.0783519790680651
0.0538388470658785
0.029863619658274
0.0123519952573492
0.00559604152804967
0.0108470734140394
0.0260111726465602
0.0466005256482821
0.0674291642933465
0.0842287545189774
0.0945430618663666
0.0977244583914647
0.0943056754953193
0.0852529459415132
0.0715236692435615
0.0540247315522897
0.0337876366952388
0.0121854983344232
-0.00884029950954147
-0.0266616895995292
-0.0383457230732017
-0.0418522201174176
-0.0376494156064047
-0.0295776132905755
-0.0238923173472055
-0.0265623793778075
-0.0401944865352748
-0.0623509514953738
-0.0862739998670966
-0.103710814934646
-0.108457905737154
-0.0989500999251755
-0.0787846528470412
-0.0551050999864236
-0.0356789058407997
-0.0259199262058851
-0.0270440694581818
-0.0361218709676549
-0.0480155712911856
-0.0582167020316653
-0.064994721045623
-0.0696106531900704
-0.0745657612219898
-0.0811605726130011
-0.0881556410915157
-0.0926074317416234
-0.0922677021124449
-0.0874477970917574
-0.0804704332611699
-0.0729965026760484
-0.0636935880933331
-0.0485671361778633
-0.0238291753479814
0.0110699310431462
0.0525617154804639
0.0945946971148746
0.131327283084795
0.159095516158618
0.176789096665948
0.18486785589886
0.183845436491556
0.17316482535757
0.151180832504208
0.116443152238879
0.0697050305064877
0.0154793612638284
-0.0379977525298176
-0.0807708188536983
-0.104413901698568
-0.10502409299483
-0.0845262215240778
-0.0497592142449815
-0.0099497829815644
0.0261735716567187
0.0524897359712192
0.0662945160047739
0.0679333051809458
0.0597692689377127
0.0450976475038147
0.0274633227521048
0.0104633392390777
-0.0023162848109338
-0.00772426455473288
-0.00397150015072196
0.00839304407937574
0.0262266115240569
0.0447305118638077
0.0593050496646831
0.067363409558554
0.0690903114495469
0.0668276779393843
0.0636694996797204
0.0621779405283386
0.0637193906854514
0.0683392787177336
0.0749102486075757
0.0814403750521725
0.0855443190795527
0.0850471458119162
0.0786326333767077
0.0663947134960961
0.0500609194606269
0.0326433959080675
0.0174978338625574
0.00714451298336919
0.00241248876295663
0.0023082757339462
0.00460274740940016
0.00676377951260435
0.0067386237576003
0.00323323114265615
-0.00453175483838166
-0.0172258179892462
-0.0354238936587057
-0.0589480027981912
-0.0859108126566171
-0.112344058284978
-0.133063848771768
-0.143526408994116
-0.141634112533068
-0.128463389552151
-0.107628661620894
-0.0837793501782349
-0.0610023547670255
-0.0417205408018967
-0.0264023830843823
-0.0141648767124911
-0.00401685721579815
0.00392503134306611
0.00803522349071404
0.00594182348044203
-0.00390495741613351
-0.0206624862299103
-0.0403538100403288
-0.0565446541916461
-0.0625030444506056
-0.0540354100904867
-0.0314850196809281
0.000354341759301918
0.0343782027275951
0.0640626484174747
0.0855400207270333
0.0980439882852329
0.102946404117786
0.102262594089536
0.0975354859972293
0.0895383388917722
0.0786165819598804
0.0651733565353195
0.0499939036207589
0.0344743177009979
0.0208207239992889
0.0118914190338765
0.0102371622702976
0.0165253143713491
0.0283754238280912
0.0406871074592772
0.0475811773076541
0.0449252978404892
0.0320293187469099
0.0116856189615445
-0.0112419452329816
-0.0317399405610767
-0.0460885595009756
-0.0523614951459164
-0.0501589051257801
-0.0400644386343269
-0.0232059671944947
-0.00103692134848563
0.0246636157123102
0.0515879029662503
0.0766497961729611
0.0960685747891355
0.106113633565331
0.10436041926689
0.0907997643427666
0.0681195941223443
0.0409767478552295
0.0146409339277227
-0.0064130302416172
-0.0195756257330321
-0.0246862890476236
-0.0240258358840373
-0.0215890398433904
-0.0217146681901394
-0.0275723210706428
-0.0402125112773724
-0.0585550360385412
-0.0800874363572602
-0.101752715626509
-0.120718373559697
-0.135050400144001
-0.144327988440965
-0.149965556202153
-0.154878873156612
-0.16241408825168
-0.174945495976456
-0.192786134136171
-0.213853208139138
-0.234133147606006
-0.248736367299282
-0.25326278191811
-0.245126118410092
-0.224366740126659
-0.193565225081395
-0.156922144330913
-0.11909166012381
-0.0844034183658696
-0.0565746092889556
-0.0384584662712506
-0.0314063041830839
-0.0344096370470181
-0.043717348364779
-0.0535396244765952
-0.0577955729220565
-0.0521671235585811
-0.0354929607914681
-0.00987763746077956
0.0204440878891758
0.0508263457525676
0.0776138320972045
0.0986309577986559
0.112817693860425
0.119587768614901
0.118521121346768
0.10966109854256
0.0942718057394036
0.0755629882075531
0.058684765381497
0.0494903046476113
0.0523181432304127
0.0679082555550331
0.0927186140949742
0.120090763256563
0.142605524508386
0.154457190010054
0.152946902783573
0.138784966585143
0.115356613824017
0.0873658540893337
0.0593668244330008
0.0346005765723894
0.0143524784033728
-0.00206958566366943
-0.0166493373447448
-0.0313616145301374
-0.0467995014355739
-0.0615728061318093
-0.072969979352925
-0.0785120475628928
-0.0774041720295234
-0.0710369441871722
-0.0623791348196766
-0.0547256403498504
-0.0504645174077018
-0.0503623077799289
-0.0535469594352823
-0.058052729837199
-0.0615974778720065
-0.0622894115845555
-0.0591898487680485
-0.0528437545889938
-0.0457265569709519
-0.0421290516407674
-0.046908986016922
-0.0632317496138352
-0.0904523836073704
-0.123591639953591
-0.154951364708144
-0.177018622227379
-0.185085186102189
-0.178410344810656
-0.159755757962713
-0.133906533819082
-0.105996537325046
-0.0802507407969758
-0.0594300199271629
-0.0449206053305394
-0.037106791835097
-0.0355783106802304
-0.0389870018772638
-0.0448113648712812
-0.0495301864538983
-0.0495214633210785
-0.04250132334562
-0.0288193252149035
-0.0117836601596718
0.00338373326031022
0.0115452169641434
0.0095675009238102
-0.00277469551836362
-0.0231625022003329
-0.047928877943289
-0.0734225855055751
-0.0970558203782696
-0.117794703596194
-0.135982522625711
-0.152550576534841
-0.167993838397223
-0.181721757832716
-0.19217783489824
-0.197545729500178
-0.196473728221936
-0.188413148198052
-0.173619227042494
-0.153077177965616
-0.128439837347856
-0.101842245588703
-0.0755345231583296
-0.0515307984848276
-0.0315019724289266
-0.0168226758193967
-0.00840713301939778
-0.00616366775065842
-0.008438311616861
-0.0121010016299912
-0.0135610568124417
-0.0102617115869248
-0.00175507825327941
0.0103182225694704
0.0233224185697701
0.0351197466547687
0.0451020291441227
0.0542459998035699
0.0642922411141763
0.0766035931879506
0.0912946110092241
0.106955545834737
0.121017281556557
0.130619760987867
0.133667102737071
0.129605170397874
0.119527412307121
0.105560317795785
0.089898336249836
0.0740635225980202
0.0587987442940078
0.0445428130693708
0.0320041305087636
0.022303952456592
0.0165416487440324
0.0150904022264876
0.0170821264037317
0.0203559093454504
0.0218981015134544
0.0186944188825553
0.00885251794768427
-0.00734192328350012
-0.0270079671882232
-0.0453771937273685
-0.0575264097667377
-0.0603014797194994
-0.0533584704971815
-0.0388133194769581
-0.0199768557069245
-0.000235800260023391
0.0172200404285812
0.0291213876896567
0.0322671695679294
0.0247098570792222
0.00744399347979885
-0.0148412206469734
-0.035116849513409
-0.0472118050193781
-0.0490404899873611
-0.043709318054715
-0.0376168742231689
-0.0365747348137168
-0.0421469348137086
-0.0502616306147673
-0.0530337024348516
-0.0431539548586265
-0.0186339455682453
0.0149600307869461
0.0465016785841111
0.0646591666273427
0.0635375644850483
0.0454042617929526
0.0191999412337781
-0.00402974954190865
-0.0162036532083768
-0.0152745854497287
-0.00507005808757716
0.00758459132541368
0.0166303545572764
0.0194072357920004
0.0170999042477798
0.013302253142521
0.0118555554219734
0.0151019160742773
0.0231469624652785
0.0341646679376671
0.0454369695692072
0.0546311154383024
0.0607266463497393
0.0641391593112445
0.0660317831054474
0.0673370026385277
0.0682238118757912
0.0684162515466955
0.0680898919881529
0.0685526975885033
0.0720147353454858
0.0804332053228889
0.094108948218599
0.110860012516393
0.126248958096639
0.134902328288504
0.132580847236222
0.118233652907467
0.0949959822867089
0.0694243614296342
0.0491984658042583
0.0403765859386512
0.0454352982809536
0.0627668839465992
0.0875462696093048
0.113388218499946
0.134147296096085
0.145385298340592
0.145183269476031
0.134102554798068
0.114400817543121
0.0890260101445422
0.060999418761644
0.033332047519202
0.00906099373595339
-0.00902980549394697
-0.0189724761307248
-0.0200845806907236
-0.0130860983285642
8.53300274429979e-05
0.0166062811023865
0.0332032722894071
0.0466986275583615
0.0545548505750698
0.0552364816934584
0.0483575142498746
0.0347519678673589
0.0165123440564059
-0.00319754826504937
-0.020743737003989
-0.0329036931855646
-0.0376291066422364
-0.0343862872755761
-0.0240785792688774
-0.00871447130453409
0.0090934676233138
0.0267778821815949
0.0424554434226762
0.0552382756610008
0.0650383584415288
0.072092789213526
0.0766801768263262
0.0792349794525679
0.0805506475727712
0.0816240609849483
0.0831421907450966
0.0851013118126494
0.0869639957388933
0.0882167282051313
0.0888378932425783
0.0893359892111505
0.0903684553506174
0.0921408908240295
0.0938583779838526
0.0936305260876468
0.0892401001870859
0.0797008490952319
0.0666996875527057
0.054671117593414
0.0490091297552445
0.0533074365427281
0.0673309970836503
0.0869644030336397
0.106079318844789
0.119126420168179
0.123004130958916
0.117398450020073
0.103797118148048
0.0841010183272054
0.0597786353929264
0.0319009977287172
0.00165749212382115
-0.0293391310338179
-0.0593241288388955
-0.087003067959375
-0.111966607586705
-0.13449934392964
-0.154860796799643
-0.17254207709736
-0.186084378343598
-0.193706524081917
-0.194413220022887
-0.188841217033954
-0.179209007438611
-0.1683587082491
-0.15855183155885
-0.150821236624867
-0.145134247847867
-0.140901892982333
-0.137217809944661
-0.132763128132268
-0.125857177905035
-0.114953519967923
-0.0992280639276217
-0.0787015384872758
-0.0538967958609844
-0.0255996291461218
0.00490177908392982
0.035421351104786
0.0629702253553496
0.0845926791749354
0.0985420882412759
0.105074173209895
0.106311348263252
0.105155935102113
0.103826623844745
0.102901926630584
0.101497579428181
0.098479413890208
0.0939015509735482
0.0896607075016204
0.0888299711603123
0.09401687698818
0.105821364511667
0.122479384038519
0.140938049042824
0.158517859662079
0.173919761116257
0.186991773482493
0.197716354547518
0.20533247509106
0.208135375329761
0.203915403262261
0.190765105104188
0.168012290522382
0.136978292267066
0.101129127878609
0.0653123031450546
0.0342605680439415
0.011046853306889
-0.00375325327122872
-0.0118585944103083
-0.0162717275802851
-0.02000817655882
-0.0250742102155351
-0.0319684691794652
-0.0397505603603467
-0.0465692627971877
-0.0504554935581122
-0.0501284878376146
-0.0455506012157691
-0.0380391748759427
-0.0299052776929075
-0.0237643153622942
-0.0217575747327576
-0.0249129035099616
-0.0328168561916409
-0.0437204985831056
-0.0551163335513921
-0.0646387772895821
-0.0709184340948299
-0.0739612695956637
-0.0748525584669201
-0.074972742413019
-0.0751769700584167
-0.0753667386649412
-0.0746396705845848
-0.0719206013861131
-0.0667672744545072
-0.0599368227375088
-0.0533508683740686
-0.0493909684147087
-0.0499006522172569
-0.0555045989582597
-0.0655835113757969
-0.0786788441805243
-0.0928378317049624
-0.10571584161096
-0.114711622655176
-0.117445159801457
-0.112481765783379
-0.0998574725666873
-0.0810444509787031
-0.0584035580263829
-0.0345142635915535
-0.0117656736284296
0.00771261073239743
0.0219926510484221
0.0294150428473901
0.0288826426632179
0.0203368751261352
0.00524772393291278
-0.0132251770918683
-0.0308089756546234
-0.0435089848322262
-0.0492491889483559
-0.0488112313661613
-0.0454455585675473
-0.0433485332207601
-0.0458573248906432
-0.0542524539806864
-0.0675590942711823
-0.083153794699773
-0.0977092509375755
-0.108077653711915
-0.111878945538034
-0.107687918917714
-0.0949046008809819
-0.0736415142004222
-0.0449597219725904
-0.0113464490413895
0.023170124066077
0.0538261361437365
0.0767302175214355
0.0904289343178262
0.0964433374433792
0.098378603603486
0.100095343203994
0.103967742338509
0.110078734977023
0.116532305652088
0.120470806400091
0.11924935891595
0.11142275739761
0.0973781385943441
0.0794442182446121
0.0613045347785602
0.0467609600070777
0.0382950287856316
0.0361518130695542
0.0385062306471519
0.0426514315728504
0.0464853738604772
0.0493999863314627
0.0521309691825455
0.0558051498009187
0.0608364616653281
0.0663236099304278
0.0703266006264498
0.0709794686238723
0.0679197106680167
0.0631725716199685
0.0607251665551488
0.0647114436732253
0.0770874507694171
0.0961899295730947
0.117116719927092
0.133711057192149
0.14097548957456
0.136680060114926
0.12164378365536
0.0989706280627204
0.0728654181147655
0.0475198931735758
0.0262540630971561
0.0108905990548568
0.00131525849840481
-0.00469679981178481
-0.0111460419139069
-0.0227352932062097
-0.0431757626320721
-0.0735061639319858
-0.111279142444365
-0.151094753901515
-0.186232189900992
-0.210597094720743
-0.220190990973283
-0.21372910001122
-0.192543785127811
-0.160166702243792
-0.121846221359874
-0.0839250155967239
-0.0528487669003721
-0.0337919602350068
-0.0293014155591663
-0.0385973148369969
-0.0579719765702989
-0.0821752689996363
-0.106159315745509
-0.126428606430848
-0.141537399172624
-0.151740663284464
-0.158151855815844
-0.161863116489632
-0.163379016145255
-0.162506408995263
-0.15862253490146
-0.151092282949571
-0.139592347588284
-0.124226789750222
-0.105485669483252
-0.0841755976118173
-0.0613953653302771
-0.0385214614626574
-0.0171311975709183
0.00112759383162215
0.0146108193812972
0.0216367716928005
0.0204862532362246
0.00973395867217876
-0.0109994213543138
-0.0401938597543578
-0.0740227792984903
-0.106798042586011
-0.132289762989007
-0.145493377279719
-0.144085102088313
-0.128885141115867
-0.10321771761318
-0.0716771858297536
-0.0389501609377077
-0.0090369091023688
0.0151030778104754
0.0315875010119125
0.0394984924144932
0.0388198601605858
0.030516223608959
0.0166382477692929
0.000228497668392606
-0.0151086032702216
-0.0259072003152373
-0.0295804555387533
-0.0249590402491961
-0.0125304142051204
0.00557926809571685
0.0258664926514099
0.0440448638458969
0.0560031483393644
0.0589176696217619
0.0521398628201259
0.0375350158002782
0.0191252673107886
0.00207045557412414
-0.00876736402387043
-0.0101958136928346
-0.00145747071282389
0.0158781852960326
0.0386863300526376
0.0632132442180618
0.0857597349816419
0.103089018608913
0.112791577196999
0.11380039546593
0.106970834018883
0.0953338782673288
0.0835461732312053
0.0763726405493977
0.0766735598270648
0.0839110148914245
0.0941379653364319
0.101669982883293
0.10163327330977
0.0920513527374663
0.0744503979457007
0.0528615622676953
0.0319336406973102
0.015158552694021
0.00393021021059611
-0.00238812971903613
-0.00568645808993954
-0.00813652957756217
-0.0114774966349378
-0.0167519593668699
-0.0243957853457338
-0.0344178558790657
-0.0464339625062147
-0.0595113997221499
-0.0720104590501696
-0.0816933117276719
-0.0862020393509312
-0.083700962471089
-0.0733259632077524
-0.055267617911462
-0.0306634493337644
-0.00158996508398835
0.0288476651183291
0.0567061163000472
0.0779935333053762
0.089828686685233
0.0912927094121994
0.0835018373413238
0.0690584807651196
0.0513632805139844
0.0340325229650295
0.0203275031211388
0.0125113711753813
0.011282304323635
0.015538193689871
0.0226370561823523
0.0291733956095504
0.0321314946814946
0.0300538655291109
0.0236787872576878
0.0155914689904925
0.00890275771989503
0.005605019496674
0.00559160460479047
0.00697414221842247
0.00742681257343885
0.00555278436016207
0.00136981134596321
-0.00416944659072532
-0.00996449523344317
-0.0151718617316722
-0.0191001300644484
-0.0209803771007892
-0.0200000297794197
-0.0156247768159394
-0.00797421527422975
0.00193062618678121
0.0120889692472915
0.0196798255576682
0.0216405118117902
0.0157413788056879
0.00182689343710824
-0.0174811143916127
-0.0372116158800686
-0.0515673350338007
-0.0558507924198396
-0.0479289491598344
-0.0286947701462788
-0.00145828653265086
0.0294076738184597
0.0599574627186085
0.0875975286568843
0.111040006617015
0.129532954491458
0.142170958575007
0.14799344686525
0.146822673509699
0.140068631630083
0.1307241665868
0.122423859435079
0.118078180788905
0.118754638257463
0.123255710810263
0.128530577414015
0.130771996305338
0.126807028800725
0.115270414721694
0.0971294284006846
0.075373364868381
0.0539902737574001
0.0366310570090165
0.0254879747045461
0.0207930221478031
0.0210328280771526
0.0236911614501441
0.0262047512007674
0.02679946305729
0.0248933001746537
0.0208870984694808
0.0154764685106129
0.00892970330008004
0.00079009737550437
-0.0098692039822463
-0.0238915576124327
-0.0415587259993046
-0.0623984622999195
-0.0852554250971191
-0.108495670374392
-0.130259766168864
-0.14878479662303
-0.162854470165904
-0.172317587967528
-0.178391538831442
-0.183375129360516
-0.189639279750032
-0.198240790747235
-0.207862528066977
-0.214765296822058
-0.214025020257881
-0.20165968506646
-0.176630748673325
-0.141602446798193
-0.101997942270073
-0.0639042161901429
-0.0319850962921351
-0.0083769512546676
0.00715188981377288
0.0161593068457969
0.020307231922151
0.0206124391929081
0.017486283904687
0.0113997834846574
0.00363251039990743
-0.00347925055548526
-0.00705898979525871
-0.00476736125640873
0.00408849280514359
0.0179726110955119
0.0333949099901516
0.0460063806501818
0.0521001329847075
0.0498765533339672
0.0399304548754024
0.0248429753600451
0.00822251344013977
-0.00630342276715421
-0.0158297244307983
-0.0185985035576891
-0.0141769973861633
-0.00345534421629156
0.0114784437731696
0.0275485007214029
0.0410413573451544
0.0482375481074679
0.0463521790786901
0.0344972066087345
0.0141686183896375
-0.0110659081474872
-0.0365712729954445
-0.0579244339429674
-0.0720514424099018
-0.0779495838183719
-0.076808306370349
-0.0714138107299403
-0.0649601044857254
-0.0597662581160389
-0.0565873808693504
-0.0549153074623085
-0.0540171720687092
-0.0539443598149862
-0.0557792460426968
-0.0609420766205132
-0.0700183295126507
-0.0818499738387456
-0.0934610780190112
-0.100949235750047
-0.101000289470061
-0.0923474825762354
-0.0764608010280199
-0.0571090373386137
-0.0390258000403782
-0.0263369577094887
-0.0213756044617321
-0.0241285599998759
-0.0322283119241784
-0.0413964608074825
-0.046407265694605
-0.0425847719406779
-0.0274446372450499
-0.001703904006399
0.0309958452929777
0.0656135406544967
0.0976791165264718
0.124672804859587
0.146231133674074
0.163350685692844
0.17724724232469
0.188470351673088
0.19647055975177
0.199531686488832
0.195059816905204
0.180398169998597
0.154164588095858
0.11759776459005
0.0750891977083962
0.033382431700928
-0.00035150773537932
-0.0207349970676672
-0.0257371277108727
-0.0169726690086925
0.00119723788384774
0.0231817887141015
0.0435993538922337
0.0582366554931307
0.0645417677476813
0.0618666631379491
0.0515534374104274
0.0367106444210036
0.0214683571148709
0.00976099219979791
0.00406783395654314
0.00469211527051164
0.00991005681441229
0.0168463106515803
0.0225905904800561
0.0250881218269668
0.0236228699770905
0.0189588065667616
0.013203481306563
0.00933461195654785
0.0103731898704816
0.0184429513830701
0.0341387354770217
0.0564862117995479
0.0834227333419744
0.112479007398249
0.141340674296927
0.168100489851233
0.191139054396214
0.208726721099401
0.218667915577205
0.218434500275676
0.205986855147948
0.180913090943199
0.145107537952644
0.102408868749228
0.0573386035408381
0.0137280332873014
-0.0259644699490607
-0.0604579575031162
-0.0890477639400385
-0.111193758399595
-0.126483856258108
-0.134741965623933
-0.136030903503056
-0.1305685946316
-0.118751216765679
-0.101374816657619
-0.0799048680876295
-0.0565165566080506
-0.033746852998686
-0.0138673167491716
0.00171793935665567
0.0127519880554025
0.0199399439384953
0.0243525548953861
0.0266730126332795
0.0266906563027518
0.0233952227083246
0.0157031610693903
0.00343698690891963
-0.0119992075000028
-0.0276103863707066
-0.0394454560082474
-0.0435885604502907
-0.0371999183606344
-0.0194075996423404
0.00808801515251082
0.0408770266460188
0.0724095426395816
0.0954260396483621
0.10405569631051
0.0958969633203896
0.07312701896043
0.0419719935668033
0.0106346719308386
-0.0134545983767849
-0.0259158121638643
-0.0264059867486366
-0.0181533174761043
-0.0064541834645329
0.00320434389846937
0.00678771943995688
0.00269906160497503
-0.00809850043822215
-0.0227666536597045
-0.0377668293774494
-0.0500734973745269
-0.0580319304194896
-0.0616469011832056
-0.0623005371792148
-0.0621016736645581
-0.0631956446433272
-0.0672931930148043
-0.0754193853677558
-0.0876844997943595
-0.10299049915554
-0.118922382832901
-0.132230325672619
-0.139998806118583
-0.141010167428639
-0.136466192932023
-0.129492054318718
-0.123572476234094
-0.120758195342525
-0.120661112795363
-0.120787447828823
-0.117928083650653
-0.109715332607872
-0.0955080543410042
-0.0763645051946147
-0.0544401285624043
-0.0322864055782944
-0.0123116661722321
0.00356201782939824
0.0140739904238254
0.0186440863831539
0.0172960291533675
0.0106516492060115
0.000148321379036689
-0.0116337343586849
-0.0209842316501441
-0.0238585451887785
-0.0173776906174371
-0.00129907315582547
0.0214612221532377
0.0456878415045549
0.0657617314028353
0.0777249495143911
0.0806327807223089
0.0766824624421896
0.0701199374823178
0.0653984543486476
0.0653686442851726
0.0702823195595479
0.0780147597988675
0.0852951833384906
0.0892437980539796
0.0884593755000308
0.0832715224461228
0.0752574059056347
0.0664097529917038
0.0583475446153294
0.0518063849503568
0.0464821487762346
0.0411825209440877
0.034159047801894
0.0234772272053361
0.00737452587105281
-0.015330998898869
-0.0447683307730416
-0.0796653132889213
-0.117345259752721
-0.153954586773357
-0.18452726781777
-0.202922896010121
-0.202560470637419
-0.178839229768062
-0.13247984971977
-0.0712686194561361
-0.00815834551211218
0.0436206128346815
0.0754692032388625
0.085602677010432
0.0779573315265672
0.0592669846933418
0.0362131682754429
0.0137743685249891
-0.00511684407358689
-0.0191093954178726
-0.0277867620545058
-0.0312766624771276
-0.0302403803283643
-0.0260591121406723
-0.0208596555006553
-0.0170680667947401
-0.0164740472354487
-0.019215046932709
-0.0233506835372211
-0.0254921834461209
-0.0223029571520898
-0.0120551598642542
0.0046534815271097
0.0253585720350001
0.0469577129080624
0.0669406540560673
0.0840297608420615
0.0980758733535015
0.10941589162563
0.118088851494079
0.123361121314769
0.123878967387889
0.118404914156281
0.106696398211076
0.0899811463058497
0.0707713343845775
0.052180372034475
0.0371212402251305
0.027667758948354
0.0246375705327083
0.0273726575668213
0.033799926932849
0.0409260422049106
0.0457428618555445
0.04619927918131
0.0417795275501955
0.0334900722636938
0.0234514852088308
0.0144081391937425
0.00921282486499897
0.0100808222658801
0.0175615824374123
0.0296861347596729
0.0420332254048619
0.0490407286358939
0.046035449521525
0.03096586809712
0.00511934569272693
-0.0272420832497585
-0.060041536555935
-0.0870648168638401
-0.103817494757727
-0.108942506212385
-0.104462698947832
-0.0945519296808782
-0.0833835575073618
-0.0732396678241194
-0.0639455155765459
-0.0538373306798439
-0.0414835666571967
-0.0269754742748525
-0.012013787952465
0.00113922953647819
0.0110885537598267
0.0181958879972518
0.0243867760337958
0.0320130968769881
0.0424846432747788
0.0554874260582695
0.0691920470275869
0.0812475616830787
0.089967164144734
0.0951140609970214
0.0979653891271445
0.100655063595693
0.105068079587658
0.111768478828424
0.119519622383965
0.125746021835042
0.12778039167067
0.124239714418946
0.115778157168813
0.104858883182039
0.0947585405152638
0.0883784938888549
0.0874305021860367
0.09228312986541
0.102391066454096
0.116960608935458
0.135416093156178
0.15730422086733
0.181503173241256
0.20506152774322
0.222552633720189
0.226944703631309
0.212167341387943
0.176205022581305
0.122858946336018
0.0610292720960731
0.0018993891193341
-0.044512562608748
-0.0719945781006343
-0.0792967790762801
-0.0698656916631719
-0.0505427499553628
-0.0296385176909391
-0.0148071389082466
-0.0112224551759444
-0.0205312258016534
-0.0408086320503978
-0.0674084376656846
-0.0944131056068977
-0.116346862397053
-0.129737094356114
-0.133993244865868
-0.131175131287679
-0.124698326002396
-0.117621891014911
-0.111419728939634
-0.105829671262115
-0.0997184143045084
-0.092327087119758
-0.0840931376935866
-0.076544625668624
-0.0713589739016244
-0.0692246952459767
-0.0692785812638246
-0.0694925675985183
-0.0677349535512519
-0.0628185593410609
-0.0549475238806702
-0.0454268744012015
-0.035920231621591
-0.0276823861820459
-0.021084733575285
-0.0155615831952802
-0.00994691680798376
-0.00305212015487735
0.0057566481211601
0.016248715021153
0.0274538311162503
0.0381685168032249
0.0475673691181403
0.0555773445640083
0.0628252844099241
0.0702238820470285
0.0784277698924747
0.0873897441081996
0.0961653901354949
0.103051352983223
0.106060802791484
0.10357588029601
0.0948823967764558
0.0803750887880119
0.0614741346190641
0.0404288442887958
0.0200668924514698
0.00338801387431763
-0.00704913854925643
-0.00978508933073024
-0.00487149338282059
0.00616332357744025
0.0207672329361025
0.0360229760215586
0.0492846904312887
0.0586854840453543
0.063496274494046
0.0642565216303968
0.0625092016303992
0.0600756102108953
0.0581136747485369
0.0564565545427932
0.0536694313813647
0.0478900587406336
0.0380565036976483
0.0248531900501523
0.0108195999357896
-0.000464516028194606
-0.00569375719169948
-0.00304339597109194
0.00715626197206869
0.0224212136120207
0.0387517397172376
0.0517156869077501
0.0576056810551611
0.0542370794588935
0.041151181724746
0.0193268944154247
-0.00930319860680294
-0.0423233600814636
-0.0772736379011953
-0.112065207174446
-0.14523314590844
-0.175830820780217
-0.202958832622726
-0.225190903932564
-0.240285022748384
-0.245516051565046
-0.238734773171281
-0.21978150367456
-0.191359410336315
-0.158490601001344
-0.126560075613165
-0.0991043923718026
-0.0768348822673412
-0.0584767128070738
-0.0426152382608453
-0.0290787677569436
-0.0189472431343028
-0.0134500250161335
-0.0127709807393545
-0.0156282519876438
-0.0197879285137468
-0.0230626788969739
-0.0241753632740923
-0.0230565808062069
-0.0204971435384933
-0.0174410299916774
-0.0144165846685113
-0.0114958609649435
-0.00875339163700199
-0.00675897652292388
-0.00657856064371589
-0.00918602963217434
-0.0147405245949582
-0.0223270549923329
-0.030362131554027
-0.0373395408966109
-0.0424133286175653
-0.0455548409952511
-0.0473690435604028
-0.0488026928104154
-0.0508775442277778
-0.0544172073223188
-0.0597073336381724
-0.0661745751473064
-0.0723320339711452
-0.0761987306786669
-0.0761058394444837
-0.0714754636250957
-0.0631082324250848
-0.0528143840771196
-0.0426209411954708
-0.0339879055261533
-0.0273988149660621
-0.022483635608456
-0.0185996538029143
-0.0155725196896304
-0.0141641436559556
-0.015939672233084
-0.0225624543147011
-0.03489149428566
-0.0523160734124882
-0.0725765304401433
-0.0921351193056086
-0.1070594501504
-0.114229726972773
-0.112444014115131
-0.102887453997076
-0.0886579447730552
-0.073512824001066
-0.0604073635182006
-0.0504974005720272
-0.0430463946279556
-0.0362202721110534
-0.0282683328142517
-0.0183673571488707
-0.00666765283509687
0.00632695164348391
0.020473271676302
0.0362736717767657
0.0545893250878403
0.0759643963893144
0.099859465243786
0.124126223007934
0.145072893104863
0.158323234753971
0.160271146174269
0.149502406009272
0.127457559097369
0.0979664416396516
0.0658761903758913
0.0354701297001779
0.0094664846718432
-0.0109812253071432
-0.0254968152901734
-0.0336167873915524
-0.0345477109237815
-0.0277413354695356
-0.0138844542141464
0.00438120130507788
0.0225525564310772
0.0352986172728413
0.0380771479077592
0.0286611192155136
0.00795225023269482
-0.0201557901570904
-0.0497025173118239
-0.0740787252643535
-0.0876948977322761
-0.0876095817390458
-0.0746162076045797
-0.0532000087420195
-0.030119179246294
-0.0120563365329953
-0.00334256417852193
-0.00472150942783119
-0.0135332013511794
-0.0250357674460923
-0.0342511553953516
-0.0377117152639628
-0.034584598899288
-0.0267930446162804
-0.01803872935757
-0.0120730238083089
-0.01095782070095
-0.0141209996516255
-0.0186547207446871
-0.0206968582051415
-0.0171957583736802
-0.00718278579820816
0.00802464240575478
0.0256645576667035
0.0428321119010397
0.0574388602189767
0.0682793485495629
0.0743029237922563
0.0738578853234324
0.064780854579414
0.0455136420586523
0.016513534424852
-0.0190504810946622
-0.0557825511798627
-0.0874778344526802
-0.108900030061886
-0.117349263746888
-0.113510529014642
-0.101205101732002
-0.086035073927692
-0.0734219494826619
-0.0668498946054227
-0.0669982711118953
-0.0719842316379605
-0.0784343143781903
-0.0828172792422436
-0.0824920887698801
-0.0761919157455208
-0.0639885829639987
-0.0469534631839729
-0.0266976558742027
-0.0048813337068517
0.0172141440955943
0.0388815610682993
0.0597943354612562
0.0794697408147504
0.096729996519398
0.109639509204257
0.116148259910523
0.115109023867237
0.106934402852593
0.093403221663146
0.0768748299453658
0.0596499144494445
0.0438868742596795
0.0317406301103776
0.0251145033947298
0.0249058186010782
0.0302979860551737
0.0387749387463878
0.0470127331267333
0.0521618539027517
0.0528096527772407
0.0491920709541453
0.0426938708860577
0.0349946827821765
0.0272872004774522
0.0199077650597344
0.0125408108385865
0.00487630207952095
-0.00269105768644407
-0.00879340272302224
-0.0114582862403058
-0.00894727168109896
-0.000694336724804805
0.0120437705190049
0.0261619837282607
0.0374835435607788
0.0421540264453438
0.0380578477893989
0.0255522689066967
0.00716392166352657
-0.0135221715290169
-0.0331438195737975
-0.0494004999632738
-0.0612091522050335
-0.0683442024348085
-0.0709195290890486
-0.0690221214844619
-0.0626451536565024
-0.0518865504465333
-0.0372252781682545
-0.0196484309126009
-0.000552124574312531
0.0184300090589641
0.0354671411355113
0.048468536053214
0.0552012311767621
0.053803412143668
0.0435287365662682
0.0252600868695247
0.00143732694096632
-0.0245606157040696
-0.0492305570367091
-0.0696093391544948
-0.0836581124855579
-0.0904366169589146
-0.0901730914188885
-0.0842381112230176
-0.0749417943197839
-0.065103933761811
-0.0574732022456415
-0.0541733550912618
-0.0563425067804362
-0.0640244934040963
-0.076250831977387
-0.0911997841804137
-0.10638812758826
-0.118999078220382
-0.126494732003258
-0.127447503408466
-0.122187869648236
-0.112781743321161
-0.102210743651793
-0.0931620444290882
-0.0870753250649382
-0.083871561222673
-0.0823585491323117
-0.0810222658757432
-0.0788544211561344
-0.075882356140924
-0.0731036897438012
-0.0717491064860081
-0.0722513557993738
-0.073627094171962
-0.0737464263800972
-0.0702870585145265
-0.0616870128284488
-0.0475469144047028
-0.0284393074935574
-0.00544340090986595
0.0202260244956465
0.0472241126647387
0.0736436575118429
0.0964810304545403
0.111743671629137
0.115753917883998
0.107226102142984
0.088731238912468
0.0662875078423947
0.0470680496558787
0.0365032018885056
0.0363428739589483
0.0445174462889008
0.0566027408108695
0.0679880689683885
0.0756785898966106
0.0789836283341819
0.0789771300670513
0.0772587650791084
0.0748453419984755
0.0718214819561049
0.0678278140877419
0.0629181830090259
0.0581134631234756
0.055245876486903
0.0562215908135189
0.0622028833752686
0.0731441043959216
0.0877638051331131
0.103795495537829
0.118395470488242
0.12869428510978
0.132437387342479
0.128528897426339
0.117265402203852
0.100168105655804
0.0794827045602703
0.057540322004039
0.0362479210888799
0.016945110588378
0.000652074725068605
-0.0115646441280672
-0.0184943156513929
-0.0191146992868323
-0.0131514937215659
-0.00148878090342205
0.0138118584225902
0.0298703024627125
0.0435565289979146
0.0520928134881857
0.053559828549414
0.0472043995999131
0.0334751038840887
0.0137901180850375
-0.00984438986910081
-0.0351827870623873
-0.0599350664924041
-0.0818493792458112
-0.0988424153108145
-0.10929237930417
-0.112438925726078
-0.108697245992281
-0.0996737329841699
-0.0877439027384952
-0.0752279167168729
-0.0634813403309764
-0.0524090499075201
-0.0407281332264965
-0.0268209845534176
-0.00966701295566874
0.010607764291082
0.0327350638765477
0.0547864875158625
0.0749188860979
0.092077949035727
0.106304496416582
0.11835472247343
0.128649909144533
0.136110777185871
0.13782685176203
0.130184283745143
0.111020003628387
0.0814730908437405
0.0463428562933728
0.0127661017742118
-0.0120427345116673
-0.0229787089837092
-0.0184004115156471
-0.000287415351412726
0.0267451977927995
0.0570869661335707
0.0856548335695441
0.108672609006604
0.12366388737555
0.129179838899802
0.124801344836995
0.111431509072982
0.0914190948482365
0.0681434348123193
0.045202044297161
0.0256744571204259
0.0117657508174303
0.00474034359571269
0.00490363438015
0.0115693315049053
0.0231646337284538
0.0375878455246106
0.0526797665291962
0.0665024682456613
0.0772795347764885
0.0832259333164533
0.0826736141040749
0.0746274002175326
0.0594079018903601
0.0388515293984519
0.0158379272827795
-0.00659405064474881
-0.0260399456114029
-0.0410958951606253
-0.0513172564640689
-0.0570102047913091
-0.0590427654086846
-0.0586649043487636
-0.0572211582557776
-0.0557335225320819
-0.0545264273348684
-0.053149215756494
-0.0507079689363867
-0.0464503011762732
-0.0402770389401029
-0.0329072011996447
-0.0256338444137522
-0.0198246350101119
-0.0164190177487036
-0.0156200775499575
-0.0168449652822531
-0.0188944740174993
-0.0202691617317673
-0.019555104254903
-0.0158027320276005
-0.00883736183280391
0.000558815314356147
0.0106996374229468
0.0194002865225749
0.024698369861927
0.0255946319725971
0.0224169056363095
0.0166185884399897
0.0101615505690161
0.00481332430212801
0.00162987642230757
0.000739026195815263
0.00142297275900433
0.00243604520436022
0.00244667898201709
0.000457099783247222
-0.0039369111954786
-0.0105106276958771
-0.0185538149505715
-0.0270667308971765
-0.0348908418311314
-0.0407558904868411
-0.043345354167948
-0.0415299486889165
-0.0348411409292905
-0.0240613345652894
-0.011580340848438
-0.00110554847431707
0.00339994448838825
-0.000847258651008651
-0.0143672264846119
-0.0352159166164455
-0.059653309194467
-0.0832449280296633
-0.101935335312925
-0.112867733289739
-0.114919836572753
-0.108937187881605
-0.0975602539446503
-0.0845416742770861
-0.0736322218126118
-0.0673959636068996
-0.066469254060767
-0.0696201767462573
-0.0745499323867058
-0.0789783922148029
-0.0814374723010136
-0.0814210201070843
-0.0789498288093115
-0.0739449774181256
-0.0658711781866493
-0.0539041436439359
-0.0375365960985859
-0.0172600126837836
0.00510363837916151
0.0266607947922966
0.044231690866594
0.0553623793999285
0.059173098614921
0.056671109763807
0.0502937298420628
0.0427700035685041
0.0358125091660873
0.0293698864519725
0.0219298791835267
0.0117506946175441
-0.00168726481310146
-0.0168776924605042
-0.0306210126872742
-0.0393105720756897
-0.0404707620229543
-0.0337882818018801
-0.0212386200988998
-0.00638257679835646
0.00678967815474727
0.0150278629733952
0.0166567343283794
0.0118801989391001
0.00252247352879756
-0.00867425877540227
-0.0189643512620252
-0.0264345114410181
-0.0304818289914573
-0.0317720714206708
-0.0317328011095703
-0.0318465805368229
-0.0330647909449358
-0.0355240984024021
-0.0385573985819511
-0.0409178248047982
-0.0411673803301199
-0.0381684374585768
-0.031508232872967
-0.0216311869199044
-0.00958937789487306
0.00342771954314088
0.0164698796928414
0.0288680646346916
0.039956689913297
0.048770895373776
0.0541096682025478
0.0551186378263635
0.0520724541317623
0.0467158789532629
0.0417198111622754
0.0394434169155181
0.0407458348183331
0.0445854922427141
0.0486002092890231
0.0502392115448019
0.0477754609719592
0.0407442258074215
0.0297699932633732
0.0160595520066608
0.000932618946606236
-0.0143419021273324
-0.0283746003782958
-0.0393971567199253
-0.0453007218318658
-0.0441832512713889
-0.0352059982288176
-0.0192421849245717
0.00112235465487015
0.022267235956542
0.0405390867100491
0.0531354048876863
0.058611113330914
0.0569837914091261
0.0495471763050365
0.0385130742411334
0.0265439730601115
0.0161938877141278
0.0093159592969793
0.00661186019864244
0.00756221329926063
0.0108519404615315
0.0151152394263951
0.0195834057408925
0.0242363774374675
0.0293530774111944
0.0347477960692512
0.0392244935790172
0.0406932678935604
0.036984571234319
0.0269439259093081
0.0112341428517513
-0.00753012791913976
-0.0253960727107239
-0.0383179814397433
-0.0437135903248166
-0.0416881983459783
-0.03511725652597
-0.0282305158788472
-0.0243521652669239
-0.0242045183630135
-0.0258798266639695
-0.0263916076151172
-0.0236570658629024
-0.0176626214077409
-0.0103249235739027
-0.00445000485606888
-0.00259236437185796
-0.00638954378542339
-0.0163893685296176
-0.0319871439634655
-0.0511975004482127
-0.0704751768184246
-0.0851318386281798
-0.0906553402329539
-0.0845677093729406
-0.067896666597671
-0.0453185818898115
-0.023624185256441
-0.0090733095164063
-0.00490371972062532
-0.0102311072195307
-0.0207794558848849
-0.0308727379888378
-0.0355953062678876
-0.0322181887414945
-0.020567309305871
-0.00251634863252721
0.0189893064651346
0.0409688242882489
0.0611866593036398
0.0784985132990445
0.0927517907943822
0.104380896672976
0.113906746793053
0.121535392295919
0.12700026946833
0.129709315802278
0.129107548002579
0.125009191793425
0.117669249239622
0.107619022646908
0.0955457638371922
0.082428818391524
0.069787389720903
0.0596653405984962
0.0541503880403167
0.0545892412210847
0.0608584306980817
0.0710245934760693
0.0816241820319319
0.0886268605221794
0.0888464950818057
0.0812394316601748
0.0674506897046511
0.0512712860868237
0.0372128962315784
0.0288690080389897
0.0278133886367039
0.033427484915974
0.0435212771560376
0.0552963997380093
0.0662301727814393
0.0746625230731934
0.0800248978363288
0.0827105849871859
0.0836354412498782
0.0836406565866285
0.0829910345230311
0.0812042753038544
0.077274284384845
0.0701448035396095
0.0592022546514707
0.0446149838811217
0.0274559272376397
0.00961219274595989
-0.00651498716822061
-0.0185280805894421
-0.0247138080582009
-0.0246816268438238
-0.0196385714345958
-0.0120517298277716
-0.00474860312399376
0.000128904983840226
0.00174723792696034
0.00043940641123095
-0.00306369945954044
-0.00850675890632587
-0.0165275425092995
-0.0283511909004555
-0.0449233493587627
-0.0659783341395517
-0.0896010744848718
-0.112588409755762
-0.131479695541275
-0.143760675173559
-0.148665732883695
-0.147246034377341
-0.141761455718896
-0.134749073118091
-0.128181776134825
-0.122986185077152
-0.118975615271098
-0.115107825892548
-0.109942405500611
-0.102186131717245
-0.0911997593541679
-0.0773044762740339
-0.0617526026864707
-0.0463662854611049
-0.0330273372229653
-0.0232519957826794
-0.017928518081006
-0.0171098958753519
-0.019806820116394
-0.0239848670558398
-0.0270562696527766
-0.0268440522891007
-0.02256817269955
-0.0153032131545211
-0.00764552675357574
-0.00271491515005394
-0.00288260185175824
-0.00874237359527143
-0.0188040569869144
-0.0301137608127328
-0.039548665659863
-0.0451501619924096
-0.0468139666740559
-0.0460063230370927
-0.0447203143414724
-0.0442897354964796
-0.0446882785798222
-0.0445824921517343
-0.041964102190981
-0.0349656014368448
-0.0225384832701023
-0.00487704046168639
0.0164193588705509
0.0385057203009189
0.0579012611576119
0.0715337993302574
0.0778249051981344
0.0771570264473687
0.0713315358401815
0.0623621460108128
0.0514980655067298
0.039154138856932
0.0256257641141226
0.0118615250351519
-0.000333502503931444
-0.00873037131064453
-0.011387182917068
-0.00726415602231392
0.0034332952886999
0.0192208068882577
0.037614861089303
0.0556896696829994
0.0707679047650597
0.080999151672562
0.0855902717539023
0.0846140620607652
0.0785682945478589
0.0680325938852964
0.0536993743035884
0.0366938836836523
0.018711675094885
0.00154138808332672
-0.0138648699431617
-0.0279912379173518
-0.0423277608049286
-0.0580463085677517
-0.0747145678788184
-0.0899598355951284
-0.10025982687154
-0.102342726259076
-0.0945150995848248
-0.077443648917694
-0.0541396734292432
-0.0290732295427048
-0.00662271259477002
0.0105663931882828
0.0225436521084585
0.0318054850633862
0.0419351661593091
0.0558369385426321
0.07440202964236
0.0960615441975621
0.117190639576109
0.133103598547944
0.139384465962373
0.133278479950683
0.114760638155166
0.0868715946140218
0.0551024762737676
0.0259611804910817
0.00519825094477942
-0.00365587690001666
8.83988755950107e-05
0.014622381123108
0.0365869178840063
0.0620463932671709
0.0871050245166865
0.108203096877631
0.122390182942009
0.127756085232406
0.123875127717047
0.111938227768128
0.0943806054008195
0.0741205062117508
0.0537459297189937
0.0349825941644309
0.01859340627191
0.00464326191593449
-0.00706261680220826
-0.0165685938528425
-0.0235425397168195
-0.0273365215649936
-0.0273545971615681
-0.0235961866447457
-0.0170651466524292
-0.00968373909668279
-0.00358187444930011
-8.64356969039335e-05
0.000939994872645454
0.000917143037611806
0.00159187714175406
0.003893951566403
0.00728130522446901
0.0099351557192168
0.00967530163591371
0.00508268226897396
-0.00374333915709018
-0.0150932183779006
-0.0261671874372497
-0.0339586699372655
-0.0362054947379832
-0.0320979597650961
-0.0224772132432116
-0.00944765187202105
0.00440821998189569
0.0168729952807366
0.026701716044427
0.0338455677724804
0.0392637839096773
0.0443785688108826
0.0503410550621944
0.0574104924864926
0.0647709905201665
0.0709078041800561
0.0743263250200484
0.0741906473650109
0.0705746247575084
0.0643352845680087
0.0568141128629808
0.0494934049800327
0.0435779327595844
0.039520947368246
0.0367525109748569
0.0339571704309534
0.0299333002824751
0.0245516750433865
0.0191200706455126
0.01580948349447
0.0164283980010596
0.0212459316349907
0.0285203428144185
0.034998995397752
0.037168852123594
0.0326748912817948
0.0212425574243762
0.00468131561502793
-0.0139999324095234
-0.0318875136188054
-0.0471861459168084
-0.0594733395655741
-0.0691832191543888
-0.0767988048424319
-0.0823391927262405
-0.0854045416647438
-0.0856061594515516
-0.0830264930031487
-0.0784692355102613
-0.0734311814764659
-0.0697826183831936
-0.0691780754303054
-0.072389997599256
-0.0789597771217411
-0.0874767972533004
-0.0963375250932866
-0.104400349836465
-0.111041831224015
-0.115711758084014
-0.117568248470166
-0.115637967090822
-0.109373991452739
-0.099108334380346
-0.0860479795396397
-0.0718745253747445
-0.0582415731451554
-0.0464013547931609
-0.0370196643225833
-0.0301429243405254
-0.025289643739202
-0.0216750933420417
-0.0185589081817926
-0.0155993202633061
-0.0129872993735626
-0.0111879266507988
-0.010393346836399
-0.0100836975972331
-0.00909277492716724
-0.00622906425186971
-0.00109246301634582
0.00542150912391235
0.0112517138931121
0.0139027904797704
0.0114353547363045
0.00325452888951243
-0.00963132390486337
-0.0249113323113904
-0.0396149080093484
-0.0508372856603158
-0.0563780220108212
-0.0551814403554486
-0.0474813067079137
-0.0346193600753095
-0.0186374693454595
-0.00182177962146589
0.013672681595603
0.0261017103918321
0.0343498429026092
0.0380727657002934
0.0377023528750807
0.0342862145282666
0.0292011935441597
0.0237927246949684
0.0189755821967699
0.0148925151898393
0.0108539582107987
0.00577811232205863
-0.000939619774403438
-0.00861640837121476
-0.0151653360653552
-0.017953602597062
-0.0152693072767466
-0.00754670517017326
0.00246013558847118
0.0107678987384503
0.0139351499935123
0.0105054564690983
0.00138162862625371
-0.0108982263104364
-0.0234190833730355
-0.0339793128474563
-0.041558251525469
-0.0461077543645634
-0.0479669625210742
-0.0473351063505616
-0.0440836479943722
-0.0379030821301236
-0.0286372544153261
-0.016712443634246
-0.00357952731870678
0.00807717057170927
0.0146932727119313
0.0127852012214201
0.000108105201103914
-0.0235517597586618
-0.0562458386152224
-0.0943401280917194
-0.133382078808866
-0.169081603992653
-0.198061860384848
-0.218076367281058
-0.227699564711988
-0.225920798821495
-0.21217981406215
-0.186969120486224
-0.152533422857231
-0.112987630363963
-0.0735556958070516
-0.0392575755574334
-0.0137169533642852
0.00140519176431321
0.00631695319862988
0.00266043992626538
-0.00695596780443745
-0.0193944465054108
-0.0314933103988474
-0.0406681456159876
-0.0454567114316693
-0.0457795072071923
-0.0427735294468041
-0.0382288795672105
-0.0338345449436556
-0.0305559342287766
-0.028438056814088
-0.0269112082665996
-0.0253755950797569
-0.0236766613092435
-0.0221936517321677
-0.0215612547879164
-0.0222833960517623
-0.0245070258770405
-0.0280433544033325
-0.0325303898303356
-0.0375596217026688
-0.0426596165827854
-0.0471744006121608
-0.0501897162736912
-0.0506499427978205
-0.0476670439776593
-0.0408634791594599
-0.0305469299142753
-0.0176138058777947
-0.00323717900613249
0.0114876539323807
0.0257456704853433
0.0389487823859575
0.0504932152568394
0.0595416049970369
0.0650484962809003
0.066094892075943
0.0623975621867344
0.0547320034724909
0.0450015293137966
0.035805608533789
0.0295931510260814
0.0277393736536731
0.0299912527079568
0.0345744284121025
0.0389137905106091
0.0406120127640372
0.0382532024343966
0.0317656369578282
0.0223216894927214
0.0119025203017368
0.00268514883772031
-0.00359228475073183
-0.00611254502550345
-0.00514218371546868
-0.00181189286379785
0.00237376018512286
0.00606063104542645
0.00839727336869275
0.00915879854800762
0.0087075842319449
0.00785749673873885
0.00765220629502994
0.0090736510747665
0.0127722115924141
0.0189427288632312
0.0273809977836131
0.0376146718242593
0.0489627550369752
0.060493960007036
0.0710033484033815
0.0791420412847973
0.0837055034307228
0.0839593613904529
0.0798705566043257
0.0721810938553006
0.0623183024723998
0.0521487799692503
0.0435943993640728
0.038181055659754
0.0366636689320807
0.0388840104119351
0.0439193254658997
0.0504257454154172
0.0569939113472017
0.0623805735679471
0.0656092447724364
0.066038046784332
0.0634940774606558
0.058462435100313
0.0521743556479182
0.0464041763960205
0.0429443375301959
0.0429868623035561
0.0467660437038385
0.0536547028160863
0.0625629840743199
0.0722811640841276
0.0815552960103494
0.0890347254439962
0.0933913628282226
0.093706173705196
0.0898996983158389
0.0828992635185952
0.074417897212344
0.0664306527437356
0.0605259205091141
0.0573477408108716
0.0563782780569718
0.0562270531653799
0.0553264951980638
0.0526605133958867
0.0481421865683105
0.0425326004313068
0.0370810913159798
0.0331011297342272
0.031525380311977
0.0324121867002164
0.0345600026559643
0.0355809200880842
0.0326386137575667
0.0236084061030456
0.00807855965764369
-0.0123322268018864
-0.0345049769981103
-0.0549389784252559
-0.0709100724118882
-0.0811212500770955
-0.0856332751582139
-0.0853152880525587
-0.0812729805659258
-0.0745578266407566
-0.0661381671743142
-0.0569232794168749
-0.0476883272816479
-0.0389286075625336
-0.0307760010740961
-0.0230555965943033
-0.0154439900964818
-0.00765397309096124
0.000386072562329725
0.00837789471760867
0.0155949533681397
0.0210039538592137
0.0235579592482406
0.0225298401717039
0.0177249884359169
0.00950211119351373
-0.0013419855424022
-0.013703741370941
-0.0262437587731556
-0.0374373559697815
-0.0457329602323723
-0.0499003149277447
-0.0494691097562786
-0.0449895704509249
-0.0378720001184531
-0.0298113182253214
-0.0220850381392957
-0.0150858634519851
-0.00827456903811737
-0.00051628373320928
0.00933061137826101
0.0217278955072338
0.0359158434634623
0.0498398531313054
0.0607301492776918
0.0661430526495394
0.0649442394235295
0.0577320962208835
0.0465507785681546
0.0341343351400175
0.0230821079540839
0.0152606226948213
0.0115194657467554
0.011661443234328
0.0145761405093631
0.0184940080127716
0.0213682906943219
0.021373363156032
0.0174092347166565
0.00940637947211347
-0.001742178322621
-0.0145984180026663
-0.0276984609875894
-0.0398746225868365
-0.0502655498188334
-0.0581539928262173
-0.0628744809292589
-0.0639249325644816
-0.0612194389843298
-0.0552854147049646
-0.0472150422833619
-0.0383280958825247
-0.0297029960756135
-0.021835840136284
-0.0146112633729437
-0.00758494658582351
-0.000415707060590825
0.00678421518758811
0.013369687392527
0.0183946763411149
0.0210184424605092
0.0208677541084509
0.0181977753690447
0.0138156807660237
0.00882233886668306
0.00427505999042864
0.000897587382068141
-0.00104241674185536
-0.00162610164766575
-0.0010090873083362
0.000806996224688947
0.00391250891294641
0.00811550239463638
0.0125929618990483
0.0160197462394877
0.0172630062362598
0.0161771120910172
0.0138616815936722
0.0121491504478028
0.0126644339291659
0.0160300646249369
0.0215857552998813
0.0276477304935635
0.0321212977179722
0.0332343582067456
0.0301809416969529
0.0234794319394216
0.0148780870617816
0.00675852377779914
0.00121959824225388
-0.000755726951798424
0.000361321665330587
0.00294884129811658
0.00496867894824792
0.00474417905919789
0.00149155650050483
-0.00447996542873644
-0.0118770320835598
-0.0188104433967869
-0.0233879459039513
-0.0243213226983263
-0.0212989488367229
-0.0149690227053013
-0.00656708932782304
0.00261572269865998
0.0116585802005182
0.0201194159685247
0.0277929697557
0.0343081573385082
0.0388692321786789
0.0403610407882067
0.037814761251214
0.0310120348268582
0.0209074277726241
0.00961046977264815
-0.000131383937147562
-0.00574379700010925
-0.00554524562826532
0.000943465868060108
0.0131013707039033
0.0294232713490632
0.0475993729347216
0.0645782301566377
0.0769793873653114
0.0819929755881155
0.0784071730477145
0.0671764893271998
0.0512106931598993
0.0345358304950643
0.0212400242622968
0.0145412766850438
0.0160869182901262
0.0254745579109997
0.0400805440028568
0.0554451349195103
0.0663941461423331
0.0686600221122725
0.0603128917653479
0.0423035514350635
0.0179386378526557
-0.00830481593064589
-0.0320423801237202
-0.0499566554205088
-0.0603576751627698
-0.0632795014013716
-0.0601146000549775
-0.0529446043178321
-0.0438730810711316
-0.0346233622583903
-0.0264490216774372
-0.0202094387492495
-0.0164379920372269
-0.0153428423752538
-0.0167843448511155
-0.0202837698001734
-0.0250801424141314
-0.0302400685069943
-0.0348342504217567
-0.0381693209158105
-0.0399949704887671
-0.0405522542298253
-0.0403661756515089
-0.0398379994082802
-0.0388667659307771
-0.0367543770898948
-0.0324647267882716
-0.0250801867677574
-0.0142394129489541
-0.0004438803097873
0.0148008846388875
0.0290849126139629
0.039550592862591
0.0437033162024733
0.0403224328158629
0.0300551765065505
0.0153719843246634
-0.000137741774822586
-0.012854727219786
-0.020194724006619
-0.0212862774930968
-0.0170707859617485
-0.00985660431226306
-0.00253654020805534
0.00226445374499386
0.00290019632201377
-0.000857976096216314
-0.00775587317427605
-0.015451718952737
-0.0213460417549917
-0.023583842751649
-0.0217742096470022
-0.0170384658732018
-0.01134373197834
-0.00648673480029358
-0.00328978628405387
-0.0014306194143503
5.87125970463563e-05
0.00197698400065367
0.00432598381201426
0.00621176218185011
0.00628395050671271
0.00344434590642315
-0.00253170097438633
-0.0107395487300492
-0.0193802177120317
-0.0264259590652202
-0.0304537110482929
-0.0312415311068949
-0.0297781627024429
-0.0276359883315847
-0.0260424567928742
-0.0251786805913709
-0.024085354857998
-0.0211746775191432
-0.0150063673445935
-0.00491149372277627
0.00875183908542663
0.0246670740187711
0.0408167741231132
0.0548605464494337
0.0645942220377331
0.0683846891178463
0.0654666198537873
0.0560948458479146
0.041592763388437
0.024229041699913
0.00678916346598675
-0.00812760063071138
-0.0188012075869643
-0.0247339384987837
-0.0265088703986818
-0.0252962463101818
-0.022279483613204
-0.0182629158409607
-0.0136253797561232
-0.00862157030589096
-0.00382585723575152
-0.00036319011404473
0.0003687098156295
-0.0025377061572364
-0.00868714582707902
-0.0161333605533171
-0.0220281669829472
-0.0238989426206476
-0.0208282940707955
-0.0138634783829571
-0.00547607311386722
0.00157375634214503
0.00537417878173352
0.0055059405420313
0.00298135246647498
-0.000432726198039319
-0.00317329644488682
-0.00466219544189021
-0.00553556947595121
-0.00724105947582513
-0.0112548419265085
-0.0183324613203114
-0.0281319542431352
-0.0393261831985986
-0.0500839567331627
-0.0586503018815888
-0.0637636920433849
-0.0648004960873198
-0.061712839916075
-0.0548918774198325
-0.0450447953821008
-0.0331321504400118
-0.0204033863419469
-0.00848959870050013
0.000651270669355714
0.00517330010889743
0.00411457095474541
-0.00196351144792343
-0.0110331660510288
-0.0205024569375598
-0.0284802923680291
-0.0345887541500429
-0.0397697685664611
-0.0452305466205106
-0.0512765569126348
-0.0568084764958868
-0.0597236046081103
-0.0578643451364172
-0.0499590257365265
-0.0361937490350239
-0.0183075226196105
0.000782880266919684
0.0177576437536066
0.0298571267631421
0.0356838221349545
0.0355312363923601
0.031150283954691
0.0250917682657191
0.019862921786265
0.0171429618306265
0.0172933009046372
0.0193461964734653
0.0214940463970059
0.0218702078595969
0.0192650288951742
0.0134767776134974
0.00521890717487832
-0.00426641338451291
-0.0136469773532211
-0.021819064793616
-0.0280673053508762
-0.0321034882512639
-0.0340074235255689
-0.0340676422509374
-0.0325628371711398
-0.0295976464140312
-0.0250967303379631
-0.0189467698585751
-0.0111764227243449
-0.00208574916210421
0.00768086234495652
0.0171193986963315
0.0249816260502008
0.0300907429114225
0.0317798179896816
0.0302287877973388
0.0265006780787035
0.0222512601562973
0.0192439642793253
0.0188480154331087
0.0216693255459449
0.027419317507618
0.0350657447620032
0.0432126142949174
0.050555501243313
0.056223989639128
0.0598822969868496
0.0615680616687082
0.0613588894098672
0.0590551291400502
0.0541166437747453
0.045993816644972
0.0347265946103561
0.0214299951663832
0.0082895134029886
-0.00200875420355258
-0.00712805871674232
-0.00577484652282739
0.00206541035994949
0.0153453700509038
0.0323459185958757
0.0509277135702489
0.0685980907851248
0.0826584081840645
0.0906891515102877
0.0912667332609081
0.084479127822778
0.0718806185662126
0.0559079331376488
0.0390863035381676
0.0233733290477613
0.00983041991201972
-0.0013429111220871
-0.0104864600314261
-0.0180402484763093
-0.024210549973071
-0.0288925198032722
-0.0318327648752409
-0.032877919848066
-0.0321484247865023
-0.0300712124618854
-0.0272988007256734
-0.0245743968538361
-0.0225894834860255
-0.0218661825332036
-0.0226950461600519
-0.0251427871015301
-0.0290927929545003
-0.0342342329518637
-0.0399544777625614
-0.0452265719914004
-0.0486913323548869
-0.0490537188897326
-0.0456577383688916
-0.0388937130608029
-0.030141764706549
-0.0212475063399865
-0.0138225219504797
-0.00873650793542626
-0.00599981620959972
-0.00499000681622595
-0.00482842715372102
-0.00471409507082586
-0.00411257959348358
-0.00279519233387185
-0.000785795763078548
0.00170534126494331
0.00429698974477132
0.00639530376894984
0.00717056719421378
0.005676978731709
0.00118799925273223
-0.00634340665670238
-0.0159629829699754
-0.0258088272977444
-0.0336774270706745
-0.0378087636079898
-0.0374934998387088
-0.033240936875517
-0.0265203247645044
-0.0192689584031223
-0.0133589122919256
-0.0101287563108231
-0.0100475691494839
-0.012596369994468
-0.0164382421369807
-0.0198501636436287
-0.0212603250996956
-0.0196770244408457
-0.0148589582497951
-0.00721914977961863
0.0024121545410146
0.012988903844254
0.0233064192865693
0.0319689575419489
0.0374532736762408
0.0384025601625125
0.0340696945686485
0.0246620116951921
0.0113864548494719
-0.0038226036096548
-0.0187799235286428
-0.0315970491876303
-0.0411648239439251
-0.0473966349092689
-0.0510740277157617
-0.0533018676504026
-0.0548235906758711
-0.0555638158845057
-0.0546356421629595
-0.0507729901622332
-0.042941027001974
-0.0308580567285573
-0.0152666115285228
0.00210351138588056
0.0188710298580564
0.032564200084334
0.041254036295757
0.0440461585710185
0.0412288658473772
0.0339940337255628
0.0238536887151338
0.0120594774635669
-0.000650683279642812
-0.0138539558000842
-0.0269633023800297
-0.0388281098007667
-0.0477309654818639
-0.0518535639895175
-0.0499933237792755
-0.0421396395362797
-0.02956967264759
-0.0143912843182919
0.00119950904805094
0.0154959842450299
0.027372261518508
0.0359464249583435
0.0402211261153433
0.0391316240628012
0.0320806412586758
0.0195934816247919
0.00356575982502257
-0.0131692043131551
-0.0277772982186398
-0.0383831022031081
-0.0445754721982396
-0.0472383278704271
-0.0478293136235626
-0.0475047791732561
-0.0465705318329115
-0.0445551345858769
-0.0408242584461764
-0.0353045024173217
-0.0288093668595529
-0.0227309703846461
-0.0182946196515909
-0.0158540087205424
-0.0146425476302661
-0.0130831526066294
-0.00945188892105852
-0.00256276445569988
0.0078082364878036
0.0208822232326227
0.0351452945692723
0.0487239769349635
0.0597115148110167
0.0664548431889816
0.0678945216991216
0.0639280246078999
0.0555851905365211
0.0448087886643283
0.0338654025323011
0.0246620559250581
0.0182907863540794
0.0149541511628317
0.0142079450543278
0.015344466250202
0.0177315808443841
0.0209439735244268
0.024587110793961
0.0279111391802538
0.029573942042471
0.027942181685059
0.0219333825025802
0.0118798666664349
-0.000249186739462939
-0.0115311921408081
-0.0193468746492361
-0.0225336112460519
-0.0218233742770888
-0.01933257794103
-0.0173855528239853
-0.0173429280367914
-0.0190866521689903
-0.0213516054646834
-0.0225469505668438
-0.0215103847848162
-0.0178607062729338
-0.0119645145964843
-0.00470978317558639
0.0027590828022868
0.00928808777183359
0.0139173388094742
0.0160008041219057
0.0152234076895494
0.0115706105931432
0.00534860519447404
-0.00271520100608681
-0.0114074421392075
-0.0191857361463919
-0.0246125548390586
-0.0268617794019111
-0.0259493308926337
-0.022495086955989
-0.0171996238535237
-0.0104938102485695
-0.00269103980764288
0.00551042046109042
0.012719444496323
0.0171633146658532
0.0174951849687188
0.0135160569785043
0.00626078667620659
-0.00264508609600404
-0.0119307152452982
-0.0212636450635342
-0.031025425958371
-0.0414139984179319
-0.0515559010995986
-0.0593507561384658
-0.0622169589315426
-0.0582414998617947
-0.0470332102604025
-0.0299078495061624
-0.00948061653693932
0.0110554249163999
0.0287202053561697
0.0414361088199842
0.0484641462118324
0.0504562271874077
0.049096799045197
0.0464746892014035
0.0444433323112182
0.0441999070022219
0.0461637065899563
0.0500805132608194
0.0552282066184337
0.0606488255253319
0.0653920839457457
0.0687523450029808
0.0704406707060079
0.0706280617387662
0.0698447354850249
0.0687804660057826
0.0680645938094231
0.0681074245298163
0.0690592607190435
0.0708831862029348
0.0734574727066968
0.0765808944664307
0.0798181682244662
0.0822911454594421
0.0826668305087989
0.0795401129935253
0.0721249607034533
0.0608626464382454
0.0475163269023048
0.0346209040065827
0.0245650805742626
0.0187844570145882
0.0174242071672443
0.0195276374073683
0.0235488583140323
0.0279025519697966
0.0313376036076317
0.0330611135201289
0.0326586837072697
0.0299285075679406
0.0247768699892926
0.0172842614763939
0.00790866617480442
-0.0023806369017244
-0.0122660806606039
-0.0205504929487245
-0.0266507958345999
-0.0307589025925299
-0.0335479800118973
-0.0356574330268291
-0.0373575312727838
-0.038625195169953
-0.0394924657206839
-0.0402850979405702
-0.0414879794288992
-0.043348280019943
-0.0455798854053981
-0.0474257677546827
-0.0480224751200488
-0.0468137663260509
-0.0437953399799211
-0.0395122787096232
-0.0348391844107063
-0.0306371295305388
-0.02742978739455
-0.0252484551998829
-0.0237186147952449
-0.0223228399552515
-0.0206715153575941
-0.0186253457027623
-0.016232404905104
-0.0135740134893084
-0.0106595191560292
-0.0074470099231703
-0.00395902558054878
-0.000394544228914105
0.00285346720937363
0.00530279141614921
0.00656110832778752
0.00648398115684461
0.00522673816543065
0.00317229559123324
0.000796198669569613
-0.00143481006052869
-0.00307101061273708
-0.00362319038165973
-0.00254472822365833
0.000658500105403972
0.00621687991867255
0.0139317075153412
0.0231958351887152
0.0331864356188823
0.0430621286394829
0.0520124994256919
0.0591875806449965
0.0636848096764091
0.0647236198650888
0.0619443702246647
0.0556339141294284
0.0467252141950754
0.0365664043277875
0.0265599989677701
0.0177930010330519
0.0107747462493642
0.00540040699012039
0.00119978578944756
-0.00222768760551465
-0.00484413914440939
-0.00610727670640117
-0.00524599516236948
-0.00170121083710673
0.00451951849549043
0.0127452135651178
0.0218228183218145
0.0304658518630246
0.0376082049278171
0.0426359809798325
0.0454480467464708
0.0463686293247349
0.0459820984859879
0.0449644705886312
0.0439327754347972
0.043263172620476
0.0428414291081022
0.0418419285419875
0.0387618216363044
0.0318855425751147
0.0200893532401728
0.00360096504597675
-0.0157392687859394
-0.0349186221585605
-0.0506967988698484
-0.0605962201343715
-0.0635098964616334
-0.0597519294854729
-0.0506654998420742
-0.038076306681662
-0.0238687628649719
-0.00979710356162163
0.00255269254652466
0.0118146320316867
0.0169928657516408
0.017656726636717
0.0140646960434101
0.0071449102014223
-0.00166531035645368
-0.010679314526558
-0.0182711133710968
-0.0231806387193533
-0.0247576612425399
-0.0231043707263906
-0.0190949016573247
-0.0142416002235237
-0.01036517279024
-0.00907997695857773
-0.0112436357064972
-0.0166323217468856
-0.0240455002569339
-0.0318141271907868
-0.0384572038271246
-0.0431823733625273
-0.04606579387377
-0.0479271337122972
-0.0500013228993223
-0.0534986613592983
-0.0591314500177346
-0.0667249414519678
-0.0750770179975546
-0.0821909833739441
-0.0858510956480828
-0.0843306578673688
-0.0769506141215416
-0.06429176199712
-0.0480309428355558
-0.0305013791907241
-0.0141102887339116
-0.00072331651437954
0.00886194641615827
0.0151488658669976
0.0196446710799479
0.0240054353637481
0.0290243519372772
0.0341411851302845
0.0378850444396283
0.0389687281167976
0.0372342494644471
0.0337678225471681
0.0301208786315555
0.0271846587722031
0.02447801399835
0.0203307239898714
0.0128531732679239
0.00106318180187559
-0.0145261916283923
-0.0321355714476429
-0.0495054770289527
-0.0647157338728477
-0.0766090781107594
-0.0846945025955893
-0.0887396355640844
-0.0884541927406196
-0.0835682875160235
-0.0742505108968413
-0.061484840248642
-0.0470422150495484
-0.0330265080229244
-0.0213080358423422
-0.0131816508935272
-0.00933446551295594
-0.00995988690855065
-0.0148146119949759
-0.0231477713593985
-0.0335873956587016
-0.0441550950445967
-0.0525549648623793
-0.0567275221425488
-0.0554520435355458
-0.048700106454759
-0.0375739467222202
-0.0238767516069096
-0.00949394114650138
0.00418821570316431
0.0165816896497432
0.0277475615074174
0.0378907156653766
0.046875597552207
0.0541535388712043
0.0591570774646623
0.0618159094945375
0.0627407728044977
0.0628995829911097
0.0630413292907493
0.0633425825027153
0.0635555283771084
0.0634850398867909
0.0633298356679669
0.063562627064009
0.0644502043442608
0.065626073900968
0.0660781467343691
0.0645979247185723
0.0604281296243842
0.0537334612140195
0.0456224749019212
0.0376821596183598
0.0312449991387954
0.0267831758125064
0.0237974370688248
0.0212812046240587
0.0184413180528292
0.015173915462522
0.0120167172426046
0.00972275601111594
0.00883189099643824
0.00949772997202679
0.0115468885899621
0.0145812537480694
0.0179899270418142
0.0209137491494065
0.0223119036640234
0.0212095461470971
0.0170279650563022
0.00979025856820919
6.33589471568397e-05
-0.011311479636738
-0.0234840188595775
-0.0356348500313261
-0.04674981373765
-0.0553543441252543
-0.0595745402974823
-0.0577300324763321
-0.0492431541939719
-0.0352952760628795
-0.0187244830479807
-0.00313536551787314
0.00831267640162909
0.0138392311874346
0.0133403074153198
0.00804152034163681
-0.000246595657640649
-0.00989877419299758
-0.0199060962480603
-0.0297971689319867
-0.0392107477880286
-0.0475145313033734
-0.0537808076693115
-0.0571044342007347
-0.056997775921668
-0.0536199129597974
-0.0477805106737044
-0.0407769942791005
-0.0341228594563377
-0.0292141389683717
-0.0270255823071079
-0.0279677537846584
-0.0319829416609867
-0.0388021147847646
-0.0481314203661355
-0.0595531364154378
-0.0721769452413027
-0.0843704036560351
-0.0939174506611369
-0.098633084924969
-0.0971106316224892
-0.0892295448248999
-0.0762707781409372
-0.0606710882221694
-0.045464194784822
-0.0334735421860023
-0.0264764482908528
-0.0247020299557298
-0.0269197616881455
-0.0310437529266379
-0.0348954658993062
-0.0367607175458479
-0.0356096043184125
-0.0310894856897159
-0.0234602428342645
-0.0135381448055079
-0.00261293422540023
0.00771120398964129
0.0157832329165558
0.0203075317370659
0.0208400450177233
0.0181721347947442
0.0142823021315671
0.0116828609902111
0.0123718316063904
0.0169167786944651
0.0241685563560263
0.0317500332440959
0.0370487951144946
0.0382202597979313
0.0347750281318723
0.0275955075713111
0.0185036092491585
0.00962573784515759
0.00277863554712097
-0.000958454570522993
-0.00136515656501425
0.00113060498972807
0.00584688386144133
0.0121465709902689
0.0194384257448844
0.0269422581068549
0.0334936765706138
0.0376234668818632
0.0379176562326314
0.03347866951891
0.0242838484238295
0.011307435516365
-0.0036485087491068
-0.0183801825542241
-0.0308289637374772
-0.0395549998699381
-0.0439867399704983
-0.0444165258554288
-0.0418170108834574
-0.0375698139009657
-0.0331508600577664
-0.0297939037293364
-0.0281934937234816
-0.0283528288320849
-0.0296535371450565
-0.0311242253709539
-0.0317891412118678
-0.0309566411069252
-0.0283597894541257
-0.0241381227404792
-0.0187072097971601
-0.0125894293664224
-0.0062766437150531
-0.000163902083615561
0.00545367285670181
0.0103594504700677
0.0144020824264616
0.0174983675725889
0.0196463032897288
0.0209397181935352
0.0215665021229414
0.021767308097787
0.0217584779700663
0.0216655349775012
0.0215137012334445
0.0212644800843733
0.0208372079322466
0.020075495144198
0.0186920937633222
0.0162797852467821
0.0124606144402313
0.00715883758249588
0.000864553550086785
-0.00530999304107203
-0.00990584237359382
-0.0116499243935636
-0.00998420772285171
-0.00530488095526587
0.00121686337495217
0.00812646291955059
0.0142207900137139
0.0188576929556409
0.0219232938402632
0.023537721660783
0.0237104479372958
0.0221675115430042
0.0184714612885692
0.012386655464205
0.00429353486142208
-0.0045882583194256
-0.0123309643239098
-0.0167961943429726
-0.0163356112592599
-0.010395214504918
0.000271054193050014
0.0138805625155818
0.028233038424672
0.0413492944482449
0.0518894964154867
0.0592700212734084
0.0635375073677117
0.0651085789677036
0.0644777626428865
0.0619889639194795
0.0577576684003121
0.0517767349991845
0.0441321427681525
0.0351732723045903
0.025510585587202
0.0158422435943143
0.00674143839811764
-0.0014287257378582
-0.00839874749455344
-0.0137719818280387
-0.0169209207375202
-0.0171725401679633
-0.0142379864505314
-0.00862262314283988
-0.00170964275843548
0.00462259578979582
0.00872395359971935
0.00989193001961404
0.00868611471843892
0.00661790964240854
0.00536756798316612
0.00600296872923413
0.00866460244686276
0.0128192575316234
0.0177867656871101
0.0231393145963107
0.028769550341728
0.0346760648132105
0.0406427238663959
0.0460041570006732
0.0496539822475228
0.0503556914761137
0.0472499457137187
0.0403065682430026
0.0304749395808784
0.0194570955453146
0.00922742414839084
0.00151050806691187
-0.00261098416712327
-0.0028804144614049
0.000148781694509715
0.00527616305869906
0.0109214399214167
0.0154823102306149
0.0177444196727867
0.0172162477325142
0.0142178153090647
0.00965437187356537
0.00459818363056246
-9.05827395014684e-05
-0.00394648679242817
-0.006897139139977
-0.00918952695132407
-0.0113211771866878
-0.0139620602266296
-0.0178188504883956
-0.023442653790775
-0.0310512859830251
-0.0404479191350868
-0.0510535159242816
-0.0619992063513001
-0.0722210116390775
-0.0805528636216742
-0.0858543856150747
-0.0871992578409815
-0.0841025839494158
-0.0767107331594893
-0.0658510885997551
-0.0528788585393404
-0.0393546985521653
-0.0266729432095712
-0.0157737436152223
-0.00701562477923923
-0.000210400368202669
0.00522176029767533
0.0100280598561345
0.0148856459048962
0.0202240334978393
0.0261735503706553
0.0326415297971235
0.0394371559815723
0.0463502444801359
0.0531542198411462
0.059577533521764
0.0653027965673812
0.0700144644399211
0.0734718978216541
0.0755628389465018
0.076294973660212
0.0757150021025553
0.0738025775192018
0.0704277370971187
0.0654274776738031
0.0587566374751111
0.0505952539247487
0.0413399318025914
0.0315383318493762
0.0218929789066737
0.0133552239638204
0.00714639731882035
0.00451235835409237
0.00623098866517319
0.0121476781819096
0.0210363917104531
0.0308594213497373
0.0392717439626822
0.0441699416858368
0.0441635891262029
0.0389034402387154
0.0291996987996332
0.0168689633075022
0.00431153670907263
-0.00607200072477285
-0.0124344174202079
-0.0138324157695311
-0.0103125183962829
-0.00278155864333546
0.00725536740495215
0.0180203026629638
0.0277774745610332
0.0350620148419521
0.0388095544313079
0.0384582056208484
0.0340698343115011
0.026381211954908
0.0166363740493252
0.00620478553353792
-0.00378576260658094
-0.0125523871926883
-0.0194949349325679
-0.024034166794833
-0.0257129951175189
-0.0245379262924569
-0.0212538364995018
-0.0172481486672957
-0.0140671400604551
-0.0128246951331133
-0.0138395623691706
-0.016648973618827
-0.0203101707329727
-0.02378984890906
-0.0262740293674053
-0.0273217539122788
-0.0268584057821221
-0.0250439013644963
-0.0220806587931825
-0.0180562891896183
-0.0129222368640863
-0.00665908913838237
0.000429939518450361
0.00747614767856265
0.0130757866949528
0.0157047184896696
0.014379058386269
0.00919997362599148
0.00142699463683245
-0.00699488976428703
-0.0141700192129456
-0.0188103497162587
-0.0203494447328844
-0.0186937562663783
-0.0139381895768789
-0.00632655643219237
0.00354286469115762
0.0145231902054323
0.0249949409543961
0.0332346607664019
0.0378659094018502
0.0381626022316979
0.0341374169015322
0.0264941444498526
0.0165227297127939
0.0059295686124622
-0.00343717540333198
-0.00994657245163776
-0.0125383874193857
-0.0109820741246319
-0.00599316081947331
0.000837036293816348
0.00736357284382924
0.0114686616390061
0.0117342179730395
0.00789618087771716
0.000845948600510172
-0.00777962260462317
-0.0161435014452319
-0.0226229491948273
-0.0260269294106257
-0.0257120891976751
-0.0216785490999741
-0.0146132700203676
-0.00580094708096502
0.0031121526256664
0.0104407804012103
0.0148152346341158
0.0155482584283391
0.0129505549137642
0.00842668135607342
0.00416952622037381
0.00244201901944955
0.00469472301986437
0.0109244712296875
0.0196106554666552
0.0282938627473364
0.0345277840160698
0.0367370743644783
0.0345877884898897
0.0287813750256985
0.0205109226636069
0.0109523584376479
0.00103602977671953
-0.00851648795332771
-0.0170786736153177
-0.0240843806084625
-0.0290807333187113
-0.0317926513347667
-0.0321600177593627
-0.0303721653314799
-0.0269186712890243
-0.0226166519888199
-0.0185392450901565
-0.0157938539869085
-0.015172872640222
-0.0168057078075405
-0.0200194628347784
-0.0235577705792957
-0.0260894426030094
-0.0267270720383638
-0.0252748920602979
-0.0221342992449834
-0.0180129901416448
-0.0136407074597777
-0.00960309828826579
-0.0062876543154572
-0.00388511089762485
-0.00241075490870393
-0.00174813326038208
-0.00172065912320878
-0.00216456511287659
-0.00295708330689537
-0.00398216124869992
-0.0050705276099396
-0.00597940278145942
-0.00645505970574707
-0.00636553670899607
-0.00583523676837006
-0.00529289363159594
-0.0053806937177606
-0.00674724571427017
-0.00980688363489361
-0.0145567343981175
-0.0205187300509712
-0.026844212312581
-0.0325711991469473
-0.0369446906559265
-0.0396495925213215
-0.0408391831208312
-0.0409626126201985
-0.0405062996303026
-0.0397869937570627
-0.0388770553590765
-0.0376622823756844
-0.035971728551539
-0.0336983121092632
-0.0308624188006408
-0.0276389939164235
-0.02439955575935
-0.0217596942292333
-0.0205304080414317
-0.0214803337986544
-0.0249599245668649
-0.0305879187073113
-0.0372057007183507
-0.0431620454471894
-0.0468164776120309
-0.0470478387372019
-0.043560638959926
-0.0368859792051614
-0.0281209853253493
-0.0185462127591673
-0.00925491739470738
-0.000874672819808377
0.00656344280729207
0.013549370678634
0.020772394095193
0.0285943727248387
0.0365113519799463
0.0429441702392611
0.0456479969254073
0.0426700726280136
0.0333431928107724
0.0187097120182696
0.00116171275127479
-0.0163992329156616
-0.0313818435346283
-0.0419969567863005
-0.0474146331721419
-0.0477184058231027
-0.0437408511056159
-0.0367832009521456
-0.0282399993888009
-0.0192489470186212
-0.0105250943604355
-0.00242890324957839
0.00485032426157074
0.0111693815315357
0.0164347376679919
0.0206660553131105
0.0240118704628039
0.0266796488917941
0.0288312368079861
0.030524936002319
0.0317488858194082
0.0325249360896911
0.0330133574098721
0.0335496912010898
0.034597092436351
0.036657923014494
0.040201164826608
0.0456181518032646
0.053170558379873
0.0628941447732042
0.0744579636594268
0.0870065205568534
0.0990438261238733
0.108500070485683
0.113177076563251
0.111600908643033
0.103915488983217
0.0922003076104482
0.0798549652268051
0.070317505327761
0.0658187370880741
0.0667689195850913
0.0718993918757881
0.0788685268702436
0.0849484213765308
0.0875866115171915
0.0848613858369829
0.0759136475476644
0.0612957542868546
0.0429943157892998
0.0239167636240877
0.00694807472300196
-0.0059758157626415
-0.014305212325324
-0.0186786699315282
-0.0203319348827783
-0.0205073344598955
-0.0201324130102613
-0.0197997358941504
-0.0198965470815192
-0.020682311160638
-0.0222103936681217
-0.0241786716116044
-0.025915865792849
-0.0266274602364508
-0.0257961375894026
-0.0234810011148432
-0.0203278508075176
-0.0173048660282384
-0.0153356489661554
-0.0150274099203322
-0.0166082723845426
-0.0200480311794396
-0.0252082881875116
-0.0318423637371736
-0.0393942467488243
-0.0467523879749006
-0.052226544748174
-0.0539186984036864
-0.0504035474462739
-0.0413999137250986
-0.0280703738817351
-0.0127682259750745
0.00166182074954017
0.0127164570192308
0.0188717367322424
0.0198349141793421
0.0163933232468443
0.0099782892878083
0.00213701049152556
-0.00589249585688475
-0.0133854788421027
-0.0201140049665469
-0.0261969389685596
-0.0319107695083118
-0.0375032901079624
-0.0430088702084964
-0.0480869561824725
-0.0519741191999743
-0.0536571775708143
-0.0522695120067505
-0.0475435812130104
-0.040067346080723
-0.0311768011348765
-0.0225177700191689
-0.0154927060464575
-0.0108584212881944
-0.00863456299473418
-0.00829901219177661
-0.00910949261304437
-0.010376521686087
-0.0116005252260239
-0.0124935327803682
-0.0129608669728244
-0.013096510287629
-0.01317335117372
-0.0135532134335952
-0.0144744823982303
-0.0157978853449468
-0.0168912523827577
-0.0167867172056856
-0.014565532664033
-0.00977060314473214
-0.00263370157920706
0.00598830579511559
0.0149314991379614
0.0231378978640064
0.0299452391486383
0.0351030636836235
0.038560160957513
0.0402487103053958
0.040071736203822
0.0380801959272303
0.0346234536312468
0.030279519087642
0.0255906397014293
0.0208283570235826
0.0160093689324081
0.0111844165859724
0.00678754841099194
0.00374365063453093
0.00316389464092142
0.00573346321516245
0.0111278628828386
0.0178187262521612
0.0234318433369868
0.0255331516225354
0.0224995009424382
0.0140702230401101
0.00131168217829701
-0.0139615463652328
-0.0299403214192892
-0.0453003635478948
-0.0592205007142251
-0.0711274898464116
-0.0804963264896297
-0.0868570313606636
-0.0899070510732153
-0.0895685948369508
-0.0859626998352495
-0.0793918068489302
-0.0703953119978322
-0.0598370316613624
-0.0489393005855058
-0.0392125883408437
-0.0322458264565938
-0.0293074017842622
-0.0307937600010494
-0.0357916214853898
-0.0421447918544126
-0.0471727810767915
-0.0487112386849673
-0.0458806422583836
-0.0391784828392884
-0.0299322507639101
-0.0194999148610097
-0.00868271306638384
0.00237181055149552
0.013828389266869
0.0256903894924085
0.0374977482312838
0.0483009099548135
0.0568575724165078
0.0619832603162053
0.0629741771584683
0.059919862399628
0.0536880023142021
0.0455576665151074
0.0367548824137151
0.0281721211095479
0.0203002863809816
0.0132727759163149
0.00706377035484423
0.00183304353454881
-0.00190479098416351
-0.00352803738102961
-0.00271584228455863
0.000385501870602662
0.00529825578411912
0.0114378713288222
0.0182369222754394
0.0251316074075709
0.0315055189154425
0.0367176981420992
0.040248648812864
0.041865507519165
0.0416787169476134
0.0400669592828255
0.0375610268087918
0.0347765664859024
0.0323857802083471
0.0310385731683215
0.0311685927494138
0.0327261758695371
0.0349817104262132
0.0365609461854386
0.035781571614417
0.0312073652239927
0.0222222754844974
0.00940966899504542
-0.00542485314374926
-0.0196585804558092
-0.0306149849462451
-0.0364368515410257
-0.0367111678747972
-0.0325582112312542
-0.0261361308796734
-0.0197822710094862
-0.0151652131464053
-0.0127991088836631
-0.0121095529883778
-0.0120008706953987
-0.0116268783617475
-0.010930016090152
-0.0106254182597646
-0.0116597065842425
-0.0145305714426047
-0.0189252683785141
-0.023872699397261
-0.0282415496247566
-0.0312396782367273
-0.0326562186981842
-0.0328014900753724
-0.0322653765302501
-0.0316574506984437
-0.0314418059539485
-0.0319002372405176
-0.0331903114247005
-0.0354247907456935
-0.0386982623353388
-0.0430324043922823
-0.0482757142839782
-0.0540282167762424
-0.0596498178172658
-0.0643742867132461
-0.0675059357835158
-0.0686291100163394
-0.0677393553130436
-0.0652398234021431
-0.0618147708562147
-0.0582322361035716
-0.0551180602368162
-0.0527306153901562
-0.0507985041249765
-0.0485310737217531
-0.0448804433024451
-0.038987777334316
-0.0305914224402112
-0.0201705429039368
-0.00877361280586063
0.00232014406878537
0.0119140201500535
0.0191041529527093
0.0234202664497968
0.0249093230831754
0.024086725852712
0.0216940809783198
0.0183573655356842
0.0143680716146083
0.00974015356600023
0.00447116517549178
-0.00121974526898998
-0.00683892102726311
-0.0117159036378389
-0.0151179561837339
-0.0163385403431949
-0.0148358532353969
-0.0104446983903253
-0.00352851748204881
0.00505217200735962
0.0140806852447743
0.0221289032930797
0.0278226074696041
0.0303152539166025
0.0296599306647148
0.0266972742182512
0.0225472565698259
0.018120448385752
0.0139103799274186
0.0100510400541583
0.0065016695486294
0.00322358292032107
0.000265423910777574
-0.00225876531688407
-0.00425617728595191
-0.00573827377507438
-0.0068446013462799
-0.00779058343198951
-0.00876734400723326
-0.0098539405711348
-0.01100217296199
-0.0121081571707487
-0.0131145178324772
-0.0140492401251146
-0.0149453259796242
-0.0156838840610233
-0.015893189391568
-0.0150397717109808
-0.0127352051528751
-0.00911201269542559
-0.0050154329595504
-0.00181296917065604
-0.000836798011474936
-0.00272366323826447
-0.00702398684056439
-0.012313604457377
-0.016746865990827
-0.0187610380395313
-0.01761978012192
-0.0136130799321544
-0.0078811446546584
-0.00194987882177991
0.00282925615556057
0.00568233110197761
0.00647391466572101
0.00545131095013832
0.0029181744292581
-0.000880557270309584
-0.00559073440585439
-0.0105076127430196
-0.014554262088552
-0.016574651810559
-0.0157558585633442
-0.0119013645130657
-0.00543080024084624
0.00280090327534088
0.0116954073061236
0.0200450395378465
0.0266813709904125
0.0307281156666975
0.0319140735640216
0.0307604170587643
0.0284752245527291
0.0265670185398604
0.0263564705847548
0.0285772252822051
0.0331558311015734
0.0391949607549063
0.0451969129476191
0.0495442268050787
0.0511144411257938
0.0497447133316146
0.0462703648750353
0.0420919543536002
0.0385142213123769
0.0362234605157015
0.0351453366879833
0.0346678323716581
0.0340228560562456
0.0326057738787684
0.0301244024721407
0.0265863987561224
0.0221924933056892
0.0172121626788602
0.0118994194812398
0.00647026399898379
0.00112562586256059
-0.00391922867328696
-0.00843727525087716
-0.0122350013684692
-0.0152083498823164
-0.0173563296402812
-0.0187277044254247
-0.0193334648729484
-0.0190915710770238
-0.0178492171223018
-0.0154694094094788
-0.0119237480327491
-0.00734129544498132
-0.00201215120909243
0.00362207393103366
0.00897708313732904
0.0133623436290097
0.0160861988491928
0.0166432284527545
0.0149492097306086
0.0115244706160801
0.00747361070573236
0.00416005266317483
0.00266896511029601
0.00335145235997768
0.00573779934468916
0.00887385962171001
0.0118682723096005
0.0143352234262353
0.0165097737455884
0.0190107821106509
0.0224178018180132
0.0269128749037043
0.0321610105060497
0.0374189137304687
0.0417253825713877
0.0440543110410934
0.0434457923210354
0.0392002278648671
0.0311408822790126
0.0198237985239147
0.00654873270784171
-0.00688262471415256
-0.0185980436935503
-0.0271340731402389
-0.0317866240170651
-0.0326892159394081
-0.0306048334728059
-0.0265794308814474
-0.0216596543687252
-0.0167629204817212
-0.0126160407691467
-0.00963091513830671
-0.00771735784286306
-0.00619901008553311
-0.00400107540843034
-8.7386295547625e-05
0.00608089704330331
0.014313089781672
0.0237634029586249
0.0332115722821647
0.0413975381382736
0.0473090241814471
0.0503734606582454
0.0505259098457627
0.0481460749719885
0.0438965733375093
0.0385269274121963
0.0327095992515297
0.0269481018142838
0.0215588774717276
0.0166971902825611
0.0123921745357604
0.0085815465944916
0.00516492628586888
0.00208890215950947
-0.000564252335671371
-0.00254537458666132
-0.00351113957113162
-0.00319493011012315
-0.00162146655094965
0.000717562797994197
0.00282793401084776
0.00341110489333808
0.00131023254560464
-0.00393707752882916
-0.0117165251826302
-0.0203851170964583
-0.0277949967113855
-0.0320561384572887
-0.032163343413429
-0.0282189681527042
-0.0212270784534912
-0.0126378282158862
-0.00389157524369889
0.00384808785274307
0.00973909147958368
0.0132121277628215
0.013989978592985
0.0122028069616847
0.00847276364343834
0.00383481112838364
-0.000511956104413406
-0.00351941959993302
-0.00456132515937994
-0.00359058344103348
-0.00113915338377501
0.00185872559740281
0.00437811408117752
0.00563645450363769
0.0053197052585762
0.00363180631415672
0.0011786808152963
-0.0012513240749979
-0.00293513595640177
-0.00342589182285203
-0.00268759654533554
-0.00113510219427716
0.000440698715544015
0.00108221182275665
-2.10042169482297e-05
-0.00322466571948753
-0.00826260054161956
-0.0142836979552082
-0.0200657037720416
-0.0243359182901263
-0.0261107777861753
-0.0249440358528956
-0.0209917161228506
-0.0148891650188982
-0.00752171777840523
0.000215865871438182
0.00760428747326331
0.0141708267370457
0.0196037448558814
0.0235574902556675
0.0255261986265543
0.0249757811793805
0.0217297229751425
0.0163405512382622
0.010112778619435
0.00467395727664307
0.00132700921277288
0.0005682715551665
0.00201331928923172
0.00468741576541479
0.00745025298467139
0.00934482208854527
0.00979783946524973
0.00869194933229184
0.00631867614136472
0.00319136047955463
-0.000243892090436373
-0.00383727699887613
-0.00771317065423993
-0.0119801419018561
-0.0164064599585188
-0.0203506877832205
-0.023015208774017
-0.0238185787911476
-0.0226274258161899
-0.0197526179661217
-0.0157896362439445
-0.0114266212034787
-0.00729182190214179
-0.00385989928465033
-0.0014148578846992
-6.0237687487668e-05
0.000234960305726635
-0.000429522006235048
-0.00193987929600066
-0.00417494927870227
-0.00696341586392019
-0.0100445076379896
-0.013092108999704
-0.0158043813901436
-0.0180000971354004
-0.0196571411487451
-0.0208719736705687
-0.0217713791187003
-0.0224387538427483
-0.0229084924960034
-0.0232308856861719
-0.023545704883388
-0.0240797164142536
-0.0250326214990645
-0.0264034541767416
-0.0278643932917699
-0.0287752603659995
-0.0283676600508766
-0.0260399355820881
-0.0216192717938229
-0.0154292802585386
-0.00811774379356402
-0.00039858791417461
0.00704889798933939
0.0134438946370913
0.0177427162950092
0.0187697059208748
0.0157217111475247
0.00875925160424176
-0.000746628577010608
-0.0105389807644268
-0.0182372587731654
-0.0221536449825246
-0.0217746919003171
-0.017733026339912
-0.0113827821474576
-0.00426446187911764
0.0023014491440657
0.00742635115030326
0.0107240313368352
0.0122886695637094
0.0125856234184086
0.0122641763875953
0.0119407259413287
0.0120218064766851
0.0126220586531563
0.0135958958603435
0.0146566879774582
0.0155220511781275
0.016020732017186
0.0161276519920447
0.0159339263746515
0.0155825901541436
0.0152047792161462
0.0148848146253594
0.0146676815928781
0.0145936337764144
0.0147144356641099
0.0150489056783939
0.0154893379007406
0.0157373588202193
0.0153597353930467
0.0139797682309956
0.0115028695037456
0.00821588856754186
0.00467351297562963
0.00145027639439982
-0.00105568106294697
-0.00264409978852159
-0.00321636297568533
-0.00273821531506113
-0.00137271557288806
0.000304782119553551
0.00124810228745274
0.000225449505481835
-0.00360314451740707
-0.0101224242458827
-0.0180897233582714
-0.0255328521743337
-0.0305404287991785
-0.0320113097333955
-0.029975807681364
-0.0253965935581983
-0.0196523376860983
-0.0140089912985231
-0.00929523473408373
-0.00583725508390432
-0.00357867437366665
-0.00226629243729639
-0.00161846085851376
-0.00145351992693792
-0.00177552428585554
-0.00279020725638197
-0.00481526958452189
-0.00809592298942051
-0.0126049091314415
-0.0179308549217787
-0.0233211895277353
-0.027882447918106
-0.0308835357893393
-0.0320507777885779
-0.0316933226074124
-0.0305232204922792
-0.0292032846196769
-0.0278919726672438
-0.0261374146173489
-0.0232591854096914
-0.0189838711079452
-0.0138831452280294
-0.00928033578587641
-0.00663994934405629
-0.00678538100302918
-0.00940417108242409
-0.0131360045367725
-0.016193302361063
-0.0171587711707505
-0.0155381680409456
-0.0118360957367788
-0.00720277861504334
-0.00288487866359838
0.000263592216284219
0.00203996393798158
0.00286222655774574
0.00348949050876991
0.00462397397564488
0.00658471307790728
0.00921344467866906
0.0120349081253337
0.0145374276743347
0.0163929554301958
0.0175234138723168
0.018042155064994
0.0181509317044098
0.0180443822524504
0.0178300964585464
0.0174667139476612
0.0167479629535202
0.0153684804046628
0.0130675311396818
0.00978495947689918
0.00573798879117756
0.0013702550079577
-0.00279138516068769
-0.00627676736951949
-0.00872853640146594
-0.00987731938968457
-0.00952161094579595
-0.00759518423752349
-0.0043009919399495
-0.000182318314957151
0.00398826784017354
0.00748688445980357
0.00993137460527541
0.0114148391818025
0.0123954282846616
0.0133848378716856
0.0145824864427586
0.0156553071549563
0.0158243251537442
0.0142636529748845
0.0106111819247289
0.00528366547750953
-0.000610419721145587
-0.00571468161374602
-0.00896385241456041
-0.0099307980817373
-0.00884679477096081
-0.00634970742698156
-0.00311881351314026
0.000434837851140156
0.0042840405784473
0.00862953165441029
0.0135238878750741
0.0184954153391072
0.0224582916056915
0.0240421625876405
0.0221871157605061
0.0166615916623823
0.00821874072714103
-0.00165299927043703
-0.011197227868247
-0.01882240641428
-0.0233636468741734
-0.0241907517998697
-0.0212221837050494
-0.0148539764242261
-0.0058086430174453
0.00501623038052152
0.0166044239065936
0.02781253869692
0.0374527392044707
0.0445629477300418
0.0487497681180315
0.0503579272693598
0.0503120062041127
0.049699232216711
0.0493210593576263
0.0494377033378018
0.0498035685619828
0.0499354143169741
0.049445779798388
0.0482587123867803
0.0466081896364773
0.0448468101921478
0.0431838018082104
0.0414942216316813
0.0393114276070691
0.0360372785665825
0.0312812527693494
0.0251387346535035
0.0182396448315925
0.0115425253069299
0.00599653688377178
0.00223734097698622
0.000427298507169192
0.000266311387998015
0.00113608623553253
0.00230869525853241
0.00314779144668237
0.00324988125346002
0.00249925234176125
0.00103202890839085
-0.000876826617834732
-0.0029660840791404
-0.00511610932071692
-0.00738476101022944
-0.00992975561562753
-0.0128650949117866
-0.0161301424514114
-0.0194255427572266
-0.0222412781405891
-0.0239982037990588
-0.0242943886610399
-0.0231536933922176
-0.0211010733431406
-0.0189641261153683
-0.0175013633658331
-0.0170965011649242
-0.0176948534930502
-0.0189652599460841
-0.0205339025232604
-0.022141205519075
-0.0236597514840274
-0.0249966895373513
-0.0259629825333999
-0.0262131550087037
-0.0253156661630614
-0.022917566938828
-0.0188952667688996
-0.0134000658388862
-0.00678879463936129
0.000499581178126395
0.008047472525475
0.0155048401118732
0.0225913375698525
0.0290944154395649
0.0348838400262324
0.0399171207856457
0.0441945909789589
0.0476696470325726
0.0501843953017135
0.0515035659482193
0.0514433461060027
0.0500088079343525
0.0474402638338512
0.0441286249039841
0.0404414803630455
0.0365557190969995
0.0323902970440647
0.02767132414863
0.0220834013027448
0.0154328445031777
0.00778254932878713
-0.000453717493164425
-0.0085011164675823
-0.0153766733957176
-0.0202242328415236
-0.0226993948250595
-0.0231695090147287
-0.0225685435905754
-0.021968571168678
-0.0221192726016492
-0.0232052556924369
-0.0248951387553302
-0.0265732151744886
-0.0275945805917932
-0.0274764147076511
-0.0260174705490942
-0.0233464563053306
-0.0198654169421788
-0.0160585204427171
-0.0122175515665292
-0.0082387315907915
-0.0036654206846066
0.00197566011038613
0.00871314876402629
0.0158513866574959
0.0220958275811099
0.0260385735947167
0.0267191151244139
0.023955068341008
0.0183241842526608
0.010894713235326
0.00289124367780912
-0.0045682801078873
-0.0106293259609188
-0.0147727221029012
-0.0168215267117841
-0.0168941300370973
-0.015328601619805
-0.0126085317734067
-0.00929354670319535
-0.0059333628238575
-0.00296299220529099
-0.000617394130352735
0.00108746081116806
0.00229854446424575
0.00323429980469295
0.00410844812084529
0.00507990113772674
0.00618552457379784
0.0072154773674655
0.0075854938570508
0.00636704581602803
0.00260485207700504
-0.0041570936079953
-0.0134338633454529
-0.0237388260164099
-0.0329788911424524
-0.0391262740063023
-0.0408735915641923
-0.0380207885525791
-0.0314680182445593
-0.0228460954526461
-0.0139595024304446
-0.00627400037805621
-0.00061454234270189
0.00289149990463921
0.00468664498215751
0.00555485057891903
0.0063612193054148
0.00781791537603917
0.0103294770759553
0.0139519104925333
0.0184622473120542
0.0234964315715666
0.0286941148266016
0.0337960300744915
0.0386662491178375
0.0432440721191477
0.0474550084295706
0.0511222130895065
0.0539214047946922
0.0554097327845908
0.0551224197946873
0.0526836730096162
0.0478647557264951
0.0405688486541564
0.0307953642249804
0.0186705941449129
0.00458957034246902
-0.0105908858857614
-0.0254694702121261
-0.0382845409979419
-0.0473597979903306
-0.0515966348906174
-0.0507460275867922
-0.0453674502024134
-0.0366086560903573
-0.0259910931707932
-0.0152452875409382
-0.00610136586592251
3.96355209673785e-05
0.0024860776467619
0.001509002524296
-0.00169417481187268
-0.00536368775950252
-0.00775313571260641
-0.00769591152844042
-0.00493972068102796
-0.00013581424309879
0.00546825996043601
0.0104673771126351
0.0137017281811583
0.0145416764123975
0.0130420683369512
0.00994297946020603
0.00646649515117399
0.003922188005395
0.00326440253803399
0.00479554305430471
0.00811640302870569
0.0122938116581183
0.0161631341763164
0.0186857040221919
0.019262161111515
0.017878321323174
0.0150101552822734
0.0113398342856563
0.00743464467587512
0.00353627325370182
-0.000468778917817782
-0.00489885396831906
-0.0100019584775697
-0.0156796168052852
-0.0213828312461763
-0.026283297537576
-0.0296302870516136
-0.0310517323334732
-0.030604707667121
-0.0285800849145682
-0.0252263147481563
-0.020565597275097
-0.0143914693917246
-0.0064625852267207
0.00314914486129537
0.0136892886863264
0.0235669175241384
0.0306377510352297
0.0329251260796913
0.0294659664879355
0.0208262460512644
0.00900619476694736
-0.00319265860337
-0.0130199570059197
-0.0185150482944344
-0.018920624841459
-0.0146975507972105
-0.00719989444381447
0.00180094565151708
0.0105057819582287
0.0172705806633402
0.020688355499608
0.0198031734744087
0.014542644951642
0.00611680078102782
-0.00305254092039653
-0.010066538022407
-0.0126362030519951
-0.00991097392594234
-0.00262292485226152
0.00741723427514228
0.018100855671555
0.0276701099636164
0.0349757916070503
0.0393031403778377
0.0399937641226859
0.0362946501369257
0.0277352751884084
0.0148334651909129
-0.000492246152591618
-0.0152809269787593
-0.0265290378195006
-0.0322374985506531
-0.0319691287313503
-0.0267726039184126
-0.0186634588420232
-0.00996022004072591
-0.00272199936838397
0.00158207120842353
0.00217084926163669
-0.0010899558990545
-0.0077537066576439
-0.0168134186555393
-0.0266930590213928
-0.0353305307816474
-0.0405176442032751
-0.0405333638036592
-0.0348309676540799
-0.0243616588894514
-0.0112719037389537
0.00187520296801723
0.0128903837157321
0.0203613741460135
0.0236331172273748
0.0226471556304318
0.0179285065094927
0.0107370461913913
0.00311859642637252
-0.00244580893328308
-0.00383714188959623
-0.000222187424917143
0.0074063485507396
0.0164396930970456
0.0235936662250588
0.0261894414622143
0.0232239420622998
0.0157687661702322
0.00651458233136475
-0.00135762981694033
-0.0054968672530489
-0.00532305207123997
-0.00217801645764923
0.00139101794089929
0.00290069480657797
0.00112997703215613
-0.00340446839788836
-0.00897228224303887
-0.013805876691464
-0.0171404385282826
-0.0194343037955456
-0.0216866085182314
-0.0244004680706887
-0.0269377203995874
-0.0276930695881885
-0.0249631286903606
-0.0179613117671052
-0.00737101393102981
0.00483785753279452
0.0161211693759682
0.0241367997874318
0.0272594312591492
0.0248320398274459
0.0173056309599505
0.00628658943426995
-0.00569329703851114
-0.0158536797756842
-0.02215977349309
-0.0241629250491469
-0.0231633744522547
-0.021514343129621
-0.021407024900942
-0.0238024858222175
-0.0280776621515795
-0.0325124218632533
-0.0352808190354495
-0.0354004512872254
-0.0331862783349327
-0.0300288062173879
-0.0276375188325758
-0.0271436204983924
-0.0285194589224259
-0.0305874436293111
-0.0315638578480858
-0.0298325348018262
-0.0246152306745728
-0.0163417794731692
-0.00665241144122173
0.00198679933229567
0.00701863203686981
0.00669903778035768
0.000837613422265993
-0.00896819166043489
-0.0197658200870789
-0.0282253964165519
-0.0317928395694691
-0.0295533835161235
-0.0224581769717271
-0.0128511842283287
-0.00354178333977672
0.00315575162678737
0.00603361192659808
0.00509317980039693
0.00125193974850183
-0.00407982994028395
-0.00934165747490378
-0.0130612135247631
-0.0140977905043827
-0.0119510642228743
-0.00702672370860168
-0.000654612030488669
0.00524676511054175
0.00874499950952217
0.00844134210645701
0.0037673813664913
-0.00500463353427834
-0.0169104385344397
-0.0304662521147761
-0.04384728956143
-0.0551442558621465
-0.0627206685035872
-0.065559857435097
-0.0634317847327051
-0.0568078707287001
-0.046617492561487
-0.0340170913185171
-0.0202712671361032
-0.00670354428597349
0.00540275505263192
0.0150148938806815
0.0215980722949762
0.0252471511236417
0.0266052388133058
0.0266042221583503
0.026156261396749
0.025923087358222
0.0262236516157599
0.0270706422179691
0.0282810793699525
0.0295832900106682
0.0306466498514761
0.0310115547397766
0.0299873181509194
0.0266508732460609
0.0200509583877688
0.00960627962596237
-0.0044437270859459
-0.0207477161629889
-0.0368973592474543
-0.0498876955458667
-0.0568621005331907
-0.0558924046867834
-0.0465446443680157
-0.0300773895387078
-0.0092194614296317
0.0124513397582215
0.0314038825349389
0.0450597332706414
0.0523778253489247
0.0538959577922024
0.0512526280535575
0.0464357601446887
0.0410837390041964
0.0360876448875097
0.0315761162448027
0.0271932998286635
0.0224814602283289
0.0171837100797377
0.0113640272031689
0.00534894406406497
-0.000420444477061977
-0.00551224626691697
-0.00953549501066868
-0.0120970453219347
-0.0127600747817867
-0.0110744572620113
-0.00669734489188186
0.00043222927486818
0.00993366849549152
0.0209056277023118
0.0319508721800238
0.041297924617676
0.0470539694237096
0.0476742016780143
0.0426198709974507
0.0328911567498285
0.0209812041735259
0.0101237731488667
0.00325887319357458
0.00217743840723427
0.00666800561686535
0.0134699080962
0.0165316752918806
0.0108174581122443
-0.0024173648444994
-0.0156375444295044
-0.0218435522421952
-0.0200331974968314
-0.0133326995001856
-0.0042656340956106
0.00661520872786482
0.0190701305250298
0.0319087725690546
0.0433056501946775
0.051687679486256
0.0561687315415848
0.0564008081443057
0.0522841487642326
0.0439856564361309
0.032344633192572
0.0192856036520828
0.00769407003618188
0.000562668819557705
-0.000185426839222579
0.00549679467190428
0.0157472039023161
0.0273921115526334
0.0367576180097351
0.0404493543177669
0.0361323476793307
0.0233133742294753
0.00382857979973894
-0.0183930357711703
-0.0384150863940279
-0.0518513426887795
-0.0562566121899614
-0.0518348194676822
-0.0412605507141859
-0.0287012078896141
-0.0183588104882399
-0.0130365325340095
-0.0132806359138495
-0.0174279751122133
-0.0224590262338762
-0.0251919732766616
-0.0233135161887573
-0.0160075780808284
-0.00421784576030478
0.00941672848988676
0.021112821817505
0.027129698798895
0.0252778121829752
0.0159026617180559
0.00160174854646896
-0.0142020068050475
-0.0288444115471807
-0.0411582323179985
-0.051149469661275
-0.0591629569274707
-0.065203795913731
-0.0687042462539237
-0.0686958184377453
-0.0642729014633615
-0.0552145414201477
-0.0425062716560639
-0.0284125915174483
-0.0159000484035631
-0.00757354690555183
-0.00461321982925505
-0.00625326121168161
-0.0100907026675822
-0.0131008523005746
-0.0128886222286607
-0.0085990607355941
-0.00110111365209627
0.00755639042663127
0.0150598111757221
0.0196394980363367
0.0204592224874335
0.0175726305517301
0.0116472942153094
0.00367374436209125
-0.00523920423293181
-0.0139919393685437
-0.0215908886982149
-0.0272491065201855
-0.0304954384168093
-0.0312596078570121
-0.0298771826043425
-0.0269801449484557
-0.0233001136380555
-0.0194676214626902
-0.0159016727794098
-0.0128343598205645
-0.0104173374281842
-0.00877401955319812
-0.00791476970749021
-0.00766207912148614
-0.00787213792481007
-0.00884193053407667
-0.0110295904075985
-0.0134729102729383
-0.0125899180666862
-0.00454310932102315
0.00981138510213891
0.0241319142108901
0.0325892094780564
0.0351332846592324
0.0356005878047952
0.0367380086247229
0.0386028192608315
0.0402669271131307
0.0413607596163101
0.0421032739364801
0.0426883335328097
0.0429713520562032
0.0426042026830998
0.0413316891122768
0.0391899132999096
0.0365043164021435
0.0337128708114047
0.0311361958609082
0.0288512480920765
0.0267428907364091
0.0246565962020986
0.0225058328557971
0.0202689063213032
0.0179332024946997
0.0154693334245598
0.0128493748279649
0.0100731092928853
0.00718142867839087
0.0042602048354029
0.00142621654341261
-0.00122265363079098
-0.00367384073742671
-0.00601945031083909
-0.00838579976401665
-0.0108132075149386
-0.0131833422238397
-0.0152578340502307
-0.016798913066617
-0.0176791843355327
-0.0179073112878901
-0.0175741656073526
-0.0167861046888472
-0.0156453420169446
-0.0142780589033387
-0.0128630738466817
-0.0116158981376646
-0.0107143771326384
-0.0101840650125299
-0.00979840938141102
-0.00908188380732112
-0.00747445947805868
-0.00459940259064196
-0.000471803550849721
0.00448172427636143
0.00957108321921914
0.0140239725568167
0.0170942939279076
0.0181109322178035
0.0165634162154391
0.0122926287018365
0.00573928585296079
-0.0019074271909188
-0.00882984713627634
-0.0130212485181092
-0.0129115934719498
-0.00791476506075137
0.0013572561279
0.0133127781907611
0.0259151994922713
0.037268328058413
0.0459991272340825
0.0513498041706074
0.0530798944533138
0.0513461601843745
0.0466438544644525
0.0397647221616232
0.0316855563069309
0.0233749973650592
0.0156114186332797
0.00893386324668186
0.00376100636408117
0.000568221580966545
-6.67424139058606e-05
0.00234091349924015
0.00783569797214359
0.0157563729798694
0.0247378864925285
0.0329817787638914
0.0386672981606621
0.040386774380157
0.0375270580928355
0.0304752606555983
0.0204902687342876
0.00921273277736575
-0.00195389609180476
-0.0122253294337962
-0.0213846739005056
-0.029436621480096
-0.0362957510999001
-0.0417264116509036
-0.0454990326711888
-0.0475877448453546
-0.0482767043165549
-0.048140584771085
-0.047910089067888
-0.0482541134111429
-0.0495605282840242
-0.0518330678563341
-0.0547617287803399
-0.0578966921011834
-0.0607941310763449
-0.0630754578671279
-0.0644561652108099
-0.0648173710293951
-0.064299894815492
-0.0633136077861162
-0.0623781524880805
-0.061836729809773
-0.0616104167307376
-0.0611769237936395
-0.0598321912359011
-0.0570995421162853
-0.0530282786632179
-0.0481834625789191
-0.0433495891871734
-0.0391737732318057
-0.035974369822334
-0.0337567846773023
-0.0323180356084235
-0.0313323986092968
-0.0304166124019777
-0.029213455781586
-0.0274789328307983
-0.0251172327446036
-0.0221457206603675
-0.0186330848650107
-0.0146583385326473
-0.0102962988251544
-0.00561185253230826
-0.000659310278437976
0.00450472938399787
0.00979715663341298
0.0150840474258527
0.0201607552787948
0.0247425512932322
0.028496794289941
0.0311560835528488
0.0326950702865815
0.0334605205617579
0.0341186774527512
0.0353849687443015
0.0376576006226453
0.0407576170787838
0.0439248890486498
0.0460824814818685
0.046254492990872
0.0439666857340197
0.0394771475549661
0.0337430342205101
0.0281089425313582
0.023806047831963
0.0214607948898765
0.0208533158025172
0.0210606306750371
0.020897783634435
0.0193966335368516
0.0160914670180612
0.011074554403879
0.00493617901569936
-0.00132704475783773
-0.00647661889742871
-0.00933791716092055
-0.00919392601856953
-0.00608136098931369
-0.000812466754261284
0.00530302780240965
0.0108943113492138
0.0149195412443677
0.0168674665166546
0.0167489508897932
0.0149457632421307
0.0120025062759405
0.00842734099164947
0.00456356129731991
0.000611757081484097
-0.00314595935271367
-0.00600679370505452
-0.00667285933994833
-0.00356545554242839
0.00432593201716927
0.0164962915487068
0.0305783632486149
0.0429998841376942
0.0503617763820897
0.0507545824523356
0.0443333584771569
0.0330221273581804
0.0197012219068459
0.00731826320639907
-0.00182475083636047
-0.00652195318547081
-0.00680347490264411
-0.00373681587300492
0.00104507520598664
0.00591111710511064
0.00968479919582953
0.0118471384163035
0.0124812707873599
0.0120513637094581
0.0111389916314624
0.0102271970751531
0.00957151386276669
0.0091650206465725
0.00878597807691476
0.00809135039362132
0.00670476671347817
0.00428297051131762
0.000608651872553253
-0.00424304504787989
-0.00971912374307296
-0.0147396695487499
-0.0179107516546456
-0.0179756605522687
-0.0143367673427522
-0.00742646334926055
0.00125957570404433
0.00954202731770152
0.0152446991100984
0.0169062919816187
0.0141949212060803
0.00785929936251347
-0.000693124227520713
-0.00992132216714046
-0.0185165976583704
-0.0255073896685014
-0.030185745733213
-0.0320254942466058
-0.0307155497498197
-0.0263083479265675
-0.0193784627937918
-0.0110573383278139
-0.00285369118531687
0.00373494723550686
0.00768630716457021
0.00876301743114396
0.00747414883115199
0.00469882296073647
0.00122773261826749
-0.00244883405943387
-0.00598035618500417
-0.00882890838256351
-0.0101497091628888
-0.00908940600907773
-0.00534738708714529
0.000404627583275562
0.00657648811502279
0.0111973038010714
0.012648366708863
0.0102395537298756
0.00442383635903877
-0.00338292915391161
-0.0113113784979057
-0.0177271360421514
-0.0218341974521941
-0.0238931746379965
-0.0249196574718983
-0.0260248445226452
-0.0277663626177238
-0.0298478932772872
-0.0312947354067323
-0.030990758885227
-0.028305140278213
-0.0235081617371317
-0.01777303931478
-0.0127498468242182
-0.00990198466339422
-0.00991453204753643
-0.0124445937951609
-0.0163009384080397
-0.019924272010942
-0.0219245778515477
-0.0214683146504861
-0.018425536288808
-0.0132833485045078
-0.00688523333806623
-0.000103341813621778
0.00641410643048418
0.0123113328129578
0.0174058760422027
0.0214824495535539
0.0241384428914208
0.0247902567865726
0.0228744800843774
0.0181674300975052
0.0110415343436583
0.00247381162809621
-0.00622470101923656
-0.0137846263789607
-0.0192312668435912
-0.0219550306162385
-0.0217452020658631
-0.0189262508784956
-0.0145127002458247
-0.0101353402604234
-0.00760810410242369
-0.00828884796153888
-0.0125511555080158
-0.0196136334652639
-0.027789828987821
-0.0350615991708045
-0.0397637971825307
-0.04110469675352
-0.0393019810173404
-0.0353146770673144
-0.0303718666280643
-0.0255572745843103
-0.0215766833639732
-0.018676483925102
-0.0166501054440785
-0.014932258561061
-0.0127988492838943
-0.00961956749273583
-0.0050519124527705
0.000889772948927438
0.00786145288844585
0.0152581094509729
0.0223260813026053
0.0283487423207736
0.0328671926057478
0.0358179461545984
0.03749510103262
0.0383616568770222
0.0388255565706633
0.0390911954272736
0.0391322593668929
0.038770718773043
0.0378129728177505
0.0361797054811582
0.0339666156224698
0.0313992375627181
0.0287038139546078
0.0259804811504448
0.0231764604059603
0.0201868903975234
0.0170095955205673
0.0138353266468039
0.0110024396837637
0.00883853775028901
0.00748099438266094
0.00678091383612384
0.00635456832769763
0.00576526778521857
0.00472999677073443
0.00321680939243654
0.00137645256887378
-0.000618204723127392
-0.00268744547047702
-0.00483572110186336
-0.00705469769039039
-0.00923912055448712
-0.0111880538185637
-0.0126856533007241
-0.0135978685648083
-0.013922728753132
-0.0137761199255101
-0.0133358129236235
-0.0127741248271829
-0.0121956003243293
-0.0115907626901776
-0.010827980088682
-0.00971091547707927
-0.00810817143671574
-0.00611588779013028
-0.00416365145709343
-0.00296070776953149
-0.00325073601579923
-0.00548407198508039
-0.0096090715189783
-0.0151135651491964
-0.0212527748903907
-0.0272666896530643
-0.0324527182606749
-0.0361459993987495
-0.0377619223273943
-0.0369633942432807
-0.0338468037119934
-0.0289962744062507
-0.0233708139616543
-0.0181027260932399
-0.0142690325445363
-0.0126245048400996
-0.0133139220080714
-0.0157118669494357
-0.018582177083214
-0.0205741524840902
-0.020803947767264
-0.0191718126955966
-0.0162481545568293
-0.012861126810683
-0.00968010064558734
-0.00701746159054512
-0.00488376150502139
-0.00319055428903848
-0.00195094472053018
-0.00134918136260653
-0.00162663226334775
-0.00285358547445327
-0.00474917224334088
-0.00668542007391809
-0.00788230327138639
-0.00768475539259381
-0.0057901275417189
-0.00234049201539231
0.00214827756576328
0.00699153001906031
0.0115837513698413
0.0155641303759926
0.0188166284043142
0.0213295419535948
0.0230310882592811
0.0237162985374225
0.0230993088562113
0.0209471778326954
0.0172314108012668
0.0122479139791762
0.00666062745191831
0.00142246844421666
-0.00244530479412436
-0.00417136574183003
-0.00353938457096452
-0.00103300566745112
0.00229813476486233
0.00524586830876631
0.00693302865256469
0.00709776367163679
0.00601386860164616
0.00415500247182134
0.00186592115359292
-0.000769326328823384
-0.00384647586332469
-0.00744103358991301
-0.0114026100128088
-0.0152403923046868
-0.0181604769010772
-0.0192544239142901
-0.0177762464172955
-0.0134161468585991
-0.00648092204649294
0.00209725770899967
0.0109656120454441
0.0187215917159912
0.0242997635997295
0.0272117896795297
0.0275855265743626
0.0260697443424901
0.0236823005512569
0.0216125438749572
0.0209663130198039
0.0224931259288535
0.0263768007736523
0.032157037294985
0.0388193425272638
0.0450628747552388
0.0496931213091553
0.0519950170173792
0.0519153795563603
0.0499862960639853
0.0470763837597112
0.0441178948032711
0.0418877562062289
0.0408340267798946
0.0409449998896428
0.041722504682772
0.0423223750728409
0.0418223934612923
0.0394815737746702
0.0348930812545537
0.0280627279624501
0.019483887790751
0.0101670501314713
0.00148764944233205
-0.00519249757276016
-0.00897124132427789
-0.00967021978867957
-0.00779054437721444
-0.00424715287872914
-7.79902401783799e-05
0.00374339749803955
0.0064043762812151
0.00733128510232986
0.00626425807656239
0.00327780527483539
-0.00127994785382723
-0.00688276224666032
-0.0128976541975279
-0.0186398661674092
-0.0234648740832514
-0.0269046713334459
-0.0287756751811848
-0.0291779587528347
-0.0283868641250954
-0.0267230764024735
-0.0244919357350437
-0.0220068485783903
-0.0196268189529685
-0.0177211976690386
-0.0165466272318211
-0.0161219846141617
-0.0162146990382683
-0.0164629803106812
-0.0165368292844575
-0.0162190023145529
-0.0153885127463461
-0.0139910737398095
-0.0120638767872019
-0.00977901634815581
-0.00742038279775692
-0.00527897046297542
-0.00355173105572573
-0.00233284139026577
-0.00168823819216231
-0.00171802992687804
-0.00252796450571297
-0.0041232825628595
-0.00630743221036199
-0.00865799726154426
-0.0105986980915612
-0.0115528117401246
-0.0111494261066155
-0.00941434579611801
-0.00682678578420079
-0.00414656077875918
-0.00204941309182852
-0.000762287998038019
6.76976864005985e-05
0.00116097786263956
0.00315599995530053
0.00618700907293375
0.00974442016850973
0.0129023746694178
0.0147771361469327
0.0149486593469646
0.0136166198100084
0.0114351365740138
0.00915212963716388
0.00726005901365702
0.00582383751314307
0.00453794371469103
0.00294702604348244
0.000704056277074101
-0.00223880591642873
-0.00555175451870107
-0.00857640564757609
-0.0105180332876467
-0.010756615108869
-0.00915206055346453
-0.00615996758505924
-0.00266107269151568
0.000407818162805027
0.00241597009719424
0.00322867699769517
0.00318408954507517
0.00290464063885539
0.00302144593127043
0.00390926951978499
0.00553875652435588
0.0075110693637499
0.00925673777686135
0.0103120976894226
0.0105565872119981
0.0102935602035276
0.0101083559048149
0.0105617088021705
0.0119011538584377
0.0139686548748489
0.0163310784529574
0.0185035252243478
0.020111678899101
0.0209320587934953
0.0208477026697081
0.0197962542214388
0.0177726423740345
0.0148987372896808
0.0115091119942398
0.00816739777741517
0.00555815339107463
0.00427784423935448
0.00461395293710638
0.00641026393538019
0.00907825960929109
0.0117598880108558
0.0135900751726068
0.013955740519166
0.0126313323564034
0.00972996718420546
0.00553523448606179
0.000374371264925292
-0.00535274570128538
-0.0110461163713446
-0.0158660845568094
-0.018907691959819
-0.0195163665171223
-0.017538395601324
-0.013360486317511
-0.00777157886976564
-0.00178924270255955
0.00346144015523752
0.00685911354362181
0.00748007888361125
0.00488294507133931
-0.000638589030363308
-0.00800861765602506
-0.015619937515954
-0.0218089231683258
-0.0253430364222587
-0.0257030369280356
-0.0230685830922803
-0.0180755856248695
-0.01150045743995
-0.00401413919966742
0.00391889113082363
0.0119920161018633
0.0199062930351769
0.0272095996695085
0.0332456302712442
0.0373048068456645
0.0389486695567456
0.0383262836604191
0.0362466415196338
0.0338922357195966
0.0322927168650792
0.031853485950998
0.0322057329842587
0.0324318330962196
0.0315096350352601
0.0287663233345189
0.0241975183749039
0.0185615969701752
0.0131901112517363
0.00954198705879446
0.00866322667615699
0.0107839328413347
0.0152299470186852
0.0206907853441471
0.0257329424614188
0.0293281676260944
0.031147201811157
0.0314944268370993
0.0309659099732446
0.0300621001925065
0.0289808692655689
0.0276740078391165
0.0260715109118178
0.0242790040001368
0.0225955317372353
0.0213437705556687
0.0206434862788929
0.0202949872688487
0.0198534842183287
0.0188372741409792
0.0169330817650546
0.014097817099723
0.0105526995795436
0.00672066699875059
0.00313869461234364
0.000340291168665719
-0.0012902592020588
-0.00164682094275238
-0.000940456945478052
0.000394488116654822
0.00189120057422257
0.00323313394081892
0.00432853359653674
0.00525781273349277
0.00616120330421711
0.00715207696302592
0.00829170891007493
0.00960237467836799
0.0110697700953375
0.0125986726015486
0.0139338474635869
0.01461983360612
0.0140886204276658
0.0118854802298773
0.00791510743380277
0.00253590195760125
-0.00357522885202063
-0.00969307328703387
-0.0152610619411863
-0.0199303517637242
-0.0234497795821037
-0.0255483814579627
-0.0259447369678123
-0.0244998344092153
-0.0213935217573994
-0.0171684810012622
-0.0125888415458565
-0.00839990374134854
-0.00511478210317896
-0.00288902690134756
-0.00148867963700327
-0.00036607791278845
0.00113930618084453
0.00352326595381621
0.00688708210171567
0.010869287387465
0.0147554755328941
0.0176938222096976
0.0189299508799752
0.0180073589125893
0.0148954586164018
0.00999795616020348
0.00400984403041482
-0.00233699118524973
-0.00851216273199991
-0.0142615642962632
-0.019467510865593
-0.0239110176591591
-0.0271561008124811
-0.0286967877573054
-0.0282857593603419
-0.0261923548074737
-0.0231768965595057
-0.0201817844830144
-0.0179433800085544
-0.0167675079122206
-0.0165743505210813
-0.0171254953651835
-0.0182468794600549
-0.0199130612988452
-0.0221830272063387
-0.0250587928245291
-0.0283419957104818
-0.0315432594093674
-0.0338960286699077
-0.0345186710600312
-0.0327176385152396
-0.0283372184704155
-0.0219891247973819
-0.0149989633314769
-0.00902318650467659
-0.00548295706255275
-0.00509758893431309
-0.00774646701656259
-0.0126678455119265
-0.0188041815621697
-0.0250871864464074
-0.03059035389555
-0.0346023067653528
-0.0366867505882236
-0.0367273598485398
-0.0349072402992618
-0.0315982640934389
-0.0272056133077606
-0.0220529050401577
-0.0163630968391433
-0.0103221550207909
-0.00416773309377239
0.00175362615290136
0.00699473725286994
0.01109356227603
0.0137160392412718
0.0147824817907962
0.0144743902602277
0.0130818443679948
0.0107935970303911
0.00761301514777031
0.00348418189994968
-0.00148830815751184
-0.00693172910965867
-0.0123018574755174
-0.0170954118894047
-0.0210227732856432
-0.0240528597037048
-0.0263394171660869
-0.0280909932167797
-0.0294567068709898
-0.0304811622891562
-0.0311366877619901
-0.0313905033241651
-0.0312475615605634
-0.0307394599859038
-0.0298767099528548
-0.0286078355562191
-0.0268185363499569
-0.0243680643723833
-0.0211309091410213
-0.0170244321169165
-0.0120457628894579
-0.00634779552743175
-0.000319764125530699
0.00542501905717068
0.0102113361605254
0.0135434141430484
0.0152715288294128
0.0155812991029381
0.0148339305510374
0.013369488659595
0.0113674521570927
0.00879751079927167
0.00546344128404075
0.00113931915428449
-0.00422964106786966
-0.0103414450670049
-0.0164718572868679
-0.0215951168234279
-0.0246664632446414
-0.0249501631343052
-0.0222446507361008
-0.016914267349854
-0.00974517868729553
-0.00171889597712802
0.00620430296807162
0.0132463517893571
0.0189040988886298
0.022961981911786
0.0254134236930971
0.0263169448502136
0.0256756787573176
0.0234449208846976
0.0196826672688128
0.0147204323793446
0.00919140386843091
0.00386887025936946
-0.000577447091547593
-0.00375959412815598
-0.00562102631740605
-0.00638762138040016
-0.00647027567730421
-0.00634424255644328
-0.00642142695196825
-0.00694818532076571
-0.00796744483990209
-0.00935840246906552
-0.0109256336318978
-0.0124844797069084
-0.0138985972244343
-0.0150577412891823
-0.0158165439210269
-0.0159385241218633
-0.015100503347474
-0.0129937018397529
-0.00949876155470294
-0.00484676626245728
0.000337342476769698
0.00516177773011008
0.00873254036288787
0.010448048739302
0.0101946909088641
0.00836743150555865
0.00573127317426009
0.00319695459975687
0.00158362412218607
0.0014242046473854
0.0028631604263534
0.00567792945099729
0.00941002796494502
0.0135496169973871
0.0177058601852211
0.0217066139522002
0.0255927108944182
0.0295108994558672
0.0335579602713923
0.0376493324278069
0.0414615638579173
0.044462286370932
0.0460235577062882
0.0455969357703213
0.042896426384993
0.0380174271316161
0.0314407726807369
0.0239120078310634
0.0162266832737049
0.00899681648281064
0.00250353968754939
-0.00329357907648866
-0.00861988527211248
-0.0137271380488545
-0.0187895650716796
-0.023838683884483
-0.0286914392542838
-0.0329045308801697
-0.0358658560230122
-0.0370766432308112
-0.0365011354561394
-0.0347369780431845
-0.0328351619084189
-0.0318334840349748
-0.0322710155431886
-0.0339602680752366
-0.0361126281560287
-0.0376939026672179
-0.0377901821685601
-0.0358254081578369
-0.0316024398521917
-0.0252344118530588
-0.0170543497920448
-0.00755772543414483
0.00261985764706831
0.0127292007413241
0.0219866539963402
0.0297200166750566
0.0355312576300773
0.039382242824789
0.0415400670704079
0.0424129762232297
0.0423815394558952
0.0417114652738984
0.0405498395970273
0.0389469201186228
0.0368619414754568
0.0341683912983597
0.0307066884813364
0.0264091894247971
0.021454795852748
0.0163447573036372
0.0118004598107487
0.00849809349647788
0.00678827302005616
0.00656643806242211
0.0073414592391661
0.00842004078829383
0.00909983399123247
0.0088251152672761
0.00730446573396054
0.00457541984250998
0.000977508152973388
-0.00297641447761176
-0.00677451643363101
-0.0100382286295673
-0.0125670621467151
-0.0143238028496347
-0.0154130563965838
-0.0160623961802837
-0.0165664251081679
-0.0171714396062761
-0.0179492832534815
-0.0187463874689136
-0.0192445005715364
-0.019082638423055
-0.0179564676155781
-0.0156565793735063
-0.0120736825624754
-0.00722232795026019
-0.00130257106195986
0.00523642871476865
0.0117011837052096
0.0172804872149479
0.0212799627333844
0.0233708728946091
0.0237237251647002
0.0229373985414978
0.0217737136764258
0.0208158688992257
0.0202275347057244
0.0197472261243805
0.0189130768194592
0.0173670384361258
0.0150515257584327
0.0122095487575291
0.00923607495155491
0.00649447803705336
0.004188223436958
0.00232247381041176
0.000751899613570549
-0.000712856058121112
-0.00219226904099388
-0.00368078985964294
-0.00507734088730766
-0.00627771549229722
-0.00726364043303944
-0.00812466117747465
-0.00897947441789644
-0.00981864162268732
-0.0103675000992889
-0.0101039064907982
-0.00847632598071042
-0.00519366964150662
-0.000375319524864276
0.00553636170443497
0.0120002234920435
0.0185522152936393
0.0248369604782769
0.0305426193696153
0.0353428104427269
0.0388941637156218
0.0408622200199605
0.0409425945978004
0.0389031604553487
0.0347092773258175
0.0287336388017032
0.0219186258382069
0.0156850371549095
0.0115055292197946
0.0103431648363589
0.0123180883995022
0.0167633894278356
0.022441783847861
0.0276741931855061
0.0306451299218542
0.0302958117426803
0.0272144199477157
0.0232247803647885
0.0197973290952542
0.0171057771797546
0.0145897602149218
0.0118522648314104
0.00879332185377569
0.00528964753908385
0.00112515972652322
-0.00374675995815841
-0.00896823871669917
-0.0138210354138468
-0.0175107783858239
-0.0195009435577909
-0.0197320795699273
-0.0186559183697275
-0.0170901910404233
-0.0159449653878646
-0.0159082455082104
-0.0172097387146091
-0.019569153089842
-0.0223502260575736
-0.0248266378827213
-0.0264137489505375
-0.0267747435410106
-0.0258131886392499
-0.023619325689142
-0.020414210352979
-0.0164923347128895
-0.012160793592075
-0.0076951625644662
-0.00332334846601096
0.000787341878104427
0.00456407149555687
0.00805305101532876
0.0113692166044557
0.0145566632842113
0.0174464333550919
0.0196399835193962
0.0206709435681967
0.0202633502213663
0.0185266810466872
0.0159685498156623
0.0133288546210938
0.0113495143259037
0.0106088799142939
0.0114670637593976
0.0140781086101212
0.018415345052232
0.0243018376354699
0.0314376159297688
0.0393557562366749
0.0472451585460493
0.0537368370920679
0.0569277938912255
0.0548624788872079
0.0463681686357133
0.0318191706725158
0.0133715793728606
-0.00552220139348254
-0.0211422636854688
-0.0306334968773958
-0.0327702221969558
-0.0281005913029311
-0.0185434300107998
-0.00671694132751982
0.00472454821174103
0.0135762834175126
0.0183138789110538
0.0180824959051343
0.0125813657972131
0.00204749363747094
-0.0125751008521482
-0.0294466487793525
-0.0459343570426652
-0.0591733417334931
-0.0669172569998347
-0.0682684621045955
-0.0639176699940291
-0.0557918542154679
-0.0463080511266949
-0.0375854826663814
-0.0309240896615729
-0.0266781094474252
-0.0244593006943167
-0.0234920126850692
-0.0229398299636526
-0.0221018542513824
-0.020478089170473
-0.0177670235226751
-0.0138533824867854
-0.00879495643379011
-0.00278324552488416
0.00393263769311967
0.0111259980395711
0.0186189273822985
0.0262250947136269
0.0336576921174499
0.0405196102301401
0.046428236859361
0.0511143710227102
0.0542792951523489
0.0553506765411369
0.053595053173624
0.0487094239318974
0.0413940909110563
0.0333484605224401
0.0266511811921226
0.0229409991783463
0.0228416686201561
0.0258122690084429
0.030363533424374
0.0345249323876879
0.0364840020226548
0.0352691080882734
0.0312057692732376
0.0258476311705264
0.0213180092198223
0.0193650022721795
0.0206156232094659
0.0243457260509174
0.0287320068244675
0.0313470879852542
0.0297373388633746
0.0220924776990195
0.00798257415557887
-0.0111154812827909
-0.0319298205866465
-0.0503322894314299
-0.0627847738931528
-0.0676138147980409
-0.0655097013433262
-0.0590821994632868
-0.0517814634755353
-0.0467118376172676
-0.0457541046884262
-0.0491422436878865
-0.0554636772952948
-0.0620617692332541
-0.0658788380275358
-0.0646682853168569
-0.0581760228077828
-0.0486006279855652
-0.0397894717838086
-0.0353433927337835
-0.0366555676444294
-0.042162149396567
-0.0483624886836889
-0.0519313644833951
-0.0514786625670216
-0.0478574884920352
-0.0430640329552927
-0.0387266492144148
-0.035235922850463
-0.0318830154609237
-0.0276521116500452
-0.0220475625928297
-0.0155069885210113
-0.00928502490372694
-0.00496981745907796
-0.00391244315419747
-0.00679215963557284
-0.0133939297144651
-0.022583903644968
-0.032488691170196
-0.0409069984547516
-0.0458835831937898
-0.0462172831977273
-0.0416592922656104
-0.0327582943405699
-0.0205440563671929
-0.00628193599830598
0.00863066014382261
0.0227229678008491
0.0345818020893052
0.0430720943286821
0.0475661741750647
0.048072844930131
0.0451895962687047
0.0398669462829592
0.0330584995871307
0.025405638584016
0.0171154776545192
0.0080976032411159
-0.00172651553533671
-0.0121270039851542
-0.0224396631667938
-0.0316517038533372
-0.0386392178927484
-0.0424640891335621
-0.0426409686161365
-0.0392861355083581
-0.033080766788614
-0.0250523203671751
-0.0162708450549917
-0.00760194295497887
0.000383958127691269
0.00734708413198944
0.0130484546183893
0.0172605824236441
0.0197621357645144
0.0203792348443923
0.0190142407577006
0.0156544786347469
0.0104076772235647
0.00359025735234721
-0.00418901157528823
-0.0120564488290593
-0.0190600983357113
-0.0244403495552204
-0.0278361921676679
-0.0293165295638754
-0.0292279080802286
-0.0279379420830268
-0.0255993280229327
-0.0220654792533695
-0.0170373768492159
-0.0103952065272841
-0.00252168597831776
0.0056176719804624
0.0127270844962237
0.0176117452897966
0.0195094868712433
0.0181695116858837
0.013777624171624
0.00694491586644762
-0.00117087830764656
-0.00881133927688309
-0.0139332164068962
-0.0149708183570645
-0.0117094871627273
-0.00569486101038252
0.000215288088033588
0.00305827753770445
0.00118724950867473
-0.00479169933281175
-0.0120985198755194
-0.0169890321348213
-0.0166264726820875
-0.0106440582860381
-0.00141233119516059
0.00728555465373319
0.0124034353313646
0.0131879499280742
0.0110995073679277
0.00827124095739049
0.00576827151032145
0.00296649967066564
-0.0016125631778587
-0.00880582007003201
-0.0178069859780061
-0.0262743232359966
-0.0313366306020843
-0.0308269199271716
-0.0241355757798854
-0.0124042921244034
0.00190045373222018
0.0157966279405778
0.0266587799278675
0.0328585200468792
0.0339978921740848
0.0307275442340395
0.0242915482031642
0.0160223383053811
0.006997643617743
-0.00203326000407782
-0.0105023814999641
-0.0178215310535769
-0.0232936089426386
-0.0261971103791192
-0.0259920091444545
-0.0225571651057454
-0.016376432040172
-0.0085780326604365
-0.000729346868395835
0.00561478663048723
0.00943783437074225
0.0105905901109021
0.00974228288672994
0.00799036879140308
0.00635222282988656
0.00540087289339951
0.00518748285848276
0.0054049735555015
0.00562806231205897
0.00549283675096917
0.0047912184962881
0.00351974963047795
0.00189151840411775
0.000275594862987095
-0.000944633935073522
-0.00152941981192963
-0.00146670054066235
-0.000950764355430152
-0.00030142195332624
0.000115093448647576
-5.2264010097618e-05
-0.00107560482206256
-0.00307881176312923
-0.00598859300147608
-0.00952358753400653
-0.0132131339351072
-0.0164451292324354
-0.01857024826871
-0.0190707187463514
-0.0177300684681485
-0.0147007367630196
-0.0104229614280313
-0.00545319307034539
-0.000310939682466908
0.0045890437507025
0.00893057627229964
0.0124649474666673
0.0149828152881526
0.016283946509076
0.0161463588456973
0.0143344494818543
0.0106918662046007
0.00530410146952427
-0.00136153260814579
-0.00844235951497048
-0.0148279590978257
-0.0194214899198663
-0.0214340250037814
-0.0206341402963272
-0.0174693615417249
-0.0129749038385502
-0.00845119823937997
-0.0050261828333077
-0.00331185107241825
-0.00330988131689473
-0.00455373635631193
-0.00634672654267509
-0.00796717537569842
-0.0088107192799425
-0.00850261155118735
-0.0069885239317022
-0.00455941594070687
-0.00176686746002527
0.000752141516739412
0.00246600767605361
0.00308619261273193
0.00262974718828321
0.00141192633999433
-3.16929185999494e-05
-0.00109303658659396
-0.00127603381952043
-0.000353667561732521
0.0015534540105588
0.00398861525490981
0.00625594062949403
0.00759779973322772
0.00741079347157605
0.00540076390238719
0.00159532577851785
-0.00374586100968341
-0.0101834140367365
-0.0170365336986048
-0.0233137500725389
-0.0278358987405794
-0.0296147265800031
-0.0282959770736195
-0.0243635419970343
-0.0189585745193243
-0.0134461142100537
-0.00899900415776577
-0.00637118163256762
-0.00585282992217786
-0.00732597507843826
-0.0103787850745358
-0.0144700336968008
-0.0191071275939858
-0.0239677545727945
-0.0289101629535439
-0.0338667720004045
-0.0386665470393215
-0.0428726982712572
-0.045744587670005
-0.0464029505724264
-0.0441714973891475
-0.0389331506077242
-0.0312872863286369
-0.0223925603648357
-0.0135637189432072
-0.00582240778628395
0.000394946187579799
0.00526406037714885
0.00934919038096751
0.0132462818855863
0.0172636661453856
0.0212916221043353
0.0249169131606849
0.0277014848524673
0.0294327250695041
0.0301573104822675
0.0300012112799518
0.029057002940447
0.0276191384803364
0.0264833209747148
0.0265355331658667
0.0276955978592608
0.0286965893127829
0.028399926933966
0.0269739418508193
0.0253865895146851
0.0241141112754292
0.0226486934130333
0.019954911960764
0.0151922064555757
0.00827197154160397
4.81062564310372e-05
-0.00794843580794969
-0.0140123492247755
-0.0166717276697874
-0.0149821171296858
-0.00883370626650001
0.00088027742004535
0.0124979069825255
0.0241679676136875
0.0344237220712658
0.0424671183011916
0.0481332297560553
0.0516731630946349
0.053510415603678
0.0540648992722098
0.0536686303551519
0.0525484557123315
0.0508419754138495
0.0486345905129967
0.0460173968638424
0.0431446550614615
0.0402480481715971
0.0375845413310303
0.0353444253065049
0.0335769530649713
0.0321772955638949
0.0309388783129507
0.0296407144464448
0.028125950561428
0.0263367241422033
0.0242964242134418
0.0220615977685893
0.0196830255899489
0.017201888336603
0.0146651233843483
0.0121131188721888
0.0095314252559283
0.00685948598656432
0.00415986976841503
0.00180695145556967
0.000322243494392114
