-2.16596113591396e-05
-5.11571362550159e-05
-5.90188552618528e-05
-5.42716398173963e-05
-4.97605031078246e-05
-4.95038052866085e-05
-5.08978891360322e-05
-5.14572517232089e-05
-5.10734467411383e-05
-5.05905605609837e-05
-5.04030887483932e-05
-5.03754784366206e-05
-5.03096156268926e-05
-5.01705147680406e-05
-5.00142635410837e-05
-4.98769936969563e-05
-4.97538744180468e-05
-4.96299554403757e-05
-4.95006676384155e-05
-4.93694319327447e-05
-4.92393235518491e-05
-4.91104158110836e-05
-4.89816412040658e-05
-4.8852524845068e-05
-4.87232492825528e-05
-4.85940621219207e-05
-4.84650033476046e-05
-4.83360022365666e-05
-4.82070156558116e-05
-4.80780516680455e-05
-4.79491300352612e-05
-4.78202571442687e-05
-4.76914295646524e-05
-4.75626445110462e-05
-4.74339029778826e-05
-4.7305207319624e-05
-4.71765591109106e-05
-4.7047959110256e-05
-4.69194080096858e-05
-4.67909067634335e-05
-4.66624564583731e-05
-4.6534058141913e-05
-4.64057127957946e-05
-4.6277421386552e-05
-4.6149184896104e-05
-4.60210043165714e-05
-4.58928806371304e-05
-4.57648148402995e-05
-4.56368079050476e-05
-4.55088608094022e-05
-4.538097453041e-05
-4.52531500431604e-05
-4.51253883203609e-05
-4.49976903324806e-05
-4.48700570479361e-05
-4.47424894330912e-05
-4.46149884521646e-05
-4.44875550671648e-05
-4.43601902378698e-05
-4.42328949218161e-05
-4.41056700742758e-05
-4.39785166482257e-05
-4.38514355943168e-05
-4.37244278608484e-05
-4.35974943937426e-05
-4.34706361365188e-05
-4.33438540302672e-05
-4.32171490136235e-05
-4.30905220227424e-05
-4.29639739912732e-05
-4.28375058503341e-05
-4.27111185284874e-05
-4.2584812951715e-05
-4.24585900433938e-05
-4.23324507242712e-05
-4.22063959124413e-05
-4.20804265233208e-05
-4.19545434696251e-05
-4.18287476613453e-05
-4.17030400057243e-05
-4.15774214072342e-05
-4.14518927675529e-05
-4.13264549855417e-05
-4.1201108957223e-05
-4.10758555757573e-05
-4.09506957314217e-05
-4.08256303115876e-05
-4.0700660200699e-05
-4.05757862802514e-05
-4.04510094287696e-05
-4.03263305217873e-05
-4.02017504318258e-05
-4.00772700283731e-05
-3.99528901778635e-05
-3.98286117436574e-05
-3.97044355860206e-05
-3.95803625621047e-05
-3.9456393525927e-05
-3.93325293283511e-05
-3.92087708170671e-05
-3.90851188365728e-05
-3.89615742281542e-05
-3.88381378298668e-05
-3.87148104765167e-05
-3.85915929996424e-05
-3.84684862274963e-05
-3.83454909850264e-05
-3.82226080938584e-05
-3.80998383722783e-05
-3.79771826352139e-05
-3.78546416942183e-05
-3.77322163574521e-05
-3.76099074296665e-05
-3.74877157121863e-05
-3.73656420028934e-05
-3.72436870962098e-05
-3.7121851783082e-05
-3.70001368509641e-05
-3.6878543083802e-05
-3.67570712620179e-05
-3.66357221624943e-05
-3.65144965585583e-05
-3.6393395219967e-05
-3.62724189128917e-05
-3.61515683999033e-05
-3.60308444399572e-05
-3.59102477883793e-05
-3.57897791968507e-05
-3.56694394133944e-05
-3.55492291823601e-05
-3.54291492444113e-05
-3.53092003365108e-05
-3.51893831919073e-05
-3.50696985401223e-05
-3.49501471069364e-05
-3.48307296143764e-05
-3.47114467807023e-05
-3.45922993203947e-05
-3.44732879441418e-05
-3.43544133588276e-05
-3.4235676267519e-05
-3.41170773694541e-05
-3.399861736003e-05
-3.38802969307914e-05
-3.37621167694183e-05
-3.36440775597154e-05
-3.35261799816001e-05
-3.34084247110916e-05
-3.32908124203001e-05
-3.31733437774157e-05
-3.30560194466979e-05
-3.2938840088465e-05
-3.28218063590837e-05
-3.27049189109593e-05
-3.25881783925251e-05
-3.2471585448233e-05
-3.23551407185433e-05
-3.22388448399157e-05
-3.21226984447994e-05
-3.20067021616241e-05
-3.18908566147908e-05
-3.17751624246628e-05
-3.16596202075569e-05
-3.1544230575735e-05
-3.14289941373953e-05
-3.13139114966638e-05
-3.11989832535868e-05
-3.10842100041219e-05
-3.09695923401309e-05
-3.08551308493716e-05
-3.07408261154902e-05
-3.06266787180142e-05
-3.05126892323446e-05
-3.0398858229749e-05
-3.02851862773547e-05
-3.01716739381413e-05
-3.00583217709346e-05
-2.99451303303995e-05
-2.98321001670339e-05
-2.97192318271623e-05
-2.96065258529294e-05
-2.94939827822943e-05
-2.93816031490247e-05
-2.9269387482691e-05
-2.91573363086605e-05
-2.90454501480925e-05
-2.89337295179324e-05
-2.8822174930907e-05
-2.87107868955189e-05
-2.85995659160422e-05
-2.84885124925172e-05
-2.8377627120746e-05
-2.82669102922881e-05
-2.81563624944559e-05
-2.80459842103103e-05
-2.79357759186569e-05
-2.78257380940421e-05
-2.77158712067489e-05
-2.76061757227934e-05
-2.74966521039211e-05
-2.73873008076038e-05
-2.72781222870361e-05
-2.7169116991132e-05
-2.70602853645223e-05
-2.69516278475513e-05
-2.68431448762743e-05
-2.67348368824546e-05
-2.66267042935615e-05
-2.65187475327673e-05
-2.64109670189454e-05
-2.63033631666681e-05
-2.61959363862047e-05
-2.60886870835191e-05
-2.59816156602686e-05
-2.5874722513802e-05
-2.57680080371582e-05
-2.56614726190646e-05
-2.5555116643936e-05
-2.54489404918733e-05
-2.53429445386626e-05
-2.52371291557744e-05
-2.51314947103623e-05
-2.50260415652632e-05
-2.49207700789958e-05
-2.48156806057607e-05
-2.47107734954401e-05
-2.46060490935975e-05
-2.45015077414775e-05
-2.43971497760062e-05
-2.42929755297909e-05
-2.41889853311208e-05
-2.40851795039672e-05
-2.39815583679841e-05
-2.38781222385084e-05
-2.37748714265613e-05
-2.36718062388488e-05
-2.35689269777627e-05
-2.34662339413815e-05
-2.33637274234719e-05
-2.32614077134901e-05
-2.31592750965829e-05
-2.30573298535896e-05
-2.29555722610432e-05
-2.28540025911728e-05
-2.27526211119046e-05
-2.26514280868646e-05
-2.25504237753806e-05
-2.24496084324837e-05
-2.23489823089115e-05
-2.22485456511099e-05
-2.21482987012357e-05
-2.20482416971595e-05
-2.19483748724681e-05
-2.18486984564675e-05
-2.17492126741857e-05
-2.16499177463759e-05
-2.15508138895193e-05
-2.14519013158289e-05
-2.13531802332522e-05
-2.12546508454752e-05
-2.11563133519257e-05
-2.10581679477769e-05
-2.09602148239513e-05
-2.08624541671243e-05
-2.07648861597285e-05
-2.06675109799575e-05
-2.05703288017701e-05
-2.04733397948946e-05
-2.03765441248332e-05
-2.02799419528663e-05
-2.0183533436057e-05
-2.0087318727256e-05
-1.99912979751062e-05
-1.98954713240474e-05
-1.97998389143216e-05
-1.97044008819776e-05
-1.96091573588762e-05
-1.95141084726958e-05
-1.94192543469372e-05
-1.93245951009292e-05
-1.92301308498344e-05
-1.91358617046542e-05
-1.9041787772235e-05
-1.89479091552736e-05
-1.88542259523234e-05
-1.87607382577998e-05
-1.86674461619872e-05
-1.85743497510441e-05
-1.848144910701e-05
-1.83887443078114e-05
-1.82962354272682e-05
-1.82039225351005e-05
-1.81118056969348e-05
-1.80198849743108e-05
-1.79281604246883e-05
-1.78366321014537e-05
-1.77453000539273e-05
-1.76541643273701e-05
-1.75632249629908e-05
-1.74724819979533e-05
-1.73819354653836e-05
-1.72915853943775e-05
-1.72014318100077e-05
-1.71114747333316e-05
-1.70217141813985e-05
-1.69321501672578e-05
-1.68427826999664e-05
-1.67536117845965e-05
-1.66646374222438e-05
-1.65758596100353e-05
-1.64872783411375e-05
-1.63988936047643e-05
-1.63107053861857e-05
-1.62227136667356e-05
-1.61349184238207e-05
-1.60473196309285e-05
-1.59599172576362e-05
-1.58727112696192e-05
-1.57857016286599e-05
-1.56988882926561e-05
-1.56122712156305e-05
-1.55258503477392e-05
-1.54396256352806e-05
-1.53535970207049e-05
-1.52677644426229e-05
-1.51821278358155e-05
-1.50966871312426e-05
-1.50114422560532e-05
-1.4926393133594e-05
-1.48415396834196e-05
-1.47568818213018e-05
-1.4672419459239e-05
-1.45881525054665e-05
-1.45040808644661e-05
-1.44202044369757e-05
-1.43365231199995e-05
-1.4253036806818e-05
-1.41697453869981e-05
-1.40866487464032e-05
-1.40037467672034e-05
-1.39210393278859e-05
-1.38385263032651e-05
-1.37562075644934e-05
-1.36740829790714e-05
-1.35921524108588e-05
-1.35104157200845e-05
-1.34288727633575e-05
-1.3347523393678e-05
-1.32663674604478e-05
-1.31854048094813e-05
-1.31046352830165e-05
-1.30240587197261e-05
-1.29436749547283e-05
-1.28634838195981e-05
-1.27834851423786e-05
-1.27036787475921e-05
-1.26240644562514e-05
-1.25446420858714e-05
-1.24654114504803e-05
-1.23863723606313e-05
-1.23075246234139e-05
-1.22288680424659e-05
-1.21504024179847e-05
-1.20721275467394e-05
-1.19940432220821e-05
-1.19161492339606e-05
-1.18384453689293e-05
-1.1760931410162e-05
-1.16836071374634e-05
-1.16064723272817e-05
-1.15295267527201e-05
-1.14527701835495e-05
-1.13762023862206e-05
-1.12998231238764e-05
-1.12236321563639e-05
-1.11476292402476e-05
-1.10718141288208e-05
-1.09961865721192e-05
-1.09207463169327e-05
-1.08454931068185e-05
-1.07704266821135e-05
-1.06955467799471e-05
-1.06208531342544e-05
-1.05463454757883e-05
-1.04720235321331e-05
-1.03978870277171e-05
-1.03239356838255e-05
-1.02501692186137e-05
-1.01765873471204e-05
-1.01031897812804e-05
-1.00299762299382e-05
-9.95694639886108e-06
-9.88409999075246e-06
-9.81143670526509e-06
-9.73895623901459e-06
-9.66665828559281e-06
-9.59454253558137e-06
-9.52260867656516e-06
-9.45085639314595e-06
-9.37928536695598e-06
-9.30789527667164e-06
-9.2366857980272e-06
-9.16565660382856e-06
-9.09480736396707e-06
-9.0241377454334e-06
-8.9536474123314e-06
-8.88333602589205e-06
-8.81320324448742e-06
-8.74324872364476e-06
-8.67347211606049e-06
-8.60387307161437e-06
-8.53445123738359e-06
-8.46520625765702e-06
-8.39613777394945e-06
-8.32724542501585e-06
-8.25852884686569e-06
-8.18998767277729e-06
-8.12162153331222e-06
-8.05343005632973e-06
-7.98541286700126e-06
-7.91756958782494e-06
-7.84989983864013e-06
-7.78240323664203e-06
-7.7150793963963e-06
-7.64792792985377e-06
-7.58094844636514e-06
-7.51414055269569e-06
-7.44750385304011e-06
-7.38103794903722e-06
-7.31474243978492e-06
-7.24861692185504e-06
-7.18266098930829e-06
-7.11687423370921e-06
-7.05125624414115e-06
-6.98580660722136e-06
-6.92052490711595e-06
-6.85541072555512e-06
-6.79046364184822e-06
-6.72568323289894e-06
-6.66106907322048e-06
-6.59662073495083e-06
-6.532337787868e-06
-6.46821979940533e-06
-6.40426633466682e-06
-6.34047695644248e-06
-6.27685122522371e-06
-6.21338869921878e-06
-6.15008893436824e-06
-6.08695148436044e-06
-6.02397590064699e-06
-5.9611617324584e-06
-5.89850852681952e-06
-5.83601582856526e-06
-5.77368318035616e-06
-5.71151012269403e-06
-5.64949619393774e-06
-5.58764093031884e-06
-5.52594386595737e-06
-5.46440453287761e-06
-5.40302246102387e-06
-5.34179717827633e-06
-5.28072821046688e-06
-5.21981508139502e-06
-5.15905731284371e-06
-5.09845442459535e-06
-5.03800593444775e-06
-4.97771135823007e-06
-4.91757020981886e-06
-4.85758200115407e-06
-4.7977462422551e-06
-4.7380624412369e-06
-4.67853010432604e-06
-4.61914873587688e-06
-4.5599178383877e-06
-4.50083691251686e-06
-4.44190545709901e-06
-4.38312296916132e-06
-4.32448894393968e-06
-4.26600287489497e-06
-4.20766425372938e-06
-4.14947257040265e-06
-4.09142731314844e-06
-4.03352796849067e-06
-3.97577402125987e-06
-3.91816495460959e-06
-3.8607002500328e-06
-3.80337938737828e-06
-3.74620184486708e-06
-3.68916709910899e-06
-3.63227462511901e-06
-3.57552389633382e-06
-3.51891438462833e-06
-3.46244556033222e-06
-3.4061168922465e-06
-3.34992784766008e-06
-3.29387789236634e-06
-3.23796649067973e-06
-3.18219310545241e-06
-3.12655719809083e-06
-3.07105822857245e-06
-3.01569565546237e-06
-2.96046893593006e-06
-2.90537752576601e-06
-2.85042087939845e-06
-2.79559844991008e-06
-2.74090968905475e-06
-2.68635404727431e-06
-2.63193097371532e-06
-2.57763991624591e-06
-2.52348032147253e-06
-2.46945163475675e-06
-2.41555330023212e-06
-2.36178476082093e-06
-2.3081454582511e-06
-2.25463483307305e-06
-2.20125232467657e-06
-2.14799737130772e-06
-2.09486941008565e-06
-2.04186787701957e-06
-1.98899220702567e-06
-1.936241833944e-06
-1.88361619055545e-06
-1.83111470859868e-06
-1.7787368187871e-06
-1.72648195082581e-06
-1.67434953342854e-06
-1.6223389943347e-06
-1.5704497603263e-06
-1.51868125724501e-06
-1.46703291000919e-06
-1.41550414263083e-06
-1.36409437823261e-06
-1.31280303906492e-06
-1.26162954652294e-06
-1.21057332116365e-06
-1.15963378272291e-06
-1.1088103501325e-06
-1.05810244153719e-06
-1.00750947431182e-06
-9.57030865078382e-07
-9.06666029723064e-07
-8.56414383413374e-07
-8.06275340615234e-07
-7.56248315110079e-07
-7.06332720011944e-07
-6.56527967784569e-07
-6.06833470258531e-07
-5.57248638648354e-07
-5.07772883569633e-07
-4.58405615056144e-07
-4.09146242576968e-07
-3.59994175053625e-07
-3.10948820877197e-07
-2.6200958792547e-07
-2.13175883580073e-07
-1.64447114743633e-07
-1.15822687856903e-07
-6.73020089158963e-08
-1.88844834890131e-08
2.94304832658174e-08
7.7643486583983e-08
1.25755122077033e-07
1.73765985715531e-07
2.21676673811918e-07
2.69487783003361e-07
3.17199910234598e-07
3.64813652740797e-07
4.1232960803042e-07
4.59748373868096e-07
5.0707054825747e-07
5.54296729424053e-07
6.01427515798097e-07
6.48463505997454e-07
6.95405298810446e-07
7.42253493178727e-07
7.89008688180151e-07
8.35671483011642e-07
8.82242476972089e-07
9.28722269445227e-07
9.75111459882519e-07
1.02141064778603e-06
1.06762043269131e-06
1.1137414141503e-06
1.15977419171423e-06
1.20571936491656e-06
1.25157753325582e-06
1.29734929617857e-06
1.34303525306231e-06
1.38863600319841e-06
1.43415214577504e-06
1.47958427986012e-06
1.52493300438425e-06
1.57019891812366e-06
1.61538261968314e-06
1.66048470747904e-06
1.70550577972222e-06
1.75044643440106e-06
1.79530726926441e-06
1.84008888180458e-06
1.88479186924036e-06
1.92941682849998e-06
1.9739643562042e-06
2.01843504864926e-06
2.06282950179001e-06
2.10714831122287e-06
2.1513920721689e-06
2.19556137945689e-06
2.23965682750638e-06
2.28367901031079e-06
2.3276285214205e-06
2.37150595392595e-06
2.41531190044074e-06
2.45904695308472e-06
2.50271170346718e-06
2.54630674266998e-06
2.58983266123068e-06
2.63329004912574e-06
2.67667949575368e-06
2.72000158991828e-06
2.76325691981176e-06
2.80644607299801e-06
2.84956963639583e-06
2.8926281962621e-06
2.93562233817512e-06
2.97855264701786e-06
3.0214197069612e-06
3.06422410144727e-06
3.1069664131727e-06
3.14964722407201e-06
3.1922671153009e-06
3.23482666721959e-06
3.27732645937621e-06
3.31976707049017e-06
3.36214907843554e-06
3.40447306022447e-06
3.44673959199062e-06
3.48894924897259e-06
3.5311026054974e-06
3.57320023496392e-06
3.61524270982638e-06
3.65723060157787e-06
3.69916448073387e-06
3.74104491681575e-06
3.78287247833437e-06
3.82464773277365e-06
3.86637124657411e-06
3.90804358511653e-06
3.94966531270556e-06
3.99123699255333e-06
4.03275918676316e-06
4.07423245631319e-06
4.11565736104013e-06
4.15703445962294e-06
4.19836430956656e-06
4.23964746718571e-06
4.2808844875886e-06
4.32207592466078e-06
4.36322233104893e-06
4.40432425814467e-06
4.44538225606844e-06
4.48639687365337e-06
4.52736865842918e-06
4.56829815660606e-06
4.60918591305869e-06
4.65003247131011e-06
4.69083837351574e-06
4.73160416044737e-06
4.77233037147717e-06
4.81301754456174e-06
4.85366621622619e-06
4.89427692154822e-06
4.93485019414224e-06
4.97538656614349e-06
5.0158865681922e-06
5.05635072941778e-06
5.09677957742298e-06
5.13717363826818e-06
5.17753343645558e-06
5.21785949491354e-06
5.25815233498081e-06
5.29841247639092e-06
5.33864043725647e-06
5.37883673405353e-06
5.41900188160602e-06
5.45913639307012e-06
5.49924077991878e-06
5.53931555192614e-06
5.57936121715202e-06
5.61937828192646e-06
5.65936725083429e-06
5.69932862669964e-06
5.73926291057063e-06
5.77917060170393e-06
5.81905219754947e-06
5.85890819373505e-06
5.89873908405114e-06
5.93854536043554e-06
5.97832751295818e-06
6.0180860298059e-06
6.05782139726727e-06
6.09753409971743e-06
6.13722461960299e-06
6.17689343742694e-06
6.21654103173356e-06
6.25616787909339e-06
6.29577445408821e-06
6.3353612292961e-06
6.37492867527642e-06
6.41447726055499e-06
6.45400745160911e-06
6.49351971285271e-06
6.53301450662154e-06
6.57249229315839e-06
6.6119535305983e-06
6.6513986749538e-06
6.69082818010023e-06
6.73024249776107e-06
6.76964207749326e-06
6.80902736667262e-06
6.84839881047924e-06
6.88775685188296e-06
6.92710193162884e-06
6.96643448822266e-06
7.00575495791649e-06
7.04506377469424e-06
7.08436137025729e-06
7.12364817401012e-06
7.16292461304603e-06
7.2021911121328e-06
7.24144809369847e-06
7.2806959778171e-06
7.31993518219459e-06
7.35916612215453e-06
7.39838921062408e-06
7.43760485811987e-06
7.47681347273397e-06
7.51601546011986e-06
7.55521122347848e-06
7.59440116354424e-06
7.63358567857116e-06
7.67276516431894e-06
7.71194001403917e-06
7.7511106184615e-06
7.79027736577992e-06
7.82944064163896e-06
7.86860082912006e-06
7.9077583087279e-06
7.94691345837674e-06
7.9860666533769e-06
8.02521826642114e-06
8.06436866757124e-06
8.10351822424447e-06
8.14266730120018e-06
8.18181626052642e-06
8.22096546162655e-06
8.26011526120596e-06
8.29926601325878e-06
8.3384180690546e-06
8.37757177712535e-06
8.41672748325206e-06
8.45588553045177e-06
8.49504625896446e-06
8.53421000624e-06
8.57337710692513e-06
8.61254789285053e-06
8.65172269301789e-06
8.69090183358701e-06
8.73008563786295e-06
8.76927442628328e-06
8.80846851640526e-06
8.84766822289317e-06
8.8868738575056e-06
8.92608572908285e-06
8.96530414353428e-06
9.00452940382582e-06
9.04376180996744e-06
9.08300165900067e-06
9.1222492449862e-06
9.16150485899146e-06
9.20076878907834e-06
9.24004132029082e-06
9.27932273464279e-06
9.31861331110578e-06
9.35791332559684e-06
9.39722305096641e-06
9.43654275698622e-06
9.47587271033729e-06
9.51521317459793e-06
9.55456441023176e-06
9.59392667457587e-06
9.63330022182889e-06
9.67268530303927e-06
9.71208216609347e-06
9.75149105570424e-06
9.79091221339895e-06
9.83034587750796e-06
9.86979228315305e-06
9.90925166223586e-06
9.94872424342645e-06
9.98821025215182e-06
1.00277099105845e-05
1.00672234376314e-05
1.0106751048922e-05
1.01462929567977e-05
1.01858493703003e-05
1.02254204951608e-05
1.02650065337886e-05
1.03046076852599e-05
1.03442241453073e-05
1.03838561063085e-05
1.04235037572752e-05
1.04631672838426e-05
1.05028468682586e-05
1.05425426893727e-05
1.05822549226254e-05
1.06219837400377e-05
1.06617293102004e-05
1.07014917982635e-05
1.07412713659255e-05
1.07810681714233e-05
1.08208823695215e-05
1.08607141115021e-05
1.09005635451542e-05
1.09404308147639e-05
1.09803160611036e-05
1.10202194214226e-05
1.1060141029436e-05
1.11000810153157e-05
1.11400395056797e-05
1.11800166235821e-05
1.12200124885038e-05
1.12600272163421e-05
1.13000609194009e-05
1.13401137063815e-05
1.13801856823723e-05
1.14202769488394e-05
1.14603876036172e-05
1.15005177408985e-05
1.15406674512254e-05
1.15808368214794e-05
1.16210259348726e-05
1.16612348709381e-05
1.17014637055207e-05
1.17417125107676e-05
1.17819813551197e-05
1.1822270303302e-05
1.18625794163148e-05
1.19029087514247e-05
1.19432583621559e-05
1.19836282982806e-05
1.20240186058112e-05
1.20644293269908e-05
1.21048605002846e-05
1.21453121603716e-05
1.21857843381358e-05
1.22262770606575e-05
1.22667903512052e-05
1.23073242292267e-05
1.23478787103414e-05
1.23884538063314e-05
1.24290495251335e-05
1.24696658708311e-05
1.25103028436458e-05
1.25509604399298e-05
1.25916386521573e-05
1.26323374689172e-05
1.26730568749046e-05
1.27137968509134e-05
1.27545573738284e-05
1.27953384166174e-05
1.2836139948324e-05
1.28769619340595e-05
1.29178043349958e-05
1.29586671083576e-05
1.29995502074153e-05
1.30404535814773e-05
1.30813771758832e-05
1.3122320931996e-05
1.31632847871954e-05
1.32042686748705e-05
1.32452725244127e-05
1.3286296261209e-05
1.33273398066348e-05
1.33684030780473e-05
1.34094859887783e-05
1.3450588448128e-05
1.34917103613581e-05
1.3532851629685e-05
1.35740121502736e-05
1.36151918162308e-05
1.36563905165987e-05
1.36976081363489e-05
1.37388445563756e-05
1.37800996534897e-05
1.38213733004127e-05
1.38626653657706e-05
1.39039757140875e-05
1.39453042057803e-05
1.39866506971523e-05
1.40280150403875e-05
1.40693970835451e-05
1.41107966705534e-05
1.41522136412046e-05
1.41936478311487e-05
1.42350990718886e-05
1.42765671907743e-05
1.43180520109979e-05
1.43595533515876e-05
1.44010710274034e-05
1.44426048491312e-05
1.44841546232782e-05
1.45257201521675e-05
1.45673012339336e-05
1.46088976625169e-05
1.46505092276597e-05
1.46921357149006e-05
1.47337769055704e-05
1.47754325767874e-05
1.48171025014526e-05
1.48587864482457e-05
1.49004841816201e-05
1.49421954617991e-05
1.49839200447714e-05
1.5025657682287e-05
1.5067408121853e-05
1.51091711067295e-05
1.5150946375926e-05
1.51927336641969e-05
1.52345327020381e-05
1.52763432156833e-05
1.53181649270999e-05
1.53599975539858e-05
1.54018408097656e-05
1.54436944035872e-05
1.54855580403185e-05
1.5527431420544e-05
1.55693142405613e-05
1.56112061923784e-05
1.56531069637102e-05
1.56950162379757e-05
1.5736933694295e-05
1.57788590074862e-05
1.58207918480628e-05
1.58627318822312e-05
1.59046787718873e-05
1.59466321746146e-05
1.59885917436816e-05
1.60305571280388e-05
1.60725279723172e-05
1.61145039168254e-05
1.61564845975474e-05
1.61984696461409e-05
1.62404586899347e-05
1.62824513519271e-05
1.63244472507839e-05
1.63664460008364e-05
1.64084472120799e-05
1.6450450490172e-05
1.64924554364308e-05
1.65344616478333e-05
1.65764687170145e-05
1.66184762322654e-05
1.66604837775322e-05
1.67024909324147e-05
1.67444972721654e-05
1.67865023676885e-05
1.68285057855387e-05
1.68705070879204e-05
1.6912505832687e-05
1.69545015733401e-05
1.69964938590286e-05
1.70384822345487e-05
1.70804662403427e-05
1.71224454124991e-05
1.7164419282752e-05
1.72063873784811e-05
1.72483492227111e-05
1.7290304334112e-05
1.73322522269991e-05
1.73741924113326e-05
1.74161243927183e-05
1.74580476724076e-05
1.74999617472976e-05
1.75418661099319e-05
1.75837602485008e-05
1.76256436468421e-05
1.76675157844414e-05
1.7709376136433e-05
1.77512241736009e-05
1.77930593623794e-05
1.78348811648541e-05
1.78766890387633e-05
1.79184824374988e-05
1.79602608101071e-05
1.80020236012909e-05
1.80437702514106e-05
1.80855001964854e-05
1.81272128681952e-05
1.8168907693882e-05
1.82105840965519e-05
1.82522414948767e-05
1.82938793031961e-05
1.83354969315192e-05
1.83770937855271e-05
1.84186692665747e-05
1.84602227716931e-05
1.8501753693592e-05
1.85432614206621e-05
1.85847453369775e-05
1.86262048222982e-05
1.86676392520733e-05
1.87090479974431e-05
1.87504304252423e-05
1.87917858980033e-05
1.88331137739585e-05
1.88744134070441e-05
1.89156841469027e-05
1.89569253388872e-05
1.89981363240638e-05
1.90393164392156e-05
1.90804650168463e-05
1.91215813851835e-05
1.9162664868183e-05
1.9203714785532e-05
1.92447304526536e-05
1.92857111807105e-05
1.93266562766091e-05
1.93675650430038e-05
1.94084367783015e-05
1.94492707766656e-05
1.94900663280206e-05
1.95308227180567e-05
1.95715392282347e-05
1.96122151357903e-05
1.96528497137394e-05
1.96934422308824e-05
1.97339919518101e-05
1.97744981369079e-05
1.98149600423617e-05
1.98553769201631e-05
1.98957480181143e-05
1.99360725798342e-05
1.99763498447636e-05
2.00165790481712e-05
2.0056759421159e-05
2.00968901906683e-05
2.0136970579486e-05
2.01769998062501e-05
2.02169770854562e-05
2.02569016274638e-05
2.02967726385023e-05
2.03365893206777e-05
2.03763508719791e-05
2.04160564862853e-05
2.04557053533714e-05
2.04952966589158e-05
2.05348295845071e-05
2.05743033076509e-05
2.06137170017771e-05
2.06530698362473e-05
2.06923609763614e-05
2.07315895833659e-05
2.07707548144606e-05
2.08098558228069e-05
2.08488917575347e-05
2.08878617637508e-05
2.09267649825468e-05
2.09656005510066e-05
2.10043676022148e-05
2.1043065265265e-05
2.10816926652676e-05
2.11202489233589e-05
2.11587331567087e-05
2.11971444785298e-05
2.12354819980858e-05
2.12737448207005e-05
2.13119320477667e-05
2.13500427767546e-05
2.13880761012217e-05
2.14260311108214e-05
2.14639068913124e-05
2.15017025245683e-05
2.15394170885867e-05
2.1577049657499e-05
2.16145993015802e-05
2.16520650872584e-05
2.16894460771247e-05
2.17267413299436e-05
2.17639499006623e-05
2.18010708404219e-05
2.18381031965666e-05
2.1875046012655e-05
2.19118983284701e-05
2.194865918003e-05
2.19853275995985e-05
2.20219026156963e-05
2.20583832531112e-05
2.20947685329099e-05
2.21310574724485e-05
2.2167249085384e-05
2.22033423816855e-05
2.22393363676457e-05
2.22752300458925e-05
2.23110224154004e-05
2.23467124715024e-05
2.23822992059017e-05
2.24177816066841e-05
2.24531586583293e-05
2.24884293417236e-05
2.2523592634172e-05
2.25586475094106e-05
2.25935929376189e-05
2.26284278854328e-05
2.26631513159566e-05
2.26977621887765e-05
2.2732259459973e-05
2.27666420821343e-05
2.28009090043687e-05
2.28350591723189e-05
2.28690915281743e-05
2.29030050106851e-05
2.29367985551753e-05
2.29704710935569e-05
2.30040215543432e-05
2.30374488626629e-05
2.30707519402739e-05
2.31039297055775e-05
2.31369810736327e-05
2.31699049561702e-05
2.3202700261607e-05
2.32353658950607e-05
2.32679007583643e-05
2.33003037500811e-05
2.33325737655191e-05
2.33647096967462e-05
2.33967104326052e-05
2.34285748587289e-05
2.34603018575557e-05
2.34918903083444e-05
2.35233390871901e-05
2.35546470670399e-05
2.35858131177082e-05
2.36168361058928e-05
2.36477148951908e-05
2.36784483461147e-05
2.37090353161083e-05
2.37394746595632e-05
2.3769765227835e-05
2.379990586926e-05
2.38298954291719e-05
2.38597327499178e-05
2.3889416670876e-05
2.39189460284722e-05
2.39483196561967e-05
2.39775363846219e-05
2.40065950414193e-05
2.40354944513766e-05
2.40642334364157e-05
2.40928108156103e-05
2.4121225405203e-05
2.41494760186238e-05
2.41775614665077e-05
2.4205480556713e-05
2.42332320943392e-05
2.42608148817452e-05
2.42882277185683e-05
2.43154694017419e-05
2.43425387255149e-05
2.43694344814698e-05
2.43961554585418e-05
2.4422700443038e-05
2.44490682186561e-05
2.44752575665038e-05
2.45012672651179e-05
2.45270960904843e-05
2.45527428160567e-05
2.45782062127769e-05
2.46034850490942e-05
2.46285780909857e-05
2.46534841019758e-05
2.46782018431565e-05
2.47027300732077e-05
2.47270675484177e-05
2.47512130227032e-05
2.47751652476303e-05
2.4798922972435e-05
2.48224849440439e-05
2.48458499070956e-05
2.48690166039611e-05
2.48919837747652e-05
2.49147501574082e-05
2.49373144875866e-05
2.4959675498815e-05
2.49818319224475e-05
2.50037824876999e-05
2.5025525921671e-05
2.50470609493648e-05
2.50683862937126e-05
2.50895006755953e-05
2.51104028138655e-05
2.51310914253702e-05
2.51515652249729e-05
2.51718229255768e-05
2.51918632381475e-05
2.52116848717355e-05
2.52312865334998e-05
2.52506669287304e-05
2.52698247608722e-05
2.52887587315481e-05
2.53074675405824e-05
2.53259498860245e-05
2.53442044641728e-05
2.53622299695983e-05
2.53800250951688e-05
2.53975885320726e-05
2.54149189698432e-05
2.54320150963834e-05
2.54488755979898e-05
2.54654991593771e-05
2.54818844637033e-05
2.54980301925941e-05
2.55139350261678e-05
2.55295976430606e-05
2.55450167204518e-05
2.55601909340885e-05
2.55751189583119e-05
2.5589799466082e-05
2.56042311290036e-05
2.56184126173522e-05
2.56323426000996e-05
2.564601974494e-05
2.5659442718316e-05
2.56726101854453e-05
2.56855208103466e-05
2.56981732558659e-05
2.57105661837039e-05
2.57226982544418e-05
2.57345681275688e-05
2.57461744615086e-05
2.57575159136468e-05
2.5768591140358e-05
2.57793987970329e-05
2.57899375381061e-05
2.58002060170836e-05
2.581020288657e-05
2.5819926798297e-05
2.58293764031509e-05
2.58385503512006e-05
2.58474472917259e-05
2.5856065873246e-05
2.58644047435474e-05
2.58724625497128e-05
2.58802379381495e-05
2.58877295546186e-05
2.58949360442632e-05
2.59018560516381e-05
2.59084882207384e-05
2.5914831195029e-05
2.59208836174739e-05
2.59266441305659e-05
2.59321113763558e-05
2.59372839964823e-05
2.59421606322022e-05
2.59467399244197e-05
2.59510205137171e-05
2.59550010403847e-05
2.59586801444513e-05
2.59620564657144e-05
2.59651286437712e-05
2.59678953180488e-05
2.59703551278353e-05
2.5972506712311e-05
2.59743487105786e-05
2.59758797616955e-05
2.59770985047042e-05
2.59780035786643e-05
2.59785936226836e-05
2.59788672759502e-05
2.5978823177764e-05
2.59784599675688e-05
2.59777762849839e-05
2.59767707698369e-05
2.59754420621955e-05
2.59737888024002e-05
2.59718096310963e-05
2.59695031892671e-05
2.59668681182667e-05
2.59639030598521e-05
2.5960606656217e-05
2.59569775500248e-05
2.59530143844413e-05
2.59487158031687e-05
2.59440804504787e-05
2.59391069712463e-05
2.59337940109835e-05
2.59281402158731e-05
2.59221442328024e-05
2.59158047093978e-05
2.59091202940587e-05
2.59020896359919e-05
2.5894711385246e-05
2.58869841927459e-05
2.58789067103278e-05
2.58704775907735e-05
2.58616954878461e-05
2.58525590563241e-05
2.58430669520373e-05
2.58332178319019e-05
2.58230103539556e-05
2.58124431773937e-05
2.58015149626042e-05
2.57902243712039e-05
2.57785700660743e-05
2.57665507113975e-05
2.57541649726923e-05
2.57414115168505e-05
2.57282890121733e-05
2.57147961284078e-05
2.57009315367836e-05
2.56866939100494e-05
2.56720819225102e-05
2.56570942500638e-05
2.56417295702384e-05
2.56259865622293e-05
2.56098639069365e-05
2.55933602870024e-05
2.55764743868487e-05
2.55592048927147e-05
2.5541550492695e-05
2.5523509876777e-05
2.55050817368796e-05
2.54862647668906e-05
2.54670576627059e-05
2.54474591222669e-05
2.54274678455998e-05
2.54070825348539e-05
2.53863018943404e-05
2.53651246305714e-05
2.53435494522984e-05
2.5321575070552e-05
2.52992001986811e-05
2.52764235523917e-05
2.52532438497869e-05
2.52296598114063e-05
2.52056701602655e-05
2.51812736218963e-05
2.51564689243864e-05
2.51312547984193e-05
2.51056299773149e-05
2.50795931970693e-05
2.50531431963956e-05
2.5026278716764e-05
2.49989985024428e-05
2.49713013005391e-05
2.49431858610393e-05
2.49146509368507e-05
2.48856952838419e-05
2.48563176608847e-05
2.48265168298948e-05
2.47962915558737e-05
2.47656406069499e-05
2.4734562754421e-05
2.47030567727951e-05
2.46711214398328e-05
2.46387555365894e-05
2.46059578474568e-05
2.45727271602059e-05
2.45390622660288e-05
2.45049619595814e-05
2.44704250390261e-05
2.44354503060743e-05
2.44000365660293e-05
2.4364182627829e-05
2.43278873040894e-05
2.42911494111475e-05
2.42539677691045e-05
2.42163412018692e-05
2.41782685372018e-05
2.41397486067568e-05
2.41007802461277e-05
2.40613622948898e-05
2.40214935966451e-05
2.39811729990655e-05
2.39403993539377e-05
2.38991715172068e-05
2.38574883490213e-05
2.38153487137773e-05
2.3772751480163e-05
2.37296955212036e-05
2.36861797143061e-05
2.36422029413042e-05
2.35977640885035e-05
2.35528620467262e-05
2.35074957113569e-05
2.3461663982388e-05
2.34153657644645e-05
2.33685999669303e-05
2.33213655038736e-05
2.32736612941728e-05
2.32254862615424e-05
2.31768393345788e-05
2.3127719446807e-05
2.30781255367262e-05
2.30280565478566e-05
2.29775114287855e-05
2.29264891332142e-05
2.28749886200045e-05
2.28230088532255e-05
2.27705488022006e-05
2.27176074415542e-05
2.26641837512591e-05
2.26102767166834e-05
2.25558853286381e-05
2.25010085834243e-05
2.24456454828807e-05
2.23897950344316e-05
2.23334562511339e-05
2.22766281517257e-05
2.22193097606736e-05
2.21615001082212e-05
2.21031982304369e-05
2.20444031692623e-05
2.19851139725606e-05
2.19253296941647e-05
2.18650493939262e-05
2.18042721377638e-05
2.17429969977119e-05
2.16812230519698e-05
2.16189493849503e-05
2.15561750873292e-05
2.14928992560937e-05
2.14291209945924e-05
2.13648394125844e-05
2.13000536262883e-05
2.12347627584326e-05
2.11689659383044e-05
2.11026623018e-05
2.10358509914742e-05
2.09685311565902e-05
2.09007019531699e-05
2.08323625440441e-05
2.07635120989023e-05
2.06941497943435e-05
2.06242748139264e-05
2.05538863482196e-05
2.04829835948528e-05
2.04115657585672e-05
2.03396320512662e-05
2.02671816920663e-05
2.01942139073484e-05
2.01207279308086e-05
2.00467230035094e-05
1.9972198373931e-05
1.98971532980226e-05
1.98215870392541e-05
1.97454988686671e-05
1.96688880649274e-05
1.95917539143756e-05
1.951409571108e-05
1.94359127568878e-05
1.93572043614773e-05
1.92779698424101e-05
1.91982085251832e-05
1.91179197432812e-05
1.90371028382285e-05
1.89557571596423e-05
1.88738820652843e-05
1.87914769211142e-05
1.87085411013417e-05
1.86250739884796e-05
1.85410749733966e-05
1.84565434553705e-05
1.83714788421406e-05
1.82858805499618e-05
1.81997480036567e-05
1.81130806366701e-05
1.80258778911211e-05
1.79381392178578e-05
1.78498640765099e-05
1.77610519355428e-05
1.76717022723113e-05
1.75818145731133e-05
1.74913883332435e-05
1.74004230570476e-05
1.73089182579764e-05
1.72168734586398e-05
1.71242881908608e-05
1.70311619957301e-05
1.69374944236603e-05
1.68432850344405e-05
1.67485333972904e-05
1.66532390909153e-05
1.65574017035606e-05
1.64610208330666e-05
1.63640960869232e-05
1.62666270823249e-05
1.61686134462258e-05
1.60700548153944e-05
1.59709508364693e-05
1.58713011660135e-05
1.57711054705705e-05
1.56703634267191e-05
1.55690747211292e-05
1.54672390506168e-05
1.53648561222001e-05
1.52619256531547e-05
1.51584473710695e-05
1.50544210139025e-05
1.49498463300363e-05
1.48447230783346e-05
1.47390510281975e-05
1.4632829959618e-05
1.4526059663238e-05
1.44187399404043e-05
1.43108706032251e-05
1.42024514746263e-05
1.40934823884074e-05
1.39839631892985e-05
1.38738937330168e-05
1.37632738863225e-05
1.36521035270761e-05
1.35403825442951e-05
1.342811083821e-05
1.33152883203221e-05
1.32019149134598e-05
1.30879905518354e-05
1.29735151811027e-05
1.28584887584135e-05
1.2742911252475e-05
1.26267826436067e-05
1.25101029237981e-05
1.23928720967654e-05
1.22750901780096e-05
1.2156757194873e-05
1.20378731865974e-05
1.19184382043813e-05
1.17984523114374e-05
1.16779155830504e-05
1.15568281066346e-05
1.14351899817917e-05
1.13130013203684e-05
1.11902622465144e-05
1.10669728967402e-05
1.09431334199752e-05
1.08187439776255e-05
1.06938047436319e-05
1.05683159045283e-05
1.04422776594993e-05
1.03156902204389e-05
1.01885538120087e-05
1.00608686716956e-05
9.93263504987088e-06
9.80385320984803e-06
9.67452342794142e-06
9.54464599352462e-06
9.41422120908901e-06
9.28324939030226e-06
9.15173086606694e-06
9.01966597857911e-06
8.88705508338705e-06
8.75389854944995e-06
8.62019675919663e-06
8.48595010858434e-06
8.35115900715763e-06
8.21582387810715e-06
8.0799451583286e-06
7.94352329848164e-06
7.80655876304888e-06
7.6690520303949e-06
7.53100359282526e-06
7.39241395664565e-06
7.25328364222095e-06
7.11361318403438e-06
6.97340313074671e-06
6.83265404525543e-06
6.69136650475405e-06
6.5495411007913e-06
6.4071784393305e-06
6.26427914080884e-06
6.12084384019679e-06
5.97687318705742e-06
5.8323678456059e-06
5.68732849476887e-06
5.54175582824395e-06
5.39565055455919e-06
5.24901339713264e-06
5.10184509433185e-06
4.95414639953345e-06
4.80591808118272e-06
4.65716092285324e-06
4.50787572330645e-06
4.35806329655134e-06
4.20772447190411e-06
4.05686009404787e-06
3.9054710230923e-06
3.75355813463342e-06
3.60112231981332e-06
3.44816448537988e-06
3.29468555374657e-06
3.14068646305225e-06
2.98616816722092e-06
2.83113163602155e-06
2.67557785512793e-06
2.51950782617846e-06
2.36292256683603e-06
2.20582311084788e-06
2.04821050810545e-06
1.89008582470422e-06
1.73145014300368e-06
1.57230456168711e-06
1.41265019582157e-06
1.25248817691776e-06
1.09181965298992e-06
9.30645788615759e-07
7.68967764996375e-07
6.0678678001614e-07
4.44104048302643e-07
2.80920801286605e-07
1.17238287261804e-07
-4.69422285550015e-08
-2.1161946396416e-07
-3.76792119723207e-07
-5.4245887948695e-07
-7.08618409747558e-07
-8.75269359774652e-07
-1.04241036155539e-06
-1.2100400297346e-06
-1.37815696155483e-06
-1.54675973679654e-06
-1.71584691771818e-06
-1.88541704899633e-06
-2.05546865766585e-06
-2.22600025306004e-06
-2.39701032675077e-06
-2.56849735248868e-06
-2.74045978614338e-06
-2.91289606564362e-06
-3.08580461091755e-06
-3.25918382383291e-06
-3.43303208813731e-06
-3.60734776939847e-06
-3.78212921494451e-06
-3.95737475380427e-06
-4.13308269664758e-06
-4.30925133572565e-06
-4.48587894481143e-06
-4.66296377913995e-06
-4.84050407534876e-06
-5.01849805141837e-06
-5.19694390661266e-06
-5.37583982141937e-06
-5.55518395749063e-06
-5.73497445758347e-06
-5.91520944550036e-06
-6.09588702602983e-06
-6.27700528488706e-06
-6.45856228865455e-06
-6.64055608472276e-06
-6.82298470123084e-06
-7.00584614700737e-06
-7.18913841151111e-06
-7.37285946477184e-06
-7.5570072573312e-06
-7.74157972018352e-06
-7.92657476471681e-06
-8.11199028265363e-06
-8.29782414599218e-06
-8.48407420694722e-06
-8.67073829789124e-06
-8.8578142312955e-06
-9.04529979967125e-06
-9.23319277551085e-06
-9.42149091122909e-06
-9.61019193910441e-06
-9.79929357122026e-06
-9.98879349940649e-06
-1.01786893951807e-05
-1.03689789096899e-05
-1.05596596736518e-05
-1.07507292972964e-05
-1.09421853703078e-05
-1.11340254617656e-05
-1.13262471200873e-05
-1.15188478729693e-05
-1.17118252273286e-05
-1.19051766692447e-05
-1.20988996639026e-05
-1.2292991655536e-05
-1.24874500673683e-05
-1.26822723015492e-05
-1.28774557390938e-05
-1.30729977398375e-05
-1.32688956423993e-05
-1.34651467641171e-05
-1.36617484009197e-05
-1.38586978272083e-05
-1.4055992295923e-05
-1.4253629038803e-05
-1.44516052663555e-05
-1.46499181669422e-05
-1.48485649056397e-05
-1.50475426253009e-05
-1.52468484508463e-05
-1.54464794911993e-05
-1.56464328294139e-05
-1.58467055054793e-05
-1.60472945235287e-05
-1.6248196908283e-05
-1.64494097512427e-05
-1.66509301070711e-05
-1.68527547421479e-05
-1.70548801280105e-05
-1.72573031368561e-05
-1.74600218792069e-05
-1.76630347451716e-05
-1.78663369314542e-05
-1.80699190311311e-05
-1.8273775087052e-05
-1.84779160253292e-05
-1.86823629549004e-05
-1.88871016947555e-05
-1.90920479396969e-05
-1.92971334199319e-05
-1.95025048598923e-05
-1.97085173804846e-05
-1.99151701709643e-05
-2.01214600356718e-05
-2.03261983365729e-05
-2.05307818864368e-05
-2.07401724413097e-05
-2.09562996551875e-05
-2.11675482648364e-05
-2.13548256989078e-05
-2.15281189836464e-05
-2.175259411353e-05
-2.20770852703692e-05
-2.23768298846174e-05
-2.23682135698332e-05
-2.20660650609342e-05
-2.22812053527612e-05
-2.39274461062278e-05
-2.58131196125734e-05
-2.39766626118066e-05
-1.70761226666152e-05
-1.45637926806371e-05
-3.10302878835437e-05
-5.5362173469922e-05
-2.20869280857521e-05
0.000162851780118871
0.000544957207548378
0.00107678657402671
0.00166234007135141
0.00223412134365777
0.00277874771777202
0.0033081316575196
0.00382865030312302
0.00433578647137995
0.00482275184749285
0.00528610382495021
0.00572475340673935
0.00613693078564832
0.00651868752848622
0.00686421840992976
0.00716686533002375
0.00741967614249132
0.00761471691386468
0.00774101754171875
0.0077820151507241
0.00771376972590785
0.00750492273131949
0.00711992714226406
0.00652903167882966
0.00572815464305728
0.0047644991545655
0.00375224240277837
0.00285839691625334
0.00225162680251781
0.00203221473942575
0.00218159955673545
0.00256620622932232
0.00299979433502119
0.00333132530340586
0.00351036587130094
0.0035997827574982
0.00373704155346343
0.00406467229320247
0.00465319430836888
0.00544113806705547
0.00622116557027414
0.00669112118326904
0.00655401994696613
0.00561706401869863
0.0038458048471808
0.00137493824263499
-0.00149019951212958
-0.00427189099108497
-0.00636168881480778
-0.00715143620006051
-0.0062228867586654
-0.00349182613355586
0.000764277214889859
0.00595915152461961
0.0112639040702112
0.0157058870069917
0.0183698142177389
0.0186690537851764
0.0165269973351117
0.0123388730790581
0.00674570762504804
0.000370717754434653
-0.00633820833249399
-0.0131001156681809
-0.0196639274851186
-0.0256556499671747
-0.030538735809871
-0.0337418633578633
-0.0348825251282335
-0.0339429039888496
-0.0312996391854032
-0.0276173071865666
-0.0236817919611061
-0.0202376535898963
-0.0178542080548074
-0.0168308034038933
-0.0171560012361031
-0.0185278370689825
-0.0204250572743792
-0.0222140495799267
-0.0232795934536548
-0.0231575204102232
-0.0216284448360385
-0.018735439711868
-0.0147240762215331
-0.00993960139731056
-0.00472446779497915
0.000651683034412436
0.00600676123766055
0.0111952844186916
0.0160163434887912
0.0201484908458568
0.0231803991421003
0.0247422777807161
0.0246665822618172
0.0230898139861552
0.0204547249740734
0.01742383798791
0.0147320956383711
0.0130104904537143
0.0126300262228242
0.0136260732552851
0.0157338794234178
0.0185084185884342
0.0214645615190445
0.0241843940600463
0.026376981286456
0.0279033129291766
0.0287782727583367
0.0291435124584699
0.0291938271777067
0.0290556670741577
0.0286602392225379
0.027690959352445
0.0256685054675987
0.0221612796944643
0.0170282165797254
0.0105727961639513
0.00352450598865825
-0.00315601486811048
-0.00856437038107534
-0.0121003524939049
-0.0135735146268788
-0.0131522062076776
-0.011221961010727
-0.00824167601022944
-0.00466063887422263
-0.000915190627666596
0.00252689836274925
0.00514517318834423
0.00642924201044905
0.00601974182047392
0.00385227740151997
0.000218421445658427
-0.0042939503735699
-0.00895955698438777
-0.0131160621288078
-0.0163358294958347
-0.0185064317855368
-0.0197875768263896
-0.0204632388786693
-0.0207604445168598
-0.0207280561612386
-0.0202363656157302
-0.0190848119523607
-0.0171417397544503
-0.0144320303872647
-0.0111333534288694
-0.00750039513282729
-0.00377411109217539
-0.000136739126499798
0.00325950004732139
0.00622062417851006
0.00847110684647092
0.00970400734741794
0.00970307025480192
0.00845237103519136
0.0061574523027745
0.00317589083979448
-7.83632608281366e-05
-0.00319542780838467
-0.00579638390058871
-0.00758052253752086
-0.00842508734232092
-0.00849008790759655
-0.00823125711249635
-0.00826919058159474
-0.0091647915407911
-0.011212316267935
-0.0143359324052631
-0.0181102850089241
-0.0218832613421002
-0.0249647323117385
-0.0268281406319631
-0.0272529370252212
-0.0263492783731574
-0.0244630677555374
-0.0220204039815291
-0.0193877833458063
-0.0167935156431049
-0.0143168793946016
-0.0119394828605118
-0.0096555585794183
-0.00761419110007163
-0.00621534938058957
-0.0060655554357449
-0.007773008740566
-0.0116853044971342
-0.0177311612219827
-0.025453632537102
-0.0341739139356333
-0.0431352065842854
-0.0515306141253922
-0.0584682903449599
-0.0630196175435671
-0.0644269688517375
-0.0623790718805332
-0.0571649531530394
-0.0495877031123594
-0.040687654086771
-0.0314447767321814
-0.0226149704367826
-0.0147298262418309
-0.00815926551984885
-0.0031076042228974
0.00049139370689217
0.00308483444057442
0.00547809720298325
0.00862179264494867
0.0132745690976095
0.0196773163007769
0.0273734722456206
0.035275116907663
0.0420029085286861
0.0463976195090122
0.0479695129374076
0.0470429870165774
0.0445153074889036
0.0413796341343062
0.0383052018618774
0.0355235968464421
0.0330527457001656
0.0310307461005069
0.0298322558351153
0.029822265007852
0.0309457657526891
0.0325437827661201
0.0336163817248127
0.0333652247916652
0.0316143464292387
0.0288318988738508
0.0257967912734235
0.0231698636997542
0.0212157705560365
0.0197783774057118
0.0184752851043166
0.0169886046715929
0.0152817541918103
0.0135956821606842
0.0122115465163739
0.0111477616607083
0.0100261132103324
0.00821081854954587
0.00511419129294966
0.00046794322125505
-0.00556937909902773
-0.0124798977081059
-0.0195769352463026
-0.0262250547181304
-0.0319516410559031
-0.0363988722067348
-0.0392801311664385
-0.0404876400784093
-0.0401850986761927
-0.0386663294026117
-0.0361140615246335
-0.0325443029718937
-0.0279537633851478
-0.0224704388740362
-0.0163920951409679
-0.0101536792823255
-0.00428302041462219
0.000664651782141853
0.0042223228011543
0.00614737209781549
0.00649609367900077
0.0055800343172091
0.00382891704034721
0.00164235550609571
-0.000699264225989285
-0.00305047538953295
-0.00537205894313438
-0.007685990035059
-0.010015089879215
-0.0123017392657018
-0.0143335070096031
-0.0157379339409399
-0.016084333343538
-0.0150504833862785
-0.0125580771799555
-0.00881738299284254
-0.00430614430378834
0.000264263505013572
0.00400183187009097
0.00596798772381113
0.00540944113024943
0.00199430249438173
-0.00408011091076949
-0.0121462469300722
-0.0212054655363384
-0.0300498434405344
-0.0373752963078037
-0.0419699193978454
-0.0429949947844431
-0.0402389124647901
-0.0341804452900848
-0.0258050608826951
-0.01627282369533
-0.00660653510838445
0.00247547593242683
0.0105508521052027
0.0173556478724909
0.0226114900156222
0.0259255046072117
0.0268290323435082
0.0249245374989472
0.0200357161324168
0.0122885641827004
0.00215770210556345
-0.00945241169114992
-0.021133184936747
-0.0310761141465286
-0.0374724028952682
-0.039081377460206
-0.0356533665236512
-0.0279737837766988
-0.0175666644697837
-0.00628412040466003
0.00403719163687851
0.0118332295310948
0.0160370648387125
0.0162664227267871
0.0129076436117824
0.00705205845075756
0.000295119004072812
-0.00557629738024315
-0.00897589822369701
-0.00890197364085524
-0.00516637173638781
0.00164812122510887
0.0104900354850017
0.0202593711246745
0.0301594564714953
0.0398350279030066
0.0492373036202819
0.0582758921827964
0.0664483774546178
0.0726882170699603
0.0755536187085263
0.0736692436857357
0.066214854206472
0.0532870423715728
0.0360265890396819
0.0164504098727877
-0.00296736250618074
-0.0197802208434185
-0.0319499318344733
-0.0381405620156837
-0.0379962205439984
-0.0322478118213517
-0.0224229507943825
-0.0103219627361723
0.00233453991289934
0.0140686539772008
0.0238792888528077
0.0314293723727389
0.036826816901338
0.0400846743482039
0.0407819544377149
0.0382522979084893
0.0321094249327802
0.0226548467976954
0.0108843690093571
-0.00182221848727744
-0.0140311058630756
-0.0244062206782963
-0.0317424300665814
-0.0350645949637232
-0.0338512861841141
-0.0282357233814297
-0.0189912851173699
-0.00726473035663369
0.00579298805921039
0.0192942853428111
0.0326629491070666
0.045476907398423
0.0572248614105443
0.0671460780237257
0.0742911004229482
0.0778114382228111
0.0773220820705628
0.0731126155124896
0.0660785432968728
0.0574251523391562
0.0483153745220477
0.0396190722278686
0.0318214793618775
0.0250585275347591
0.019219347591196
0.0140740062183323
0.0094006482536087
0.00508142450429028
0.00113309229442751
-0.00233870923444252
-0.00523189737674974
-0.00753160232169742
-0.00933523082199363
-0.0107981000033322
-0.0120198719605225
-0.012937103457903
-0.0133109513081562
-0.0128624750675465
-0.0115075843382223
-0.00954506007117645
-0.00764490874852612
-0.00659789925972471
-0.00694706018929254
-0.008710637179321
-0.0113571559322097
-0.0140411149715712
-0.0159581577361205
-0.0166294096813164
-0.0159974165655246
-0.0143469095855983
-0.0121562967426329
-0.00998229321207889
-0.00840157802655987
-0.00796180696045846
-0.00909550518387398
-0.0120057392327996
-0.0165691728163
-0.0222919226725641
-0.0283385342724966
-0.0336605265027157
-0.0372360787572444
-0.0383614149558702
-0.0368611822313756
-0.0331016748287333
-0.0278096532879337
-0.0218264179181452
-0.0159496988806948
-0.0109121508019289
-0.00740976587709699
-0.00605552235700626
-0.00722649459871709
-0.010898278357058
-0.0165982130316471
-0.0235356351961727
-0.0308524913618449
-0.0378580184372423
-0.0441108510715498
-0.0493048425130498
-0.0530613976031513
-0.0548211361916137
-0.0539629437773437
-0.0500956220401403
-0.0433248810797571
-0.0343137144039673
-0.0240949329642834
-0.0137425321102305
-0.00407671617098735
0.00445499095836388
0.0116884050412835
0.0175432847026071
0.0218803037015024
0.0245335531334921
0.02550305686934
0.0251647138452413
0.0243270771359605
0.0240588909654547
0.0253608683738381
0.0288419026851805
0.0345205461362733
0.0417735375032218
0.0494138985066124
0.0559128559210979
0.0597694433124206
0.0599223793496312
0.0560080452819441
0.0483423662992083
0.0377004498578627
0.0250816412025296
0.0115658542963722
-0.00178773200877436
-0.0140737727881246
-0.0246558645223012
-0.0331346145750248
-0.03915515010627
-0.0422363068324019
-0.0418277491539962
-0.0375964076242958
-0.0297341075926912
-0.0190815346628995
-0.00702779855086619
0.00473860997354857
0.0145585064407187
0.0211639134822189
0.023981290156529
0.0232374778230428
0.0197846683036952
0.014705112582636
0.00888067899942785
0.00273402919849197
-0.00373065581953295
-0.0105962398607542
-0.0175744586086941
-0.0236952883944865
-0.0273832268682035
-0.0269416197014352
-0.0211971504568765
-0.0099580927234397
0.00590307132855257
0.0246677977125568
0.0440796236517893
0.0616203049863643
0.0748120201009497
0.0816490783413612
0.0811050070162915
0.0734760841522954
0.0603258223600712
0.0439988976462371
0.0269040357920921
0.0108695767892305
-0.00317159355482211
-0.0150637423536215
-0.0249798375145559
-0.0329246303295866
-0.0384956701894164
-0.0410238464313103
-0.0399441368950586
-0.0351102027262819
-0.0268662778116595
-0.0159193868433535
-0.00320819799033655
0.0100882639541588
0.0224646417098025
0.0321387664350027
0.0373747836029265
0.0369865411375825
0.0307743584361949
0.0196908484573764
0.00566933710511147
-0.00884253134432294
-0.0215204041166199
-0.0307711271516994
-0.0360936910223427
-0.0380697878234137
-0.0380061611762522
-0.0373597361309127
-0.037138265246821
-0.0375038396119802
-0.0377682406323543
-0.0368009976248043
-0.0336401040941887
-0.0279769215025508
-0.0202853116277604
-0.0115966172739656
-0.00310420775677256
0.00418228098098893
0.00958690204159471
0.0127292770577868
0.0134997244206603
0.0122322955129237
0.00989009012295433
0.00785034745205028
0.00726112254674469
0.0084433670532958
0.0107683624645917
0.0130389228963896
0.0141131718310685
0.0134140811876337
0.0110353774055716
0.0074120930712514
0.00283087028763456
-0.00285447889280799
-0.01012513408917
-0.0193956487887259
-0.0305164247540734
-0.0424162878221548
-0.0531239321002639
-0.0603089370140066
-0.0621952666016949
-0.0583811304192449
-0.0500669771954473
-0.0395440438863772
-0.0292543393699241
-0.0209433968420188
-0.0152920076949854
-0.012098633031179
-0.0107971163083767
-0.0109499514205143
-0.0124048100245227
-0.0150388850507671
-0.0183251797605483
-0.0211104343596842
-0.021840645766464
-0.0191193889799521
-0.0122450458946397
-0.00143406119774753
0.0123150938183512
0.0275688624089155
0.0428266191604193
0.0567699403536379
0.0683382746350456
0.0766879553743608
0.0811748755333951
0.0814592610146727
0.0776708272795763
0.0704510916814905
0.0607542705306845
0.0495057511098605
0.037385947503845
0.0249376076172374
0.0129054047306032
0.00246577386094646
-0.00494158814245038
-0.00813484604273393
-0.00671618855469975
-0.0012536050173862
0.00697283878207279
0.0164748847427553
0.0260090028402296
0.034745651855223
0.0421171538301968
0.0475256346732112
0.0501841327398218
0.0492333214832137
0.0440348153888177
0.0344292705944015
0.0208441324956603
0.00426967650840601
-0.0138679686430586
-0.03194638042809
-0.0484480579838151
-0.0621714670605008
-0.0722469615209099
-0.0780468394371832
-0.0791856202082873
-0.0756775845675108
-0.06810295837471
-0.0575834363584331
-0.045529232407062
-0.0333108719260952
-0.0220420447931171
-0.0125255163266004
-0.00526146330039952
-0.00039532208865925
0.00239975744380567
0.00397624498293608
0.00555001006535035
0.00828827821941993
0.0127958300596206
0.0187801240997929
0.0251433795797572
0.030509373705522
0.0338903381922394
0.0351206387683199
0.0349262618662793
0.0347358613530842
0.0362225322570734
0.0404612739571979
0.0471381012436865
0.0547356567102564
0.061677786537288
0.0671117667583747
0.070607990298972
0.0716244703596034
0.0696054067665534
0.0644544236253612
0.0567381500252527
0.0474678622174591
0.0377130574695958
0.0282814323975645
0.0195389713317242
0.01138622630818
0.00341744419146632
-0.00476456780749467
-0.0132251853194435
-0.0215663362634068
-0.0290783889569976
-0.0350737809116046
-0.0391928496207795
-0.0415348964889597
-0.0426156980991864
-0.0432381206702365
-0.0443362282899128
-0.0467982416108876
-0.0512781183863138
-0.0580446435052974
-0.0669041857748372
-0.0771703583312809
-0.0876482315591282
-0.0966955765001078
-0.102487740594963
-0.103498597246058
-0.0989890605250293
-0.0892154180584305
-0.0752539144490535
-0.0586131567512611
-0.040899727586688
-0.0236532325533913
-0.00827267547180836
0.00407952622580819
0.012604345502767
0.016953752949882
0.0172359178894538
0.0139500570677016
0.00787078371242421
-0.000104605781384183
-0.00909789688996944
-0.0182963853228517
-0.0268709850136595
-0.0338652830131198
-0.0382286724777959
-0.0390673965307024
-0.0359866020499741
-0.0292913155248382
-0.0199041992028497
-0.00904631698830227
0.00214729722624218
0.0129028902833566
0.0228730396669846
0.0319865952407463
0.0401793027297703
0.0471733372252162
0.0524545259682021
0.0554704336123065
0.055930940063343
0.0540455941898301
0.0505883617869085
0.0467652797329117
0.0439249015914404
0.0431994458240732
0.0451892167279271
0.0497788068362532
0.0561199884300898
0.0627866485310148
0.0680996133401329
0.0705742502201289
0.0693576264565794
0.0644829125350112
0.0568388811492316
0.0478788284525587
0.0391798405327482
0.0319828611504922
0.0268363701204459
0.0234551908193384
0.0208622061430171
0.0177784073099294
0.0131083663556833
0.00632197288355023
-0.00240373069777274
-0.0123009471584977
-0.0223088597446025
-0.0314308904026553
-0.0390257214259327
-0.0449394186971777
-0.0494525740254596
-0.0530897857136349
-0.0563832279935048
-0.0596833821579943
-0.063077912945698
-0.0664308318652398
-0.0695066875642591
-0.0721176029515987
-0.0742331827409491
-0.0760172059152613
-0.0777876068601438
-0.0799230881440243
-0.0827415069375102
-0.0863520285079554
-0.0904833977345477
-0.0943603986105688
-0.0967805459593561
-0.0964908409949183
-0.092741650286472
-0.0856812111464835
-0.076289049438248
-0.065854820941425
-0.0553404958292571
-0.0450280957940126
-0.0346059625873669
-0.0235177253416085
-0.0112670120428046
0.00249528671332165
0.0180424918124186
0.0356226838446833
0.0553627588836441
0.0770406299951291
0.099852547450398
0.122337477040776
0.142574360502315
0.158647962134748
0.169224068609993
0.173976736190583
0.173656779438048
0.169772707054281
0.164053659395764
0.157947551647151
0.152340949462785
0.147540765070274
0.143434962228536
0.139712352708235
0.136063320038394
0.132339057294808
0.12864507104894
0.125292826786551
0.122544355831706
0.120237722862158
0.117551457852984
0.113123406499605
0.105474878061201
0.0934863092211023
0.0767324879824705
0.0556624505020598
0.0316357149313615
0.00672428704474444
-0.0167845113108738
-0.037021061177056
-0.0529632075449518
-0.0644472550030398
-0.0718658893812453
-0.0758477265027063
-0.077110381710101
-0.0764483934889086
-0.0747084996438496
-0.0726755761316672
-0.0709135813436258
-0.0696543432808904
-0.0687953613947219
-0.0680099733819733
-0.0669239935925605
-0.0652809877809031
-0.0630171526697865
-0.0602124402244592
-0.0569618668694874
-0.0532641318022945
-0.0490051847721719
-0.0440390576358866
-0.0383080456369945
-0.0319439101879136
-0.0253222512039183
-0.0190525095212506
-0.0138793130096633
-0.0104934426390725
-0.00931171310745648
-0.0103296052211369
-0.0131279794385105
-0.0170411769747318
-0.0214215587344605
-0.0258958566225506
-0.0305064691832037
-0.035671710442655
-0.041975465906194
-0.0498650223762525
-0.0593581755947972
-0.0698579733311081
-0.0801768358782694
-0.0888347870909421
-0.0945500820075873
-0.0966722465683328
-0.0953416507697255
-0.0913934707181764
-0.0861360827526156
-0.0810419736644051
-0.0773893299509775
-0.0760050085117091
-0.0772094311376865
-0.0808989305643554
-0.0866680664244683
-0.0939444156727099
-0.102111469777169
-0.110539509989769
-0.118471666495855
-0.124862932039792
-0.128388482905173
-0.1277480221885
-0.122142242572342
-0.1116358850004
-0.0972077258318122
-0.0805058490054317
-0.0634554771887073
-0.0478464924901055
-0.0349734031047519
-0.0253992401455219
-0.0189208050658404
-0.0147533146567323
-0.011853719702874
-0.00925497380413926
-0.00632193850486359
-0.00289903055717103
0.000674572697942881
0.00373563244044587
0.00567273623454267
0.00638438043314238
0.0065533677559825
0.00750374512515694
0.0106543285493453
0.0168674689319412
0.0260721233326771
0.0373503939928383
0.0493817636710012
0.0609656441555094
0.0713779793164025
0.0804726193439669
0.0885685958479673
0.096203957320334
0.10382716665849
0.111509595157189
0.118798736960396
0.124814991416338
0.128580298242615
0.129430956090584
0.127331691491792
0.122986031684593
0.117727315818935
0.113214297469505
0.11099313712997
0.112059422076387
0.116591185794982
0.123952527167467
0.132931185615079
0.142083832586472
0.150064595843582
0.155862419354429
0.158922895658476
0.159165900533758
0.156923650890873
0.152808140372675
0.147499627369653
0.141478971651895
0.134805470737829
0.127082603239974
0.117671455388098
0.106042706382385
0.0920515834486128
0.0759800712086774
0.0583618817066041
0.0397396668420554
0.0205105037206141
0.000923631643234671
-0.0188128740183378
-0.0384203637472869
-0.057522252066993
-0.0757054311338348
-0.0925823015895107
-0.107765296785621
-0.120782670336754
-0.13107905555883
-0.138210087356504
-0.142164106670705
-0.143592256246158
-0.143743920516374
-0.14406822353311
-0.145629590669201
-0.148601040526011
-0.152109360460076
-0.154581089486737
-0.154455434877623
-0.15080026736921
-0.14334039474105
-0.131987300546539
-0.116627063507358
-0.0975875966730027
-0.0761480647125086
-0.0543378801115454
-0.0342536255466084
-0.0175856619383217
-0.00552131740196216
0.00127403688639549
0.00276758262947216
-0.000364318102574384
-0.00685287284702956
-0.0151265292008348
-0.0236339384582337
-0.031115424299242
-0.0368271232855563
-0.0406872236305279
-0.0432136648673185
-0.0451587164872871
-0.0469711684521309
-0.048421267391807
-0.0486704017698813
-0.0467745382444191
-0.0423160771946831
-0.0357692406418052
-0.028357066810482
-0.0214627660062078
-0.0159424222807693
-0.0117518955734716
-0.00807976155108502
-0.00384064554921891
0.00180092888623719
0.00913107256569997
0.0178627328824089
0.0272966621640723
0.0365560191551802
0.0448154177341465
0.0514637528516161
0.0561604590644345
0.0587992250266363
0.0594463331277964
0.0583049725921997
0.0556785283582664
0.0518609007451782
0.0469441025446364
0.0406588168873542
0.0324305984905135
0.0217570324981097
0.00880094584374639
-0.00513468032089806
-0.0176413174913876
-0.0258862647120927
-0.0276358767559872
-0.0220518040172151
-0.00985652970681646
0.00709923657858296
0.026521568931126
0.0462802600684144
0.064803649881372
0.0812441148146369
0.095376197683966
0.107204481515077
0.116435310614218
0.122154742639256
0.122985345597285
0.117654582261302
0.1056115862208
0.0873501992448246
0.0643564419679933
0.0388088324962636
0.013171151583264
-0.0102657916383919
-0.0298491447084023
-0.0449141390090385
-0.0558463647747519
-0.0637562055634183
-0.0698528686398102
-0.0748020433075594
-0.0784099270611075
-0.0798096883654464
-0.0780252817243379
-0.0725818921401993
-0.0638609650955781
-0.0530725666417547
-0.0418752999598964
-0.0317773476827759
-0.0235504814390166
-0.0169508835960453
-0.0109574783981175
-0.00448279232594143
0.00278851766272055
0.00992510421578699
0.0149918794634079
0.0159742439042552
0.0119257928977231
0.0037195169373218
-0.00598551479400843
-0.0135003303934858
-0.0152111655560714
-0.00865509582343131
0.00668700959749899
0.0290994313208953
0.0550388505156817
0.0802103780221846
0.100914763875612
0.115084162907406
0.122607805746604
0.124943507542182
0.124317292934147
0.122878990311943
0.122070813826606
0.122326484004715
0.123124676994299
0.123345907430126
0.121797604288023
0.117717685681561
0.111090122803699
0.102682650594529
0.0937944573952118
0.0857860202624145
0.0795754888191769
0.0753537592251813
0.0726713670459061
0.0707991673463645
0.0690696901097215
0.0669647874537933
0.0639797613730928
0.0595056077748357
0.0529358450518038
0.043982054711556
0.0329837159441188
0.0209676628398525
0.0093485347374757
-0.000625954394873978
-0.00841159451031689
-0.0143950946482495
-0.0196821392796171
-0.02555447488736
-0.0328658968689252
-0.0416519612818357
-0.0511099660526477
-0.0599433680544708
-0.0669239888873849
-0.0714480034571343
-0.0738658475052967
-0.0754481116704456
-0.0779869930437488
-0.0831730088458734
-0.0919603288246069
-0.104126173992634
-0.118193152579494
-0.131829089810842
-0.142686034543273
-0.149372743115855
-0.152059852432049
-0.152329691260833
-0.1523017379484
-0.15350847533483
-0.156148034477659
-0.159099922761784
-0.160628685159619
-0.15932217219519
-0.154742682784395
-0.147512357710786
-0.138911590383497
-0.130307550878636
-0.122732987783602
-0.116749324063277
-0.11250802158558
-0.109830271569179
-0.10821163770928
-0.10682905739523
-0.104710566491265
-0.101119923622741
-0.0959699468604854
-0.0899162033482111
-0.0839096324956539
-0.0784015637141558
-0.0727691647407888
-0.0654559537947632
-0.0547874024811046
-0.0399160319563614
-0.0213459039777965
-0.000893788428736195
0.0187275688715303
0.034526359802676
0.0439944426080999
0.0459088905565989
0.0408806920829202
0.0313156532142489
0.0206908171671824
0.01242597102519
0.00885702477569955
0.0107123972722263
0.0171451451223284
0.0260910557112837
0.0347440263196789
0.0401713878389703
0.0401880276419617
0.0343560112211482
0.0245856064579754
0.0147603115659175
0.00932173826028133
0.011476444858369
0.021985317416985
0.0391051030250306
0.0595438220871172
0.0798302472339813
0.0974875703226938
0.111652149439734
0.123047245925242
0.133428447729048
0.144764884846667
0.158474659892927
0.174960515927689
0.193541405270154
0.212735386660545
0.230748333399486
0.245952210934641
0.257138942091884
0.263471405754888
0.264267067797215
0.258869439419463
0.246770496743672
0.227914451597835
0.202937735255754
0.173127938538253
0.140088564377911
0.105309305643391
0.0699004362237069
0.0346192754509388
9.99106888405381e-05
-0.0329427065978549
-0.0637205968232692
-0.0915950105668819
-0.116350049659842
-0.138328087140509
-0.15832170218058
-0.177217238712563
-0.195482894775633
-0.212711568830534
-0.227480578776361
-0.237639992057478
-0.240862351881995
-0.235177994897211
-0.219405142659248
-0.193575663207709
-0.159349418469091
-0.120146142022796
-0.0807031474924743
-0.0460840381010031
-0.0205127166696259
-0.00648498406502522
-0.00438341454305016
-0.0124812632118548
-0.0270775296089866
-0.0427680411575505
-0.0532689035839437
-0.0531167422852894
-0.0397564341522699
-0.0147610745745719
0.0168094157333331
0.0486789724803608
0.0759412075531008
0.0966097224961791
0.111628351517388
0.12374221976984
0.136013297671924
0.15063975278122
0.168409864542927
0.188786975136615
0.210345275251917
0.231166673768346
0.248991370356851
0.261271196664586
0.265435911758141
0.259451523483704
0.242396928561502
0.214719690209736
0.178084063741463
0.134975626692039
0.0882679155762928
0.0408706129698115
-0.00450288671461872
-0.0454825141421496
-0.0801962465717132
-0.107490665642683
-0.127136794638489
-0.139846606106453
-0.147006451820965
-0.150227911747457
-0.150950401187198
-0.150302527743603
-0.149274992879778
-0.149080425903445
-0.151456728105382
-0.158642186117271
-0.172850320808054
-0.195342094015907
-0.22553091065269
-0.26067688680042
-0.296443919292301
-0.328077356161339
-0.351588137423361
-0.364346829162389
-0.364891705272626
-0.352312287523149
-0.325888994989505
-0.285432370076866
-0.23210223537372
-0.168973065242154
-0.100728934813954
-0.0325230281518096
0.031339194173042
0.0881327062844269
0.136559743124156
0.176037106622763
0.206068699516082
0.226161411499717
0.236264932297451
0.237343848973052
0.231645549149669
0.222430653885988
0.213186436758545
0.206552412025889
0.203354105441718
0.202211630829611
0.200026394458265
0.193229528994735
0.179241591864678
0.157472263870632
0.12946304494206
0.0982199632699208
0.0671163390191725
0.0388431076257519
0.0147701221458859
-0.00514728910206554
-0.0219966312947036
-0.0372561065958205
-0.0520623502804334
-0.0666157705805404
-0.0799632873483786
-0.090310461162925
-0.0957745541648435
-0.0952526063971838
-0.0890281629732569
-0.0788681378324965
-0.0675436138947434
-0.0579197711883347
-0.0520154529032103
-0.0505606024301548
-0.0533236505000197
-0.059918842404728
-0.0704312749167043
-0.0854006437240788
-0.105276152131058
-0.129832111788426
-0.157941750840994
-0.187774941159641
-0.217256333769847
-0.244560389066617
-0.268403594024458
-0.28790707376427
-0.301966332718939
-0.308392286928114
-0.303381781795237
-0.281895045412568
-0.239164339384862
-0.172946916198439
-0.0855655390343884
0.0153988258802502
0.118471075537187
0.211452830182231
0.285116388771726
0.335732717549298
0.365363352156921
0.38008630205446
0.387271870899478
0.393113053410173
0.40108994932343
0.411526222686132
0.422156641116547
0.429463355997264
0.430258626150187
0.42279663311445
0.40693590692823
0.383504474654024
0.353533478485774
0.317961007412104
0.277846761861496
0.234619925487181
0.189876040271692
0.144726158900791
0.0992302095663762
0.0525256764227401
0.00376783646872846
-0.0466945745137474
-0.0967607519759072
-0.143050795464794
-0.182048066624731
-0.211146098121061
-0.229088359284615
-0.235799868543046
-0.231891560625667
-0.218150520055978
-0.195327184833098
-0.164451627094053
-0.127551196425587
-0.088151836911016
-0.0508750296387899
-0.0200836106786892
0.00160682411605064
0.0139080670671718
0.018164888424597
0.0159497556365664
0.00788576554036695
-0.00666173536598158
-0.0289172337700435
-0.0594063777936779
-0.0967558262006871
-0.137359489438612
-0.176223040108758
-0.20851716544417
-0.230943582625846
-0.242303950269279
-0.243283018618163
-0.235816897743853
-0.22237268273966
-0.205297733599168
-0.186328308115402
-0.166355822110582
-0.145556454678417
-0.123952060825725
-0.102288926328729
-0.0827653103566775
-0.0689209264066336
-0.0643674545941809
-0.0708949458972979
-0.0870818033053286
-0.108279215122628
-0.127992481729291
-0.139976945574282
-0.140209880504877
-0.128118493616186
-0.10669114468356
-0.0813161799133842
-0.0575951950546775
-0.0389805676176927
-0.0254442133802037
-0.0140058690585118
-0.000910403016418327
0.0157801298489989
0.0346886265631285
0.0515343751648787
0.0610937737146632
0.0595270832536471
0.0459043336937032
0.0224105880824609
-0.0065721511901303
-0.0359041076089834
-0.061022099625351
-0.078793359872346
-0.0878327423205005
-0.08840637112221
-0.0820396935460843
-0.0709055535593167
-0.0571111986810687
-0.0420738843808681
-0.0261543318567589
-0.00861787753669241
0.0120799363267176
0.0377201278846879
0.0695778429223316
0.107757350328617
0.150876392212928
0.196197208554917
0.240053820959416
0.278344666962583
0.307023132335612
0.322711349215448
0.323495669070528
0.309644647718173
0.283782475512469
0.250253159618351
0.21389181764686
0.178761465690655
0.14736356409402
0.120502011997313
0.0976559260459801
0.0775693552310099
0.0587919397102495
0.0400254390616013
0.020273484728883
-0.00111361414467139
-0.0244138345674388
-0.0495332492951703
-0.0761087051815529
-0.103742519213758
-0.132231042342886
-0.161513481639018
-0.191154477604941
-0.219505632016165
-0.243032883818053
-0.256365373197735
-0.253365452336857
-0.229102956959507
-0.182196034147429
-0.116633457448646
-0.0420396678809304
0.0283721205125405
0.0819771920575436
0.111509014582664
0.118010799427323
0.110131451738169
0.099883001061936
0.097021661776675
0.104927209995021
0.119856352041013
0.13353745269444
0.137493683282988
0.127008290866258
0.103180108875035
0.0724458581011738
0.0438545474202048
0.0252183931575255
0.0198669213019484
0.0256088785541688
0.0364069682632944
0.0457401814067762
0.0497188065149183
0.048355745461967
0.0446456812272409
0.0423331784708326
0.0437468172279453
0.0487515419692713
0.0550999278410319
0.0597269878401861
0.0601807102561819
0.0554981682303681
0.04624618530673
0.0338722862009508
0.0197805807234428
0.00460185310572032
-0.012040548057541
-0.0312801374232459
-0.0545205591541579
-0.0829177861467165
-0.116797489579062
-0.154909393771198
-0.193759107402138
-0.227679636070557
-0.250168521478599
-0.25617197322016
-0.24417501573702
-0.217001875457512
-0.181064135350686
-0.144557000229189
-0.115269289947799
-0.0985196000941068
-0.0956818696310653
-0.103758026163979
-0.116212158799845
-0.124836688557002
-0.122083860431274
-0.103204186555131
-0.0675775730161216
-0.0187755633915151
0.0367017910063233
0.0914608661289194
0.139088478789144
0.175180565535659
0.197517204102867
0.205827189458974
0.201475437475089
0.187089382125109
0.16611135060062
0.14246313679983
0.12046912888987
0.104785497159249
0.0998156261224707
0.108423961092235
0.130472034107049
0.162098314307082
0.196355923163164
0.225062410956994
0.241069735832079
0.240042278522699
0.221239401404066
0.18733996059186
0.14359004376688
0.0965028182329649
0.0523392468591115
0.0157672943370463
-0.0108619154261836
-0.0274685675863636
-0.0356378472006005
-0.0377720916931606
-0.0362410137947685
-0.0327547928983094
-0.0282170187253065
-0.0231414957486836
-0.0183249401001902
-0.0152303034203598
-0.0157662657479949
-0.0216547663822018
-0.0338497092155815
-0.052286010138396
-0.0759029948180445
-0.102791457356094
-0.130443619878916
-0.156124217333571
-0.177223991223819
-0.191373710741719
-0.196320294591632
-0.189903621847634
-0.170500114698892
-0.137897448261332
-0.0940951096644965
-0.0434311841018192
0.00822110185378594
0.0549590417585277
0.0924945102991136
0.11929189794531
0.136735310614669
0.148238060906926
0.157621728851355
0.167379567926763
0.177531835801132
0.185636986666114
0.188088485278231
0.182190827109753
0.16800126434397
0.148929408665919
0.130713339071044
0.119299225791544
0.118722955953931
0.129908965310891
0.150570585482158
0.175806242780635
0.199003832395451
0.213026158700379
0.211722338167623
0.191446518082539
0.151989149570465
0.096567278672084
0.0310197490659502
-0.0374115490485933
-0.10142583656869
-0.154940959921515
-0.194091996322188
-0.217771857835245
-0.227662553258343
-0.227768042553963
-0.223453176333953
-0.220111246868124
-0.221829258618892
-0.230514339823694
-0.245722308259413
-0.265094998561724
-0.285161317555576
-0.302306656504861
-0.313761862783274
-0.318399289888325
-0.317057740582774
-0.312198375394609
-0.306932444450891
-0.303747461761072
-0.303449896757744
-0.304818076769413
-0.305162464367342
-0.301526623089371
-0.291915389920188
-0.275969715241357
-0.254895546481748
-0.230879925127369
-0.20638121280329
-0.183537399113681
-0.163719382426961
-0.147163826424888
-0.132670049644364
-0.117473328268229
-0.0975564305468021
-0.0686716990378543
-0.027984078422901
0.0243806242807119
0.0848558139116405
0.147391322405947
0.205185149981529
0.252109821476306
0.283371551891863
0.295858025847731
0.288821996026047
0.264848431784854
0.230255291891293
0.194046765539454
0.165382489911778
0.15056185401905
0.15093983925409
0.162746047911055
0.17884851955724
0.191630428726357
0.195708838833049
0.189400455136156
0.174550400923475
0.155168904618552
0.135745108461997
0.119945510259324
0.10994775021949
0.106319530472596
0.108268230512196
0.114127282427809
0.121966580929517
0.130200777324334
0.138059530376087
0.145780879860163
0.15439099252059
0.165003824837773
0.1778043138656
0.191209487596128
0.201820846692111
0.205397420740969
0.198384676713566
0.179157682241404
0.148436470991916
0.108940749034286
0.0646497597670037
0.0199040560421399
-0.021562678650582
-0.0574453219059584
-0.0871257072733
-0.111089974308576
-0.129772394060276
-0.142595476696516
-0.14789705003091
-0.143768195384814
-0.12918629337977
-0.10479329113326
-0.0731281614035502
-0.038466387046192
-0.00634498385049749
0.017313966710828
0.0274372963114871
0.021053759005624
-0.0018508422091271
-0.0381304227764534
-0.0820235390092785
-0.126413816703847
-0.164525066403157
-0.191503613327937
-0.205333755310668
-0.206819916431097
-0.198728864066789
-0.184465118872805
-0.166826202484529
-0.147365076281919
-0.126576188736535
-0.1046546728732
-0.0822923112694286
-0.0610526915775763
-0.0431673869790232
-0.0308659213064863
-0.0255003286237479
-0.0267971324149553
-0.0325870037628107
-0.039249297545668
-0.0428030598059388
-0.0402017901213128
-0.0302311070816573
-0.0136306154762952
0.00749973593297396
0.030625718607409
0.0536212405282918
0.0752740629747284
0.0953795677204535
0.114470758778401
0.13333729751914
0.152564655554182
0.172284890601848
0.192149795078048
0.211376154944037
0.228760559417549
0.242764855933472
0.251855100105216
0.255080025261061
0.25258589036025
0.245696917178427
0.236428909943352
0.226652282848859
0.217333263493185
0.20824227168443
0.198261231382876
0.186097344086835
0.17101346136034
0.153225559167951
0.133846351121395
0.114508520266799
0.0969149487448598
0.0824750388331077
0.0720131503845135
0.0654917394329927
0.0618386147998163
0.0590952791499364
0.0549808323133885
0.0476607025617811
0.0363263143716518
0.0213106660963639
0.00375808199354155
-0.0149175875373314
-0.0335257605637657
-0.0513734793936095
-0.0682525129478881
-0.0841619409694084
-0.0989040828108466
-0.111793562986783
-0.121698761282804
-0.127459062800505
-0.128508965936391
-0.125425871251618
-0.120121484539226
-0.11549487543217
-0.114581928659115
-0.119529455321729
-0.130887108488699
-0.14755553745466
-0.16733572593368
-0.187707976361891
-0.206464510550779
-0.222052546130054
-0.233682725613614
-0.241266876823938
-0.245178581683212
-0.245858344741203
-0.243403663375264
-0.237336889668752
-0.226671441173482
-0.21029529786924
-0.187621962126464
-0.159359094624939
-0.128075688353181
-0.0981421717533967
-0.0747825143195994
-0.0624459345080554
-0.0632013969248326
-0.0759739393425571
-0.0970129533297164
-0.121281336537644
-0.143992360535092
-0.161614721258815
-0.172154900031704
-0.174942910871668
-0.170215417299247
-0.158670632676889
-0.141137551099187
-0.118524917108618
-0.0920736916429937
-0.0636642904691083
-0.0358274176134907
-0.0113113253278047
0.00763750186059151
0.0199665834050472
0.0261908439283447
0.0282706412692934
0.0289850768584988
0.0309837184280978
0.035854234319524
0.043608664229543
0.0529236117211612
0.0621785472271572
0.0708249941542667
0.0802158034268493
0.0932019025216602
0.112608632497789
0.139534193978304
0.172559325739553
0.20829238331424
0.242750782623067
0.272626220638915
0.295791896666036
0.311120670512636
0.318125500956801
0.31678965729064
0.307538038066212
0.291130901410595
0.268450359220873
0.240366750680588
0.207829760853203
0.1721023089054
0.134907069189807
0.0983311530991017
0.0645562307583188
0.0356280853322954
0.0133814955850648
-0.000610646934359
-0.00528088814420442
-0.000500549629920151
0.0125824338870689
0.031595737725123
0.0534032138893834
0.0747262971013978
0.0926625993655173
0.10501894842644
0.110527425941836
0.109005774923187
0.101428825774427
0.0898187313143847
0.0768637105815077
0.0652164519310824
0.0565473477618005
0.0506663864526298
0.0452293952420836
0.0364304857064785
0.0205722601175252
-0.00418650835540543
-0.0368059066663783
-0.0735775654427802
-0.109388726405432
-0.139337016963109
-0.159983091340236
-0.169907458759722
-0.169643029957176
-0.161240684079819
-0.147705939660079
-0.132437941076156
-0.118691750964199
-0.109035076273262
-0.104822989402672
-0.105830365961057
-0.110251053898143
-0.115205145617263
-0.117695284563783
-0.115717056280554
-0.109089419754838
-0.0996253438734265
-0.0905190220867808
-0.0851733393296847
-0.0859335013723492
-0.0931971454506242
-0.105191097174219
-0.118481744061062
-0.129066164675664
-0.133661996451532
-0.130680622691507
-0.120507182480784
-0.105101367372621
-0.087278913912319
-0.0700561484515933
-0.0561900262174653
-0.0478326625401644
-0.0462364188827908
-0.0515725790720273
-0.0629383009128987
-0.0785071516853108
-0.0957208966875553
-0.111534100065059
-0.122861458422466
-0.127314238402148
-0.124030547760342
-0.114140414761408
-0.10043391868478
-0.086199003104275
-0.0737481579725611
-0.0634373132130313
-0.0537096068403457
-0.0420604304592952
-0.02634774288846
-0.00586694620446064
0.0181349235628477
0.0426534012978885
0.0638676823823371
0.0785937106466327
0.0856240292346536
0.0862257302893946
0.0835019210600325
0.0810080199844948
0.0814030572175776
0.085755043333257
0.0936296944050864
0.103672862332175
0.114276514051993
0.124056726463207
0.132084783811416
0.13793961024943
0.141660831950168
0.143650259202041
0.144557879262592
0.145179481321154
0.146349799484592
0.148771378230343
0.152756422113698
0.157981864523536
0.163442866547085
0.167708055972779
0.169370854053551
0.167451575939052
0.161573119986737
0.151934350378515
0.139238174509176
0.124671179866728
0.109846582650855
0.0965259027101781
0.0860889184064174
0.0790228168565945
0.0748257730257176
0.0724712317972346
0.0711496808316594
0.0707930445374901
0.072067619537072
0.075883180712072
0.0826918387915906
0.0918629460619701
0.101353055795855
0.107814855475639
0.107174584604555
0.0955872267687314
0.0706032944497718
0.0322617227541971
-0.0163711022870172
-0.0696927110284988
-0.12110889714148
-0.165000242292096
-0.19818258458034
-0.220234752646435
-0.232718507388441
-0.237882192426692
-0.237596215195116
-0.232953993120681
-0.224450601528319
-0.212341116549002
-0.196876470187048
-0.178408350977055
-0.157495429011084
-0.135030194852929
-0.112250498514089
-0.0905265706144951
-0.0709963618985674
-0.0542580619938554
-0.0403043652212191
-0.0287609126634633
-0.0193630598776879
-0.0124785881210495
-0.0093716103721908
-0.0119273972027975
-0.0218345780924195
-0.0396206357616289
-0.0641027409124139
-0.092547905269975
-0.121376983200722
-0.147021926817007
-0.166650727878027
-0.178629322096801
-0.182605784412276
-0.179135518651656
-0.168991298218071
-0.152561018108119
-0.12971914169504
-0.100222384885369
-0.064307223413625
-0.0230521754106289
0.0217208747535907
0.0678641658849251
0.113269267179855
0.155935896504446
0.193879293954565
0.225241524545704
0.248774128497363
0.264424105148948
0.273537639380038
0.278408677000859
0.281342294215449
0.283730381175918
0.285640070547757
0.286098826950041
0.283828688786463
0.277943425099944
0.268250900841678
0.255151817749837
0.239355412558636
0.221571111408725
0.20216421252642
0.180781898970759
0.156176109196079
0.126541769460019
0.0903962500906573
0.0475511133227971
-0.000445115386918613
-0.0506690040134101
-0.0996997600990205
-0.144420355714341
-0.182318634116544
-0.211324377566132
-0.229598396234906
-0.235690105669192
-0.229097101703905
-0.210837775391956
-0.183578655044692
-0.151171485011644
-0.117813141559749
-0.0871581150997306
-0.061627991892694
-0.0420675865877315
-0.0278543057491347
-0.0174831901564318
-0.00945706328030068
-0.00309698982526966
0.00114782012351754
0.00205462889467517
-0.00159715286195432
-0.0103159191271046
-0.0236343542454181
-0.0403332529783978
-0.0588902740917369
-0.0778170649695018
-0.0957220428610519
-0.111222022741977
-0.122994863787364
-0.130145707528261
-0.132719909423541
-0.131938099656085
-0.129817539997491
-0.1282359046978
-0.127875842129501
-0.127595075525679
-0.124599439535929
-0.115489698505731
-0.0978569732515146
-0.0717015621489618
-0.0398669784961378
-0.00717352220138378
0.021282687415418
0.0417702030715918
0.0528205608675604
0.0552505918631094
0.0515872242138917
0.0452577432432926
0.0397761230802155
0.038009027880178
0.0415603297127009
0.050362784977706
0.0626310097477087
0.0753126181610011
0.0850066820567173
0.0890549420239859
0.0863478868479177
0.0774954249576642
0.0643424843832609
0.0491297989931768
0.033707333962206
0.019088899189933
0.00543447329019573
-0.00760026522721333
-0.0202942721711214
-0.0323122261640567
-0.0424735232774703
-0.0489923388737644
-0.0500017685902303
-0.0439697594569595
-0.0298419230061154
-0.00717933219648258
0.0233895220197811
0.0595876611250266
0.0974368708953302
0.132161982890047
0.159679367187438
0.177754247242015
0.186192886487124
0.18621337714091
0.179627345960208
0.16830069183165
0.153887188850008
0.137596157169006
0.119932466885389
0.100633547574018
0.0790377712594486
0.0547907763802874
0.0284502667015037
0.00154846886186467
-0.0239536878540013
-0.0464566362719929
-0.0652558767646612
-0.0805474822701831
-0.0930115845208258
-0.103317588611997
-0.111852883321809
-0.118749221310771
-0.124084999065126
-0.128105585293035
-0.131368523605147
-0.13476516146849
-0.139383513023319
-0.146232082398369
-0.155934944265447
-0.168523743229681
-0.18335255999954
-0.19907872435474
-0.21371967608834
-0.224928874799029
-0.230605394672046
-0.229689036665868
-0.22270440957361
-0.211603102080996
-0.198823614157344
-0.186034680901311
-0.173322557868029
-0.159326970483284
-0.142191340686904
-0.120703176003503
-0.0950177246184429
-0.0667301239885149
-0.0384019916197797
-0.0127852813531942
0.00799631834623354
0.0230641730118353
0.033017925483167
0.0397207176996078
0.04570573037529
0.0533965045103563
0.0644241738158023
0.0793144935087735
0.0976426114649002
0.118475433744185
0.140740634300455
0.163261456925759
0.184539573901857
0.202656749093666
0.215600279275031
0.221938129925857
0.221447873754376
0.215325382854003
0.20587590068592
0.195847195328692
0.187677375980803
0.18294399232413
0.182232544920268
0.185444655761013
0.192289605196719
0.202550266139713
0.215863786855007
0.231157303403664
0.246234804416766
0.257997426627013
0.263345035130741
0.260294531864011
0.248708378613627
0.230345222642675
0.208364853436398
0.186561452884158
0.168474948970532
0.156450521332621
0.150852624025551
0.149809696221848
0.149771524826682
0.146768654972486
0.137864801623489
0.122192812130613
0.101179660476568
0.0778965667047648
0.0557722811807551
0.0371584696282518
0.0223671960388905
0.00964619500860277
-0.00391856008989799
-0.0210930056966815
-0.0434249011246879
-0.0707242334810947
-0.101005751382577
-0.130760819277943
-0.155627159501274
-0.171493588502577
-0.175687073964562
-0.167631042528997
-0.148688487630229
-0.121542746599184
-0.0897081059850932
-0.0573364186002812
-0.0289246443151027
-0.00851500624990172
0.00145663128262963
0.000987024977751511
-0.00760772010311312
-0.0207741777671536
-0.0351945994491446
-0.0488850305825799
-0.0614595588803702
-0.0736335712368358
-0.0864158426430389
-0.100456609142678
-0.115771077798386
-0.131797245332461
-0.147631198930861
-0.162282343519956
-0.174820583010636
-0.184351097779699
-0.189889278838967
-0.190351218651359
-0.184869956643798
-0.173428081308762
-0.157483665805091
-0.140099850103539
-0.125268560262551
-0.116611422962055
-0.1161029720749
-0.123483952871717
-0.136560613538543
-0.152031652554214
-0.166325397762392
-0.176209462044178
-0.179254675634516
-0.174248750990718
-0.161452437639947
-0.142505648517509
-0.119948180085136
-0.0965327420197979
-0.0745776681079684
-0.0555418517411015
-0.0399160071125298
-0.0274414254689394
-0.0175506315055934
-0.00979934019328371
-0.0040404239534776
-0.000251767846170187
0.00181777537142177
0.00288127862381244
0.00402458191968125
0.00634630916496219
0.0105558131093756
0.016734818186215
0.0243264381380939
0.0323085885999422
0.0394829250624308
0.0448045328828713
0.0476629090105752
0.0480449030474677
0.0465764798514992
0.0444816716412982
0.0434662029206704
0.045483383074045
0.0523371560728478
0.065118423486152
0.0835582578071503
0.105549469077077
0.127235276337929
0.143931494803039
0.151664874522299
0.148627823696991
0.135814668918666
0.116555175642274
0.0952205523599187
0.0756804225329121
0.0600763273269682
0.0482965231358739
0.0382974254890616
0.0271226560723356
0.0121640598654398
-0.00793395940459304
-0.0331257332528193
-0.0624621578954634
-0.0946405480302523
-0.128001681525187
-0.1599744783623
-0.186689416900517
-0.203541664881092
-0.206718639676283
-0.194842078683877
-0.169721797145499
-0.135815604248248
-0.0987449225082591
-0.0636205392076043
-0.0338860648931974
-0.0110173806157748
0.00507324050017732
0.0154126295229934
0.0215487139955297
0.0253806503750039
0.0289382139181127
0.0338440242878635
0.0405568961456036
0.0478507485863556
0.0530236559238602
0.0530126563197545
0.0460913712647289
0.0333821846487705
0.0192541826779109
0.0100425997799939
0.0114440350846765
0.0259108783887815
0.0515663391558905
0.0832654514562097
0.115082971239207
0.142748098088877
0.164806320220556
0.182170983127138
0.196580301424585
0.208926218976271
0.218365686806057
0.222604988435281
0.219047529301891
0.206081359529152
0.183885555646213
0.154526911797082
0.121450623612097
0.0886384170119901
0.0597652213377474
0.0376143706027842
0.0238098691998571
0.018742680571578
0.0215636731986716
0.0302536330505133
0.0418941533548415
0.0532394515264533
0.0615268916834698
0.0652426271062957
0.0644325852769936
0.0602945321229042
0.0542194032445971
0.0468781535230733
0.0379639806785433
0.0267176587099844
0.0127948801294235
-0.00313876084411619
-0.0194203838283111
-0.0339426997994951
-0.0449387218616607
-0.0516414611835407
-0.0545382204745542
-0.0551140891933854
-0.0552061955058417
-0.056255859166787
-0.0587687314040468
-0.0621958153246737
-0.0652901932713107
-0.0668056087728449
-0.0662292664390989
-0.0641845954911112
-0.0622763607068732
-0.0624178303454046
-0.0659165507896877
-0.0727004786472621
-0.0810436543457785
-0.0879996695977056
-0.0904504625864383
-0.0863316932824993
-0.0754489495913746
-0.0594967098753212
-0.0413068350007432
-0.0237154006939261
-0.00856920712501195
0.00370692047580146
0.0138025375626354
0.0225969601949657
0.0300461517859024
0.0344909237305176
0.032867790741182
0.0218390330858287
-0.000668606050527324
-0.0342585263839625
-0.0757549442829108
-0.119926488526287
-0.160941471090647
-0.19396820651348
-0.216299384931197
-0.227625816472219
-0.229505938896566
-0.224430933966849
-0.214960211825238
-0.203204157954602
-0.190654201055542
-0.178190687863624
-0.166099621639996
-0.154063092163245
-0.141244495145807
-0.126607856851161
-0.109421206927469
-0.0896693437422725
-0.0681246863374293
-0.0461237121311834
-0.0253336690395742
-0.00766948313163082
0.00480367573658269
0.0102254511532888
0.00750246273745371
-0.00326052646916777
-0.020710686628669
-0.0424997753481398
-0.0656163233366441
-0.0867438997389197
-0.102769018803687
-0.111458722379709
-0.112058888955664
-0.105464402564817
-0.0938035681882036
-0.0795820688430592
-0.0647369144446378
-0.0499992138920206
-0.0348598370746869
-0.0181624108177458
0.00100445204019534
0.0226374237963446
0.0457270418457337
0.0686817459762541
0.0898981936600314
0.108163939946609
0.122858774999624
0.134078917634016
0.142702282234897
0.150246752246192
0.158406930067121
0.168390032487931
0.180381505027975
0.193457194219118
0.206017860289007
0.216515989402999
0.224072411613849
0.22865006754643
0.230728448074072
0.230736506886887
0.228625875491763
0.223783650535756
0.215170851579003
0.201483963219537
0.181368064693884
0.153894077320591
0.1192800539708
0.0793886803364209
0.037461957575319
-0.00292664389329395
-0.0390863856784572
-0.0698387270087762
-0.0952802538110944
-0.116025651821157
-0.132547820358092
-0.14499656054548
-0.153420306431498
-0.15805265739959
-0.159418804992706
-0.158269826330329
-0.155469270564345
-0.151864367237782
-0.148068446969986
-0.144158379535826
-0.139483740604973
-0.132825709714924
-0.122909582204447
-0.108974974560406
-0.0910538693742023
-0.0698462240903943
-0.0463595906673641
-0.0215463526115829
0.00393539289031136
0.0297689711707714
0.0557067310600709
0.0809155820449753
0.10327098486687
0.119346734911594
0.125645295248842
0.12065364604578
0.106400408684047
0.0883160396938959
0.0733547066674463
0.0674702181808447
0.0737195314173787
0.0916205700213334
0.117696018840748
0.146822255468891
0.173908512441851
0.195362206454918
0.209860440504656
0.218258273526635
0.222856863166026
0.226459001552879
0.231569474627205
0.239868881876382
0.251878370708475
0.266695800409575
0.281872762600127
0.293725724957477
0.298285912921015
0.292610134999477
0.27573545889175
0.248708884964721
0.213825057659653
0.173776017153885
0.131267541369233
0.0890018431041371
0.0495445560163198
0.014883070778756
-0.0139949210324529
-0.0370983152845256
-0.055046013456847
-0.068730615880224
-0.0793260108603641
-0.0884543299645076
-0.0981041041593802
-0.110161288588206
-0.12581038336828
-0.145136908161855
-0.167037074879927
-0.189374580454571
-0.209379503426803
-0.224348122109226
-0.232548118566971
-0.233966069008361
-0.230468717998722
-0.225219188618295
-0.221581711828563
-0.221950238602892
-0.226877712954597
-0.234755506023138
-0.24221680203151
-0.245270859498221
-0.240802756343223
-0.227755599347596
-0.207451584239458
-0.183069045766143
-0.158743756423244
-0.138715514872419
-0.126608705646373
-0.124778969413219
-0.133771018860168
-0.15204268721725
-0.176070351280909
-0.200887148796211
-0.221075104853482
-0.232084862929213
-0.231464347847946
-0.219425671513034
-0.198432374564644
-0.172018552932724
-0.143451244576552
-0.114840077655568
-0.0869480892705082
-0.0595550880354596
-0.0320303911583797
-0.00383529876389336
0.0251535974165114
0.0545046424644818
0.0832637270291507
0.11012166835954
0.133612447235057
0.152242879661628
0.164583629999225
0.169452093729896
0.16623131243388
0.155203849969197
0.137764279459375
0.116479795041959
0.0949434340931612
0.0771962142679646
0.0665486714210518
0.0641267257035563
0.0680027860767755
0.0736860636267978
0.0759177297711758
0.0708144078048816
0.0572206737068592
0.0367817427246222
0.0130953169565242
-0.0093557022689961
-0.0260610215948296
-0.0331485783872932
-0.0280498185662977
-0.0101846276534891
0.0186116685135472
0.0543217814537688
0.0918054873335555
0.126350720225155
0.155006491764854
0.177061764503104
0.193521654736276
0.205988254656522
0.215618119112561
0.222652600524139
0.226556188161002
0.226428733710778
0.221359486599899
0.210654926536113
0.194040150932089
0.171853120254917
0.145138381219105
0.115622291676907
0.0856861869948386
0.058364943099777
0.037124214344914
0.0251014862978434
0.023872354409787
0.0323549645061795
0.0466691804059608
0.061353002217464
0.0715233821927998
0.0749063876598608
0.0726540433951107
0.0685468611617851
0.0670562807276535
0.0712310941521492
0.0813107381461147
0.0945777917238751
0.106463967863452
0.112405258326197
0.109553697460209
0.0974734627056966
0.0775171461785309
0.0514200917305273
0.0201604092250021
-0.0161406741042735
-0.0573606916801232
-0.102351053933169
-0.148548091169016
-0.192467701461264
-0.230744308820089
-0.261138397346571
-0.283080973936478
-0.297651908839906
-0.307144647402262
-0.314392871577287
-0.321910349208142
-0.330897902859728
-0.340432258992497
-0.347393457817845
-0.347473053253837
-0.336916306305606
-0.314043783102631
-0.279652880771805
-0.236130814278535
-0.185971156025757
-0.13074590754538
-0.0711907384429305
-0.00822299299259592
0.055911366240686
0.117142905605777
0.170031335110461
0.208995292083578
0.229901762905559
0.231463062333522
0.215864954818348
0.188293049828009
0.155516189479713
0.124107330466984
0.0989212480035857
0.0821479325867622
0.0729965398537215
0.0680868776359188
0.0626836702164896
0.0525793046574669
0.0358373716547316
0.0134523579722517
-0.0113638741240977
-0.0346452519644892
-0.0529591860508209
-0.064066315530196
-0.0671193683795454
-0.0627361747808513
-0.0530161071075146
-0.0412886299019309
-0.0313839668671669
-0.0264732426158803
-0.0278474212856589
-0.0342045700664049
-0.0419365094863468
-0.0464763892221231
-0.0441719303782479
-0.0338080656669639
-0.017092675514988
0.00204124430256434
0.0189794944997329
0.030232834713202
0.0348383661676562
0.0347518575250293
0.0339582973986691
0.0366126658547161
0.0450498117693263
0.0586121334887336
0.0738503548326503
0.0859737573851258
0.0908082048734243
0.0862769786115537
0.0727016765308613
0.0519076493510385
0.0258332462552577
-0.00435734255976224
-0.0380012090180652
-0.0736701629022027
-0.107869766075646
-0.13485568832157
-0.14808215320503
-0.142707292873404
-0.117814533147912
-0.0771248812929792
-0.0278568697341983
0.0216022350713358
0.0640647274189095
0.0950524375482677
0.113219098552206
0.119973515596607
0.118650705229255
0.113384416402029
0.107801858909448
0.103886448610237
0.101512449279067
0.0989281195022196
0.0939400535698906
0.0851276517287302
0.072399219434131
0.0566013701423395
0.0384962098290781
0.0178778261594911
-0.0064451073979445
-0.0356791371987744
-0.0697005694186882
-0.106224781313259
-0.141041990284904
-0.169260627301553
-0.187010750845073
-0.192841595816258
-0.188135744086338
-0.176293174086039
-0.161083286713143
-0.145040073740448
-0.128716191750623
-0.111030303031706
-0.0902770632438608
-0.065111521867407
-0.0350847939066425
-0.000766390908656243
0.0362956775869724
0.0736844488258607
0.108451897795537
0.137807442732841
0.159925632122596
0.174367921466726
0.181796035089366
0.183184861057498
0.179125911998681
0.169708087900828
0.155010727558144
0.135835580346613
0.114179332148495
0.093101017140345
0.0759580665754672
0.0653213643232125
0.0620617259714507
0.0650334314554834
0.0715095942130721
0.0781695646926872
0.0821553530425109
0.0816883803288331
0.0760481396604029
0.0651546119113871
0.0491960405018855
0.0285524243526881
0.00392209363808197
-0.0235940229235462
-0.0525846129812549
-0.0815512994702309
-0.109147131053119
-0.134349161069432
-0.156534962116769
-0.17545317559308
-0.191077891637265
-0.203357500094379
-0.211948899270837
-0.216120089583014
-0.214967723505999
-0.207880710349919
-0.194970772865825
-0.177223804751725
-0.156375205607743
-0.134689434879815
-0.114741114033235
-0.0991091938179256
-0.0898897761453461
-0.0881280761838143
-0.0934166018429147
-0.103849701913707
-0.116375650183772
-0.127483759076985
-0.134070676775797
-0.13420457318769
-0.127474178788284
-0.114795183625298
-0.097833012328185
-0.0783426345815541
-0.0576525669987391
-0.0363869372719489
-0.014464183197693
0.00860464820941215
0.0331685853664449
0.0588180692510046
0.0839670481501313
0.10590516250826
0.121468286609691
0.128236797471627
0.125857615846698
0.116830151051251
0.106118042626439
0.0994226287564837
0.100752714869221
0.110527780308502
0.125305799807743
0.139316571272128
0.14695231741746
0.144954301195311
0.133384159582004
0.115142726644234
0.0943744888735993
0.0744972058489857
0.0568010225736329
0.0403555797927247
0.023259458294028
0.00444760555596823
-0.0150639362260984
-0.0322240429310096
-0.0431942241902499
-0.0450369904021879
-0.0369498685011571
-0.0205237848819972
0.000945994740598484
0.0236499974852842
0.0443500184510873
0.0608905374475124
0.0720714970020381
0.0772723111838792
0.0763529200539254
0.0700096713918756
0.0602258027683583
0.0502413696477612
0.0437860156405826
0.0438722864721434
0.0517648371971117
0.0666236453246882
0.0859206530100778
0.106326901000544
0.124586006026759
0.138024159619978
0.14468055278232
0.143303361007906
0.133466733660049
0.115873329498728
0.0926595486497432
0.0673475494901423
0.0441456393097068
0.0266745452461123
0.0166808714239696
0.0134600004202669
0.0143497256662559
0.0160477323448929
0.016094084173202
0.0138411584119636
0.0105228073613519
0.00846040772755644
0.00982671504577017
0.0155515887811669
0.0248211225838329
0.0352865504437042
0.0437503342055745
0.046932560525183
0.0420620085886378
0.0273586645250061
0.00261225213074394
-0.0301952862477449
-0.0666500733854295
-0.10049558974405
-0.125062904224914
-0.135043633404401
-0.12794274344983
-0.104782106903771
-0.0699634093805607
-0.0303723001340416
0.00613581392403104
0.0325694981782485
0.0444113806066874
0.0404237643935847
0.0224065058404897
-0.00584049225766644
-0.0397956727807254
-0.0752084176924135
-0.108557761194332
-0.137106607729622
-0.158932079620529
-0.173204442928338
-0.180561484841174
-0.183097507380859
-0.183646759447662
-0.18458701920533
-0.186796274340879
-0.189281990299376
-0.18953501648314
-0.184328356585196
-0.170700306600845
-0.146969952989722
-0.113556155193144
-0.0732526178723194
-0.0307553288220821
0.00839600351832226
0.0390530620214819
0.057507838556926
0.0621903518538479
0.0539909590919851
0.0361963650337051
0.0139669791201666
-0.00671381223603381
-0.0204812074160381
-0.0239566120317351
-0.0164737950026301
6.5678919197612e-05
0.0219311407509697
0.0444455903518761
0.0628277437837121
0.0730889323475338
0.0729864270746365
0.0627139712543539
0.0449137884807144
0.0238797271722332
0.0042234551348229
-0.0104991188399943
-0.0187128328176712
-0.0209938798663494
-0.0194860934564331
-0.016877988341873
-0.015386457977641
-0.0160589073198876
-0.0184720892457809
-0.0208104386875104
-0.0203615891072646
-0.0144471680996823
-0.0015781211227259
0.0176344346184505
0.0402823975428957
0.0618423445099439
0.0775056586925299
0.0836796676125221
0.0791644749082967
0.0656449165307276
0.0472948811569534
0.0294632372620851
0.016725631545982
0.0110250171826476
0.0108325876247911
0.0118952332447125
0.00932870522098007
8.69343672426459e-05
-0.0153921472968326
-0.0331955180379353
-0.0476099860729414
-0.0535892727540613
-0.0487370151299988
-0.0339115070663107
-0.0124352136448826
0.0113873877781614
0.033615283431615
0.0514418268489113
0.0634331184614369
0.0694759401981846
0.0705655774074546
0.0684004418377092
0.0647782464259029
0.0609731163820568
0.0573672234192674
0.0534705663133059
0.0482374950280062
0.0405258068163626
0.0296421557997484
0.0159217941089087
0.00109737698552617
-0.0119019312096496
-0.0198126892780073
-0.0201593368572269
-0.0120096398412925
0.00397141493741071
0.0259767103491213
0.0515580808703978
0.0778990013894398
0.10197683903636
0.120903549873916
0.132525663680127
0.136024087475224
0.132138271684542
0.122847245495
0.11066954540547
0.0979331867937004
0.086312775952075
0.0767181416427456
0.0694186885012488
0.0642316377602707
0.0606911515307228
0.0582206681857572
0.0563186170377488
0.0546581929548083
0.052981148116458
0.0508608950547354
0.0476507316042131
0.0428705747325111
0.0368499290929976
0.0310503470340876
0.0276120653356049
0.0282651102193991
0.0332765576469921
0.0411131872317863
0.0490135746307319
0.0540848222224193
0.054268368399565
0.0487048869420355
0.0374944551650292
0.0212221861643214
0.000633599018373335
-0.0234275666988226
-0.0499495708238212
-0.0776913965198015
-0.10514507104595
-0.130502999572721
-0.151718167751907
-0.166801136402938
-0.174339349533705
-0.173971005080529
-0.166493658615724
-0.153538481175493
-0.137049837780103
-0.118876413158508
-0.100603076592392
-0.0835726213355066
-0.068998087168385
-0.0580663805936509
-0.0519146767338108
-0.0514014180501634
-0.056735723257208
-0.067150030097845
-0.0807901462792456
-0.0949181571880347
-0.106473117721945
-0.112956185955964
-0.113403349142095
-0.108980041301715
-0.102744092138861
-0.0984998392847476
-0.0991930472536966
-0.105596698556095
-0.115907531953931
-0.126418998946657
-0.132942790749801
-0.132359968814822
-0.123663778595563
-0.108058663155699
-0.0880677169747976
-0.0661137927954201
-0.0434107326306398
-0.0198589136856252
0.00504579768585165
0.0310177261935039
0.0564321127987437
0.0788595439452709
0.0963039770192166
0.108233483773536
0.115679929379422
0.120452515109232
0.124193073353426
0.127987581622134
0.132589594046465
0.138671938206841
0.146527787486387
0.155288079624987
0.162386899840018
0.164024163933506
0.156677994326544
0.138913291613784
0.112481121770122
0.0821095087736033
0.0540623758645464
0.0340950583476726
0.0256731249783313
0.0291719918363173
0.0422818547699861
0.0612526269776262
0.0822680713828086
0.10232631008171
0.119435449809418
0.132399727067501
0.140636194251206
0.144216305212368
0.143928403397874
0.14102448493004
0.136602449221426
0.130988724625144
0.123583440330158
0.113296737711484
0.0992683148168577
0.0814228325885614
0.0606257952023163
0.0384838401428189
0.0169292931790373
-0.00231833508947474
-0.018316941104511
-0.0312912227988013
-0.0426037285156388
-0.0542279017170371
-0.0679279203204911
-0.0845242805728837
-0.103560141093703
-0.123463980757027
-0.142092007441379
-0.157410462386548
-0.168044396192287
-0.173490022618556
-0.173974515521946
-0.170143212494543
-0.162770782390517
-0.152513190471753
-0.139606384271811
-0.123607618880294
-0.103570066154282
-0.0789468005108796
-0.0508804973326537
-0.0228943699982762
-0.000114756375941037
0.0128664320595879
0.0143015985073154
0.00632456911878617
-0.00593598644119292
-0.0166022051975593
-0.0213532933043165
-0.0186776727988747
-0.00975895946076712
0.00256556756735406
0.0150858242039277
0.0252533681778538
0.0317978920049772
0.0349311541418529
0.036185671496529
0.0379551278335194
0.0428384271731905
0.0529060715278742
0.0690109685387982
0.0902972656267878
0.114102733645584
0.136415388583034
0.152867489903266
0.159971560190106
0.156098790558164
0.141777902123278
0.119270049653445
0.0917837400158081
0.0628024223694258
0.0357394538480891
0.0137690702224315
-0.000457662437219031
-0.00531648989830096
-0.000742125443846899
0.0115190346797863
0.0281267781253576
0.044837070950056
0.057513184031611
0.0631728293931867
0.060704579831352
0.0509862070025509
0.0364218107902923
0.020169242558515
0.00535962760753967
-0.00552623023713213
-0.0110656518635816
-0.0110338737802738
-0.00623662365995078
0.00190699843106205
0.0118619789073081
0.0223605279895074
0.0325414635177647
0.0418182892300055
0.049568156214094
0.0548561549381596
0.0564453898991399
0.053197351808544
0.0446902911183247
0.0316785296856116
0.0160578648276197
0.000280764601214717
-0.0135063628581151
-0.0241748236042524
-0.0318535019839013
-0.0376432538767398
-0.0429787406362185
-0.0489009931477818
-0.0555191873600377
-0.0619314623897164
-0.066748453549815
-0.0690311077633584
-0.0690906315461356
-0.0685725647407478
-0.0697027808124727
-0.0741742648052539
-0.0823758960760075
-0.0933349972694195
-0.105212006772178
-0.115937629860067
-0.123749237548868
-0.127648954327702
-0.127816400499194
-0.125787232763042
-0.124097306473403
-0.125321318586963
-0.130858063911158
-0.140083189987146
-0.150377358450182
-0.158085139182096
-0.159939624374663
-0.154243266891113
-0.141292674510839
-0.123002683587362
-0.102063928893454
-0.0810523347041213
-0.0617955340038909
-0.0451851263239652
-0.0315151318547999
-0.0211884528676429
-0.0153140583721011
-0.0156646392456373
-0.0238955906464478
-0.0405061056619274
-0.0641737482362052
-0.0917279445714784
-0.118636868116193
-0.139819841120988
-0.150650462870948
-0.14789014158133
-0.130179105734853
-0.097982356589398
-0.0533645058678576
-3.10070548070827e-06
0.0567250113929077
0.110222112781353
0.154038159316705
0.183659487786373
0.197829083018504
0.1987974472969
0.191501961665394
0.182107940116922
0.176462171044039
0.178876317556209
0.191409915614108
0.213607714144247
0.242565709194789
0.27327839168784
0.299361703985399
0.314234866568991
0.312569252896931
0.291527297881561
0.251390040702751
0.195548390043471
0.130040782423529
0.062647351502199
0.00138260059874853
-0.0474779537182357
-0.0810940053256689
-0.100491933626567
-0.10931844987936
-0.111568804619384
-0.109630816069028
-0.103706582270783
-0.0926806667130747
-0.0756247476608029
-0.0529516454426734
-0.0266644810585558
0.000264468915323348
0.0249283861429629
0.045330314848245
0.0606087439480541
0.0706591686531714
0.0755919177773302
0.0755111879308998
0.0707141627197748
0.061969244682597
0.0504654847873602
0.0373686763464561
0.023314929411731
0.00824846270604372
-0.00827380995538913
-0.0265466466512533
-0.0463093929686303
-0.0666715140329845
-0.0863403599028178
-0.103989583354868
-0.11858375619531
-0.129501530581707
-0.136391057315554
-0.138856873641008
-0.136206089911816
-0.127452756898854
-0.111637489018005
-0.0883989364724552
-0.05864837277808
-0.0250665607772645
0.00797863567771437
0.0353683773768029
0.0528212108820082
0.0584113711637527
0.0532206441375334
0.0408355791036083
0.0260686941356232
0.0135684162279143
0.006794574632459
0.00751699469393528
0.015825250983217
0.0305623058981424
0.0499705125085397
0.072232348022611
0.0956680537723906
0.118601645670128
0.139119794701715
0.154968931370109
0.163694931734162
0.162981291271258
0.151116410772449
0.127578575495489
0.0936797875851455
0.0529933554356912
0.0111394183786556
-0.0253079747709044
-0.0505457039333814
-0.0612200683413021
-0.0573179363852634
-0.0418866715699364
-0.0197552955710733
0.00413784457457505
0.0261053160462779
0.0442820965574231
0.058345742281635
0.0687354287447478
0.0759297524822805
0.0801996385945134
0.0818256300699444
0.0813915655173433
0.0797624940314007
0.0776942100842662
0.0753504435499399
0.0720418486792457
0.0663181633302358
0.0563793005042508
0.0406974594061428
0.0186651696472478
-0.00900875342217047
-0.0404015676281236
-0.0729883111492185
-0.104473318284795
-0.133415655594531
-0.159345684900043
-0.1823518457969
-0.202385909840012
-0.218679184409207
-0.229633460605316
-0.233324498551392
-0.228395869330768
-0.214860860598703
-0.194413512914892
-0.170206335358999
-0.146305449611396
-0.126969479592637
-0.115758960360864
-0.114596044714394
-0.123150767750249
-0.13891984647
-0.157986219262436
-0.176076894779046
-0.189513390446242
-0.195869317465982
-0.194301427718854
-0.185519108961145
-0.171357647549909
-0.15402242383835
-0.135217640226863
-0.115485691031934
-0.0941019480530435
-0.0696866657926283
-0.0412873830913617
-0.0093295883498563
0.0240989953344218
0.0557195162463141
0.0820002378835628
0.100196272233637
0.109138805685664
0.109403759019514
0.102696274044879
0.0908209427535201
0.0749859182145939
0.0558932075405901
0.0343342448487498
0.0116308671441141
-0.0104040245722913
-0.0297596194660713
-0.0444323080329955
-0.0525066089636383
-0.0522637245004214
-0.0423210819026344
-0.0216962325249786
0.0100985957035673
0.0526248230875452
0.103704630984357
0.158718702445088
0.21068156694165
0.251339821060185
0.272954738845066
0.270197022265572
0.241689167196236
0.190805808064094
0.125297018180967
0.0555180012648955
-0.00826720930191606
-0.0583995799543953
-0.0911376156624956
-0.10653077087688
-0.107361538690215
-0.0978362921402485
-0.0824380397171079
-0.0650807171889318
-0.0486195142265526
-0.0347600132649426
-0.024315625296196
-0.0176092662078052
-0.0147709909082614
-0.0158418256598326
-0.0207976628367217
-0.0295961994033751
-0.0421316087198011
-0.0579033565742316
-0.0755044391830541
-0.092417803469992
-0.105543256298463
-0.112305003145861
-0.111688794228976
-0.104638444135941
-0.0937381724201272
-0.0824705573392644
-0.0743474729791697
-0.0720951813518778
-0.0770421536800499
-0.0888336325570098
-0.105489498107326
-0.123740577031813
-0.139617960143416
-0.149296157251773
-0.150044380163745
-0.140933209205017
-0.122952998201888
-0.0984977975407832
-0.0705160021801241
-0.0417466771513076
-0.0143017779995757
0.0104006621805466
0.031498202814314
0.0484875108020856
0.061073273754968
0.0691615783204095
0.0730618025952983
0.0737949542118933
0.0732101789105187
0.0736418854470117
0.0771674046955835
0.0848689725441204
0.0965270560363658
0.110863201375821
0.126109584862388
0.14057154028594
0.152965564364078
0.162495839338378
0.168760097424777
0.171622511755112
0.171153332140237
0.167634225998071
0.161546439032919
0.153475969749629
0.143968444979909
0.133446649739692
0.122285610733473
0.111027648236636
0.100598962738644
0.0923743712059
0.0880548219080419
0.0894398656131523
0.0981407622269602
0.115155698887832
0.140262616453382
0.171448360289261
0.204815080314946
0.235281222325907
0.257947902554355
0.269547121512327
0.269250290284537
0.258427729627374
0.239565014253483
0.21504655518581
0.186502514733149
0.154889131031619
0.120916740210176
0.0853390267386605
0.0489622617032994
0.0125847353021584
-0.0229111626979764
-0.0563308991199728
-0.0860024434816269
-0.109862383596844
-0.12586066911368
-0.132587656196859
-0.1298495766803
-0.11885739829972
-0.101904070473163
-0.0817856387640064
-0.0613986962608533
-0.0436758797349713
-0.031556011094787
-0.0275681083633532
-0.0330208907538297
-0.0472884852856813
-0.0677369527212357
-0.0904451791971654
-0.111444541438001
-0.12799426423566
-0.139392337596567
-0.146950643352536
-0.153080817392891
-0.159884638510906
-0.167963792690414
-0.176088777283934
-0.181872818878458
-0.182993692683509
-0.17822775044235
-0.167801674805911
-0.15310889932603
-0.136230494889013
-0.11963927513097
-0.106047025614173
-0.0980206564938019
-0.0971449415242022
-0.103068113796681
-0.113167538721823
-0.12332434019063
-0.129531038404371
-0.129422811845239
-0.122843093398741
-0.111189153716475
-0.0960614931605834
-0.078142593486327
-0.0569966445319127
-0.03178105497699
-0.00221702178743244
0.0309338825201122
0.0661632607225775
0.101922138781195
0.137088357792163
0.170797653837449
0.201834243894616
0.228195761207357
0.247271928973789
0.256455772372603
0.253620930466286
0.237223520616646
0.206454644427425
0.162010368886598
0.107321787733615
0.0491982121303229
-0.00318870259917614
-0.0410035229621896
-0.0588904774040653
-0.0568944577221945
-0.0401731609359313
-0.0167310098179462
0.00565903335737102
0.0219872186785909
0.0311052584306162
0.0352230019925278
0.0382037237750682
0.0433386337311003
0.0513713022446443
0.0595352671976107
0.0621654811976321
0.0528775406050094
0.0274833173520473
-0.0137467631792942
-0.0656054740592949
-0.119381488048675
-0.165354266000122
-0.195247271834333
-0.203918807183514
-0.190051354289439
-0.15592930007541
-0.106643534692247
-0.0491473505236383
0.00867617052944439
0.059166753317507
0.0964527202198049
0.118045720280673
0.125604717140894
0.124262677362663
0.120705099258651
0.12080614904878
0.127692498946453
0.140832779880604
0.156398115502471
0.168691383716006
0.171981892238155
0.161997001736244
0.136773983604096
0.0970654319438914
0.0464397641733843
-0.00918718491469165
-0.0628810854357562
-0.108582740056812
-0.142676975038152
-0.164432747061999
-0.175241142493643
-0.177295180413699
-0.172495283712908
-0.16197611244729
-0.146220634240503
-0.125573420498196
-0.100944291367144
-0.0743650546663464
-0.0489509543549758
-0.028066551324456
-0.014082067785511
-0.007504118405922
-0.00702917828338538
-0.0103898671662274
-0.015359677038323
-0.0203293333224627
-0.0243083896917789
-0.0266248383703778
-0.0267230563498151
-0.0242909844904218
-0.0196381026006934
-0.0140013012495176
-0.00944850654692843
-0.0083090706134658
-0.0123971025677573
-0.0224320885374716
-0.0379050874253783
-0.0573659077696923
-0.0789473101135752
-0.100928581117723
-0.122138238021536
-0.141960181534195
-0.159809121852018
-0.174319487887292
-0.182915313710455
-0.18239728762092
-0.170506881111323
-0.14756915787787
-0.117018321451708
-0.0842159478511527
-0.0541058025882699
-0.0290708019606919
-0.00821830552538759
0.0116373471416076
0.0339775256731065
0.0605459863825799
0.0900275641212416
0.117912318612277
0.137772872624221
0.143683312474663
0.132820087806799
0.106969135130968
0.0721085000268175
0.0361967824776999
0.00618629593090929
-0.0143667234003088
-0.0260716196352568
-0.0326975688973974
-0.0391034594469542
-0.049152257433475
-0.0643945945692705
-0.0838093627587279
-0.104490099189864
-0.122880180528773
-0.135953291170469
-0.141793885918002
-0.139490095711594
-0.128789834823114
-0.110052785106386
-0.0845794923546681
-0.0549225808581121
-0.0247383099371617
0.00195015279503965
0.0218600950338469
0.0334970988799371
0.0376597464482069
0.0370818753434108
0.0352886816330794
0.0351824257351385
0.0380533742797236
0.0434658877343364
0.0499335075355317
0.0558516323637816
0.060146023191446
0.0624870123330775
0.063286670049494
0.0636736671631775
0.0653586552337295
0.070212495106743
0.0796525282924526
0.0942300572058287
0.113724651396136
0.13761951000195
0.16551162389789
0.197136600092595
0.232084274039971
0.269469604530377
0.307621229174344
0.34362937720215
0.372807600969992
0.388643335903665
0.38397984945684
0.353540120413192
0.296804924056028
0.219583204419728
0.133054118697699
0.0504624140391838
-0.0169749045951588
-0.0630623449745972
-0.0874741820277615
-0.0946036417996289
-0.0912426746390337
-0.083988328762449
-0.0771398711125498
-0.0717222729010806
-0.0659532754707636
-0.0568695800092194
-0.0422607883891212
-0.0219499092992351
0.00210713385115036
0.0267557827672333
0.0489691818918243
0.0668672681055014
0.0800665738639265
0.0894466214179588
0.0966575134450163
0.103593818913842
0.111790259281486
0.121606148697199
0.131357253038962
0.13698278500441
0.132873733272758
0.113890182444886
0.0777415364451702
0.026485720800442
-0.0337194624893248
-0.0945688831677495
-0.148373172495664
-0.190396879102868
-0.219793732216104
-0.238862463892462
-0.251185041978751
-0.259738853607928
-0.265914616472578
-0.269609932677835
-0.269838968676634
-0.26521191179092
-0.254120021705193
-0.234877513749827
-0.206032990598252
-0.1668339778709
-0.117772481420047
-0.061140936791877
-0.0013267190955106
0.0556109449905067
0.103251426637011
0.136506559467196
0.152797727960523
0.152151352838144
0.136416774522325
0.108314746667937
0.0709090128965671
0.0276045441191436
-0.0176432458281489
-0.060361418464389
-0.0961342321811755
-0.121626385965746
-0.135538219637955
-0.13888972720198
-0.134434460951754
-0.125579420025639
-0.115441075612642
-0.106439473821606
-0.100388301805817
-0.0987473976901044
-0.102715205043245
-0.113050148742276
-0.129741221600945
-0.151776950732138
-0.177234513860702
-0.203732773826658
-0.22905772281002
-0.251635428335868
-0.270613321624734
-0.285583216689457
-0.296241634633121
-0.302296323379398
-0.303629064503553
-0.30035406850058
-0.292376324198746
-0.278555373432371
-0.256267388878166
-0.222265462918704
-0.174846698985498
-0.116055349540912
-0.0522031085301006
0.00805749911112003
0.0572014348593206
0.0918181980073886
0.113315146340717
0.12593905219579
0.133400578326681
0.136258199806421
0.131701444842934
0.115812133770088
0.0868148638586871
0.0472636883747899
0.00386530249250366
-0.0348346631427936
-0.0614146345746588
-0.0715583355234177
-0.0644084386145545
-0.041847075013885
-0.00764716044784976
0.0330963040368798
0.0744924614229925
0.110650652558755
0.136718594017244
0.149898112906928
0.150174099421647
0.140538128937039
0.126527718884957
0.115047727427242
0.112686704068931
0.123942805906522
0.149844290196203
0.187411579852233
0.23026617309397
0.270375942872541
0.300445686055204
0.316070336767168
0.316809038696811
0.305855453569501
0.28862107040728
0.270918208440593
0.257422075772037
0.250844395446637
0.251923748631036
0.260029479205904
0.273977801851576
0.292651340315854
0.315182513511443
0.340686185644889
0.367703848451581
0.393638549333653
0.414512342474962
0.425318362334063
0.421059188606936
0.398299761663727
0.356740345860005
0.300067159043463
0.235488984672741
0.17203753887562
0.118414395839768
0.0812476941013808
0.0640879668616346
0.0670037267612165
0.086662694624861
0.116993530733591
0.150446918512183
0.179552527263541
0.198288503229331
0.202925014908356
0.192284547325076
0.167511478594683
0.131434093621845
0.087638491389642
0.0395576205857974
-0.0100191705738972
-0.0588662506491965
-0.104991518219976
-0.146568944039025
-0.18232213003547
-0.212026491403648
-0.236592665385231
-0.257482525441141
-0.275739302592523
-0.291265187106252
-0.302874821479452
-0.3091461166317
-0.309537251962478
-0.305029096102927
-0.29782830798493
-0.29025568698331
-0.283469678187692
-0.276772642262216
-0.26785110762004
-0.253742220876536
-0.232014977579498
-0.201699086497081
-0.163680130630668
-0.120471115372839
-0.0755109644174039
-0.0323854293697414
0.00562309577638839
0.0355814604108658
0.0548546078219465
0.06129480092306
0.0536786597555675
0.0321005880006243
-0.00194519393123546
-0.0458051178296204
-0.0960208844800683
-0.148598030469724
-0.19922981947259
-0.243757022433662
-0.279024989893052
-0.30375593747746
-0.318587702324518
-0.324747488502098
-0.322000451663703
-0.307536381555533
-0.277072805889119
-0.227675322566253
-0.160257562680787
-0.0799908776665297
0.00535763085999553
0.0876236756126725
0.159526515018837
0.214863895296325
0.248503020031265
0.256950074278861
0.239414121090542
0.198656198913411
0.141037165632959
0.0757007397604482
0.0131415600203759
-0.0366330592717018
-0.06615594932736
-0.0723003397124998
-0.0571027948644126
-0.0271242762228076
0.0084596915484104
0.0402931891658629
0.0609824160476919
0.0664252023736106
0.056180225487937
0.0330320346307169
0.00207038614272391
-0.0304439171519607
-0.0583486134252714
-0.0769913125443676
-0.0845604692216157
-0.0827454607244576
-0.0760945494871887
-0.0700061369172294
-0.0681839735766569
-0.0709180029503387
-0.0751791362621789
-0.0763932701865774
-0.0707327779499682
-0.0566599485029694
-0.0352687970830397
-0.0098430410209962
0.0148172972648182
0.0332431761573573
0.040582570384261
0.0342437561926301
0.0151773657057259
-0.0120924373861794
-0.0409930049495927
-0.0653600554363056
-0.0816126666271378
-0.0896063820641103
-0.0919314598190187
-0.0922870676527595
-0.0939082485584945
-0.098705132907646
-0.107118705981277
-0.118222132350797
-0.129663901261233
-0.137578350320376
-0.137031896241713
-0.123383097492678
-0.0941837394349304
-0.0506169130480383
0.00245163804274853
0.0579776692291473
0.109071114853792
0.150978248717809
0.181821581799064
0.20205243620334
0.213367092707681
0.217972361135779
0.218503626250432
0.218173257949214
0.22050194535961
0.228362602839007
0.24262055527955
0.260951522500616
0.277404973740181
0.283164684268335
0.268789752455639
0.22769572487008
0.159626393507428
0.0721240160066313
-0.02130948928086
-0.105595681820121
-0.168538252597252
-0.203207750909209
-0.208010503964013
-0.185694789623884
-0.14241985986636
-0.0869723098006274
-0.0296421942187714
0.0194073783887044
0.0518583708457951
0.0624718994540116
0.049616579101054
0.0152526411767878
-0.0354660519618013
-0.095036155957117
-0.154924090173801
-0.207044966162977
-0.244937845647271
-0.26447084112293
-0.264229637419459
-0.24567643981614
-0.212931552558718
-0.172052351329066
-0.129943092761104
-0.0931918694383008
-0.0670782616147135
-0.0548735111123825
-0.0574787374944339
-0.0734144073087468
-0.0991723011600409
-0.129930351146991
-0.160531647341602
-0.186474494672904
-0.204637489919475
-0.213649335083646
-0.213994378424611
-0.207881560629777
-0.198703296457658
-0.18994239278984
-0.183783060879836
-0.180068903666041
-0.176138037352901
-0.167515287690961
-0.14906168777814
-0.116303896493053
-0.06685461005322
-0.0015945796838019
0.0750460958309612
0.156069768153512
0.233676169572567
0.300881767480373
0.352495032983375
0.385626027396939
0.40000496819911
0.397961449279467
0.38369549858403
0.361832377488976
0.335844183463091
0.307157865355104
0.275423544675254
0.239744594637649
0.200143983451212
0.158473683432315
0.118310986136332
0.0838546493465439
0.0582551329790807
0.0421176542853682
0.0329416280689106
0.0258537242420205
0.0153437334865976
-0.00273951216894822
-0.029706496766284
-0.0635610397313917
-0.0996544983927974
-0.132159251560966
-0.155785422692157
-0.167153006877396
-0.165475106223845
-0.152540296233775
-0.132190866997671
-0.109483327112686
-0.0896124767709923
-0.0766976789010492
-0.0727067027183598
-0.0769291726861683
-0.0863112169117355
-0.0966304376128453
-0.104091988689523
-0.106658984126798
-0.104454668430552
-0.0989699555541886
-0.0914733273534534
-0.0815792188718842
-0.0669165878216254
-0.044133048430617
-0.0105713967404551
0.0344096216211897
0.0891048918955376
0.150067943439585
0.213178906070077
0.274653149710287
0.331549577221848
0.381512233248573
0.421943527419139
0.449423186966412
0.460285447876775
0.452413143532034
0.427081878481737
0.389276057323531
0.345846980468607
0.302480447646548
0.261372994429679
0.221031815182814
0.178123102575394
0.129974843273409
0.0761537656142362
0.0184729286745892
-0.0400251646000616
-0.0960418048726817
-0.146259457491603
-0.186951964593176
-0.213648818072983
-0.221534083847447
-0.206762955905369
-0.168239412883305
-0.109015616080684
-0.0365304581067431
0.0387041105449664
0.105803439424094
0.156784221681426
0.189052020071943
0.205762404277756
0.213642586245903
0.219308517052723
0.226063008406965
0.23282254704949
0.235386426390236
0.228817589165789
0.20935848965653
0.175204365902943
0.126600252742622
0.0659761695352386
-0.00185838506101251
-0.0700650315344528
-0.131045383764885
-0.178189194061846
-0.207125420822354
-0.215757803928796
-0.203258587217619
-0.169051423193769
-0.112893324019483
-0.0362761662005929
0.0558088972154021
0.154173437544708
0.246609128852412
0.320516435446622
0.36562650868668
0.375573092895054
0.348213324366954
0.285686844640964
0.194979372383046
0.088352775576122
-0.0179023853995351
-0.107081458323114
-0.166875748602455
-0.193148402675566
-0.190975748074247
-0.172660774141764
-0.153685261747206
-0.148178327631241
-0.165352920182593
-0.207692429967229
-0.270953578116297
-0.345664101597446
-0.419577180823882
-0.480275758086163
-0.517121747856047
-0.522381039954084
-0.492135286739812
-0.427559532136885
-0.336166311134738
-0.231696416149722
-0.131559317421161
-0.0521572582593094
-0.00401229050065574
0.0109527998545981
-0.00121330019358909
-0.029761446260017
-0.0632136916305594
-0.0922592694244929
-0.11095615665045
-0.116720364642927
-0.109897053135139
-0.093308388208693
-0.0716600906146254
-0.0505514737195175
-0.0351165416683616
-0.0287161557488434
-0.032227629429554
-0.0441898701293516
-0.0615766951169978
-0.0806950702267966
-0.0978400372637309
-0.109677501653754
-0.113511458743387
-0.107524374430342
-0.0909568951282916
-0.0641827816976901
-0.0286838539443096
0.0130714543024396
0.0578709712098559
0.102116116785927
0.142220545215778
0.175003127280707
0.198135563209001
0.21066573077838
0.213343375189752
0.208251471802747
0.197560482962994
0.182008727171871
0.160231738271138
0.12964096154102
0.0884032844417529
0.0371971312426701
-0.0203990861521558
-0.078994939106123
-0.133085105852326
-0.178311131068603
-0.211853952549436
-0.232297889540194
-0.239584137911647
-0.235285298403014
-0.222820686934038
-0.207028841480463
-0.192944333157413
-0.184288789642715
-0.182458650961933
-0.186449558068183
-0.193561111703302
-0.200415372861239
-0.203955207276284
-0.202326280385929
-0.195517575270637
-0.185428407888977
-0.175079887149828
-0.16717032542565
-0.162702276730407
-0.160455562987048
-0.157569724222554
-0.150861258249078
-0.138202893831024
-0.119430836843493
-0.0965780953105992
-0.0734919225627672
-0.0550195389634456
-0.0460046117062558
-0.0503269777804726
-0.0701078897797124
-0.105104390539623
-0.152375883088737
-0.206423253007856
-0.259933966393895
-0.305018318455939
-0.334633487213483
-0.34387133675682
-0.330833515782434
-0.296883089593003
-0.246199738750903
-0.184759838334193
-0.119017521225839
-0.0546348125368614
0.00439991282521981
0.0560443383173323
0.099863565516573
0.136280892658828
0.165710013676478
0.187880639671116
0.201649438469103
0.205440560327112
0.198165371674909
0.180217594507979
0.154105165142116
0.124419320877735
0.0970379267104936
0.077714615270255
0.0705140955777832
0.0767366599372156
0.0948176516341722
0.121222276931714
0.15187245085554
0.183434125482152
0.213951116032567
0.24270276479784
0.269538824276536
0.294113268049003
0.315391301987411
0.331646320819113
0.340958323431537
0.342003274387228
0.33477844885908
0.320926582681871
0.30346394689873
0.285914271791158
0.271098046395483
0.260059070196393
0.251629705680597
0.242865709935149
0.2302300840695
0.211178343172486
0.185629064430112
0.156637053953921
0.129694278392699
0.110712317514091
0.103559384301995
0.108351248008353
0.121262236057624
0.13581743852029
0.144994892235624
0.143264084650575
0.127883839818772
0.0991990039973282
0.0600797220531806
0.0148808756909733
-0.0316529964176679
-0.0752002591898582
-0.112245358682968
-0.140123562744133
-0.156980611165951
-0.161864049360118
-0.15494760555473
-0.137694724979762
-0.112779724782478
-0.08375174583163
-0.0545180805786168
-0.0286615890662681
-0.00859825188715678
0.00519779469094587
0.0144241242244166
0.022278536889652
0.0320781868212881
0.0458829926103478
0.0638508262394381
0.0845534422052005
0.1058848606668
0.125906543034332
0.143130924805557
0.156202963519381
0.163373018760923
0.162256227646501
0.150123739757566
0.12464939473161
0.0848640346732698
0.0319870102336073
-0.0302688259926213
-0.0962041757118369
-0.159271168323578
-0.213173863876447
-0.252346594699141
-0.271939283046812
-0.268063246526694
-0.238852325706321
-0.185985196399198
-0.115569973699045
-0.037452741777169
0.0370452849460733
0.0980483801043884
0.13956782821431
0.160708292597289
0.165385736348626
0.160698033564211
0.154463495877809
0.152770708291515
0.158400488338651
0.170561241085083
0.185783655591424
0.199432637910046
0.207239812786115
0.206395779640569
0.195924952392037
0.176317219950208
0.148755716760651
0.114581609751984
0.0755125815338503
0.0344676775819745
-0.00388264964560816
-0.0337901320450293
-0.050438785025926
-0.0522851419909933
-0.042272841737992
-0.0270811236201546
-0.0147479914189234
-0.0118668407367856
-0.0215897478202125
-0.0430784938306612
-0.0723531350284116
-0.104017862716317
-0.133115043641113
-0.156374218698378
-0.172462735958993
-0.181419815720106
-0.18389357071797
-0.180746347951879
-0.173098512393876
-0.162399024098137
-0.150091558723353
-0.136911247342964
-0.122359105702149
-0.10495299408981
-0.083353029009358
-0.0577997035703947
-0.0309798481434461
-0.00766422533208336
0.00688771848042635
0.00905271574879588
-0.00152838798338728
-0.0215723740547555
-0.0451378342577057
-0.0655305204293198
-0.0774532878996371
-0.0787198019475473
-0.0709435951110079
-0.0588274359795421
-0.0481132013827395
-0.0428821587463334
-0.0434374902028822
-0.0459888607019049
-0.0445072903251513
-0.0337988584453525
-0.0120480587390694
0.0184576868601398
0.0523856045992328
0.0831863594662464
0.104792662803815
0.11299263828995
0.106603695091577
0.0882211610390529
0.0639026022437253
0.0413628994475939
0.0271190129018941
0.0238862599967756
0.0296271226918622
0.0387753251626692
0.0448910032548797
0.0432722647479711
0.0323044216077224
0.013225088749274
-0.0111777699526567
-0.038078121248705
-0.065634087710329
-0.0932194739195304
-0.120948702704046
-0.148809657934134
-0.175774195939984
-0.199189300319644
-0.214685339593725
-0.216875018184131
-0.201086329914452
-0.165874551491677
-0.115144548324222
-0.0582936822499354
-0.00770204006924791
0.0253495985791141
0.0342144919420273
0.0183162818821547
-0.0175825904367753
-0.065310476651458
-0.115428561943417
-0.159130290165126
-0.189797222812304
-0.204071230154014
-0.202169539048019
-0.187280605429764
-0.164237978954269
-0.137993610382569
-0.112457286937958
-0.090029575192764
-0.0717929169017868
-0.0580250779973241
-0.048613625131629
-0.043145006832731
-0.0408003745117791
-0.0404250682823038
-0.0410137257833265
-0.0424417699166925
-0.0459377623304677
-0.0538311314539228
-0.0684848782678026
-0.0907703926637927
-0.11876367997155
-0.147434005555314
-0.169826993216352
-0.179565978330569
-0.173665683889373
-0.154194821707748
-0.127685681073979
-0.102341574842969
-0.084381054882764
-0.0753851778833828
-0.0719136402662422
-0.0674136306493393
-0.0553729694597311
-0.0322396712594762
0.00111229275846443
0.0398376674630511
0.0770856584877767
0.106506195275645
0.124274609099681
0.129935971684214
0.125871152760172
0.115754707398534
0.102820332604878
0.0887792010792285
0.0737846869446221
0.057233362408493
0.0388220409349568
0.0192405884362046
9.33474323782746e-05
-0.0169333087306666
-0.0311420027717114
-0.0434002095535197
-0.055785361426915
-0.0704502234454507
-0.0882690335919316
-0.107857434174114
-0.125360499529839
-0.135151952791791
-0.131327630567309
-0.109614049378086
-0.0691040049251663
-0.0131532838462662
0.0510943659282344
0.1146645432401
0.169624561998863
0.211687621516681
0.241318370818677
0.262839175063475
0.28208079908791
0.303712348265503
0.329246305429049
0.356259724968875
0.379035937850138
0.390528916113153
0.385055972697078
0.36065729012691
0.320115855893005
0.27028649718614
0.220149612704417
0.17839390078791
0.151305892607031
0.141527119749226
0.147930698402977
0.16646833253557
0.191506755993798
0.217153523727606
0.238348982345235
0.251752323729085
0.256414640464384
0.254001003955449
0.248221571784915
0.243388733991611
0.242547898766252
0.246056696176356
0.251406812718476
0.254428191480489
0.251204738481008
0.239656293154198
0.220049704908783
0.194404836641474
0.165347980359521
0.135117803069105
0.105167601655228
0.0763726315136834
0.0495094946931633
0.0255776390191173
0.00568985685434223
-0.00941787062917208
-0.0198843518333444
-0.0267637598256359
-0.0314270181046536
-0.0346691544173493
-0.0362240142381115
-0.0351805245260894
-0.0310867481793109
-0.0249262587186624
-0.0192457392098287
-0.0174044960979932
-0.0225183677028615
-0.0366781441241332
-0.0605929255016285
-0.0934778566133304
-0.133078768916539
-0.175978463873012
-0.218311000357529
-0.256644752470058
-0.28852852090797
-0.31243350403921
-0.327364414580425
-0.332653975571826
-0.328137417310806
-0.314426618894156
-0.292931240100708
-0.265658965692502
-0.235148611295386
-0.204685377386481
-0.178418501601494
-0.160817305353346
-0.155358344743427
-0.162982641693402
-0.181107377415152
-0.203747720642537
-0.222882013339337
-0.23074917086574
-0.222356316080599
-0.19724002151994
-0.159662568344201
-0.11702572054551
-0.0771804020335607
-0.0459711657945795
-0.0261726330443261
-0.0179465930614694
-0.0199022116776512
-0.0296975167134382
-0.043934846879828
-0.0580085986251295
-0.0666791624303789
-0.0654696274806529
-0.0522769024610909
-0.0284430622495689
0.00122222170347239
0.0297664931233817
0.0507839966548697
0.0616611003807107
0.0654219140104701
0.0691253405623847
0.0788498054140958
0.094435125111211
0.108291477704297
0.109948671054207
0.0934576367596806
0.0622412671895004
0.0278099478286321
0.00340454131543459
-0.00279935993412366
0.00938300553398725
0.0339299214737744
0.0627098951236755
0.0890003564908694
0.109218861786394
0.123201080482399
0.133553687633879
0.14418682474971
0.158216456980677
0.176049011778093
0.194753537212253
0.209214048869538
0.214427196264268
0.207607211027155
0.189021763975451
0.161398897981817
0.12857480737468
0.0942842278518807
0.0616043047389261
0.0329172534750583
0.00990056135746413
-0.00671750957327163
-0.0174115215031173
-0.0237746492509526
-0.0280996033350016
-0.0329158619239757
-0.0406507546701516
-0.0533278506426359
-0.072183871127022
-0.097197230827682
-0.126597586782463
-0.156548324804539
-0.18138804741379
-0.1947472252704
-0.191298772298858
-0.168310654217362
-0.126254582472786
-0.0684687751757565
-0.000442605424106992
0.0708959506160518
0.138051649383937
0.194281236880314
0.235206417278231
0.260026996161993
0.271502485939349
0.274379572725609
0.272973896480647
0.269421326422292
0.263743250303604
0.255368149474371
0.244512377847213
0.23214247204705
0.218765203307401
0.203415526183964
0.183905083583393
0.158171809152089
0.125686247800314
0.0879728236453375
0.048063574931311
0.0094020683364781
-0.0250833860616156
-0.0533043293773432
-0.0737930013272753
-0.085358528493465
-0.0870464393185921
-0.0785253092261428
-0.0606855327568798
-0.0360935899146437
-0.00896725452742604
0.0155772905994787
0.0330061519529774
0.041073223739044
0.0408020076550332
0.0359388098642069
0.030915833219162
0.0283508021142195
0.0274919493684575
0.024490980298283
0.0143229267429039
-0.00670673493248897
-0.0391219050383435
-0.0799006398922097
-0.123617783945014
-0.164469277478497
-0.198163711022273
-0.222803056106585
-0.238518606950481
-0.246390033956165
-0.24749561728437
-0.242600464965264
-0.232345530885515
-0.217440184439479
-0.198530286373896
-0.175849737091274
-0.149047797544097
-0.11752725539624
-0.0812888774909416
-0.041821685896231
-0.00230342082117247
0.0333378545557806
0.0620868187703163
0.0830571594745116
0.0972554532199916
0.105958767960864
0.108844241662264
0.103241031259501
0.0851725239989003
0.0517035282341172
0.00320598074961361
-0.0558469074774724
-0.117976924712126
-0.174943902435653
-0.219987721805377
-0.249358495599973
-0.262954145708646
-0.263979128932344
-0.257501115191148
-0.248174961972345
-0.238119032354378
-0.226168689971148
-0.208984710304879
-0.18328661845017
-0.147854600072829
-0.104312612926229
-0.0565630511901004
-0.00941026117311956
0.0328547614626802
0.0672785263795695
0.0922842505079135
0.107249164944427
0.112168925713511
0.107723105888157
0.0956188072419532
0.0788306955962465
0.0613911054611184
0.0476013847226338
0.0408343538340989
0.0424162118235386
0.0512478008044851
0.0645853219177424
0.0797023674878313
0.0954653087066591
0.112848635336275
0.134188797279907
0.161804934629556
0.196790774068561
0.238392849670628
0.284003421631639
0.329640153554174
0.37068682502807
0.402596229481039
0.421367608165697
0.423834200247543
0.407863246594197
0.372489868420928
0.318029527270486
0.246314963895613
0.161068167447203
0.068034565431027
-0.0256553099277375
-0.113017341682288
-0.189039637243763
-0.251797063130441
-0.302093555748949
-0.341640977481322
-0.37071198255636
-0.386771832438374
-0.385213302963886
-0.36194063249733
-0.316177165313538
-0.251793247121255
-0.176724746169795
-0.1013217147102
-0.0365456275865275
0.0078649687467233
0.0255656246579147
0.0158488689531915
-0.0152012758078191
-0.0558658194734341
-0.0923291677793559
-0.113151549906689
-0.112631851538394
-0.0917945189810751
-0.0570958428800386
-0.0177988677054672
0.0169725949594318
0.0407172359291084
0.050911256467743
0.0487792783004274
0.0376514146440944
0.0208825598167172
0.000569175026392955
-0.0223912060517947
-0.0474844249959599
-0.0741415032998104
-0.102232913614307
-0.132885280601354
-0.168431676364935
-0.210976372757263
-0.260354685606487
-0.312857791729956
-0.361398225328992
-0.39671795747307
-0.40905386744688
-0.390320776550375
-0.337006908351767
-0.252920477612327
-0.149882815851001
-0.0450585762163777
0.0443295319779157
0.106466477537534
0.138163258328397
0.144752135928335
0.137127842303853
0.127382767325594
0.124730216892674
0.133033831883634
0.150515189439519
0.171412174993796
0.18873807048845
0.196983067623029
0.193737653505472
0.179809572938443
0.158152868839145
0.13236793920127
0.105459035005859
0.0791821871535577
0.0540588520304715
0.0300460328076849
0.00768248109750847
-0.0108470610070304
-0.0214997187636413
-0.0193831895393837
-0.000542453297844003
0.0363806333339687
0.0892614471083161
0.152511927953056
0.217938329969526
0.276372450238772
0.319732616139595
0.342698168778685
0.343239628790794
0.322128949261759
0.2823987960003
0.229427960706337
0.171107991382325
0.116860056662749
0.0750760051288569
0.0501104976619705
0.040682185396469
0.0407641996555376
0.0425056078473256
0.0396547012239577
0.0299073520253214
0.0152928652166404
0.000623037845465952
-0.00915265957606667
-0.0113599228778505
-0.00658645834397266
0.00212251781489368
0.0111299878853083
0.0178357178044355
0.0211887840134996
0.0211691092177829
0.0179081293987558
0.0110347098422631
-0.000350789192773387
-0.0166836068693066
-0.0360102545475939
-0.0524159440668894
-0.0567451192953754
-0.0402903451860719
0.000408756026565983
0.0609563694255925
0.130807197584467
0.19842487167819
0.256478844072341
0.303542251645594
0.341358119340304
0.370132914066343
0.38566010488106
0.380412398965901
0.347862988190867
0.287442939503521
0.207300633801819
0.122986234050426
0.0521263916329071
0.00752992214334504
-0.00757111125615841
0.000408619788721464
0.0196516914136151
0.0386528214279515
0.0502822461213161
0.0527550852088087
0.0480915326295025
0.0396601052349677
0.0301947497944032
0.0209065649348066
0.0116097243374089
0.00139999909495018
-0.0106370944510916
-0.0250202662777809
-0.041783178510961
-0.0604842749614642
-0.0801407102653832
-0.0991953278832784
-0.115824617713048
-0.128687049912844
-0.137721340697163
-0.144375964287657
-0.151013690701729
-0.159865024668322
-0.172192235710842
-0.188049514863255
-0.206514283301496
-0.226002202390315
-0.244455948785827
-0.259579177036605
-0.269424179395703
-0.273301551165633
-0.272430535415815
-0.2695755861126
-0.267469145514086
-0.266791972826946
-0.265052940963909
-0.257277948366851
-0.238243580897721
-0.205014421196469
-0.158471747287156
-0.103223214880235
-0.0461110457326725
0.00595047412252193
0.047883887494926
0.0772358097331977
0.0934272675155977
0.0959953134417673
0.0833327252272026
0.0535001719366065
0.00726025612861126
-0.0487090708786259
-0.101497810547354
-0.136016830156921
-0.141520521094973
-0.116487012009609
-0.0688250036110563
-0.0117636522995274
0.0415590137673832
0.0818147056893701
0.104518064656025
0.10927062324497
0.0985574541224432
0.0767183741369487
0.0489251798440124
0.0198587348099698
-0.00779556386239893
-0.0344353462113554
-0.0634558251129813
-0.0995232676004505
-0.145497579312992
-0.199342308348626
-0.252986154896022
-0.294394633724594
-0.312135749720191
-0.29998255131472
-0.259146070042521
-0.197430544963545
-0.126320225748558
-0.0575246847764017
-8.07226875872411e-05
0.041386281568193
0.0669045054078992
0.0799087408033492
0.0850776760389855
0.0862648708201012
0.0854089475249781
0.0826411040808785
0.0771058554272401
0.0678112036712914
0.054184975013438
0.0364712203462287
0.0161519593972855
-0.00378193329838463
-0.0191552068684314
-0.0257092122286804
-0.0205538318243255
-0.00322622231429578
0.0241068894201667
0.057245787396717
0.0910363821307291
0.120628714368526
0.142585980260255
0.155423629175685
0.15932991594803
0.155321927419425
0.144467132216785
0.127627115908925
0.105641849246647
0.0795315284781122
0.0504273948462809
0.0193205021870476
-0.0130549036844113
-0.045969367351071
-0.0781182186374835
-0.107015673686052
-0.128769184706577
-0.138532270688557
-0.131651593192164
-0.105196105279109
-0.0593520502305627
0.00180810677973224
0.0704822387631235
0.136323940987837
0.188568153526465
0.218631755035146
0.222239131921353
0.200099657645197
0.15694981521508
0.0997570568065337
0.0360892966715639
-0.0269837297983939
-0.0836612765569654
-0.129958596567464
-0.163814686271184
-0.184691638848004
-0.193079862643428
-0.190433401861813
-0.179535943756668
-0.164687935203265
-0.151092981592073
-0.143461279883594
-0.144538696093821
-0.154388187550729
-0.170730286416767
-0.189982485757455
-0.208365910096776
-0.222677334866291
-0.230705015884444
-0.231420814150136
-0.224997121355489
-0.212638743762202
-0.196311328205083
-0.178513551150182
-0.162101352323664
-0.1499518312268
-0.144257090135599
-0.145573928009948
-0.152164284236466
-0.160224760653012
-0.165148023031653
-0.163289868586238
-0.153374556562526
-0.136890465733035
-0.11733973199679
-0.0986484736234476
-0.0833461275620429
-0.0713086345082166
-0.0597431781072696
-0.0444972203567361
-0.0219873968414058
0.00931606200175241
0.0485390550352344
0.0930951911102875
0.139736472925131
0.185229591269747
0.226360874647688
0.259580354920353
0.280949960171545
0.286853686071229
0.275271622034848
0.246857462631822
0.20506787772102
0.155131411293397
0.102303680214654
0.0502740135168252
0.000560270237818795
-0.046834899358893
-0.0920738014941343
-0.134450551187449
-0.172278301734354
-0.203461721463357
-0.226128066199304
-0.239009914919765
-0.241709859396602
-0.234954264502202
-0.220626467152275
-0.201325283820521
-0.179569271557926
-0.157126401823344
-0.134880423313273
-0.11323888113607
-0.0927303720910466
-0.074355731913674
-0.0594202473430754
-0.0488871212197256
-0.0426328074252985
-0.0391198459790705
-0.0357525211929711
-0.029708701588444
-0.0187657971171474
-0.00176590164854888
0.0213192071814206
0.0495641711957795
0.0813244261974364
0.11440300326008
0.146141621409976
0.173590150960598
0.193954703998541
0.205313361082634
0.207265561452054
0.20108287660993
0.189203537165843
0.174355491441932
0.158850378820246
0.144459314226776
0.13284350786105
0.126081612575462
0.126742225374352
0.137287367574399
0.159110153816977
0.191783088245731
0.232902155686396
0.278496715770007
0.323794488937274
0.364264917630404
0.39686907242022
0.421039485074926
0.43858943073566
0.45223015144718
0.463496416556
0.471550240421294
0.473766670359676
0.467659098801389
0.452737161844245
0.431021871476389
0.405958385340315
0.380569454210732
0.356103698970292
0.331921943129924
0.306417940473352
0.278158536308361
0.246529972823606
0.211737666219036
0.174489124640132
0.135753335156641
0.0967077302265637
0.0587096045013044
0.0231382159236941
-0.00882878647998355
-0.0363247531238267
-0.0587440130345366
-0.0756782076796511
-0.0869629495562833
-0.0927552627616043
-0.0934786015483949
-0.0896654653203364
-0.0819633220614873
-0.0714906950067992
-0.0603231605991695
-0.0515725290588425
-0.0487091612771033
-0.0543734598947024
-0.0693762498431129
-0.0924777860319943
-0.121000749602142
-0.15185926537923
-0.182489165254569
-0.211378201424926
-0.238166358149426
-0.263445192800786
-0.28841235470514
-0.314465217737849
-0.342675605493872
-0.373003626292842
-0.403317882467165
-0.428795483848723
-0.442559182245638
-0.437878008145132
-0.411108877543607
-0.363792158601583
-0.302674531425028
-0.237612254878103
-0.178393472418721
-0.131889825492052
-0.100591261327686
-0.0828290894871939
-0.074257446593728
-0.0697707070649288
-0.0651063083761417
-0.0577664715720452
-0.0472697772403646
-0.0348834015364217
-0.022935502366513
-0.0138068430868265
-0.00888384695717718
-0.00795187474702793
-0.00941132198727219
-0.0112293001168176
-0.0120082597543143
-0.011436972263778
-0.00987411846432553
-0.00753761528158885
-0.00409662091642746
0.000919811483345508
0.00723701965341361
0.0132663658124182
0.0164169839026785
0.0141605687520858
0.00518202473622689
-0.010027539050915
-0.0293157499711087
-0.0494832079968719
-0.0669780688819109
-0.0784501878156741
-0.081165787237445
-0.0733817443589892
-0.054728759218644
-0.0265338314866365
0.00806419824875551
0.0443153881907153
0.0763826645453287
0.0981584047250278
0.104382734338646
0.0919996722254093
0.0613806328985912
0.016765142420459
-0.0345433501257097
-0.0840149105908357
-0.123962578202948
-0.149073303063957
-0.157163889059958
-0.149370600817153
-0.129948337605115
-0.105538878011534
-0.083696195976636
-0.0708850476603829
-0.0707232721858276
-0.0832769308002543
-0.105578114100454
-0.132780564504104
-0.159196431592924
-0.178952322983541
-0.186576839652389
-0.177891557639846
-0.151127326594218
-0.107741298342283
-0.0524199683448512
0.0078008314205186
0.0649113168531007
0.111334576442041
0.141147505601004
0.151053248044123
0.140916818264559
0.113588525040563
0.074011519562381
0.0280146700795995
-0.0187466996993482
-0.0615574799420538
-0.0972276365669076
-0.124503329662685
-0.144056398835739
-0.157796176282415
-0.167620398208081
-0.174203490777501
-0.176548750302883
-0.17257474037837
-0.160286055138536
-0.138748733755123
-0.10844307771228
-0.0711591639804081
-0.0297677149002037
0.012130539721963
0.0509179341820045
0.0840052616061603
0.110709044063057
0.132410408226755
0.151903856499204
0.172304692244322
0.195949490848862
0.22354375775784
0.253741272721876
0.28339899289775
0.30861368708579
0.326174099029389
0.334643122127348
0.334433636408069
0.326935894828994
0.31339940564442
0.294352309858334
0.269891128024492
0.240580653967689
0.20829720318418
0.176314659301911
0.148369757920472
0.127187897010502
0.113457407153601
0.105986631671073
0.102886130617169
0.102854189944745
0.105674077373985
0.11176020164175
0.121312118361343
0.133775979105415
0.147912911223198
0.162280797453101
0.175704494951861
0.18739459120344
0.196662649432468
0.202503342479321
0.203450666602431
0.197916716548331
0.184828559297184
0.164162524643674
0.137132146539073
0.106098871203243
0.0743811246009689
0.0459580841920029
0.024863024113685
0.014122269674442
0.0144419262264295
0.0232396434671728
0.034737308693486
0.0414554069954997
0.0366863636124802
0.0168531311229281
-0.0173922447847403
-0.0618014928578843
-0.110396304385409
-0.157450228618881
-0.198612895648041
-0.230982726338289
-0.252717344999585
-0.26291971411614
-0.262000464831516
-0.252066333052259
-0.236730912557742
-0.220173546921036
-0.205858375269848
-0.1955776268418
-0.189258280682258
-0.185518698601292
-0.182625018216313
-0.179409105822613
-0.175795586547311
-0.172767623196146
-0.171859734599996
-0.174503754489779
-0.18158608879584
-0.193352567569037
-0.20952928579008
-0.22944995639088
-0.25208023978369
-0.275927663185594
-0.298875136717919
-0.318085382504395
-0.330259465311663
-0.332444776302626
-0.323182524136074
-0.303382139360553
-0.276327923429795
-0.246703961175198
-0.21910507031978
-0.196770661684297
-0.181074537759933
-0.171796545996672
-0.167762793669301
-0.167365847979278
-0.168745999819225
-0.169742404299516
-0.167864702671641
-0.160498267456625
-0.145454672857446
-0.121804280108145
-0.0906287635719889
-0.055095932678552
-0.0194619702767987
0.0126825963852199
0.0399160120155495
0.0632437366636983
0.0849235417383042
0.106631473294871
0.128150174130856
0.147401760623201
0.16179379099356
0.169985589005749
0.172853970550586
0.172971808990697
0.173018178699848
0.174328290079413
0.176547632396755
0.178307212399852
0.177998308301938
0.173869283176547
0.163554283331699
0.143851388875797
0.111486472620416
0.0648968697039025
0.00627266214851079
-0.0573659547475905
-0.115075783363661
-0.154952876749255
-0.168016649609749
-0.151278435235137
-0.108659133172613
-0.0494710299258685
0.0147652624538237
0.0738053061109662
0.121188358059377
0.155137734197494
0.177960533105585
0.194424846453032
0.2096352498056
0.227001712802825
0.247058287981515
0.267740444001142
0.286024893338627
0.299969232861007
0.309899654608573
0.318102026442693
0.327401940536945
0.33963848235275
0.354849484523238
0.37135174306292
0.386425904620086
0.39720009555329
0.401367314873453
0.39747031841352
0.384759204030389
0.3629822490787
0.33251603404004
0.294825769641878
0.25279364333453
0.210452951312214
0.172067763086377
0.140880091276852
0.117997292534502
0.101889478230111
0.0888171328755699
0.0741289334594629
0.0539342396655183
0.0265470657295906
-0.00663816246200367
-0.0409668134502909
-0.0692449473591932
-0.0835500015773382
-0.0777941013354554
-0.0499958307063625
-0.00314150222137305
0.0556724953792986
0.117136405923445
0.171697385712186
0.211122210183238
0.229693746252227
0.225072343706173
0.198565679961681
0.154585373781499
0.0994775691545454
0.0401940579752266
-0.0168458771886683
-0.0665797635941284
-0.10574852026134
-0.13292915097022
-0.148296113784
-0.153402203145105
-0.151107946251254
-0.145427871937675
-0.140938013794828
-0.141717242872334
-0.15027005207423
-0.166992847685458
-0.190357144162078
-0.217484403109112
-0.244683706791735
-0.26786951408761
-0.283112530041873
-0.287473566011191
-0.279852314073203
-0.261361887006036
-0.234974604236507
-0.204607882455029
-0.174036424739088
-0.145965580368618
-0.121484304735731
-0.100033880798314
-0.0798935553689057
-0.0589868377580716
-0.0357241731603764
-0.00970209117694075
0.017816706898224
0.043799252169503
0.0639706771602046
0.0740370051121575
0.0712341051092065
0.0555802078626474
0.0303233188207195
0.00133235773051745
-0.0245795307164146
-0.0420239430027231
-0.0491733760817628
-0.0485318037880986
-0.0458182941482344
-0.047553384425815
-0.0586243618336351
-0.0808374999662648
-0.112648808286049
-0.149709633584227
-0.185892545857987
-0.214695294055326
-0.230874706454668
-0.231866367715996
-0.218420943274754
-0.194172418875521
-0.164357258033983
-0.134271702386626
-0.108077960158397
-0.0882727068949736
-0.0757253732213125
-0.06995274829998
-0.0693567004193684
-0.0714033277592925
-0.0729257898610011
-0.0707426862091897
-0.0626180025573334
-0.0483237045464918
-0.0302972252570498
-0.0133322481559268
-0.00313805798091907
-0.00430042172934986
-0.0185891512524559
-0.0442989480707022
-0.0766946562913044
-0.109235560199781
-0.135173818654537
-0.149065187528664
-0.147690316521912
-0.130181263006871
-0.0976987259565832
-0.053174399948552
-0.00113879991925913
0.0528511032238516
0.103418309766128
0.146638456099137
0.180437680291288
0.203760661224846
0.215163917152724
0.211980723128765
0.190810408650162
0.149211968266331
0.0877862745790932
0.0117012418049283
-0.0689660546287306
-0.140390506436691
-0.187847508078622
-0.199964718383944
-0.172998293210661
-0.112920807193611
-0.0338008050314188
0.0469660265798723
0.114225691625816
0.158981431548568
0.17953705909842
0.180245455838423
0.168966847604
0.154256567005283
0.1428827369693
0.138005621873772
0.138382425461869
0.138993634293877
0.133102797227092
0.115023118354244
0.08237998706346
0.036907210206892
-0.0163882913320967
-0.0710931446142799
-0.12136015976374
-0.163230383959841
-0.195029578579244
-0.217050415770427
-0.230926321540399
-0.238941272752919
-0.243253371859123
-0.244991263713449
-0.243496008170163
-0.236274917829169
-0.220037951546307
-0.192496492896558
-0.154003098294245
-0.108154414163471
-0.0610854452366047
-0.0198168695350448
0.00967717114548726
0.0240130921957237
0.0230869252597744
0.00980073137826113
-0.0109081773343056
-0.0333118685440201
-0.0520729313161919
-0.0631450119959186
-0.0642217809736814
-0.0546671597804852
-0.0350832720175301
-0.00682059952387901
0.0283536967015662
0.0684036682262057
0.111049034468459
0.153737772837462
0.193709137596723
0.228346883683023
0.255858474603202
0.275955000484109
0.289988133384954
0.300222166833267
0.308493713551341
0.31501568537533
0.318107050325408
0.315117780568293
0.304111083718946
0.285415874560477
0.262201346385671
0.239688951011133
0.223276249077762
0.216405031316298
0.219177126106807
0.228384819772428
0.238940883827018
0.246029328197189
0.246981508618652
0.242035523990778
0.233682769278164
0.225021788153302
0.218063966644165
0.212907088642932
0.208086144709787
0.201661475023066
0.192247198785226
0.179394146632375
0.163282357051923
0.144162555643169
0.122111997318468
0.097341782828827
0.0707258006847255
0.0439002912675517
0.0185815508967444
-0.00452619716030201
-0.0263965850996659
-0.0493581582841137
-0.0759639190698674
-0.107756827479717
-0.144580242152739
-0.18466696513463
-0.225327296521495
-0.263802744498801
-0.29781390318139
-0.325585199252388
-0.345574865985599
-0.356391767485611
-0.357152545261004
-0.348038379533746
-0.330567092013316
-0.307327977444423
-0.281352196429011
-0.255487401239749
-0.231975347529272
-0.212122600415259
-0.19587156262618
-0.181384903236422
-0.165153757508983
-0.143054651244039
-0.112067220940609
-0.0717118231377562
-0.0244617887023884
0.0247724505996165
0.0695223625602342
0.102824382883286
0.118808011500987
0.114871527791532
0.0935573598385906
0.0627108245650589
0.0331908757052578
0.0148815616807076
0.0128462932268093
0.0254079538011975
0.0449329761824208
0.0608663964059504
0.063702338478958
0.0483590271841314
0.0158375289889581
-0.0272158166283023
-0.0707083246858552
-0.104214475684294
-0.119918044579519
-0.114443217155623
-0.0891680907757095
-0.0492519799724146
-0.00200182307802806
0.0447722273674892
0.084024306898968
0.110337920187361
0.120551284498176
0.114154159954012
0.0931903871599623
0.0614238055852464
0.0229518520539291
-0.0191181027257685
-0.0633202064819114
-0.109613686853874
-0.158519710311378
-0.210005299048113
-0.262558894167869
-0.312943300758853
-0.356947925158094
-0.390924286592285
-0.413272604391363
-0.42491689173598
-0.428390811003225
-0.426083960109452
-0.41878064259748
-0.405405826233412
-0.384054741484578
-0.3535928591264
-0.314889925473882
-0.271040542152579
-0.226391347578603
-0.18470832142413
-0.147361784909905
-0.112681489682903
-0.0771684099472802
-0.0380737624922189
0.00421623810025421
0.0456014335801279
0.0800239265221586
0.102659844871424
0.11282281017598
0.115042858773865
0.117723788974995
0.129912264416255
0.157561320375998
0.200937081901189
0.254344221956508
0.308280544290724
0.352994055806803
0.381784574953573
0.392564772548867
0.387139688377771
0.368976358177929
0.341127068016042
0.305726170241021
0.26518155566981
0.223802104372624
0.188238232343153
0.16604322585874
0.163089702417263
0.18132719718905
0.217967369239674
0.266199756251271
0.316873142177518
0.360545291712618
0.389519853153926
0.399510286866413
0.390457534352998
0.366162750345158
0.332882972682232
0.297508925708596
0.265993283587431
0.242346919112842
0.228161744639081
0.222544589184045
0.22245675783853
0.223456968656735
0.220655773104885
0.209527675289625
0.186353132131121
0.148457953869643
0.0947049581261046
0.026446342857924
-0.0515523087470109
-0.131123302683402
-0.202065534814708
-0.254285682005528
-0.279699750015412
-0.273504159943544
-0.235237599926378
-0.169917388537781
-0.0885433587491898
-0.00671829372211909
0.0590436059858918
0.0961395887484897
0.0996891978602621
0.0736643623916557
0.0290838881755602
-0.0197321027465155
-0.0594054100594567
-0.0809841734966566
-0.0817727777953593
-0.065035864840183
-0.0377971435067061
-0.0078332057016396
0.018601522932413
0.0373449515572015
0.0454622594505445
0.0401433753419825
0.0185168543048435
-0.0212842994711141
-0.0784378142975566
-0.148309817535908
-0.222829428695235
-0.292344570346486
-0.348019223776544
-0.383685615920875
-0.396661905213532
-0.387703400134379
-0.36045916723559
-0.320621398110412
-0.274768686784797
-0.228994089980782
-0.187702169568448
-0.15309252037136
-0.125519942896654
-0.104296446381075
-0.0881810161828342
-0.0752014069114527
-0.0622005457656223
-0.0448185867881581
-0.018289947783931
0.0210593364951209
0.074032136098723
0.137155946139344
0.202471811544701
0.25903449396407
0.295817772446284
0.304972174283253
0.284294973431915
0.238213074626498
0.17701172251966
0.11431732739562
0.063290847724832
0.0327010486163105
0.0244770866105993
0.0338661453704217
0.0520453170911379
0.0698005375071476
0.0805263289780267
0.0814554770185925
0.0731157738808343
0.0577898666600253
0.0379024927577451
0.0149906136341221
-0.0104216296492381
-0.0380542274877762
-0.0666668247876698
-0.0932640735600689
-0.113424312054526
-0.12271106916794
-0.118344155481385
-0.100189418676894
-0.0707114491464393
-0.0342399357992135
0.00384586316257264
0.037716590627734
0.0616738594363775
0.0710746385073658
0.0635946484699914
0.040262568614515
0.00548700734291832
-0.0342806735521288
-0.0727627458034187
-0.105784416522558
-0.131829046232379
-0.151066820018145
-0.163809023259411
-0.169656089561276
-0.167863694015443
-0.158377166646024
-0.142540813866878
-0.122919218004227
-0.10242473848491
-0.0833770278839708
-0.067023347288437
-0.0536374174752562
-0.0429169659503891
-0.0342643151074668
-0.0267360739709024
-0.0188134498899174
-0.00835202979212068
0.00704530009492663
0.0292855105110323
0.0589574260248712
0.0947536194720621
0.133382527942215
0.170063997257336
0.199553698115131
0.217468729467804
0.221499420920626
0.21204229934097
0.192003339525241
0.165871625315107
0.138400331492185
0.113308067583817
0.0924589756320553
0.0759513134602989
0.0631980218459491
0.0544313100493845
0.0516107998812866
0.057976469310266
0.0763547471357188
0.10712853196056
0.146973008497368
0.189059815683691
0.22478858147188
0.246464278265887
0.249850993157897
0.235451759354571
0.207880467630117
0.173586321415987
0.137954658802404
0.103095068631541
0.0673675463204524
0.0269153664882324
-0.0215997309921411
-0.0785958865185777
-0.140796235002065
-0.202264915994456
-0.256354509715898
-0.297429152935653
-0.321828204442981
-0.328277427843791
-0.318187463505996
-0.295905625454304
-0.26845830944827
-0.244253268314022
-0.23081679238147
-0.23243680554291
-0.248825100419931
-0.275381778420231
-0.304835383972267
-0.329544786522518
-0.343715272983647
-0.34494401075274
-0.334673294841282
-0.317355565944175
-0.298543369351924
-0.28262700249472
-0.271229088154
-0.263013534437051
-0.254916446849883
-0.244026797844911
-0.229064987660228
-0.210771957244116
-0.191218699705118
-0.172608828116956
-0.156283676411514
-0.142367894205531
-0.130058517336589
-0.11823109383175
-0.105945673350093
-0.0925731158827285
-0.0775426664596585
-0.0599887981370474
-0.0386618378105676
-0.0122768867015708
0.0198484327002173
0.0572223627613166
0.0980017203458246
0.139351095598074
0.178241662047925
0.212371194342481
0.240781819318067
0.263875602391264
0.282868000301736
0.299067412965719
0.313441746952353
0.326617292108612
0.338988979801041
0.350472878531408
0.35985088898132
0.364295910789691
0.359816929207553
0.342735715228319
0.311448024492102
0.267470477613203
0.215326544731412
0.161557657701895
0.113377041799402
0.0772150530074692
0.057192621403101
0.0537789451257771
0.0632752426887325
0.0787075565397999
0.0919770133993871
0.0962477200345555
0.0874035781362787
0.064186597724937
0.0275821576713954
-0.0197626298247736
-0.073846559600571
-0.129655075881416
-0.181823291441016
-0.225529058132193
-0.257301871937985
-0.275522112198198
-0.280531715559575
-0.274307695262537
-0.259698904198401
-0.23944385740965
-0.215419666936545
-0.188513136266841
-0.159110092534102
-0.12778759148298
-0.0957114433296962
-0.0645217313574059
-0.0358786776185833
-0.0110600943820261
0.00908090781175094
0.0238130929712441
0.0322171069277477
0.0332396614399676
0.0261747691099393
0.0112715583532875
-0.00992531112444541
-0.034705359066563
-0.0597557440877826
-0.0820031594449716
-0.0995351363255011
-0.112308345015236
-0.122217151911093
-0.132150174812403
-0.144148121356492
-0.157537379581599
-0.168313701539051
-0.170524500731545
-0.15910826753948
-0.132495360092162
-0.0932449542227501
-0.0463342563796598
0.00352159539074348
0.0535144164620198
0.102477938083781
0.149565081481648
0.193331118196383
0.231835500298784
0.26324673092278
0.286176208895604
0.299550157193846
0.302437745220496
0.294301696320997
0.275712497823673
0.249108904700646
0.219015183039689
0.191312565269536
0.171624393310977
0.163392551219124
0.16649834735839
0.177127206592174
0.18904078568104
0.19574458552305
0.19259190234782
0.177978137232124
0.153411774861834
0.12285850601754
0.0917877742848686
0.0659139929699081
0.0494425035151777
0.0431564007201174
0.0434190266973497
0.0431458112593799
0.0347048516437283
0.0133318239667253
-0.0208507003206856
-0.0632883246526159
-0.10746071515163
-0.14776930002695
-0.181285137822143
-0.207779874537771
-0.228541947953674
-0.244937833093883
-0.257469147965891
-0.265592036342183
-0.268129599715752
-0.263869608268138
-0.252006783438837
-0.232422291159932
-0.206044219502686
-0.175344546572725
-0.14454726143632
-0.11894513663774
-0.103215191071794
-0.0994504963971188
-0.10605915703366
-0.1182948282213
-0.130222254059832
-0.137071149319344
-0.136768534870031
-0.130018805600512
-0.119174126818526
-0.106729481973564
-0.0942763629898861
-0.0822542783680711
-0.0702439471222408
-0.0572839974959561
-0.0419350258303078
-0.0223016091905622
0.00354357091657935
0.0365783265184851
0.075719029748057
0.117369842241576
0.15621593468017
0.18711600362759
0.207171634829094
0.216833791136629
0.219491609884139
0.219932974271184
0.222606766779107
0.230419839258794
0.24423871681267
0.262912170701566
0.283644016672758
0.302653212444921
0.316032004980818
0.320620792157615
0.314701012634695
0.298350808622347
0.273355383176153
0.242663210473755
0.209567431336586
0.176941330578371
0.146794981819141
0.120174831885194
0.0972355738673098
0.0773517822183343
0.0593230323001416
0.0418220236527229
0.0240991591258612
0.00667881063555969
-0.0083805647840909
-0.0179334062412705
-0.0187794727168291
-0.0088664438190961
0.0117400386705246
0.0403677408652372
0.0719307401325071
0.0999700630780044
0.118406640514262
0.123371278581232
0.11427121673028
0.0936497679774038
0.0660772720078516
0.0366979915079689
0.00995672551008576
-0.0112637529033649
-0.0260242833591588
-0.0351788505632662
-0.0406954129936994
-0.0446230743650239
-0.0480804242769793
-0.050715164183263
-0.0509381680856046
-0.0468895857071196
-0.0376993830582841
-0.0243750328478743
-0.00976832993712225
0.00244311457861558
0.00923198155180156
0.00933416928526094
0.00340940861683452
-0.00674795555308906
-0.0194049559182283
-0.0337940793197575
-0.0502873102538749
-0.0698225558936389
-0.0928692466738457
-0.118377508355621
-0.143266391249303
-0.162957798349291
-0.172999771300115
-0.171076522774551
-0.158299113698109
-0.13905198236076
-0.119527985708737
-0.105718828705468
-0.101697080669646
-0.108714608177878
-0.125260312044108
-0.147911848436219
-0.172608397294326
-0.195883373907918
-0.215642748497597
-0.231248415520182
-0.242939737518995
-0.250937242905723
-0.254788469328332
-0.25346119452135
-0.246270580846929
-0.234102245586555
-0.220002944690048
-0.208475683609711
-0.20366715809934
-0.207439115082111
-0.218429004773892
-0.232567777305688
-0.24465149558017
-0.250084496866024
-0.246090775945363
-0.232237814719392
-0.210442933982953
-0.184484219920295
-0.158846749034691
-0.137047073267584
-0.120202004644375
-0.106738265323773
-0.0934384047789712
-0.0771304861783633
-0.0560931972403068
-0.0307038359412175
-0.00334939223565086
0.0222717875917976
0.042343947458649
0.0542558652444257
0.0573904854678173
0.0530173608523827
0.0437783027209811
0.0336283293093434
0.0282088947212312
0.0344021570284443
0.0580267569465018
0.100510462514825
0.156955169146799
0.217460454010808
0.271315415990381
0.311720566026284
0.338507439323345
0.357675489344624
0.378218018314792
0.407666526354516
0.448014783343376
0.493637548912616
0.532465864787518
0.550535047129298
0.538199962460403
0.495008193146087
0.43064735093832
0.361424429972827
0.304008770424593
0.269301713410917
0.258893408606272
0.265161395385012
0.274527578546525
0.272383991809136
0.247905325450159
0.197234815016113
0.124201467868535
0.0386540896521991
-0.0466671548667045
-0.119496173557206
-0.170729008950412
-0.196043946925314
-0.196350649096621
-0.177010249739438
-0.145938102172977
-0.111178920257481
-0.0789467234056082
-0.0528695247899173
-0.0343221505383072
-0.0231103847653053
-0.0180306896132663
-0.0175076178839428
-0.0205915899896081
-0.0279194960909584
-0.041754400496489
-0.0647214962390512
-0.0979318411622824
-0.139749752230172
-0.186012162560111
-0.231525485162484
-0.27194029054501
-0.305010831293998
-0.330646806310759
-0.349752513926714
-0.362402628423196
-0.366286115974511
-0.356412412713123
-0.326642454326926
-0.272666745325826
-0.195034536668926
-0.100507636228746
-0.000790917031321059
0.0908612967171027
0.163534451650535
0.211315264456715
0.233870096986686
0.235207420907709
0.22155108974613
0.199256292115456
0.173357400006789
0.146997544018458
0.121732876506162
0.0984261762696008
0.0781408605990146
0.0623555006131128
0.052220822154405
0.0473802436666219
0.0454568833046751
0.0430243720978406
0.0377571705144438
0.0303585056140742
0.024776608163762
0.0263210750321657
0.0387281278781056
0.0618871469535381
0.091454780152167
0.120480711572529
0.142221630659654
0.152901621201642
0.153265621513631
0.148268756972687
0.145041373157428
0.150068305814549
0.166866852403823
0.195108135493722
0.231326298613493
0.270580539032703
0.308080584324444
0.340022307396662
0.363553164476985
0.376413878876725
0.376877258254669
0.364109161464776
0.338555269593229
0.301925382924294
0.256742640586991
0.205784852448424
0.151760664715843
0.0972948295296432
0.0449879574462883
-0.0027953874099519
-0.0445434151560587
-0.0803322820592865
-0.112129669099484
-0.143296260229462
-0.177412895247102
-0.216946013576912
-0.26224542860147
-0.311070246846392
-0.358623881245277
-0.398129166494672
-0.422065558401055
-0.42399238853037
-0.400470500227379
-0.352410199535285
-0.28541471883056
-0.20905408155012
-0.135171031538435
-0.07539639754847
-0.0383378425883214
-0.0273345995583417
-0.0397369659612682
-0.0680550356705295
-0.102410160233872
-0.133236367406864
-0.153370776727495
-0.159167023696825
-0.150645985875101
-0.130896891516408
-0.105032769368818
-0.0789740385758172
-0.0582183879150075
-0.0467217951805842
-0.0461236433318622
-0.0556037953652833
-0.0724717544701909
-0.0932508367268201
-0.114796457289319
-0.135014901702957
-0.152968343590009
-0.168444346465559
-0.181324456778715
-0.191175510013674
-0.197314297598469
-0.199249445393639
-0.197139313796258
-0.191912058648922
-0.184933207648754
-0.17738928582925
-0.169713780129245
-0.161334432279025
-0.150809160438567
-0.136212951313268
-0.115608153255622
-0.0875430668448356
-0.0515779319687137
-0.00873031006086408
0.0384064406517055
0.0860811851495434
0.130281798821484
0.167727304477124
0.196473465402957
0.215916065899222
0.226400905135429
0.228847784703768
0.224617685979269
0.215530282972145
0.203786954704389
0.191657460619566
0.181018473096483
0.173003826016066
0.167987962810211
0.165867228376522
0.166347382891635
0.168964294006221
0.17286522583577
0.17665719221587
0.17860508764576
0.177176465187327
0.17166438921536
0.162575194508269
0.1515951587404
0.141094028495272
0.133241131796133
0.128977310990065
0.127297113374663
0.125334677236494
0.119384681905149
0.106361171312941
0.0848405223409747
0.0551681437695356
0.018875439797987
-0.021905545553391
-0.0646460584074909
-0.10646223828047
-0.144362831898209
-0.175682887189585
-0.198386154839241
-0.211114365230826
-0.213193669201638
-0.204772972996411
-0.186958407982131
-0.161714150917878
-0.131570080321348
-0.0994190980376417
-0.0685269392430584
-0.0424819865805622
-0.0247022267847257
-0.0175094647704046
-0.021303012005303
-0.0344697790889365
-0.0542107086082107
-0.0777954579939099
-0.10339394620728
-0.129896086653464
-0.155907048389566
-0.178815321836772
-0.194821892032291
-0.200029680361233
-0.191837186955014
-0.169743449426991
-0.135268482963431
-0.0913314941308592
-0.0415449759829206
0.0104107586685175
0.0613750014487902
0.109173477257018
0.152673063050104
0.19124650865198
0.223945117236681
0.249052577804894
0.264490431939779
0.268871192738984
0.262470533578534
0.247458403150392
0.227230718359232
0.205172647491099
0.183421718798283
0.162191915253042
0.139997008306952
0.114696991289566
0.08485037189895
0.0506712801150532
0.0141369598373868
-0.021663625143398
-0.0533981234164576
-0.0780262016876204
-0.0928642596915143
-0.0954952281140675
-0.0839767924940813
-0.0575635615779884
-0.0177194300758276
0.0311797764524719
0.0820906889752893
0.126717650406593
0.157676325756079
0.17052151667164
0.164771178106709
0.14353592788388
0.112015611048857
0.0755812746370751
0.0382069075379421
0.00171671797333966
-0.0340861264613435
-0.0706448566477244
-0.109624689736886
-0.152082556077794
-0.198162984103219
-0.247304693600406
-0.29850033765914
-0.350037198702757
-0.398663607495197
-0.438957425363703
-0.463973663960019
-0.467474178400964
-0.446700158383917
-0.403966344954916
-0.346034609956559
-0.281673903144276
-0.218806310631521
-0.162550858475475
-0.114685774704781
-0.0742937763015159
-0.039012392966069
-0.00631275610193349
0.0256045020583609
0.0574425983855684
0.088797149122525
0.118151094261714
0.14273113737408
0.158542194986907
0.161086998718559
0.146847782047918
0.114901221843728
0.0677537421121137
0.0108833777407525
-0.0488150069034839
-0.104966929615137
-0.153213903783859
-0.191706181268933
-0.220546346155048
-0.240672278132016
-0.252860655599625
-0.257202296725848
-0.252907067518624
-0.238235754858132
-0.210743890188155
-0.16817109360678
-0.109812131608805
-0.0376029167861513
0.043791115017863
0.127926604696233
0.208021353706252
0.278243568430418
0.334504107619258
0.374754293077181
0.398967639999312
0.40884548977731
0.406992321260847
0.395402321743661
0.373849300120299
0.339449590662508
0.288216777919781
0.21795490106777
0.130708584265352
0.0332377209610101
-0.0647181344828919
-0.153316126484208
-0.225018473368645
-0.27539245168894
-0.302346825686777
-0.30493829889917
-0.283019738055134
-0.238075072960284
-0.17440644291794
-0.0994208545650215
-0.0223988254608361
0.047802391961079
0.105011011576872
0.146985873768004
0.17526913883625
0.193902448568473
0.207630616669561
0.220264459389474
0.233673322806752
0.247553795690816
0.25982033420188
0.26731495475114
0.266590581777576
0.254705696319687
0.230065254836984
0.193184290347136
0.146968575054409
0.0961103433907653
0.0457052708310482
-0.000156195995996173
-0.0389616882283393
-0.0693283218860766
-0.0902483998187985
-0.100997014662695
-0.101968378782626
-0.0956717339332189
-0.0867197133195867
-0.0803065603131215
-0.0798836685499102
-0.0854835590816532
-0.093801355026802
-0.100013815129962
-0.100282389792262
-0.0936110855709623
-0.0822259868163943
-0.0704770169988121
-0.0629402131262839
-0.0626152953632717
-0.0698791113556413
-0.0824413160625473
-0.0962003029715028
-0.106643500303497
-0.110256401573132
-0.105428889564462
-0.0926695484023884
-0.0743280990078888
-0.0541080469905432
-0.036410581352035
-0.0254010856883451
-0.0239217955395045
-0.0327280537390143
-0.0505005438528268
-0.0745801821212843
-0.101845252135266
-0.12913214174003
-0.153108740358952
-0.170020152372035
-0.175774220103123
-0.166519485803018
-0.139601359201357
-0.0946701625072493
-0.0345462063017575
0.0347441816681457
0.105150250647953
0.168654327024849
0.21919118299351
0.253549604007603
0.271230577629513
0.273885363695404
0.26477374267577
0.248109914422947
0.228055553670653
0.207599804552386
0.187947915631676
0.168790111036556
0.149190983450914
0.128464164697771
0.106570695432536
0.0840532901968021
0.061843791441913
0.0412169897650458
0.0238408769298129
0.0116416242626348
0.00628710650164531
0.00839472567317386
0.0168258079884229
0.028489991715802
0.0389279943885328
0.0435838360484225
0.0392538115642019
0.0250243760792226
0.00229983728401262
-0.0259252074891382
-0.0560400952974093
-0.0846262264197713
-0.109024080310061
-0.127767309792637
-0.140877135680162
-0.149819999361516
-0.156953252624443
-0.16454801551544
-0.173769798609293
-0.184096986233003
-0.193506426007383
-0.199439609540663
-0.200212888378073
-0.196265453980951
-0.190579167064037
-0.187908952074224
-0.193113247675324
-0.209456486662902
-0.23770054553278
-0.276062934209037
-0.320438607836384
-0.364452145268031
-0.399748344885799
-0.417357166453488
-0.410280164700947
-0.376237826707341
-0.319011811403544
-0.247501031520597
-0.172886559545188
-0.105242338073437
-0.051032147798422
-0.0122854922365564
0.0126530224916565
0.0274969182683153
0.0362821476399225
0.0420567857627599
0.0462707829023057
0.0489086831948623
0.0491572434588422
0.0462197376219901
0.0399255345891975
0.0309934804779746
0.0209763743327156
0.0119344064363895
0.00588004846773101
0.00414776973966692
0.00699712243772382
0.013736010461803
0.0233604290762473
0.0353385314386003
0.0500401795193153
0.0685593027030033
0.0920888683854151
0.121243968863278
0.15565078157012
0.193893944925354
0.233767844841254
0.272735190156665
0.308441888203016
0.339068685211316
0.363369806796124
0.380485060054835
0.38978234212833
0.390902434895922
0.383977441575159
0.369920087473343
0.350697690086813
0.329425374410502
0.310010503938449
0.296227652479065
0.290505293189199
0.293003994226274
0.301482646084564
0.312075962580636
0.320705938470036
0.324583562158808
0.323180437436188
0.318205634805582
0.312518753347573
0.308434845798769
0.306279432985355
0.304035832468487
0.298360247486991
0.286360150706954
0.266920434589717
0.240574464825186
0.20795918632704
0.168038266534512
0.117599651397753
0.0527541865205903
-0.0281559958847723
-0.121873745666623
-0.219602000508478
-0.309352793339939
-0.38038236326665
-0.427227168614457
-0.450870811654149
-0.456496165537487
-0.449644979206336
-0.433457481174032
-0.408460119192637
-0.374380397434126
-0.332322236664167
-0.285853756354518
-0.240519288116297
-0.202173571493895
-0.174995447617713
-0.160086418430984
-0.155269430651626
-0.156168884464046
-0.158082073039691
-0.157796575234139
-0.154522248371968
-0.149522870829185
-0.144727050060429
-0.141194600054043
-0.138353113062404
-0.134337996402581
-0.127070868361246
-0.115434726747428
-0.100050826829562
-0.0833650891334156
-0.0688866296070095
-0.0597127606889657
-0.0569694255770091
-0.0590704805860655
-0.0623363693098015
-0.0626885426941199
-0.0574841079221518
-0.0465264191135928
-0.0318268713297361
-0.0164242529311285
-0.0030555794589671
0.0065858866817381
0.0118147008814421
0.01251654808228
0.00881151343341151
0.000999934974136988
-0.0103717498411046
-0.0245367043229181
-0.0406486610884013
-0.0578862513872498
-0.0753543485799581
-0.0917740645253306
-0.10520714764336
-0.11320107207614
-0.113524711744237
-0.105161491385861
-0.0889039097216007
-0.0671198624614791
-0.0428477566612929
-0.0187911537327257
0.00327486204320695
0.0225490807980951
0.0389039618933642
0.0525339716860275
0.063742314863687
0.072933623001607
0.0808110223442083
0.0886675938815767
0.0984792736734792
0.112461333016266
0.13208767581547
0.157131088002661
0.185498338117794
0.214138769268849
0.240426010970743
0.262931753709608
0.280950744140133
0.293247516242195
0.297334747117866
0.290267405487935
0.270568978226589
0.239759605135891
0.202221827885612
0.163580994323975
0.128899170782361
0.101665354489163
0.083345310797272
0.0727333040928125
0.0652584027432426
0.053533375417978
0.0300212933445854
-0.00922088208569
-0.0621270197644452
-0.12119115578678
-0.176594702100992
-0.220013640136808
-0.247321280624799
-0.259418430231449
-0.26135205343545
-0.260263640298671
-0.262669364176547
-0.271516863739679
-0.283736656146179
-0.28953459472682
-0.274747343647034
-0.226386289048351
-0.139280156925518
-0.0202435744273094
0.112848263382451
0.236745302639256
0.330351167104798
0.380764137027139
0.385916288029297
0.353662402727568
0.298324344630594
0.236138721288557
0.181018332198156
0.141724309268437
0.121043689068449
0.116896032055257
0.124588336734841
0.139031776265914
0.155920024650049
0.17160227510372
0.182243494506384
0.183300499143412
0.170066835395713
0.139268765078657
0.0909544933643976
0.0296140323985582
-0.0362835618475142
-0.0964319892481902
-0.141727281116643
-0.166900847043141
-0.17166030974736
-0.160072557170838
-0.138747534087495
-0.114693761829959
-0.0935173833361224
-0.0783058750393081
-0.0693440873215808
-0.0646879404535425
-0.0614151309530552
-0.0571125372067994
-0.051016655531158
-0.0443256907019105
-0.0395556450755988
-0.0392777176907556
-0.0448915529107927
-0.0560428018636739
-0.0709008514938823
-0.0870200356410556
-0.102211077868302
-0.114920304498828
-0.124009214713562
-0.128282530238008
-0.126287058780546
-0.116652281736798
-0.0987797712209988
-0.0734095016535895
-0.0427123174372994
-0.00992100922829698
0.0212417048725846
0.0471389072516087
0.0647926887687893
0.0724785787673422
0.0701893227224271
0.0596872514188525
0.0439913133807478
0.0264503726479297
0.00980121049787492
-0.00435841696240092
-0.0154455470496434
-0.0232222144727397
-0.0270159355590377
-0.0253672126696243
-0.0163972685496866
0.00124216475179144
0.0272765650616255
0.0590408685399515
0.091388403200689
0.117488750151068
0.130480853531261
0.12555852281608
0.101748696940201
0.0626520237916705
0.0157593487655596
-0.0295593832342387
-0.0648645265138909
-0.0854129127402435
-0.0918688787529244
-0.0900531678705119
-0.0884208433710865
-0.0940128932667737
-0.108613911885849
-0.127074072837433
-0.13890652952286
-0.132674997491418
-0.101158537061074
-0.0447656198964614
0.0283692660739403
0.105306837498426
0.172499873497517
0.21940883851984
0.240559521275664
0.235952528586504
0.210126936908106
0.17029876312111
0.124123743155948
0.0777208445164602
0.0344885176804702
-0.00503073168341616
-0.0423215438263977
-0.079515201445245
-0.118073444121668
-0.15804318435445
-0.197936373935653
-0.234850499424524
-0.26451839632409
-0.281571463792341
-0.280707862511115
-0.258957272775089
-0.218076699340549
-0.165452774960213
-0.112539846803252
-0.0713645029467304
-0.0507402695452541
-0.0538015114598913
-0.0775613716373083
-0.114248005317635
-0.153717605158131
-0.186204100953526
-0.20470493726497
-0.206332334201672
-0.192186366640321
-0.16586189165888
-0.131375303270295
-0.0916302401336858
-0.0481966069915683
-0.00230852572377876
0.0437997599211225
0.0862588092812771
0.120151021993621
0.141047152059088
0.14666004388638
0.13777757782038
0.118113858026647
0.0932698414997883
0.0692534704376615
0.0509687368922425
0.0409916985529028
0.0389535940545666
0.0418283806215351
0.0451852640431604
0.0450392851327441
0.0395809625420032
0.0300497243466882
0.0203655485294854
0.0156625958855418
0.0203236421123302
0.0362987266894599
0.0623442548901848
0.0944270795806362
0.127072469659081
0.155078008118018
0.174927469990661
0.185478585623687
0.187913891013497
0.185228461583997
0.181501091171572
0.180997672701718
0.187086028105448
0.201112096591495
0.221618474364579
0.244320976386981
0.26300870900049
0.271142917236499
0.2636581578828
0.238459291175018
0.197246956944577
0.145396075161627
0.0907004291583928
0.0411419076452639
0.00245603150416286
-0.0233470396479481
-0.0377125963998488
-0.0437384975358219
-0.0439718184825525
-0.0390903763729841
-0.028100334020473
-0.0097336673869829
0.0159016768258142
0.0463679408355078
0.0770668538671493
0.102308413143396
0.116695186751705
0.116332037347491
0.0997064486369572
0.068266639572278
0.0265922753872417
-0.0181330522692342
-0.0575074714667514
-0.083863186372958
-0.0921398406355885
-0.0811261425813319
-0.0538772128839344
-0.017264883189757
0.019509775644935
0.0475108660909978
0.0611622860197389
0.0604628446606105
0.0509649029254826
0.0412338329974314
0.0388815247852929
0.0469773220967838
0.0623958855280261
0.0768028855117063
0.0799070058800996
0.0636509419282965
0.0255699765307458
-0.0301211142546784
-0.0941692992786047
-0.155895437567211
-0.207100225573806
-0.24447514458366
-0.269607011216736
-0.287024637462287
-0.301640762781498
-0.316843763658461
-0.333712088696341
-0.351124826980179
-0.366346123596967
-0.375804703731783
-0.375936918499187
-0.363996513366462
-0.338713678331483
-0.300664797323282
-0.252238844213851
-0.197195461782644
-0.139953306880096
-0.084820600942501
-0.0353626427708758
0.00595551912006789
0.0378092253394332
0.0598441806949097
0.0725022913466259
0.0769632948791098
0.0751108464937694
0.0693368557344643
0.062141919512288
0.0556997955193638
0.0515771919966898
0.0506311604572049
0.052979925247906
0.0580036687421345
0.0644379896829099
0.0705693767884011
0.0744012283254076
0.0737117646811189
0.066202210189647
0.0500518155815156
0.0248594443849362
-0.00756109386599377
-0.0431869339598699
-0.0768104312164172
-0.103671806473021
-0.120922120157257
-0.128197658865294
-0.127013351792577
-0.119310391579741
-0.106020682663115
-0.0865603935550879
-0.0595902937663861
-0.0245262209271146
0.0172056361749199
0.0619213089972298
0.104471824495781
0.139567601900441
0.163111509864368
0.173281521554773
0.171214414170713
0.161031094673103
0.148913226720369
0.141234558990089
0.142280043129083
0.152510837427732
0.168293171347865
0.183373794233156
0.191453352896343
0.188601060038921
0.174411580335708
0.15158097358662
0.124396313594058
0.0970137379176703
0.0722669739723167
0.0513232596201031
0.0340556046109456
0.0197276509684088
0.00759165223200366
-0.00276856400190579
-0.0112787593603886
-0.0172966513621026
-0.0196566939465161
-0.0169607904360064
-0.00813103817914938
0.00693156435873001
0.0268253616654206
0.0485216454919184
0.0678650834061269
0.0807569183300801
0.0846949001422765
0.0799693924063722
0.0697936900968147
0.059103246147655
0.0524565781052968
0.0519912199145289
0.0564166795337454
0.0615364194038503
0.0620493180110826
0.0537900113945864
0.035429212071136
0.00900016759821786
-0.0207998720451315
-0.0481104801945419
-0.0676186163393668
-0.0759602464174991
-0.0724570469586565
-0.059031991797864
-0.039402204506795
-0.0178926354810807
0.00169208448371778
0.0168232785421652
0.0265531904420844
0.031450384830356
0.0332394144935174
0.0341570607784118
0.0361071036901658
0.039904875177303
0.0450161481453601
0.0499832316284348
0.0532812962065155
0.0540390851513586
0.0521826332363723
0.0480153784874134
0.0416441206331165
0.0326945119636047
0.0204539000405166
0.00422459640817819
-0.0164212184364038
-0.0415655779995233
-0.070861834441204
-0.103296313678051
-0.136967298359932
-0.169247309915564
-0.197454286608912
-0.219695258363752
-0.235358564181706
-0.245012085613348
-0.249893649365572
-0.251304157770053
-0.249991120634396
-0.245476870939432
-0.235587623610687
-0.216835196590258
-0.186046167620681
-0.142618090127281
-0.0899536113599599
-0.034949579974183
0.0143015013432096
0.0513251898132199
0.0731659356568967
0.0806362298423286
0.0771179072988495
0.0667849229663219
0.053218807902135
0.0389431846864597
0.0257333054436893
0.0151007864963394
0.00838537554377858
0.00633552443912887
0.00856829994908573
0.0134723016674244
0.0188181226633177
0.0227955122935981
0.0248252846991463
0.0255977729462619
0.0263127230295929
0.0276499824124524
0.0291675034337125
0.0295027482494207
0.02722435351328
0.0218147812753096
0.0142306250780746
0.00673326766686862
0.00206818503800117
0.00241755270849967
0.00866327130663297
0.02028679159765
0.035824347113896
0.0534723035528455
0.0714346560067546
0.087922903286435
0.101081946795236
0.109193659007879
0.111235581438071
0.107497727000686
0.099789459566186
0.090923202829843
0.0835716746524278
0.079038931264494
0.0766486890896574
0.0741523132641395
0.0689657508363565
0.0595691111446917
0.0463314671583751
0.0313520375907518
0.0174359193675459
0.00676611772193641
-5.73813521390507e-05
-0.00420368084507097
-0.00801560028443159
-0.0139009671583288
-0.0230978740351674
-0.0347953132884871
-0.0461357527262384
-0.0533782842817475
-0.0538588432593532
-0.0477214690290426
-0.0383194234761323
-0.0308951940197521
-0.0301552977411244
-0.0379493007654453
-0.0521561819821416
-0.0672937101867567
-0.076630649355696
-0.074933170421688
-0.0606588314612831
-0.0366440629069586
-0.00904731720279487
0.0148958933997316
0.0293002511788421
0.0312796761579133
0.0212939002698792
0.00226749475709084
-0.0219551053699184
-0.0480838631078009
-0.0742066040428212
-0.0997089569986126
-0.124414055953318
-0.147442990625322
-0.16653513891902
-0.178407608265188
-0.180114839914298
-0.170653663787018
-0.151776075596543
-0.127381885568754
-0.101750857118173
-0.077642290108101
-0.0553491400349773
-0.0331054267974275
-0.00842912383997269
0.0203382184989059
0.0528762692465315
0.0864821194604345
0.116643916355746
0.13851155954203
0.148682283242377
0.146432866673001
0.133812761043593
0.114687767368535
0.0933750305494835
0.0735808747629538
0.05798118625394
0.0482969843433495
0.0454811549689591
0.0497714980399699
0.0606543241754105
0.0768888998316141
0.0966110336259747
0.117426251610864
0.136512150342032
0.1509077928109
0.158086103378839
0.15662359593762
0.146651236220338
0.12994656449309
0.109735563676921
0.0902246154193802
0.0757249677765587
0.0693477503164977
0.0716891382268547
0.0802579449056382
0.0901606115420801
0.0958116310672462
0.0927859638732783
0.0789418380680395
0.0545542508382304
0.0218088241143191
-0.0158540654721013
-0.0543041053383021
-0.0892376403055987
-0.116792320367353
-0.134303695738525
-0.141007946683547
-0.138311628738082
-0.129359524777257
-0.11802504344804
-0.107796891367806
-0.101045292416172
-0.0988628830793068
-0.101353953288312
-0.108080604040689
-0.118382788201337
-0.131417122509357
-0.145960630261813
-0.160226317669997
-0.171995987277485
-0.179181493372173
-0.180575173473219
-0.176336722153894
-0.167903589801473
-0.157405485465883
-0.146979324156381
-0.138361532019544
-0.132811205718981
-0.131077971639703
-0.133099381377963
-0.137486527295992
-0.141325523322786
-0.140853966759445
-0.132952997775876
-0.116621752366715
-0.0934685686675276
-0.0669614737551935
-0.0410537817713111
-0.0190448331498862
-0.00307723160518972
0.00590805469672187
0.00812283034146399
0.00493754077254892
-0.00119724648054068
-0.00712544332430203
-0.00967930745240178
-0.00645880513472165
0.00359861035109832
0.0199601870831657
0.0404578196387839
0.0614323558613046
0.078246432130065
0.0863639275358146
0.0828654170634712
0.0678567009336654
0.0450662999491806
0.0211407362541957
0.00366521511854849
-0.00144438389177414
0.00786303518133134
0.0289505747282253
0.0554628964786909
0.0797654955420885
0.0958964836301266
0.101819948824666
0.100052898554992
0.0964806585965803
0.0979967945680711
0.109988467419886
0.134441000187202
0.168963703170349
0.206905635562997
0.238854392662745
0.2555195238371
0.251094190320703
0.225492760986813
0.184287936616006
0.136501256660095
0.0915045383022699
0.0564056590163855
0.0346767504388627
0.0261254831749597
0.0279321052841953
0.0362642605820505
0.0478235041828736
0.0606719786626026
0.073994303131324
0.0870497945737994
0.0981484348440848
0.104547583157688
0.103497842104781
0.0937388975479262
0.0763964276294152
0.0547393586168851
0.0330277188691913
0.0150311573663759
0.00272609549558923
-0.00442261370158697
-0.00926505641508177
-0.0158336626123125
-0.0277597168356867
-0.0469726841475874
-0.0731410614222975
-0.10383342510837
-0.135184894525491
-0.162973158456051
-0.184013346702358
-0.197436389481397
-0.205083581005954
-0.210501066193841
-0.216889848430797
-0.225178449917074
-0.233376603311817
-0.237496814345241
-0.233340619892794
-0.218113187577855
-0.19122820070966
-0.154258191139262
-0.110301335047889
-0.0630628580810494
-0.0159209541156609
0.0287417615761538
0.0697226548309944
0.106702868007102
0.139726543473144
0.168766230740183
0.193508108832819
0.213308597938238
0.227283514215794
0.234598012397035
0.234981913340347
0.229239511974025
0.219301760297178
0.207514836009994
0.195414810988565
0.18276859728872
0.167605189979462
0.147288593110209
0.120007680295138
0.0859272157103754
0.047556730769694
0.00922051868507994
-0.0242630655417592
-0.0492765845931468
-0.0647020678580213
-0.0720482243686342
-0.0742377212528822
-0.0737704835235437
-0.0714186667623132
-0.0661873196425766
-0.0563373882816928
-0.0406177428739026
-0.018978397419136
0.0073255297243625
0.0358721644019591
0.063209027553224
0.0851653089062394
0.0976376610370336
0.0977634238641446
0.0849486448277708
0.0612115182028713
0.0306935643103513
-0.0014436595407263
-0.0303915113684357
-0.0529591818812724
-0.068307607126037
-0.0778260940894302
-0.0841970839231477
-0.090144748962169
-0.0975157884679487
-0.107053811821196
-0.118746193580429
-0.132314352199025
-0.147451759354684
-0.163694822551565
-0.180136050542233
-0.195346118975858
-0.207711666394856
-0.215998236734714
-0.219680185017009
-0.218751256828164
-0.213185964854082
-0.202505800035639
-0.185805915298608
-0.162295151958435
-0.1321098292547
-0.0969616299454926
-0.0601808038219353
-0.0260193737336448
0.0014790287297531
0.0195163191994411
0.0271030659679679
0.0250636848067197
0.0155927243887735
0.00152605110198813
-0.0144817674925862
-0.0306197893561466
-0.0461325964546781
-0.0609170485488416
-0.074668608828623
-0.0860737906389937
-0.0925695126374095
-0.0908539520141421
-0.0779269137132778
-0.0522398452689034
-0.0145488142047982
0.0318295193133951
0.0814852085219856
0.12799703854364
0.165332434018059
0.189232016541724
0.198299892473987
0.194522389625292
0.182914609863201
0.170170477850781
0.162663581140219
0.16461705479819
0.177268413202944
0.199285430702901
0.227964089494814
0.260421771927633
0.294240726449122
0.327474661932258
0.358224284783298
0.384097458570613
0.401951447280599
0.408279565116417
0.400236822824769
0.376772065872692
0.339190068482739
0.290912808501044
0.236761452848031
0.182166864573119
0.132397631049938
0.0917001247019343
0.0624282895032428
0.0445147698484525
0.0356237767667952
0.0320064783994111
0.0297209436662628
0.0257288812345256
0.0184919528231996
0.00795110364636697
-0.00496320527620163
-0.018968086739935
-0.0328608682776809
-0.0455545643298062
-0.055834406086742
-0.0622018142307361
-0.0631030159507152
-0.0574759218844759
-0.0452409336548082
-0.0274049504169168
-0.00575619541361322
0.0176123438213218
0.0406699108879346
0.0615448854916234
0.0783843847080164
0.0892072779167523
0.0920448506893776
0.0854610988102647
0.0691888324138789
0.0444392699588918
0.0136309676568423
-0.0203338684889393
-0.0548691802595021
-0.0882408859760408
-0.119717737905052
-0.149419769645006
-0.178003758345889
-0.206244762901088
-0.234500496179168
-0.26213932247969
-0.287232210969838
-0.306870201123028
-0.318153904745204
-0.319398645562014
-0.310870441774966
-0.294645783862218
-0.27373441819854
-0.251000427099645
-0.228448675320407
-0.207164333679152
-0.187772860034991
-0.170945459778951
-0.157458901887344
-0.147719339314961
-0.141189556526747
-0.136315178561923
-0.131138182893742
-0.124196412408434
-0.115093148764216
-0.104435672856632
-0.0933421985951158
-0.0829618738945664
-0.0742986090512466
-0.0682814460429822
-0.0658094756534854
-0.0675842777475498
-0.0738075681069813
-0.0839963810112724
-0.0970944463586009
-0.111813070414055
-0.12693534786429
-0.141346140939342
-0.153810922782197
-0.162801865572178
-0.166678104589739
-0.1642211803554
-0.155189360848169
-0.140509924479837
-0.121995507328903
-0.10178168507332
-0.0817928236454991
-0.0634337791151114
-0.0475233847997798
-0.0343732122705352
-0.0239058727082781
-0.0157451483196355
-0.00924453119724783
-0.00346801019121114
0.0027822139861767
0.0107577796448302
0.0213555996914625
0.0347041042873115
0.0500332653346683
0.065943624857239
0.0808898979229636
0.0935586145402605
0.102968242338607
0.108391567159642
0.109331708154185
0.105671838865001
0.0978952211439441
0.0871524038042713
0.0750380141435986
0.0631517688411156
0.0526858947748779
0.0442789575435024
0.0382150584879401
0.0348510247303252
0.0350277685826236
0.0401737803686783
0.0518637275008986
0.070873218671575
0.0962332243871447
0.125017136737072
0.153200850725927
0.177168873944847
0.194995302586247
0.206841318642497
0.214364651989061
0.219492488303626
0.223147116174866
0.224555578709174
0.221525836398654
0.211516168710909
0.192814337446211
0.165152730815609
0.129623993918856
0.0882745401255058
0.0437516729742798
-0.000991134937905857
-0.043126887393321
-0.0805269728837545
-0.112196710185515
-0.138299253945041
-0.159732813217615
-0.177444073453162
-0.191755889362854
-0.202011016687341
-0.206741241683222
-0.20428773908473
-0.193501267826934
-0.174161083858717
-0.147063108258232
-0.113946911978921
-0.0773311276406303
-0.0401758839822358
-0.00540117119974813
0.0244963046210046
0.0475435207454155
0.0622399967040334
0.0676586969473923
0.0638189891260833
0.0521307432634179
0.0355484393769247
0.0181461764797505
0.00407289299080775
-0.00379133245387051
-0.00485509117151581
-0.000924074417758675
0.00472533142414225
0.00882514980681532
0.00935549559325358
0.00593936714682487
-0.000679955700973673
-0.00960821513798236
-0.0205187313043771
-0.0336713616471129
-0.0493467847497787
-0.0672444657239989
-0.0863278815471193
-0.105132791574423
-0.122168159277867
-0.136095466549811
-0.145729061177194
-0.150110512235925
-0.148751765393475
-0.141849699518142
-0.130219634679554
-0.114939855521762
-0.0969583972687371
-0.0769129453285551
-0.055187996063794
-0.0320464560158379
-0.00771483629411198
0.017514401395782
0.0430344460287175
0.0675889252935026
0.0891610769228506
0.105374572982868
0.114319653308288
0.115336789988078
0.109293192184811
0.0982663246758544
0.0849164142114735
0.071869780174912
0.0612255278762862
0.0541642418910726
0.0507321447110041
0.0499982367985393
0.0506572404929607
0.0518112195514209
0.0534547021269861
0.0563678879283242
0.0615474439412556
0.0695951440615051
0.0804279998754862
0.0933880281413717
0.107579183344622
0.122198508473536
0.136727249528433
0.15097188435409
0.164986443002466
0.178875579976425
0.19248576432429
0.205108483393353
0.21543287513413
0.221901879558762
0.223340324826817
0.219488870221992
0.211130028365516
0.199776265622345
0.187139570262463
0.174639380948574
0.163090772432144
0.152616935802483
0.142810824228289
0.133129133133191
0.123355385727707
0.113838415585091
0.1053079871833
0.0983811796443452
0.0931169408316662
0.0889195688332786
0.0848259106809591
0.0799998147281736
0.0742099786971935
0.0680936225838701
0.063051816780041
0.0607571749044588
0.0624944720468501
0.0687072265065188
0.0789750499392943
0.0922673465803254
0.10707591634616
0.121225034530087
0.131644250866924
0.134634082366247
0.126820820376473
0.106393115336913
0.0739646141001657
0.032692842103572
-0.0123176896358271
-0.0551575060384517
-0.0905839418768864
-0.115392484192982
-0.129078047375729
-0.133465874279034
-0.131664302720163
-0.127083817369458
-0.1229570360286
-0.12216262853989
-0.126909417592181
-0.138173704832285
-0.155254487750363
-0.175896340560165
-0.197047526325738
-0.215833316960493
-0.230179312907066
-0.238851829591784
-0.241171728105287
-0.236831347557003
-0.225980113398088
-0.209392700140554
-0.188477950769291
-0.165106258865418
-0.141399667892247
-0.119551819434294
-0.101577938431489
-0.0888992219403624
-0.0818767574238609
-0.0796054888128523
-0.0802289135360157
-0.081728257310338
-0.0827960559281112
-0.083305584438065
-0.0841410706139936
-0.0865658937022977
-0.0915366779412715
-0.0992642034534096
-0.109058507568977
-0.119371210886422
-0.128027489399491
-0.132709659548515
-0.131630539225758
-0.124121706424273
-0.110821604303784
-0.093370732197424
-0.073818953859413
-0.0540727677393519
-0.0355891659414587
-0.0193011141984757
-0.00563310763425312
0.00549208888566494
0.0146259325877578
0.0226433899296808
0.0304284690894263
0.0385125224436136
0.0468923461260888
0.0551750519341116
0.062940578211283
0.0700084877614473
0.0763794390587058
0.0819449083129792
0.0862944488780515
0.0888507667449628
0.0892426781955208
0.0876161397164899
0.0846630236649521
0.0813888143694004
0.0788004383112913
0.0776732515391377
0.0784368544654038
0.0811280971713168
0.0853496224982151
0.0902327416854265
0.0944852141454254
0.0966229053661649
0.0953803435428635
0.0901314060965817
0.0810856126537737
0.0691489703226201
0.0555670428292584
0.0416102335873664
0.0284856308025415
0.0174225058288123
0.00969988295661187
0.00644404153124057
0.00825505532018084
0.0148801752573552
0.0251107188680727
0.0369535978891427
0.048063837186077
0.0563857514627626
0.0608343122160457
0.0617098739450798
0.0605629567589915
0.0594799507016803
0.0600898654817229
0.0627606676475176
0.0663423856746778
0.0685042345581974
0.0664313412784834
0.0575838000166246
0.0403448913433773
0.014486619507743
-0.0186557326910916
-0.0564458223632647
-0.0956286876127197
-0.13310459466929
-0.166333450231246
-0.193195201938069
-0.211622069892566
-0.219527741304891
-0.215294233118385
-0.198619117930906
-0.171227535710817
-0.136941856237908
-0.100885936133382
-0.0681014480318204
-0.0422531359219513
-0.0250296754454957
-0.0163437243167312
-0.0149505668376967
-0.0190029136414708
-0.0263008573039325
-0.0343156829308593
-0.0402439163338607
-0.0412981136660286
-0.0352343799854416
-0.0209450999396513
0.00107162855809579
0.0285105656572095
0.0574922696214256
0.0833873333674467
0.1021501284667
0.111675368595846
0.112484794251363
0.107321132422621
0.0998356619999433
0.0930669905826126
0.0884701075211411
0.0858664260638624
0.0841480607326031
0.0822219708156212
0.0796767148459099
0.0769238067497299
0.0748921345317183
0.0745206178153802
0.0762458976796326
0.0795824630441305
0.0829274556200878
0.083816060817272
0.0797286656457233
0.0691513627905268
0.0522834931804018
0.0309619454997968
0.00792919641315061
-0.014018632079118
-0.0325621537071895
-0.0460272692549478
-0.0534003625975472
-0.0543277036701983
-0.0490760667530142
-0.0384117125914584
-0.0234300820570528
-0.0053973976911902
0.0143489142158388
0.0343896722551334
0.0530809885628835
0.0683873253549053
0.0779260030577315
0.0793956218657867
0.0713061796618863
0.0536936998133811
0.0284700456742434
-0.000778607179863312
-0.0295007497473045
-0.0531681098528167
-0.068235230503073
-0.0728023198956576
-0.0668623664525313
-0.0521938539793583
-0.0320389737518367
-0.0106205976599915
0.0075711826173813
0.0187476800217293
0.020847301134838
0.0142287113876876
0.0016678728489524
-0.0124566056433456
-0.0235530652458009
-0.0282563339737229
-0.0253442777899144
-0.0158095641535444
-0.00216250725507608
0.012659019785923
0.026319606314024
0.0377035808976049
0.0469441993173715
0.0548964155415733
0.0623102297182337
0.069138498354125
0.0743997074367543
0.0767237614088319
0.0752612368990029
0.0703539125087763
0.0635134721037521
0.0567633384150645
0.0518459331177301
0.0497980992422566
0.0510051193859002
0.0554737893247729
0.0630050573490704
0.073113726368292
0.0847406093843401
0.0959729735554238
0.104090334420431
0.106137278276926
0.0998615348602116
0.0845246773105334
0.0611290933514487
0.0319929533268582
-1.48772727720119e-06
-0.0320528236250901
-0.0617215779065922
-0.0868689539924596
-0.105484284126535
-0.115671367864477
-0.115918796244343
-0.105564282923729
-0.0852478714503182
-0.0571756721369839
-0.0250709322665517
0.00629132576706038
0.0319818156292601
0.0480242739011655
0.052267983580906
0.044647024700875
0.0268094729676676
0.00144157501431366
-0.0283368144799602
-0.0593205652952259
-0.0883506691643247
-0.112412758362387
-0.128926093116867
-0.13632629934376
-0.134761458452934
-0.126455943870729
-0.115314595147855
-0.105714220456761
-0.10093279411793
-0.101953975719731
-0.107255121204842
-0.113700132329055
-0.118082654847706
-0.118535415279466
-0.115144227851656
-0.109594604843406
-0.104193077091039
-0.100818718511534
-0.100230525924375
-0.101897594098051
-0.104326574932245
-0.105736364182406
-0.104804415973421
-0.101137183286675
-0.0952345216623137
-0.088019563894849
-0.0802723187128021
-0.0723079772701549
-0.0639902391877101
-0.0549159778193775
-0.0445797277959262
-0.0324938138761947
-0.0183608953210944
-0.00231470878444929
0.0149131072544362
0.032041787045802
0.0474731016095647
0.0595550475848392
0.0668086711544004
0.0681850827221694
0.0633973682276438
0.0532111491223966
0.0394769125212575
0.024764630589821
0.0116626236899677
0.0020007206158805
-0.00366407205728914
-0.00606491653253902
-0.00674785547388468
-0.00732789734462574
-0.00880617787481149
-0.0112392611945311
-0.0139068754880007
-0.0158895471258405
-0.0167276202639488
-0.0167671946068857
-0.0170075580734761
-0.0186007266463158
-0.0223328886308885
-0.0283225206843644
-0.0359660543643718
-0.0440776922703896
-0.0512154207518772
-0.0561683367592742
-0.0584116516306121
-0.0582130505269249
-0.0562476040370394
-0.052970664289102
-0.0482246821068158
-0.0413750348456836
-0.0318672099921259
-0.0198327248571863
-0.00637981403327419
0.00661897945145276
0.0171930596975649
0.0240981090787131
0.027368222057297
0.0282885825664121
0.0288204357843015
0.0308171982642428
0.0354330832310369
0.0429444834804563
0.0529319063410203
0.0645761972837608
0.0768250176618653
0.088380902610434
0.0976743549173143
0.102998291068961
0.102795470094009
0.0959459644461505
0.0819594131277975
0.0611153175861429
0.0346060408399418
0.00461509769639328
-0.0258214230614619
-0.0532587290607437
-0.0745219780739043
-0.0874128753613028
-0.0911919604514787
-0.0866440225140823
-0.0756909543587775
-0.0607175543856893
-0.0439055464563834
-0.0268306668985437
-0.0103945463358614
0.00501922122988492
0.0193321309674693
0.0326028986182669
0.0449209976625212
0.0563483219131411
0.0669036988883193
0.076577075348793
0.0853413420710063
0.0931484133144171
0.0999411164738491
0.105700521340647
0.110463212579794
0.114211382987118
0.116664020987135
0.117165288594702
0.114854773597443
0.109084020517726
0.0998271056138772
0.0878134735463318
0.0742767617087989
0.0604321422003897
0.0469556710037904
0.0337685123916402
0.0202841621176349
0.00600282092483333
-0.00891212810093732
-0.0234820482988808
-0.0363380199927701
-0.0464463251307806
-0.0535864601819201
-0.0582131682057999
-0.0608555380743347
-0.0615858116225143
-0.0599853827508425
-0.0556058845444191
-0.0485735300787369
-0.0399174120970743
-0.0313691021846804
-0.0246825661057448
-0.0208355510038313
-0.0195877962034221
-0.019653744093418
-0.0193502399531276
-0.0173311385072812
-0.0130784723201898
-0.00703723117025899
-0.000430531033593596
0.00517600562471248
0.00846557208212172
0.00893485193174781
0.00718405714016309
0.00475743550391703
0.00355998922526558
0.00507150723514077
0.00966903727946623
0.016355260550988
0.0230760039695853
0.0275586467353344
0.0282882863160651
0.0251072359692917
0.0191455925759704
0.0122100592915936
0.00603737124444915
0.00179068204559569
-5.4897124448889e-05
0.000459764889577012
0.00299740520355134
0.007000789524399
0.0116496973405931
0.0159191782452554
0.0189077818707953
0.0203103789821766
0.0206803583131107
0.0212307550336132
0.0232707830175618
0.0276201030123429
0.0342878607930551
0.0424717092981934
0.050773513799853
0.057531187544673
0.0612152979047493
0.0608198728971553
0.0561297704591092
0.0477764976517079
0.0370884244279275
0.0257884642707889
0.0155697006122568
0.00760015071558326
0.00213045627657658
-0.00152837680335245
-0.00450760168174638
-0.00754289218415535
-0.0102871788601962
-0.0112759838009066
-0.00866946004892602
-0.00137180942176083
0.0101410193723669
0.0237730925844976
0.0365566472587407
0.0457856964826314
0.0499761996023525
0.0492573909395069
0.0451320362152665
0.039839682693295
0.0356675757723905
0.0344436679673175
0.0371992382408879
0.0438145577353574
0.0525836175755753
0.0600074357884959
0.0613329237938361
0.0520171039087972
0.0295885121298863
-0.00507375972662529
-0.0477880581724046
-0.0924503861548013
-0.133060535805643
-0.165475206142984
-0.188221586611813
-0.202210778439601
-0.209680830406136
-0.212965760984067
-0.213625082231308
-0.212156472609615
-0.208194663791782
-0.200965797048258
-0.189792982068701
-0.174498921594688
-0.155585691352413
-0.134148364788041
-0.111599051615846
-0.0893484324550486
-0.0685547312854007
-0.04996554967985
-0.0338450684636916
-0.0200089426267423
-0.00799946175248974
0.00263547193552859
0.0120931605661756
0.0202447455081385
0.0267829363739057
0.0314880425121227
0.0344500118843396
0.036131741365502
0.0372579829915372
0.0386041253786589
0.040807410341054
0.0442967129828536
0.0493220610136237
0.0559417668328235
0.0638503836367028
0.0721562144651402
0.0794355402195493
0.08429063979248
0.0861970016582616
0.0860498615579871
0.0859444779628846
0.088279618451036
0.0947306949744064
0.1056081742711
0.119752250968338
0.134843279094554
0.147996975353208
0.156568084679214
0.159008137218031
0.155480193906707
0.147922182560446
0.139436964525644
0.133174781240236
0.131130356466979
0.133390758322087
0.138227301771955
0.142993817738799
0.145296004755394
0.143742794335995
0.137966880638753
0.128174454883947
0.114709907190432
0.0978633944514378
0.0778137832162671
0.0545918424970231
0.0281708781992175
-0.00115921041898016
-0.0322352229126966
-0.0626598086931156
-0.0890116354276126
-0.107706622384241
-0.1161969906831
-0.113934691734323
-0.10259354427345
-0.0854620325158934
-0.0664138965971931
-0.0490387845519825
-0.0362303311808345
-0.0300756379459246
-0.0317146114126928
-0.0410759192124773
-0.0567396075514948
-0.0762288651442089
-0.0967333347253199
-0.115904523393174
-0.132259715404372
-0.144963507756051
-0.153162904570075
-0.1553842020245
-0.149546620352444
-0.133806764650243
-0.107846031152173
-0.0737687622629748
-0.0359274854670838
0.000306821121508454
0.0301408596429061
0.0505345767133195
0.0605905579883065
0.0612576763215339
0.0546453455713664
0.0432305356703078
0.0291801932147481
0.0139490300516071
-0.00176746514104845
-0.0177260447978563
-0.0335722944388676
-0.0482721550209331
-0.0599172720457904
-0.0661718639377003
-0.0652275398142621
-0.0567315918898628
-0.0421191492147604
-0.0241554384028106
-0.00597907892114542
0.00981420852595917
0.0216269316094783
0.0287964340569429
0.0312923121560627
0.0295296558390766
0.0244308456649181
0.0175515372353799
0.010971003385016
0.00686200546033957
0.00699260235975714
0.0124932130205753
0.0239274480863346
0.04135982227046
0.0641228781130639
0.0903625664205999
0.116810839842246
0.139237920727159
0.153625733175166
0.157562719123834
0.1511120466189
0.136683256464765
0.11804907159905
0.0991156840046254
0.0830387380758788
0.0718696128900692
0.0665126219362698
0.0666955538631334
0.0708970037864147
0.0764538534648348
0.0800960943748917
0.0788657455460652
0.0710162631407202
0.0564035313436538
0.0361875179413297
0.0121229099898341
-0.0140609121637911
-0.0408801803287448
-0.0670064967445721
-0.0911789802708803
-0.112296942023638
-0.129585778170504
-0.142647070503549
-0.151402539983221
-0.156129584806771
-0.157680084765241
-0.157669575727936
-0.158291139588511
-0.161649530173062
-0.168925244961447
-0.179881928871698
-0.193036225609368
-0.20636826094527
-0.218099166804969
-0.227062568976932
-0.232550925869157
-0.23393901838936
-0.230510343879397
-0.22163745336942
-0.207093818919434
-0.187191939607847
-0.162684881452171
-0.13460081683615
-0.104147495470786
-0.0726610679192019
-0.041553177128927
-0.0123152513141821
0.013383962419347
0.0336660250498392
0.0467101860765765
0.051321792597852
0.0474943076152693
0.0366300325883615
0.0213350826518063
0.00491933195797468
-0.00925243781646593
-0.01844965602333
-0.0211439871818548
-0.0172509262088204
-0.00795686639056432
0.00474631373779946
0.0186045957842738
0.0315933535978331
0.0423290705741848
0.0503477991144912
0.0561122452472054
0.0606476709170187
0.0649261950450914
0.0693583340226594
0.0737561907904782
0.0778083766479601
0.0816829239555653
0.0862501070077849
0.0927360376850797
0.102078844870637
0.11444611962614
0.12918811539534
0.145180005101562
0.161297190128423
0.176740578902125
0.191044892810083
0.203812044423555
0.21441782403282
0.221978789912686
0.225654199082871
0.225057756578211
0.220456956524013
0.212640530356999
0.202623537706517
0.191450996294596
0.180187584764081
0.169930269978622
0.161609464320678
0.155549825720631
0.151070999690406
0.146507620823546
0.139773754149758
0.129195404414911
0.11414546828819
0.0951846412680653
0.0737507153591068
0.0516549570462815
0.0306253016068708
0.0119916991294019
-0.00350323186978387
-0.015809985567657
-0.0256065078641022
-0.0342279477279245
-0.0434321028007334
-0.0549791427070036
-0.0701139532991688
-0.0891423701087421
-0.11129272024113
-0.134937599098678
-0.158088053406198
-0.178949805455971
-0.196305104463103
-0.209569387523381
-0.218540754110085
-0.223036715616055
-0.222688670496221
-0.217069598159491
-0.206114726649219
-0.190600433013113
-0.172381461270481
-0.15417300091578
-0.138878347412812
-0.128724007789596
-0.124609516325571
-0.125977196701808
-0.131214848911208
-0.138335670208153
-0.145604154590081
-0.151891493095954
-0.156726696003795
-0.160142620774367
-0.162455252386559
-0.164078858685731
-0.165408219197192
-0.166730382570187
-0.168106590035865
-0.169223189388599
-0.169311801325015
-0.167269557743008
-0.161995743095217
-0.152784473277181
-0.13954528781359
-0.12273395337506
-0.103067814546926
-0.0812293561116695
-0.0577520228331783
-0.0331399630943011
-0.00808123128319769
0.0164741886482787
0.0394691166051572
0.0599687386893294
0.0772103622632009
0.0904433525884495
0.0988582165161375
0.101925455203492
0.100061596459068
0.0950922937988709
0.0899892626552187
0.0878803194405184
0.0909015221552457
0.0995567699928973
0.112816557491982
0.12865529166002
0.144568685083389
0.157893117704841
0.16609697121918
0.167245357499791
0.160572175050797
0.146868660582594
0.128429987942525
0.108488376189195
0.0902549839913578
0.0758974001417406
0.0659466024819887
0.0595205570238993
0.055268616890907
0.0524234132302952
0.0512878068826695
0.0529406560065331
0.0584636311977909
0.0681540601420078
0.0810394378242684
0.0948441572224797
0.106472079864802
0.112913718911535
0.112231990568337
0.104152418688676
0.0899777144114075
0.0719441284376823
0.0524189305410716
0.0333136832703925
0.0158444390274927
0.000546964293481261
-0.0125856180915905
-0.0238776492473096
-0.0336363097950235
-0.0417770618802382
-0.0476223092127344
-0.0500931970330512
-0.0483217151601254
-0.0424325762518365
-0.0340510653400731
-0.026128142536738
-0.0220089054614891
-0.0241604387480306
-0.0332354410104312
-0.0479076101560093
-0.0653874141627504
-0.0822158414957854
-0.095041418740472
-0.101318435074326
-0.0998809565779092
-0.0912033233920039
-0.07716306209933
-0.060379874006182
-0.0434696006267773
-0.0285448567137125
-0.0170360109663158
-0.00967995835790276
-0.00653159713461643
-0.00700195320952221
-0.00999921699909161
-0.0141914969075144
-0.0183414020846708
-0.0216446970655415
-0.0239787534274455
-0.0259196945726903
-0.0284254451607452
-0.0322652675054837
-0.0374861177482037
-0.0432417666117924
-0.0480998714691347
-0.0506353591649561
-0.0499613920880074
-0.0459486098622665
-0.0391156791059749
-0.0303379969625757
-0.0205378122314913
-0.0104531987755576
-0.000519515544099957
0.00914225834435267
0.0186570866560008
0.0282678928196974
0.038140469219298
0.0481028633809045
0.0574135366862189
0.0647530648752863
0.068589374966565
0.0678415001740515
0.0625241805747751
0.053998018295433
0.0446348919079233
0.0370247314821968
0.0331044878606343
0.033619078765678
0.0381042991262713
0.0452701196888872
0.053485816032419
0.0611359821707012
0.0668310245576562
0.0696028742006021
0.0691630051544028
0.0661165308882056
0.0619149162137831
0.0584222222948344
0.0572062678194756
0.0588692112429024
0.0627627467024165
0.0672627944349257
0.0704809224111499
0.0710306491673702
0.0684389293498252
0.0630457566410197
0.0555751856230767
0.0467149203614655
0.036924869845435
0.0264705015751861
0.0155472734496549
0.00437735016366106
-0.00676428303202106
-0.0175819209833027
-0.027817533204958
-0.0372994578687074
-0.045944653707172
-0.0536900387085515
-0.0603713045903617
-0.0656292479740149
-0.0689440532724766
-0.0698253051205542
-0.0680600790234815
-0.0638592654183606
-0.0578121055481707
-0.0507019472151698
-0.0433240528573331
-0.0364060688301266
-0.0306126293701302
-0.0265381811124059
-0.0246246477990948
-0.0250287598436688
-0.0275072778774908
-0.0313695824244235
-0.0355294579543826
-0.0386898346629659
-0.0396552099188984
-0.0376724993080157
-0.0326536042976723
-0.025212847058911
-0.0165751145270961
-0.00842292820611186
-0.00265636653395981
-0.00101014848152932
-0.00459445380957157
-0.0135549235517177
-0.0270028792641402
-0.0431982379820716
-0.0598822717842911
-0.0747155190780335
-0.0858125174647146
-0.0922574044989767
-0.0943584555841045
-0.0934582187737773
-0.0913536451647433
-0.0895931307333925
-0.0889520671398192
-0.0892711248638865
-0.0896746590262454
-0.0890383478107072
-0.0864865033323558
-0.0817084410743003
-0.0749882783585163
-0.0669818630861772
-0.0583758325286992
-0.0495942957039889
-0.0406794757789431
-0.0313799296785103
-0.0213715186959716
-0.0104696087232208
0.00129298834765379
0.013757064666583
0.0268202445149379
0.0405735426452844
0.0552822916634988
0.0712031286581582
0.0883324215451592
0.106231772057478
0.124052710632383
0.140784811430562
0.155608345210361
0.168132281650337
0.178344847357595
0.186301199730479
0.191777835378754
0.194160290582483
0.192661053867832
0.186721709387603
0.176319629584805
0.16197265463575
0.144468739606211
0.124562279942067
0.102881661655336
0.0800773002307106
0.05703151325847
0.0349529527644917
0.0153172355465835
-0.000318761093482023
-0.0106311106409032
-0.014933771511523
-0.0134957295080297
-0.0075514398315662
0.00102613775268339
0.010178849484064
0.0180042303374313
0.0229388444918229
0.0238986100394595
0.0204339732692063
0.0127940546259366
0.00176425213279156
-0.0116814895608404
-0.0266656552944828
-0.0423782847109757
-0.0577397045457261
-0.0710786330569202
-0.0802265345996609
-0.0831389592997372
-0.0787151846960644
-0.0672911473038962
-0.0505116833113633
-0.0307358029237134
-0.010400081644448
0.00834018443508822
0.0236997359075575
0.0343115775558192
0.0394095217032267
0.0391058034688483
0.0345744070499178
0.02795668039965
0.021913147393637
0.0188849972362928
0.0202704860971275
0.0258272199740225
0.0336070615045463
0.0405527458564875
0.0435716136714114
0.040629266197381
0.0313768704502215
0.017079086609033
-2.29148597529382e-05
-0.0175261272989956
-0.0334657877702691
-0.0465278648257637
-0.0559773783148066
-0.0615292225516661
-0.0632852617458446
-0.0616781779423645
-0.0573093537641773
-0.0506958604375037
-0.0421053243875428
-0.0316708665302649
-0.0197814987946999
-0.00746984342694682
0.00358427810626637
0.0116050259147025
0.015596323365377
0.0160243982098953
0.0148421676461589
0.014767816888726
0.0181871019867946
0.0262711437820074
0.0387271486334566
0.054159411691547
0.0706511556418895
0.0861648561847256
0.0986757305894922
0.106272057840384
0.107456361234359
0.101592959376361
0.0892105381756955
0.0719302092801273
0.0520441332806117
0.031947667341352
0.0136233195918445
-0.00171082116272406
-0.0137339257348578
-0.0229181937659467
-0.0302268895104789
-0.0367227516225077
-0.0432242291063176
-0.0501102472384268
-0.0572909095348502
-0.0642840732160719
-0.070323503007532
-0.0744823614526523
-0.0758532698026925
-0.0737970360243141
-0.0681736565518345
-0.0594172781150696
-0.0483856061502251
-0.0360509410853308
-0.0231995178034956
-0.0103143251141766
0.00226930741158768
0.0140130035403373
0.0238823559820028
0.0303928544033875
0.0320637299018106
0.0280353072021586
0.0184724202834059
0.00454192968392802
-0.0119599132875956
-0.0290994127380665
-0.0452241798848186
-0.0592157798983479
-0.0705364204513036
-0.0790710084430428
-0.0848577690626951
-0.0878898177342268
-0.0881378814362807
-0.085774966183961
-0.081410302906725
-0.0761131025542318
-0.0711498243428709
-0.0675532876359794
-0.06573959634732
-0.0653405471456445
-0.0652994824551715
-0.0641839442394035
-0.0606189141318952
-0.053708189277411
-0.0432936087688344
-0.0299500976959793
-0.0147361564501043
0.00116047284852199
0.0167166564526861
0.0312258222341596
0.0443337638131382
0.0560081230008526
0.0664245383806161
0.0757131741972926
0.0836093750603405
0.089225920636892
0.0911963642720347
0.0882167728573509
0.0797020410950013
0.0661606116524252
0.0490809676037092
0.0304410543267547
0.0121407107952542
-0.00438876878214819
-0.018321725225402
-0.0293795627079992
-0.0376564795868985
-0.043393875747616
-0.0467847429174659
-0.0478947086516501
-0.0467123961798561
-0.0432402598531521
-0.0375300607492621
-0.0296655926521581
-0.0197707936024612
-0.00808476944255031
0.00493630144229695
0.0185484298499417
0.0317031040068467
0.043106062575529
0.0514040491113721
0.055515596162587
0.0549914326320485
0.0501928989358779
0.0421451606090742
0.0321243451683478
0.0212077477110172
0.0100185576519706
-0.00126206138694401
-0.0127292951629891
-0.0246068941613258
-0.0371660125970804
-0.0505859444010693
-0.0646320024452626
-0.0782668789443517
-0.0895516647700236
-0.0961063233266308
-0.0959951436315742
-0.0885623596501115
-0.0747772053330347
-0.0569619271825939
-0.038068905742609
-0.0208005593632764
-0.00687755059830465
0.00330017351083723
0.0105049867089383
0.0161520992558112
0.0216347315405469
0.027781020430402
0.0346073068575679
0.0414241887690761
0.0472201533892465
0.0511330778290375
0.0527903488407059
0.0523910310495114
0.0505578832987578
0.0480906595343427
0.045748189929185
0.0441145017188108
0.0435386838424523
0.0441137818247976
0.0456655076513743
0.0477450689643396
0.0496576574179154
0.0505784728441493
0.0497670891524386
0.0468020217586847
0.0417090663279539
0.0349182827512235
0.0271106248881428
0.0190815772772131
0.0116856969676133
0.00580292610541193
0.00222554846336664
0.00145455803843242
0.00351670627197117
0.0079373422874514
0.0139101971591632
0.0205839742541988
0.0273271779640605
0.0338599819707215
0.0402249876559876
0.0466528023697597
0.0534051780854263
0.0606306208061875
0.0682085751281293
0.0755827303211496
0.0816877491151637
0.0851177631917015
0.0845566574375612
0.0792806209601273
0.0694699341257582
0.0562043685875618
0.0412010692298018
0.0264014096902712
0.0134550556354906
0.00316284566206689
-0.00491957917682251
-0.0124142704651893
-0.021419207436364
-0.0333641408625291
-0.0479820184801838
-0.063031031053006
-0.0750435772271045
-0.0807585682955528
-0.0784590695658489
-0.0685436422912156
-0.0532082988770659
-0.0356279090938511
-0.0191177770654835
-0.00649734684817467
0.000361584010202674
0.000821082710830182
-0.00449274185600986
-0.0139975653210345
-0.0257248308026732
-0.0379195879549965
-0.0494108621317141
-0.0596097379289465
-0.0681961967211552
-0.0747449317835888
-0.0785781971538044
-0.0789557201536541
-0.0754448247612352
-0.0681956059903833
-0.0579727354634666
-0.04600908709694
-0.0338213613257876
-0.0230314328642259
-0.0151366531326429
-0.0111993806109248
-0.0115253022715946
-0.0154502268947629
-0.0213406188361386
-0.0268826074362532
-0.0296637902290047
-0.0278938633348198
-0.0209533782699242
-0.00949628028272764
0.00489336218369762
0.02020062441858
0.0343240237395919
0.0452194890518708
0.0510580932553949
0.0505790707900473
0.0435408368919131
0.0309630932813815
0.014932839679233
-0.00197715910224286
-0.0174141655676882
-0.0297976265696456
-0.0385597447897725
-0.0440422679270236
-0.0471079388530902
-0.0486147345284332
-0.0489806085561885
-0.0480499222644694
-0.0453146095457451
-0.0403417821902897
-0.0331715692759396
-0.0245112600862029
-0.0156642623423931
-0.00821642779523397
-0.00357792841066761
-0.00255735177644498
-0.00515117803824853
-0.010611678365421
-0.0176950511071162
-0.0249385452906182
-0.0308992601997674
-0.0343807005453171
-0.0346579171445504
-0.0316257937648853
-0.0257696416231024
-0.0179458636402217
-0.00908027921134092
6.9048286675282e-05
0.00900314252003954
0.0174494718408321
0.0252869808227097
0.0324955420778678
0.0391349919124429
0.0453090988151991
0.0510785692406829
0.0563507836605736
0.0608313401552325
0.0641076138390492
0.065848318300501
0.0660156557299343
0.0649632526338973
0.0633434897943515
0.0618458448253892
0.0608916609844715
0.0604557840121659
0.0601180066204167
0.0593002844902147
0.0575396290125231
0.0546691684125709
0.0508822713831321
0.0467071346381545
0.0428751348254677
0.0400319529107163
0.0383384353068542
0.0371820252672505
0.0352552248865261
0.0310430334637455
0.0234617149347045
0.0122879177246724
-0.00180110175789506
-0.0174783376970497
-0.0330917284604322
-0.0469426485209583
-0.0575466456994266
-0.0639221330840549
-0.0658416722402453
-0.063899526429133
-0.0593118086705134
-0.0535246896617237
-0.0478253290782222
-0.0431341015125814
-0.0400179360033633
-0.0388136643748707
-0.0397131919187128
-0.0427595889700389
-0.047815093116111
-0.0545596516606351
-0.062486226041204
-0.0708298977374083
-0.07847796256896
-0.0840304446182408
-0.086128610088664
-0.083945941582305
-0.0775547228162904
-0.0679257761367596
-0.0565525189349632
-0.0449214305129245
-0.0341196554807651
-0.0247502136658747
-0.0171092886654651
-0.0114186669952333
-0.00791064503953544
-0.00671251335101334
-0.00763892615134387
-0.0100563248465463
-0.0129282500669005
-0.0150522555651361
-0.0154188871775329
-0.0135797618482174
-0.0098930212243084
-0.00551319031355721
-0.00204358657970041
-0.000917445759643362
-0.00276932704782578
-0.00713278020991836
-0.0126290667213261
-0.0175013956473414
-0.0201708787655661
-0.0195831192423208
-0.0153312398157123
-0.00764966344612681
0.00267350801495912
0.0144847662718005
0.0265533785356417
0.0378801290945513
0.0479036622871113
0.0565234704421346
0.0639592680162165
0.0705529026052048
0.0766254514753098
0.082419538602084
0.0880546891671743
0.0934105947781631
0.0979695425095732
0.100782908327138
0.100698602594392
0.096771574209295
0.088588364730569
0.0762935169533678
0.0603716315584377
0.0414420655401969
0.0202619799060347
-0.00211717183139076
-0.0242825062527349
-0.0446748995951862
-0.0620397221604453
-0.075841355387689
-0.0863418974087709
-0.0942458948655326
-0.100114236854274
-0.103932229735369
-0.105113248976323
-0.102886892814592
-0.0967449424759435
-0.0866500348899394
-0.0729877610669215
-0.0564541726283408
-0.0380199917040106
-0.0189222497239459
-0.000558491672759629
0.0157358537217686
0.0289274029038773
0.038454877538738
0.0443243313887163
0.0471375739555323
0.0480053903786497
0.0482906292018388
0.0492172793545723
0.0514856224621466
0.0550572815177656
0.0592090453085665
0.0628417600257526
0.0649145991498672
0.0648120391214305
0.0624955498076604
0.058430376447691
0.0534035086150014
0.0483519321192699
0.0442114516483153
0.041717517619058
0.0411588058409654
0.0422351454544988
0.044202487379196
0.0463038391453171
0.0482389607812532
0.0503641671320786
0.0535020030498256
0.0584941380996625
0.0657348122480108
0.0748625477915335
0.0847048939481743
0.0935263061584147
0.0995413444099462
0.101492940954034
0.0990019377445848
0.0925158544573075
0.0829477469315186
0.0712652505725582
0.0582363565796863
0.0443621411278156
0.0299118054535221
0.0149903925361948
-0.00036483769916681
-0.0160525811544095
-0.0317916007381534
-0.0471134591412476
-0.0614926316938497
-0.0745023864572644
-0.0858212513193275
-0.0950433448705395
-0.101469342293219
-0.104128477057332
-0.102100220150792
-0.0949529564084387
-0.0830531033023499
-0.067634831661805
-0.0506512780623351
-0.0344365718592345
-0.0212004321535411
-0.0124687632907498
-0.00869556688019615
-0.00924034030134556
-0.0127170342321032
-0.017530318961882
-0.022359849165257
-0.0264285440873493
-0.0295066385033983
-0.0317002182177905
-0.0331467977085334
-0.0337801080118494
-0.0332887749302284
-0.0312713686282163
-0.0274671337464814
-0.0219241323803451
-0.01505658260752
-0.00762788614414672
-0.000685714516994563
0.00458604444814455
0.00713808227023562
0.00640802674025136
0.00262177534061145
-0.00311517040238937
-0.00903687190681954
-0.0132168508689197
-0.0141649465175135
-0.0112578485989184
-0.00481392627187052
0.00418555960964795
0.0145456285419102
0.0252286112294249
0.0354726869780763
0.0446566592602864
0.0520879214704046
0.0569442603082195
0.0584638324823191
0.0562538241427014
0.0504792204564507
0.0417950417866725
0.0310931432841087
0.0192621971860258
0.00711240695582479
-0.00455126053560663
-0.0148666215510117
-0.0230129741418497
-0.0284613913115321
-0.0312012657184696
-0.0317542623250063
-0.0309409550858537
-0.0295509029212157
-0.0281294181467395
-0.0269896493853606
-0.0263778543060953
-0.0266132108976986
-0.0280754341925249
-0.031062152990349
-0.0356353478337871
-0.0415451179231016
-0.0482304394273737
-0.0548665288387363
-0.0604687574547768
-0.0640836030326993
-0.0650469686831894
-0.0632261807662246
-0.0591529202183688
-0.0539886782854339
-0.0493010449720152
-0.0466749948981447
-0.0472552614695913
-0.0513778337027503
-0.0584465287720355
-0.0671297636082306
-0.075809967076787
-0.0830669888366266
-0.0879375225094801
-0.0898574183786381
-0.0884527605361446
-0.0834383981092947
-0.0747098015736425
-0.0624838616360749
-0.0473154514461796
-0.0299843083080197
-0.0113821961093644
0.00751865356301028
0.0256797166698737
0.0421078696277515
0.0560789164071101
0.0673556806154107
0.0762549837904873
0.0834968489969773
0.0898738273706908
0.0958608541530933
0.101340794543305
0.10560910461883
0.10769162952318
0.106814902084821
0.102770056369532
0.096008842016259
0.087508247996675
0.078548696754089
0.0704980938300701
0.0645920986274177
0.0616909103040589
0.062074036151356
0.0653859431235681
0.0707888969727187
0.0772629464751245
0.0839148673847711
0.0901623033116691
0.0957289355075004
0.100486227202719
0.104263993761955
0.106768732678465
0.10766677778337
0.106762911687818
0.104138870548784
0.10016075680772
0.0953652902005044
0.0902978018082475
0.0853638813532849
0.080716581054201
0.0761922347642847
0.0713301765010147
0.0655081823526024
0.0581658465344572
0.0490221889904937
0.0381936122809559
0.0261824245942413
0.0137643977000719
0.00181503426784509
-0.00888986285430323
-0.0178469731385394
-0.0249059880305819
-0.0302264813081482
-0.0341488562591477
-0.0370598300769877
-0.0393126292679178
-0.0412015911531396
-0.0429424157104778
-0.0446157689433519
-0.0461001819065842
-0.0470945641900882
-0.0473121029574406
-0.0467822631571807
-0.0460472075118226
-0.0460605863633462
-0.047807934847783
-0.051880076404659
-0.058255178480426
-0.0663841077984601
-0.0754759729969652
-0.0847765953726246
-0.0936654010241921
-0.10154401403111
-0.107666539499278
-0.11112696385317
-0.111091450814213
-0.10714005263762
-0.0994719224952837
-0.0888296045558495
-0.0762028170172962
-0.06250414656156
-0.0483996370586021
-0.0343704801479817
-0.0209400499622178
-0.00888163834541856
0.000790732403065805
0.00710445301057089
0.00952914958508426
0.00823873539917525
0.00406834702667245
-0.00179965195021652
-0.00822773978026688
-0.0143712460237203
-0.0196642476563335
-0.0236080676987147
-0.0255753754761505
-0.0248324511102098
-0.0208015682396101
-0.0133822158497676
-0.00309569946401964
0.00905375069289986
0.0219051940528589
0.0344258339160025
0.0457637360426826
0.0550806634004633
0.0613907861185876
0.0636442894214894
0.0610714925432956
0.0535643254226746
0.0418558107956117
0.0274385230388544
0.0123100880816605
-0.00137815867229823
-0.0117580641621576
-0.01772467170082
-0.0193045720723139
-0.0177071143936855
-0.0149584544990101
-0.0132305809340144
-0.014148473412687
-0.0183630706659209
-0.0255178243600503
-0.0345376241518099
-0.0440609940742784
-0.0528495506838525
-0.0600829781749796
-0.0655096156075069
-0.0694353129559303
-0.0725180593009667
-0.0753677298508146
-0.0780740768015653
-0.0799136793799282
-0.0794597943590784
-0.0751177942532503
-0.0658916611915353
-0.0520787014844974
-0.0355735977318839
-0.0195407907043232
-0.0074685874121586
-0.00198918811219321
-0.00403867365793235
-0.012720360681314
-0.025790060402932
-0.0403918217599525
-0.0537230240810512
-0.0635295222961645
-0.0684601415271357
-0.0682789805342525
-0.063870355950536
-0.0569830612687616
-0.049733729286021
-0.043968968522311
-0.0406581126138638
-0.0395401051480368
-0.0392168172035909
-0.0377196908781283
-0.0333413005507955
-0.0253751024161738
-0.0144461343681117
-0.00230365499408536
0.00882973567341909
0.0170920715028279
0.0216765069371527
0.0231170212556266
0.0230526225412604
0.023574890194845
0.0264519288013923
0.0325687252896671
0.0417894002630166
0.0532189974260582
0.0656659229422703
0.0780643056161611
0.0896958135411614
0.100188172283567
0.109387329584671
0.117238890487573
0.123755751303166
0.129046066064045
0.133316446653319
0.136797353822524
0.139627208512534
0.141793013808005
0.143195747805307
0.143808742053292
0.14381458979642
0.143612141526671
0.143669106784501
0.144289649185445
0.145415869255775
0.146573376814553
0.147010930900635
0.14599351989239
0.143129529153275
0.138585627077755
0.133074970599201
0.12758315915475
0.122912769282521
0.119247160486173
0.115971757262911
0.111878360494597
0.105673494469535
0.0965672879992853
0.0847079891293695
0.0712804553718953
0.0581516551444842
0.0470947226879761
0.0388914203633488
0.0328122369610266
0.026842107640319
0.0185729541595732
0.0062654519602427
-0.0104833304087435
-0.0307371015447164
-0.0527483834164417
-0.0746207170117603
-0.094718734840147
-0.11170268170045
-0.12438919660448
-0.131763202498596
-0.133282913852859
-0.129306043099328
-0.121298067567802
-0.111587190995581
-0.102710601660993
-0.0966502150466974
-0.0943169882243
-0.0954853836555309
-0.0991295209374116
-0.103939090864197
-0.108776055878899
-0.112932486600097
-0.116174516082947
-0.118637925019962
-0.120655216175727
-0.122564307251744
-0.124523978663134
-0.126374887326207
-0.127614991654938
-0.127545521080185
-0.125566536379522
-0.121507586018191
-0.115834717215438
-0.109609898436608
-0.104185863900385
-0.100758356062715
-0.0999864524589955
-0.101849657499169
-0.105750899583537
-0.110726067367575
-0.115614829435353
-0.119175421714757
-0.120234598852005
-0.117923639626027
-0.111912208387086
-0.102484823622016
-0.090393608448775
-0.0765725527987061
-0.0618688000357883
-0.0468977125954511
-0.0320312917397501
-0.017460400984589
-0.00325723949784823
0.0105956469822507
0.02416832082246
0.0374492833187916
0.0500901320603316
0.0611722489821383
0.0692392162160659
0.0727062471358938
0.0704680237271209
0.0623576204840593
0.0492208109838053
0.0326262718285398
0.0144049714435519
-0.00376125963816915
-0.0205343728249836
-0.0348428638836139
-0.0456584357315329
-0.0518857295356345
-0.0525381548295758
-0.0471050964215989
-0.0358419209753735
-0.0198120347847229
-0.000726882827044143
0.0192987358241409
0.0380540988477707
0.0536364095600337
0.0648886249714093
0.0716911454324048
0.0749533777364492
0.0762988206604742
0.0775563585190394
0.0801900476087259
0.0847892426912167
0.090773993316194
0.0964917931612432
0.0997668764063982
0.0987158635934788
0.0924549617282113
0.081375286828002
0.0669152194934253
0.0510054193736038
0.0354526545344786
0.0214775116965806
0.00952557309073481
-0.000611383442829177
-0.00941396815394255
-0.017155852854799
-0.0235757752081216
-0.0279037237885288
-0.0292366669942591
-0.0270291989414492
-0.0214019258404845
-0.0131178522146648
-0.00329404498504417
0.00696444135341298
0.0168448450497088
0.0259507702002571
0.034270542928726
0.0420131053459864
0.0493526657449442
0.0561751361277505
0.0619662312974187
0.0659398745530454
0.0673687321298752
0.0659523610452998
0.0620441698620026
0.0566432428291512
0.0511604596540488
0.0470421862295102
0.045367890529897
0.0465229318253779
0.0500074677614769
0.0544321473956471
0.0577678852746905
0.0578705492687162
0.0531523517534357
0.0431326017795724
0.0286157920138497
0.0114202740602692
-0.0062039861010157
-0.0221965116243266
-0.035089413019817
-0.0440979189559645
-0.0490082694824
-0.0500557983888354
-0.0478848869251994
-0.0435194837872213
-0.0382224535592821
-0.0332205807748622
-0.0294016796101855
-0.0271284736478089
-0.0262517487916564
-0.0263142521767561
-0.026866048005068
-0.0277619872826741
-0.0292949035732723
-0.0320787342353411
-0.0367364925240844
-0.0435773067406395
-0.0524517452729176
-0.0628379440934888
-0.0740354375310704
-0.0852733630525434
-0.0956478764804114
-0.104009914176797
-0.109030007165588
-0.109539865611722
-0.104991591422864
-0.0957341292876105
-0.0829170479559668
-0.0680862431801995
-0.0527208351897198
-0.0379526450001219
-0.0245414450920612
-0.0129840288108581
-0.00355762115134169
0.00380198517024846
0.00969429833392737
0.0153137457740661
0.0222351185971806
0.0319521540006325
0.0453129320067519
0.0620287209772703
0.0804591182687399
0.0978779846368186
0.111263439950751
0.118331836774843
0.118312583243411
0.112081757022819
0.101655644162195
0.0893761559233996
0.0771868106743077
0.066242107592256
0.0568827736396042
0.048865899013107
0.0416882187852698
0.0348597723886259
0.0280485760203298
0.0211028174599088
0.0140293240815812
0.00701474300179668
0.000497655798929325
-0.00480253503806372
-0.00800822306029045
-0.00835786719108895
-0.0055108480169616
0.000246956593722504
0.00794676658804877
0.0160362569275355
0.0226598243416491
0.0261127646217704
0.0253308198662431
0.0201826720845055
0.0114276349732869
0.000420722105238855
-0.0112344317074176
-0.0219776985712981
-0.0305737230550676
-0.0364121677183567
-0.0396884263959593
-0.041254183127678
-0.042115073749816
-0.0428477626925912
-0.0433085600966582
-0.0427999490135793
-0.0405378553750402
-0.03609449542363
-0.0295791321934646
-0.0215417900831798
-0.0127525139821224
-0.00401986146251685
0.00389719152085561
0.0103417669230519
0.0148507547591813
0.0172849226011205
0.0179177248821855
0.0173984548226646
0.0165710996204375
0.0162055581354288
0.0167371865036416
0.0181115944145129
0.0198037416072927
0.0210192609137815
0.020999600600226
0.0192928749793892
0.0158780638154085
0.0111305070375688
0.00570287354584345
0.000394054093919304
-0.00398489844356134
-0.00677156866797618
-0.0076238008674308
-0.00662889620600516
-0.00427878383853508
-0.00130769492108813
0.00153760244412686
0.00370577782494886
0.00497403366713323
0.00549127308995487
0.00571490588421091
0.00621722561467811
0.00739276549052366
0.00920495838767961
0.0111503299248994
0.0125049757874055
0.0127230468161366
0.0117452092701995
0.0100347744365196
0.00833335356061616
0.0072885268478574
0.00715864750922615
0.00773201789360032
0.00846937336441862
0.00877612612560953
0.00828329916086981
0.00704350596126837
0.00558220796772417
0.00477346019464054
0.00555586370017784
0.0085664507074981
0.013814154228581
0.0205223555792259
0.0272406726250672
0.0322409694884206
0.034070422654449
0.0320186056080807
0.0262834082253651
0.0178004401894788
0.00789127855473078
-0.00206687101960113
-0.0108548457093967
-0.0175427001459875
-0.0215985676281594
-0.0229670786306571
-0.0220547360821164
-0.0195874126444561
-0.0163795992375595
-0.0131053295097224
-0.0101631642127195
-0.00769663026653836
-0.00576835558934903
-0.00459083374985859
-0.00464443960451798
-0.00655366811573337
-0.010756918163202
-0.0171736955246932
-0.0250989419716049
-0.0334097137188372
-0.0409698441580714
-0.0470113848133128
-0.0513159562045772
-0.0541562703652972
-0.0560825225910008
-0.0576827092716454
-0.0594100952848363
-0.0614991552962572
-0.0639379700268511
-0.0664649749635969
-0.0685988617619102
-0.069738139824435
-0.0693404730199083
-0.0671322048444596
-0.0632614311307227
-0.0583203806503725
-0.0532104713844072
-0.0488856399408402
-0.0460675953584831
-0.0450488628657017
-0.0456614346494362
-0.0474094181890811
-0.0496920476582532
-0.0520093330335899
-0.0540491805291236
-0.0556073779132042
-0.0563934715636969
-0.055875956039951
-0.0533206514404039
-0.0480386499067501
-0.0396879824787832
-0.0284255290420975
-0.0148323445698618
0.000275544506009662
0.0159585002493838
0.0311044350891091
0.04434551036301
0.0541616564682273
0.0592503123680532
0.0589880401601638
0.0537070335335183
0.0446550807087449
0.0337220901111988
0.0230789546067545
0.0147875101633007
0.0103824393461106
0.0104925040739191
0.0146606141722151
0.0214976998470702
0.0291535067669883
0.0359227849176072
0.0407406917921415
0.0433830688758905
0.0443283904617695
0.0443895710934286
0.0443210009805733
0.0445964851334484
0.0454293550694181
0.0469426476697694
0.0493152566066034
0.0527820813314175
0.0574880007782577
0.0632893349680697
0.0696267511591514
0.0755704129288448
0.0800621283037076
0.0822647126906259
0.0818471237783983
0.0790612164355444
0.0745895921892691
0.069267019912543
0.0638173115868877
0.0587010011310211
0.0540908698679523
0.0499340949270299
0.0460418116469654
0.0421626649875203
0.0380281080190734
0.0333872177351239
0.0280679165562637
0.0220956415726516
0.0158471573719863
0.0101243675808724
0.00598376430004168
0.00426002002069763
0.00496838948993708
0.00696920736765051
0.00820673162223123
0.0064848509660586
0.000372665964021034
-0.010255904534676
-0.0242855854948092
-0.0398733131690088
-0.0550416892004427
-0.0680755227810333
-0.0777115493624125
-0.0832763081081113
-0.0848509968330291
-0.0833537798467187
-0.0803665932731003
-0.0776785746910637
-0.0767307979367009
-0.0782283172534115
-0.0820760634522268
-0.0876037809302078
-0.0939201924154095
-0.100235158820589
-0.106059245303358
-0.111250207929941
-0.115898605189141
-0.120075976389853
-0.123550255076251
-0.125650337420287
-0.125419486280545
-0.122012596426097
-0.115105277197168
-0.105060031191049
-0.0927540600013291
-0.079181921197041
-0.0650614525008724
-0.0506422255610033
-0.0357846031971364
-0.0202303859211501
-0.00389970602673353
0.0129424493707366
0.0297146991860118
0.0456860834660752
0.0601593512209933
0.0725949882064805
0.0827038760106402
0.0905655084712213
0.0967300641911961
0.102152282818819
0.107848405966648
0.114379352502338
0.121462914524871
0.127995717564485
0.132502298775776
0.133739051914324
0.131112796576909
0.124756886918508
0.115341963405268
0.103790501375909
0.0910126456195911
0.077708696518409
0.0642635518472958
0.0507601323853454
0.0371139026191456
0.0232834801106125
0.0094801836141335
-0.00370068674884252
-0.0152838819311506
-0.0240787480702949
-0.0289800697956551
-0.0293260070983625
-0.0252104776138468
-0.017661587298001
-0.0086073438109402
-0.000552295859366926
0.0040381585988458
0.00347739235191342
-0.00258692899465855
-0.0130600318750457
-0.0257709471680396
-0.0381535820140351
-0.0479731117643154
-0.0538570920477442
-0.055488361957222
-0.0534638873406193
-0.0489602621713353
-0.0433795276046155
-0.0380631719732657
-0.0340639544765
-0.0319605931671614
-0.0317680183014965
-0.0330228716996811
-0.0350462962097689
-0.037264002947316
-0.0394171388763338
-0.0415745330738693
-0.0439803745692518
-0.0468346630127017
-0.0500941570204905
-0.0533630255840565
-0.0559356676085929
-0.057008617536079
-0.0559784354605492
-0.0526678654414052
-0.047357499945819
-0.0406253260013421
-0.0331133176753433
-0.0253706180124046
-0.0178545085286718
-0.0110454135077635
-0.00553468052779785
-0.00196054576833594
-0.000800696447300486
-0.00216269304516865
-0.00571692687004229
-0.0107910690726768
-0.0165231638059029
-0.0219728413027495
-0.0261947245452243
-0.0283512159204946
-0.027893021464905
-0.0247209315704322
-0.0191966892543102
-0.011956990408233
-0.00363139684675557
0.00535676342577256
0.0147870500775004
0.0244697297258726
0.034064044860555
0.0430450999559115
0.0508558605379578
0.0571427720496844
0.0619229260227746
0.0655832721234333
0.0687080026306705
0.0718094082053857
0.0750799263802601
0.0782825834867251
0.0808426938851954
0.0821082146432466
0.081662227355537
0.0795464899873223
0.0762899892387063
0.0727094946271025
0.0695511545763903
0.0671432411996847
0.0652527561193691
0.0632316983882501
0.060365486612778
0.0562281699043245
0.0508735663014938
0.044800982056549
0.0387409759556847
0.0333634092520987
0.0290192002744946
0.025606771370331
0.022610046161801
0.019286941752804
0.0149224928964936
0.00905294847555116
0.0016267390390782
-0.00688480081923795
-0.0154560514950963
-0.0226536452906344
-0.0270121703473504
-0.0275140546612921
-0.0239223242316634
-0.016792520223621
-0.0072039281075855
0.00360118517563328
0.0144997100599045
0.024627771243608
0.0333908968541918
0.0403800244607577
0.0452548034751911
0.0476871669932877
0.0474288517712148
0.0444588788350693
0.0390781569498323
0.0318542002624631
0.0234558411810127
0.014516858770224
0.0056242552084726
-0.002612592660018
-0.00954044514644481
-0.0145568476120156
-0.0172592637818329
-0.0175355248268542
-0.0155524429419823
-0.01169020726112
-0.00648015490103293
-0.000551667756175076
0.00543186732242006
0.0108407672034295
0.0151212430451043
0.0178116460425196
0.0185726183742705
0.0172569931779235
0.0139821408277236
0.00912832616457749
0.00322166549764001
-0.00325680608348005
-0.0100312014107879
-0.0170591933995873
-0.0244001974499536
-0.0319964294844444
-0.0395092265206468
-0.0463335212588861
-0.0518009731311293
-0.0554511478070879
-0.0572036015693113
-0.0573380160710754
-0.0563169979543571
-0.0545652748684375
-0.0523107228571026
-0.0495358155339783
-0.046033469225908
-0.0415240581312809
-0.0357754390213221
-0.0286932462965865
-0.020401002542761
-0.0113375847204918
-0.00232533275668388
0.00550738121317122
0.0110087673552171
0.0133936277390116
0.0125469338182156
0.00910254923342943
0.00427973242865187
-0.000469901491357036
-0.00392525129379714
-0.00553447285367851
-0.00563501729917236
-0.00529700323340436
-0.00580198042253304
-0.00797713183608831
-0.0117133281524431
-0.0159271127048649
-0.0190016903918708
-0.0194794716228946
-0.0166440242586267
-0.0107082069203651
-0.00254665553274991
0.00687474736179068
0.0171013599133533
0.028528864968452
0.0422479410211158
0.0593593512444515
0.0800419437335088
0.102906415764164
0.125091763726065
0.143135738116762
0.154181965742133
0.156921428441376
0.151874238723174
0.140995484775913
0.126885972318389
0.111980741625342
0.0979991615327916
0.0857699114314825
0.0753817465521916
0.0665014100681252
0.0586680457143672
0.0514375983683572
0.0443841897037386
0.0370741363307619
0.0291219485687809
0.0203278992600532
0.0107928197087496
0.000906962127307395
-0.00878786009901493
-0.0177605573195483
-0.0255724783664355
-0.0318697053801963
-0.0363639112578294
-0.0388636635118763
-0.039334337672959
-0.0379307734095959
-0.0350016124792552
-0.0311127870649299
-0.0270876059673308
-0.0239681234380375
-0.0228092464148249
-0.0243547546266224
-0.0287758651129318
-0.0356374081729487
-0.0441106780005585
-0.0533090007679589
-0.0625789097710364
-0.0716273802294822
-0.0804456158160516
-0.0890713816346735
-0.0973113740548644
-0.104591970097784
-0.110059458008892
-0.112902001707832
-0.112715958929902
-0.109712049549153
-0.1046651382661
-0.0986528193647098
-0.092705017142367
-0.0874891523678774
-0.0831252358995979
-0.079185713642359
-0.0748800321900616
-0.06935945997859
-0.0620347805547128
-0.0527993048110499
-0.0420824978815091
-0.0307127058177728
-0.0196430759494333
-0.00967159390344074
-0.00129609694268147
0.00525672105233555
0.00993331315074615
0.0128335855142768
0.0143029160058709
0.0150160912238963
0.0159024242569961
0.0178773041084792
0.0214897864787463
0.0266574234963909
0.0326264451696257
0.0382071764464384
0.0422213723003877
0.0439913767144937
0.0436528541908403
0.0421295491700277
0.0407651822113384
0.0407866402782795
0.0428567949620925
0.0468998327151518
0.0522088653715417
0.0577153268784791
0.0622908701794224
0.0650137139202223
0.0653676865651969
0.063334567074335
0.0593441899591817
0.0540961924299561
0.0483280615606593
0.0426229532518201
0.0373157799443357
0.0324994549873396
0.0280942496134313
0.0239390642663554
0.0198825996203655
0.0158667025935697
0.0119834851670287
0.00846462209669006
0.00556807294785099
0.00339496204289188
0.00176237596436179
0.000275397312529849
-0.00138635298213991
-0.003148643970796
-0.00444264609927539
-0.0044281364364149
-0.00240094956722125
0.00186095443849136
0.0079627822602562
0.0149642793474465
0.0215889868517655
0.0265235006799502
0.0287573797692982
0.027861917605286
0.0240818376326758
0.0181829014539876
0.0111232613660995
0.00370441441045594
-0.00364844075396258
-0.0109116369098163
-0.0183254209585719
-0.0261697425863515
-0.0345210710082886
-0.0430529860145671
-0.0509699533029227
-0.0571612797019448
-0.0605624356649215
-0.0605623916000017
-0.0572381680656563
-0.0512994019806477
-0.0438008265359856
-0.0357901304510287
-0.0280487458551431
-0.0210033161056705
-0.0148048840645604
-0.00951395056606457
-0.00528713096255967
-0.00245273010263226
-0.00142002937031887
-0.00247195472624406
-0.00556427036438165
-0.010241608135743
-0.0157109395416068
-0.0210486767543637
-0.0254768328041963
-0.0286105508033772
-0.0305610999511873
-0.0318132344279063
-0.0329020821975554
-0.0340467820500326
-0.0349573086347031
-0.0349432585608535
-0.0332605416776686
-0.0294847164058108
-0.0237176585083089
-0.0165774437875604
-0.00904076011440109
-0.00221874540119248
0.00289208855464544
0.00564276913547509
0.00587729622706805
0.00393539870527712
0.000535595320902669
-0.00338041888831138
-0.00679058659581259
-0.00874053274301784
-0.0085223735851671
-0.0058427575506558
-0.00089531920787371
0.00569641319715998
0.0130146336452154
0.0199964353061641
0.0255891856396592
0.028936585709337
0.0295793629181696
0.027604773605123
0.0236822646890632
0.0189540459618185
0.0147701934991278
0.0122971008355505
0.0121163208269171
0.0140039039629144
0.0170342470298187
0.0199847836259416
0.0218495944684033
0.0222210898328507
0.0213839421767427
0.020113191805993
0.0192973888359912
0.0195665148781905
0.0210775368964258
0.0235199141711543
0.0263025393315265
0.02882376888813
0.0307168799899664
0.0319751425595348
0.0328818323050453
0.0337381262785531
0.0345135177825352
0.0346503171516362
0.0332020496818148
0.0292707072240822
0.022496928542188
0.0133182720798867
0.00285488659504362
-0.00750619564506255
-0.0166012834031012
-0.0238030716891073
-0.0290237585358989
-0.0324717574007854
-0.0343672970953652
-0.0348047354032492
-0.0337985037952098
-0.031406146646452
-0.0278005066161892
-0.0232457509808477
-0.0180187066244484
-0.0123472384817954
-0.00642138354385996
-0.00048981219350734
0.00501346697203844
0.0094251572772613
0.0119808401252035
0.0120826609838002
0.00955135758023428
0.00470602539596772
-0.00175809017538219
-0.00898637192104914
-0.0161406358083574
-0.0224841746919805
-0.0274225590722166
-0.0305564387938769
-0.0317385865022061
-0.0310863945187493
-0.028935327023431
-0.0257726751600131
-0.0221861368250704
-0.0188084157722189
-0.016216814658186
-0.0147922407422944
-0.0146034383251305
-0.0153903824852483
-0.016667070833211
-0.0178968118947072
-0.0186626153363123
-0.0187739776243884
-0.018293572620428
-0.0174974737798041
-0.0167881552791995
-0.0165765934627835
-0.017155158671898
-0.0185936447097023
-0.0206940897770476
-0.023028940661286
-0.0250600852931488
-0.0263005539766288
-0.0264600641553199
-0.0255312787321847
-0.023809627623574
-0.0218544986231805
-0.0203860653465931
-0.0201124941720755
-0.0215250850434291
-0.0247471665919899
-0.0295167456914679
-0.0353144591765572
-0.0415649033248513
-0.0477953410991286
-0.0536616174928796
-0.0588443569224051
-0.0629242844044984
-0.065368165396107
-0.0656532343160623
-0.0634205035102849
-0.0585267228422624
-0.0509867494670479
-0.0409187521901245
-0.0285847947682911
-0.0144918476850807
0.000565386057942004
0.0155949918148081
0.0296003451273201
0.0417845145736113
0.0516951980022028
0.0592810983313322
0.0648521151850917
0.0689495710908192
0.0721655096869239
0.0749883785138213
0.077750863879389
0.0806888851974447
0.084024284561257
0.0879451473587124
0.0924433859488027
0.0971337083723915
0.101265592296644
0.104025802770537
0.104974958682886
0.10429578055183
0.102635421273155
0.100636811330954
0.0985009937417831
0.0958827217654294
0.0921489481005622
0.0867850108633887
0.0797020618320155
0.0713303653644741
0.0625119600819719
0.0542607261332686
0.0474804218803116
0.0427466090313585
0.040223806668807
0.0396953066400459
0.040618580828863
0.0421653938657923
0.043306258342269
0.0430149849905759
0.0405618814860772
0.0357500011828703
0.0289544433362787
0.0209443058917771
0.0125900636533635
0.00459592803804265
-0.00265451194371893
-0.00912977329393252
-0.0150953456109246
-0.0210070627851868
-0.0273725310112706
-0.0346041390226479
-0.0429034361935338
-0.0522122358946861
-0.0622351880841154
-0.0725139089142827
-0.0825317180717778
-0.0918237667890355
-0.100041251813483
-0.106915993556712
-0.112145990413955
-0.115323738963868
-0.116027792190571
-0.114055695185951
-0.109625659640543
-0.103373828766365
-0.0961266060952373
-0.0885902406100119
-0.0811416924537118
-0.0738147874747796
-0.0664411535314941
-0.0588268833577861
-0.0508678276616931
-0.0425947755019964
-0.0342083030961636
-0.0261428289325216
-0.0191103601244097
-0.0140186484361499
-0.0117124442889723
-0.0126116086661598
-0.0164116040711636
-0.0220120643496711
-0.0277559251146874
-0.0319227943225695
-0.0332776845316163
-0.0314245095263955
-0.0268187132807411
-0.020494723285374
-0.0137030413376329
-0.00762187519613434
-0.00316472206773084
-0.000811119829790982
-0.000440111813540026
-0.00126806007292266
-0.00201921417047692
-0.00132827005312726
0.00179203555827327
0.00762747356398604
0.0156896872796228
0.0248737831355037
0.0337699841284616
0.0410467161180281
0.045806976655892
0.0478065117259566
0.0474606140105835
0.0456525440973289
0.0434325621443414
0.0417212396735684
0.0411087704652169
0.0417947044557207
0.0436582991784049
0.0464071168187173
0.0497306908237563
0.0533816599226389
0.057124041317072
0.0605569677422566
0.0629367734905589
0.0631838728057103
0.0601682084795232
0.0531602708841347
0.0421950743433419
0.0281449356168346
0.012469820861491
-0.0032314289617297
-0.0176766252187738
-0.030174541454564
-0.0406019436609107
-0.0491127253561356
-0.0557714221388132
-0.0603591774703639
-0.0624769491857027
-0.0618543678042829
-0.0586384547782312
-0.0534745663204637
-0.0473397455449583
-0.0412256961896549
-0.0358271089450979
-0.0313697400766597
-0.0276368736998977
-0.0241568398490071
-0.0204429306996386
-0.0161705221166333
-0.0112383080099707
-0.00574504079032641
4.75970701473463e-05
0.0057317966468236
0.0107845678676947
0.0146681613255093
0.016998876668186
0.0177063642353971
0.0170866711405176
0.0157069177409623
0.0141977754579745
0.0130200477926183
0.0123004313160623
0.0118090665998436
0.0111041292464199
0.00979977299989073
0.00784246321542257
0.00565007365883109
0.00402032514021496
0.00383985992767754
0.00573765549040758
0.00983699309662742
0.0156776522992033
0.0223032856160172
0.0284962900655115
0.0331388941485901
0.0356138169043056
0.0360712403397195
0.0353970478879385
0.0348576477461347
0.0355707023397765
0.0380354035297644
0.0419185358742625
0.0461782953692371
0.0494701199698001
0.0506676313214236
0.0492940954790069
0.0457004912437836
0.0409093303086419
0.0361564501263991
0.0323111568531156
0.0294657071250732
0.0269273125713571
0.0236119018450602
0.0186103336872278
0.0116482407231902
0.0032685198828084
-0.00530332704677102
-0.012554357926345
-0.0171955130464605
-0.0185800339406125
-0.0168505619258982
-0.012780674443281
-0.00744132465815137
-0.00188603586565748
0.0030247012612367
0.00667221379185354
0.00869172372451161
0.00901013182612131
0.00788682257434058
0.00588026079548159
0.00368624258426715
0.00187537166559328
0.000640547005467725
-0.000309593120065894
-0.00163788901239574
-0.0040920485446177
-0.00818153254857773
-0.0139569600886021
-0.0209618609315452
-0.0283539048787278
-0.035149171597935
-0.0405128895713956
-0.0439970166624654
-0.0456343512110182
-0.0458537702006064
-0.0452552538790165
-0.0443396715963143
-0.043307772740591
-0.0420162232980665
-0.0401048784547628
-0.0372192757793446
-0.0332037115800797
-0.028168738081451
-0.0224211714234406
-0.0163294853802518
-0.0102323155916931
-0.00445583526978325
0.000595347919442042
0.00439135203309872
0.00636930374955141
0.00614046631908462
0.00368513982217053
-0.000583748292958738
-0.00591634220557985
-0.0114305928580782
-0.0163551992650157
-0.0202465050929666
-0.0231150805012253
-0.0254025440674658
-0.0277870834973996
-0.0308665817290947
-0.0348393124578122
-0.0393331313799338
-0.0434900754424473
-0.046289851271998
-0.0469549215649516
-0.0452292059019528
-0.0414143823692589
-0.0362097917543114
-0.0304968565847888
-0.0251712548207429
-0.0210244016234783
-0.0186300491202653
-0.0182366601035386
-0.0197211150137042
-0.0226407262384639
-0.026349318678779
-0.0301098089022444
-0.0331778132057902
-0.034887326861323
-0.0347666408282269
-0.0326585767335104
-0.0287809816637326
-0.0236746832795516
-0.0180287673759923
-0.0124387914475651
-0.00723059672493325
-0.0024685628442041
0.00191083513854343
0.00603017220337796
0.0100995114237476
0.0143761742342404
0.0190092162011364
0.0239333339850951
0.0289064843426304
0.0335893408599004
0.0375589160949001
0.0402933724029933
0.0412437898422719
0.0400443226551022
0.0367813947573399
0.0321547870429573
0.0273855158228551
0.0238582771051153
0.0226535232399494
0.0242041496227952
0.0282374749694325
0.0339932978766032
0.0405711269629507
0.0472334128466285
0.0535594457065472
0.0594386926875414
0.0649591294941328
0.0702696068229251
0.0754824677169598
0.0806464492203195
0.0857785594856574
0.0909183654663478
0.0961642846482927
0.101652413851778
0.107442010078915
0.113315424879619
0.118597249907986
0.122157084306324
0.122667698529299
0.118994697657804
0.110504486464197
0.0971974296911521
0.079740295144913
0.0594700215202715
0.0382948951978457
0.0183600504156903
0.00149858418288092
-0.0112850169741472
-0.0199987250227179
-0.0254065946713545
-0.0285066267469518
-0.0300623101387492
-0.0304207354800098
-0.0296297835831173
-0.0276935333174477
-0.0247806102677091
-0.0212893063915091
-0.01777896447861
-0.0148354905163397
-0.0129410934590198
-0.0123849628985011
-0.0132129234704539
-0.0151996659211205
-0.0178476494343105
-0.0204485273560034
-0.0222411884652138
-0.0226443406979402
-0.021467736752382
-0.0189844303667003
-0.0158127513551977
-0.0126719425323203
-0.0101523151225961
-0.00861608361699705
-0.00823776582169338
-0.00909447961976591
-0.0112089220152961
-0.0145249715389674
-0.0188719997061202
-0.0239751811899499
-0.0295058234303189
-0.0351144019332838
-0.0404100237154519
-0.044923516307142
-0.0481335567700272
-0.0495902504397447
-0.0490804766499631
-0.0467388486211108
-0.0430508659512624
-0.0387607757218711
-0.0347205260032069
-0.0317061670090121
-0.0302316297758792
-0.0304149801416359
-0.0319611734815106
-0.0342921936035739
-0.0367941475844937
-0.0390889431362876
-0.0411995560445422
-0.0434998739179813
-0.0464615904550882
-0.0503832769288551
-0.0553151385376415
-0.0611497301827123
-0.0676240364393189
-0.0741734923341214
-0.0799263602757379
-0.0840256626196827
-0.0860626556974708
-0.0862943781408749
-0.0855268597257253
-0.0847404266397579
-0.0846305925818521
-0.0852860798824315
-0.0861754373184561
-0.0864412484338824
-0.085319709797799
-0.0824566355249536
-0.0779955502739005
-0.0724576951402553
-0.0665100511488532
-0.0607185035090524
-0.0553639230210787
-0.0503826942860516
-0.0454533925418814
-0.0401794562825304
-0.0342663755322727
-0.0276190259978487
-0.0203697890917659
-0.0128974812835743
-0.00584978716616188
-9.348041084237e-05
0.00349393943872695
0.00436981878904995
0.00265314967636726
-0.00075853062482478
-0.00437115293207949
-0.00649976044963772
-0.00571190200896394
-0.00112739173712815
0.00751336631572009
0.0199776727913251
0.0357294555794232
0.054025750532588
0.0738803924389613
0.0940169556243795
0.11296813564255
0.129336732658649
0.142081022014716
0.15068767584136
0.155204590125664
0.15617810175212
0.15453179659775
0.151400702472347
0.147933866780823
0.145080900972772
0.14337700115077
0.142764678074366
0.142538496766038
0.141504122214689
0.138347176619326
0.132065458129039
0.122262803654784
0.109193213744162
0.0935957978033884
0.0764481330879347
0.0587458472222666
0.0413456488336986
0.0248652916160455
0.00964247808162824
-0.00422710581716717
-0.0167788497508236
-0.0280588818289469
-0.0380659650684767
-0.0467501896723589
-0.0539876318635191
-0.0594920677392575
-0.0627569519992691
-0.0631732022384281
-0.0603391545926888
-0.0543860713681928
-0.046097206799163
-0.0367535997607617
-0.0278297566092508
-0.020704862210747
-0.0164558345662088
-0.0157077566056205
-0.0185224880149403
-0.0243526184237355
-0.0320995864010007
-0.0402945598029554
-0.0473949662369076
-0.052145591281387
-0.0538894080435223
-0.0526897108869111
-0.0491993088601336
-0.0443522534918312
-0.0390533824493189
-0.034019200160752
-0.0297959985689549
-0.026851399985649
-0.0256060739064363
-0.0263480819910857
-0.0290681669388709
-0.033304061033613
-0.0380931091284957
-0.0421176717824426
-0.0440553819512199
-0.0430158547452502
-0.0388505045109259
-0.0321651052131149
-0.0240312469813591
-0.0155582266942548
-0.00753540643573521
-0.000273365888369586
0.00635303261474641
0.0127206048728673
0.0191776267474966
0.0257059330027338
0.0316447376768038
0.0356849297109576
0.0362671054111707
0.0322518257629362
0.0234954089554828
0.010997020870143
-0.00343102187412937
-0.0177298974156887
-0.0300956164352075
-0.0392680770553337
-0.0446379221911508
-0.0462443451635333
-0.0446783361132536
-0.0408801096200998
-0.0358786104707576
-0.0305835313586598
-0.0257102447157707
-0.0218086151831791
-0.0192865006695036
-0.0183498450380199
-0.0188910367348604
-0.0204377033113408
-0.0222536390675219
-0.0235857382464052
-0.0239541431986657
-0.0233475555875955
-0.0222250089066489
-0.0213182149729419
-0.0213300659259744
-0.0226765327832754
-0.025384077731445
-0.0291545390799189
-0.0335154032377886
-0.0379510119875463
-0.0419669882228362
-0.045119022527072
-0.0470665963861852
-0.047671165591567
-0.0470901975452844
-0.0457837337227742
-0.044378887132401
-0.0434195216675014
-0.0431169326322664
-0.0432443819451985
-0.0432451285057494
-0.0424959305601403
-0.0405869690581557
-0.0374963987101606
-0.0336073685823205
-0.0295686505908153
-0.0260330505489494
-0.0233572090288837
-0.021400069513897
-0.0195442859016699
-0.0169516284847262
-0.0129222233556942
-0.0071722715738476
8.83531872664206e-05
0.00827703759363078
0.0166708629268413
0.0246434260784176
0.0318234385164228
0.0381353161565096
0.0437302820548898
0.0488588672020804
0.0537520593809986
0.0585525469543498
0.0632843675903305
0.0678199757990834
0.0718379034915672
0.0748285823444463
0.0762135170982135
0.0755588782370566
0.0727663058912672
0.0681219192307971
0.0621941694003048
0.0556879778626444
0.0493685915058068
0.0440567614601433
0.0405891984136469
0.039661655455934
0.041608919469728
0.0462711108940288
0.0530336644396759
0.0609754190586315
0.0689912591495159
0.0758517882059852
0.0803055547470418
0.0813372900827924
0.0785352693864692
0.0723518168031661
0.0640420691493466
0.055252885605195
0.0474550432891759
0.0414982987812342
0.0374736186381839
0.034881504802691
0.0329631839430401
0.0310215839034486
0.0286191335198485
0.0256243611194638
0.0221414552409173
0.0183872952555475
0.0145875288382331
0.0109459493429571
0.00769263438362289
0.00515357289885148
0.00375529410853617
0.00391351429986279
0.00583100180117336
0.00929560561134163
0.0135942343027817
0.0176294602038357
0.0202338857335572
0.0205555566514222
0.0183244437270369
0.0138735303941114
0.0079397394452562
0.001391143694244
-0.00497058734053661
-0.0104844052227769
-0.0146415306554481
-0.0171237124962759
-0.0178956875908895
-0.0172931710022474
-0.0160122784448841
-0.0149506864411229
-0.0149442374706403
-0.0165158570498833
-0.0197481885526566
-0.0243129955541286
-0.0296081115291185
-0.0349288103568593
-0.0396285799166828
-0.0432512669098024
-0.0456147220161433
-0.0468194117804818
-0.0471749358359433
-0.0470756274205273
-0.0468787769116595
-0.0468257444612654
-0.0470121399795246
-0.0473901757891964
-0.0477906574579958
-0.0479686829965332
-0.0476774334624437
-0.0467521965551672
-0.0451671348100137
-0.0430358508789532
-0.0405590068911725
-0.0379508935739217
-0.0353810769944386
-0.0329477701964273
-0.030673465573658
-0.0285019718250173
-0.026290008306304
-0.0238123888418196
-0.0208068485661827
-0.0170576143472793
-0.0124789932038365
-0.00715052068981593
-0.00128484171108021
0.00484899783616435
0.0110060340750375
0.0170233400577062
0.0228544575988179
0.0285837406699951
0.0343981361150209
0.0404721090530541
0.046760065081365
0.0527939598682378
0.0576564881985125
0.060230322359761
0.0596349210394576
0.0556208660796264
0.0487221200145867
0.0401182979402085
0.0312952838663798
0.0236441312746846
0.0181186668266037
0.01501592021272
0.0139038983918508
0.0137559983354785
0.0133725220069611
0.0119527481722337
0.00937720710526342
0.00596123216011441
0.00205364089477511
-0.00205377084878405
-0.00597691939659073
-0.00919038398780123
-0.0111674497276123
-0.0115634788715435
-0.0103195718142814
-0.00767157605960502
-0.00410747452859683
-0.000308364018600983
0.00293883038346464
0.00489936072030216
0.00512159439154443
0.00364691533769311
0.00104724362157899
-0.00179442771376235
-0.00407976202756041
-0.00545367841785396
-0.00612676047009348
-0.00670773362105025
-0.00784776340982024
-0.00986928347947777
-0.0125390273693348
-0.0150842578610558
-0.0164537759297592
-0.0157134883729744
-0.012409057936392
-0.00676906673298724
0.000292150981345636
0.00736281815866933
0.0128832822855228
0.0155748696900565
0.0147975361423415
0.0106959569278079
0.00411123506429951
-0.00364665554061011
-0.0110644013580144
-0.0167014591409594
-0.0194780497392682
-0.0189187506206142
-0.0152446667373249
-0.00925244778422896
-0.0020269120790195
0.00539295651352727
0.0122763882219731
0.0183088148857579
0.0234998151578945
0.027911466146667
0.0313404096758181
0.0331672437909775
0.0325172165922075
0.0286674118963898
0.0214583705742445
0.0114718532462355
-0.000106563919393015
-0.0118530118042309
-0.0225299966206431
-0.0314078792327454
-0.0383761748339709
-0.0438116654380621
-0.0482542239162258
-0.0520282959894678
-0.0549996232644881
-0.0566097977501524
-0.0561753039154991
-0.0532706241847822
-0.0479699801730622
-0.0408335722763847
-0.0326938373208785
-0.0243949862704539
-0.0166144373824451
-0.00979921353465271
-0.0041738758658109
0.000233104861404069
0.00356262700436042
0.00608581683709613
0.008136518074855
0.0100119283079632
0.0118588943118343
0.0135914022865192
0.0148974523058202
0.0153574468649481
0.014623803569735
0.0125714945314987
0.00936624916595754
0.00546414120804944
0.00157041475266706
-0.00145734623943279
-0.00279270612031921
-0.00187850218056018
0.00139370189695824
0.00667054623597552
0.0132842337061567
0.020430627129647
0.0272514140062123
0.0328659996496595
0.0365532409211657
0.0381053131790466
0.0379931526294271
0.0370625953931587
0.0360605947844513
0.0354504847715369
0.0354835703633424
0.0362189935169749
0.0374444110488071
0.0386790345701302
0.0393428298842713
0.0389924882633801
0.0374781934303183
0.0349527436023123
0.0317609796335454
0.0282854161138403
0.0248184821849942
0.021499069134324
0.018318622568499
0.0151846734328681
0.0120232541047324
0.00888860527422606
0.00602486470611907
0.0038192428764493
0.00263420303005795
0.00259264465954659
0.00344515305416571
0.00461477753175697
0.00541242317938817
0.0053216683212463
0.00422191459925692
0.00245222084665094
0.000688647674963118
-0.000308833541271526
3.45058729498249e-05
0.00192554664582774
0.00513473787740701
0.00900928147380905
0.0125532453977781
0.0146078301534441
0.014144758420966
0.0105892128194758
0.00402166889891967
-0.00484676234295925
-0.0149125236840874
-0.0250239734138191
-0.0342973362277294
-0.0422898536312008
-0.0489661869191905
-0.0544812709218071
-0.0589070257730466
-0.0620770676039021
-0.0636489104002359
-0.0633270606481939
-0.0610810589087145
-0.0572174477716829
-0.0522842229397286
-0.0468894199512191
-0.0415338035038875
-0.036510128217424
-0.0318703228301502
-0.0274465328610713
-0.0229204510175817
-0.0179324010690413
-0.0121999902700072
-0.00560808577559188
0.0017419151408469
0.00950846645604972
0.0171142939324564
0.0238230018020723
0.0289238308905514
0.0319783425779879
0.0330014073857612
0.0324575428979374
0.0310547998727968
0.029435777603305
0.0279226855955009
0.0264408877713487
0.0246418468277926
0.022132747116589
0.0186743587539019
0.0142662946346171
0.00914617264591774
0.00377979085001297
-0.00113799871000094
-0.00474379946444358
-0.00619972492647271
-0.00497749722539039
-0.00107762469966489
0.00495292886848204
0.0122066623058766
0.0196852934621819
0.0265232208993334
0.0321127459607377
0.036147939836036
0.0386070303477154
0.0396687232860594
0.0395724076296201
0.0384830613986862
0.0364396757627962
0.0334120144557723
0.0294109462452017
0.0245669676628062
0.0191280427200856
0.0133889018479083
0.00760467010869922
0.00194822948928262
-0.00345569538164881
-0.00844062297416959
-0.0127265621139683
-0.0159428269471747
-0.0177544318670695
-0.018015993355827
-0.0168535629430516
-0.0146327318952531
-0.0118507131697989
-0.00902026145211271
-0.00658453259970321
-0.00486159409057503
-0.00400768101505671
-0.0040045128253517
-0.00468480667285338
-0.00579564514113423
-0.00707737887071533
-0.00832869159881018
-0.00943960634236326
-0.0103895066138183
-0.0112152439360739
-0.0119583883019306
-0.0126095600102116
-0.0130779856202871
-0.0132092710916765
-0.0128472495066258
-0.0119062324231648
-0.0104151658397565
-0.00851731453598046
-0.00643399393839035
-0.00440906676301615
-0.00264838129447379
-0.00127111084015728
-0.000297113399703829
0.000313706138674948
0.000588612485092635
0.000493547709038932
-3.29742585513737e-05
-0.000963241195663781
-0.00205814020581629
-0.00284344138072406
-0.00273472302902748
-0.00127209736031049
0.00163053238091567
0.00552497068539976
0.00944306670463893
0.0121265899243695
0.0124198699239673
0.00966735233518412
0.00393022754117311
-0.0040741792176755
-0.0132587785599338
-0.0225185969604914
-0.0309765705982045
-0.0380381792822775
-0.0433024822344604
-0.0464679267034311
-0.0473531953014093
-0.046042006633457
-0.0430402133831927
-0.0392833162621984
-0.0358877798744261
-0.0336911948818232
-0.0328037700850426
-0.0324622235353589
-0.0313351916954822
-0.0281422425538539
-0.0222340003404326
-0.0138148980218625
-0.00374436572009221
0.00687195764400316
0.0169969496980899
0.0257322777750808
0.0322574660605362
0.0358753120397481
0.0362519573474116
0.0336695093474187
0.0290193597087337
0.0234634699464522
0.0179697483222413
0.0130152112964766
0.00860268858204541
0.00451924888645732
0.000640316611095035
-0.00290311638995485
-0.00576645582712027
-0.00758151998121197
-0.00815667464436144
-0.00757046340055531
-0.00612955555165793
-0.00424136357806463
-0.00227686583577346
-0.000479620565220905
0.0010537112593092
0.00232189297789287
0.00332408252778279
0.00397535084001501
0.00409019955807886
0.0034521576247626
0.00192527837754432
-0.000471276361854354
-0.00357906963214152
-0.00719365068955434
-0.0111681472543057
-0.0154609194950573
-0.0201113504381448
-0.0251770580214875
-0.0306673850874579
-0.0364740969784241
-0.0422919591592667
-0.0475676995973652
-0.0515567818235659
-0.0535234845192644
-0.0530083205634194
-0.0500211721893736
-0.0450690083737713
-0.0390322409354918
-0.0329552447833944
-0.0277953068473123
-0.0241561309511671
-0.0220701540939919
-0.020942111055071
-0.0197377281164654
-0.0173810743298175
-0.0131947306605627
-0.00717701201331635
1.1423732358458e-05
0.00733304663589953
0.0137823308636023
0.0187254544197891
0.0220386654748812
0.0240318080794464
0.025243949550698
0.0262293666625062
0.0274158294219175
0.0290516058703559
0.0312073467826432
0.0337907905756735
0.0365625555134162
0.0391782534049752
0.0412878209019261
0.0426850879460306
0.0434462118143923
0.0439715485755002
0.0448799266232926
0.0467800013045388
0.0500107715131426
0.0544637945801529
0.059571116090269
0.0644826962122597
0.068380251093512
0.0708022213776834
0.0718248237798214
0.0719909913105411
0.0719995325501739
0.0723059038277503
0.0728545772157202
0.0730963583099528
0.0722708324038983
0.0697774898407025
0.0654343402330459
0.0595286132168792
0.0526938906068141
0.0457065968913428
0.0392799788229163
0.0339022296760486
0.029750953752205
0.0267043954663388
0.0244395930043724
0.022568324451621
0.0207448483877861
0.0187046566770933
0.0162460498616669
0.013204326918421
0.00945872189042873
0.00496723045596987
-0.000206511633994796
-0.00589524155282604
-0.0118433756745517
-0.0177127744306451
-0.0230899640141799
-0.027534394080359
-0.0306842933607394
-0.0323787923450344
-0.032724787086139
-0.0320669165967786
-0.0308771658704622
-0.0296159518097561
-0.0286147143961248
-0.0280132028146959
-0.0277714134993825
-0.0277588613037516
-0.0278887082661496
-0.0282258354141523
-0.0289985198660009
-0.0305031719002347
-0.0329660981796737
-0.0364406691408199
-0.0407579859628368
-0.0454928841118717
-0.0499364438808129
-0.0531482729685033
-0.0541710761190102
-0.0523704156463674
-0.0477226294056539
-0.0408697525575433
-0.0329084811856838
-0.0250410953705612
-0.0182580364839873
-0.0131499865387934
-0.00986043867872195
-0.00815297259835952
-0.00756402954918119
-0.00759967270298448
-0.00791027935784245
-0.00837474158733531
-0.00906782887472623
-0.0101465028364488
-0.0117239187985339
-0.0137834713686678
-0.0161488507266216
-0.0185089216074836
-0.020499583182419
-0.0218369414757316
-0.0224611467636703
-0.0226160886706526
-0.0228003895956438
-0.0235875424119719
-0.0253867996422775
-0.0282521766286024
-0.0318276581850567
-0.0354570722730275
-0.0384147154598521
-0.0401617583394667
-0.0405313792897358
-0.0397872328972404
-0.0385501920515355
-0.037622159602638
-0.03775416218876
-0.0394126085444124
-0.0425929217773938
-0.0467282590804806
-0.050750633749279
-0.0533450307097302
-0.0533502113336515
-0.0501427487233684
-0.0438097542022128
-0.0350344399272843
-0.0248076349556065
-0.0141776166780563
-0.00416941067678119
0.00418416470535622
0.00987254163482965
0.0120988413550663
0.0105516501116356
0.00557220953770848
-0.00190653791852873
-0.0106289982286952
-0.0193724503426585
-0.0272436288116489
-0.033797161353134
-0.0389272231100815
-0.0426042510393348
-0.0446397097340738
-0.0446564299388032
-0.042292230740932
-0.0374854197769921
-0.0306331321071122
-0.0225158951949512
-0.0140505146162676
-0.00603833455851613
0.000951442643813798
0.00654964098230605
0.0105067929116578
0.0126722094051067
0.0130488929967327
0.011852133918837
0.00949421796897118
0.00648124069897254
0.00327253349335279
0.000176627140353143
-0.00265979074785488
-0.00516214382412518
-0.00719562795397964
-0.00849045657703558
-0.00869409955997382
-0.0075250769480367
-0.00492368927162842
-0.00110134310201156
0.00353342858003811
0.00852051647857579
0.0134903519443249
0.0182452482938802
0.0227529888077885
0.0270602595285736
0.0311732661967104
0.034978333144924
0.0382552937772495
0.0407737534956848
0.0424077470901073
0.0432050682808974
0.043390735056149
0.0433146546536379
0.0433476798210359
0.0437266090176501
0.0443900439481872
0.0449041351936888
0.0445665606553098
0.042669478857867
0.0387841941896196
0.0329194915155231
0.0255122683710237
0.0173190121472907
0.00928442284119219
0.00239328636091301
-0.00252474130931125
-0.00501762923500494
-0.00516823059852521
-0.00358821161662267
-0.0012259759941985
0.0009358476710266
0.00216376194425867
0.00213096358945719
0.000924475663913833
-0.00104420848437431
-0.00315572562845613
-0.00470226156673161
-0.00502563462717915
-0.00367546677979279
-0.000541857109135784
0.00410297524403895
0.00968784846646729
0.0155252219184535
0.0210158175829141
0.0257776964035378
0.0296358356846116
0.032495670824115
0.0342106989417204
0.034558800135086
0.0333465383933279
0.0305500215647184
0.026380317231886
0.0212436377838343
0.0156594103205488
0.0102052530263774
0.00547766833423788
0.00199355607714719
3.78713057678833e-06
-0.000686719161519039
-0.000736249814343424
-0.00105301753540137
-0.0024509638598991
-0.00536598021908834
-0.00976646834813734
-0.015254352031666
-0.0212549058726452
-0.0271921419507247
-0.0326055950773401
-0.0372152906686036
-0.0409488779922889
-0.043923830911644
-0.046366734203261
-0.0484761020810202
-0.0502844016050654
-0.0516034516182722
-0.0521019909949778
-0.0514780210941505
-0.0496221779761674
-0.0466790403321856
-0.0429852841590262
-0.0389339336691715
-0.0348392135383348
-0.030858466187002
-0.0269900595106919
-0.0231307871985186
-0.0191569644119074
-0.0149946145847357
-0.0106580503326818
-0.00625154800339716
-0.00194312326299804
0.00206759952847119
0.00556642611992639
0.00833307781403743
0.0101811131197524
0.0110598572397632
0.0111806498639194
0.0110616631101566
0.0114022292757531
0.0128112964333241
0.0155371268230202
0.0193690731640134
0.023780830154768
0.0282318552112058
0.0324484348308216
0.0365297320316519
0.0408418410754043
0.0457871006160439
0.0515879932855237
0.0581907235746349
0.0653132979747262
0.0725820632910726
0.0796507834955483
0.0862095137181754
0.091881748620356
0.0961233600234021
0.0982650528035425
0.0977302431790039
0.0943032485713203
0.088267668540896
0.0803284300102411
0.0713779112112007
0.0622433607527758
0.0535231178431383
0.0455378475306218
0.0383625030370711
0.0318938285257314
0.0259283121918203
0.0202442686875345
0.0146829910979522
0.00921372233575578
0.00396199838950401
-0.000809905065314408
-0.00476484709711671
-0.0075787171420269
-0.00903854506146958
-0.00913903354622147
-0.00816033396705678
-0.00669139264700683
-0.00555261413320626
-0.00560238430796969
-0.00748209450804791
-0.011407770686461
-0.0171015517950697
-0.0238867778525642
-0.0309022993454396
-0.0373579270152776
-0.0427496292225439
-0.0469704635812815
-0.0502887606752544
-0.0532092208696518
-0.0562667724806214
-0.0598173666667311
-0.0638902532146462
-0.0681568757029725
-0.0720411739517488
-0.0749382212209045
-0.0764486734580488
-0.07651904242164
-0.0754187546660216
-0.0735615975600996
-0.0712567013285172
-0.0685196829184288
-0.0650538512936525
-0.0604157288044037
-0.0542630600913752
-0.0465367208096956
-0.0374881048698195
-0.0275752960688492
-0.0173241541051293
-0.00724217332447661
0.00219008426868712
0.010489628765864
0.0171704583699801
0.0218148366615848
0.0241984305486846
0.0243952828548804
0.0227876999591271
0.0199690108643521
0.0166006017184531
0.0133007576006192
0.0105895020916585
0.00884964905997057
0.00825911271750989
0.0087088082035003
0.00977825765954027
0.0108307375591587
0.0112167765159029
0.0105062228398532
0.00865598258446759
0.00605233916201877
0.00340844890066681
0.0015392023046451
0.00108146231345883
0.00226174931000602
0.00480719354937024
0.00804124638353837
0.0111258891038509
0.0133463021445816
0.0143190777405475
0.0140510727441144
0.0128522269092183
0.0111635188470957
0.00937597935820728
0.00770048385675892
0.00612432655598822
0.00446758094721852
0.00252374874002579
0.000232344951826592
-0.00219974749484214
-0.00430760710022063
-0.00553203293175101
-0.00547505828980684
-0.00412108778257775
-0.00190246843405375
0.00043443667285073
0.00209838683355903
0.00252226985244059
0.00151550345529038
-0.000722742486647693
-0.00366865740961712
-0.00655896034909808
-0.00850426826807311
-0.00867127679630039
-0.00651967569625629
-0.00199584749718202
0.00443125191666074
0.0119307844641932
0.019596383559391
0.0267177295099408
0.0329056013338397
0.0380232667410655
0.0419968265807424
0.0446556029742698
0.0457233259657255
0.0449570951161464
0.0423198656422802
0.0380687451044294
0.0327286043115857
0.0269967640209054
0.0216261413450593
0.0172976744749545
0.0144876381962275
0.0133682148301181
0.0137947225183203
0.0153944997209538
0.0177106062676907
0.0203241962554704
0.022905151663814
0.0251969353579209
0.0269844174792839
0.0280937134810372
0.0284373281006474
0.0280775812893952
0.0272623202337722
0.0263955048948781
0.025936978497674
0.0262673730551442
0.0275772792880898
0.0298205630523584
0.0327261169455105
0.0358390631480665
0.0385833843579889
0.0403649075411321
0.0407168566955983
0.0394390231446805
0.0366565060669421
0.0327606169187926
0.0282625248333348
0.0236330979208295
0.0191957137349499
0.0150996557182681
0.0113599832077769
0.00792543365332765
0.00473550664517651
0.00174644539028927
-0.00107066369749939
-0.00374273029299773
-0.00630252762993298
-0.00878583998957855
-0.0112233489195947
-0.0136393436995285
-0.0160668587464064
-0.0185757010818663
-0.0212935888107536
-0.0243947179882289
-0.0280403903154975
-0.032278275459908
-0.0369356768564441
-0.0415691706385268
-0.0455312893790341
-0.0481599553667111
-0.0490138926366723
-0.0480373935431131
-0.0455785247503381
-0.0422669925718963
-0.0388159906790335
-0.035824374751243
-0.0336416206368301
-0.0323345644922013
-0.0317591957939448
-0.0316956045831401
-0.0319738922729816
-0.0325299865414277
-0.0333803208301793
-0.0345566680738928
-0.0360563208441618
-0.0378293637794565
-0.0397769948260822
-0.0417227676772338
-0.0433618307507308
-0.0442493166927423
-0.0438871346693806
-0.0418924342515758
-0.0381514440140922
-0.0328609851607331
-0.0264376179275158
-0.0193587412058206
-0.0120291486971752
-0.00473610654466955
0.00230462933663024
0.00886770473554098
0.0146807134793623
0.01947403261109
0.0230873661737077
0.0255495731420435
0.0270647262055295
0.0279088149159194
0.0283058801112562
0.0283586150063771
0.0280606346341537
0.0273647498637876
0.0262648859833003
0.0248615832584758
0.0233872341740193
0.0221613656502779
0.0214638621510956
0.021373383805338
0.0216723023442088
0.0218993767110908
0.021535552917182
0.020216784028977
0.0178579092111201
0.0146407622555884
0.0109019076371441
0.00699406179683069
0.00318311374273912
-0.000394157303276645
-0.00372033786961327
-0.00685963090867476
-0.00991053505960796
-0.0129522945920379
-0.0159851450714012
-0.0188828374282347
-0.0213949595312858
-0.0232218742976624
-0.0241357933777196
-0.0240815541490874
-0.0232003338792972
-0.0217695704915977
-0.0200994495276378
-0.018440846961229
-0.016943611715226
-0.0156731978651809
-0.0146620306541125
-0.0139543670148922
-0.0136127732734641
-0.0136864613420192
-0.0141717153545472
-0.0149989759160031
-0.0160593465390474
-0.0172545182562007
-0.0185391743555166
-0.0199328567249082
-0.0215000942085061
-0.0233109465318044
-0.0253867289017528
-0.0276273096964216
-0.029737668268963
-0.0312110542578742
-0.0314262647151516
-0.0298477707509522
-0.0262352078590933
-0.020755980504372
-0.0139589408923097
-0.00663778240282067
0.000362517224893608
0.00634663425475948
0.0109255711199424
0.014077319224984
0.0160893028518032
0.0174137095602537
0.018504760900607
0.0197021270936479
0.0211871119103515
0.022999539282404
0.0250861529570404
0.0273544118378166
0.029712812744693
0.0320823728363534
0.0343735977954579
0.0364478025055816
0.0381039758852912
0.0391217623130224
0.039345813589156
0.0387575021593949
0.0374872991008573
0.0357685360602044
0.0338745344593462
0.032079165522991
0.030643516481327
0.0298001458899558
0.0297133830840521
0.0304294595513735
0.0318551424961009
0.0337908561264085
0.0360020008488162
0.0382744733938545
0.0404039923564297
0.0421242794152696
0.0430473797546705
0.0427015666643083
0.0406808482643357
0.0368232314091153
0.0313021038683088
0.024572617675859
0.017208212255385
0.00972268228399475
0.00247205645637074
-0.00432414630267552
-0.0104829204042323
-0.0157764692185127
-0.0199515995934809
-0.0228475039615099
-0.0245256430467055
-0.0253131228753849
-0.0257226136549952
-0.0262868983083394
-0.0273797019793836
-0.0290853887122762
-0.0311599764452649
-0.033106280384571
-0.0343499151589937
-0.0344506338829373
-0.0332549815894145
-0.0309258033348775
-0.0278524679825998
-0.0244999600301811
-0.0212655305880858
-0.0183902173161284
-0.0159439248223212
-0.0138768930901739
-0.0121058325921571
-0.0105850452808399
-0.00931772177057727
-0.00830063751573367
-0.0074502957062523
-0.00658687677283819
-0.00551719921110263
-0.00417473692547176
-0.00271413993884173
-0.00147866147245801
-0.00084257007770187
-0.00100467242487779
-0.00183096790867669
-0.00282676161080288
-0.00327746674385358
-0.00252686504874681
-0.000276425712907026
0.00325035431632945
0.00737862295280308
0.0112628723481987
0.0142440054287912
0.0161199659323679
0.0172164244224605
0.0182357835197548
0.0199609127136097
0.0229558209707862
0.0273982127483908
0.0330912298320565
0.039588206778118
0.0463121236709481
0.0526048304611996
0.0577477637035696
0.0610448352285728
0.0619941431482478
0.0604656322291439
0.0567640347864529
0.0515266624010724
0.0455105463121445
0.0393730469133475
0.0335256402218294
0.0280877252310833
0.0229318280238926
0.0177998907875366
0.0124612848309476
0.00686301763274943
0.00120595470263432
-0.00410139020196621
-0.00859911094388931
-0.0119634401669924
-0.0141292993883764
-0.0152963237613202
-0.0158316011509211
-0.0161195366717949
-0.0164137353541113
-0.0167411092536516
-0.0168997930728582
-0.0165609800697433
-0.0154300223515676
-0.0133827383063543
-0.0105078871386685
-0.00705014459276358
-0.00331270634943659
0.000403476270207593
0.00379091463109071
0.00649715925652588
0.00813342662546846
0.00836738011904752
0.00705383554190254
0.00430986522217998
0.000474118777616679
-0.00402910047994651
-0.00884172114698214
-0.0137610067489673
-0.018731277907243
-0.0237549409864742
-0.0287759643606995
-0.0336031894238539
-0.0379238617838516
-0.041407172016398
-0.0438403920119647
-0.0452200457485598
-0.0457518843056371
-0.0457655827131758
-0.0455859023709446
-0.0454143679210853
-0.0452728200677039
-0.0450375697058496
-0.0445450279722618
-0.0437037107367362
-0.0425466300110711
-0.0412064545156597
-0.0398471053201411
-0.0385963656980729
-0.0375005948322277
-0.0365040346477551
-0.0354634344950499
-0.0342215475638986
-0.0327396445418021
-0.0312273946478708
-0.0301688336292906
-0.0301887827397666
-0.0318115009163798
-0.0352320256053905
-0.0401929400234074
-0.0459892933675177
-0.0515923155917596
-0.0558824818631119
-0.0579515389840256
-0.0573682470622556
-0.0542802373701846
-0.0492965226765423
-0.0432161019089913
-0.0367440025227569
-0.0303192710473503
-0.0240981169952669
-0.0180515850266266
-0.0120950539190726
-0.00617713983174731
-0.000304345920298337
0.00546726076193031
0.0110246039972732
0.0161677432051218
0.0206140269780647
0.0240977494545157
0.0265433974039539
0.0281918722707594
0.0295545351866653
0.0311831129187327
0.0333824968476761
0.0360424906254018
0.0386873649959533
0.0407034065665309
0.041610064304984
0.041248510410271
0.0398395938095945
0.0379300434523537
0.0362590204121619
0.035563919935727
0.0363498610366097
0.0386801038440153
0.0420759091189467
0.0456045074285562
0.0481607354173814
0.0488392534576804
0.0472279811221174
0.0434910435599998
0.0382278786268183
0.0322072529301722
0.0261150127583199
0.0204226273906579
0.0154146129859612
0.0113264686731245
0.00845014741249451
0.00703796609479147
0.0070169794579024
0.00781886857201991
0.00859823606720391
0.00866912132953403
0.00775938414003721
0.00598446548934565
0.0037383334272141
0.00160729313569572
0.000241593442867804
0.0001587474600864
0.00157200159208082
0.00434345337691506
0.00806236741713789
0.0121700222529251
0.0160648649963064
0.0191853575865164
0.0210983648171325
0.0215918998791515
0.0207325435875972
0.0188512488353177
0.0164583229159015
0.0141177671779377
0.0123152464915562
0.0113461246654938
0.0112442525077409
0.011769263608031
0.0124651906848071
0.0127915033579914
0.0123055979791874
0.0108455565785606
0.00863789542387864
0.0062627545542449
0.00446624540531433
0.00389426307900338
0.00487200337283114
0.00732342777815182
0.0108395525379252
0.0148344787455807
0.0187161503515701
0.0220261187753199
0.0245265520453454
0.0262174057407045
0.0272705552786189
0.0278941648381771
0.0281854248233869
0.0280547383715281
0.0272715422959814
0.0256030371709339
0.0229551064951455
0.0194314444099135
0.0152901159031183
0.0108395818020858
0.00633661861816744
0.00192870107538325
-0.00234823133762183
-0.00652697050330088
-0.0106418980906757
-0.0146672342041564
-0.0184959781314896
-0.0219813727410354
-0.0250252661793692
-0.0276575758191108
-0.0300390110623202
-0.0323515821186651
-0.0346124115186378
-0.0365215579179223
-0.0374700340853899
-0.0367457814182737
-0.0338332731299353
-0.0286344878290075
-0.0215161382031143
-0.0132288845631662
-0.00479876142839411
0.00258319372039118
0.0077340635041848
0.00974724865616721
0.00826574872161063
0.00359867380208604
-0.00340978410465316
-0.0116911217131842
-0.0202610418059246
-0.0283612597134478
-0.0354057176236757
-0.0408533907861565
-0.0441731574990006
-0.044963670789223
-0.0431384672551268
-0.0390229687567283
-0.0332786941915343
-0.0266931991707552
-0.0199531794687218
-0.0135161688954062
-0.00763068494801141
-0.00246113242461366
0.00179760160062812
0.00492476187694047
0.00681272664433898
0.00764019606933439
0.00793102994572122
0.00840619506432237
0.00967354430581264
0.0119383165440765
0.0149258980996615
0.0180514951553849
0.0207130698892304
0.0225646382817115
0.0236734028225443
0.0244905741436593
0.0256223529730699
0.027497821449045
0.0301091321579399
0.0329711025129115
0.0353242612314281
0.0364653567649941
0.036023703934396
0.0340519370122558
0.0309218541941485
0.0271193996701679
0.0230571812074053
0.0189772263376458
0.0149535938986052
0.0109661820044478
0.00700499839895314
0.00315836402297665
-0.00036214492213892
-0.00328235964532783
-0.00538199597080972
-0.00659487527967066
-0.0070284604728717
-0.00689350588464225
-0.00639405794405939
-0.00564707956804811
-0.00466969068486479
-0.00342160142852359
-0.00186525360578188
-2.06102865950466e-05
0.00198609554295603
0.00388728637288586
0.00528642740698158
0.00574780433692452
0.00494107162676328
0.00276563075128063
-0.000611313989165966
-0.00480515246439694
-0.00930369795694072
-0.0135561618452633
-0.0170604908299828
-0.0194560046677504
-0.0205930877075219
-0.020529712950861
-0.0194426640329316
-0.0175086448842536
-0.0148323436311913
-0.0114517730260026
-0.00739454178025311
-0.00275343431549198
0.00222480883833214
0.00705782744194308
0.011032116682879
0.0133814140105912
0.0136146670415518
0.0118141581410015
0.00868984754221571
0.00531958774867126
0.00270684291799465
0.00138683034907175
0.00126142872816189
0.00171016471352582
0.00189532762022803
0.00110630111802872
-0.0010061442512757
-0.00437997839294495
-0.00865309561971074
-0.0133484714125202
-0.0180425679699684
-0.0224656364693051
-0.0265271159581208
-0.0302810066806836
-0.0338452531903779
-0.0372906313406967
-0.0405368175340667
-0.0433162878081599
-0.0452475092597664
-0.0459914745240984
-0.0454055437105418
-0.0436143689911951
-0.0409800669993713
-0.0380087203155053
-0.035236858225729
-0.03312062909963
-0.0319425076039266
-0.0317604805062359
-0.0324241224341136
-0.033653225975145
-0.0351360236660747
-0.03659153629274
-0.037771601123188
-0.0384303372578571
-0.0383155725387451
-0.0372135855359391
-0.0350316651274875
-0.0318771882756792
-0.0280961669087461
-0.0242449893956703
-0.0209811559383394
-0.0188919187490904
-0.0183256246819387
-0.019298921001391
-0.0215005850736298
-0.0243533557684967
-0.027097092683362
-0.0289051629601922
-0.0290581800101647
-0.0271409541774135
-0.0231669370560892
-0.0175505811910899
-0.0109364052655756
-0.00397748690784969
0.00282624615267346
0.00917082535005806
0.0148924281321667
0.019887314630559
0.0240758717848956
0.0274250277149851
0.0299926534710009
0.0319501208295962
0.0335658230033422
0.0351581865658499
0.037034534407112
0.0394286972028745
0.042443729111941
0.0460024078198491
0.0498183987447419
0.0534234221359066
0.0562865748672934
0.0580094555132996
0.0585054779847734
0.0580528794147305
0.0571823984855599
0.0564615941828413
0.0562822085703117
0.0567292628105053
0.0575621523714758
0.0583063073340647
0.0584272802824831
0.0575242517036318
0.0554617862285441
0.0523869870650489
0.0486400684383247
0.0446137515610461
0.0406235381594622
0.0368287172009785
0.0332180288723198
0.0296541899470308
0.0259548788750529
0.0219759239607066
0.0176641817007277
0.013064778404063
0.00828887381929785
0.00346222650292063
-0.00131915567569923
-0.00599944449556714
-0.0105244608255107
-0.014771039168722
-0.0184972974101089
-0.0213703394906228
-0.0230828741445229
-0.0235085135176505
-0.022814864222246
-0.0214702962437915
-0.0201281066796419
-0.019428252902442
-0.019799956171525
-0.021353203300187
-0.0239018541913323
-0.0270869538029578
-0.0305123654174574
-0.0338080393932237
-0.0366043336728173
-0.0384846116357724
-0.0390072861603984
-0.0378239847868801
-0.0348268443409935
-0.0302239727267366
-0.024491290095772
-0.0182262321498856
-0.011974359795522
-0.00610343579665657
-0.000777728812565628
0.00395807402118562
0.00803859493444722
0.0112804964440681
0.0134075897719719
0.0141934379384967
0.0136341054772464
0.0120446580141179
0.0100185793695138
0.00826102766021604
0.00736936270484812
0.00766183434833679
0.00912821888832065
0.011501076808302
0.0143718595582116
0.0172653586821306
0.0196541099242689
0.0209763682269399
0.0207278063168599
0.0186155629425586
0.0146793687429145
0.00928665694977909
0.00299518094845411
-0.00362888992618343
-0.0101210506825433
-0.0160997000506347
-0.0211689484760632
-0.0248661193270794
-0.0267475759653646
-0.0265912235780931
-0.0245878843102183
-0.0213821737306251
-0.0179108702584598
-0.0151069665713457
-0.0136115321532494
-0.0136217187129678
-0.014920011199373
-0.0170377268611597
-0.0194590024974106
-0.0217810249600302
-0.0237866892270151
-0.0254284693843659
-0.0267540507969429
-0.0278211770802651
-0.0286456206238098
-0.029200701793448
-0.0294533088290107
-0.0294029730981895
-0.0290979545433319
-0.0286241778399956
-0.0280796348513986
-0.0275494167807198
-0.0270897934818206
-0.0267228741434895
-0.0264406436987675
-0.0262166819328376
-0.0260214994385503
-0.0258322157621929
-0.0256252305589221
-0.0253502306052288
-0.0249032715099098
-0.0241271643465546
-0.0228526027870243
-0.0209641849548541
-0.0184609393708448
-0.0154907449621444
-0.0123507347406134
-0.00944531471989282
-0.00719621833123301
-0.00592474831624503
-0.00575658808449133
-0.00659398870792253
-0.0081541911132401
-0.0100333888349662
-0.011764763501837
-0.0128789657384917
-0.0129888634695756
-0.0118867148784477
-0.00960400054772302
-0.00639141315253964
-0.00262426649742815
0.00131917062174073
0.00515308448073771
0.00872240889220264
0.0119810238637933
0.0149292289033316
0.0175446082339902
0.0197409796069263
0.0213719215853326
0.0222701541145659
0.0223001457830567
0.021401970949563
0.0196122424268602
0.0170633058497455
0.0139825493259129
0.0107144114103501
0.00774822461181821
0.00569062760119064
0.00513816404798906
0.00648685207550863
0.00977699873869138
0.0146466571225154
0.0203942505636975
0.0261134216902868
0.030874362312681
0.0339301827589314
0.034900576896542
0.0338701778269703
0.0313674627115154
0.0282338783202107
0.0254165524447919
0.0237307227917196
0.0236582465771066
0.0252553375447001
0.0282046233384261
0.0319782788218524
0.0360322436594917
0.0399565090904333
0.0435440828933779
0.0467743565826007
0.0497235407421366
0.0524333558315127
0.0547981597900201
0.0565418611146776
0.0573139689740768
0.0568542445011731
0.0551244022970438
0.0523315393454447
0.0488475710400703
0.0450924685805265
0.041449480558476
0.0382294255850705
0.0356510144319331
0.0338009011097217
0.0325804322662851
0.0316893518103262
0.0306918451505571
0.0291565688045731
0.0268074781807253
0.0236127016812735
0.0197760542618556
0.0156460335897619
0.0115892305441532
0.00787984710281534
0.00464007378017986
0.00183983046102488
-0.00065564854692074
-0.0030079280584183
-0.00531613151380217
-0.00754514424820636
-0.00950976534627672
-0.0109367961746281
-0.0115805549876463
-0.0113294594232526
-0.0102532473427832
-0.00859129091091044
-0.00671640018521851
-0.00509174064040802
-0.00420295868891351
-0.00445052387612201
-0.00603426521439915
-0.00889510730046398
-0.0127486870119937
-0.0171759675894967
-0.0217008723240988
-0.0258228048237381
-0.0290396191783044
-0.0309181697391504
-0.0312226507503962
-0.0300442960867843
-0.0278466485219931
-0.0253657163796089
-0.0233730113874412
-0.0223955720647982
-0.0225376290230353
-0.0235069477958982
-0.0248238044032121
-0.0260759278065631
-0.0270731317971113
-0.0278483704397442
-0.0285571940720211
-0.0293641695103492
-0.0303692525176878
-0.0315737590799704
-0.032865259680853
-0.034019326280616
-0.0347380473129367
-0.0347345865291454
-0.0338349829347532
-0.0320442441214295
-0.0295419021041117
-0.0266157063707554
-0.0235723098564757
-0.020662943319092
-0.0180426092848182
-0.0157621246686467
-0.0137811554507076
-0.0119882827292897
-0.0102215739566453
-0.00829445615300921
-0.00603409227929712
-0.00332747468686476
-0.000155857681014233
0.00340305606287118
0.0072118122372119
0.0111363884085738
0.0151059307710575
0.0191259514249303
0.0232078037140165
0.0272243993271969
0.0307790772429791
0.0332119290567172
0.0337975188949897
0.0320415993790755
0.0278960575797656
0.0217775307913983
0.0144280004331497
0.00673362702368425
-0.000436363494903776
-0.00639141791237706
-0.0107937599907714
-0.0137666040130049
-0.0158099718538748
-0.0174864493477123
-0.0190194838942237
-0.0200595411152953
-0.0197942066830433
-0.0173477468922616
-0.01221799677083
-0.00449475363868486
0.00521465782009635
0.0160207019692598
0.0269500458135105
0.0370183654289999
0.0452530069846427
0.0507967430204555
0.053124329824437
0.0522609718543518
0.0488465470047052
0.0439686518545465
0.0388142666597071
0.0342833917504489
0.0307306003089768
0.027943001786106
0.0253460702880355
0.0223152871641667
0.0184353122566007
0.013609417240441
0.00802531068327116
0.00204964542574028
-0.00388232889278908
-0.00935969556653105
-0.0140720805381651
-0.0178536313153556
-0.0206657988947552
-0.0225211278535059
-0.0234030578118056
-0.0232476820003589
-0.0220045668109162
-0.0197362574263707
-0.0166988022924812
-0.0133610829718838
-0.0103415712291358
-0.00826731939964271
-0.00759687056092104
-0.00847314018508666
-0.0106611737400435
-0.0135954788715331
-0.0165393332595975
-0.0188329554777281
-0.0201551405163724
-0.0206735374557748
-0.0209829230234518
-0.0218458021888104
-0.0238731282535543
-0.0273104518114177
-0.0320085863585514
-0.037538724290684
-0.0433531254546226
-0.0489175739790619
-0.0538007848233716
-0.0577365035715498
-0.0606605303199589
-0.0627013495437776
-0.0641078066856308
-0.0651326489163338
-0.0659236853521705
-0.0664702411262132
-0.0666124611084804
-0.0660854108626892
-0.0645740341402718
-0.0617822378596196
-0.0575221378400313
-0.0517971729757999
-0.0448291398518713
-0.0370031648977871
-0.0287589320917716
-0.0204889062954781
-0.0124868529799682
-0.00494700587669725
0.00200671684557492
0.00826790158306101
0.0136693617641478
0.0179115099757052
0.0205690720475142
0.0212183639834562
0.0196301973352642
0.0159099778750803
0.0105135719710815
0.00417068734002604
-0.00221150931991596
-0.00764134457081178
-0.0111639015488512
-0.0120341966403329
-0.00990727904420889
-0.00494740081727362
0.00223255459781483
0.0107690578523539
0.0197477858048006
0.0283271431068356
0.035826969534897
0.0418303556056387
0.0462627289780425
0.0493772182477138
0.0516304546339495
0.0535080477880686
0.055384019441042
0.0574644750698263
0.0598041696994338
0.0623364859365743
0.0648605914297505
0.0669928109646257
0.0681609545469229
0.0677195726037633
0.0651731435172418
0.0603949320310103
0.0537160335483344
0.0458367452848942
0.037608147807796
0.0297830880965092
0.0228330454428189
0.0168891959461009
0.0118110794091079
0.00733348367529053
0.0032141844622544
-0.000683140332748643
-0.00439183377831961
-0.00789954312435194
-0.0111964173466353
-0.014259818838565
-0.0169748185604313
-0.0190586287229457
-0.0200811515202967
-0.0196135478961468
-0.0174309768203165
-0.013641377349703
-0.00866788954680111
-0.00312938179456478
0.00227357857193544
0.00681323349570801
0.00977886691925516
0.0105867936372408
0.00894630646294889
0.00497615334382802
-0.000822718253908398
-0.00772315237423224
-0.0149504282036978
-0.0217922837312759
-0.0276397562960114
-0.0320215812102183
-0.0346706522993057
-0.0355911494093367
-0.0350642458067414
-0.0335678454841266
-0.0316444260473629
-0.0297742880133892
-0.0282924320802607
-0.027357561711036
-0.0269655956509514
-0.0269955416151715
-0.0272718745350497
-0.0276241225140998
-0.0279279558995104
-0.0281229370566836
-0.0282101070769332
-0.0282294733406393
-0.0282113546702132
-0.0281059771214526
-0.0277253590781325
-0.0267495749413339
-0.0248225493003868
-0.0217026629086871
-0.0173924692491361
-0.0121822974653958
-0.00658730593702149
-0.00120264474431112
0.00346860597114585
0.00714913808877318
0.00983312283737568
0.0117365156590677
0.0131894416104179
0.0145238146614442
0.015986767890946
0.0176762993429535
0.0194892882525285
0.0211020681227962
0.0220283658199493
0.0217703789424102
0.0200074436610862
0.0167230065210631
0.0122036588291005
0.00692511432648742
0.00139813707070564
-0.00395503145075706
-0.00886434559126709
-0.0132223894078841
-0.0170591628482538
-0.0204956243156736
-0.0236896365779468
-0.0267898461618436
-0.0299062897586427
-0.033089890393161
-0.0363045998446413
-0.0393935242192867
-0.0420714535224368
-0.0439817134120489
-0.0448155069022538
-0.0444384320266014
-0.0429524298823961
-0.0406555445229126
-0.0379159246558928
-0.0350165682417263
-0.0320406441206574
-0.0288514172752467
-0.0251787158157874
-0.0207750404832881
-0.0155764379382186
-0.00980384949450965
-0.00395838713000001
0.00130333839105787
0.00537555223795386
0.00790396994470142
0.00889174776056531
0.00867751817824959
0.00781873694039935
0.00693920358647698
0.00658474274009371
0.00711264828419687
0.0086363090818504
0.0110390652043391
0.0140458942455905
0.0173147904691942
0.0205097061459742
0.0233442637531004
0.0256101011636048
0.027201629709266
0.0281303445806202
0.0285149455178043
0.02854757005489
0.0284522813205587
0.0284500969957417
0.028730635732917
0.0294242194430048
0.0305770935230758
0.0321425197863761
0.0339972412287695
0.0359787920575731
0.0379289025317771
0.0397309004986289
0.0413382476201951
0.0427913576572397
0.0442047405937718
0.0456971524068979
0.0472662604567674
0.0486722477184375
0.0494300652174627
0.0489581935022095
0.0468188476021237
0.0429107470577206
0.0375072026653585
0.0311339077070192
0.0243673563591447
0.0176600314310518
0.0112712340139375
0.00532405315836294
-6.34272205440212e-05
-0.00467564834285719
-0.00821098383594811
-0.0104032314885412
-0.0111599830352074
-0.0106151127529123
-0.00906663767971099
-0.00685513964337945
-0.00426215870673881
-0.00147044630824727
0.00142211433065996
0.00436544928252148
0.00732216092531637
0.0102464521709194
0.0130783112641659
0.0157431081781813
0.0181414458567414
0.0201271912693004
0.0214972182448752
0.0220259987026436
0.0215541111472238
0.0200981457954574
0.017920240032738
0.0154966681285583
0.0133639920388802
0.0118930388291883
0.011106759454539
0.0106560143532102
0.0099768664666856
0.00853821209405424
0.00604607015529308
0.00252843051897967
-0.00168675150135775
-0.00605243919378015
-0.00991921043560352
-0.0126864992945868
-0.0139633129013892
-0.0136760700321228
-0.0120678724974385
-0.00958979051424154
-0.00674095294499896
-0.00392689843508709
-0.00137963168843862
0.000847523994562846
0.00281366372900316
0.00457260229361231
0.00605463530761836
0.00702098844376852
0.00713578229455556
0.00612198272635102
0.00390246614863519
0.000638212326379277
-0.00334258590766519
-0.00764817451492067
-0.0118719361914467
-0.0155694167892366
-0.0182346134678073
-0.0193616721130068
-0.0185994294473779
-0.0159089050044501
-0.0116114915931692
-0.00628603886386786
-0.000574688302815887
0.00498561878805974
0.0100149795995879
0.0142269448420593
0.0173407476227689
0.0190712426973204
0.0192182223208567
0.0177818873911213
0.0150088257416088
0.0113309867707705
0.00723373299486923
0.00312072936441897
-0.000767524072956436
-0.00435005470805051
-0.00761513417606342
-0.0104843392600308
-0.0127137108422531
-0.0139134032193875
-0.0137016315038559
-0.0119187418104388
-0.0087799081377676
-0.00487097868961543
-0.000970381895273757
0.00223212978297095
0.00439348252786174
0.00563260386772683
0.00645284271819247
0.00750994413364301
0.0093193669569715
0.0120064521941882
0.0151914916463511
0.0180733453723733
0.0197038981105536
0.0193431514671044
0.0167291181190007
0.0121474203821647
0.00630204082474118
7.58228237194545e-05
-0.00571763814288302
-0.0105206633751558
-0.0141212576858792
-0.016638417603995
-0.0184226342605987
-0.0199133844402179
-0.0215019811306355
-0.0234379157880253
-0.0257978202187778
-0.0285154369985028
-0.0314501324530523
-0.0344532177397536
-0.0373884869096594
-0.0400926127076411
-0.0423152474373262
-0.0437120257562445
-0.0439309049678808
-0.0427509734304705
-0.0401800373583386
-0.0364464270199534
-0.0319004263659487
-0.0268946981096089
-0.0217032449908674
-0.0164940850773452
-0.0113415106446845
-0.00626470997659028
-0.00128649161412292
0.00350529579921241
0.00793018317403405
0.0117523425337593
0.0147732533888197
0.0169272797958618
0.0183229501744931
0.019210358394951
0.019899476905077
0.0206683412444275
0.0216817868177678
0.0229233890742368
0.0241544479398033
0.0249386098709001
0.0247613524968213
0.0232146241850055
0.0201575383251862
0.0157656899576982
0.010448192523863
0.00468968889522195
-0.00108959596757578
-0.00658640067534121
-0.0115751556047478
-0.0158372988004975
-0.0191389817915092
-0.0212951030830945
-0.0222864456960013
-0.0223495479602903
-0.0219669816510349
-0.0217420383068595
-0.022211566301411
-0.0236880812693747
-0.0261980080095424
-0.0295148522375673
-0.0332338888923177
-0.0368437690794384
-0.0397989017747426
-0.0416186887762672
-0.0420059723706916
-0.0409320561335098
-0.0386401269374209
-0.0355713625114714
-0.0322600399086415
-0.0292365310451309
-0.0269441705172322
-0.0256649568671409
-0.0254684347457676
-0.0262132878972308
-0.0276132883995947
-0.0293393015717603
-0.0311034306979047
-0.0326857066148224
-0.033909446264323
-0.0346099682938335
-0.0346381195756644
-0.0339023483542164
-0.0324229172720117
-0.0303720465385436
-0.0280807171073392
-0.0259826490134126
-0.0244660131359356
-0.0236587405803261
-0.0232615340391923
-0.0225682309303133
-0.0207157317777338
-0.0170492464461881
-0.0114049800261458
-0.00416635057377712
0.00391169884910215
0.0119950767473686
0.0194280986631761
0.0258559207177337
0.0312046057878209
0.0355831412388088
0.0391825531359841
0.0422101297170244
0.0448579781409221
0.0472944728902571
0.0496732080582903
0.0521514967075169
0.054899210187121
0.0580811456584843
0.0618175431801244
0.0661418431898048
0.0709637717630822
0.0760333580703831
0.0809206835090219
0.0850578537959731
0.0878752317656988
0.0889917730926171
0.0883581234790986
0.0862695387439314
0.0832471067734673
0.0798537742782154
0.0765211426097985
0.0734356202666772
0.0705084947533598
0.0674390346298756
0.0638530168201511
0.0594628412499783
0.0541813593628072
0.0481487010960273
0.0416778191013443
0.0351544240573749
0.028930373396252
0.0232407133797775
0.0181640312060523
0.0136314487901498
0.00947202634923981
0.00547192397108087
0.0014283475210498
-0.00281022278625416
-0.00732075921557384
-0.0121031199992495
-0.0170979262408663
-0.0222119344633166
-0.0273292753527859
-0.0322989467702808
-0.0369177177926818
-0.0409444942114734
-0.0441636282125505
-0.0464718869732514
-0.0479328467855676
-0.0487486474423654
-0.0491412986074205
-0.0491945602592594
-0.048749633527992
-0.0474365975262486
-0.0448513252981023
-0.0407972236319596
-0.0354628966165586
-0.0294293106245731
-0.0234807975331338
-0.0182974390855337
-0.0141805323341352
-0.0109555151506014
-0.00809784050212056
-0.00499738247806633
-0.00120825428868791
0.00343044435937473
0.00880936714188307
0.0146170461654767
0.0203795072825025
0.0254687855734362
0.0291495135325571
0.0307164075853589
0.0296883571899081
0.0259646946183102
0.0198757102119974
0.012127801171231
0.003675812077018
-0.00445768631017798
-0.0113996099329815
-0.0166302437789076
-0.0200944993782542
-0.022161810773644
-0.0234377173462514
-0.0244913915681221
-0.0256007091658071
-0.0266232358784846
-0.0270606890541316
-0.0262918190505768
-0.0238568184595684
-0.0196623976694701
-0.0140487455267169
-0.00773740967544783
-0.00169392870194036
0.00308166002798333
0.00580838546210844
0.00614025336714338
0.00424300684098419
0.000691146758675587
-0.00375668563292288
-0.00839067482238095
-0.0127002848997407
-0.0164180648240428
-0.0194879488510754
-0.0220029307958427
-0.0241369317911086
-0.0260709456445226
-0.0279110629024465
-0.0296198861696021
-0.0310059875064206
-0.031800490002465
-0.0317895348607326
-0.030911649035581
-0.0292324578986713
-0.0267948063041347
-0.0234529887283345
-0.0188369234152502
-0.0125069759612834
-0.00421626683870783
0.00588230906561869
0.017203580394718
0.0288777879126033
0.0399903074892562
0.0497938814807107
0.0578031866746813
0.0637581553172659
0.0675290520551438
0.0690657883091991
0.0684330937295676
0.0658788543824347
0.0618481483735075
0.0569053674635875
0.0516016955492411
0.0463577781109719
0.0414090882062846
0.0368175184146423
0.0325241588180444
0.0284185349741628
0.0244145111510586
0.0205257184793819
0.0169145178737186
0.0138745222757167
0.0117317822326034
0.0107061190768744
0.0108099754507527
0.0118399008432216
0.0134556601083503
0.0152964302686025
0.0170808020681897
0.0186613089348909
0.0200237318077336
0.021228308062428
0.0223043242421795
0.023144008493868
0.0234676331125027
0.0229040235394475
0.0211522947444293
0.0181274710669627
0.014003887147337
0.00914274571839827
0.00395891814543015
-0.00120033280376109
-0.00612174317865104
-0.0107362927389644
-0.0150922116041648
-0.0192989965374385
-0.0234333450967206
-0.0274134359948781
-0.0309011156137825
-0.0333237203311789
-0.0340536274209951
-0.0326673521343834
-0.0291355986993247
-0.0238446121523262
-0.0174684266253231
-0.0107883437111411
-0.00453868883714594
0.00070412382755986
0.00460366970965888
0.00711467950968939
0.00847737944264932
0.00913640878806533
0.00960220004042502
0.0103077239689278
0.0115163524397479
0.0132982082233623
0.015540344911352
0.0179438752219272
0.0200124137613791
0.0210968481184474
0.0205468036436726
0.0179265571487718
0.0131836860346231
0.00669245426411548
-0.000816359902890554
-0.00838806214274645
-0.0150181374254469
-0.0198660632555745
-0.0224647164205361
-0.0228330574032916
-0.0214250548089646
-0.0189393658469078
-0.0160897512058408
-0.0134352825372547
-0.0113083377003403
-0.00981854557465903
-0.00889597489050201
-0.00835955944969999
-0.0080142357600802
-0.00776218888012027
-0.00767809105153955
-0.00799462256198232
-0.00899433034904252
-0.0108685835196373
-0.0136251450132791
-0.0170874193771012
-0.0209700052106183
-0.0249831539817552
-0.0289239776541272
-0.0327332161540168
-0.0365080256951516
-0.040455749326761
-0.044767629415637
-0.0494194009530164
-0.0539812885644291
-0.0575865580304242
-0.0591658445033567
-0.0578829978020772
-0.0535345849522518
-0.0466674235512271
-0.0383549986507579
-0.0298019900406476
-0.0220254717242078
-0.0157384184440127
-0.0113660229879455
-0.00904511851250827
-0.00855244891457147
-0.0092568695537243
-0.0102255043040245
-0.0104980221551206
-0.00939679926961464
-0.00670368659718612
-0.0026329564087863
0.00232791595090665
0.00757352605541564
0.0124594994589126
0.0163574984223697
0.0187867421982322
0.0196253714354271
0.0192605550541351
0.0185145720332355
0.01832790577261
0.0193577236705504
0.0217114077489419
0.024951887279243
0.0283569519403542
0.0312798752505583
0.0334134518862186
0.0348284360185977
0.0357971676991262
0.0365353905964575
0.0370270949850312
0.0370261136018796
0.0362068087787708
0.0343501007220351
0.0314565561346192
0.027754047550979
0.0236365470870244
0.0195777975759239
0.0160278123797312
0.0132847525106963
0.0113697623605556
0.00997650817999323
0.00855528901093902
0.00651428306675061
0.00344074274001019
-0.000768541255901027
-0.0059193334408849
-0.0116453448267953
-0.0175641617057981
-0.0233745697287719
-0.0288479803250527
-0.0337430009132768
-0.0377367958327112
-0.0404583727138233
-0.0416191891607378
-0.0411430223445622
-0.0391911894036936
-0.0360654940910467
-0.0320647571696709
-0.0273931594121589
-0.0221710527848841
-0.0165336477752986
-0.0107552514461511
-0.00531431450956416
-0.000832066374916204
0.00211150744748207
0.00319129371880893
0.00245607065772183
0.000293060784297034
-0.00271497877128938
-0.00593804266730874
-0.00878727076914124
-0.010754987583675
-0.0114508403342761
-0.0106452462505816
-0.00828933716107481
-0.00448736707891151
0.000559361436469458
0.00659383898484763
0.0133072349338741
0.0203237449391373
0.027208092512214
0.0335241255854403
0.0389343876983065
0.0432965764355937
0.046705133986006
0.0494425622788298
0.0518368578210158
0.0540700716259949
0.0560343870138977
0.0573365841254263
0.0574739121346834
0.0560889532753969
0.0531553580797596
0.0489992545400699
0.0441745966547466
0.0392896909381469
0.0348681720478435
0.0312496743012187
0.0284895598565571
0.0262658880075709
0.0238838837951419
0.0204584581287126
0.0152324686344975
0.0078762621416428
-0.00137490058515067
-0.0117853890614482
-0.0223360734871541
-0.0320124210667172
-0.0400776401623903
-0.046244426022217
-0.0506844779001022
-0.0538801935693399
-0.0563967558892021
-0.0586849296281006
-0.060991771024305
-0.0633796619735123
-0.0657866302540986
-0.0680539176110404
-0.0699075087192034
-0.070952975477153
-0.0707511202017446
-0.068970550062921
-0.0655341125361254
-0.0606697762859462
-0.0548435714007603
-0.048622596826222
-0.0425346405088955
-0.0369659377981992
-0.0321099647791166
-0.0279675496457565
-0.0243927600167317
-0.0211688141117378
-0.0180877303543272
-0.0150070814006866
-0.0118692775746741
-0.00868560156215147
-0.00550029906395078
-0.0023564002366493
0.000716364420509164
0.00368373701525666
0.0064746184399749
0.00896793881795255
0.0110230508496631
0.0125400067944183
0.0135021856722478
0.0139614157631269
0.0139744349706738
0.013544464705061
0.012617388595
0.011132274485345
0.00908224933045909
0.00654672070401767
0.00369553159930641
0.000787577547927132
-0.00183475298795407
-0.00378411311836975
-0.00471761775333661
-0.00444592876673928
-0.00300115131163143
-0.000631836888671935
0.00225082398329436
0.00513298337441457
0.00745561413310786
0.00869786123174725
0.0085049250304513
0.006829221474122
0.00401154398155091
0.000733983570251233
-0.00216745529287607
-0.00396492910408643
-0.0042603172110623
-0.00306768768647945
-0.000734009580165997
0.00223864674102928
0.00536386078929012
0.00825375832780022
0.0106068158179265
0.0121626715631502
0.0126965809700204
0.0120722022501714
0.0103081970771013
0.00760138126777175
0.00428814528737721
0.000768001550491034
-0.00257809764650994
-0.00545773611384927
-0.00771905470605994
-0.00937129714641229
-0.0105482317029176
-0.0113977413725584
-0.0119260513932793
-0.0118831478417805
-0.0107866938818828
-0.00810722756476946
-0.00352270091014482
0.00290618156335946
0.0107367439601184
0.0193064782145968
0.0279592701110145
0.0362292895795013
0.0439182342257965
0.0510523538823359
0.0577479035806052
0.0640510842470885
0.0698399130926434
0.0748506743079454
0.0788151342962405
0.0816143550199405
0.0833366413512057
0.0841934424026028
0.0843530761527445
0.0838162609163915
0.082424939359596
0.0799920636548866
0.0764537913816515
0.0719443434800961
0.0667616793500497
0.0612612274835597
0.0557400765519936
0.0503604638393355
0.0451340996263052
0.0399621906589818
0.0347057282890069
0.0292546813026026
0.023576246766079
0.0177383658528216
0.0119084089100006
0.00632096703556217
0.0012128428200479
-0.00325567519549652
-0.00705631539761785
-0.0102954461282476
-0.0131636858045594
-0.0158624649992055
-0.01855011063153
-0.0213383060945835
-0.0243362206525125
-0.0277017540969156
-0.0316483827444868
-0.0363879830103094
-0.0420389695849826
-0.0485507186664869
-0.0556781788957174
-0.0630138065346825
-0.0700707036677814
-0.0764020435871599
-0.0817245404714743
-0.0859979213554663
-0.0894152497350224
-0.0922851171684861
-0.0948350941901428
-0.0970259459380662
-0.0984947575747554
-0.0986896431001873
-0.097134283002126
-0.0936670599412619
-0.0885219783648397
-0.0822316358547401
-0.0754346719319863
-0.068692798401803
-0.0623800941933891
-0.0566543630455135
-0.0514906875357014
-0.0467484872630393
-0.0422423382409131
-0.0377920307566633
-0.0332434202145212
-0.0284719538536368
-0.0233880350208346
-0.0179503244476824
-0.0121745984457158
-0.00612331979775941
0.000122503945380193
0.00649115961201841
0.0129320074594394
0.0194134596241965
0.0259202347156244
0.0324488644045575
0.0389759961609845
0.0453805595610186
0.0513553095537805
0.0563951742880385
0.0599239835813138
0.0615180000479474
0.0611001614821614
0.0589961310641813
0.0558368364492595
0.0523714940585222
0.0492721157622963
0.0469881927327512
0.0456838624241857
0.0452634776802732
0.0454584207057422
0.045923262034484
0.0462987836822625
0.0462407727374417
0.0454474932200249
0.043710031016226
0.040969830963004
0.0373423536207294
0.0330811968063314
0.0284950041431825
0.0238559446147058
0.0193400713641573
0.0150237842329681
0.0109344010785305
0.00712194730357009
0.00370116925504794
0.000829750578362666
-0.00136377997323799
-0.0028501905080887
-0.00372023277114777
-0.00414827310859811
-0.00432740634855419
-0.00441197941264433
-0.00449059952536411
-0.00459906101383166
-0.0047706460242509
-0.00510182589799193
-0.00579157340851915
-0.00711702426921684
-0.00934321548082191
-0.0126000639637585
-0.0167687081809628
-0.0214152608469655
-0.0258144328143106
-0.0290974286856582
-0.0305026913546707
-0.0296285094571135
-0.0265603937308236
-0.0218106258204294
-0.0161113460603937
-0.010167825308954
-0.00447856957228499
0.000712762640622328
0.00532899490803674
0.0092985814620207
0.0124332652762657
0.014434067190032
0.0150229685752379
0.0141042060114987
0.0118439535333466
0.00862484245704664
0.00491534548893044
0.00113074229771
-0.00245575657549602
-0.00573428069599721
-0.00872694212727958
-0.0115308298286976
-0.0142585103783915
-0.0169900537267421
-0.0197443484262805
-0.022474957526926
-0.0250918347172797
-0.0275015350748869
-0.0296488863495683
-0.031539249775652
-0.0332262618549288
-0.0347657705320275
-0.0361588491531882
-0.0373219358875527
-0.0381117918804693
-0.0383949553969433
-0.0381132056963737
-0.0372947878189761
-0.0360033973060944
-0.0342687268263087
-0.0320568527008648
-0.0293023897704369
-0.0259721921182161
-0.0221113144428297
-0.0178490458286719
-0.0133820222865091
-0.00896016236354424
-0.00487489013985513
-0.00142494856425821
0.00115256633590437
0.00275968307930543
0.0034752143723495
0.00352449211642373
0.003198113925812
0.00276806778650134
0.00244413905540986
0.00237826328392925
0.00268875461582295
0.00346890273984886
0.00476883034899072
0.00656997749524793
0.0087793094964234
0.0112525615475603
0.0138344332043996
0.0163982733171285
0.0188765265873988
0.0212799630311808
0.0237004618615986
0.0262886919681864
0.0292063586999205
0.0325667983875344
0.0363813643545861
0.0405223072421078
0.0447126431391427
0.0485618579868483
0.0516595842659996
0.0537045035729199
0.0546090420901437
0.0545206668598586
0.0537434826753199
0.0525989189755919
0.0512964220777811
0.0498767244464914
0.0482464612354069
0.0462707089481088
0.0438651113352969
0.0410463338912955
0.0379366669485461
0.0347402323288601
0.0317035637132203
0.0290628159132267
0.0269844243394613
0.0255200450770726
0.0245984538528387
0.0240592310174764
0.0237108563122661
0.0233875777743034
0.0229864395208795
0.0224756597637641
0.0218706510471202
0.0211815077233743
0.020353715946038
0.0192405810140223
0.0176366127105841
0.0153614888680677
0.0123456067888484
0.00866641466984904
0.00451970764756931
0.000148824175318635
-0.0042307738930535
-0.00848226231938022
-0.012557346428154
-0.0164597469492088
-0.0201740160497716
-0.0235975739289227
-0.0265264267935587
-0.0287182832836259
-0.0300017256381561
-0.0303637565250585
-0.0299636884324656
-0.0290726150569172
-0.0279802985257832
-0.02691818818171
-0.0260249158504913
-0.0253519978173873
-0.0248907659672215
-0.024601265481513
-0.0244332204018856
-0.024338172500004
-0.0242755430441859
-0.0242155201789646
-0.0241413066102757
-0.0240510112500511
-0.0239531436970993
-0.0238450648839284
-0.0236730827093381
-0.0232966658246922
-0.0224942446771528
-0.0210285776783712
-0.018743997125425
-0.0156379882911307
-0.0118657150233363
-0.00768277275665599
-0.00336653510929628
0.000844590111573049
0.00478102470455636
0.00835187984069036
0.0115484020282226
0.0144370983287621
0.0171191204898583
0.019638257266054
0.0218643166719689
0.023431316932685
0.023808049807282
0.0224971925924059
0.0192587127262077
0.0142262147625022
0.00785622336095333
0.000756335353281915
-0.00650264939632737
-0.013502355279587
-0.0199961735672851
-0.0258683407415711
-0.031087039254602
-0.0356810744453182
-0.0397337804762114
-0.0433738620657528
-0.0467540214292075
-0.0500212646565678
-0.053281194356813
-0.0565535703342101
-0.0597286422423022
-0.0625575513634141
-0.0647107546127215
-0.065896404259137
-0.065977482854958
-0.0650169858832536
-0.0632292296110477
-0.060878388188584
-0.0581887839972597
-0.0553064419654492
-0.0523123431586317
-0.0492661402288731
-0.0462553836069908
-0.0434265071898039
-0.04097817332142
-0.0391095763926813
-0.0379319475066498
-0.0373662563197719
-0.0370684116745163
-0.0364388176331799
-0.0347559357379646
-0.0314081845716834
-0.026125354725711
-0.019093850226361
-0.0108970619512492
-0.00231061774462527
0.00595100574458571
0.0134220889365257
0.0199291581613327
0.02549097469452
0.0301587726981968
0.0339100827894679
0.0366575946905751
0.0383422145664944
0.0390250056691542
0.0389138411653909
0.0383217541027802
0.0375929958384797
0.0370261982982792
0.0368002889607653
0.0369073697592897
0.0371211697426148
0.0370425960261879
0.036231638233906
0.0343739726858965
0.0313970542689425
0.0274787556574981
0.0229578753981561
0.0182066607517498
0.0135297835822652
0.00912137601874048
0.00507249457823625
0.00140089717499629
-0.00192155627540638
-0.00495315224153447
-0.00777377927099389
-0.0104715379478614
-0.013111950764722
-0.0156906162799086
-0.0180987488896055
-0.0201501274336625
-0.021690381834271
-0.0227380453234016
-0.0235563879850393
-0.0245897796060768
-0.0262954541501649
-0.0289646263286459
-0.0326009649277165
-0.0368646864947012
-0.0410823144797368
-0.0443568463664607
-0.0458012281757858
-0.0448286868538565
-0.0413559900213208
-0.0358086019290614
-0.0289401901405335
-0.0215804471982126
-0.0144277734825133
-0.0079337469725879
-0.00226497707438599
0.00268082759261933
0.00720826660968838
0.0117096855126927
0.0165306160976619
0.0218623725074356
0.0276971859360544
0.0338515381891165
0.0400416276503955
0.0459847528737873
0.0514886596179352
0.0564810501492294
0.0609506061455003
0.0648305322341866
0.067914449679112
0.0698866834823782
0.0704632594393817
0.0695492950950545
0.0673084345244604
0.0641158146724782
0.0604496228411691
0.0567910309569701
0.0535506829555472
0.0509951851344366
0.0491667252273836
0.0478441243796757
0.0466046494242107
0.0449858784971442
0.0426749933383374
0.039636067903496
0.0361251932653856
0.0325945798587227
0.029521718865965
0.0272200850506808
0.0256991797984616
0.0246354973994883
0.0234790102800615
0.0216566142129958
0.0187791416998989
0.0147554168186071
0.00977528768859318
0.00420270480468
-0.00154034100205412
-0.00704477059808848
-0.0119471185521654
-0.015963188302745
-0.0189336029504922
-0.0208413349430019
-0.0217575694896154
-0.0217338040142701
-0.020721747611403
-0.0185935928769578
-0.0152557926580264
-0.0107754167737591
-0.00543328750313503
0.000322892759436881
0.0059816479671377
0.0110532694888461
0.0150965295054908
0.0177129357521006
0.0185706213150217
0.0174826724765706
0.0144959394620993
0.0099264846712349
0.00432409946091292
-0.00160415296279794
-0.00708742120433006
-0.0114094966482916
-0.0140549028155165
-0.014837987349919
-0.0139408090743474
-0.0118194431143932
-0.00901366918451837
-0.00595185360799235
-0.00284098694522108
0.000323117312051195
0.00365817456870528
0.00727852806941441
0.0112125468699369
0.0153641205717698
0.0194967346088141
0.0232270161876737
0.0260493942261845
0.0274278229824602
0.0269522451970568
0.0244939688094558
0.0202706305242613
0.014777972167238
0.00862406542353562
0.00235078621588467
-0.00367858669883039
-0.00929186422737153
-0.0144411193536173
-0.0191140509567863
-0.0232815274107347
-0.0269035485628265
-0.0299708241872664
-0.0325391725644766
-0.0347291612929836
-0.0366936778922507
-0.0385753253275569
-0.040474907476358
-0.0424403368451631
-0.0444738166523153
-0.0465494170159821
-0.0486323546955092
-0.050693164040827
-0.0527137366951572
-0.054687410498588
-0.0566184999267702
-0.0585221941274148
-0.0604140692064743
-0.062273861874315
-0.0639876005306714
-0.06530757099626
-0.0658818620853165
-0.0653661304417629
-0.0635663104892727
-0.0605325667228351
-0.0565575506007379
-0.0520907822740117
-0.0476153175008635
-0.0435285899473628
-0.0400488582504763
-0.0371586205728379
-0.03460197326464
-0.0319545648042823
-0.028760003892682
-0.0246839196294431
-0.0196179713529648
-0.0136978022374494
-0.00725341587413718
-0.000734073227257821
0.00537160911287349
0.0106258905717518
0.0147398905379101
0.017646675145079
0.0195083969543954
0.0206470677774172
0.021431414550314
0.0221715360573973
0.0230591890430179
0.0241608665860691
0.0254451792598942
0.0268184841134173
0.0281538122976479
0.0293164008602727
0.0301973732624461
0.0307564820433579
0.0310550312686725
0.0312528317275335
0.0315608386509001
0.032170733850211
0.033194344957386
0.0346265904554162
0.0363208458016667
0.0379715294960049
0.0391309687985168
0.0392970231781943
0.0380639379722726
0.0352691708058797
0.0310588726481248
0.0258460986567322
0.0201954304929251
0.0146862738814516
0.00979084238332816
0.00578715756366619
0.00272453820936418
0.000452198996846239
-0.00130029066018638
-0.00282482383641946
-0.00435564887503061
-0.0060258762673267
-0.00785244516507513
-0.00973711134333733
-0.0114848948429677
-0.0128519178142836
-0.0136218292030454
-0.0136831688500249
-0.0130686676518879
-0.0119368076990664
-0.0105097176447092
-0.0090014903807908
-0.00756561885762308
-0.00627073368878862
-0.00509913945099973
-0.00396152876273019
-0.00272698940279874
-0.00126748919827677
0.00049420614562201
0.00255706590067583
0.0048594682851362
0.00734274511424434
0.010016454948081
0.0129511623582186
0.0161593832932149
0.0194265588598585
0.0222355795480757
0.0238893377697735
0.0237861917103908
0.0216778788811335
0.0177570578839593
0.012558208839228
0.00677899858480364
0.00113851388078428
-0.00369745558615049
-0.00717310257374966
-0.00892570977447742
-0.00887337260157521
-0.00724173937543896
-0.00449047468946853
-0.00116453024996182
0.00226347113773788
0.00549950501241593
0.00845547116202765
0.0112009370771751
0.0138634846151739
0.0165177145325997
0.0191120115875584
0.0214705234331602
0.0233693577713211
0.0246416411812349
0.0252509151323175
0.0252997046237231
0.0249855160041036
0.0245420408556628
0.0241944158715056
0.0241325759083344
0.0244923166763213
0.0253350869197369
0.026623108246146
0.028193017839131
0.0297457633318373
0.0308833994313844
0.0312080219542915
0.0304520228235675
0.0285730374661857
0.0257606465489829
0.0223544721528035
0.0187199241161485
0.0151408197429798
0.0117735177499404
0.008678870808866
0.00591026144409229
0.00359886017226268
0.00197055778916595
0.0012724456197654
0.00165342258326292
0.00307721537253634
0.00532043848234322
0.00805161225214622
0.010943907358482
0.0137622681947467
0.0163789912852811
0.0187080522541952
0.0206020839239235
0.0217945256902953
0.0219505715731626
0.0208162338546797
0.0183828882714119
0.0149691034778431
0.0111636581954976
0.00764034483897665
0.00491678097972457
0.00316378435688082
0.00215716475638111
0.00139586548359721
0.000323501681259676
-0.00145896335026791
-0.00408197825404419
-0.00742270320062438
-0.0112074317582622
-0.0151356320158986
-0.0189731130180474
-0.0225933547444728
-0.0259743904906888
-0.0291697540919065
-0.0322635976728384
-0.0353070730768273
-0.0382401608052626
-0.040834732187916
-0.0427148085009928
-0.0434764362274041
-0.0428549456090398
-0.0408417326689764
-0.0376879303274791
-0.0338183032159277
-0.029732352434982
-0.0259438162020477
-0.0229428782621066
-0.0211365920524481
-0.0207609848202062
-0.0218103736276139
-0.0240307370946337
-0.0269776747019275
-0.0301042846271889
-0.0328533252329669
-0.0347519702778671
-0.0355046984636767
-0.0350552892084354
-0.0335820758075691
-0.0314195830512668
-0.0289402343147039
-0.0264478337569992
-0.0241205591215243
-0.0220105394369463
-0.020080005891357
-0.0182432766232383
-0.0163929430910961
-0.014410205001432
-0.0121756459995424
-0.00959265323917595
-0.00661632979554386
-0.00326963578623591
0.000359635332566981
0.00412727182802868
0.00783242800597219
0.0112188135553329
0.0140054089503169
0.015957667587422
0.0169695834085426
0.0171061349190571
0.0165789788423188
0.0156742642325182
0.0146777084631366
0.0138293204662806
0.0133073319582339
0.013221859985722
0.0136074641154796
0.0144226308277036
0.0155668486909618
0.016907690094647
0.0182942014362399
0.0195435347539064
0.0204202739650966
0.0206485602222359
0.0199803271605842
0.0183011610638951
0.015722663064705
0.0126066994147273
0.00949187390233923
0.00693781530786718
0.00535006753606408
0.00486553848311743
0.00534646898608434
0.00647071963857395
0.00786228550574107
0.0092032829989993
0.0102957657915147
0.0110716911928984
0.0115661209139263
0.0118727750105686
0.0120988534221497
0.0123311390580888
0.012618579102055
0.0129695984536345
0.0133586798678021
0.0137383055427188
0.0140572372690177
0.0142881390232006
0.0144605806264461
0.0146820796494512
0.0151248135327153
0.0159721893884783
0.0173488185666172
0.0192717970426096
0.0216446558659532
0.0242849879771118
0.0269635377227926
0.0294443333338389
0.031528780773625
0.0330982790956496
0.0341296168981567
0.0346591516356793
0.0347092773944112
0.0342311213479765
0.0331134692452665
0.0312556523449486
0.0286502216409041
0.0254167621015801
0.0217685979503196
0.017940487466599
0.0141259485990696
0.0104610503068451
0.00705720161629021
0.00404867892989845
0.0016074217516824
-9.89728830732318e-05
-0.000987736885435148
-0.00113350314776199
-0.000789121405707347
-0.000336086851945473
-0.000179293341341009
-0.000628801566467761
-0.00181775143539767
-0.00368271802867055
-0.00599798753165758
-0.00843837636278967
-0.0106549690105398
-0.0123621528240739
-0.0134284136415464
-0.0139413481724132
-0.0142062997290704
-0.0146580273664251
-0.0157073193907109
-0.0175805459391837
-0.0202181132426462
-0.0232774935697936
-0.0262482168006069
-0.0286396882288875
-0.030164334772023
-0.0308338947723498
-0.0309284461081187
-0.0308637439502529
-0.031027258437508
-0.0316493998919779
-0.0327401337253762
-0.0340919238767922
-0.0353443357855469
-0.0361028658289742
-0.0360821392489354
-0.0352175132437939
-0.033698401350261
-0.0319189262825954
-0.0303669255635463
-0.0294719022176051
-0.0294489106294054
-0.0302015961680346
-0.0313346489972409
-0.0322771691983097
-0.0324715352803096
-0.0315537590674338
-0.0294521154642889
-0.0263710050964977
-0.022685951057171
-0.0188115324088473
-0.0150974792660187
-0.0117772964816397
-0.00896587387651501
-0.00668560403652134
-0.00489140894880808
-0.00347095483480078
-0.00222556609335739
-0.000870506780260259
0.000909011677442606
0.00335702536515295
0.00656097389933911
0.0104374400232439
0.0147861707592664
0.0193464618976937
0.0237915197278346
0.0276739006616439
0.0304155331305296
0.0314237968262545
0.0303047468870278
0.027041550066239
0.0220149880204531
0.0158561492803135
0.00923890716512588
0.00274807071186692
-0.00311920775612562
-0.00788106824228129
-0.0110490159168577
-0.0122215718750646
-0.0112408204251819
-0.0082938923181436
-0.00388320820453158
0.00131628964802113
0.00663637855915242
0.0115616938647376
0.0158091119335868
0.0193315160237346
0.0222487769755518
0.0247276203356569
0.0268607836714289
0.0286077827394175
0.0298293840646483
0.0303884682207697
0.030246994336902
0.0294960929809716
0.0283056123298801
0.0268329235437063
0.0251528652509573
0.023249689306402
0.0210655783354581
0.0185639150750779
0.0157647853503158
0.0127413649566074
0.00960018924294003
0.00647588703846137
0.00354522439835664
0.00103200582796388
-0.000829337645620259
-0.00186888315679693
-0.00205242925607417
-0.00150117785982773
-0.000447010711239515
0.000846691464895559
0.00215138058779413
0.00329672761577376
0.00415637828417321
0.00462749343170551
0.00463344153417508
0.00415324669731174
0.0032547613336857
0.0021014444749879
0.000918345865626089
-7.11027553612575e-05
-0.000708773259979663
-0.000942109850748349
-0.000837351952749545
-0.000574930858581737
-0.000429237797928224
-0.000723821459540007
-0.00175858044538962
-0.00372131622529905
-0.00660598180676979
-0.0101778816894322
-0.0140597513455941
-0.017974645964807
-0.0219659218696368
-0.0262448079225129
-0.0306974119329415
-0.0347194283228036
-0.0377368033691045
-0.0397152383731908
-0.040961482656253
-0.0415990546514228
-0.0414291199780025
-0.0402002754567598
-0.0378724449744084
-0.0346554643624884
-0.0308928359094597
-0.0269293212977435
-0.0230309663182529
-0.0193592349870713
-0.0159786816543934
-0.012879787870565
-0.0100063488029055
-0.00728433067767414
-0.0046523064558091
-0.00208912371828732
0.000372874991859898
0.00265998402796707
0.00469227885325062
0.00642363008370513
0.00786469747074164
0.0090786925078178
0.0101562826464976
0.0111851883914237
0.0122283855552904
0.0133170202411389
0.0144561244459228
0.0156364652975856
0.0168455372819759
0.0180739189582952
0.0193168342054661
0.0205716350654998
0.0218307961083104
0.0230712595333667
0.0242460703219165
0.0252873472510405
0.0261242682390976
0.0267092838151619
0.0270406624962307
0.027172188716331
0.0272021068461676
0.0272302016368735
0.0272801153568587
0.0272163810440068
0.0267184652701168
0.0253606205657276
0.0227773618134229
0.0188249199941219
0.0136439083198822
0.00759363476912559
0.00111126637102785
-0.00540952978599352
-0.0116516819067285
-0.0173261735735812
-0.0221172171761188
-0.0256988856392908
-0.0278333313924626
-0.0284883188198423
-0.0278992601909794
-0.0265434092643786
-0.0250391729485482
-0.0240033081403642
-0.0239049191016794
-0.0249579375117298
-0.0270835512621055
-0.029948460699332
-0.0330616089752439
-0.0359031936928912
-0.0380562146214108
-0.0393045768223807
-0.0396643566224223
-0.0393388328768169
-0.0386227666989564
-0.0378016150441712
-0.037083672549545
-0.036577944633925
-0.0363082777615746
-0.0362454838758461
-0.036338809997882
-0.0365285174240153
-0.0367275113231586
-0.0367820102193017
-0.0364494165136017
-0.0354340565277709
-0.0334822772021091
-0.030487412035029
-0.0265409959074279
-0.0219019846300708
-0.0169062137933451
-0.0118646270185391
-0.00699350222197648
-0.0023991371478368
0.00188499748420911
0.00583587829328548
0.00939614906914445
0.0124782835028612
0.0150117683138658
0.0169944294984953
0.0185101619195361
0.0197068971763164
0.0207586420886482
0.0218378780052605
0.0231034581437576
0.0246901302336109
0.0266883166997753
0.0291207054261218
0.0319335264928183
0.0350131161265764
0.0382218089644505
0.0414379295308588
0.044587694311114
0.0476635283547712
0.0507238533898799
0.0538645686048802
0.057154519534486
0.0605483725764076
0.0638230229734462
0.0665952545873534
0.0684406515011858
0.0690637173657567
0.0684230627741525
0.0667339701702205
0.0643416674609976
0.0615352072271256
0.0584075198103272
0.0548385200991892
0.0506005952107074
0.0455135551694147
0.0395616251424195
0.0329283890442572
0.0259579752022606
0.0190718714288943
0.0126665289728355
0.00701538048965714
0.0022067097602601
-0.00185306619575499
-0.00536683576153315
-0.00853895459546961
-0.0114882512621514
-0.0142250013143129
-0.0166934979483616
-0.0188406596149659
-0.0206591416707812
-0.0221781640085426
-0.023417932696049
-0.0243516571311303
-0.024910384084391
-0.0250284452386142
-0.0246948432704678
-0.0239749891556539
-0.0229928355460821
-0.0218896282575953
-0.0207837112784394
-0.0197475286531593
-0.0188049871638009
-0.0179434739251626
-0.0171318772633303
-0.0163371021161155
-0.0155347987048578
-0.014713820583542
-0.0138766158776951
-0.0130378884735726
-0.0122218322748042
-0.011456639457207
-0.0107661398251349
-0.0101615055123371
-0.00963753141063274
-0.00917575418660954
-0.0087519791974327
-0.00834291669465
-0.00792940463178849
-0.00750100445322603
-0.00707043177030479
-0.00669757681669627
-0.00650566781457096
-0.00666543860441982
-0.00734119122450839
-0.00862344535880942
-0.0104873277814464
-0.0128000049654169
-0.015369857066348
-0.0180097591008601
-0.0205858319474845
-0.023033547519464
-0.0253371686005041
-0.0274853300449864
-0.0294310905867119
-0.0310850273929688
-0.0323462838711047
-0.033145312322508
-0.0334637225163091
-0.0333180608899206
-0.0327186190264613
-0.0316239486873959
-0.0299284360229897
-0.0275370433616983
-0.0245113293171094
-0.0211357743216868
-0.0177905511510942
-0.0147561602002259
-0.012151146389978
-0.00999730686466337
-0.00827158678942397
-0.00690129613426895
-0.00576232692676785
-0.00471413696967893
-0.0036459930408079
-0.00250168426839992
-0.00127714731166766
-4.3576169120422e-06
0.00126632550929727
0.00248176241304763
0.0035998458203563
0.00460005481911593
0.00548749084655328
0.00628855845020923
0.00703970093676495
0.00777361359661144
0.00851004730319457
0.0092593766784582
0.0100417078960458
0.0109109643831988
0.0119625291429538
0.0133096358640445
0.0150372270006004
0.0171615186746341
0.0196200036023789
0.0222946797403564
0.025052410294625
0.0277841766718258
0.0304328699572869
0.0330016145514734
0.0355288940022092
0.0380208029488692
0.0403608401474387
0.0422570412518064
0.0432901537364704
0.0430720851310176
0.0414451504472549
0.038611218344016
0.0351064473181743
0.0316131095659777
0.0286827981533511
0.026496754716094
0.0247827705784029
0.0229368044987003
0.0202898117107467
0.0163809814061051
0.0111056624782065
0.00469648893283846
-0.00240021350924092
-0.00965280156312237
-0.0165243626162135
-0.0225247087842482
-0.0272776147916594
-0.0306046143652859
-0.0325782709565086
-0.0334996071558825
-0.0337972784852105
-0.0338826470594284
-0.0340056715902066
-0.0341583861063995
-0.034071516245898
-0.0333237104235257
-0.0315261325562376
-0.0284968754112462
-0.024343642680451
-0.019425620404339
-0.0142248423990306
-0.00919195106876133
-0.00463495026578142
-0.00069384828611669
0.00260506250593971
0.00526836710034616
0.00728922783976185
0.00865810650909173
0.00940451033067287
0.00962858435252871
0.00950271169333308
0.00924881368218475
0.00910287938414337
0.00927234321010813
0.00989285251709212
0.0109991747925186
0.0125254541389725
0.0143363443457284
0.0162744605401502
0.0182054481158617
0.0200490558207543
0.0217901757064767
0.0234640815633045
0.0251211782167007
0.0268069346154296
0.0285982634610155
0.0306516920477366
0.0331110949816559
0.0358394135922775
0.0382669821663131
0.0396554661209317
0.0395698196512501
0.0380697556926146
0.0355221661715313
0.0323450958110498
0.028894305603226
0.0254428829911453
0.0221648346735473
0.0191210861442914
0.0162772597355446
0.0135509214179746
0.0108594833283274
0.00814602337710152
0.00538427018586822
0.0025826108430563
-0.000195842374146055
-0.00280533771156855
-0.00501642961987608
-0.00657414675431141
-0.00730959576453685
-0.00725310566192872
-0.0066802194411492
-0.00605048322111606
-0.00585848805808965
-0.00646881815074097
-0.00801214289105341
-0.0103731138550758
-0.0132433459682023
-0.0161949623206658
-0.0187567992939391
-0.0205021041505888
-0.0211462875705324
-0.0206214615080464
-0.0190858016191001
-0.0168568135097011
-0.0143003700002246
-0.0117259305117195
-0.00932481684093607
-0.00716117778586356
-0.00520415487685627
-0.0033805906439136
-0.00162630297430693
8.25037938456076e-05
0.00172670258216979
0.0032656107214868
0.00466607774838839
0.0059221063050489
0.0070568375908353
0.00811059025688639
0.00912570134595795
0.0101371949119072
0.0111686613302343
0.0122229545103817
0.0132599342460571
0.0141720013314075
0.0147849139989104
0.0149022114276781
0.0143788234545431
0.0131858203515191
0.011437269406488
0.00937640451752482
0.00733183129939459
0.00565200512289544
0.00462699623513836
0.00441505200281831
0.00499178140829176
0.00612930250229238
0.00741075499284082
0.00829588781615665
0.00824733329637901
0.00688775712902936
0.00411812703655544
0.000134565574258412
-0.00466279906319837
-0.00981741215254179
-0.0149502650718649
-0.0198332494957262
-0.0243937843479991
-0.0286730207033852
-0.0327701126753606
-0.0367936269425612
-0.0408184519689411
-0.0448354386537992
-0.048699099236802
-0.0521109231175978
-0.0546799150322311
-0.0560577580141889
-0.0560884725501191
-0.0548952054154115
-0.0528619974801207
-0.0505221119299488
-0.0484016787744774
-0.0468783337472099
-0.0461033751169849
-0.0460080625880703
-0.0463794701903876
-0.0469634777768762
-0.0475446894771099
-0.0479703606717194
-0.0481220737307811
-0.047874362129945
-0.0470860773220994
-0.0456391684784802
-0.0434966367202915
-0.040734902071033
-0.0375269389790324
-0.0340875196191668
-0.0306111182157389
-0.0272287315162449
-0.0239948381498438
-0.0209036291065787
-0.0179265725128058
-0.0150567719330769
-0.0123398052183356
-0.00987222730359521
-0.00776046180247113
-0.00604993358267367
-0.00465227210005595
-0.00331186249841259
-0.001647389910279
0.000733142363869776
0.00409540503698246
0.00848805633260572
0.0137297088579393
0.019452234821715
0.0251654273533589
0.0303356999455962
0.0344899701688555
0.0373325097470878
0.0388265799344689
0.0391932706654317
0.0388220337370701
0.0381319282912998
0.0374383766244137
0.0368703451898596
0.036362702411454
0.0357224318573169
0.0347371906213851
0.0332747862262487
0.0313297998201575
0.0290074180757875
0.0264716933935005
0.0238998744420106
0.0214667936811916
0.0193491205557118
0.0177191759420194
0.0167108833531143
0.0163728536978185
0.0166423967289089
0.0173619760128061
0.0183305612559649
0.019362808761339
0.0203305793624712
0.0211761553812846
0.0219011979210484
0.0225428368915267
0.0231485335659824
0.0237575855812712
0.0243921176302994
0.0250562296417458
0.0257403435874825
0.0264287414079931
0.0271088257826997
0.0277771200101317
0.0284318308165737
0.0290452990600788
0.0295279768385865
0.0297150463534165
0.0294020723980592
0.0284218062242894
0.0267191773273018
0.0243792921505353
0.0215951495936192
0.0185982451815064
0.0155893858507293
0.0126966221537698
0.00996723235675077
0.00738535461122537
0.00490106367004117
0.00245844917236829
1.54212497216326e-05
-0.00244725754098505
-0.00492765136245959
-0.00741291206628495
-0.00989097272993269
-0.0123501861476304
-0.0147561154892584
-0.0170141708804484
-0.018950080547005
-0.0203387524343369
-0.0209777373714365
-0.0207670039558624
-0.0197585280571255
-0.0181627419098877
-0.016296246084223
-0.0144393977964146
-0.0126441914992328
-0.0106931495102922
-0.00837316817273277
-0.00581876723507939
-0.00344858546428054
-0.00153072239427245
3.3847308853942e-05
0.00146565235254817
0.00280672977631441
0.00391932415825369
0.00466795513266288
0.0050352195351274
0.00510857747600391
0.00501437270689635
0.00486642800085475
0.00474336266079264
0.00468565104317051
0.00470564472597778
0.00480521341371056
0.00499121377772895
0.00527907683871464
0.00568371100735711
0.00620665036271906
0.00682983724195639
0.00751982962691976
0.00823875158797153
0.00895531581318248
0.00965073301249121
0.0103181180488829
0.0109586141899318
0.0115806653555228
0.0122067161381961
0.0128830928671391
0.0136810393108959
0.0146798554611217
0.0159367974489108
0.0174604591167298
0.0192039788124878
0.0210832897663086
0.0230114117252147
0.0249267488663086
0.0267878049730731
0.028522653637465
0.0299619733588898
0.0308179997932509
0.0307539229300765
0.029519939485041
0.0270733623011423
0.0236069180694206
0.0194732240395888
0.0150583697379868
0.0106788701531172
0.00654880477702075
0.00281135163164723
-0.000413253937598658
-0.00301325818484055
-0.0049159109199379
-0.0061310859754659
-0.00676699543773707
-0.00700573474123817
-0.00706029015297097
-0.00714128570127379
-0.00744072961437856
-0.00811866546676921
-0.00928021145194508
-0.0109499714505109
-0.0130638328578436
-0.015490100777198
-0.0180719624840262
-0.0206707887018474
-0.0231937137317028
-0.0256020400303717
-0.0279051114590426
-0.0301403896650579
-0.0323336698263235
-0.0344416894892237
-0.0363052970146089
-0.0376575125190545
-0.0382062951116709
-0.0377563267762214
-0.0362981708708534
-0.0340139591057866
-0.0312080526768807
-0.0282158475950965
-0.0253402536572673
-0.0228268282294059
-0.0208561769572676
-0.0195320184903323
-0.0188636274449888
-0.018754012376093
-0.0190020846772103
-0.0193231652456458
-0.0193944518479794
-0.0189270000915963
-0.0177453742131764
-0.0158377552080588
-0.0133459371231228
-0.010497055090629
-0.00751616309303973
-0.00457365614347783
-0.00179140237145617
0.00073379321821141
0.00295461267183806
0.00492664936659769
0.00678825138122616
0.0086514343321567
0.0105316548605848
0.012390099920497
0.0142011031325903
0.0159530165999987
0.0176075608930317
0.0190856203777284
0.0202973106401433
0.0211867261134429
0.0217593862000434
0.0220819176764082
0.0222582289149806
0.02238602912781
0.0224977372015115
0.022505668530795
0.0221902859441659
0.021260584778069
0.0194697213424347
0.0167239518595048
0.0131232943874157
0.00891921152652146
0.00442587459459046
-6.27892905220939e-05
-0.0043206301307412
-0.00820401238167551
-0.0116507391848335
-0.0146734642804499
-0.0173466436224266
-0.0197835188210443
-0.0221037199014293
-0.024395698196902
-0.0266817485279012
-0.0288996014559893
-0.030916608816493
-0.0325796191654965
-0.0337799729733622
-0.034499703682478
-0.0348165377213869
-0.0348714118086578
-0.0348193917332758
-0.0347822633457289
-0.0348101344447976
-0.0348572952769759
-0.0347846688136528
-0.0344003446266884
-0.0335304907836697
-0.0320893080503624
-0.030112444750458
-0.0277388336373531
-0.0251536494205137
-0.022520941433031
-0.0199342028783834
-0.0174022388515741
-0.014871379208682
-0.0122685016345687
-0.00954103445275618
-0.00667675807888678
-0.00370359219314999
-0.00068302268701433
0.00229193884651391
0.00509879233058588
0.00760187783405043
0.00968771983922001
0.0113040408953864
0.0124797888288036
0.0133185888849967
0.0139783176309838
0.0146517026043691
0.0155471287790646
0.016858459374763
0.0187225458483237
0.0211794377338039
0.0241513235111363
0.0274440662093433
0.0307701642432589
0.0337978621987573
0.0362279930633902
0.0378781982423608
0.0387350080422718
0.0389442421269502
0.0387455133650601
0.038387600528357
0.0380641314593928
0.0378846036294691
0.0378667282667731
0.0379289983910239
0.0378845867679811
0.0374637559241576
0.0363855274994713
0.0344581423097827
0.0316541036605619
0.0281182158396456
0.0241132356402097
0.0199381943072485
0.0158453756115736
0.0119685914984726
0.00829993163181085
0.00476538207787819
0.00135436421026893
-0.00185195752029178
-0.00480101243096761
-0.0075658101309588
-0.0102797798395281
-0.0129979198987866
-0.0156286177197821
-0.0179583971948082
-0.0197244889354273
-0.0207052105163997
-0.0208027065330852
-0.0200829936597353
-0.0187550508571119
-0.0171073831429939
-0.0154389927657093
-0.0140086207926974
-0.0130036148585038
-0.0125205643735231
-0.0125527004505174
-0.0129826446015428
-0.0135830840004326
-0.0140363950460144
-0.0139884893981482
-0.013139435148958
-0.011348475694477
-0.00871268435102896
-0.00557818884826591
-0.00246179503871908
0.000102259839387731
0.0017322716517634
0.00230668535548586
0.00195620724159798
0.000950135081514002
-0.000454581955902123
-0.00211831732948525
-0.0040323979709155
-0.00625701115930864
-0.00883884880423415
-0.0117599061710512
-0.0149351549588102
-0.0182446796645475
-0.021573940188525
-0.024841845201359
-0.0280093398857496
-0.0310730998882416
-0.0340546019763475
-0.0369898193056566
-0.0399109786132405
-0.0428050584791297
-0.0455526319391333
-0.0478874993985978
-0.0494311162996673
-0.0498147175107593
-0.0488325376389698
-0.0465366229706868
-0.0432199096755221
-0.0393057948637542
-0.035210582367889
-0.0312429997160477
-0.0275687094281784
-0.0242295150699187
-0.0211880604549557
-0.0183716120294634
-0.0157023806601176
-0.0131141877836301
-0.0105600980739726
-0.00801441904553733
-0.00546954954934706
-0.00292699669950036
-0.000384117824664946
0.00217741591598648
0.00479343921623264
0.00750607194477077
0.0103452384504574
0.0133141784401089
0.0163869095816018
0.0195174091445545
0.0226550907623556
0.0257610737250275
0.0288191202951048
0.0318303228534205
0.0347800035192647
0.0375819874029427
0.0400350577348746
0.041840235906687
0.0427008920011471
0.0424725912223195
0.0412868408103427
0.039574216104471
0.0379578127228557
0.0370517883848988
0.0372471250398435
0.0385736332344608
0.0406940346282584
0.0430313315138697
0.0449761836591912
0.0460876034225601
0.0462067117457606
0.0454505425897425
0.0441132624789117
0.042536957100178
0.0410052482491673
0.0396771056541681
0.038551458705533
0.0374578567876003
0.0360890482746174
0.0340905255130942
0.0311868025466976
0.0272867454503471
0.0225122243877352
0.0171390783026527
0.0114913209167083
0.00585106817924976
0.000425912118332442
-0.00463074305753304
-0.00918795349237752
-0.0131348371016106
-0.0164130296945608
-0.0190543960897281
-0.0211882241896218
-0.0230016417865495
-0.0246622717821686
-0.0262331469529802
-0.0276232686750994
-0.0286105051219796
-0.0289370892692554
-0.0284306948577693
-0.027085113854487
-0.0250617395949565
-0.02262258456375
-0.0200386553212447
-0.0175171077772814
-0.0151682091898455
-0.0130099560944872
-0.0109970369855016
-0.00906111091357063
-0.00715236908371768
-0.00527126162445659
-0.00347715654188504
-0.00186674928186918
-0.000530952658264589
0.000486944924592321
0.00120985493904358
0.00171524308559651
0.0021032457735325
0.00246303871735791
0.00285444929123335
0.00331271825710399
0.00387037438897952
0.00457785765445775
0.00550406622099627
0.00671298757432751
0.00823183934528678
0.0100329053281508
0.0120404610379996
0.0141566817409214
0.0162906288368944
0.0183776206972308
0.0203866488331434
0.022319869802753
0.0242035715613282
0.0260609700151081
0.0278620519206964
0.0294720506559572
0.0306439365870522
0.0310851831077633
0.0305754552898805
0.0290677780214411
0.0267140023002421
0.0238051497903555
0.0206628589666634
0.0175322900828992
0.0145165990521703
0.0115735284430716
0.00856950404777244
0.00536001387935049
0.00185440968785033
-0.00195646443758082
-0.00599471109132175
-0.0100832328913182
-0.013928445043002
-0.0171395592442998
-0.0193198398542803
-0.0202048974160864
-0.0197696223209503
-0.01823853736845
-0.0160024237265199
-0.0135008064059133
-0.0111295351647206
-0.00919119492164979
-0.00787228790067809
-0.00723188820981371
-0.00720596374795237
-0.007638533097916
-0.00833507334271065
-0.00911287451696208
-0.00982150176139112
-0.010330288248066
-0.0105094532852859
-0.0102382378253873
-0.00944783819710316
-0.00817103854778676
-0.00655711373298577
-0.00483070715062422
-0.00320856160469097
-0.00181279147597903
-0.000623063222769902
0.000504868425001002
0.00175569446278313
0.00324249577962653
0.00492470702217106
0.0066040970710269
0.00800483703361291
0.00889889106994411
0.00921845361024685
0.00910534780918329
0.00886944213233627
0.00885956070240846
0.00929296429502456
0.0101264054147325
0.0110469124712341
0.011598258779653
0.0113764488691529
0.0101881969432255
0.00809891736152722
0.00536881509384253
0.0023311600970688
-0.000722762911423689
-0.00361144825266094
-0.00627531687567214
-0.00874756631224695
-0.0111070452664671
-0.0134347164337124
-0.0157870192779408
-0.0181880845751522
-0.0206323396294481
-0.0230857033651093
-0.0254815159852898
-0.0277210732292586
-0.0296930305331055
-0.0313109565480822
-0.0325444318173011
-0.0334123531596128
-0.0339327403321066
-0.0340636988575486
-0.0336859077793678
-0.0326483084881379
-0.0308516283214038
-0.0283232060355393
-0.0252519883272046
-0.0219755026018544
-0.0189189162046789
-0.0164928457397034
-0.0149785358699222
-0.0144506242923126
-0.014776461878839
-0.0156838688852838
-0.0168449397642264
-0.0179247125313575
-0.0185906100637621
-0.0185239850098122
-0.0174704162381096
-0.0153156557108234
-0.0121341509707514
-0.00816947746254901
-0.00375585445417714
0.000772814570977277
0.00514512980731925
0.00917736803756376
0.0127776648630641
0.0159407923165369
0.018725812852781
0.0212050395967901
0.023396424070791
0.0252197281100106
0.0265147779719303
0.0271222184374268
0.0269856108387557
0.0262216476510681
0.0251243890581258
0.0240991874210912
0.0235456914899151
0.0237228922676851
0.0246362692931457
0.0259912104590506
0.0272494529703709
0.0277894222498532
0.0271136675096854
0.0250119033789204
0.0216145071597587
0.0173372421384968
0.0127631075195657
0.00850443772377539
0.00506831378054476
0.00274730887959245
0.0015684143533406
0.00132374005554422
0.00166994862106613
0.00224732485916694
0.00276451704215381
0.00302484980976384
0.00291121230199416
0.00236894814164584
0.00141507421579287
0.000167354756478093
-0.00114338281964547
-0.00221224838977856
-0.00274836464024239
-0.00256948610100128
-0.00165613542690233
-0.000153527583960703
0.00165575863132362
0.00338939883756861
0.00462313904137225
0.00498333806350763
0.00425250433497742
0.00243257811636207
-0.000270572653423441
-0.00351816161492565
-0.00690464944729225
-0.00998672334573673
-0.0123037442850528
-0.0134395874732995
-0.0131298286990173
-0.011356369344555
-0.00836176195228532
-0.00456520400247004
-0.000421577084550927
0.003709667283237
0.00762994123032424
0.0112761477794169
0.0146217123945216
0.0175657418363928
0.0198888816854811
0.0213152522267267
0.0216429750599193
0.0208539947147985
0.0191318324409044
0.0167838935667701
0.014124019547579
0.0113814512151101
0.00867017637383775
0.0060107691345118
0.00337398614882297
0.000719397734429828
-0.0019781853149556
-0.00470655686100662
-0.00739356250868057
-0.00989673971480841
-0.0120266444881783
-0.0136078371218484
-0.0145479436075902
-0.0148687477092249
-0.0146753261610906
-0.0140845545860901
-0.013163830578459
-0.0119192733918456
-0.0103321016953455
-0.00840808511937696
-0.00620254504204809
-0.00380834284874456
-0.0013252860856549
0.00115512177269861
0.00352885622870034
0.00563847103397391
0.00725772322557789
0.00813623020890986
0.00809217411070106
0.0071044318390143
0.00536009334687998
0.00324159722101938
0.00125703065139775
-7.50709054394208e-05
-0.000362690871294222
0.000540322450406453
0.00247463081061602
0.00500263155278886
0.00752388260591194
0.00944820525931652
0.0103677517256911
0.0101657853552375
0.00902956938438926
0.00737587147692582
0.00572271966658775
0.00454693203901649
0.00416449191521427
0.00466154276591984
0.0058856066582843
0.00748987444968717
0.009018775099731
0.0100221899350952
0.0101742377418173
0.00935721398978543
0.00767462128805858
0.00538656078297677
0.00279738616550614
0.000145372466106042
-0.00246223535368825
-0.00505104885365408
-0.0077285366400108
-0.0106047045218725
-0.0137080889783587
-0.0169199661237541
-0.0199568835472368
-0.022428544966855
-0.0239641641537911
-0.0243518582437649
-0.0236176534098747
-0.0220051348597392
-0.0198756342393304
-0.0175860145147374
-0.0153973624964188
-0.0134385497913144
-0.0117193357131765
-0.0101726535080519
-0.00870433583765892
-0.00723354618132295
-0.00571354118036453
-0.00413088438326312
-0.00249392035698745
-0.000831835083873854
0.00078128385962101
0.00219204238385281
0.00316424735351891
0.00343638041605569
0.00282137012247605
0.00129006465136194
-0.00100994735823217
-0.00380051644943085
-0.0067475158822697
-0.00952924868423142
-0.0118880613866526
-0.0136685441946948
-0.0148403853912168
-0.0154939657818564
-0.0157971943040482
-0.0159160940820731
-0.0159244683901978
-0.0157470523173862
-0.0151755871034701
-0.013959425370849
-0.0119254200913556
-0.00906557124103377
-0.00555663279786093
-0.00171521224719097
0.00208628767417114
0.00551496199604831
0.00835770283810542
0.010562304051948
0.0122252542454527
0.0135316611731018
0.0146722157439073
0.0157712818779495
0.016854807606884
0.0178679803031434
0.0187277202043028
0.0193770790396868
0.0198087406566399
0.0200449981205209
0.0200914748648189
0.0199018740978216
0.0193839986450375
0.0184458491154931
0.0170502968475159
0.0152429259358388
0.0131398707483485
0.010888129518356
0.00862066802822713
0.00642374696359762
0.00432733879849583
0.0023260862946377
0.000428522677417603
-0.00128941766723025
-0.00266675170942977
-0.00350027856142578
-0.0036290494770085
-0.00301075393572116
-0.00175276488142781
-9.7827368683442e-05
0.0016164840020869
0.00301543957045816
0.00376280357085653
0.00364312921496455
0.00262164172125893
0.000856317741806951
-0.0013406718259855
-0.00357740983837102
-0.00547413424015668
-0.0067524435832266
-0.00729623697041165
-0.00716162066265646
-0.00653286958637723
-0.00564676368269497
-0.00471806648280543
-0.00388927293729876
-0.00321226923934075
-0.00266305591379716
-0.00218713260234731
-0.00175225214094008
-0.00135932527798104
-0.000994573840417151
-0.000598030730251953
-0.000131572440492452
0.00031004075619506
0.000487518921915535
0.000133229749225727
-0.00091523733202521
-0.0026588725802374
-0.00495880472260424
-0.00759185049146452
-0.0103077581137451
-0.0128768831600565
-0.0151270170660504
-0.0169679725037127
-0.018399638275436
-0.0194998393732181
-0.0203923296473405
-0.0211992655851522
-0.0219880098930288
-0.0227317017604358
-0.0233082934407039
-0.0235486542865984
-0.0233129214555139
-0.0225525780628731
-0.0213279335153965
-0.0197869182519676
-0.0181351667015664
-0.0166164953030012
-0.0154928671294426
-0.014998920364783
-0.0152639341605698
-0.0162282550106793
-0.0176045606445631
-0.0189268168124603
-0.0196872721257279
-0.0195061325017568
-0.0182515872415711
-0.0160550400886633
-0.0132272503760787
-0.0101290685982429
-0.00705802067775065
-0.0041875731450548
-0.00156398857924482
0.000857031167542096
0.00316092192396675
0.0054347677804689
0.00774380022959605
0.0101102343504239
0.0124776888889613
0.0146691780136341
0.0163790374841459
0.0172398536784512
0.016961679189434
0.0154858015028767
0.0130730849937953
0.0102714626562019
0.00776202488523036
0.00614048184708738
0.00572259688123436
0.00645183547108615
0.00794170333668759
0.00962885467481824
0.0109708551037839
0.0116099287220128
0.0114456547230738
0.0106051797641089
0.00934527976470693
0.00794297638020925
0.00662196811237208
0.00553096052880382
0.00475828225230183
0.00435370487125158
0.00433601218009865
0.00468077082622985
0.00529531268336321
0.00599755916657945
0.00652254831141974
0.0065742762288607
0.00591320905728022
0.00443859116754696
0.00221922338608066
-0.00054476825859316
-0.00360663274914638
-0.00676042079505664
-0.00989429197393552
-0.0129938995272927
-0.0160976273576862
-0.0192172112040603
-0.0222522567794937
-0.0249430020463025
-0.0269013919242166
-0.0277230914662786
-0.0271323730014133
-0.0250857842581663
-0.021779453330708
-0.0175583733290868
-0.0127840740365882
-0.00774213509680869
-0.00263355045327125
0.00238517887622127
0.00717618146442049
0.0116014021350227
0.0154674737198536
0.018491302979158
0.0203939532192974
0.0210762062026295
0.0206962981886179
0.0195751059396034
0.0180315988637737
0.0162775809369966
0.0144064687057256
0.0124363151600592
0.0103643740861031
0.00822000415930262
0.00611322260958048
0.00425917962904242
0.00294816949795448
0.00245612347420803
0.00293618273166392
0.00435253602948134
0.00649156843250118
0.00903757769283487
0.0116707121908001
0.0141474371965992
0.0163430501933876
0.0182508947839641
0.0199393978024348
0.0214769586755482
0.0228536554087484
0.0239439722194546
0.0245412679372358
0.024450456951515
0.0235846222689223
0.0220104224784957
0.0199237761489374
0.0175760029928763
0.0151850423314655
0.0128618241299132
0.0105753930941949
0.008173112037487
0.00545309126388916
0.00225741531741536
-0.00146063867545188
-0.0056264012565293
-0.0100839837828251
-0.0146502666995015
-0.0191474309457461
-0.0234077300151246
-0.0272718458752876
-0.0306013228189234
-0.0333013649613295
-0.0353345067879523
-0.0367159361185334
-0.0375000468519022
-0.0377706616723692
-0.0376356370131831
-0.0372186223653425
-0.0366435375021677
-0.0360127037152432
-0.0353825257003155
-0.0347451849657818
-0.0340300714366274
-0.033132586289273
-0.0319558123091068
-0.0304338198188171
-0.0285233081842603
-0.0261944256873497
-0.0234676138573028
-0.0204943669112815
-0.01760919445083
-0.01527269277627
-0.0139023431807607
-0.0136769242462576
-0.0144245939447829
-0.0156564561908067
-0.0167310525936783
-0.0170737147911898
-0.0163536497080695
-0.0145505749345884
-0.011905061463118
-0.00880139597394404
-0.00564502513756977
-0.00277204880443642
-0.000397738139565557
0.00140134349710484
0.0026753928103051
0.00356424408627035
0.00424736317127702
0.00489769615806094
0.00565067355129525
0.00659001845605549
0.00774651414738963
0.00910471967212587
0.0106117238479263
0.0121829100274889
0.0137065347996834
0.0150566457772408
0.0161200430492756
0.016826608613867
0.0171614541991509
0.0171483789850243
0.0168183947806414
0.016189030359162
0.0152683215984446
0.0140766296179532
0.0126696426428163
0.0111495199875217
0.00965795263764236
0.00835036058427734
0.00735729738903228
0.00674579088359068
0.00649348056737212
0.00648250746105268
0.00651584346986077
0.00635781690748562
0.00579587834925085
0.00470926444877723
0.00311985736468884
0.00120048698498336
-0.000770717765544122
-0.00249779462799006
-0.00376129914000296
-0.00447891618878746
-0.004710269608406
-0.00461293006210924
-0.00437369433478503
-0.00413748027951688
-0.00394943872437336
-0.00372685621401719
-0.00327899180878643
-0.00237935035698504
-0.000867176836716614
0.00126624529225244
0.00384837942955118
0.00656999280920698
0.00908587575956427
0.0111277863896021
0.0125815079895461
0.0134991290104833
0.0140459135155753
0.0144038292547481
0.0146691315601395
0.0147897272642005
0.0145781130049721
0.0137987999216209
0.0122839547721611
0.0100141802386353
0.00712762030118586
0.0038653966487954
0.000489943702665642
-0.00278504704199149
-0.0058260288257555
-0.00856193325194909
-0.0109312147616973
-0.012832952710323
-0.0141244647213009
-0.014674612748052
-0.0144361805180769
-0.0134854770708352
-0.0120073958217134
-0.0102484922558251
-0.00847590920119477
-0.00695594455961328
-0.00593438078885558
-0.00559839632751857
-0.00602764218045998
-0.00716594183282555
-0.00883833234913104
-0.0108092960536038
-0.0128538119328872
-0.0148075044274409
-0.0165730053179792
-0.0180820773272325
-0.0192423505619836
-0.019916835404851
-0.0199700647378982
-0.0193654305453402
-0.0182495950806644
-0.0169557942977972
-0.0159058806087198
-0.0154529319218237
-0.0157374661344383
-0.0166198066708265
-0.0177172471533582
-0.01853392422853
-0.0186318345040118
-0.0177695316318264
-0.0159509945451586
-0.0133769712498037
-0.0103400178064112
-0.00711908951165794
-0.00390944798473652
-0.000795384978431946
0.00224130619841459
0.00528668055868113
0.00844664283057552
0.0118034264347243
0.0153888018199858
0.0191678710554867
0.0230173858737651
0.0267014223583569
0.029878461208833
0.0321737818102383
0.0333046019511277
0.0331938868475288
0.0320045407460726
0.0300729237182805
0.0277778025505521
0.0254093390173707
0.0230942876285259
0.0208002946739166
0.018402558076462
0.0157711113902545
0.0128403112783023
0.00964545194668878
0.00632970884312471
0.00312390982835439
0.000295446347299061
-0.00192826919188618
-0.00343447817017938
-0.00425992291943757
-0.00456413052685468
-0.00455257366884418
-0.00438910382963073
-0.00414449233152945
-0.00381072697999021
-0.00337371735005083
-0.00289744160014126
-0.00255896020910985
-0.00260443187950021
-0.00325187646674024
-0.00459901174123203
-0.00657791436389962
-0.00895916894597512
-0.0113908996721314
-0.0134675915773053
-0.0148261874618037
-0.0152458667941794
-0.0147100204201813
-0.0134036911544465
-0.0116552133247049
-0.00985139302550149
-0.00835041546421835
-0.00740690721610354
-0.00712518408959954
-0.00745753012936309
-0.00824617805885768
-0.00927879629753414
-0.0103194982314165
-0.0111071649123539
-0.011353077636589
-0.0107742100539043
-0.00915857811692404
-0.00641984998605415
-0.00260495804128635
0.00213828958347054
0.00759493761840491
0.0134905269541621
0.019484653966318
0.0251872977282756
0.0302160222837606
0.0342674428590029
0.0371566351978941
0.0388086071783088
0.039231030757651
0.0385046287221812
0.0367935453976215
0.0343469619292547
0.0314678738626115
0.0284538262417579
0.0255362473832294
0.0228445026879824
0.0204049540992623
0.0181685253769713
0.0160512914102874
0.0139721345275154
0.0118761963061236
0.00974016960452208
0.00756481706131556
0.00536863728535382
0.00319612113471539
0.00113808870716631
-0.000661112342748979
-0.00204040822984634
-0.00290610569247877
-0.003321208625471
-0.00353519749036204
-0.0039180149035304
-0.00482518323521735
-0.00646777567489027
-0.0088534659203612
-0.0118138145890615
-0.0150832739509586
-0.0183817201535746
-0.0214724410049399
-0.0241943049235404
-0.0264776994651547
-0.0283467111813631
-0.0298980349370418
-0.031246097782255
-0.0324427071686882
-0.033409486972958
-0.0339335346618987
-0.0337465586065919
-0.0326501670830264
-0.0306143859163042
-0.0277955078446518
-0.0244738081982866
-0.0209547032130691
-0.0174824748345703
-0.0141944574693664
-0.0111207322608723
-0.00822208259699734
-0.0054512554904006
-0.00281224839570792
-0.00038673720873618
0.00169060014666394
0.00329808544666305
0.00440202639605649
0.00510558558018527
0.0056484348415673
0.00635187236451758
0.00752562877499693
0.00937131232002504
0.0119186872075166
0.0150124469847678
0.0183471377609189
0.021540475302247
0.0242315485454307
0.0261781648589558
0.0273168732002731
0.0277601048162207
0.0277363396391238
0.0275056544824967
0.0272832818919237
0.0271847360977379
0.027193135193363
0.0271553941566989
0.0268223121401077
0.0259336769764323
0.0243173164544035
0.0219540370027926
0.0189807933642595
0.015643843549587
0.012234904748247
0.00903369681406878
0.00626100831975741
0.00404168728392876
0.00238558171847337
0.00119782728849605
0.000318820106465413
-0.000421692847235625
-0.00115871559870109
-0.00197028640075523
-0.00288246742348079
-0.00389123043624879
-0.00498634464416442
-0.00616597377893644
-0.00743773784007813
-0.00880526504538916
-0.0102400238252358
-0.0116461651433551
-0.0128417824915022
-0.013584598428815
-0.0136464538800971
-0.0129025456723687
-0.0113841574648031
-0.00926582255702702
-0.00679923991685581
-0.00423209984356226
-0.00174607424522902
0.000571357102747918
0.00272005604232911
0.00474607620155303
0.00667203267309449
0.00842522392374453
0.00980954564162407
0.0105539505991993
0.0104204034194658
0.00931128397885445
0.0073230571037919
0.00473782436776208
0.00197539459238982
-0.000478706953386275
-0.00216960810693167
-0.00278253638929966
-0.00222555477748086
-0.000641926794166351
0.00165548095882629
0.0042902845116317
0.00691748562430855
0.00927841737996663
0.0112189671384914
0.0126871418806625
0.0137185502029496
0.0144106638002243
0.0148922479010864
0.0153038122821189
0.0157998462424256
0.0165619775317978
0.0177937868540663
0.0196724180217562
0.0222592466722444
0.0254065322506357
0.0287199666055967
0.0316268332983693
0.0335457669065991
0.0340850716658006
0.0331704007590649
0.0310475798128301
0.0281827013866083
0.0251236552413621
0.0223745327462039
0.0203022532271799
0.0190810379302294
0.0186835348989798
0.0189234426170687
0.0195357869293776
0.020263958565712
0.0209235564932805
0.0214300014176723
0.0217948100836825
0.0221016623013148
0.022466714593543
0.0229795407511191
0.0236287149597674
0.0242425590092199
0.0244945130961678
0.0239989628940001
0.0224615380721416
0.0198010878855552
0.0161755190405366
0.0119081411076891
0.00736945816306444
0.00287986038627207
-0.00133460267114244
-0.0051431703524494
-0.00849644648719987
-0.0114153507401793
-0.013979209314602
-0.016299411671592
-0.018475510965615
-0.0205522124373232
-0.0225077259724171
-0.0242892085304236
-0.0258752411448104
-0.0273197458595679
-0.0287440625847752
-0.0302853745424697
-0.0320410707299787
-0.0340407396570456
-0.0362414811005393
-0.038519042498346
-0.0406454687731647
-0.0422848517532525
-0.0430506027473934
-0.0426249615149014
-0.0408823405705727
-0.0379448522538364
-0.0341448832173752
-0.0299276737213983
-0.0257450162162383
-0.0219685169719107
-0.0188257484789385
-0.0163616272507412
-0.0144391627981732
-0.0127912821346977
-0.0111122563189348
-0.0091550094623743
-0.00680198819301984
-0.00409759825979544
-0.00124337286810076
0.00144927644500819
0.00365925348313447
0.00519642450655601
0.00612491666679905
0.0067870164862455
0.00768068349338171
0.00922800613787425
0.0115493114230319
0.0143698358828064
0.0171172536218861
0.0191595589508445
0.0200553808853723
0.0196937037532379
0.0182778799824374
0.0162002159686847
0.0138978997444556
0.0117593052862422
0.0100900283730294
0.00910169135978264
0.00888840852525109
0.00939541609112009
0.0104166314172692
0.0116482519304073
0.0127840188418756
0.0136056616990814
0.0140274996112111
0.0140859454405151
0.0138894922898982
0.0135508507918479
0.0131318118031777
0.0126411253717838
0.0120904103626424
0.0115483656397326
0.0111340444030055
0.0109620879363844
0.0110930969932315
0.0115147685672594
0.0121450991716187
0.0128459171749108
0.013446671718531
0.0137819475961785
0.013738145576046
0.0132950816391179
0.0125448440543619
0.0116728425264809
0.0108947936642487
0.0103639420037339
0.0100920035197581
0.00994018580550797
0.00970504483489945
0.00925637096091143
0.00863405332225189
0.00802874804397674
0.00765134349150877
0.00757725142514862
0.00767013045157995
0.00763290104584433
0.00714768811398877
0.00601574106214221
0.00422376102977601
0.0019200586931829
-0.000665717181641674
-0.00331009460801279
-0.00585555616275805
-0.00823106356627248
-0.0104398020642815
-0.0125294049788108
-0.0145609002316887
-0.0165869143345525
-0.0186392096445205
-0.0207172709177803
-0.0227727187587791
-0.0246986772469997
-0.0263427129740085
-0.0275499598974493
-0.0282165650628695
-0.0283206226217977
-0.0279142115397695
-0.0270893421773898
-0.0259441611108038
-0.024566495761457
-0.0230355587035134
-0.0214334241347634
-0.0198552330650207
-0.0184072525813979
-0.0171877463547106
-0.0162583442446945
-0.0156240490149273
-0.0152368899028902
-0.0150223394325646
-0.0149121876462713
-0.0148651392991638
-0.0148675031416959
-0.0149199351484401
-0.0150201754896078
-0.0151450243330313
-0.015229554761924
-0.0151490821737993
-0.0147226828089196
-0.0137547820849965
-0.0121055184124806
-0.00975233798951201
-0.0068038183902472
-0.00345736182698186
6.83571424095017e-05
0.00357894955832937
0.00690366538728354
0.00987265594245706
0.0123262244164886
0.0141835225644069
0.0155309703364383
0.016650533416526
0.0179420220126816
0.0197711174904549
0.0223235202640547
0.0255333065703833
0.0291087806760586
0.0326385470851474
0.0357316664365893
0.0381285157632014
0.0397305641158214
0.0405475459536987
0.0406171160503597
0.0399626755365373
0.0386094050677038
0.0366252272855908
0.034143546861921
0.0313551184276388
0.0284846257469611
0.025768810038587
0.0234375250617626
0.0216837610767897
0.0206086244771191
0.0201548324924529
0.0200765991312375
0.0199898079842221
0.0194971149377363
0.0183306597886131
0.0164417757215047
0.0139984633845311
0.0113010760357548
0.00865924531836286
0.00627440975685386
0.00415913580045509
0.00211731404075784
-0.000198031294878492
-0.00316043681383389
-0.00703049226502073
-0.0118643496341599
-0.0174968193793181
-0.0235765458155394
-0.0296212273141855
-0.0350906316640959
-0.0394924425331176
-0.0425093051805648
-0.0440962561417863
-0.0444959224628538
-0.0441597191170861
-0.0436097324306541
-0.0432964453843323
-0.0434987010053262
-0.0442868600016693
-0.0455430953755936
-0.0470171587669956
-0.0483952116642138
-0.0493652949365996
-0.0496683046582929
-0.04912962312108
-0.047674723075884
-0.0453346959656669
-0.042240688516772
-0.0385993169654671
-0.0346465863361036
-0.030594298681659
-0.026595588355709
-0.022750197560591
-0.0191438811321782
-0.0158878783893119
-0.0131207216888345
-0.0109646914009133
-0.0094678522480265
-0.00857277867969613
-0.00812623134471125
-0.00791020665802493
-0.00766890019103761
-0.0071298772935496
-0.00604006741507766
-0.00423034542032085
-0.00169078494428614
0.00138825209910174
0.0046494101811626
0.00767761382773674
0.0101391108031467
0.0118821026745124
0.0129517708422939
0.013521637544332
0.0137878050387439
0.0138871127001995
0.013879093189806
0.0137886274558875
0.013667712278119
0.0136262482157848
0.0138093731106646
0.0143404486301834
0.0152700204959042
0.0165571085263663
0.0180791678626185
0.0196527383555541
0.0210577331811382
0.0220734726281043
0.0225301929365703
0.0223592387748009
0.0216137552611606
0.0204450171582271
0.0190466362006121
0.0175967762272454
0.016224786453032
0.0150089388262054
0.0139923737605826
0.0131987857863015
0.0126381580977435
0.012302890184423
0.0121554969661597
0.0121074905943079
0.0119985536030743
0.0116002420266804
0.0106646769384598
0.00900654538509513
0.00657365916764653
0.00346423127799771
-0.000110446406154306
-0.00388009046586927
-0.00754919184552188
-0.0108105757127719
-0.0133703033441419
-0.0150062251694353
-0.0156431340833896
-0.0153994626171371
-0.0145695698618096
-0.0135410475919655
-0.0126805731620339
-0.0122355253838682
-0.0122880272969647
-0.0127713443226445
-0.0135304591101265
-0.0143929507445302
-0.0152188224909435
-0.0159152962987699
-0.0164246415013436
-0.0167065582179274
-0.0167330821518183
-0.0164979858877553
-0.0160284676026251
-0.0153846234376275
-0.0146403422893567
-0.0138511362161476
-0.0130246600938453
-0.0121125674572744
-0.0110324798361229
-0.0097098246905949
-0.00811577836770229
-0.00628124811455878
-0.00428334843597872
-0.00221553671288126
-0.000156990047246612
0.00184579870713459
0.0037764587671912
0.00562387579341889
0.00734741739257784
0.00885737195923472
0.0100319496590162
0.0107675020109144
0.011030540018321
0.0108733549956495
0.010397910730712
0.00968971593431296
0.00876664181550404
0.00757712493002609
0.00604457283874915
0.00412272876920019
0.0018296476087334
-0.000740976496618196
-0.00341201086575096
-0.00591581537359672
-0.00791548979929567
-0.00907972627427985
-0.0091923610352691
-0.00823683789475899
-0.00640327481566062
-0.00401417405877109
-0.00141036483993535
0.00114669116017197
0.00351319905275398
0.00562887056382907
0.00743888063928807
0.00883635075181555
0.00968419460478263
0.00991367592216422
0.00962437537623436
0.00909785339384106
0.00870288576021266
0.00875231679243289
0.00939659661892454
0.0105969960720488
0.012164015805182
0.0138232186498378
0.0152841066273373
0.016307167609735
0.0167670494488322
0.0166986507574027
0.0163034937603154
0.0158995798426796
0.015822759885057
0.0163184820159912
0.0174730537001568
0.0192081939275548
0.0213209250653554
0.0235317510634953
0.0255234812258133
0.0269836049386797
0.0276656528656594
0.0274562130925811
0.026410169730681
0.0247275037593871
0.0226809415554692
0.0205311712406714
0.0184652672278282
0.0165722514026942
0.0148484260097611
0.0132182793796709
0.0115629647148913
0.00975591787963091
0.00770436666673995
0.00538714818399377
0.00287355205783126
0.000314812277448749
-0.00208253081325028
-0.00408125771866461
-0.00542865273255396
-0.0058825688434079
-0.0052776686755003
-0.00362862345348672
-0.00121437971701277
0.00143263403548199
0.00366319829843359
0.00492054261294297
0.00491618256606464
0.0036928860839136
0.00157446702261494
-0.000940038110334048
-0.00328635108481004
-0.0049378698110899
-0.00550684600835663
-0.0048285684514251
-0.00299479178039827
-0.000318146940410195
0.00275692719572973
0.00576325333859683
0.00831163692702341
0.0101652788944214
0.0112747652313778
0.0117654441922825
0.0118798055380829
0.0118913596970126
0.0120177439098747
0.0123636020740461
0.0129126568703792
0.0135656253717052
0.0142008095168129
0.0147311593300697
0.0151422662906609
0.0155046933129298
0.0159539423369175
0.0166322340702364
0.0176022012675275
0.01877043053012
0.0198728392023398
0.0205488672126648
0.0204758994024982
0.019493433090118
0.0176553012106236
0.0151973348990218
0.012452633297812
0.00975730801937832
0.0073747917978286
0.00545093601217768
0.00400436384718684
0.00294945372568589
0.00213884841047234
0.00140659949440919
0.000599490760835924
-0.000403213077121208
-0.001675585198154
-0.00323552438830595
-0.00504564208885049
-0.00702874325647453
-0.00909373545065267
-0.0111613600264603
-0.0131801284488357
-0.0151294542995007
-0.0170137924725719
-0.018854316177695
-0.0206823747356068
-0.0225346411586154
-0.0244479094332317
-0.0264527358011973
-0.0285653536370357
-0.0307746947794347
-0.0330226509976195
-0.0351870192105371
-0.037088238797046
-0.0385340252020918
-0.0393886751189905
-0.0396300111381581
-0.0393592744627376
-0.0387547678517589
-0.0379894122371233
-0.0371511912887545
-0.0362068251357666
-0.0350287804098552
-0.0334703251931354
-0.0314453924986605
-0.0289709665659765
-0.0261571359044347
-0.0231604948505209
-0.0201300207035066
-0.0171690575686377
-0.0143229501016866
-0.0115887062085122
-0.00893509679466851
-0.00632121123555106
-0.0037099186161921
-0.00108436745797794
0.00152330288749024
0.00399959806795598
0.0061436568983169
0.0077137486098927
0.00851616108543952
0.00848871060080907
0.00772944582507588
0.00645753706310744
0.0049353447253537
0.00339717615658058
0.0020165184034053
0.000915228819674693
0.000193577453316599
-4.8984453086927e-05
0.000278086855365342
0.00122358668542956
0.00276116106849241
0.0047807306721669
0.00711339623405662
0.00957902968939954
0.0120351943667574
0.0144037675260565
0.0166567289116581
0.0187629048768079
0.0206322688562598
0.022113718891726
0.0230706909992634
0.0234897157040411
0.0235351235584656
0.0234949330617039
0.0236418639758217
0.0240922641935637
0.0247445525592186
0.025327455763094
0.0255250049503804
0.02510951733095
0.0240241981126943
0.0223971850475106
0.0205020150773682
0.0186860289424448
0.0172824385524282
0.01652509977661
0.0164936777697969
0.0171095185723865
0.0181752727603764
0.0194287158160562
0.0205865185635532
0.0213787070811247
0.0215898740736185
0.021113928698238
0.0200073152552288
0.0185107685922084
0.0170129462455732
0.0159533062541368
0.0156956095349212
0.0164202297600648
0.0180657638914679
0.0203206486457729
0.0226610949132076
0.0244476044415986
0.0250830953191812
0.0241880676396096
0.0217141978123617
0.0179463408464315
0.0134092797572331
0.00873310073260194
0.0045179399201832
0.00121477703052882
-0.000960566475348184
-0.00205258345140477
-0.00231492063451767
-0.00210245954376588
-0.00175355580744622
-0.00150702751833771
-0.00147316866831827
-0.00165118543820932
-0.00197194371055565
-0.00234589160634257
-0.00270364367347289
-0.00302255990578776
-0.00333439621586968
-0.00371124601251162
-0.00423404661571525
-0.00495724954176714
-0.0058870186995566
-0.00698410021888203
-0.00818939667935543
-0.0094576429555877
-0.0107797549044401
-0.0121814565359142
-0.0137013862665909
-0.0153648288698856
-0.0171687380936591
-0.01908057169503
-0.0210409986042354
-0.0229620361408431
-0.0247259408811695
-0.0261993601833767
-0.0272682823089945
-0.0278792388196195
-0.0280619760182563
-0.027919348509387
-0.0275911460519058
-0.0272117735112608
-0.0268797216759589
-0.0266458674377715
-0.0265176944446056
-0.0264724128457174
-0.0264729393767566
-0.0264833473544449
-0.0264808437600483
-0.0264582295826617
-0.026409055655269
-0.0262957820544928
-0.026018860717406
-0.0254156553420755
-0.0243058603853489
-0.0225700671420603
-0.0202244555034424
-0.0174532977390879
-0.0145784360374506
-0.0119711751699783
-0.00993907591603001
-0.00863560222578127
-0.00803104181543267
-0.00795097678847287
-0.00815567977633635
-0.00842181676929555
-0.00859889474341086
-0.00863187904754548
-0.00855366877002206
-0.00845507025901669
-0.00844268845004578
-0.00859913404821072
-0.00895856845149445
-0.00949978083650508
-0.0101476581002049
-0.0107760717111464
-0.0112207438468788
-0.0113204334197661
-0.0109900917256914
-0.0102960823683741
-0.00948190736341437
-0.00891090442992732
-0.00894255710692509
-0.00980000731921901
-0.0114851113123037
-0.0137649202150908
-0.0162255986484019
-0.0183793943057434
-0.0197999167373775
-0.0202424298438104
-0.019700350284793
-0.0183763198216114
-0.0165908862873318
-0.0146775034794824
-0.0129015315303909
-0.0114109996361973
-0.010210260496614
-0.00915679829233445
-0.00799637577194123
-0.00644377715115404
-0.00428491827100953
-0.00145244488349606
0.00196197877241284
0.00575807337325557
0.00970709151552204
0.0136222572670883
0.0173958610164835
0.0210015267425056
0.0244744050510651
0.0278813879814272
0.0312821019966142
0.0346762266063255
0.0379485212824204
0.040848557775993
0.0430423556624027
0.0442305685160439
0.0442743113196737
0.0432566971635223
0.0414492324794873
0.0392102381856658
0.0368722942675558
0.0346652897714827
0.0326913001460949
0.0309430131903929
0.0293493285014034
0.0278333178954854
0.026367208469902
0.0250046669871555
0.0238727580598786
0.0231217087478743
0.0228514106906686
0.0230447532179379
0.0235360222884408
0.0240329321021108
0.0241934360906072
0.0237325145747376
0.0225129335884821
0.0205778371237422
0.0181142100327415
0.0153724108758917
0.0125831941819694
0.0099038837578885
0.00740215113380423
0.00506675325349927
0.00283082226666443
0.000603642326077894
-0.00168332684622495
-0.00401832148204706
-0.0062654860775698
-0.0081751639974072
-0.00946379605415877
-0.00992880222718418
-0.00953325898869584
-0.0084152203052463
-0.00682914181311717
-0.00506522684101378
-0.00338817459776898
-0.00200286954142582
-0.00102862601491641
-0.00047136698691535
-0.000213599479686156
-5.6451126570891e-05
0.000180974637799438
0.000553050769950215
0.000942280414660644
0.00111279797633856
0.000829103449504129
-3.45638247800225e-05
-0.00145142149695653
-0.00327210349963834
-0.00529440392837646
-0.00733461166416207
-0.00927966607077489
-0.0111154842360527
-0.0129289276319744
-0.0148754602468473
-0.0171078321077147
-0.0196820696496475
-0.0224847706550563
-0.0252326559566988
-0.0275620227892578
-0.0291684830582258
-0.0299219175431384
-0.029898792506941
-0.0293278325728656
-0.0284915081452459
-0.0276356541594109
-0.0269169208930006
-0.0263872077014459
-0.0259990541055215
-0.0256225325403066
-0.0250778891348148
-0.0241878780066659
-0.0228362382677428
-0.0210043660422951
-0.0187663864962398
-0.0162481463084403
-0.0135753626426441
-0.0108369942457165
-0.00807845780339653
-0.00532658070920374
-0.00263480943002423
-0.000122107396878944
0.00202602664987118
0.0036071500494379
0.00448176667698101
0.00464468417365427
0.0042575442804568
0.00363120706332796
0.00315931382617307
0.00321525132217187
0.00404125437952793
0.00567027143328841
0.00791381477927042
0.0104235343079513
0.012803990356627
0.0147320418087459
0.0160352924040201
0.0167037147734619
0.0168441312008247
0.0166116847563295
0.0161500522917268
0.0155533595110064
0.014849882559562
0.0140075549883253
0.0129616562835036
0.0116561124251264
0.0100789519798875
0.00827303170182675
0.00631795048386363
0.00429894075410959
0.00229002523372013
0.000370120147957568
-0.00133847431879895
-0.0026484775633872
-0.0033391965467819
-0.00323671555547301
-0.00229417131423117
-0.000618727222968429
0.00156851199757719
0.00400488634624356
0.00643987793982862
0.00864674779083721
0.010413450171794
0.011553157018855
0.0119489083979209
0.0116024692559612
0.0106408839279915
0.00926349077129845
0.00765880156903102
0.00594117267057313
0.00413727852981411
0.00221708591011267
0.000146298428908168
-0.00205814771025753
-0.00428299222758717
-0.0063044611757914
-0.00782680037140835
-0.00857120613291868
-0.00837837129418233
-0.00727898017153183
-0.00551012960608762
-0.00348018608553725
-0.00168718194841502
-0.000594499686361735
-0.000488710160421513
-0.00137642244071487
-0.00297959383192518
-0.00484455571024261
-0.00651821228980598
-0.00771002234484583
-0.00836885280636982
-0.00864713853095019
-0.00877882499082241
-0.00893965027146104
-0.00916454729924413
-0.00935789732806297
-0.00937254438611861
-0.0090972461792728
-0.00850350377092814
-0.00764494831753422
-0.00663726493902619
-0.00564636350631697
-0.00488094321711844
-0.00455644468945349
-0.00480770289733347
-0.0055794764213801
-0.00657141311730554
-0.00730146057299503
-0.00727527661329595
-0.00617115172514608
-0.00394112251625827
-0.000796590367952502
0.00287333781093435
0.00658211891525978
0.00980449238617174
0.012050965340188
0.0129941999701813
0.0126178252827033
0.0112914740387179
0.00968048375561077
0.00848920994184925
0.00815335900640826
0.00864896891916584
0.0095252444602569
0.0101337168867915
0.00991610795285935
0.00860439849154601
0.00626885166925182
0.00324439093537877
4.06349626201232e-06
-0.00297178997135593
-0.00531314333278871
-0.00685236285278865
-0.00766537552315681
-0.00803690985186161
-0.00835346970766949
-0.00896665098979623
-0.0100865064225733
-0.0117445772175657
-0.0138243111554068
-0.0161246435971053
-0.0184206754847262
-0.0205064687149576
-0.0222248503459638
-0.0234915755622247
-0.024311228207167
-0.0247752997493402
-0.02503687923632
-0.0252675175533914
-0.0256119698233949
-0.0261580239374414
-0.0269273029598001
-0.0278755928543667
-0.0288865917731428
-0.0297618946501863
-0.03023449678911
-0.0300304860019244
-0.0289678729995154
-0.027045142813303
-0.024469054818346
-0.0216020169078698
-0.0188491125292803
-0.0165307852184584
-0.0147906757156537
-0.0135717512860787
-0.0126661151376939
-0.0118140173509607
-0.0108040482870969
-0.00952134393425061
-0.00791866235616695
-0.00594369425272006
-0.00350335567302392
-0.000525193662371759
0.00291534807548939
0.00651384696186169
0.00979503699746679
0.0122931204196998
0.0137393592068553
0.0141416658884758
0.0137246748756067
0.0127882937044213
0.0115766485656919
0.0102217346581054
0.00876947358432175
0.0072484742826324
0.00572676834056178
0.00432114898145206
0.0031606801188729
0.00233445870883841
0.00185592809109915
0.00165639596300131
0.00160045058710814
0.00151229998094884
0.00121135275997075
0.000561395644503969
-0.000470725853747493
-0.00176954152019711
-0.00307184757683693
-0.0040330118148499
-0.00434103879944424
-0.00382906490633266
-0.00253649628242821
-0.000697338539912789
0.00133348768096344
0.00318666348509511
0.00458330323346209
0.00540597740092704
0.00571466984399458
0.00570605605904755
0.00563485704994511
0.005725479299244
0.00609781470743897
0.0067227724016065
0.00742029216966708
0.00790923404851548
0.00790131255793004
0.00720423122613472
0.00578683170966375
0.00377736809733244
0.0014018685837096
-0.00110284095737155
-0.00355920152636504
-0.0058689217749936
-0.00797367045865739
-0.00978362118232804
-0.0111298758441147
-0.0117872097485896
-0.0115624201430811
-0.0103922353890596
-0.00838880945661438
-0.00581043665845588
-0.00298038648187153
-0.000194876896621696
0.00234705031808492
0.00457510088419646
0.00653712876595986
0.00835401920065888
0.0101594685592261
0.0120512721777675
0.0140736866772084
0.0162257284246601
0.0184630397059318
0.0206624900542061
0.0225644242696965
0.0237611548431879
0.0237947710609198
0.0223442214468122
0.0193920724525573
0.0152572588728157
0.0104720882964727
0.00558867867028447
0.0010340106256137
-0.0029234836243371
-0.00612329398876982
-0.0084554084287679
-0.00985113878432525
-0.0103176430700418
-0.00997500142577969
-0.00906415991909892
-0.00792046856977276
-0.00691698229873941
-0.0063785629184943
-0.00647979371329363
-0.0071707342899482
-0.00818919574380079
-0.00918043922928116
-0.00986994144662659
-0.0101875541948092
-0.0102722397782204
-0.0103716193973601
-0.0107138416997752
-0.0114216879502788
-0.0124830977539365
-0.0137516459416963
-0.0149615032920839
-0.015777729538284
-0.0159057389237952
-0.0152328824088654
-0.0139199051492476
-0.0123686046789121
-0.0110704752534611
-0.0104211491635177
-0.0105958385834215
-0.0115211128981824
-0.0129133971731232
-0.0143422938150258
-0.0153087087929996
-0.0153493506274933
-0.0141608150250229
-0.0117038810423948
-0.00824070626474453
-0.00428021192848507
-0.000441856755309996
0.00271866203443811
0.00485718169644028
0.00590518463638131
0.00603340442370762
0.00554692176973503
0.00476761954007602
0.00394877104370234
0.00323807732446989
0.00268205073223056
0.00225531964876974
0.00189944021496243
0.0015596731663444
0.00121063641092618
0.00086400670115319
0.00055750143238537
0.000334274116598081
0.000228302492966497
0.000266166855464302
0.000480434239646969
0.000917116936918195
0.00162100108334489
0.00259819966571773
0.00377484339741143
0.00498122324221217
0.00598234383925725
0.00655003366319502
0.00654477225034268
0.005967583392483
0.00495879114266975
0.00374730629279661
0.00257447646025156
0.00162334269761744
0.00097833857504
0.000625326201048986
0.000483029286118593
0.000443487264681642
0.000399733742178133
0.000254162423852573
-8.02172490193891e-05
-0.000667586382541245
-0.00152181970251859
-0.00258075087624324
-0.00370744072501103
-0.00472871052746091
-0.00549516687850562
-0.00593222056405003
-0.00605796591870548
-0.00596114534749276
-0.00574730483852636
-0.00547251326992879
-0.00509473328086661
-0.00447390266345063
-0.00342920731655943
-0.00182393734162058
0.000372120049244107
0.00307195068655034
0.00609726040204944
0.00920406375842545
0.01209399859512
0.014436408391729
0.0159304991027932
0.0163963319264713
0.0158428707545874
0.0144663132720827
0.012576989426107
0.01049532361414
0.00846650799584877
0.00662364609014304
0.00500065014728633
0.00357464345218199
0.00230987453516918
0.00118245834241599
0.000181971633436875
-0.000699800658312435
-0.00147965348602651
-0.00218586745028655
-0.00285177304516934
-0.00350084452577002
-0.00412720376286645
-0.00468158103771009
-0.00507540410077941
-0.00520751853425555
-0.00500456038039534
-0.00446029534378618
-0.00366304177171333
-0.00280245047282019
-0.00214449565183493
-0.00196928686068791
-0.00248603016178953
-0.0037570382886518
-0.00566102367620637
-0.00790981191859905
-0.01011656062987
-0.0118994650023711
-0.0129889053164965
-0.0132969435794647
-0.0129203464867567
-0.0120792916928633
-0.0110232451297372
-0.00994575941208904
-0.00893940294290875
-0.00799969055499482
-0.00706423748524026
-0.00606077213013752
-0.00494060508615177
-0.0036888318319392
-0.00231753183001422
-0.000853616629254864
0.000671541890084197
0.00222974466800409
0.00380011530756167
0.00536498368417637
0.0068939916697061
0.00832426184099554
0.00955565830426957
0.0104748739929884
0.0109997567011817
0.0111166451359211
0.0108880328045271
0.0104309760001139
0.00988520054023167
0.00938821324001033
0.00905984627368946
0.00898916267703896
0.00922069654951866
0.00974531798399047
0.0105017811153554
0.0113891357603737
0.012286280853226
0.0130744328344329
0.013655712544967
0.0139582515906687
0.0139250016492937
0.0134990922330756
0.012625451951527
0.0112741910733344
0.00946880315065447
0.00729543956289545
0.00488435085791912
0.00237446212375962
-0.000120991782368322
-0.00253701973945
-0.00486539513645923
-0.00714612373464415
-0.00943329087135392
-0.0117332667354817
-0.0139392952810619
-0.0158106044035661
-0.017031503212886
-0.0173326860638554
-0.0166070824758623
-0.014954249198273
-0.0126389658818038
-0.0100029754396212
-0.00738121655605951
-0.00504777813629719
-0.00318707479021947
-0.00187890492278741
-0.00109722940492412
-0.000729845203449463
-0.000618834194532649
-0.000608427676032118
-0.000581758105021017
-0.000475630019039787
-0.000276809661371742
-1.3546470729251e-05
0.00024626389522191
0.000392539782402589
0.000281485640355139
-0.000229506426130378
-0.00121977023999037
-0.00263665276078611
-0.00425783811258682
-0.00572138908993422
-0.00662999227719429
-0.00668817677686063
-0.00580329098938966
-0.00410027794830749
-0.00185217665413327
0.000628565897870486
0.00308485723511774
0.0053639374687904
0.00741754981652494
0.00927031713610116
0.0109796967016881
0.0126056228284037
0.0141955648431923
0.0157776925368093
0.0173498618336053
0.0188612521789208
0.0202007569452568
0.0212133912159425
0.0217502651994711
0.0217299754683847
0.0211758597233534
0.02020762459125
0.0189942590854072
0.0176948287744758
0.0164143603433747
0.0151901819105411
0.0140108433815077
0.0128588758179937
0.0117582209364839
0.010800200694753
0.0101282950015063
0.00988441430259528
0.0101432399379255
0.0108679984950893
0.0119081977466438
0.0130397606006285
0.0140314241797754
0.0147115739281161
0.0150095480959742
0.0149576930240823
0.0146604273808552
0.014251310312458
0.0138579816498037
0.0135800783769114
0.0134712196173799
0.0135173884562228
0.0136203314990049
0.0136076678900074
0.0132819878504989
0.0124927079508301
0.0111930838479618
0.00945168075743113
0.00741645104197175
0.00525621931295493
0.00311156575392696
0.00107483584996368
-0.000801774222733183
-0.00248706681158776
-0.00395930439574816
-0.00520897226992437
-0.00624821810259851
-0.00711470490826772
-0.00786418207342308
-0.00855555740071387
-0.00923652692777912
-0.00993567030868763
-0.0106621764447088
-0.0114108541037963
-0.0121691524707831
-0.0129238209951729
-0.0136659003199872
-0.014392673870046
-0.0151046726587606
-0.0157973543187846
-0.016451694940369
-0.0170317277117795
-0.0174942058219224
-0.0178063779468307
-0.0179608432538937
-0.017979105308458
-0.0179045527359004
-0.0177900702799547
-0.0176801233872284
-0.0175815911227068
-0.0174264599906899
-0.017050194049854
-0.0162169762225554
-0.0146973235836187
-0.012361681127543
-0.00923688528765061
-0.00549946681962603
-0.00142374391145389
0.00267729982588653
0.00649412744470817
0.00974469922260595
0.012189204464599
0.0136425478672323
0.0139895156916536
0.0132053011390641
0.0113787562151704
0.00873121599916356
0.0056210385400415
0.002518359416302
-6.70873898723802e-05
-0.0017021806750103
-0.0021499765075925
-0.00143216873694284
0.00020076270842734
0.00237449160900996
0.00471724615438399
0.00695604187979606
0.00895765395427269
0.0107141651016415
0.0122859222636796
0.0137238975596401
0.0150047446050625
0.0160139122196578
0.01658998118173
0.0166049441646276
0.0160312988761384
0.0149585585928893
0.0135571269987946
0.0120166072095705
0.01049109089287
0.00907065341751056
0.00778069075774077
0.00659930535216928
0.00548078471110854
0.00437827956834127
0.00326518905760311
0.00215543180119867
0.00111629243549252
0.000261706235059297
-0.000282130068428228
-0.000433360580494406
-0.000213026326822196
0.000223153639424442
0.000604604965782695
0.000620779639021529
2.26778471730784e-05
-0.00129565237215081
-0.00326835139113571
-0.00568110701435896
-0.00822516113886172
-0.0105644813020812
-0.0124089335903019
-0.0135832921432192
-0.0140710911883439
-0.0140128071817892
-0.0136557754846789
-0.0132761351867748
-0.0131047976508128
-0.013283544518476
-0.0138595499435763
-0.0148081097493163
-0.0160620529020012
-0.01752539952179
-0.019061671406025
-0.0204726039775337
-0.0215026900575034
-0.0218936215561095
-0.021471498331818
-0.0202160139133331
-0.0182687127301355
-0.0158780435362708
-0.0133136643801982
-0.010787307033742
-0.00840218659343928
-0.00613910382042005
-0.00388101606090447
-0.00146946924355108
0.00122764277225254
0.00426543431416498
0.00760803576540615
0.0111509644078755
0.0147639038265484
0.0183324865101231
0.0217780571852931
0.0250407825135011
0.0280316544229984
0.030588418069242
0.0324815735338579
0.0334864943800358
0.0334848335623763
0.0325309578814617
0.0308425172340004
0.0287248302946162
0.026474144074575
0.0243056409498081
0.0223289777462845
0.0205671381186131
0.0189966907244357
0.0175842930336193
0.0163044886564395
0.0151398192727118
0.0140743702641044
0.0130893613145979
0.0121593515214289
0.0112429397989539
0.0102696581422661
0.00913661326253485
0.0077280258819564
0.0059542110946737
0.00378939773003252
0.00128736816786235
-0.00143114321272331
-0.00421068983854573
-0.00689980944437695
-0.00938506262699293
-0.0116122224507548
-0.0135905189425694
-0.0153822733183424
-0.0170848849017383
-0.0188105539126184
-0.020664390542116
-0.0227211124336713
-0.0250061517403368
-0.0274918198804107
-0.0301145681310126
-0.0328034801946277
-0.0354932536307578
-0.0380973074392022
-0.0404498972052934
-0.0422686513511601
-0.0431940683675038
-0.0429100130910894
-0.0412806292143323
-0.0384192801639053
-0.0346512766412491
-0.0303989193478922
-0.0260513027909929
-0.0218716505730203
-0.0179680048238248
-0.0143314059570978
-0.0109260467141658
-0.00778916979660101
-0.00507952393227254
-0.00303181002926856
-0.00183276416115677
-0.00149088480954581
-0.0017805699468557
-0.00229748869258324
-0.00259985784400772
-0.00236853863196924
-0.00151341551846915
-0.000178829733064791
0.00135486229399461
0.00282670597478133
0.0041275227697124
0.00533750449048053
0.00664940137345134
0.00822361606198726
0.0100605738355485
0.0119646294389496
0.0136185877181008
0.0147221805136784
0.0151148565026021
0.0148232170982752
0.0140250698763465
0.0129642372646485
0.0118604964540196
0.0108458618422774
0.00994122844302699
0.00907439538465999
0.00812869392949794
0.00700048802457334
0.00564084663405347
0.00406662792730574
0.00234331003866538
0.000554475094462032
-0.00122595840927099
-0.0029503836032974
-0.00460296450621743
-0.00619539540942871
-0.00774989554967876
-0.0092659201631213
-0.0106798361615405
-0.0118447704894186
-0.0125579090159712
-0.0126337870646386
-0.0119855992898504
-0.010666324440401
-0.00884773213825342
-0.00675542049119859
-0.00460112035911135
-0.0025462539821508
-0.000702610202590198
0.000850205763945601
0.00205545959893767
0.00288604016769191
0.00335725518967993
0.00353506487103673
0.00354006835009535
0.00354935593243315
0.00378638284505163
0.00448343295267989
0.00581844786117736
0.00785446811831111
0.0105168537999155
0.0136223513163445
0.016944745413926
0.0202860269199213
0.0235223430673573
0.0266031888255324
0.0295009067654318
0.0321378819238136
0.0343438625631119
0.0358854669180294
0.0365599668716768
0.0362955124744865
0.0351948839321654
0.0335007759172344
0.0315087963976136
0.0294761842245865
0.0275672352551729
0.0258544617196555
0.0243660356205502
0.0231408992053746
0.0222409269442595
0.0216963946440332
0.0214194258890039
0.0211616616264609
0.0205701661632945
0.0193209126371153
0.017248316092539
0.0143954608633672
0.0109712246316599
0.00726038097155304
0.00354600681568102
7.12110537093147e-05
-0.00297330622308494
-0.00546137698647041
-0.0073496078982597
-0.00868762596981457
-0.00960877493147775
-0.0103065957141735
-0.0110081238187911
-0.0119444383836357
-0.013312266943182
-0.0152309831916211
-0.0177125348832644
-0.0206574682529892
-0.0238731957870854
-0.0271037584949654
-0.0300696991387676
-0.0325226648426582
-0.0343067871865933
-0.035400887987892
-0.0359164668206184
-0.0360499911303492
-0.036014044033438
-0.0359796696462391
-0.0360483749677863
-0.0362492599248579
-0.0365428409280503
-0.0368199943657499
-0.0369055425114702
-0.0365877464053556
-0.0356798152050329
-0.0340891059843281
-0.0318550591445509
-0.0291338730773229
-0.0261406349740215
-0.0230807091474921
-0.0201000665554619
-0.0172675555909101
-0.0145852316707704
-0.0120137099479588
-0.00949865176077896
-0.00698934429730144
-0.00444742270458221
-0.00184922141295762
0.00081380633057396
0.00353527898794503
0.00629682573578894
0.00907540408062829
0.0118510738874253
0.0146057210273222
0.0173065835079376
0.0198835186920859
0.0222231811592849
0.0241975026510995
0.0257159819741967
0.0267651744182282
0.027402064808422
0.0277023111772634
0.0277010898285599
0.027370742439669
0.0266497360575993
0.0254983045881207
0.0239405067013655
0.0220685336783168
0.0200135438305767
0.0179047002129278
0.015837258034227
0.0138594720736909
0.0119771882313925
0.010168958864024
0.00840317758951744
0.00665089766201684
0.0048928068553421
0.00312384215901955
0.00135962196115368
-0.000356914626698217
-0.00195737303398821
-0.00336613540839461
-0.00453100965252787
-0.00544778755172556
-0.00615615404773832
-0.00669894488477977
-0.00706476442392067
-0.00715491693007691
-0.00680686957748845
-0.00586851814217118
-0.00428042966893759
-0.00211807248573007
0.000426355353846046
0.00310790412783726
0.00570490826791792
0.00807497464899463
0.0101737829687385
0.0120383203453074
0.0137506201892002
0.0154015957350808
0.0170649868954753
0.0187763442873914
0.0205073775428096
0.0221409912341709
0.0234724771572729
0.0242593855904149
0.0243093186942186
0.0235604262240135
0.022108458093746
0.0201679533581228
0.0179933545930404
0.0158018077790361
0.0137304292247616
0.0118388098778395
0.0101440972799102
0.00866074333115367
0.00741895528566887
0.00645542340922033
0.00579209779700016
0.00542465276236029
0.00532833979211231
0.00547023259762962
0.005810542753673
0.00628633696716358
0.00678985500560342
0.00716516258668535
0.0072387135598708
0.00687464672761546
0.00602448212073762
0.00474232903350727
0.00315896858549441
0.00143187103219605
-0.000303056301648847
-0.00195960417529
-0.00350540199198144
-0.00495018956390509
-0.00632945625719557
-0.00768726626714264
-0.00905154456663639
-0.0103965800846389
-0.0116072186341713
-0.0124781351895898
-0.0127705182825142
-0.0123069535614143
-0.0110508088878084
-0.00912369267418411
-0.00675607191246319
-0.00420437565247435
-0.00167689872379289
0.000705363031286073
0.00290934373096483
0.00496423716728247
0.00692799450440615
0.00886126496965323
0.0108117422421619
0.0127972555303657
0.0147748711676925
0.0166048859630819
0.0180449177285397
0.0188057000974609
0.0186573714966677
0.0175290436967494
0.0155408054123383
0.0129523779202554
0.0100694938471638
0.00717314776976892
0.00450970202165814
0.00232257852429005
0.000868367812509632
0.000377813992286464
0.000976653219814085
0.0026153714977172
0.00504237696366186
0.00782366816524836
0.0104043263014214
0.012214467335284
0.0128082726264884
0.0119889041201174
0.00985694140243027
0.00675313350079871
0.00312449763588972
-0.00061900808900793
-0.00419416059637897
-0.00745466070277939
-0.0103418058873178
-0.0128230941211184
-0.0148585031545605
-0.0164014103909013
-0.0174169242685845
-0.0179055008081984
-0.0179340378548154
-0.017666174306282
-0.0173543695786418
-0.0172578726063365
-0.0175088029978537
-0.0180139703192442
-0.0184751570843248
-0.0185265993803648
-0.017902880735936
-0.0165392561180436
-0.0145659209873169
-0.0122257898599441
-0.00977351426271278
-0.00740074466441978
-0.00520472215505764
-0.00319529144481142
-0.00132519543180763
0.00047324013003837
0.00225913669111944
0.00406949338515234
0.00591845044916616
0.00779681011510591
0.00965923890897591
0.0114022550284837
0.0128566606550297
0.0138216090806247
0.0141441050922138
0.0138121765253728
0.0130087297562326
0.0120841826018697
0.0114477642930915
0.0114263359840337
0.0121612797652506
0.013590075250282
0.0155062567350843
0.0176484562457252
0.019765631925797
0.0216392032080495
0.023082240352044
0.0239470292139449
0.0241511492004691
0.0237072762365449
0.0227378677852116
0.0214641374687998
0.0201599277676297
0.0190641033706396
0.0182731910790352
0.0176747617618121
0.0169799274299202
0.0158516734527196
0.0140561704317473
0.0115513661795301
0.00847643710671996
0.00506888136735592
0.00156919707950482
-0.00183371642004633
-0.00499826971665744
-0.00779171185965831
-0.0100657471376895
-0.0116786504618004
-0.0125523962240192
-0.0127207549117095
-0.0123311931245861
-0.0115985808285079
-0.0107387317602634
-0.00991453453141032
-0.00921224893153831
-0.00864698818103392
-0.00818576646512024
-0.00777555234044205
-0.0073684119891045
-0.00694031632096826
-0.00650111119657283
-0.00609229503681165
-0.00577148666254792
-0.00558900666122489
-0.00556746449843704
-0.0056938158257699
-0.00592612311970389
-0.00621048036066311
-0.00650046861745567
-0.00676974313507976
-0.00700722906484743
-0.0071902636902697
-0.00724822147532984
-0.00704600904949888
-0.00641179761461044
-0.00520252434525321
-0.00336966585859405
-0.000985663521527902
0.00178175915454273
0.00472987361939765
0.00768488877070903
0.0105410028987188
0.0132559791883513
0.0158032561861971
0.0181088012230133
0.0200206103581291
0.02134351701596
0.0219241685938995
0.0217309728186244
0.0208780676304726
0.0195836928752749
0.0180932346620384
0.0166083805872753
0.0152492168084607
0.0140539353053507
0.0130045757456773
0.0120607711259302
0.011185854629383
0.0103580216813136
0.00956859736214508
0.00881470527322849
0.00809304760597198
0.00739759033252232
0.00672041180436672
0.00605366597875316
0.00539117596914471
0.00472933872015673
0.00406756795074006
0.00340784969429899
0.00275197851849792
0.0020957866975536
0.00142299553812054
0.000704252247308498
-9.49607345365932e-05
-0.00100045840746435
-0.00201771974089715
-0.00312919493819175
-0.00430075415395595
-0.00549274645765249
-0.00667170231082409
-0.00782034743806351
-0.00894012258536118
-0.0100350352228679
-0.0110721885346314
-0.0119382871020777
-0.0124317087465154
-0.0123156161190426
-0.0114116156612672
-0.00967981530627305
-0.00724537303626311
-0.00437521451573436
-0.00143231044898145
0.00117911184730354
0.00308473236056826
0.0040284993955364
0.00395202876384352
0.00302471594669536
0.00160045422563307
0.000111469039275805
-0.00106007915563813
-0.00168244089319096
-0.00171138723683074
-0.00125993680703167
-0.000525263831304143
0.000291493027898886
0.00104399168441549
0.00166411850577795
0.00214895780056179
0.00252102092548863
0.00278266412128914
0.00289111568188316
0.00277005429341609
0.00234942606441824
0.00160594928501971
0.00057910833857277
-0.000642589473929343
-0.00195158128784223
-0.00324977920299349
-0.00446605354733128
-0.00556244888229554
-0.00653262005830935
-0.0073950922695727
-0.00818292752664163
-0.00893212324217074
-0.00967205285161421
-0.0104205293967287
-0.0111836430736754
-0.0119583117906959
-0.01273560706943
-0.0135052120542867
-0.0142619033816001
-0.0150094293603544
-0.0157493275790967
-0.0164459459067692
-0.0169820681721929
-0.0171441088123542
-0.0166691166311279
-0.0153420951105034
-0.0130900368085429
-0.0100207447355949
-0.00639557816620076
-0.00256233615981064
0.00112155819757075
0.00436110649840358
0.00698231433188074
0.00895863433408423
0.0103831307840294
0.011387062422691
0.0120444535274884
0.0123215508217006
0.0121043942197392
0.0112829992828024
0.00983297741920289
0.00784503744229979
0.00549567652638845
0.00298948903026418
0.000509682026154308
-0.00180623540575754
-0.00387116657045806
-0.00564670660632609
-0.00714081108022118
-0.00840143337192953
-0.00950197577069447
-0.0105207443382815
-0.0115218315215401
-0.0125441849136252
-0.0136008721060237
-0.0146859846932683
-0.015784620928085
-0.0168818142526585
-0.0179679409165847
-0.0190399584362299
-0.0200993036364014
-0.0211484986649632
-0.0221892593526088
-0.0232236466282579
-0.0242552415761991
-0.0252826423683461
-0.0262806969419816
-0.0271786750175026
-0.0278570862939109
-0.0281783916474435
-0.0280413814765369
-0.0274275404079288
-0.0264114416919595
-0.0251316600522913
-0.0237414429861266
-0.0223642455114491
-0.0210706453820709
-0.0198798839313194
-0.0187769924288868
-0.0177279608178408
-0.0166768454492146
-0.0155253561458629
-0.0141186256267745
-0.0122679522943028
-0.00981845436960855
-0.00673158324044212
-0.00313191715173887
0.000716195149258512
0.00449523764030859
0.00794158441179504
0.0109228995635629
0.0134554352304408
0.0156588197061961
0.017668828317903
0.0195455368017561
0.0212220285432572
0.0225244372131365
0.0232548389596353
0.0232900647004255
0.0226449408721716
0.0214791969198819
0.0200607564973375
0.0187075466916474
0.0177217910617552
0.0173258219214745
0.0176103637029004
0.0185045719290626
0.0197723831966384
0.0210420643730167
0.021879529490981
0.0219010573941663
0.0208884080722843
0.018851511857726
0.0160064119619266
0.0126834509125757
0.00921399712339967
0.00584308902498115
0.00269204925538323
-0.000228243813667798
-0.00296679638325457
-0.0055672552771548
-0.00801737785794773
-0.0102389551950401
-0.0121233832933258
-0.0135907122590874
-0.0146359987208581
-0.0153354469820718
-0.0158077338989588
-0.0161496223280924
-0.0163801944598766
-0.016426779434205
-0.0161635673001393
-0.0154816104909776
-0.0143497981248537
-0.0128347888548843
-0.0110751857567543
-0.00923123069401522
-0.00744182765031854
-0.0058116961191278
-0.00442744415368578
-0.00337794830966068
-0.00275207068139684
-0.00260980028568829
-0.00294943689147414
-0.0036965786907785
-0.00471915211883711
-0.00585185507937464
-0.00691493108464414
-0.00772977349706227
-0.00814312083463315
-0.0080613937487334
-0.0074811314760006
-0.00649873437905069
-0.00529276956992895
-0.00408294381500976
-0.00307662797609068
-0.0024192268536876
-0.00216554842531894
-0.00227800356284681
-0.00263922147850277
-0.00306194995016428
-0.00329784634147289
-0.0030676867129961
-0.00212715196231736
-0.00034588993691968
0.00224715323087063
0.00547918766015953
0.00908830491652967
0.0127695815980661
0.0161899433004246
0.0189981623639634
0.0208717304511513
0.0216032410086673
0.0211772384253365
0.0197809065775913
0.0177370727590939
0.0154019370994527
0.0130849166277564
0.0110158799140405
0.00934068366396075
0.00811296114856613
0.00727724216925145
0.00667031685231922
0.00606667036671654
0.00526280256939412
0.00416654863498755
0.0028507027065857
0.00154124423829334
0.000532852475728299
5.70379524394876e-05
0.000160397403566403
0.000658009943565396
0.00119376079491369
0.00138000297349826
0.000943420288419004
-0.000194627162484184
-0.00192870404512939
-0.00403999457338436
-0.00626970517305144
-0.00835685156848492
-0.0100468544240064
-0.0111061904900147
-0.0113647923675444
-0.0107689101533992
-0.00940621023669341
-0.00748349621109227
-0.00527271784088568
-0.00305562222563673
-0.00108272514977067
0.000457502243400756
0.00146469210239844
0.00194060930680746
0.00197888533928841
0.00173060382351983
0.00136247453603844
0.0010266940697003
0.000847791876719108
0.000917311787964605
0.00128652631458673
0.00195820635913486
0.00288645584967544
0.0039902279456272
0.00517687784554435
0.00636697297977746
0.00751231324962771
0.00859997234953594
0.009635043707891
0.01060196243811
0.0114226570521819
0.011944055098032
0.0119761723312927
0.011368549022056
0.0100870568739753
0.00825434005751045
0.0061333416275834
0.00404896772194476
0.0022648844300915
0.000866713079552424
-0.000276721928826814
-0.00143197039016033
-0.00283170506041435
-0.00451620660009045
-0.00628747470637511
-0.00780987304263461
-0.00879730982821828
-0.00917302631580954
-0.00911102688037265
-0.00894750547985751
-0.00902663200032071
-0.009568845619554
-0.0106182494963402
-0.0120722907447699
-0.013756468875287
-0.0154941370431438
-0.0171358455064412
-0.0185459073271804
-0.0195772556717567
-0.0200736383122947
-0.0199113760793865
-0.0190544449043854
-0.0175820514107228
-0.0156680745338882
-0.0135248385201431
-0.0113418586841804
-0.00924541141049191
-0.00728804755375146
-0.00546239330519294
-0.0037269061418906
-0.00203171038767567
-0.000336976044687049
0.00137841443722999
0.00311640331608626
0.00486515788600791
0.00660864125629682
0.00833662849015465
0.0100454124796413
0.0117173061591547
0.0132806692968246
0.0145788126090104
0.0153893699265
0.0155088202549631
0.0148601594080185
0.0135466983691546
0.0118065355566866
0.00990293536980466
0.00803889695258434
0.00635135329974802
0.00495474104971112
0.00395890786054854
0.00342774691487975
0.00331913152398936
0.00347202137918624
0.00366516522555607
0.00371312655823406
0.00354117810423949
0.00320034631155529
0.0028235316981693
0.00255476572835533
0.00249052882281457
0.00265529033936309
0.00300749445068537
0.00345656634771854
0.00387653092948364
0.00411908488856906
0.0040381017201166
0.00352755800621145
0.00255687340422657
0.00118212857826059
-0.000475023425760551
-0.00226955082552179
-0.00407557358590348
-0.00581263459539385
-0.00745031758211819
-0.00899645586329618
-0.0104804324393892
-0.0119429898379741
-0.0134367803931269
-0.015031296493139
-0.0168098486130263
-0.0188497061174748
-0.0211861348446516
-0.0237715339920102
-0.0264500398072817
-0.0289709167583826
-0.0310511143949493
-0.0324686448226884
-0.0331430672791499
-0.0331585382107878
-0.0327108793750884
-0.0319989671543629
-0.0311145177368594
-0.0299929784950205
-0.028456826636137
-0.0263239433670792
-0.0235118460612447
-0.0200800062920923
-0.0162062610679211
-0.0121393668011655
-0.00816802613736742
-0.00460604954494412
-0.00176157392468806
0.000128426824747675
0.000974014931451241
0.00086959783019311
6.33733351462116e-05
-0.00112745643173241
-0.00241324063314063
-0.0035981610707257
-0.0045940506952353
-0.00538519391593148
-0.00597067944452707
-0.00632162137127341
-0.00637872860313742
-0.0060860030549317
-0.00543162999262395
-0.00446663873417419
-0.00329139966324929
-0.00201997252431056
-0.000740527031774418
0.000511433583884864
0.00175637775412007
0.00305001580290109
0.00445041670922576
0.00599111098411814
0.00767049178215952
0.00945122753977144
0.0112556896633847
0.0129557210954845
0.0143750138486786
0.0153239457027243
0.0156618641292397
0.0153538335929677
0.01448689212175
0.0132368965892305
0.0118067569766414
0.0103677455507236
0.0090256079012042
0.00781539687810896
0.00671668814802795
0.00567932977716531
0.00465475651512394
0.00362935498193599
0.00264956491851491
0.00182197890804368
0.00127963024405902
0.00112728335229419
0.00139460574839946
0.00202069080981046
0.00287291930801444
0.00378662403416944
0.00460868471237529
0.00523247632351925
0.00561616460683524
0.00578074289615901
0.00579041713840248
0.00572422351873266
0.0056501918826402
0.00561055775096722
0.00562027710763059
0.00567421792980396
0.00575418041235783
0.00582904833908212
0.00585022641328574
0.00575280351912475
0.00547057806961242
0.00495999071760522
0.00421757943196577
0.0032808898707405
0.00221965542015055
0.00113301335207337
0.000156633694573278
-0.000537494427715598
-0.00077026006628184
-0.00041276662490552
0.000559149797390491
0.00205362086776585
0.00391310369436101
0.00600292072330503
0.00827770986134176
0.0107646104530944
0.0134544852416115
0.0161720768366091
0.0185342078826889
0.020053011648837
0.0203328984369061
0.0192394370309063
0.0169434804922604
0.0138325915329671
0.0103572533603389
0.00689590801511358
0.0036892679918856
0.000845429080969022
-0.00161672997073485
-0.00372442362608182
-0.00552987560839247
-0.00710999140212997
-0.00857123564539036
-0.0100436262512673
-0.0116574094111206
-0.0135086344877806
-0.0156283507540872
-0.0179707139338411
-0.0204274597987233
-0.0228606188259207
-0.0251287789176927
-0.0270828470303089
-0.0285370992609272
-0.0292576711644865
-0.0290088176906149
-0.0276470292166949
-0.0252020912563206
-0.0218859399447578
-0.0180233679084849
-0.0139533317337988
-0.00996098908136563
-0.00626542439115831
-0.0030402294153206
-0.000424414561746958
0.0014971493690668
0.00272676106712307
0.0033669412304691
0.0035962796884059
0.00361825731665017
0.00360606959743121
0.00366088965117631
0.00379110897800742
0.00391614424686625
0.00389668269252917
0.00358709901392195
0.00289747181201317
0.0018478537664813
0.000595686345577418
-0.000582076252613754
-0.00135926521799752
-0.00146370679903318
-0.000768114289163052
0.000675636631580301
0.00267147473609409
0.00495866388273056
0.00729593319694292
0.00952039052770955
0.0115685052854451
0.0134548000636099
0.0152089650997275
0.016790240896705
0.0180258272998316
0.0186255371255496
0.0182835228955428
0.0168145658780333
0.0142442782082713
0.0108059942308241
0.00685893929453407
0.00277976254485472
-0.00112579569715431
-0.00467083093560949
-0.0077952571385671
-0.0105430698737197
-0.0130224080931015
-0.0153634593265093
-0.0176820250442947
-0.0200433070474945
-0.0224190808436863
-0.0246526831130842
-0.0264688037731149
-0.027552488953682
-0.0276720529065257
-0.0267793020619444
-0.0250300525966295
-0.0227192039211113
-0.0201725439868034
-0.0176513411013028
-0.0153087055944527
-0.0132060554877567
-0.0113675628732513
-0.00983219314395235
-0.00866807751104775
-0.00794099299921665
-0.00765897298921124
-0.00772891043770391
-0.007953892176152
-0.00807906536674274
-0.00786866557200017
-0.00717913252040732
-0.00599492185772507
-0.00441537277792188
-0.00260725423449135
-0.000749897337783479
0.00100655976576308
0.00256438611533143
0.00388876542523854
0.00501268213145257
0.00603587088716072
0.00710946620527533
0.00839996608333915
0.010040366415291
0.0120895267286342
0.0145166552367981
0.0172086778510667
0.0199860392448053
0.0226214458194936
0.0248721327807874
0.0265337889289619
0.0275011059043591
0.0278023380018289
0.0275852754142335
0.0270613747915512
0.0264372860312263
0.0258635359508328
0.0254144900056378
0.0250965238918299
0.0248721895537826
0.024688010749061
0.0244978402727878
0.0242767734215272
0.0240204272670398
0.0237257153592251
0.0233587921937599
0.0228305322806798
0.0220039325319758
0.0207396140301578
0.0189565372938032
0.0166715124258405
0.0139955934716833
0.0110934231980685
0.0081294137856112
0.00522406064778863
0.00243443690154338
-0.000234567261762965
-0.0027895969367174
-0.00519540389543694
-0.00734126361908154
-0.00905643720415934
-0.010173785121262
-0.0106069528749985
-0.01039993327015
-0.00973018116020002
-0.00887165044876731
-0.00813289014630335
-0.00778351062530798
-0.00798290559682647
-0.00872919767707168
-0.00984747126681187
-0.0110298612297465
-0.0119235763944333
-0.0122394646698943
-0.0118379334602262
-0.0107574252843016
-0.00918073720309161
-0.00736353362460746
-0.00555810923328176
-0.00395565122608558
-0.00265643153300716
-0.00166827455588326
-0.000928006893992448
-0.000336142371764271
0.00020634571096794
0.000767500818549418
0.00136514249836939
0.00196402370965807
0.00249495847731036
0.00289493356597906
0.00315312479599829
0.00333759682049385
0.0035836040511465
0.00404432218374726
0.00482298766027941
0.00591202421615947
0.00716385233005873
0.0083129686352976
0.00905235004057855
0.0091380074123579
0.00847324833615359
0.00713184848300166
0.00531428016291778
0.0032664287318257
0.00120243409360855
-0.000739114447896802
-0.00249941416110669
-0.00407675004220047
-0.00549652063113313
-0.0067892579231789
-0.00798217159837531
-0.00910092195376442
-0.0101724682329072
-0.0112175843812824
-0.0122272643643001
-0.013133366665369
-0.0137995697116354
-0.0140540399950907
-0.0137558985053002
-0.0128578968821466
-0.0114275957805164
-0.00962091560214994
-0.00763617579655942
-0.00568258621350348
-0.00397135095935459
-0.00270703700553877
-0.00205222148612253
-0.0020645457674154
-0.00263875973901121
-0.00349840246557831
-0.0042606617708263
-0.00455558050909149
-0.00414558823899154
-0.00298907808189008
-0.00122398084509718
0.000909989610427194
0.00316566509373927
0.00535524057063085
0.00736684567640114
0.00913781411860983
0.010614686696626
0.0117329730437145
0.0124317239360128
0.0126943222473167
0.0125930779203082
0.012311984419973
0.0121238999682203
0.0123095382579744
0.0130341244244192
0.0142350617068103
0.015590774608735
0.0166100862365428
0.0168118977127606
0.0159053456842486
0.0138795715114447
0.0109712537576628
0.0075503216671154
0.00399828588122646
0.000634023113910238
-0.00230587817049726
-0.00466111336822078
-0.00634811616466954
-0.0073788758417971
-0.00788688168910449
-0.0081323837108542
-0.00845359737986068
-0.00915044535073971
-0.0103405201160243
-0.0118793064400974
-0.0134252476439831
-0.014635327917952
-0.015370033443995
-0.015770940090962
-0.0161702064390672
-0.0169102341002254
-0.0181932932847198
-0.0200307964732582
-0.0222831599262789
-0.024736992410006
-0.0271717727610345
-0.0293991005452718
-0.0312825515632134
-0.0327502404849397
-0.0338023852467418
-0.0345079207043571
-0.0349837021131368
-0.0353531285381326
-0.0356876697185411
-0.0359495696753279
-0.0359700333089408
-0.0354920444731378
-0.0342704772524026
-0.0321798536608435
-0.0292709172090924
-0.0257496841381881
-0.0218975535958414
-0.017976631005717
-0.0141643530254348
-0.0105453587520375
-0.00716110050831298
-0.00408332383763655
-0.00145699052266245
0.000524336458314983
0.00170077355638069
0.00204134195451688
0.00170911944248303
0.00107145639676249
0.000638907950248431
0.00092628191329647
0.00226564217014977
0.00465149077043394
0.00771077329690011
0.010832624110147
0.0133987317069971
0.0149994212435498
0.0155447985355113
0.0152533626539317
0.0145568721163589
0.0139693541056289
0.0139519948786121
0.0147959178365324
0.0165459015922384
0.0189866041038132
0.0217015265284603
0.0241945407570949
0.0260382663520271
0.0269952869135787
0.0270649866124873
0.0264436341731584
0.0254265516531524
0.0243014754970043
0.0232734228404252
0.0224369762761335
0.021790115852822
0.0212727253739176
0.0208098045292377
0.0203396843717313
0.019813313457346
0.0191671957991192
0.0182945969171569
0.0170476215746596
0.0152821706703467
0.0129215983971263
0.00999623335566152
0.0066342453394306
0.00301903754949977
-0.000647252462764187
-0.00414908999516175
-0.0072467585320266
-0.0096889987324566
-0.0112693551823927
-0.0119010853965293
-0.0116600465868186
-0.0107636884582506
-0.00949687782934545
-0.00812497738197224
-0.00683450681487472
-0.00572013637038843
-0.00481046163050197
-0.00410745489469406
-0.00361346701285375
-0.0033342967687609
-0.00326584499673207
-0.00338131290188137
-0.00363122684133985
-0.00395652009831796
-0.00430489926258193
-0.00463817860823945
-0.00492462809028333
-0.00512283157346834
-0.00517297303399467
-0.00500770777294268
-0.00457877842768815
-0.00388161045320971
-0.00296120594381761
-0.0018964490170231
-0.000773274600883271
0.0003393000137031
0.00140148554080721
0.0024023245750143
0.00335119921775562
0.0042676269414764
0.0051730943760371
0.00608310809855173
0.00699450449035591
0.00786826122402655
0.00861919803991206
0.00912826479368073
0.00928080946805091
0.00901333891799602
0.00834183576240912
0.00735631677215935
0.00618768123152192
0.00496543073597743
0.00378228267078662
0.00267322574749552
0.00161308530823253
0.000537351941452372
-0.000614499512487311
-0.00184955752939815
-0.00309494205624951
-0.00421543857951335
-0.00506882037126089
-0.00556714846944087
-0.00571070752528686
-0.00558164453619054
-0.00530796480325285
-0.00501979316648425
-0.00481631243283356
-0.00474929103890407
-0.00481644314151418
-0.00495515012309635
-0.00503806427287892
-0.0048855718506934
-0.0043086767026838
-0.00317753127985058
-0.00149155015105863
0.00057999452862831
0.00271251066174369
0.00450428241833274
0.00559745449912089
0.00579202833872907
0.00509973756848051
0.00371608328389462
0.0019326923639973
3.63055118961904e-05
-0.00176585226269436
-0.00337676554350161
-0.00479654303695622
-0.00607399468185301
-0.0072396594966471
-0.00824999564850912
-0.00897640946164159
-0.00925139886323018
-0.00894578891488487
-0.00802870013538133
-0.0065777561414294
-0.00474654954366016
-0.00272326702456497
-0.000707171746749971
0.00109957912874899
0.00250702415490024
0.00337247190847139
0.00364212365222206
0.00337062727145399
0.00270103922909689
0.00181377649229261
0.000872492026855389
-5.20297863338982e-06
-0.000742197383177777
-0.0012757309880299
-0.00153829328281303
-0.00146448548707313
-0.00101856699460883
-0.000219313666451702
0.000858036224118886
0.00210445641280273
0.00341015952696594
0.00469138608527263
0.00590281377263937
0.00703661886478445
0.0081119064121916
0.00915564522678695
0.010176493775991
0.0111413782920838
0.0119740297811244
0.012589078354098
0.0129499479066966
0.0131117768295827
0.013208778122123
0.0133780520225695
0.0136589810740394
0.0139329502803746
0.0139481870133251
0.0134210844464811
0.0121609987923144
0.0101624797847237
0.00763637651580345
0.00497537374009193
0.00265979960984871
0.00112373081504909
0.000625104516951069
0.00117307964444743
0.00254218086908366
0.00436077689469377
0.00623201039513839
0.00784161594221751
0.00902113437560126
0.00975557491238113
0.0101450469928768
0.0103438420541577
0.010501442754666
0.0107191455341089
0.0110244439869427
0.0113633323853524
0.0116152546787921
0.011633446383105
0.0112997151923361
0.0105693202959828
0.00948410428150507
0.0081505005725646
0.00669818564453571
0.00524084067548903
0.0038520774032473
0.00255789977179221
0.00134349778135472
0.000177226750065039
-0.000944681829819966
-0.00194504069417534
-0.00263933034464014
-0.00277092875314689
-0.00210526891278925
-0.000532602540951482
0.00188261009702325
0.00492873501806086
0.00831815268653039
0.0117480675299342
0.0149243746639972
0.0175687182258713
0.0194453581403396
0.020415506253281
0.020486656538008
0.0198166451392336
0.0186621590855698
0.0172975679886233
0.0159426347498123
0.014724686251471
0.0136789180192145
0.0127747281709862
0.0119508452187671
0.0111452875872836
0.0103140855546054
0.0094406970808243
0.00854099889834119
0.00766474892538662
0.00688861840729724
0.00629596136740603
0.00594546256107898
0.00583848306150589
0.00589855149354118
0.00597572971308114
0.0058819612832581
0.0054488105293692
0.00458279041600326
0.00329074774280483
0.00166573163149686
-0.000150125030743508
-0.00199767098226412
-0.00371328024965001
-0.00513256866638438
-0.00610798494093416
-0.0065505695252777
-0.00648097543337032
-0.00605771791390948
-0.00555488195377876
-0.00528680721816577
-0.00550903795372142
-0.00634042671005954
-0.00773827446571094
-0.00952865725290089
-0.0114715240785914
-0.0133345083483561
-0.0149513297365903
-0.016243052748042
-0.017191898399527
-0.0177846094472341
-0.0179679194388478
-0.0176530294401005
-0.0167666750692872
-0.0153083510814581
-0.0133715208964506
-0.0111184905548285
-0.00873151304934459
-0.00637068379590361
-0.00415374981895488
-0.00215354277126001
-0.000401363966093869
0.00111009943263517
0.00242255656106713
0.00360105885924953
0.00471186737787041
0.00579070494235365
0.0068127639263225
0.00768401053481703
0.00826881714205077
0.00844925072964743
0.00818968366398869
0.00757358498660808
0.00679169649305969
0.0060831338640362
0.0056510496572301
0.00558515936725445
0.00582283917342219
0.00616795672011077
0.00636254901017367
0.00618016869934777
0.00550004587889838
0.0043384046131211
0.00284166117141655
0.00125803780879493
-0.000106584125055939
-0.000952425911546733
-0.00106198519370182
-0.00036236220568848
0.0010527704495138
0.00294704823579844
0.00499773213292006
0.00686853021243783
0.00828573416106933
0.00909979138524428
0.00931016998345388
0.0090424070428876
0.0084894973188435
0.00784558998930745
0.00725536338564416
0.00678564426343926
0.0064164010715305
0.0060542832058537
0.0055785471542773
0.00491561534210384
0.00410846957613005
0.00333273202773165
0.00283649860693482
0.00282952926675792
0.00337974026180397
0.00436971610145065
0.00553284171811257
0.00654972304387472
0.00715984116720323
0.00724262069989682
0.00684398724568254
0.00615082065410969
0.00542866964704089
0.00493814683656497
0.00484644821809185
0.00515920904888998
0.00570400082664702
0.00618377432067465
0.00628482149757784
0.00579081562168271
0.00464949499737018
0.0029672209722134
0.000946683171667921
-0.00119365194037878
-0.003283092248325
-0.00522921028995137
-0.00701691103000027
-0.00868431834500064
-0.0102826818560674
-0.0118295501611823
-0.0132736401647674
-0.0144949045253068
-0.015348932510059
-0.0157338099373396
-0.0156353402614286
-0.0151180309432017
-0.0142718245398871
-0.0131643706116568
-0.01184662536102
-0.0104099466158747
-0.00903829027409233
-0.00799478004673611
-0.00753611434032491
-0.00780934425471001
-0.00879671465881558
-0.0103320934642194
-0.0121628754405502
-0.0140162260448615
-0.0156482527725769
-0.0168781709385513
-0.0176129763287025
-0.0178570249831448
-0.017696472911633
-0.0172600143266971
-0.0166733642523523
-0.0160290599170036
-0.0153816450577137
-0.0147614288385663
-0.0141908171196363
-0.0136908606173775
-0.0132770078204409
-0.0129520455812338
-0.0127042110547232
-0.0125110682940668
-0.0123428856694368
-0.0121602244948631
-0.0119088485315023
-0.0115218956359594
-0.010935621989718
-0.0101128975335124
-0.00905994687074186
-0.00782536577124824
-0.00648247314610002
-0.00510562822336288
-0.00375160701559953
-0.00245083424259142
-0.00120741359830523
-6.45723394711355e-06
0.00117002296175269
0.00231910981607224
0.00339467031766687
0.00430411225817804
0.00493411611798854
0.00519533677746057
0.00506352045813129
0.00460149876572275
0.00396066465909714
0.00336324371984628
0.00306126356365704
0.00327366643865289
0.00412200239033044
0.00559517566767247
0.00755813535273698
0.00979233877007619
0.0120448024731253
0.0140734222827226
0.0156887126035351
0.0167894855306976
0.0173801845894137
0.0175587802703085
0.0174785890131139
0.0172995504837198
0.0171428487680277
0.0170544089063164
0.0169821910134032
0.0167794236109038
0.0162451504259752
0.0151960717161365
0.0135431759433286
0.0113419740897708
0.00879692736408587
0.00621636696851073
0.00392903521781518
0.00219004426865363
0.0011154048988447
0.000674567580072214
0.000738537537927018
0.00115005193348572
0.00177710762088438
0.0025324525326244
0.00336697877934847
0.00425376892572868
0.00517214810743275
0.0060926956260773
0.00696505531365751
0.00771567249985444
0.00826189565906215
0.00854132360251227
0.00854806663844626
0.00836226822143776
0.00815210512518883
0.0081263732933497
0.00843854359092043
0.00908641623662246
0.0098757784199724
0.0104855985024768
0.0106033405757826
0.0100516406709637
0.00884070500669878
0.00713516304068547
0.00517091304742671
0.00316868537910909
0.0012755708327806
-0.000452662583793136
-0.00202646356122645
-0.00346393404299152
-0.00472702524752021
-0.00569364119885916
-0.00619127863984771
-0.00607607089798078
-0.00530753128095576
-0.00397407815987544
-0.0022598672920847
-0.000377063492860212
0.00150047268282764
0.00327149336769134
0.00489270085355881
0.00632124309384242
0.0074507804639247
0.00809267840055035
0.00802929192015654
0.00711223360013255
0.00534092664799405
0.00287101565842727
-4.42925997508575e-05
-0.00313078575001177
-0.00613700818627916
-0.00883514939268145
-0.0110124451026171
-0.0124913393070791
-0.0131802218062692
-0.0131181370347392
-0.0124745446516406
-0.0114971464238307
-0.0104347131034249
-0.00947205655494575
-0.00870037449863538
-0.00812362502546144
-0.00768559833192988
-0.0072998616363543
-0.00687316177627982
-0.00632285324357585
-0.00559182174728921
-0.0046600004240109
-0.00354742613188509
-0.00230561237407139
-0.000999708525802376
0.000311899621027854
0.00159251870404425
0.00282830423477387
0.00401014180424165
0.00510145641234927
0.00601252800396965
0.00660651586959332
0.00674452202660081
0.0063471924027906
0.00543473876604522
0.00412075844172345
0.00256735603654078
0.000935522651182423
-0.00063406036663901
-0.00200225142619967
-0.00300592525016931
-0.00347348446650761
-0.00330020539185794
-0.0025427803953516
-0.0014529486004611
-0.000394477317530309
0.000330224415886294
0.000637839163032715
0.000693720292279309
0.000788476054783885
0.00115551627553151
0.0018658285388639
0.00285481428096064
0.00401115928146231
0.00522138632508664
0.00634540940537122
0.00719048281499946
0.00754769203468522
0.00727713802232336
0.00637435391948309
0.00497023564564126
0.00327214615850843
0.0014877502258483
-0.000231074890891568
-0.00180979280492971
-0.00324308157282282
-0.00456990407142567
-0.00584453010843778
-0.00711318419277212
-0.00840237082592756
-0.00971986176019002
-0.011061673923686
-0.0124120946573859
-0.0137281288079765
-0.0149175479077287
-0.0158361731600346
-0.0163234011790294
-0.0162646559216568
-0.0156432622246175
-0.0145492630013697
-0.0131447871492103
-0.0116147337977241
-0.0101332731118347
-0.0088538133699845
-0.00790694123932713
-0.00738810349666444
-0.00733233021646926
-0.00768891167584606
-0.00831284249321055
-0.00898447135621731
-0.00945880090147049
-0.00953181024434283
-0.00909806985386796
-0.00817356606038102
-0.00687471515266595
-0.00536736192004065
-0.00381095180335004
-0.0023175090896676
-0.000931895198062112
0.000368593310162896
0.00165806948448438
0.00303232357753464
0.00457354172343706
0.00632286225236469
0.00827080801832517
0.0103634186759036
0.0125127116633564
0.0146044343846776
0.0165086213916489
0.0181027004424699
0.0193054899844584
0.0201053963030329
0.0205644673782405
0.0207942036111771
0.0209165173923513
0.0210304813975005
0.0211980535691079
0.0214453722090789
0.0217648364305757
0.0221102833276274
0.0223949161143583
0.0225048148963528
0.0223272582733773
0.0217836825918837
0.0208572309755614
0.0196050304309526
0.0181481121263144
0.0166416081310822
0.0152366487248123
0.0140466267694123
0.013126749078408
0.0124709238503506
0.0120249421663014
0.0117100938531066
0.0114484496542816
0.0111815200139256
0.0108778137012594
0.0105302997414805
0.0101489759762324
0.00975329126435069
0.00936336162573905
0.00898359766574305
0.00857699668279985
0.00804362700728585
0.00722713400287104
0.00596099639662025
0.00413643846492896
0.00175291880649547
-0.00107976064009264
-0.0041874772736575
-0.00739418401885067
-0.0105578653879372
-0.0135566434825177
-0.0162434130527583
-0.0184199255439532
-0.0198702343427735
-0.0204427094041474
-0.0201268005672889
-0.0190755139393676
-0.0175657500873366
-0.0159232460468169
-0.0144441368328989
-0.0133338653292659
-0.0126757801901621
-0.0124374196314034
-0.0125116239494604
-0.0127704599653374
-0.0130978528086937
-0.0133823458630949
-0.0134934048584658
-0.0132942371538825
-0.0127165338369307
-0.0118509355505516
-0.0109675304570275
-0.0104251820289552
-0.010515055698397
-0.0113281450673989
-0.0127111587588836
-0.0143204491842601
-0.0157426117641497
-0.0166312223268965
-0.0168071547973401
-0.0162874212812882
-0.0152424185972663
-0.0139151876420029
-0.0125463557712706
-0.0113305280382569
-0.0104021473964491
-0.00983381487313138
-0.00963410046807201
-0.00974403776863794
-0.0100397005347313
-0.0103494087755076
-0.0104891649654498
-0.0103096316676169
-0.00973731629036393
-0.00879089548930174
-0.00756450891601197
-0.00618648963331568
-0.00477442119516536
-0.00341017892169524
-0.00214938117048247
-0.00105847177187395
-0.000248738660897084
0.000130581242278827
-4.50418250261597e-05
-0.000784646771300269
-0.00192119829692483
-0.00313093605847386
-0.00403524708974546
-0.00433483616405532
-0.00390754462638807
-0.00282863678853133
-0.00131899898513607
0.00034382112507075
0.00191586255887425
0.00325292832572384
0.00433179680072256
0.00521493110871363
0.00598299503133344
0.00669086470041287
0.00736825731683478
0.00802260877749214
0.00861344420969325
0.00903304902777054
0.00913576850909467
0.00880311690435997
0.00799767923435939
0.00677639635844573
0.00527015454756074
0.00365524403825271
0.00213272125291098
0.000909932691530801
0.000168090625052446
8.98878977412486e-06
0.00039410249235484
0.00111008276058798
0.00180404482625657
0.00210860376302293
0.00181275087518268
0.000973779716707859
-0.000121122994579438
-0.00113338919118204
-0.00187345238344239
-0.00238977664859328
-0.00290159430674085
-0.00363909580010467
-0.00470013194205854
-0.00599993047740812
-0.00732207705729204
-0.0084250769008235
-0.00914536466479622
-0.00945875666033061
-0.00949098353181213
-0.00948306562035906
-0.00972222144237717
-0.010456914712317
-0.0118229121430917
-0.0138017992878051
-0.0162161461610577
-0.0187562356627627
-0.0210385411324391
-0.0226961637336553
-0.0234810828278111
-0.023335148822945
-0.0223918700850865
-0.0209075526045613
-0.0191594149393857
-0.0173604486746843
-0.015622027612871
-0.0139643827487795
-0.0123538493229424
-0.0107430418188445
-0.00909970644112227
-0.00742046586443278
-0.00573080075066418
-0.00407410681288373
-0.00249452637150833
-0.00102067665560317
0.000342880291654726
0.00161401887563989
0.00282426928231046
0.00400760471731976
0.00518911565897843
0.0063740397286002
0.00754056603423672
0.00864449793751396
0.00964144690350663
0.0105195122839428
0.0113223497537091
0.0121437759819587
0.0130929393713475
0.0142493660839967
0.0156334489051256
0.017206819722399
0.0188976765755345
0.0206301549302522
0.0223336278337238
0.0239231300277768
0.0252698254247103
0.0261975724639032
0.0265264730158407
0.0261450205319886
0.0250651657993256
0.0234249322920193
0.0214392629264067
0.0193291301951544
0.0172631290936914
0.0153310901967704
0.0135511890123625
0.0118994000730108
0.0103441698520342
0.00887000257925704
0.007481652330271
0.00619241088773258
0.00500824788405053
0.00391916935378822
0.00290166974303836
0.00192747195628988
0.000969534686610559
-4.56793103120136e-07
-0.00101991336477782
-0.00213817663637275
-0.00340697130417745
-0.00486230921200587
-0.00650894904440826
-0.00831342661167931
-0.010201853885665
-0.0120586755920888
-0.0137331176867792
-0.0150649351370097
-0.0159286449876643
-0.016276286774647
-0.0161539001678122
-0.01568237897126
-0.0150145964440745
-0.0142905569588216
-0.0136073185950259
-0.0130091706588839
-0.0124953882315312
-0.0120402549630061
-0.0116192587276553
-0.0112329031289994
-0.0109170976360255
-0.010731427983491
-0.0107256608875343
-0.010897394233377
-0.0111635120106734
-0.0113670887694481
-0.0113245875590052
-0.0108928940050301
-0.0100212117242886
-0.00876226749142972
-0.00724240672263426
-0.00561048250381754
-0.00398983250254516
-0.00245127632895296
-0.00101657316220264
0.000308914770569866
0.00149153614914943
0.00244291394827432
0.00303574478410765
0.0031572273877063
0.0027663354293284
0.00191775119237853
0.000740945626890927
-0.000604556227903872
-0.00196359473720357
-0.00319112834203166
-0.0041412010015068
-0.00466796981735909
-0.00465475176154747
-0.00405692576900011
-0.00292716832846479
-0.00140258130341559
0.000340083340521832
0.0021366463283364
0.00387202482227915
0.00549220952022583
0.00699667192884681
0.00842022069138444
0.00980784183011776
0.0111809599527028
0.0124998911874084
0.0136423688362672
0.0144225796432065
0.0146544100101841
0.0142294625764738
0.0131658520303627
0.011602186190034
0.00974488374914445
0.00779874314996092
0.00591159518527834
0.00415396302086904
0.00254217540752846
0.00109536708636724
-0.000106118144091635
-0.00090341439957693
-0.00110426640937734
-0.000570388558158866
0.000700551356274018
0.00253968383910353
0.00463370848492374
0.00660455897904094
0.00811520561652856
0.00896288637619372
0.00912275365664606
0.00872685703741756
0.00799461402495571
0.00715043768519218
0.00636172302410435
0.00571312030263478
0.0052145311433363
0.00482880852457129
0.00450202196677747
0.00418306311689034
0.00382847274677975
0.00339851277800572
0.00285516574135811
0.0021682597778908
0.00132646463167987
0.000344302080253874
-0.000740923925487725
-0.00188098322060679
-0.00303090166639776
-0.00415915260928597
-0.00525110769979336
-0.0063066107184505
-0.00733435561498651
-0.00834580966812553
-0.0093505641336391
-0.0103539691037152
-0.0113570560785665
-0.012358043268216
-0.0133541362438744
-0.0143423636823325
-0.0153195195281361
-0.016283178108735
-0.0172349981196789
-0.0181819214342934
-0.0191260416631346
-0.0200420911442041
-0.0208635109109579
-0.0215082776619877
-0.0219450914465139
-0.0222461134250588
-0.0225586486437388
-0.0229912397466359
-0.0234960569735311
-0.0238466053486905
-0.023735419950699
-0.0229246149984787
-0.0213552567725897
-0.0191661238173065
-0.0166332526587031
-0.0140726347744909
-0.0117473843997871
-0.00980711345952255
-0.00827228291472057
-0.00706063412133891
-0.00603867726344592
-0.00507480236137812
-0.0040751270831135
-0.0029955189321808
-0.00183629995704921
-0.00063267575640649
0.000550168820579768
0.00161994354103502
0.00246959537998346
0.00300785928669171
0.00320335064946935
0.00312302985055158
0.00294044793486115
0.00289811422007651
0.00322935918676821
0.0040678415677528
0.00538422360634249
0.00698203672585691
0.0085600595065615
0.00981682908062434
0.0105511004610172
0.0107150433195508
0.0104037550650046
0.00979660124926976
0.00908307116523985
0.00840335687356442
0.00782033070106019
0.00732460099100705
0.00686228298351983
0.00636893635727618
0.00579636803480991
0.0051300839753181
0.00440306153506158
0.00370530443340495
0.00317400300485972
0.00294781261461116
0.00309349763460093
0.00354583012106561
0.00410695827156431
0.00451618215096448
0.00455233409319448
0.004110686379733
0.00322014027516272
0.00201093462563134
0.000669836675047797
-0.000590116378145857
-0.0015488114271968
-0.00200759964341261
-0.00183359796920557
-0.00099969011176906
0.000406246354130544
0.00220759099236057
0.00418049429050292
0.00608924752131365
0.00771345470639544
0.00887793963258545
0.00948718276428006
0.00954850745414269
0.00916560853857249
0.00850058854205495
0.00772181243516199
0.006960441979057
0.00628958156849201
0.0057267046311474
0.00525180111994598
0.00483259012882586
0.00445006256673686
0.00411788235418286
0.00388815594573727
0.00383840653890265
0.00404176478227525
0.00452969049967973
0.00525999985613166
0.00610402571559655
0.00686512243532421
0.00733028462152308
0.00733716677601981
0.00682545935554466
0.00585031832520096
0.00456060840900812
0.00316195529420509
0.00187923279985811
0.000916662853864765
0.000409265115325771
0.000374299542446123
0.000689043861331277
0.0011192350545367
0.00139611102459566
0.00130857738915788
0.000766502283502506
-0.000190401541802028
-0.00143222787450848
-0.00279977706717653
-0.00415798173429498
-0.00542540002279431
-0.00657771354529978
-0.00763278265151978
-0.00862865611071098
-0.00960486675583456
-0.0105916279358568
-0.0116031401538887
-0.0126267623729252
-0.013606360074682
-0.0144323993826363
-0.0149574244566418
-0.0150414561210938
-0.0146071882634471
-0.0136733646988326
-0.0123478400274005
-0.0107870766573322
-0.00914558745337673
-0.00753841974621133
-0.00602784968002909
-0.00463183331834837
-0.00334308423180272
-0.00214651856335008
-0.00102816717019246
2.39570511529128e-05
0.00102223258612041
0.00198072023169852
0.00291397875100706
0.00383432800781083
0.00474937129476312
0.00566171251729563
0.00657170115771207
0.00748038753133042
0.00838560740216455
0.00926598309298077
0.0100594711556224
0.0106559409432314
0.0109206902107625
0.0107442598409432
0.0100914588711172
0.00902009680946713
0.00765885185575454
0.00615810823100622
0.00464290837098653
0.00319709340354813
0.00188936959792142
0.000820360424382795
0.000147109600079848
5.36706679653181e-05
0.000678439542624903
0.00204200812776372
0.00401484811344418
0.0063362990547799
0.00867663734480481
0.0107278081710184
0.0122988045847746
0.0133777711010982
0.0141265585420603
0.0148038964844274
0.0156488328128914
0.0167716676072246
0.0180942954063558
0.019365773637241
0.0202524922759807
0.020467057921828
0.019876055721412
0.0185372223553789
0.0166572687010042
0.0145027984012009
0.0123125595123073
0.010246815775678
0.00838279276185704
0.00674083702906818
0.00531666443380662
0.00410347282913028
0.0031028479265318
0.0023298633266575
0.00181272022317638
0.00158256799250612
0.00165359270600365
0.00200143096885851
0.00255025869416367
0.00317545666852077
0.00372421118081796
0.00405147466659
0.00406281644577868
0.00375127448170152
0.00321380533561778
0.00263340615188141
0.00221924360066276
0.0021165646660345
0.00232545701753754
0.00267797938541166
0.00289679257388538
0.00270952481835788
0.00196131801955552
0.000675688261936707
-0.000954303847058524
-0.00263357372441923
-0.00406323154705959
-0.00503303893131707
-0.00547395071150282
-0.00545455587253866
-0.00513174571258241
-0.00468403154527658
-0.00425563441752324
-0.00392611993978682
-0.00370641787666239
-0.00355475919506476
-0.00340380618702406
-0.0031890312771428
-0.00286884133689507
-0.00243276669235213
-0.00190347625625956
-0.00134153529212043
-0.000851956710294816
-0.000577762828784411
-0.000666018258754807
-0.00121110129207169
-0.00220213665524973
-0.00350637198293333
-0.00490322071426471
-0.00615648026935744
-0.00709167103695667
-0.00764299353328788
-0.00785067045287552
-0.00781476179526623
-0.00763233272443098
-0.00735091377572436
-0.0069604199954785
-0.00642486006096062
-0.00573501397047843
-0.00495208533224709
-0.0042151395316415
-0.00370374288740855
-0.00357384539353453
-0.00390058835819437
-0.00465276332022576
-0.00569995499571938
-0.00683916052433122
-0.00783243705032295
-0.00845559468151958
-0.00855290833266479
-0.00807898754906927
-0.00710564319850051
-0.00578739368069346
-0.00430306228472715
-0.00280513177243495
-0.00140298388460901
-0.000182667213744871
0.00076105589163703
0.00131360603107336
0.0013654356883253
0.000859118683670841
-0.000167966389938835
-0.0015642378581716
-0.00307590532288275
-0.00439427878852584
-0.00523324764875167
-0.00541133508684513
-0.00489978964068777
-0.00381466570081555
-0.00236769242418903
-0.000812683652939275
0.000589742958431315
0.00159742471249429
0.00202135359042735
0.00176947379657256
0.000874653970536748
-0.000517862915132969
-0.00220325759486293
-0.00398354257254927
-0.00571279073792866
-0.00730019881411459
-0.00867756755542613
-0.00976250341095568
-0.0104513675899832
-0.0106513761541329
-0.010328369808945
-0.0095336529464467
-0.00838943685092368
-0.00704176830628842
-0.00560909086967128
-0.00415284830268779
-0.00267947205066763
-0.00116492805727984
0.000414870688142089
0.00206085897710525
0.00373989532562302
0.00538572630561712
0.00690982329337657
0.00821982984300539
0.00924213352633887
0.00994249706221636
0.0103368823243867
0.0104868164184791
0.010480379204248
0.010406989505475
0.0103363885651133
0.0103083116456754
0.0103329586873017
0.0103985956876343
0.0104834782580034
0.0105716861281397
0.0106710934616637
0.0108260926514583
0.0111148328315451
0.0116266625123628
0.0124256960249894
0.0135117913936025
0.0147911859825898
0.0160729504946097
0.0171097817884667
0.0176855038947794
0.0177157267081679
0.0173027549669206
0.0167038616379873
0.016226674774713
0.0161114319483448
0.0164593621123876
0.0172258108009205
0.0182557596522848
0.0193300715189248
0.0202093733621872
0.0206798987118694
0.0206018057191196
0.0199446723054645
0.0187903606694985
0.017298562644695
0.0156511900926299
0.0140006989044563
0.0124404889330994
0.0110014508117929
0.00966751093163972
0.00839877824860948
0.00715264259473925
0.00589800964685894
0.00462254354678296
0.00333470038551185
0.00206129385725476
0.000840177943107933
-0.000291090297870267
-0.0013075840207724
-0.00220771438184571
-0.00302177771181116
-0.00381674503302561
-0.0046913882804188
-0.00575595346264074
-0.00709979769817504
-0.00876076136627187
-0.0107096374040875
-0.012852488817782
-0.0150452274128983
-0.0171156281533446
-0.0188908569632658
-0.0202258093377191
-0.0210230364873955
-0.0212375119296736
-0.0208685730872401
-0.0199483083918817
-0.0185354523024266
-0.016719378470103
-0.0146329317335549
-0.0124644209756285
-0.0104509978606595
-0.00883926915902246
-0.00782010694890961
-0.00746858657848727
-0.00772330316239877
-0.00841666633331313
-0.00933834999820325
-0.0103002516305324
-0.0111782180170818
-0.011922586807697
-0.0125437073528042
-0.0130850227300721
-0.0135964353222357
-0.0141169119796885
-0.0146683520695876
-0.0152543842951126
-0.0158540219289571
-0.016407496674576
-0.0168066436669141
-0.0169091084070818
-0.016582053555804
-0.0157558332613464
-0.0144553525040539
-0.012790270790439
-0.0109139800393712
-0.00898134458503887
-0.00713043270982856
-0.00548777915473534
-0.00417160112607922
-0.00326636604634605
-0.00276995634136216
-0.00254938348062641
-0.00235027342539928
-0.00187589645700974
-0.000903560429078035
0.000622576256437414
0.00256995600420649
0.00467072108826746
0.00661225588316442
0.00811975382122097
0.00900757926520964
0.00920132144479036
0.00873890053462143
0.0077520697319607
0.00642749012675553
0.00495548832510562
0.00348503653689061
0.00210423033429661
0.000853543953489824
-0.000239972319803038
-0.00113326621587961
-0.00176463867390549
-0.00207896175251728
-0.00206048217141322
-0.00174899679045407
-0.00122960740294212
-0.000604409689941637
3.72925053191165e-05
0.000637336453615712
0.00117205356691143
0.00164525365374701
0.00207806724258645
0.0024984242621749
0.0029256184700794
0.00334519217932245
0.00368203895110802
0.00379436039619603
0.00350731099401729
0.00267828577313138
0.00125879459652011
-0.000682754256555659
-0.00298736403944928
-0.00546294864971802
-0.00794421846831715
-0.0103304281037379
-0.0125854131773423
-0.0146971013296733
-0.0166153893896376
-0.0182091371893745
-0.0192807168388306
-0.0196398336256525
-0.0191935536762126
-0.0179967192902908
-0.0162361195063971
-0.0141638650295316
-0.0120168607002766
-0.00995404952287291
-0.00802826880276784
-0.00619871171451949
-0.00438001287677161
-0.00250822007819064
-0.00059018191712582
0.00129168824357119
0.00301995973771361
0.00450000787655175
0.0057003061947633
0.00665765960830753
0.007453381333839
0.00817890140591099
0.00890749982249297
0.00968017236382755
0.0105058585527017
0.0113720908109239
0.0122603331451639
0.0131595215186589
0.0140722168381271
0.0150114277995559
0.0159913181400736
0.0170181769483846
0.0180868002597579
0.0191830140880074
0.0202891123436292
0.0213885320007939
0.0224692357848877
0.0235282812698379
0.0245773902747677
0.0256403068526627
0.0267276358807898
0.0277881444276036
0.0286648011607218
0.0291004000287901
0.028813458307327
0.0276121648469683
0.0254801904650764
0.0225852592848116
0.0192119339071618
0.0156610212945044
0.0121656202075879
0.00885524008737078
0.00577201009468239
0.0029184532715505
0.000303198523112804
-0.00204277166383134
-0.00408329287826643
-0.00580790407433902
-0.00725090881430869
-0.00848641729594081
-0.00960526814350875
-0.0106887258936145
-0.0117913048415144
-0.0129367962569281
-0.0141239732276027
-0.0153355243444864
-0.0165471555720219
-0.0177406717713334
-0.0189264937136435
-0.0201697590006092
-0.0215955578046821
-0.0233438218402663
-0.0254710012868315
-0.0278452611213409
-0.030115088854503
-0.0318070816436975
-0.0325282744852904
-0.0321669707205486
-0.0309714118515643
-0.0294565801379815
-0.0281950906462704
-0.0276095679894212
-0.0278606418116137
-0.0288467100220687
-0.0302687479302656
-0.0317101763692859
-0.0327188130449019
-0.0329000746175669
-0.0320126404189319
-0.0300308169133519
-0.0271437804345091
-0.0236977102678208
-0.0201124030086187
-0.0167969771161506
-0.0140700431357288
-0.0120882927004071
-0.010803960817644
-0.00997943788187915
-0.00926764814402542
-0.00833056994162585
-0.0069447480602341
-0.00505084979942268
-0.00273639703429777
-0.000172359751043312
0.00246196078010871
0.00503457308941257
0.00747728536266321
0.0097601816323571
0.0118432690190951
0.0136415432578242
0.0150338554337006
0.01591401605664
0.0162481923207557
0.0160961808606068
0.0155826452558975
0.0148451366651387
0.0140045691927083
0.0131812738326662
0.0125308074424576
0.012244322877943
0.0124849477838429
0.0132953980067101
0.0145494173801417
0.0159908141951489
0.0173375328323999
0.0183863618559539
0.0190653640787942
0.0194231378135862
0.0195782439555065
0.0196612441205249
0.0197725053868508
0.0199644684683233
0.0202449025807305
0.0205901395378507
0.0209564270693022
0.0212844676708736
0.021502356242541
0.021536086063611
0.021329780867971
0.0208665086072401
0.0201764795032634
0.0193265027597952
0.0183962498861381
0.0174544064837768
0.0165470012079419
0.0157015258634511
0.0149385412283023
0.0142766760551225
0.0137250885590893
0.0132739959955249
0.012900374447251
0.0125916726291297
0.0123689667257482
0.0122868417937188
0.012406184614208
0.0127585382488266
0.0133260465067371
0.0140483999404926
0.0148501783932908
0.0156683346003348
0.0164557962985809
0.0171505844068743
0.0176302490239347
0.0176959656335237
0.0171183617733008
0.0157292097596231
0.0135022548771909
0.0105719998940156
0.00718358930429759
0.00360820182181429
6.70460327367895e-05
-0.0033111738159117
-0.00649499094540678
-0.00952047119370932
-0.0124320846449968
-0.015210499420319
-0.017723487672511
-0.0197395870487906
-0.0210117800027631
-0.0213886916993969
-0.0208876874058185
-0.0196899634417918
-0.0180695466976893
-0.0163043900009219
-0.0146161380902414
-0.0131547949419532
-0.0120123871246371
-0.0112384967943877
-0.0108425634310172
-0.010786567413096
-0.0109802443504973
-0.01128742771158
-0.0115457435351815
-0.011599878181092
-0.0113485803875729
-0.0107967019334006
-0.0100809937974991
-0.00942503986263179
-0.00901506813972719
-0.00886868340369691
-0.00880873092888527
-0.00858251239836402
-0.00803791919381239
-0.00721915251315152
-0.0063241760706255
-0.0055807456457669
-0.00513785416172879
-0.0050247185871665
-0.00516677789288991
-0.00542235783298308
-0.00561686273236811
-0.00557428127238961
-0.00515418496190857
-0.00429404463368934
-0.00304363047531236
-0.0015716549370539
-0.000130305821051163
0.00101805852441588
0.00168433423923278
0.00180805838925097
0.00146054495549085
0.000800394425550468
8.18383947341257e-06
-0.000769675649296098
-0.00144954634724086
-0.00200929229528055
-0.00246877790569765
-0.00287183284626874
-0.00328544063102766
-0.00381323872704486
-0.00459831735270094
-0.00578675025363895
-0.00744960094575136
-0.00950150979228397
-0.0116743551353198
-0.0135811930410538
-0.0148496118704466
-0.0152564447570328
-0.0147948949188979
-0.0136492573996395
-0.0121048321572406
-0.0104450833451756
-0.00887721676664495
-0.00749998931220096
-0.00630733485758414
-0.00521756946844722
-0.0041212505289421
-0.00293698036113947
-0.00165384248231632
-0.000337913496959538
0.0009014678334233
0.00196477485201519
0.00280382915004438
0.00343305236922741
0.00391263307212985
0.0043190026961991
0.00471833436167112
0.00515160370731604
0.00563216273166708
0.00615221474375481
0.00669314615326582
0.00723530748769845
0.00776451991229481
0.00827450368957372
0.00876595335135079
0.00924376996825224
0.00971399509883176
0.0101815194016041
0.0106489908132286
0.0111168023834585
0.0115837612880806
0.0120480305362759
0.0125080280121369
0.0129629729455901
0.0134127666885526
0.0138572930638135
0.0142960935304357
0.014729516161423
0.0151601166340321
0.0155892549644418
0.0160039287503401
0.0163574853380039
0.0165595970754445
0.016491804809368
0.0160485605504514
0.0151825883670659
0.0139275583603623
0.0123859377652335
0.0106915278850768
0.008967694897221
0.00729899647122115
0.00572272218377269
0.00423664232165498
0.00281460370513949
0.00142281893860746
3.41311004381172e-05
-0.00135935924893722
-0.00273656521401411
-0.00404613518289049
-0.00521923770683439
-0.0061943431896038
-0.00694234304146503
-0.00747841480963986
-0.00785514222829795
-0.00814239500472329
-0.00840498722296386
-0.00868724290045213
-0.00900816651459127
-0.00936602068087639
-0.00974783250777355
-0.0101374055259892
-0.0105160950457072
-0.0108558771327199
-0.0111120844907957
-0.0112263710501439
-0.0111437398629166
-0.0108354323912063
-0.010313323445124
-0.00962692484101281
-0.00884568204233493
-0.00803706783458818
-0.00725041957235466
-0.00651043953070755
-0.0058188158027866
-0.00516143388941825
-0.00452091106403972
-0.00389430285651724
-0.00331040994901086
-0.00283498827272905
-0.00255473535480281
-0.00254379559379217
-0.00282910599744874
-0.00337218159929468
-0.00407553467101196
-0.00481040333374966
-0.00545454020602541
-0.00592550684541143
-0.00619724695305427
-0.00629607655656063
-0.00628198187368453
-0.00622455842025534
-0.00617825270570592
-0.00615699569325895
-0.006112799098236
-0.00593223666997198
-0.0054634614758866
-0.004568629010487
-0.00317854039501519
-0.00132759598881261
0.000836695115239429
0.0030675197845012
0.00506199768398991
0.00654313024127064
0.00736606278865664
0.00759598273512248
0.00749439195996019
0.00739669599892849
0.00754223866618551
0.00796065368247134
0.00848146425266224
0.0088472096750233
0.00884869528116494
0.00840683433440012
0.00757683071387685
0.00649779464082521
0.00532717655999591
0.00419000898202066
0.00315525668612092
0.00223705438491172
0.00141074984716717
0.000633108655625874
-0.000138199287942968
-0.000924111752664978
-0.00170197426213486
-0.00239101510009404
-0.00286206068386186
-0.00297818984897627
-0.00264974882700054
-0.00187251575846743
-0.000728292049739255
0.000645800541211858
0.00209437284605957
0.00346725749942338
0.00462971063200529
0.00547282726160579
0.00593170108448117
0.00600314211983082
0.00574792691928846
0.00527134561101283
0.00469026788548802
0.00410195879387382
0.00356605128544783
0.00310237243977203
0.00270069038213854
0.00233624245224414
0.0019853891768874
0.00163680550194227
0.00129516947507964
0.000977043082998579
0.000701536768821299
0.000479279784495004
0.000302407433158919
0.000138539525222116
-6.63822244032193e-05
-0.000372268815155049
-0.000819002317925137
-0.00140301292690794
-0.00207152000839934
-0.00274045516416492
-0.00332710174117434
-0.00377971937491434
-0.00409020088410721
-0.00428750026873616
-0.00441951217052312
-0.00453371683402069
-0.00466367814362166
-0.00482397640153379
-0.00501308817442396
-0.00522136689715344
-0.00543825921194965
-0.00565155497356842
-0.00583733292656018
-0.00595185845116162
-0.0059415896173888
-0.00576886129758821
-0.00542479606597526
-0.00491381526729347
-0.00424044507291736
-0.00342750697196514
-0.00253628680237447
-0.00164953356181047
-0.000835341504399027
-0.000131311307587458
0.000448521409986238
0.000904390616764344
0.00124656837812962
0.00149050681146017
0.00164923010620597
0.0017283962659139
0.00172942078207655
0.00166035040068043
0.00154882114357697
0.00144881647700109
0.00143419465873043
0.00157849306370758
0.0019294938527504
0.00249097545551765
0.00321931533366432
0.00403436151386959
0.00483941784189827
0.00554482162303474
0.00608940381501993
0.00645329014393747
0.0066573321815478
0.00675017169408387
0.00678955828856917
0.00682527107885352
0.00688703354285051
0.00697724792823832
0.00706908259578385
0.00711297071143205
0.00705305663567479
0.00684852791774064
0.0064894415650274
0.00599892812911341
0.00542217917001392
0.00480993708626123
0.00420453597743295
0.00363086990409514
0.00308949668573186
0.0025505665526522
0.00195452528431843
0.00122952929368159
0.000327370205755599
-0.000737619644185568
-0.001872969102478
-0.00293236386283876
-0.00377061423673773
-0.004299037341869
-0.00451200211123918
-0.00447591095273615
-0.00429424127639629
-0.0040705268231891
-0.00388253475805151
-0.00376593504661639
-0.00370042448885682
-0.00360260863428916
-0.00334443577269497
-0.00280931583662767
-0.00196579938409785
-0.000910820216278742
0.000154410157340893
0.0010064694257431
0.00149023110718364
0.00156811568965519
0.00131169635080933
0.000853898449534177
0.000333091560405436
-0.000147395401536622
-0.000535983897804231
-0.000828951540695034
-0.00105363902577975
-0.00124626748879422
-0.00143079509429117
-0.00160507645477688
-0.00173973568537527
-0.0017913167507657
-0.00172518254135222
-0.00153868508135628
-0.00127394341953636
-0.00101288706664388
-0.000854408404598203
-0.000881366138193418
-0.00112904192611297
-0.00156530414398357
-0.00208967984164489
-0.0025552165544494
-0.0028103242094479
-0.00274792156147969
-0.00234335908532147
-0.00166600415227385
-0.000859120580974456
-9.39230461764766e-05
0.000486117929703951
0.000811005670525999
0.000906788853970448
0.000887807120085191
0.000911687041448085
0.00110533731384838
0.00149980861774376
0.00201199327554144
0.00247471804940303
0.00269251960606242
0.00250373114089501
0.00183231637178647
0.000709694483108923
-0.000744765992058739
-0.0023745494288792
-0.00403937822297207
-0.00563983886863351
-0.00710000811712706
-0.00832649818611779
-0.00918453057707093
-0.00952045174575955
-0.00922113485876424
-0.00827147128091493
-0.00677903055130921
-0.00496364746243816
-0.00312351160262506
-0.00158206299799982
-0.000617549433557696
-0.000392689650603848
-0.000913779448488645
-0.00203448390466211
-0.00349344447581399
-0.00496803452773392
-0.00614093346099348
-0.00678070403135984
-0.00681597915734316
-0.00636180606356478
-0.00567137953599197
-0.00503196533702797
-0.00465936230184546
-0.0046410036774313
-0.00494242452449642
-0.0054551973678328
-0.00604878581576983
-0.00659864751352248
-0.00698859074890124
-0.00710750560453074
-0.00686124375927418
-0.00620007230291157
-0.00514178109490087
-0.00377027464298068
-0.00220794730014633
-0.00057888908980025
0.00101645223646416
0.00250651056227764
0.00384097213635642
0.0049842845327525
0.00591801942286779
0.00664816273128234
0.00720772903660578
0.00764927701044832
0.00803025362496638
0.00839875614989953
0.00878542815482002
0.00920171487670494
0.00964076012994157
0.0100781698707644
0.0104742725207371
0.0107818787189954
0.0109600404932644
0.0109881468144501
0.0108732792326336
0.010649345541913
0.0103724853714211
0.0101163116774019
0.00996472864502826
0.00999798420193737
0.0102721840995693
0.0107973973348931
0.0115201707379249
0.0123167430638979
0.0130061043354883
0.0133896232146051
0.0133094515219552
0.0127006001320117
0.0116095384418125
0.0101702044117526
0.0085519923791107
0.00690632321679881
0.00533401939015761
0.00388148635646431
0.00255863522280174
0.00136250443663241
0.000291603731536109
-0.000654145836359748
-0.00148150152103498
-0.00220861759994778
-0.00285926116735888
-0.00344904038374003
-0.00397379799027821
-0.00440992390983725
-0.00472781449553604
-0.00490990640795383
-0.0049619240410815
-0.00491212965488938
-0.0048023886466039
-0.004678947774396
-0.0045876789957857
-0.00457239072885249
-0.00467092218340547
-0.0049037821398168
-0.00525398617463719
-0.00564516930260935
-0.00593461863417336
-0.00593757181152359
-0.00548199073421636
-0.00447079600093193
-0.00292251976460296
-0.000975936346145574
0.00113817288582037
0.00314889340812311
0.00481075095869611
0.00596616850545768
0.00657987868570839
0.00672675511138907
0.0065385235688987
0.00613918086226994
0.00560329079555479
0.00495266126466147
0.00418148585797983
0.00328666631542095
0.00228419692195617
0.00120662093017259
9.07276567602498e-05
-0.00102811084167479
-0.00210370773949843
-0.0030554586051615
-0.00375741061556165
-0.00406155732874115
-0.00385093693541648
-0.00309153991502418
-0.00185107282998418
-0.000277016944619642
0.0014487085077869
0.00315549740918087
0.00471594958858688
0.006056728467756
0.00714498795157881
0.00795965933178597
0.00847567773817856
0.00868652594903797
0.00865288531624261
0.00852771577649157
0.00851849723700602
0.00880143196412722
0.00944511341463677
0.0103921822260565
0.0115010725851816
0.0126100980003366
0.0135820466352892
0.0143146219217843
0.0147325147419897
0.0147849400177532
0.0144568903471284
0.0137840322159612
0.0128576576465399
0.0118144070545007
0.0108127979253865
0.0100009452879657
0.00948206380134309
0.00928784215708545
0.0093701233432713
0.0096158986565521
0.00988195555281293
0.0100376250484219
0.0100002266050378
0.00975060632772595
0.00932543626151851
0.00879377099904302
0.00823096731942695
0.00770017129880879
0.00724274370490705
0.00687129221269834
0.0065597960086498
0.00623536951574322
0.005785233769829
0.0050873476993177
0.00405459868073471
0.00266826673342714
0.000982569190777736
-0.000896631649638145
-0.00284034798205251
-0.00471740543585519
-0.00640823666943839
-0.00781967566815753
-0.00890162978356658
-0.00965633622638208
-0.010132785637946
-0.0104108288533285
-0.0105859172037319
-0.0107587116411876
-0.0110240598783105
-0.0114545315265836
-0.0120837092045785
-0.0129003391564457
-0.0138578026433733
-0.014890609002629
-0.0159246776455614
-0.0168773026425396
-0.0176567528190559
-0.0181746158785923
-0.0183713915384467
-0.0182402147218296
-0.0178314826541703
-0.0172349311275304
-0.0165520776935441
-0.0158762116187126
-0.0152867342355031
-0.0148507457164719
-0.0146208933309896
-0.0146265424435182
-0.0148639102253654
-0.0152901205396379
-0.0158209960720876
-0.0163339614441447
-0.0166841519662834
-0.0167389196559873
-0.0164177645311957
-0.0157089008523204
-0.0146433749864833
-0.013241543400995
-0.0114746448744516
-0.00927712927281952
-0.00660655551340976
-0.00350980035004729
-0.000147330273714209
0.00324492041129894
0.00643472469509466
0.00926499860182125
0.0116747614309944
0.0136637190670805
0.0152352979014522
0.016364716630139
0.0170127167834412
0.0171675474597886
0.0168813033607175
0.0162788636342331
0.0155383275199091
0.0148527422147948
0.0143851554008283
0.0142307576207277
0.0144001939608195
0.0148308790869223
0.015419754301497
0.0160610533684118
0.0166736919767342
0.0172126736851024
0.0176679389938616
0.018054341050986
0.0183904207172237
0.0186642160062792
0.0187989727552067
0.0186466937394392
0.0180292027435484
0.0168128295370396
0.0149730884240921
0.0126091021922404
0.00990196514627462
0.00704871017068627
0.00421652609350726
0.0015407909724116
-0.000850124533710221
-0.00282588306924229
-0.00428655504824502
-0.00521609731330023
-0.00571019394046894
-0.00595241175112654
-0.00615579066427979
-0.00650788196916861
-0.00714243129935364
-0.00813392256814498
-0.00949799922819175
-0.011185974356099
-0.0130756741879271
-0.01497351776094
-0.0166447059425344
-0.0178734075771944
-0.0185302509903157
-0.018611341558634
-0.0182260156126497
-0.017540883074775
-0.0167118859117225
-0.015837943576281
-0.0149519243305269
-0.0140424529432178
-0.013087421293908
-0.0120806384637943
-0.0110416512630379
-0.0100087133132514
-0.00902228759366513
-0.0081093999258538
-0.00727660316941789
-0.00651251571381034
-0.00579463561189251
-0.00509553504718773
-0.00439175916711473
-0.00368529257130743
-0.0030377813683939
-0.00259178440754188
-0.00253803675772126
-0.00301466591866257
-0.00398575670165408
-0.00518643081753775
-0.00619057711948411
-0.00657508902233719
-0.00609322743193629
-0.00477485471619151
-0.00292046330609797
-0.00100191064691869
0.000492603797680641
0.00121977765837384
0.00109449228751621
0.000310039252200156
-0.000750340387962022
-0.0016793437716923
-0.00221400510182801
-0.00232444638911911
-0.00218540624407379
-0.0020615149014472
-0.00217909099142014
-0.00264720612542511
-0.00344809280357984
-0.00447815513609672
-0.00560589186014302
-0.00671884705778829
-0.00774626450276661
-0.00865845339945345
-0.00945318771542374
-0.0101412175628708
-0.0107379278899778
-0.011261106210741
-0.0117308433381181
-0.0121680414864105
-0.0125906756334538
-0.0130098362991599
-0.0134294544209993
-0.0138516803189309
-0.0142817260892087
-0.0147178123505006
-0.0151194378885237
-0.0153754712817319
-0.0153155225458688
-0.0147858261003387
-0.0137507420936366
-0.0123436391557599
-0.0108228410853458
-0.00946100532068968
-0.0084397373637077
-0.00780395256372328
-0.00748196926343604
-0.00734211178846106
-0.00725119931913171
-0.00711355986472704
-0.00688499099911371
-0.00656658264795277
-0.00618774696517341
-0.00578731514587257
-0.00539780787225779
-0.00503411814496921
-0.00468745035251194
-0.00432843591011557
-0.0039242724018956
-0.00346749090164924
-0.00300132308226425
-0.00262138902790239
-0.00244545713764875
-0.00256543726734324
-0.00300920110981186
-0.00373260670351188
-0.00464185527192007
-0.00563005734605289
-0.00660923760710246
-0.00752711267849228
-0.00836833524624126
-0.00914581724377748
-0.00988725384150634
-0.0106182532851627
-0.0113428657388642
-0.0120277694880162
-0.0126017610411959
-0.0129775293621359
-0.0130877669678708
-0.0129154722695597
-0.012500977118237
-0.0119234486660503
-0.0112693236827464
-0.0106044690680144
-0.00996103358739597
-0.009340470624955
-0.00872709061776255
-0.0081036529373915
-0.0074607071945425
-0.00679402566835021
-0.00609085358596525
-0.00531478136938839
-0.00440363336005107
-0.00328759283370536
-0.00191933199184683
-0.00029782086766688
0.00152800289734906
0.00347561947037481
0.00545461491907554
0.00738995757662073
0.00923637159673144
0.0109820068907231
0.0126411345255079
0.0142366397259594
0.0157772616668959
0.0172406644797866
0.0185745969657777
0.0197190267866225
0.0206364471042368
0.0213284640381926
0.0218243729131843
0.0221482794833201
0.0222893662210035
0.0221997858880713
0.0218259891432267
0.0211566529018782
0.020259086708911
0.019281031909983
0.0184123395233902
0.0178228963161832
0.0176074723792493
0.0177641239866251
0.0182110665583747
0.0188230428940054
0.0194613042603355
0.0199865118060741
0.020264969549568
0.0201827907865902
0.019666271097049
0.0186915607776962
0.0172731233133414
0.0154410143343004
0.0132269656213993
0.0106692267230848
0.00783031199932869
0.00481452125982991
0.0017722541969057
-0.00111852066672227
-0.00369295161865527
-0.00584421843295237
-0.00754563911021454
-0.00883621257348083
-0.00978273363191904
-0.0104466320751233
-0.0108737222776298
-0.0111030034324645
-0.0111782061268976
-0.0111502019413845
-0.0110700683158274
-0.0109796089841628
-0.0109052786737294
-0.0108570257542764
-0.0108305189237793
-0.0108109858901708
-0.0107776113682246
-0.0107072253074916
-0.0105757261709213
-0.0103574971934059
-0.0100260794599594
-0.00955942694102285
-0.00894873864747053
-0.00820551058697748
-0.00736170793592253
-0.00646162846873096
-0.00554693878660561
-0.00463815696189157
-0.00371918253687639
-0.00273477951206815
-0.00160775680132413
-0.000271006462092847
0.00130214159711954
0.003086693754804
0.00501921554162617
0.00702379110679413
0.00902937292442296
0.0109642815890501
0.0127355088515112
0.0142192963575151
0.0152843257789419
0.0158405794302569
0.015882273729896
0.0154964235996948
0.0148344120003356
0.0140666255030442
0.0133429915023492
0.0127703594013962
0.0124052591255277
0.0122544187822354
0.0122749263757848
0.012371341189147
0.0123976865736091
0.0121784755947916
0.0115530841646306
0.010427070229232
0.00880453792140899
0.00678935973711198
0.00456403090669492
0.00235934337981331
0.000416383199154521
-0.00106271752562438
-0.00196592713062736
-0.0023005953279661
-0.0021823757142151
-0.00178817098498454
-0.00129687047735507
-0.000842854705471048
-0.000494695093868768
-0.000259069138599328
-0.000105031522422687
-2.03996327532383e-06
4.0540764480113e-05
-4.83059882570486e-05
-0.000388858437290921
-0.00110420946537508
-0.00225844994808384
-0.00380589839149301
-0.00557421623559765
-0.00729456733386987
-0.00867541215231295
-0.00949392304550728
-0.00966439156143938
-0.00925226906400084
-0.00843214823892715
-0.00741608418396384
-0.00638683981897841
-0.00545894555532484
-0.00467160462565926
-0.00400355126125335
-0.00339581002092499
-0.0027727655546932
-0.00206106684664329
-0.00121349186570256
-0.00024272299106231
0.000746123699193263
0.00155470682739538
0.00195138342246421
0.00178478243775626
0.00109423513072435
0.000142033514909266
-0.000668647714250147
-0.000955473319320347
-0.000515196609016427
0.000598642981528305
0.00210811214373981
0.00362857546317526
0.00481262867351017
0.00545813768935941
0.00554373593771418
0.00519344335550985
0.00460155427263342
0.00395637191399441
0.00338940124057051
0.0029578881849938
0.00265480232767541
0.00243561404446779
0.00225198307306006
0.00208281344738555
0.00195174820371331
0.00192214092192448
0.00206999024899641
0.00244789216074471
0.00305934683545711
0.00385840102424729
0.00477758716159388
0.00577174943286705
0.00685140945552352
0.00807719585315097
0.00950738170330064
0.0111269852658476
0.0128096047426954
0.0143462231695567
0.0155284736184072
0.0162369522168463
0.0164864359784761
0.016411025335108
0.0162057260309208
0.0160587310838578
0.016107309808878
0.0164317813802227
0.0170741520695394
0.0180493079749297
0.0193267709564056
0.0207963308806957
0.0222567948307699
0.0234504849483736
0.0241231252698513
0.0240776152392174
0.023223687017958
0.0216300860092717
0.0195306411445702
0.0172284080366122
0.014948289185107
0.0127660925124069
0.0106576894649749
0.00858240491861287
0.00651734946084535
0.00445149809444591
0.00238210594501992
0.000321115217403388
-0.0017035669396002
-0.00365666588811476
-0.00550623336509528
-0.00722938437582271
-0.00881261888229423
-0.010249717052414
-0.0115390187376329
-0.0126795815014625
-0.0136659002512899
-0.0144840089982065
-0.015114071026115
-0.0155414431550135
-0.015770604756066
-0.0158316262351408
-0.0157729737762682
-0.0156444237869927
-0.015480627126239
-0.0152940654389548
-0.0150787995397522
-0.0148202586214803
-0.0145049822471064
-0.0141265263739419
-0.0136867331898944
-0.0131935265856198
-0.0126572076935049
-0.0120871920005614
-0.0114903738789956
-0.0108711429622758
-0.0102322425364836
-0.00957567374248813
-0.00890335550544915
-0.00821743963474806
-0.00752000307010033
-0.00681230483873772
-0.00609520644837831
-0.00537223638352556
-0.00465208584918274
-0.00394207901352471
-0.00323177909134905
-0.00249042456264037
-0.00171011241539223
-0.000969748262305814
-0.000420251032897601
