-0.000102727150445529
-0.000350318369325079
-0.000577909366743627
-0.000775024832239919
-0.000962767596772573
-0.00115567822409166
-0.00135226415522495
-0.00154628623553995
-0.00173518134823174
-0.00191962918514661
-0.00210037595785061
-0.00227710041021337
-0.00244918595875256
-0.00261660503712121
-0.00278012779812169
-0.00294108599179116
-0.00310108927673615
-0.00326193953350475
-0.003425829312766
-0.00359550349883328
-0.00377355766110364
-0.00396037568053636
-0.00415177900264888
-0.00433875906668734
-0.0045105181963894
-0.00465881928816255
-0.00477988889557781
-0.00487247219011974
-0.00493480794289564
-0.00496433412760424
-0.00496076032313601
-0.00493002244630008
-0.00488691185568032
-0.00485557711457031
-0.00486640704378291
-0.00494739548568393
-0.00511243314784137
-0.0053551840182194
-0.00565595789097274
-0.00599777713039551
-0.00637742434634842
-0.00679981294414023
-0.00725872485869933
-0.00772166906917504
-0.0081377609676644
-0.00846534217581798
-0.00867929942034967
-0.0087184999483089
-0.00842720779536509
-0.00763530354009321
-0.00637547047862134
-0.00495702532315355
-0.00372974369888473
-0.00282159456039782
-0.00216045845639332
-0.00165705470207111
-0.00128442819404098
-0.0010416499860419
-0.000925459763962561
-0.00093456004552667
-0.00104949080690055
-0.00117736888868749
-0.00112804990167013
-0.000684414876689491
0.00025718586314446
0.00157837771167647
0.00295246618278201
0.00397902384388868
0.00435234683335246
0.00396949884381193
0.00294233436169028
0.00153442843485584
6.26642792133887e-05
-0.00119504637949204
-0.00204795383474718
-0.00238913035961707
-0.00217687574881975
-0.00143484480888529
-0.000257779530217426
0.00120657720170794
0.00279347799009035
0.00434607139415841
0.00572253476418615
0.0068054305088731
0.00752574088526593
0.00788664430649717
0.00796003966401213
0.00784514095586963
0.00760951694940763
0.00725360004691316
0.00672860277064201
0.0059977035198735
0.00509600994093832
0.00414946515082862
0.00334572916729591
0.00287216608204532
0.00283853361018182
0.00321125173606986
0.00380291329509909
0.00434317519933737
0.00459478739278569
0.00443545828897834
0.00386161669919881
0.00294549063195051
0.00180086725937977
0.000566238371176099
-0.00062646694575252
-0.0017025021533769
-0.00266614470875259
-0.00355173945866833
-0.00433614151008026
-0.00490004875705693
-0.00508725687988433
-0.00481304332869293
-0.00412263364791015
-0.00315252681494451
-0.00204230508284037
-0.000882475517525368
0.000264105660704655
0.00130357981829931
0.00208147971094946
0.00242009862505143
0.0022059170758907
0.0014685944645301
0.000392967215159825
-0.00074939320470243
-0.00170420500796211
-0.00230666974967127
-0.00248818057959194
-0.0022420934432962
-0.00159979526443085
-0.000639989244244119
0.000494387016738184
0.00161143505692372
0.0025252636534519
0.00311864529519479
0.00337477907731067
0.00336472585039836
0.00320454640831166
0.00300645237246243
0.002845049271228
0.00275230507892516
0.00274145127165671
0.00283746605611566
0.00307748638252215
0.00346743798609996
0.00393486696959108
0.00434282482618309
0.00457903364804827
0.00465084939951641
0.00469615828253019
0.0048936721140322
0.00534421411334108
0.00600661143166195
0.00671231114614667
0.00723051382795328
0.00735413736301613
0.00699032179886432
0.00622371901437782
0.00530055917994698
0.00451349688063883
0.00404553806196296
0.0038757674287061
0.00380578959772819
0.00357617564821141
0.00299053231688555
0.00198181605476871
0.000606924718969528
-0.00100421116591583
-0.00270880207559434
-0.00439527157584197
-0.00599893843989949
-0.00748744177552587
-0.0088294015137909
-0.00997407431783805
-0.0108617224402853
-0.0114528934499274
-0.011742827910756
-0.0117440750471207
-0.0114602911903903
-0.0108887280264768
-0.0100552325275527
-0.00904100225141215
-0.00796135702459286
-0.00690607937274715
-0.00589172136341124
-0.00486618125362301
-0.00376419123288676
-0.00258017565678978
-0.00141424717569182
-0.000454973205090183
0.000104144907978512
0.000168262361949855
-0.000203199457427759
-0.000823191649082545
-0.00146249205911502
-0.0019427477008046
-0.00219816656105331
-0.00228721598196059
-0.00234663255285627
-0.00250007160915164
-0.00277061375750443
-0.00306166110719478
-0.00322579810512676
-0.00316542890542551
-0.00288099911621634
-0.00243693103120576
-0.0018968758927575
-0.00130221811134734
-0.000708335212154135
-0.000220499414578585
3.0301064765937e-05
-3.82513013700204e-05
-0.000401977158999941
-0.000936732931721086
-0.00147288765346868
-0.00184784237911389
-0.00193054727871921
-0.00163035606472628
-0.000908636095139796
0.000208542094412968
0.00162841030901032
0.00320437774184334
0.00476439261055636
0.00615790538794279
0.00731092476617359
0.00825362414189828
0.0090887720512985
0.00991490559429912
0.0107584394409369
0.0115559066065766
0.0121791969951469
0.0124708872404625
0.0122733127924885
0.0114582108826812
0.0099612923001779
0.00781091935817871
0.00513953932695455
0.00217681965665393
-0.000778112584199218
-0.00341666493302621
-0.00550921080129136
-0.0069777765160706
-0.00789445352923252
-0.00839827936801296
-0.0085980502691475
-0.00854076020737332
-0.00825541125951806
-0.00780605948355305
-0.00728562001071044
-0.00674854523652531
-0.00614608149666807
-0.0053335728904375
-0.00416279590748721
-0.00260102254797497
-0.0007914452309015
0.000989989809472116
0.00245251727345292
0.0034081907269908
0.00382683321852653
0.00381612936028292
0.00355714205848779
0.00323371508255744
0.00297638389889728
0.00282498490766941
0.00271640186643048
0.00251290687093836
0.00207503788357457
0.00134749360652825
0.000402879064993383
-0.000588390754793714
-0.0014370553471202
-0.00200231566551131
-0.00220799129357239
-0.00202252566801407
-0.00144799253823171
-0.000539125973273013
0.000573676170834524
0.00169782453504826
0.00263642629411456
0.0032580569346661
0.00353701197048047
0.00354392225563229
0.00339336616103218
0.00317558252875244
0.00291316541609793
0.00257738105691847
0.00215712937006839
0.00172109647806647
0.00140924188304104
0.0013525377103826
0.00158836895727758
0.00203913383905536
0.00255715409652897
0.00298282355343723
0.00316928811422323
0.00297850996542288
0.00229034442546405
0.00105061501439159
-0.000664440345286181
-0.0026195979174686
-0.00446221186534462
-0.00582260189925502
-0.00642774330645616
-0.00617879720773205
-0.00516425539900452
-0.00361135608807889
-0.00180009490265021
3.15677868346535e-05
0.00176156799315635
0.00339861484848948
0.0050104941387232
0.00659509351653303
0.00798882977611681
0.00889786781024453
0.00903679295790259
0.00826506894265438
0.00662801606423558
0.00431214547539314
0.0015896970307344
-0.00120989843096606
-0.00373309308591008
-0.00567644139794916
-0.00688060695557741
-0.00737730232422912
-0.00733962777929186
-0.00695359807447205
-0.00629620607813364
-0.00531521757241998
-0.00393043529968711
-0.00216736998648816
-0.000200735324811001
0.00172673317484969
0.00342376398215651
0.00479810714002166
0.00581118998612649
0.00641049346090978
0.00650910617172339
0.00601587825186049
0.00487910771163232
0.00311920698139689
0.000845427651380244
-0.00174802744170857
-0.00440744852885451
-0.00685288435806522
-0.00880846632665996
-0.0100422664849271
-0.0104297982329477
-0.01001832224011
-0.00903907058455965
-0.00783788313250262
-0.00675367288861827
-0.00601035405470861
-0.00567266554196033
-0.00567212275744757
-0.00587286009572111
-0.00613520884747843
-0.00634616803822982
-0.00641387906957005
-0.00625316644917132
-0.005796063021403
-0.00503246403861835
-0.00404656021399371
-0.00300724537557881
-0.00210601189573514
-0.00147954657130819
-0.00116717454982229
-0.00112828350534018
-0.0013025430670468
-0.00166472363029888
-0.00222988936179174
-0.00300596854744465
-0.00393745624987837
-0.00489327621726361
-0.00571434416312541
-0.00628612034771125
-0.0065789137032928
-0.00661977573698446
-0.00641411241396979
-0.00588745583726409
-0.00491621305266432
-0.00344021857715675
-0.00156021738048981
0.000481082896069354
0.00243421343067421
0.0041841514029065
0.00578081960059761
0.00734280622343719
0.00892402003860555
0.0104497228407473
0.0117576499578107
0.0126975192503097
0.0132123691918491
0.013351967150364
0.0132190312269305
0.0128929879023405
0.0123925258319377
0.0117111911943747
0.0108987415320848
0.0101145702196637
0.00959823809156742
0.00957302064693123
0.0101506279072022
0.0112918357156213
0.0128258139733516
0.0144961488476639
0.0160029286621676
0.0170319122366941
0.0172863151109456
0.0165459742539779
0.0147520520678105
0.0120659560074857
0.00883810282874449
0.00548307361334093
0.00234018876276805
-0.000391380744191462
-0.0026324411266875
-0.00438562561236899
-0.00573582977673556
-0.0068699506878136
-0.00805601662080003
-0.00956352367663591
-0.0115687426000112
-0.0140942366819688
-0.0169930538347672
-0.0199677311646237
-0.0226237413751031
-0.024556222356221
-0.0254448484396547
-0.0251174967754199
-0.0235628625939048
-0.0209066456938489
-0.0173802834816367
-0.0132961348898132
-0.00902192254598471
-0.0049434518106892
-0.00141426513116888
0.00130256905310701
0.00309240307676221
0.00402754293851467
0.00435294457491705
0.00439599837222562
0.0044271701582389
0.00455141376869185
0.00470389981245327
0.004747160296072
0.00459061354403753
0.00425077876023117
0.00383145114417513
0.00345778336359855
0.00320743367226189
0.00306842385578137
0.0029460921171292
0.00272818613266701
0.00237686173734972
0.00197777986708542
0.00169663971362337
0.00167212724452064
0.00193397486582697
0.00241027012228224
0.00300559435139511
0.00367590447641995
0.00444507629683205
0.00536835656401701
0.00648324552468622
0.00777628963724393
0.00917013411086086
0.0105316769480699
0.0117065538815948
0.0125713719585584
0.0130717122193873
0.0132143879854512
0.0130170983363336
0.0124566026545434
0.0114591611969448
0.00994171988482048
0.00787499435575478
0.0053311460019201
0.00249272287652514
-0.000386303613207226
-0.00306245463300972
-0.00539595811481085
-0.00739886934009486
-0.00919611299009203
-0.0109157816009319
-0.0125786869803688
-0.0140574339658793
-0.0151267557434851
-0.0155712954545916
-0.0152867311598533
-0.0143164006082872
-0.0128071757692454
-0.0109231210357977
-0.0087818258549634
-0.00645331185391049
-0.00401009294841634
-0.00158571753669598
0.000595142085114103
0.00223241911581414
0.00301843129736919
0.00274958309175841
0.00144021360029794
-0.000628546699112103
-0.00296466900422364
-0.00500052327618373
-0.00624696457959208
-0.00642252307336496
-0.00553237288506296
-0.00386284934625077
-0.00186672482970887
2.45410398772563e-05
0.00156468939541876
0.00274372714671829
0.00370784479694775
0.00460586035612973
0.00545877689228348
0.00613381213385912
0.00643626799882906
0.006250202109928
0.00562692238252048
0.00476701061630927
0.00392243240162228
0.00329058401794044
0.00295700357765259
0.00289822636458131
0.00302231924876328
0.00321797012644307
0.00339392599984262
0.0035018528846918
0.00353814395776746
0.00351980050449583
0.00344111818277974
0.00324279276126847
0.00283512839024851
0.00218102356269611
0.00137986860307211
0.000669006134612243
0.000317925446067263
0.000483236957432056
0.00112461116627616
0.00202406834751095
0.00287377155646921
0.00337881827060057
0.00335181633552184
0.00278739891617454
0.00187971038226639
0.000945267680515849
0.000277654380318306
2.81105968548327e-05
0.000187418724863589
0.000651983444828314
0.00129627913344983
0.00200273484722668
0.00266334136590857
0.00318709981464602
0.00352018048995654
0.00366030454202319
0.00365079935770436
0.00355837570923955
0.00344860169785213
0.00336924656268852
0.00334357484141848
0.0033714643886317
0.00343590586552286
0.00351239325654427
0.00357808013109051
0.00361829590025021
0.00363005402908012
0.00362212056374417
0.00360792868739066
0.00358749480433994
0.00352448773183973
0.00333754053349518
0.00292158291681724
0.00219148660576295
0.00112152837593594
-0.000238051491133925
-0.00176597029053603
-0.00328981345772658
-0.00462230443436101
-0.00561265330162212
-0.00619473492392648
-0.00640348360412049
-0.00634291849557053
-0.0061185922474396
-0.00577521537937873
-0.00528441904835376
-0.00459701491361493
-0.0037262570768116
-0.00280166459698019
-0.00205045050685921
-0.00171350531771771
-0.00194965345632779
-0.00278982318822308
-0.0041608673433805
-0.00594053971303361
-0.00798761694806187
-0.0101325695218987
-0.0121664414492146
-0.0138695416762039
-0.0150766961852384
-0.0157349658735533
-0.0159138211979268
-0.0157661397852012
-0.0154701986072757
-0.0151807086172924
-0.0149895800506058
-0.0148802135723477
-0.0146809099224831
-0.0140662641939268
-0.0126614285182907
-0.0102369312824448
-0.00688789704054507
-0.00306762440155617
0.000567642425392533
0.00341731906001665
0.00515230205696875
0.00578779684296632
0.00560866132136717
0.0050103750014109
0.00433315942674764
0.00375158911719667
0.00325736050376612
0.0027346362495133
0.00207856137360883
0.0012814989521211
0.000439395492846341
-0.000305399564730519
-0.000826049530876151
-0.0010350017531004
-0.000878084199070235
-0.000336710951889796
0.000546007699364919
0.00164229084223678
0.00275760238667385
0.00369320029653098
0.00431699710327459
0.00460042243588424
0.00460673721475997
0.00444793671009967
0.00423895629643369
0.00406726860839153
0.00397684082014962
0.00395603542818905
0.00392930117729237
0.00377069454915258
0.00335552660372428
0.00263419599597719
0.00167962975282631
0.000667912509214915
-0.000199692764964113
-0.000781819774100129
-0.00103933539618677
-0.001025165653522
-0.000850132113693945
-0.000656660011761696
-0.000603026739136199
-0.000834909288518693
-0.0014320869667015
-0.0023568222896969
-0.00344950853745127
-0.00448838951037526
-0.00528069752030379
-0.00573133251526002
-0.00585706669479254
-0.00575278039070133
-0.00553980736925659
-0.00532466727913834
-0.00517752614454558
-0.00511994777117545
-0.00510845929774564
-0.00502033251416346
-0.00467067049581405
-0.00388060855342318
-0.00256914324321166
-0.000801746613645604
0.00124915985385956
0.0034032715268826
0.00555016764862498
0.00764711894252871
0.00964756490561591
0.0114206271468674
0.012723937999557
0.0132629223792844
0.0128241848768038
0.0114168548992504
0.0093284196817178
0.00704245211601348
0.00505742877003254
0.00371084399519374
0.00309640373535288
0.00309016569535946
0.00344339032802768
0.00389338067250908
0.00426639448702903
0.00455341669071966
0.00492213859131372
0.0056311617997528
0.00686970227569025
0.00861607320445903
0.0106093574352178
0.0124478430941631
0.0137444322615645
0.0142541907110001
0.0139277943866045
0.012885236126957
0.0113328526923357
0.00947178417771177
0.00744941847539459
0.00536711896473492
0.00330872221017906
0.00135009698283653
-0.000449351650113197
-0.00204568178779955
-0.00339423158480992
-0.00444724128533014
-0.00518851038160021
-0.00568203602880474
-0.00607747770211005
-0.00653929652676662
-0.00713563543099623
-0.00777114467140893
-0.0082209585498831
-0.00824312065619871
-0.00769306826012287
-0.0065810486365594
-0.00506529212418472
-0.00340219440044991
-0.00187272655937371
-0.000702631467271529
-2.30404855413291e-06
0.000249225978646291
0.000172892268879172
-6.86720622534633e-05
-0.000328615579821537
-0.000513973315294354
-0.000596117460010236
-0.0005894917405059
-0.000502113881487101
-0.000281847370424453
0.000198199824914189
0.00108518381857626
0.00244571845454663
0.00418927284985714
0.00607360962954184
0.00778121599984313
0.00900315793243151
0.0094890380084503
0.0090837930438491
0.00778382417981958
0.00578487449658438
0.00344973533306895
0.00117563179668916
-0.000756783735525353
-0.00223956328836997
-0.00326719761621645
-0.00381746733926773
-0.00379091542013062
-0.00305396565634377
-0.00154640826643074
0.000625555625188844
0.00317268720827195
0.00569565938717734
0.00780839381316624
0.00924355942194125
0.00988734820541985
0.00974301985784818
0.00886937532562725
0.00734167518665857
0.00524666268590579
0.00269545666433484
-0.000156242499138263
-0.00307618638410194
-0.0057213653232272
-0.00764762840656037
-0.00841238138043916
-0.00775305488183863
-0.00573768575703698
-0.00277684677598678
0.000514758920991203
0.00350966515814701
0.00570695585079145
0.00679720546802057
0.00669092671397298
0.00552426421281825
0.00360960631961693
0.00131741233372564
-0.00105391931338869
-0.0033325120174124
-0.00542050907271464
-0.00719257858224544
-0.00843860073581847
-0.00890004551184274
-0.00837699810599445
-0.00684234475273435
-0.00450619336380662
-0.0018011333744604
0.00071472273577176
0.00251237964355197
0.00324989233969538
0.00286956679441447
0.0015994821471187
-0.000127718944781598
-0.00179657661878769
-0.00292959045676948
-0.00318164210993257
-0.00239916933552777
-0.0006416350734068
0.00184144575970522
0.00468029790279983
0.00747792374053791
0.009882571094019
0.011614924226334
0.0124652603520513
0.0122883385912858
0.0110041211721232
0.00860184313721829
0.00515932561529764
0.000891711785692152
-0.0037936774964701
-0.00829896744283032
-0.0119357842038917
-0.0140897457022123
-0.0143646034297934
-0.0126525767337962
-0.00914566105880208
-0.00432002458926618
0.00111582105896213
0.00633869751527386
0.010577432700746
0.0132570143815224
0.0140631481454889
0.0129392529934884
0.0100692003071394
0.00587349450889041
0.000996704947494917
-0.00375448337426864
-0.00754141428163146
-0.00967043623629795
-0.00975772944339772
-0.00781148760863712
-0.00419667913414102
0.000486736327798887
0.0055419169506714
0.0102802102748063
0.0140957696771829
0.0165392340300523
0.0173978904280335
0.0167446832496913
0.0149027484135822
0.0123179828923843
0.00940779237185693
0.00647937164907582
0.00374684690072362
0.00138669739025735
-0.000447521069670531
-0.00166398983688876
-0.00226851735077761
-0.00234243815865703
-0.00197027212304094
-0.00118132807605096
3.46518631812842e-05
0.00163835307389135
0.00344384826226015
0.0050947730775823
0.00614819412439967
0.00622747537794122
0.00515934719385035
0.00302233471476774
9.21342701372443e-05
-0.00326788005100821
-0.00669925793627041
-0.00988345134590187
-0.0125373353290053
-0.0144189989783407
-0.0153640282601145
-0.0153156708104874
-0.0143028321015263
-0.0123808447329419
-0.00960920488705556
-0.00611354753396556
-0.00218204713432088
0.0017154799482273
0.00505224213307823
0.00746405341597454
0.00892774776716842
0.00977215508890963
0.0104978439977464
0.0115061946484455
0.0128936027340471
0.0144154817365409
0.0156181073509792
0.0160553440939922
0.0154845935587859
0.0139567449499925
0.0117646685940697
0.0092855970625794
0.00681064365740459
0.00445375033113478
0.00216984011189239
-0.000159212695662996
-0.00263782932883272
-0.00531065322728171
-0.00815631816526222
-0.011096529911712
-0.0140017662183636
-0.0166955146363668
-0.0189700972469273
-0.0206186205193831
-0.0214717601475763
-0.0214218331903795
-0.020423529284868
-0.0184755312366015
-0.0156036926570816
-0.0118723696437025
-0.00743203551715888
-0.0025737080252055
0.00226456420832231
0.00657572215571553
0.00992493206103989
0.0120787630885462
0.013045233263183
0.0130051559184908
0.0121872955996356
0.0107703443765273
0.00886605126621415
0.00657714128589821
0.00407068424292277
0.00159230353296091
-0.000613949278450981
-0.00243415271232365
-0.00395478634440112
-0.00539775428822805
-0.00695518334465496
-0.00864934423421997
-0.0103192513547784
-0.0117240911709086
-0.0126679062927522
-0.0130617145279169
-0.0129132084051452
-0.0122867425467057
-0.0112713180537064
-0.00996515229876039
-0.0084732561025054
-0.00691520103795784
-0.00543138540472918
-0.00416732697239582
-0.00323431193618802
-0.0026807675422625
-0.00251276094161745
-0.00275218815228774
-0.00346708492818054
-0.00472225965771898
-0.00647936731282796
-0.00853410445256521
-0.0105433659316362
-0.0121113130818003
-0.0128733175447394
-0.0125626406948567
-0.0110839622389547
-0.00858743195174384
-0.00548261755953738
-0.00234073930301608
0.000285732450752186
0.00202615503351708
0.00274931417482412
0.00250853948928516
0.00144179181788889
-0.000296105005096402
-0.00254018599297063
-0.00508755836351357
-0.00768015542027774
-0.0100202176514644
-0.0118091611335864
-0.0127951057365459
-0.0128303360735997
-0.0119373538578234
-0.0103477936551975
-0.00846170802482869
-0.00672251414293292
-0.00547537379851977
-0.00488650895406518
-0.0049366537359441
-0.00544671990387826
-0.00610590982048234
-0.00651399531718408
-0.00625961221786224
-0.00503282827350361
-0.00274266191252184
0.000411011363460222
0.00396836140734743
0.00736363382702201
0.0101405870170186
0.0121075266713726
0.0133442212084812
0.0140806293597187
0.0145479289730805
0.014890314848209
0.0151568217383978
0.01534288233184
0.0154468932249624
0.0155132883724999
0.0156268319639639
0.0158331667111634
0.0160201987866994
0.0158616138532355
0.0149090522716817
0.0128083895721129
0.00951033158474952
0.00534995584862107
0.000966857909353974
-0.00287546104801257
-0.00549464676936968
-0.00646561656814044
-0.00573075529795559
-0.00361274943877473
-0.000716554966935928
0.00225469609591422
0.00470504243982041
0.00629389725499717
0.0069763980803375
0.00694150693815222
0.00650249379784508
0.00600192535560747
0.0057563272496293
0.00602002340781218
0.00693745664314091
0.0084860871399921
0.0104490126237946
0.0124555103363054
0.0140877601050341
0.0150077086278901
0.0150427606596197
0.0141941268574766
0.0125826421911269
0.0103847828948001
0.00780258403123825
0.00506816737961652
0.00245267985059738
0.000250479317245662
-0.00127480334516327
-0.00197565342199196
-0.0018996768888503
-0.00129359902074952
-0.00047807015331805
0.000360552659625397
0.00127322938570079
0.00236248789155592
0.0034538842416351
0.00413652093470483
0.00433713854406775
0.00467624889367098
0.00591858570240906
0.00814398928240343
0.010704336071376
0.0128601576893462
0.0142154025183504
0.0146517135531163
0.0141378125626469
0.0127160982862894
0.0106079781197459
0.00825491718034926
0.00622314235092306
0.00502940194721145
0.00497928553853715
0.00607785969882633
0.00803413265801006
0.0103501379751774
0.0124555917955964
0.013833535746676
0.0140982253589458
0.013020651328679
0.0105199469097558
0.00664321645296802
0.00155490143538483
-0.00445051524791972
-0.0109232515841876
-0.0172596872375681
-0.0227671265765887
-0.0267885124794942
-0.0288447715271004
-0.0287466945573168
-0.0266455394784778
-0.0230083734771051
-0.0185192614246332
-0.0139282343657262
-0.00988892895680451
-0.00683191673334852
-0.00491552227700999
-0.00407817696215404
-0.00417371922400581
-0.0051123765339017
-0.00690708214116387
-0.00958263483883231
-0.0130121595728835
-0.0168068329346429
-0.0203452037876929
-0.0229310580898985
-0.023997300796532
-0.0232637734750722
-0.0207924128417082
-0.0169374158864356
-0.0122351263262756
-0.00728948128349519
-0.00268076604691638
0.0011066846412907
0.00374580537337048
0.00510712849957161
0.00525665927495963
0.00440089406680858
0.0027984890308492
0.000684948434042717
-0.00175058120524672
-0.00434219036104693
-0.0069213120906791
-0.00931987938209428
-0.0113915680499724
-0.0130197987029963
-0.0141026683213019
-0.0145389307789992
-0.0142462009606065
-0.0132102475221716
-0.0115218615271645
-0.00935679040205003
-0.00690865487194717
-0.00433759606629865
-0.00178259355583041
0.000582958978667019
0.00251696015793028
0.00373939207625875
0.0040201333108329
0.00328039980032332
0.00165907626506792
-0.000486322998286468
-0.00264168196997553
-0.00423295428538603
-0.00472958881041323
-0.00374348316695739
-0.00111606004047099
0.00302727011363409
0.00827977283816055
0.0140158055906987
0.0194883030025384
0.0239351121648523
0.0266920742261897
0.0273221001711046
0.0257370577004317
0.0222456992780759
0.0174846039064686
0.0122816197977272
0.00752717730489355
0.00403279128467554
0.00233088612298962
0.00250701762391454
0.00420555073262158
0.00679595360301741
0.00956991685773777
0.011886746596841
0.0132600627530954
0.0134006007712104
0.012228820863159
0.00986113606630869
0.00656452421458394
0.00269261102425934
-0.00135726789566194
-0.0051484299265514
-0.00821247848129318
-0.0101118404418919
-0.0105418147243199
-0.00940431756721714
-0.00681973658273959
-0.00310278496357696
0.00127806995572197
0.00578112518376753
0.00991908358625087
0.0133687865797915
0.0159810229865361
0.017695137070189
0.0184538959300652
0.0181960423782091
0.0169074607890247
0.0146592222612237
0.0115984195398167
0.00791783398401339
0.0038416551871941
-0.000369323309532844
-0.00441909789682648
-0.00800478501206721
-0.0108646760145756
-0.0128225179137416
-0.0138106971818854
-0.0138697030898734
-0.0131354016744444
-0.0118357511233281
-0.0103068884750521
-0.00899842990632161
-0.00841225670785966
-0.00895927997641559
-0.0108009356135254
-0.0137774518307419
-0.0174683464013596
-0.0213392796511702
-0.0248894588002678
-0.0277429042413641
-0.0296758245056834
-0.030597874345103
-0.030508135452826
-0.0294482267135065
-0.0274809712347071
-0.0247169261483805
-0.0213765125110134
-0.0178297937879818
-0.014548269207628
-0.0119597679653279
-0.0102797192684858
-0.00942745675085635
-0.00908838918578353
-0.00888363045454023
-0.00853511274574799
-0.00792940599772403
-0.0070753916524243
-0.00603190797401634
-0.004874461479538
-0.00369574564461652
-0.00258696398338077
-0.00157955846911536
-0.000592535931250916
0.000554864055090293
0.00206111575246723
0.00405162301186911
0.00654615560536997
0.00949500728182033
0.012831628203771
0.0164805479529554
0.0203116647058332
0.024092118767093
0.0274936862520867
0.0301634820330017
0.0318159657872339
0.0323027323705075
0.0316470148223849
0.0300447718813954
0.0278256453232968
0.0253698319260031
0.0230054368843937
0.0209325917426238
0.0192056003431272
0.0177674133195876
0.0165060438520662
0.0153036972317556
0.0140678045125814
0.0127516612754644
0.0113732444267006
0.0100224913272056
0.00883408650804639
0.00791861630219411
0.00728126647318652
0.00677972185048181
0.00615673525050802
0.00513593332172131
0.00352726104794327
0.00128639290569666
-0.0014866031937592
-0.00457867266158257
-0.0076913023529223
-0.0104699844380929
-0.0125691762501136
-0.0137554687402979
-0.0139926495115671
-0.0134425420953154
-0.0123766067653076
-0.0110594577704651
-0.00967089098767119
-0.00829019242439128
-0.00692923905852187
-0.00558812730994157
-0.00430313830859916
-0.00315925505004152
-0.00225980650897668
-0.0016754635082093
-0.0014075317936537
-0.00138746268080597
-0.00151168066144209
-0.00169369877321124
-0.00190722680243855
-0.0021981749018214
-0.00266483393141005
-0.00342931769099021
-0.00462033496707105
-0.00635823397123924
-0.00872003999058367
-0.0116880741606527
-0.0151149252634642
-0.0187296333280756
-0.0221807680949961
-0.0250991432958305
-0.0271635639582493
-0.028146898487202
-0.0279230434776904
-0.0264516767325994
-0.0237927368306702
-0.020174772704093
-0.0160610692837141
-0.0121166406522053
-0.00904000208437563
-0.00733424881705228
-0.00714205534707589
-0.00821637017244485
-0.0100087063685469
-0.0118154322653588
-0.0129399303023558
-0.012853581836922
-0.0113329270959598
-0.00852493594810232
-0.00488956112854185
-0.00102038983827797
0.00257389269267318
0.00560874566781904
0.00802315560915794
0.00988078928718755
0.0112643322105671
0.0122205936530468
0.0127567137542703
0.0128687412997828
0.0125907248325463
0.012041340751867
0.011426007454078
0.0109766050458502
0.0108736295739328
0.0112181309638497
0.0120610521686036
0.0134248673277141
0.0152608103860203
0.0173673089992135
0.0193568327982796
0.0207354372145575
0.02107622553565
0.0201947668923162
0.018226772265283
0.0155710896592963
0.0127423080947244
0.0102131675765101
0.00830541193830419
0.00714692994257054
0.00668400028470133
0.00672149514094854
0.00696213930520404
0.00703893589168559
0.00656996104241414
0.00526652024588451
0.00307003962719747
0.0002287861872299
-0.00276572515303539
-0.00536755726503411
-0.00717924306769026
-0.00805456316910734
-0.00807561761776427
-0.00746743058812007
-0.00652372006509519
-0.00556439303446744
-0.00490561608538798
-0.00483310603286771
-0.00558763597799198
-0.0073570012484653
-0.0102458222334799
-0.01421163119337
-0.0190045419031215
-0.0241691123434755
-0.0291281157053298
-0.0333081982179986
-0.036250591687943
-0.0376815462950354
-0.0375438721340864
-0.0359875973429778
-0.0333167650056713
-0.0299079565298021
-0.0261232584715722
-0.022225577996967
-0.0183056086046719
-0.0142585860939095
-0.00985328388907126
-0.00488081202003351
0.000696109138685374
0.00668042752048322
0.0126930544883733
0.0182979083618893
0.0231240044707837
0.02692254529326
0.029540936167926
0.0308472116020541
0.0306741715897158
0.0288487908980097
0.025319205346026
0.0203148326576525
0.01443002060369
0.00854802610715198
0.00361013329565279
0.000330748401848174
-0.0010004221436693
-0.000534727712045797
0.0012921411272195
0.00399345366069304
0.00722010700589813
0.0108203815099404
0.014758424037059
0.0189549057315433
0.023154885011269
0.0269077593251376
0.0296766084584817
0.0310229125003246
0.0307697089776497
0.0290489885841692
0.0262019583294694
0.0226017581138544
0.0185267383907193
0.0141635610269985
0.00970409912625765
0.00542979185163773
0.00170767288497571
-0.00109808246524523
-0.00274814939508051
-0.00323393035546311
-0.0028258033157022
-0.0020236695145699
-0.00140320163401794
-0.00142528940429811
-0.00231624200541407
-0.00406486378539397
-0.0064765222328703
-0.0092030485714051
-0.0117546308075897
-0.0135684966090468
-0.014155750857906
-0.0132442935653409
-0.0108285792982484
-0.00713613170736362
-0.00259008210829762
0.0022006241942647
0.00648416384678668
0.00951567569138485
0.0107958045267435
0.0102739473474313
0.00838112831743875
0.005861898328338
0.00350565434878752
0.00192216227317925
0.00143971943785941
0.00210742810864703
0.00374248402218954
0.00598611665787964
0.00836554333976573
0.0103699877364985
0.0115429675377947
0.0115792693842627
0.0103936883039737
0.00812121406004512
0.00504197964136116
0.00147608014347593
-0.00229415446549873
-0.00605347749113916
-0.00964916286556809
-0.012969688892797
-0.0159164558902869
-0.0183847883477187
-0.0202746644263246
-0.0215313392964523
-0.0221843039901401
-0.0223434582399835
-0.0221374430709795
-0.0216217461406132
-0.0207116177849463
-0.0191873544692424
-0.0167823317542453
-0.0133207711013376
-0.00884434344967582
-0.00366437970081953
0.00169459910138712
0.00663707842433158
0.0106497882068642
0.0133951852475805
0.0147348853556521
0.0147216107727674
0.0135826199180955
0.0116764274506138
0.00941076478618565
0.00715745544054845
0.00521150423715957
0.00378778487915098
0.00300038445789001
0.00280069769242991
0.00292924160037125
0.00296301701967098
0.00247459869655446
0.00122465212856012
-0.000726092073042432
-0.00304974064340412
-0.00529858325130934
-0.00706426302554468
-0.00805231448583234
-0.00806160143683857
-0.00694991692454473
-0.00466957463268989
-0.00136028064900163
0.00260385064189796
0.00669177644023141
0.0103777289750473
0.0132686417620796
0.0151236306228784
0.0158060518345745
0.0152592190774589
0.0135339658284968
0.0108043896624537
0.00730617481825439
0.00322790601929316
-0.00133920351310444
-0.00633239828441323
-0.0115845811570246
-0.0167397564795169
-0.0212762431371064
-0.0246094718053029
-0.026213666661799
-0.0257295428052229
-0.023053919322136
-0.0184011178056533
-0.0123081714848937
-0.00556110355694435
0.000951786985847476
0.00642300638182196
0.0102889641379933
0.0123137871060684
0.0125585644139854
0.0112552785244014
0.00866511720721092
0.00501596317999869
0.000551218705196562
-0.00437524851589271
-0.0092578542643216
-0.013485245304912
-0.0164232765941584
-0.0174853739077351
-0.016205268182876
-0.0123475149859179
-0.00603192819440835
0.00220782342503607
0.0114888350515154
0.0207520252079045
0.0289781828730483
0.0353753620039663
0.0394850860064855
0.0411852865463038
0.0406034958354267
0.0379823837800015
0.033554908835045
0.0274881483258976
0.0199285493923906
0.0111150969408756
0.00146222412039567
-0.00847296833596614
-0.0181238056934622
-0.0270371569595019
-0.0348865275285352
-0.041379633038063
-0.0461596877750736
-0.0488017126397912
-0.0489235395705522
-0.046339710560212
-0.0411564484359423
-0.0337563532061388
-0.0247075217500518
-0.0146786308894407
-0.00440892598093643
0.00529588456225326
0.0136150435848898
0.0198472320268471
0.0235789134391779
0.0247905361160909
0.0238416348592181
0.0213524441150357
0.0180424508574324
0.0145801571263223
0.011476298698967
0.00903101322439796
0.00732182019581896
0.00621119041525282
0.00537499162903952
0.00437542543915233
0.0027832101669809
0.000310382826365019
-0.00309896832366889
-0.00724621457051865
-0.0117214508023162
-0.0159997966785148
-0.019567870294807
-0.0220401113239283
-0.0232241059074457
-0.0231221013856016
-0.0218858569537864
-0.0197484668219844
-0.0169515970274705
-0.0136903637422564
-0.0100996367236062
-0.00628276478396084
-0.00235229467317442
0.00154747974396986
0.00523374698847766
0.00847627516292319
0.010997053501654
0.0125180535360737
0.0128672072930426
0.0120800688204922
0.0104033993456542
0.00816971779597851
0.00561809633953518
0.00278306875901353
-0.000481789821386973
-0.00437672542234717
-0.00900951477680576
-0.0143012867130957
-0.0199770211602584
-0.0256382580666942
-0.0308754792579571
-0.0353439359785422
-0.0387529535058515
-0.0408122266691761
-0.04124174360473
-0.039892432389719
-0.0368952902058407
-0.0327032364577033
-0.0279695009270915
-0.0233296340216446
-0.0192061411671792
-0.0157145289530413
-0.0126787091788142
-0.00972097006294527
-0.0063883454756347
-0.00229170807729855
0.0027612177003262
0.00867381961226392
0.0150569225131647
0.0213282376985967
0.0268589259595054
0.0310769229457974
0.0334919650743832
0.0336978244626482
0.0314277564755831
0.0266680385196631
0.0197579891346277
0.0114021440476988
0.00257660851775636
-0.00563775743382267
-0.0122481976584104
-0.016527248154511
-0.0181372702502158
-0.0171698994052792
-0.0140856541475694
-0.00957513681174184
-0.00439874842207563
0.000736742705971388
0.00524500051325393
0.00869045740653258
0.0108065242527846
0.0115044077864232
0.0108631784976394
0.00910167089638478
0.00654840239566338
0.00362658729974368
0.000850681901176543
-0.00119691609600641
-0.00194468670525528
-0.000966190379053844
0.00187986426101452
0.00636832769406845
0.0119177613470261
0.0176822823497854
0.0226997982919551
0.0260770462887469
0.0271868017456993
0.0258260135625335
0.0222651684112751
0.0171493032782609
0.0112893085925972
0.00544873469019646
0.000219474410781255
-0.00400503524488706
-0.00702468792757113
-0.00885282941191789
-0.00974533554721387
-0.0101688892335985
-0.0106669952238375
-0.0116667760231025
-0.0133230241024486
-0.0154663312088752
-0.0176521711386102
-0.0192740997636868
-0.0197174271987928
-0.0185378277596231
-0.0156243955889549
-0.0112803639910516
-0.00616930363817595
-0.00113172374947163
0.00306100146567803
0.00592347530009429
0.00737578967450649
0.00774304711876926
0.00764309116798593
0.00778404989684272
0.00871809105982086
0.0106394145190081
0.0133239365816528
0.0162402585452445
0.0187565982684209
0.0203268366893991
0.0205983328435798
0.0194647528276925
0.0170931367314864
0.0138994193819909
0.0104296580287727
0.0071711237826161
0.00439651446344322
0.0021376608206298
0.000288968728198951
-0.00125222909128791
-0.00251074832656781
-0.00346093155140542
-0.00411980596659193
-0.00463700851551782
-0.00532313755603399
-0.00659270312574161
-0.00883794553802669
-0.0122798624006733
-0.0168529834078578
-0.0221713266177735
-0.0275966412813149
-0.0323865366359855
-0.0358565128423088
-0.0374842400190576
-0.0369344992565506
-0.0340514203876924
-0.0288863275443001
-0.0217770794104642
-0.0134094191249476
-0.00475356533611341
0.00316530514697617
0.0095638051829521
0.0140687525532062
0.0166561665124231
0.0175528011992767
0.017441323678057
0.0178122138049733
0.0205197022535677
0.0261660111469893
0.0330140763052801
0.0383230153085767
0.0408474198256842
0.0414902407013347
0.0417615174179345
0.0423300027807008
0.0429511515923002
0.0430429630945187
0.0420072891602541
0.03926204800887
0.0343186763532332
0.0270032708196081
0.0176590897790411
0.00716283863826109
-0.0032650668310735
-0.012353743005872
-0.019054716922619
-0.0227268988148931
-0.0232320411897604
-0.0209565205868743
-0.0167472336522141
-0.0117375991705439
-0.00708759132101429
-0.00373033574681238
-0.00222660712155201
-0.00275588006805209
-0.00518448501156117
-0.00912641693273861
-0.0139600854918137
-0.0188287219550624
-0.0226800471446467
-0.0243882308616637
-0.0229705193715641
-0.0178673916904374
-0.00919667182649832
0.00214708023891575
0.0146387940600346
0.0264874996016638
0.0360757935362012
0.0423059751712469
0.0447562533364881
0.0436482994050768
0.0396901251100431
0.0338731101510118
0.02728133334134
0.0209327098486732
0.0156419862926107
0.0119004479540812
0.00979942081592504
0.00904448129163449
0.00908137787621352
0.00929429219507302
0.0091937162693427
0.00852657952340151
0.00729778743120241
0.00573083583499124
0.00419022729350899
0.00307642009064143
0.00271714916621091
0.00329170135996005
0.00480321862222481
0.00708020632081096
0.00978568310697271
0.0124377361388224
0.014463146478593
0.0153025419690846
0.0145653448828776
0.0121927090211828
0.00854270759840585
0.00431852626238001
0.000348592801292121
-0.00266314871880168
-0.00427747806422485
-0.00431165760551673
-0.00277151957162835
0.000159145958172742
0.00405079671867457
0.00817745571820829
0.0115953328770208
0.0133648645221562
0.0128160911135511
0.00973011114316405
0.00437456605370877
-0.00258920911404053
-0.01027635045282
-0.0177760569297926
-0.0243259146648015
-0.0294119979928422
-0.0327717221885098
-0.0343304950506488
-0.0341423775953839
-0.03238629150689
-0.0293866670853584
-0.0255484731664047
-0.0211585926727921
-0.0162529752573972
-0.0108871755879684
-0.00569953965862021
-0.00189306285826718
-0.00011657982218237
0.000514054980574446
0.0016087425611333
0.00368404062151143
0.00567213268986535
0.00612805160166795
0.0043683598156402
0.000508623268540644
-0.0050137176310565
-0.0116818139417643
-0.0188670547437479
-0.0258134302463542
-0.0317718781119866
-0.0362088048332442
-0.038965564835248
-0.0402976876628448
-0.0407798247026498
-0.0411069033447648
-0.0418622793918683
-0.0433421554838374
-0.0454957796188629
-0.0479714235397992
-0.0502013381297655
-0.0514670257834084
-0.0509516089018697
-0.0478398494661045
-0.0415108750360588
-0.0317952512784145
-0.0191925194537482
-0.00491748781246331
0.00930748336093053
0.0216756809955467
0.0307681813791118
0.0358719044566901
0.0370294533520707
0.0348469981538673
0.0301801868403043
0.0238388003385026
0.0164251541527032
0.00835799678190639
3.41744423284796e-05
-0.00800425115775701
-0.0150248784808037
-0.0202121086013041
-0.0228533982270523
-0.0225029516930536
-0.0190667757426155
-0.0128128082928935
-0.00433337696104259
0.0055286133212866
0.0157989363640988
0.0255359674913702
0.0339975768289691
0.0407364893285064
0.0455699495679341
0.0484447369487512
0.0492907986549878
0.0479604841055659
0.0442858706906709
0.038217560633472
0.0299803886285216
0.0201798272248307
0.00979430273722375
1.31368697514418e-05
-0.00804831403233914
-0.0136420980285433
-0.0165570258028305
-0.0171006079756093
-0.0159284579407926
-0.0138114234443627
-0.011427578844957
-0.00923255775751027
-0.00742366102589728
-0.00598376766388276
-0.00477591500657119
-0.00365327726305884
-0.00254524341139752
-0.00148648633542666
-0.000582105923481196
6.57343314361216e-05
0.000430780932701611
0.000605320525615184
0.000797283038237961
0.00127822405148691
0.00229237972214601
0.00395556860434309
0.0061873934187447
0.00871767518884276
0.0111786494962663
0.0132444308674264
0.0147426125666494
0.0156793972980418
0.0161825449119057
0.0164159353942265
0.016514956039157
0.0165608764117184
0.0165967279712073
0.0166792547946477
0.0169383487558496
0.0175964246250123
0.0189186399406298
0.0211098799782609
0.0242044580571713
0.0279923192120583
0.0320098283875069
0.0356086666798219
0.0380883081306051
0.0388296916860427
0.0373489232669192
0.0332572624927313
0.0262273827273692
0.0160965348754871
0.00311802956656736
-0.0117992384380074
-0.0270776928677126
-0.0407692554477819
-0.0510378476486116
-0.0565775793658574
-0.0567806532451235
-0.0516589117913755
-0.0416800898949389
-0.0276749716521778
-0.0108264626706124
0.00737501109679415
0.0253015430929238
0.0414400692310594
0.0545934836310319
0.0639414720308362
0.0689941582449587
0.0695503619153295
0.0657406367655106
0.0581283304905052
0.047759140445733
0.0360641173576002
0.0246135232148831
0.014806852373106
0.00760823800227009
0.0034023871175413
0.00199346304636417
0.00272317905054159
0.00465035032126943
0.00672350642622458
0.00790818892026817
0.00728826646872586
0.00419190212204665
-0.00164463655116831
-0.00994166546946457
-0.0198756166830269
-0.0302631552677467
-0.0398629012448531
-0.0476577362189336
-0.0530194662456204
-0.0557485335321381
-0.0560267324047095
-0.0543076899744049
-0.0511615606404656
-0.0471125765692367
-0.0425172176536683
-0.0375013563985824
-0.0319499705807983
-0.0255629630320017
-0.0180135862197487
-0.00919791916298829
0.000539586521096538
0.0103598069876758
0.0191160120592636
0.025666639321001
0.0291447451045768
0.029102520177707
0.0255663514146728
0.0190546667286088
0.0105434792948819
0.00133143028005
-0.00718856166600018
-0.0137704592742712
-0.017487100381073
-0.017818361026173
-0.0146949086415406
-0.00852264982984847
-0.000163223250870027
0.00916625878340152
0.018065790115634
0.0251432581937448
0.0291808827797693
0.0292857453774599
0.0250533332116844
0.0167290892207277
0.00528607288529326
-0.00768135752463033
-0.0202821413424269
-0.0307869931391628
-0.0380452174930402
-0.0416933608372102
-0.0420981808081672
-0.0401045431932016
-0.0367175674858475
-0.0328217687709845
-0.0289858055955442
-0.0253766710567119
-0.0218049366941131
-0.0178941848925447
-0.0133044305274624
-0.00790363091143523
-0.00182775959622205
0.00454118104707432
0.0106115122844149
0.0156069482386051
0.0186157978406525
0.0187135773202742
0.0151705118610315
0.0077008548641979
-0.00332894346091924
-0.0168218296602412
-0.0310549160550327
-0.04396049718854
-0.053519559303295
-0.0581697028085081
-0.0571242074998216
-0.050526012383151
-0.0394110772754257
-0.0255036180324675
-0.0108915694045074
0.00235671788727961
0.0125592626792967
0.0186899546131578
0.0204948993286201
0.0184503157728032
0.0135991125712863
0.0073130671425842
0.00102036740199596
-0.00405393428051424
-0.00707064449505979
-0.00763662278971512
-0.00575769962065866
-0.00174873187748549
0.00384260088322726
0.0102853300100892
0.0167103147829063
0.0221862921587136
0.0258546534355231
0.0271157354237401
0.0258073301270652
0.0222907724462452
0.0173947286845244
0.0122361825386677
0.00798049958214129
0.00559242653976837
0.00560605249726816
0.00795198809166495
0.0119149630211568
0.0162941571998876
0.0197611217947227
0.0212924579117959
0.0204903701069941
0.0176578498335903
0.0136308466177215
0.00948240445815287
0.00623135619792325
0.00462941623174433
0.0050353784819033
0.00736134553263009
0.011088696054018
0.0153665204637364
0.0191952069511623
0.0216608777367277
0.0221474638024953
0.0204508871841027
0.0167688086942763
0.0116018052696182
0.00562392696836914
-0.000441072897303979
-0.00592628927364121
-0.0103077584053278
-0.0132716407452772
-0.0147649351772208
-0.0150151240652753
-0.0144862584068723
-0.0137569063873457
-0.0133527656393034
-0.0135947422463977
-0.0145107399129397
-0.0158337281273077
-0.0170904324781256
-0.0177608175815003
-0.0174531764401586
-0.0160233462076602
-0.0135967293654355
-0.0105093458795874
-0.00722026829204722
-0.00423754979605717
-0.00206370650248424
-0.00114146987086982
-0.00178269490015721
-0.00408617367508072
-0.0078764813745069
-0.0127041146548688
-0.0179206836924801
-0.0227994046051717
-0.0266669423679933
-0.0290589959034377
-0.0298985015365882
-0.0295696412452761
-0.0287462988054255
-0.0280740129025881
-0.0279597557899763
-0.0285320976728128
-0.0296440090973679
-0.0308949264119961
-0.0317694070508132
-0.0318732424241082
-0.0310905310399003
-0.0295344569671234
-0.0273556553379625
-0.024577303473306
-0.0210574096475886
-0.0165514667670113
-0.0108034887667351
-0.00363699156030581
0.00494797590127183
0.0146994780274892
0.0251369883609779
0.0357211988196948
0.0461027117488989
0.0562848718483575
0.0665632469524191
0.0772467552803079
0.0883133446374037
0.0992023947640682
0.108867991750076
0.116059954124508
0.119666165585142
0.118944538304249
0.113601267132537
0.103805110478782
0.090228845510267
0.0740937240123615
0.0571041557827401
0.0411964058165535
0.0281460427850576
0.019177474250551
0.0147301179716015
0.0144639048082385
0.0174793096211369
0.0226439019203692
0.0288967922869815
0.0354377566689435
0.0417662092375076
0.0475927333444585
0.0526906566545401
0.0567702840152578
0.059432486167598
0.060209103106304
0.0586593932671608
0.0544791631738006
0.0475818193017072
0.0381205441858241
0.0264450618722631
0.0130255124085422
-0.00159639166041051
-0.0167866586048487
-0.0317477889074493
-0.0454727390259218
-0.0568046635978956
-0.0646313066704452
-0.0681637437874501
-0.0671841800209144
-0.0621417245982922
-0.0540473171003245
-0.044225186832009
-0.0340390646125434
-0.0246922765735516
-0.0171377461240061
-0.0120760888345306
-0.00998535490738895
-0.0111203318839018
-0.0154528778254002
-0.0225845415993408
-0.0317024627066648
-0.0416356734541329
-0.0510171985592303
-0.0585068524517241
-0.0630040993386841
-0.0637884079599882
-0.0605665975606286
-0.0534599614060709
-0.0429846796146946
-0.0300420923555857
-0.0158697568842854
-0.00188154954355225
0.0106055361882768
0.0206449680059995
0.0277815999625766
0.031965205161024
0.0333544514955181
0.0321716880332398
0.0286958664543147
0.0233583682840675
0.0168411210559334
0.0100934876702923
0.00423895270303008
0.000392381734882591
-0.000556479176496786
0.0018758299023222
0.00766866881287373
0.0162887359923471
0.0267556200173664
0.0377800567350034
0.0479797089849361
0.0561386285967017
0.0614246232547434
0.0634796809055617
0.0623658794707514
0.0584272530957708
0.0521592704299623
0.044150682491358
0.0350985785705486
0.0258320843238205
0.0172628134779063
0.0102391128985905
0.00537009883723622
0.00291469112267079
0.0027755872872613
0.00457156535033035
0.00775024454000592
0.0117200096660848
0.0159670536915841
0.0201009998700645
0.0238050215280522
0.0267438466449537
0.0285163004282015
0.0286874755884939
0.0268666422638702
0.0227879437918259
0.0163883871826566
0.0078915561813758
-0.00213183078296754
-0.0127971266065951
-0.0230843133144646
-0.0321245381498297
-0.0394654050536851
-0.045177160316794
-0.0497554626597697
-0.053897087439875
-0.0582731559855163
-0.063375528203574
-0.069436069537675
-0.0763953272864356
-0.0839234150929441
-0.0915025990162956
-0.0985402407503699
-0.104449591788015
-0.108667426698233
-0.110634959504732
-0.109784635837397
-0.105558089769782
-0.097482873194838
-0.0853429563481119
-0.0694211027663688
-0.0506822210196006
-0.0307290054860013
-0.0114772713959139
0.00530964058112344
0.0183831938917563
0.027094002691297
0.0312136092543666
0.0306832852255493
0.0255174923893065
0.0159619024989696
0.00279504132046986
-0.012479584407979
-0.0277613954763703
-0.0408059814078884
-0.049796016768564
-0.0537561942156173
-0.0526465093242031
-0.0471528574139501
-0.0383328401444979
-0.0273023668463332
-0.0150758030478686
-0.00256272107761354
0.00935510888105434
0.0197661784351078
0.0277685165131691
0.0326252298417986
0.0339741972769143
0.0319709051564296
0.0272655516904481
0.0208148469969837
0.0136232191546553
0.00652038491101325
2.30838846928892e-05
-0.00572443818581034
-0.0109359393729122
-0.0160783283321393
-0.0216795342928133
-0.0281136720212808
-0.0354644952154744
-0.0435220789542249
-0.0518670406654523
-0.059941316154405
-0.0670605209276971
-0.0724290809205707
-0.0752406838955052
-0.0748450075755454
-0.0708634384854879
-0.0631777520326534
-0.0518570735352172
-0.0371561532273958
-0.0196246246536917
-0.0002207050132761
0.0197090081544329
0.0386110304214667
0.0549704710366441
0.0675100572949728
0.075316988913032
0.0779399861013993
0.0754787493027504
0.0686234521095401
0.0585825852350233
0.046889721316163
0.0351473433154469
0.0247874494931048
0.0169038031748367
0.0121753919016671
0.0108671714753186
0.012859300151142
0.0176504247692582
0.0243397704454387
0.0316735447622962
0.038241144855312
0.0427975544744525
0.0445710091316083
0.0434048263097368
0.0396794753811516
0.0340700965048971
0.0272429276458537
0.0195906767572525
0.0110950614647139
0.00138906679460393
-0.00996763178880504
-0.0231022813769454
-0.0375340922308364
-0.0521508521270353
-0.0654766142888539
-0.0760705540920839
-0.0828421864458583
-0.0851649486430117
-0.0828229339258479
-0.0759204878891924
-0.0648712731933032
-0.0504838442667501
-0.0340463615346038
-0.0172717857077065
-0.00204135858731881
0.00997198307790756
0.0176267344448203
0.0204504125473181
0.0185923751709081
0.0126920907333212
0.00375269941117425
-0.00696847404814368
-0.0180917021396159
-0.0282893180357826
-0.0364697559067274
-0.0419073968001878
-0.0442699244607318
-0.0435398046613889
-0.039875775962646
-0.0334980021848947
-0.0246830936665126
-0.0138905340178553
-0.00192453347357819
0.0100380169834583
0.0206533984393441
0.028772446047092
0.0337555433754239
0.0355854020472844
0.0347718042727199
0.0321420118512774
0.0286043793889471
0.0249335399854734
0.0216179229730161
0.0188116070890697
0.016401527502252
0.0141526471871909
0.0118691919779854
0.00951831143218028
0.00728331225121293
0.00553462419664182
0.00473032774358772
0.00528160493723376
0.0074270679625272
0.0111440319350078
0.0160988105371841
0.0216317189529244
0.0267944118906989
0.0304756061455292
0.0316274778505186
0.0295447957458411
0.024102321665401
0.0158643571048544
0.00603426077506444
-0.00373364179909981
-0.0116155288740098
-0.0159540979407327
-0.0156119549817207
-0.0102811589899623
-0.000649872190681038
0.011679061344068
0.0245528116259808
0.0358192398346601
0.0438603113813247
0.0479162257151282
0.0481289169265447
0.045361889118035
0.0409047425260238
0.0361520162468072
0.0323128972146955
0.0301921476997049
0.030075722967951
0.0317361540439149
0.0345346955168443
0.0375640947145442
0.0397880778772112
0.0401863189636058
0.0379412722730475
0.0326607145941287
0.0245584852608385
0.0144941940900486
0.00382585908204056
-0.00588498580999071
-0.0132149626612246
-0.0171571412075881
-0.0172637067133632
-0.01364392202177
-0.00686496137057582
0.00217852899666548
0.0123884448113765
0.0225868082159075
0.0316606692489095
0.0387269578986244
0.0432821722485852
0.0452879801253391
0.0451562801333799
0.0436277818287833
0.0415775621594741
0.0398136943764153
0.0389365017449081
0.0392833194131601
0.040921038690734
0.0436243796464724
0.0468310181853289
0.0496518830980115
0.0510325392777053
0.0500656133148162
0.0463269365664098
0.0400679178339375
0.032171143141333
0.0238966681196656
0.0165336082830109
0.0110891181290302
0.00810172532004013
0.00759759917067416
0.00916119277816544
0.0120751408479908
0.0154777438157986
0.0184888244413349
0.0202869766374663
0.0201710212608786
0.0176535091997156
0.0125876652430415
0.00526221245935097
-0.00361657326696601
-0.0130691385639618
-0.0220339035881506
-0.0295088366711921
-0.0346336011335158
-0.036791210814328
-0.0357801067713405
-0.0319891604542927
-0.0264430356342025
-0.020646021912768
-0.0162630778606297
-0.014738137592046
-0.0169521664229063
-0.0230060129859614
-0.0321860381495714
-0.0431234908376086
-0.0541027313379179
-0.063435925765461
-0.0698134175417428
-0.0725484691180072
-0.0716544723413947
-0.0677319569264763
-0.0617083776874582
-0.0545381421518261
-0.0469831202852161
-0.0395363470338569
-0.0324667155844091
-0.0259129968702035
-0.01996298272287
-0.0146916559800149
-0.0101666091810745
-0.00644362723203609
-0.0035705163219108
-0.00160057832664927
-0.000602399094624266
-0.000656306306100305
-0.00185094503653005
-0.00430451720715559
-0.00820080654313885
-0.0137767918941056
-0.0212026153334641
-0.0303782654430205
-0.0407561301411698
-0.0512991487151906
-0.060608218754603
-0.0671737381661749
-0.0696744609518376
-0.0672545079715541
-0.0597258544060389
-0.0476548570545169
-0.0323041114266459
-0.0154240320878852
0.0010764631108282
0.0155077993469131
0.0267181426496246
0.0342461702565092
0.0382608229537663
0.0393341875292692
0.0381660773753318
0.0353844350488083
0.0314826817221386
0.0268651860758649
0.0219127851130575
0.0169883718955396
0.0123666594316459
0.00814010274135947
0.0041745758680309
0.000157310357934769
-0.00427179604495201
-0.00935518088845841
-0.0150871290987222
-0.0211724477699958
-0.0270787170547717
-0.0321328805128323
-0.0356122227610903
-0.0368358109131215
-0.0353026649443827
-0.0308843316345209
-0.0239935728275268
-0.0156107383865686
-0.00710849847740292
6.27516892480787e-05
0.0046774824024853
0.00589730920651951
0.00328740423369282
-0.00320981592141954
-0.013254002542728
-0.0260619070643858
-0.0404402866946054
-0.0549579196237482
-0.0682049164819576
-0.0790170315314259
-0.0865753560905283
-0.0903931767756765
-0.0902856300906993
-0.0864131355211194
-0.0793945734341013
-0.0703781349953677
-0.0609349176403422
-0.0527328273198298
-0.0470876435255187
-0.044571159388024
-0.0448363176628987
-0.0467274831129616
-0.0486366867653798
-0.0489806666495698
-0.0466343443707731
-0.0411850554754874
-0.0329551151469748
-0.0228241798263214
-0.0119264581073595
-0.00131193512804323
0.00833097562132581
0.016805286726803
0.0243579752294393
0.0315026724820713
0.0387968562698725
0.046635106454499
0.0550872577812465
0.0638116489783517
0.0720838235976767
0.0789526117210732
0.0834794138466544
0.0849866127579143
0.083254063986111
0.0786228214072524
0.0719696495399763
0.0645310082076407
0.0576097543169779
0.0522634043983472
0.0490837307911543
0.0481130900578288
0.0488650209558309
0.0504031687489212
0.051484108064443
0.0508061564340387
0.0473600753924418
0.0407758084373693
0.0315031256615136
0.020721657872092
0.0100081241235554
0.000894112425489481
-0.00553061469271315
-0.00885608231981628
-0.00938312148432493
-0.00796993722523695
-0.00577511540526105
-0.00399074873349559
-0.00361934088815919
-0.00530177183867758
-0.00919994055224208
-0.0149624459137073
-0.0217974468946489
-0.0286269237341028
-0.0342533964783915
-0.0374873301608152
-0.0372451132533651
-0.0326693944692193
-0.0233085728924108
-0.00933602598513508
0.00827470545571679
0.0277433465561518
0.0467446360205419
0.0629204804650412
0.0744639129145825
0.0805172005042386
0.0812202036711613
0.0774583657751245
0.070519996551314
0.0618489696933695
0.0529165410834136
0.0451086530973234
0.039549480951823
0.0369007059262395
0.0372419391714184
0.0400877852790159
0.0445058987725913
0.0492723189520601
0.0530488579448198
0.0546130620619699
0.053139541690057
0.0484404217954082
0.0410234293967587
0.0318970253635281
0.0222040254192432
0.012871314384535
0.00443629039723922
-0.0029166427975595
-0.00919867683335786
-0.0144663925696669
-0.0187574638470888
-0.0221070207392043
-0.0245870172489566
-0.0263150519452427
-0.0274099932392547
-0.02789743826451
-0.0275972975329135
-0.0260677309181273
-0.0226911824147778
-0.0169206506200494
-0.00859067970980332
0.00186644407563399
0.0134221302976857
0.0246889299747076
0.0343006538172767
0.0412731537884999
0.0452004807110875
0.0462447361467318
0.0449910053404338
0.0422658151761613
0.0389580096580428
0.0358295923187475
0.0333264892182806
0.0314552746747101
0.0298016158429493
0.0277076103483468
0.0245433113632167
0.0199586420449941
0.0140133213471388
0.007145413300721
1.35926902252681e-05
-0.00671054973508761
-0.0125274359062271
-0.0172213577302772
-0.0208658681365574
-0.0237102793971684
-0.0259842231595704
-0.0277221667268056
-0.0287250539981158
-0.0286921117523643
-0.0274235706380225
-0.0249405082269924
-0.0214524115449338
-0.0172415582712601
-0.0125869177168881
-0.00778053098005352
-0.00318827042899397
0.000721820255523275
0.00341304060607867
0.00435368813731462
0.00310026731067298
-0.000624578638101497
-0.00686656804682985
-0.0154003276347598
-0.0257352242531651
-0.0371749166012037
-0.0489140138554254
-0.0601395898696174
-0.070114349349647
-0.0782340093480312
-0.0840506211071742
-0.0872452797302243
-0.0875477611993952
-0.0846472544555652
-0.078183755650282
-0.0678911607661562
-0.0538567504514245
-0.0367439822889207
-0.0178166723548214
0.00127525994771659
0.0188482680976862
0.0335296473554679
0.0444849618198142
0.0514629771076537
0.0546298031001451
0.0542445252220259
0.0503431425342629
0.0426378176333533
0.0307228887479968
0.0144774836479318
-0.00556951843162041
-0.028109094289891
-0.0512188995353837
-0.072765533234978
-0.0909020361633742
-0.104478972670294
-0.113204788971257
-0.117495220537922
-0.118098936731467
-0.115683170517814
-0.110561490723303
-0.102669532135288
-0.0917793506997206
-0.0778235081534683
-0.0611413418204651
-0.0425213424006212
-0.0230585691756619
-0.00395062117994815
0.0136622881278276
0.0288006428434713
0.0407355819274846
0.0490792719268929
0.0538305484043526
0.0553241630316061
0.0540937090206498
0.0507266963082079
0.0457936767979068
0.0398649781031099
0.0335549376452373
0.0275231183172482
0.0224126012219555
0.0187578169108632
0.016906162330164
0.0169755352471071
0.0188414765278026
0.0221368311685443
0.0262665929137492
0.0304740930956322
0.0339943196642462
0.0362696217978828
0.037125636732521
0.0367893065643494
0.0357067357183752
0.034238992844657
0.0323984993260032
0.0297812553139843
0.0257482671178091
0.0197678589184535
0.0117356394692548
0.002105012966657
-0.00822076764661097
-0.0181495446558389
-0.0266756295873272
-0.0330787674763409
-0.037028417836251
-0.0385966220168832
-0.0381717479682328
-0.0362923437438877
-0.0334851310633041
-0.0302070016885845
-0.0269076786677851
-0.0241181565178358
-0.0224432454851534
-0.0224196061995674
-0.0243137229184886
-0.0279848001311855
-0.0328984946578525
-0.0382880059771276
-0.0433806207983291
-0.0475818691934573
-0.0505422348187089
-0.0521017191175998
-0.0521768915051677
-0.0506787008115491
-0.0475108977724887
-0.0426372347419345
-0.0361735444591909
-0.0284609688926945
-0.0200797176922704
-0.011773230436478
-0.00429511502544156
0.00175618962791345
0.00604178580710843
0.00849587968054583
0.0092661651322059
0.0086175541180335
0.00683626638831625
0.00416805025127747
0.000815582721070213
-0.00299828803744491
-0.00692472290050068
-0.0104002449898921
-0.0126497742688815
-0.0128169822341555
-0.0101827950644648
-0.00438567133541996
0.00442957296080751
0.0155699947777919
0.0278773720556334
0.0399427395654367
0.0504175797252143
0.0583214277748823
0.063222041401987
0.0652275198106389
0.0648388369145041
0.0627709183809868
0.0598160184443393
0.0567495399050026
0.0542458669415198
0.0527926292920597
0.0526208362142229
0.0536750812525693
0.0556375057586401
0.0580015669787717
0.0601734755486516
0.0615732615273975
0.0617180575132372
0.0602800915902924
0.0571104456057872
0.0522246643547057
0.0457688408974622
0.0379974108237756
0.029271685682898
0.0200574237482814
0.0109008155811201
0.00238549446535323
-0.00491895135042752
-0.010514738611014
-0.0140361313260881
-0.0152983276647452
-0.0143236839273932
-0.0113459018716367
-0.00679368233995795
-0.00124566583078734
0.00465083121213528
0.0102852789643379
0.0151803192350203
0.0190446285403503
0.0217690844640552
0.0233796208499964
0.0239737031155418
0.0236605579855673
0.0225051380692869
0.0204656394402319
0.0173377756191026
0.0127615899652575
0.00634962573572233
-0.0020797715570529
-0.0122830830281379
-0.0235304720418047
-0.0347536740009485
-0.0448208133618698
-0.0527946419965111
-0.0580663903235525
-0.0603356116051772
-0.0594793603974357
-0.0554069730965694
-0.0480103629248414
-0.0372711019477234
-0.0234868570887604
-0.00748451362287462
0.00933904550091118
0.0252273168623677
0.0384527650614401
0.0476970963549674
0.0522572374591615
0.0520460747665916
0.0474832922000116
0.0393858024177222
0.0288855248618521
0.0173293362241177
0.00612417530573061
-0.00344953349614397
-0.0103965073293965
-0.0140947743849937
-0.0143111868237297
-0.0111689284431022
-0.00509505454646764
0.00323852916064609
0.0129872747050449
0.0232281518682762
0.0330556493608425
0.0416295357711912
0.0481471043625598
0.0517927211871871
0.0517780244831708
0.0475430969863145
0.0390555774797919
0.027034208257468
0.0129362860994145
-0.00132733508290163
-0.0138509343028102
-0.0232017751913584
-0.0287410926472042
-0.0306980119755024
-0.0299868421359089
-0.027861143178617
-0.0255536209388173
-0.0240159303115582
-0.0237873562883838
-0.0249702007889799
-0.0272932779727777
-0.0302484022195618
-0.0332564759559153
-0.0357980770203626
-0.0374661599401497
-0.0379460263446265
-0.0369637885174249
-0.0342623692288906
-0.0296615066223193
-0.0232130276620529
-0.0153758198012585
-0.00707138730575259
0.000481882587010001
0.00612331377526958
0.00912953106451873
0.00943558984776372
0.0076246886612453
0.00475900078118382
0.00217549420995653
0.00129299304222116
0.00337818184731997
0.00923047601993115
0.0188597553019247
0.0313093767834216
0.044731317357335
0.0567067912893441
0.0647271991625972
0.0667325580905059
0.061602898665782
0.0494847301828266
0.0318388522094205
0.011159708342219
-0.00956858786531337
-0.027513465060842
-0.0405422919377349
-0.0475482852643419
-0.0485224798581605
-0.0444167457294372
-0.0368663953695881
-0.0278296272706047
-0.0192006738597959
-0.0124790311916335
-0.00858485414038971
-0.00785510690741036
-0.010163444018031
-0.0150598503730551
-0.0218646036817219
-0.0297292854505371
-0.0377166787393901
-0.0449248092080071
-0.0506318953936097
-0.0544189262207907
-0.0562347935116389
-0.0563809678076221
-0.0554119679311253
-0.0539867729614439
-0.0527371202905683
-0.0521980411176401
-0.0527851119272697
-0.0547647755578397
-0.0581866892356979
-0.062804265306965
-0.0680495502073994
-0.0731186945860317
-0.0771628843803414
-0.0795025876854036
-0.079756907984825
-0.0778438856338028
-0.0739101104696213
-0.0682818590292921
-0.0614571305057912
-0.0540688145395607
-0.0467591502799444
-0.0400076831334144
-0.0340241463738924
-0.0287687329446188
-0.0240544031818532
-0.0196420170530856
-0.015293607435395
-0.0108204012696905
-0.0061646388587048
-0.00149446040394925
0.00275634973781332
0.00595476898637004
0.00742828785402017
0.00665445094107749
0.00341647008662582
-0.00210676098202935
-0.00932794285254737
-0.0173310175599494
-0.0250502552598801
-0.0315095500058913
-0.0360297670182899
-0.0383146430400561
-0.038397073146743
-0.0365063700492589
-0.0329374871155553
-0.027967913360156
-0.0218290199443226
-0.0147250279900261
-0.00688722149447893
0.00136719506880797
0.00961937262758322
0.0174092508919438
0.0243574918869682
0.0302921969003569
0.0353185407986438
0.039791999494945
0.0441879078040784
0.0489052375869558
0.0540921916332899
0.0595869816114913
0.0649968471990701
0.0698419166712678
0.0736605202491016
0.076036946662257
0.0766002906797369
0.0750673729734958
0.0713531944655137
0.0657051776118327
0.0587820974959943
0.0516074410381907
0.0453750770280379
0.0411552214837401
0.039602634538428
0.0407726101847204
0.0441070847466568
0.0485945891470566
0.053057395244326
0.0564811679047071
0.0582804725075241
0.0584067020434504
0.0572698179478604
0.0555358465948798
0.0539094257104311
0.0529732883446758
0.053083281914219
0.0542978102343219
0.0563660697965233
0.0588248203896393
0.0611972743934693
0.0632021362897981
0.0648613048333874
0.0664584076680779
0.0683813775063992
0.0709244092420885
0.0741277192190257
0.0777154127280299
0.0811534808316831
0.0837949940468524
0.0850372293664116
0.0844194071923084
0.081638592032957
0.0765156202092485
0.0689642557530913
0.0590015303985595
0.0468054239948427
0.0327912173969665
0.0176485891633337
0.00228174652886515
-0.0123536712091502
-0.0254454692074881
-0.0364423628737125
-0.0450270614855728
-0.0509709448966039
-0.0539745920343831
-0.0536151955562485
-0.0494678892616139
-0.0413683789859218
-0.0296917735546461
-0.0154925676926188
-0.000404644344543695
0.0136889434549039
0.0250963954852773
0.0326966928916008
0.0361239405099452
0.035723013373467
0.0323414793008766
0.0270625960424954
0.0209656952086022
0.014963696269755
0.00973528549392572
0.0057332846445915
0.00321897083939723
0.0022823676235146
0.00286380612183041
0.00482315460232949
0.00805171724908798
0.0125413363767368
0.0183301949363933
0.0253519516693451
0.0333039526484167
0.0416183475341826
0.0495169122019814
0.0560850265539969
0.0603483088510659
0.0613898369631975
0.0585276110010691
0.0515050820149659
0.040612185348204
0.0266869307626217
0.0110081643651093
-0.00488472688109505
-0.0194270216533955
-0.0313029555038982
-0.0396963863801954
-0.0444168363514857
-0.0458451860865307
-0.0447445480372491
-0.0420347633220065
-0.038595890820639
-0.0351181838564991
-0.0320150987384012
-0.0294281668563701
-0.0273220750302924
-0.0256158729644458
-0.0242872292311954
-0.0234292438941951
-0.0232723972467402
-0.0241669716109174
-0.0264924827760671
-0.0304858708280835
-0.0360567087159981
-0.0427039072991177
-0.0496005444976495
-0.0558087781028691
-0.0605206061843623
-0.0632336380825754
-0.0638218228056522
-0.0625002943156604
-0.0597087507397571
-0.0559589725454254
-0.0516966539980376
-0.0472087975250678
-0.0425872073600626
-0.0377513911703983
-0.032525126227082
-0.026740305786184
-0.0203293450568355
-0.0133765414789693
-0.00611109907898584
0.00117418709222677
0.00828413238087419
0.0153224559284277
0.0228299320189652
0.0317363297542982
0.0430756538645355
0.0575502177789047
0.0751308154558464
0.0948690828919141
0.114984050377856
0.13315041878709
0.146853394175928
0.153726379974803
0.151900135792883
0.140430158996949
0.119745967089199
0.0918822409188139
0.0602307485172456
0.0287857346928283
0.00117260198872494
-0.0201158644992143
-0.0339982896402161
-0.0406128607942514
-0.0408864296380687
-0.036122540413304
-0.0277479797197634
-0.0172176672830116
-0.00599993181419874
0.00444372819830651
0.0127357259731457
0.0177185312190447
0.018614689576433
0.0151661311147197
0.00771678589938197
-0.00279283584181478
-0.014947579880505
-0.0270964018547161
-0.0376462295689788
-0.0452932839829934
-0.0490859789266414
-0.0483151406819133
-0.0423635349074478
-0.0307110044650359
-0.0132051796074134
0.00950212580934055
0.0356394941206386
0.0624000764622382
0.0864698034289302
0.104764912931765
0.115055622845431
0.116300552917888
0.108722480645398
0.0937320811164217
0.0737415100112993
0.0518366221420164
0.031302023808467
0.0150906029043257
0.00538953230749336
0.00339435663291931
0.00929350597754562
0.0223581376516809
0.0409923530301936
0.0626887381119162
0.0840428410611403
0.101121411372202
0.110316785977928
0.109401765187711
0.0982196324253772
0.0786159374419066
0.0536925700994931
0.0268150998132496
0.000806327316033352
-0.0224630802398931
-0.0420960398337261
-0.0579332037973691
-0.0702298987748648
-0.079391804461945
-0.0858315037719046
-0.0899091642968766
-0.0918871086123741
-0.0918859012504154
-0.0898998296721439
-0.0859162762971217
-0.0800970363015226
-0.0729174275555625
-0.0651754542678591
-0.0578474375171303
-0.0518358230767143
-0.0477121355909962
-0.045577014340495
-0.0451073936785161
-0.0457547993929827
-0.046973627981352
-0.0483604044474626
-0.0496661079756766
-0.0507309723269397
-0.051418501879817
-0.0515882641517595
-0.0510934836313169
-0.0497718169317952
-0.0474297380583596
-0.0438647236078902
-0.038966493771628
-0.032875213258679
-0.0261100518419247
-0.0195858592425493
-0.0145023888400616
-0.0121426046183704
-0.0136095764180332
-0.0195166177469724
-0.029693791632066
-0.0430519996474066
-0.0577304565024319
-0.0715012469743035
-0.0822459879632991
-0.0883141425477134
-0.0887070064724229
-0.0831440283207575
-0.0720629825570588
-0.0565482411298353
-0.0381701709557721
-0.018754562931469
-0.000125756038226521
0.0161381003589026
0.0289043390712663
0.0375957160644485
0.0421709484541983
0.0429845146685341
0.0406001389360075
0.0356509178023928
0.0287906203541809
0.0207120648571183
0.0121706061892462
0.00395515904958002
-0.00321240115063451
-0.0088111970910104
-0.0126128905068035
-0.0146793347557805
-0.0152869314204127
-0.0148480916906397
-0.0138788332498675
-0.0129934273184594
-0.0128606780090364
-0.0140794468960952
-0.0170052591420948
-0.0216128062976879
-0.0274599585924218
-0.0337596315052086
-0.0395337730708054
-0.0438233304019558
-0.0459079619167888
-0.045446392328051
-0.0424524852062338
-0.0371104699455768
-0.0295409617188858
-0.019665843393485
-0.00726384048781005
0.00779688799918599
0.0252663946510875
0.0443316805235131
0.0636746092868669
0.0817607835500448
0.0972107504489027
0.10907148566915
0.116897407853723
0.120672967709758
0.120665432974392
0.117276542532197
0.110919302359936
0.101925187816469
0.090492011503583
0.0766948095910326
0.060577869647
0.0423143784392533
0.0223751962938811
0.00162070912796334
-0.0187558779982894
-0.0374447002665406
-0.0533213653524788
-0.0657046415293121
-0.0744588576304442
-0.0799190787062961
-0.0827054698832802
-0.0835178247959042
-0.0829681041109304
-0.08147202152136
-0.0792130160561181
-0.0761933924564986
-0.0723613322630051
-0.0677534070389197
-0.0625694648259436
-0.0571317334408091
-0.0517464598791355
-0.0465398314451528
-0.0413614708451212
-0.0358307696541291
-0.02953513804549
-0.0222997017371082
-0.0143989396962944
-0.00661061637942688
-9.02322742828198e-05
0.00388663774956643
0.00423204176952801
0.000319238440930486
-0.0078392078020559
-0.0195398577517954
-0.0334750443419391
-0.0479547478266466
-0.0612276770738463
-0.0718127924173164
-0.0787117570342782
-0.0813901111297597
-0.079524980024182
-0.0726935471139154
-0.0602894163745937
-0.0418487820861572
-0.0176571150893588
0.0107666915627038
0.0406896712662722
0.0687520301687583
0.0918351955440516
0.107790336559295
0.115734132509747
0.115874488289574
0.109056050706388
0.0963112547957641
0.0786363630035591
0.0570364663960596
0.0327143543921595
0.0072123665978478
-0.0176336042205332
-0.0399519886477654
-0.0582011449602231
-0.0714546772503359
-0.0794408390161589
-0.0823120855687362
-0.0802919767705141
-0.0734175879809199
-0.0615263857816177
-0.0445001520552816
-0.0226578979493014
0.00288802634745949
0.0301172953326258
0.0563547251539541
0.0788405327414569
0.0953820105460738
0.10478512077914
0.106877006671555
0.102165001594833
0.0913939973735537
0.0753131515612214
0.0547917030941994
0.0311451387726139
0.00636073703735636
-0.0170229003364919
-0.0363926105756224
-0.0496893394822163
-0.0559233815810224
-0.0553937982987633
-0.0495634930158433
-0.0406532004286076
-0.0310917943850263
-0.0229982721819745
-0.0178499253965108
-0.0163959606307036
-0.018754975714968
-0.0245759244652745
-0.033177726517373
-0.0436571305598297
-0.0549954797272458
-0.0661848172093234
-0.0763633603499778
-0.0849321674759835
-0.0916268189053439
-0.0965301033632203
-0.100021301906527
-0.102661894218936
-0.105028390031259
-0.107530364362209
-0.110275574761656
-0.113026096542262
-0.115231369488454
-0.116086392205784
-0.114594297642412
-0.109677638045845
-0.100399761778103
-0.0862919592856721
-0.0676795485091226
-0.0458393632204993
-0.0228568010728992
-0.00118348846833559
0.0169408472761501
0.0299602824280417
0.0372031556150672
0.0388188987953666
0.035579897918124
0.0286632610573414
0.0194431015369755
0.00928066727334942
-0.000677862968722259
-0.00965687719834311
-0.0173295931664865
-0.0238172012482076
-0.0296173546847851
-0.0354588331892549
-0.0420787421381575
-0.049953785070458
-0.0590694319263992
-0.0688323951146969
-0.0781855702906289
-0.0858788589447507
-0.0907512163868447
-0.0918771926785272
-0.0885467207767863
-0.0801880597329812
-0.066383989903148
-0.047039862969263
-0.0226279472973751
0.00563990876338842
0.0358409253361914
0.0656219718487073
0.0926765042345346
0.115261606121882
0.132556258257072
0.144720134848251
0.152646026562478
0.157521788777544
0.160361754268688
0.16163820283746
0.161088808886043
0.157730738436533
0.1500825597984
0.136570802604486
0.116060695178891
0.0883924245080586
0.0547495424711324
0.0176833092673823
-0.0192988250017617
-0.0525092243482182
-0.0789713620857701
-0.0970905411150732
-0.106854724581099
-0.109544920006144
-0.107155681123333
-0.101796063255821
-0.0952542680565995
-0.0887798944862808
-0.0830602521220615
-0.0783353364766022
-0.0745688525513669
-0.071579554023434
-0.0690734911829429
-0.0665927691723989
-0.063457481669965
-0.0587899301893434
-0.0516760342581626
-0.0414523370062899
-0.0280281440365346
-0.0120985984282717
0.00488093433830827
0.020995206774589
0.0343516432080136
0.0435651520305791
0.0480724636247298
0.0481932592768615
0.0449616558775774
0.039814490831908
0.0342359392250476
0.0294473359629696
0.0262076207852489
0.0247492385220947
0.0248297871002168
0.0258572712064947
0.0270494354971702
0.0275961952302654
0.0268017657746133
0.0241963698492337
0.0196201384091488
0.0132812654013697
0.0057829166964955
-0.00188834405120538
-0.0084235500648863
-0.0123286814003806
-0.0121713715386072
-0.00692998937713048
0.00364195549555466
0.0187827891114123
0.0367443928912093
0.0550829303000917
0.0711100444539151
0.0823538931959731
0.0869426627024774
0.083908265910676
0.0734114505336601
0.056817897826635
0.0365204318076181
0.0154801471110797
-0.00340360040491066
-0.0178965886849642
-0.0268209399000201
-0.0301350223882745
-0.0287132649358255
-0.0239303855041091
-0.0172034198290881
-0.0096381690199187
-0.00187229898695076
0.00587178979668506
0.0135866753292591
0.0212404166595821
0.028604527254327
0.0352082818061211
0.0404142749282695
0.0435720325429909
0.0442039590903311
0.0421779987945006
0.0378036239302795
0.0317890964402856
0.0250631520333004
0.0185612511200272
0.0131092491668178
0.00945418329647022
0.00835331150363896
0.0105618609624729
0.0166320378892222
0.0266009326357624
0.0397614744252073
0.0546783697076871
0.0694694532663339
0.0822452687584326
0.0915592559906813
0.0967476790120508
0.098085144335199
0.096730007261459
0.0944824972339098
0.0934148243039945
0.0954432726967867
0.101906931953059
0.113223912962177
0.128720750862907
0.146734542053815
0.165015347487766
0.181311830102788
0.193901326560058
0.201842609234927
0.204895727281148
0.203239087970884
0.197174217223954
0.186930439001034
0.172580720342817
0.154056563094123
0.131276502348261
0.104372296596152
0.073885696582884
0.0407525693397276
0.00602890320674021
-0.0294380316799983
-0.0650954329975193
-0.10042252194074
-0.134513802668662
-0.165819751157857
-0.192223228906179
-0.211417192725008
-0.221428706219051
-0.221124090706927
-0.210566298406679
-0.191139254538159
-0.165399191438826
-0.136661779859156
-0.108394920183634
-0.0835618499906108
-0.0641131522484517
-0.0508050426561331
-0.0434064871001985
-0.0411895018109528
-0.0434536624540195
-0.0498078381079586
-0.0600741131824352
-0.0739278808910112
-0.0905603656528816
-0.108601675063956
-0.126333700414084
-0.1420512911861
-0.154411872341323
-0.162685568480614
-0.166861758268508
-0.16755841878179
-0.165695127935286
-0.161999901663214
-0.156579175063887
-0.148835041296403
-0.137846866764502
-0.123022241849096
-0.104614006872517
-0.083789079738962
-0.0622508417363042
-0.0416876754950244
-0.0233478173553251
-0.00787446951093511
0.00463525345727876
0.0144439756588778
0.0219363713644178
0.0273852109435013
0.0307837191096836
0.0318136443636873
0.0299889933879651
0.0249451999225338
0.0167574331870374
0.00611337356189034
-0.00580255238299517
-0.0176845647162167
-0.0284652684238209
-0.0373271271710388
-0.043436446926679
-0.0460783020831828
-0.0456510066427016
-0.0443315550314704
-0.0442729614528917
-0.0442060605578197
-0.0392077282761684
-0.0252728781453143
-0.00320695756139227
0.0227343520515317
0.0486057207993108
0.0723455015256985
0.0930251605037873
0.109986134369645
0.122718290909038
0.130939834932031
0.134400350678825
0.132527095422119
0.124303187135251
0.108620271000007
0.0850223493390259
0.0544545215782155
0.0195337168926989
-0.0159113097060901
-0.0478467960979843
-0.0730882168800901
-0.0899282750292566
-0.0981503236830399
-0.0985563216092808
-0.0923376903492884
-0.080643023468631
-0.0645325702272564
-0.0452315824286894
-0.0243947338264062
-0.00412418030451344
0.013306272078525
0.0258742496885277
0.0321914719887798
0.0317443821797392
0.0249833086816452
0.0132675521269479
-0.00135651080481805
-0.0165543192275105
-0.0301944415893523
-0.0407451774880599
-0.0473965738962125
-0.0498742841257374
-0.0480894226090105
-0.0418362892199831
-0.0306779432000907
-0.0140466588032225
0.00847423281891259
0.0367485110162902
0.0696919403021169
0.105091345102588
0.139821034379201
0.170450263992215
0.193995039004447
0.208470419524951
0.213029484508962
0.20773587404766
0.193223784257686
0.170514660687271
0.141078671858927
0.106987732326455
0.070894596340754
0.0356820324523298
0.00387152174129341
-0.0229262180317831
-0.0442304153151334
-0.0604653321899214
-0.0724196144228265
-0.0806862986108145
-0.0853745000616692
-0.0862087100027468
-0.0829074103964661
-0.075607062388396
-0.0651170242576646
-0.0528896144135235
-0.0406989328133099
-0.0301307670522336
-0.0220788123021437
-0.0164586701580285
-0.0122542401106032
-0.00785927382413027
-0.00157175347540715
0.00791776475894909
0.021167163082459
0.0378346646415104
0.05677797567832
0.0763694851091433
0.0949184212046338
0.111051717206215
0.123935656039308
0.13329679666582
0.139283114432247
0.142266728515649
0.142680179957239
0.140864185822042
0.136814542508094
0.129913107864573
0.119146867804533
0.104193643708287
0.0864765303356198
0.0683499348221315
0.0506393032367536
0.0318694074330761
0.0107010504674043
-0.0119240638151831
-0.0339176448321395
-0.0542895453887044
-0.0733912627103408
-0.0915505272225323
-0.108148351377438
-0.121853631058468
-0.131352584957682
-0.13580182444001
-0.134759799586968
-0.127797967136656
-0.114179428226511
-0.0929573679063072
-0.0635979225190754
-0.0268446434292499
0.0147397946574397
0.0570260193084467
0.0953683856628139
0.12595187338427
0.146774603409735
0.157876648336926
0.160875359966785
0.158170039137141
0.152199126146951
0.144959768198121
0.137803390924596
0.131416358381183
0.125895944182422
0.120880439218101
0.115721807363443
0.109683725416556
0.102136180360924
0.0927151003114053
0.0814064548627462
0.0685048505608595
0.054428754701172
0.0394579168556577
0.0235316431858987
0.00624100837705111
-0.0129381652360633
-0.0342448727525528
-0.0572444156840505
-0.0806704624515547
-0.102632304205727
-0.121124720661494
-0.134590341489397
-0.142250014455477
-0.14405668168977
-0.140331518294925
-0.131287261937377
-0.116689823950098
-0.0958607080774291
-0.0680801727094208
-0.033234776116781
0.00763131840571889
0.0521949497329293
0.0972545589423662
0.139445416009491
0.175943410423434
0.204937385229175
0.225815984222582
0.239092938725521
0.246095658535935
0.24845463219455
0.247495198910078
0.2437194701698
0.236609925930568
0.224907928494233
0.207287651777383
0.183079092131658
0.152633523840661
0.117177678808594
0.07836161537753
0.0378481861748382
-0.0028590659848857
-0.042390213219564
-0.0794373444089265
-0.112752618734769
-0.14124329268088
-0.164119770280612
-0.181013491812956
-0.191980867299818
-0.197355286310178
-0.19748521329148
-0.1924635707078
-0.181982121664187
-0.165421169446117
-0.142193934105655
-0.112218965914724
-0.0763069315112241
-0.0363587410710316
0.00455019586174435
0.0423198525848811
0.0728910699866818
0.0945910464596386
0.10981844117374
0.122607439356019
0.133044295895558
0.135867937872508
0.126455817259139
0.106361109834075
0.081324231928807
0.0558882597572143
0.0315495778712163
0.00848000941541928
-0.0128555372019736
-0.0316686537599585
-0.047521628768862
-0.0607327049342181
-0.0723329133950125
-0.0837690795459279
-0.096493944940654
-0.111539274333506
-0.129234114529042
-0.149225174445471
-0.170782231357158
-0.193160010716917
-0.215748015161587
-0.237932449676463
-0.258853041283485
-0.277318083683805
-0.291974306953029
-0.301596090119068
-0.305288318613088
-0.302520963346218
-0.293073211763231
-0.277009957808808
-0.254736362883972
-0.227078415226686
-0.195310792824902
-0.161101419833831
-0.126396449099671
-0.0932716024096316
-0.0637403892534446
-0.0395036271488794
-0.0216828355950377
-0.010650939645491
-0.00606930984038165
-0.00714007117143305
-0.0129607525701391
-0.0228130932548019
-0.0362566030841655
-0.0529998214670866
-0.0726342891544887
-0.0943818836041694
-0.116992833540632
-0.138854984478914
-0.158280094506192
-0.173854689006341
-0.184704766256049
-0.19055792842161
-0.191601353598798
-0.18825763271413
-0.181023247219194
-0.170417548494558
-0.156983166465777
-0.141269415754208
-0.123797190834174
-0.105044950121001
-0.0854663854068576
-0.0655031256852777
-0.0455553329223507
-0.0259200702968245
-0.00674809186752941
0.0119374649373051
0.030159072645938
0.0478734255665521
0.0648742753907671
0.0807470521599207
0.094899546825333
0.10667037527199
0.11548895217857
0.121040725021406
0.123388967799694
0.123016935671816
0.120771979921035
0.117711004404308
0.114869467582335
0.113008121634177
0.112417343284676
0.112848547016959
0.113587440773475
0.113621213508546
0.111834104805261
0.107205818928355
0.0990359452776899
0.0872085354775748
0.0724327739630416
0.0563227154763345
0.0412124944726455
0.0297509499125995
0.024447792364181
0.0273156382612598
0.0396269366151497
0.0617822564759347
0.093379837149104
0.133513542742841
0.181005456105901
0.234126529560382
0.289800049990232
0.342969576955192
0.386933710412538
0.414810418671329
0.421532534146823
0.405492177038169
0.369153364497133
0.318386470732065
0.260781689514168
0.203604920745429
0.152154628639854
0.109017469197067
0.0743038951702379
0.0465993795643471
0.0241775827700292
0.00599333138043421
-0.00788994263074356
-0.0165194035398056
-0.0187262741605166
-0.0139078521267239
-0.00258555221750043
0.0134591408651999
0.031486504131641
0.0483809680296451
0.0612471274364896
0.0677623898617452
0.0661730249784669
0.0550291356878294
0.0329107846331833
-0.00158619517901622
-0.0494755300877124
-0.110716780663936
-0.183551218396459
-0.26416169107851
-0.346866485872994
-0.424883236368522
-0.491509563172754
-0.541352152205053
-0.571084462059718
-0.579345670506502
-0.565912413634292
-0.530882992232205
-0.474711595924147
-0.399212782769397
-0.308658296921795
-0.209823410826221
-0.110666701268885
-0.018435616893443
0.0616927410053414
0.126948395335004
0.176585549830875
0.211337129683906
0.23298882162942
0.244003524134894
0.247036585206055
0.244349983788986
0.237351489765829
0.22653972928465
0.211948070505567
0.193864238522166
0.173401505260321
0.152586312890375
0.133948566687619
0.119904331394347
0.112282206321364
0.112153644228321
0.119872908041873
0.135121678205509
0.156845568362332
0.183155697575135
0.211375277641582
0.238337351999629
0.260843736998259
0.27606429466704
0.28173116450318
0.276192888688005
0.258513494225335
0.228703910156392
0.187973277476073
0.138805388074166
0.0847690351526863
0.0301186918269182
-0.0207147589528064
-0.0636751618716229
-0.0955971077484538
-0.114571005334885
-0.120090164689342
-0.113043444487427
-0.0956551215103494
-0.0713408592818698
-0.0443301953333533
-0.0190144324191267
0.000768024176195091
0.0122034786920395
0.0136321421764782
0.00452454337747321
-0.0144537785285875
-0.0412904923516746
-0.0726518067794883
-0.104342738168759
-0.132184625957388
-0.153001208784324
-0.165322758413612
-0.169563486271106
-0.167668323081753
-0.162416627793836
-0.156640486882619
-0.152578468428545
-0.151500906700486
-0.153652928764556
-0.15847377611166
-0.164968768622663
-0.172062878492975
-0.178793942638324
-0.184315981155863
-0.187818770899424
-0.188529851401379
-0.185894844084718
-0.179880380331161
-0.171229490396685
-0.161512714590911
-0.152947103829177
-0.14807941991104
-0.149418005845168
-0.158973395738363
-0.177635356306456
-0.204504603506563
-0.23652783985959
-0.268744293168284
-0.295128102434175
-0.309731875396117
-0.307832963537357
-0.286907326545933
-0.247261113676062
-0.192081607662892
-0.126766021187848
-0.0576898744592839
0.00915815267716691
0.0692406410827629
0.120005250171694
0.160877712466143
0.192832081063256
0.217719079777585
0.237563062879273
0.254015922250447
0.26807608090123
0.280083564533161
0.289923769923119
0.297313967668554
0.302020678474398
0.303907116099541
0.302842306540616
0.298625258324182
0.291070228347345
0.280250537342209
0.266738490026484
0.251662671097671
0.236549297547845
0.223069909079566
0.212822365830811
0.207144285347366
0.206875074255272
0.212060255673709
0.221742911714816
0.234034407944349
0.246532926707116
0.25695132066738
0.263663139885913
0.265878320194609
0.263353865839649
0.255857599646588
0.242828712828641
0.223593979271997
0.198088395174366
0.167581319025283
0.134804336498698
0.103238487798163
0.0758816278587335
0.0541631437354338
0.0375852096624028
0.0242546594515428
0.012000988496719
-0.000506666313237848
-0.0131992282800893
-0.0248258151912454
-0.0337199891614024
-0.0385927497840536
-0.0388714087934504
-0.0344184943872516
-0.0248618100768333
-0.0090560471701726
0.0147933647082318
0.0482072467367873
0.0912326682852122
0.141876465493715
0.196687597421527
0.252044338090127
0.305116526704762
0.353893292625495
0.396604128270554
0.431268873621825
0.455669112904609
0.467462137510346
0.464197287648954
0.44345822837773
0.403503809971433
0.344360459167197
0.268817161687013
0.182701679562
0.0941567601147246
0.0120689520607282
-0.0558729924124634
-0.104857903954472
-0.133812865067592
-0.145219650398452
-0.144120366548986
-0.136860274395858
-0.130060786977483
-0.129931918944164
-0.141675992750954
-0.168766246715459
-0.212245560916667
-0.270428458027473
-0.339219292459157
-0.412910745854611
-0.485179851276415
-0.550079914240148
-0.602891070234516
-0.640666786517347
-0.662366038154564
-0.668644963282844
-0.66149382654996
-0.643797154325517
-0.618731707709339
-0.588955393381914
-0.555762552467624
-0.518532816655955
-0.474748619978542
-0.420696350736759
-0.352759905080676
-0.268904730449671
-0.169678008514088
-0.0582305879390052
0.0604246125394768
0.180129678859739
0.29372764555336
0.392883990362416
0.468315133251878
0.510973648057266
0.514170568241848
0.475938801634037
0.400427865399023
0.297292596823663
0.179106157510457
0.0580556216843747
-0.0564829657757384
-0.158642570634381
-0.245265168066401
-0.314444771202463
-0.364262452287146
-0.392287198265682
-0.396095715986466
-0.374667266000321
-0.330014861198569
-0.268083495256828
-0.198156841057257
-0.130791943190685
-0.075150700085658
-0.0369070760576745
-0.0175050143188243
-0.0147863908492324
-0.0244268496294752
-0.0414887362896688
-0.0616378173574529
-0.0818824994776331
-0.100850503876529
-0.118621965910527
-0.136158951704195
-0.154507120717335
-0.174093653333264
-0.194431233389852
-0.214320463616547
-0.232366523335657
-0.247482666519679
-0.259117109601722
-0.267118555412945
-0.271305857789726
-0.270900196593577
-0.264098349708554
-0.248192369421069
-0.220518449208261
-0.179958397277752
-0.128088321853559
-0.0691706089089947
-0.00922314090681266
0.0448382659570863
0.0859952897510965
0.109358463725414
0.115485200676609
0.110669255955517
0.102224465750868
0.0937305057165438
0.0852613119069961
0.0765290622853144
0.0684761190140535
0.0628343066364254
0.061572288220389
0.0668481190407548
0.0807045285025651
0.104069244104564
0.135631618601876
0.171546817565379
0.206379570853001
0.234822049247519
0.253238075965411
0.260299136186086
0.25662320718091
0.24388563675957
0.224003721463548
0.19874499940835
0.16974632985821
0.138693083936611
0.107379766000841
0.0775230785676316
0.0504168821453406
0.0266573257333707
0.00613218117185884
-0.0117021489721915
-0.0274112650886945
-0.0412659613456852
-0.0531682168927635
-0.0628150747707705
-0.0699761297053146
-0.0747464163096473
-0.0776917543847904
-0.0798477782260939
-0.0825485668750494
-0.0870947565733919
-0.0943481475402919
-0.104409032018452
-0.116523560015869
-0.129271411649538
-0.14095839772793
-0.15005856290912
-0.155552116146567
-0.157075146532111
-0.154887912062435
-0.149728911421488
-0.142627326226241
-0.13471698224964
-0.127073113080735
-0.120594497704317
-0.115950916640362
-0.113583093927223
-0.113701743587999
-0.116237934544534
-0.120764440523826
-0.126479424493913
-0.132342395394034
-0.137365711443137
-0.140959003484734
-0.143173620738188
-0.144722996858743
-0.146741368515183
-0.150354218085844
-0.156230309652458
-0.164316408283825
-0.173881065959832
-0.183831776565846
-0.193117026286619
-0.200995259286859
-0.207072426533644
-0.211176358100701
-0.213209255142563
-0.213061517050751
-0.210578940432566
-0.205558548623652
-0.197789752801899
-0.187156830262784
-0.173750040370221
-0.157890329057131
-0.140033111676941
-0.1206222035111
-0.0999962115146883
-0.0783777524794171
-0.0558865217834752
-0.0325010114985896
-0.00796366022995474
0.0182691889141645
0.046873396691859
0.0782399126442138
0.112016008199678
0.14705097897374
0.181959468450535
0.215823150011551
0.2482263841974
0.278746242234118
0.307226386440522
0.335099465624008
0.365444717780336
0.400361219767844
0.438398414112368
0.475161779366699
0.506049374259982
0.528235003606923
0.541059849288868
0.545604809782928
0.543915398484064
0.537888781841624
0.528100257208573
0.513263156595278
0.490858404750346
0.458705398335268
0.416511260670932
0.36639668838879
0.312099950292509
0.257413931801583
0.204773289183862
0.154629295195259
0.105675657293402
0.0555786354476688
0.00182649342107808
-0.0574884153849019
-0.122991647687787
-0.193535178596766
-0.266103820601816
-0.336305086195162
-0.399333187518171
-0.45091135353002
-0.487635588155326
-0.506609027070076
-0.50495227932257
-0.479983302021569
-0.430258938686166
-0.356832960289067
-0.263862771515185
-0.158195874192849
-0.0481351472075814
0.0582313719794103
0.154713361385663
0.238124351284741
0.308215863578242
0.366406711519592
0.414116884217916
0.451809481666858
0.479228777938739
0.496374751032892
0.504321173506019
0.505305183685289
0.502153645669012
0.49751972594837
0.493356899231555
0.490681291258475
0.489329252168014
0.487517020300658
0.481585398571553
0.466705903432293
0.438764200155233
0.396395731493328
0.341600822502898
0.278364137895496
0.210338263049642
0.139266421226976
0.064960816949236
-0.013601479619015
-0.0969913369801242
-0.184430290705295
-0.273399291016937
-0.35974961208221
-0.438348740285122
-0.504124500754008
-0.553035172360021
-0.582405469087985
-0.59048970612707
-0.575781394848535
-0.536885957833647
-0.473394742912869
-0.387428226992679
-0.284919731180998
-0.175650622555343
-0.0715688146724203
0.0161749920419037
0.0802268695885151
0.118682099109818
0.134731556582449
0.134729484991561
0.125793619461036
0.113969870053006
0.103404892801407
0.0963804889164037
0.0937943261247056
0.0957102619711811
0.101765145482915
0.111364888632703
0.123697125495813
0.137644955191285
0.151709867029123
0.16403932015644
0.172614633107263
0.175603189787918
0.171825835255448
0.161237939840172
0.145271495276579
0.12685784177968
0.110000558438054
0.0989290798513588
0.0970704740444746
0.106184558678687
0.125925240752238
0.15387878116183
0.18593766667764
0.216805921301477
0.240517396865262
0.251021524860966
0.242993802213516
0.212884849780675
0.159884662153488
0.0863119324018412
-0.00277509508658858
-0.100453393377253
-0.198841186279846
-0.289883742378061
-0.36615744632837
-0.421702470941801
-0.452601617267367
-0.457095728766011
-0.435462562390724
-0.390098798794294
-0.325861229591766
-0.250132695851655
-0.171989184849079
-0.100438600067576
-0.0424368239598117
-0.0016088269431313
0.0218113938362182
0.0299574342841292
0.0258128441171191
0.0119136020461628
-0.0101691162841599
-0.0394025347352205
-0.0742982534737305
-0.112105334382873
-0.148832443947774
-0.180149176312541
-0.202581430157188
-0.214234802444077
-0.214681585930255
-0.204286767095377
-0.183598639531701
-0.153229687484989
-0.114142584959995
-0.0679314714615777
-0.0168031736676862
0.0366913441681735
0.089933465551449
0.140385557782872
0.18568866485655
0.223849935145099
0.253537050763748
0.274351742800351
0.286925441996619
0.292753017495713
0.293783149456363
0.291886403515473
0.288393421595288
0.283857287149566
0.278026114410293
0.269870087956556
0.25759289721017
0.238814421874593
0.211188839182601
0.173393368074003
0.125963726472973
0.0713948958367785
0.0134156719234867
-0.0440682138637767
-0.0977280476710592
-0.144992689415081
-0.183842547212825
-0.212569255202008
-0.229706137408487
-0.234112350440358
-0.225099549470795
-0.20254976653586
-0.167080939869337
-0.120333533047188
-0.0653073891621852
-0.00646776855787915
0.0506976418186534
0.100706598822109
0.139304857449815
0.164296618410532
0.175606418522153
0.174628592605948
0.163266076104928
0.143158062313938
0.115448737368897
0.0811345161324174
0.041694162463027
-0.000442064917306702
-0.0418851149610446
-0.0787300356768572
-0.107213085062862
-0.124354581156373
-0.128492933871423
-0.11966254049524
-0.0996759799932733
-0.0717214606225704
-0.0394657133406093
-0.0059877460491885
0.0269329362679868
0.0588050510521898
0.089752215021024
0.119637642881269
0.14753724677934
0.171848732811069
0.190909342084468
0.203709353381328
0.210295399319738
0.211707731720174
0.209585762572221
0.205710213389296
0.201682963503952
0.198790219266158
0.197986196479817
0.199908393682354
0.204854719088643
0.212701335465118
0.222817428452045
0.234088309595988
0.2451212044529
0.254586264632103
0.261531119767679
0.265490722726455
0.266317085668511
0.263820799781348
0.25744114204212
0.246149726783704
0.228646855157568
0.203745483744592
0.17077904356353
0.129921919075944
0.0823736733119662
0.0303660899530855
-0.0230449827565153
-0.0743808792731923
-0.12022634947138
-0.157657225690068
-0.184503880539778
-0.199426325750545
-0.201865547276554
-0.191987101759302
-0.170701631771983
-0.139748181121677
-0.101748662798788
-0.0601492116597986
-0.0190204412233323
0.0172727227089563
0.0444984810639299
0.0590125301264638
0.0581509731204379
0.0405262002314876
0.00626100438355243
-0.0428269626031905
-0.103188657953463
-0.169808385070897
-0.236834731675329
-0.298484175946279
-0.350013323125612
-0.388522903960998
-0.413375352093314
-0.426081374598492
-0.42965566103781
-0.427624739718312
-0.423014569975425
-0.417678520235645
-0.412204047446747
-0.406376653051239
-0.399904319069302
-0.392995534369196
-0.386522704602316
-0.381774791668333
-0.380001823944743
-0.381985193943341
-0.387795778224404
-0.396810480837295
-0.407956263556665
-0.420045508495442
-0.432027187480947
-0.44305530795098
-0.452406431112023
-0.459350631714433
-0.463069305072658
-0.462676835223838
-0.457368482621453
-0.446652409876108
-0.430539244919556
-0.409548173322607
-0.384496612739328
-0.356186276682966
-0.325152645320919
-0.291590871620859
-0.255490551116226
-0.216941996624302
-0.176489911591259
-0.135337082233464
-0.0952458857512044
-0.0581624799422352
-0.0257396186046214
0.00109036630001195
0.0224728203491735
0.0399210837646068
0.0563831075062971
0.0758078699377637
0.102128744514133
0.138021717763535
0.184064108806976
0.238703109899839
0.298918784208833
0.361091544461866
0.421577819442282
0.476695345623503
0.522088881109672
0.551930103483667
0.55899419195068
0.536557982657146
0.481712597931913
0.398031493506269
0.295409460268513
0.186738686432972
0.0832761227768188
-0.00876848061247418
-0.0889447608338659
-0.160727915771472
-0.228420822132601
-0.294357977453094
-0.35756710744633
-0.414223257276583
-0.459365111916928
-0.488854098392355
-0.50067262165593
-0.495210280202273
-0.474747042175094
-0.442580424166547
-0.402150779279022
-0.356324415712009
-0.306908706302808
-0.254507550552242
-0.198837054257762
-0.139487745822627
-0.076859643570603
-0.0127875448993478
0.0495540592285778
0.106477055175862
0.15488533125709
0.19304829503788
0.220694017603049
0.238561725668653
0.247915539115771
0.25046961687163
0.248707557601574
0.24608897508785
0.246622080260544
0.2538100697581
0.269552116520715
0.293651071306616
0.324128218185833
0.3580299330787
0.392238306965969
0.423957234913641
0.450771797471217
0.470342712943187
0.479984663896707
0.476574033817615
0.45716327182398
0.420177313017298
0.366481154883066
0.299542681645593
0.224520022102846
0.146845178282464
0.0711156781265464
0.000734230184897848
-0.0618355512569687
-0.114649203066302
-0.156077998936895
-0.184906921872797
-0.200564587331747
-0.203264201654801
-0.193954288832072
-0.17412423997282
-0.145579011801842
-0.110282889129938
-0.0703073563772287
-0.027835212956582
0.0148824261381255
0.0556997559788635
0.0928655398176031
0.125294866364759
0.152641494008089
0.175069269030318
0.192800779564194
0.205675597536687
0.212955266840788
0.213464326197971
0.205977110137154
0.189674073346189
0.164521659121031
0.131501143678672
0.092643593848952
0.0508239334454573
0.00930569365638728
-0.028855867554972
-0.061337197159269
-0.0868014291509623
-0.104842597957351
-0.115741692473791
-0.120213577306248
-0.119257849235272
-0.114121151090075
-0.106318695274728
-0.0976633818520151
-0.0902707878981834
-0.0865116679373186
-0.0888667268789562
-0.0996218176755107
-0.120366186208551
-0.151361450103233
-0.191010087819499
-0.235745104810068
-0.280543815533552
-0.319938386189879
-0.349074840728142
-0.364354386995951
-0.363547501155122
-0.345706608673144
-0.311291545134141
-0.262551747506726
-0.203745037306934
-0.140699979928463
-0.0796520513872613
-0.0258333423925481
0.0174960777339252
0.0491668560752927
0.0694812030912478
0.0793400119733122
0.0796037142015678
0.0708890022720943
0.053699655556766
0.0286800758548678
-0.00314605604822996
-0.0401957656703534
-0.0802413277110682
-0.120489084108881
-0.157874751489395
-0.189537269951222
-0.213324828145916
-0.22813593304972
-0.23395696914562
-0.231604896391069
-0.222317285336412
-0.207361636557494
-0.187783785854012
-0.164362760623624
-0.137795257689877
-0.109040474639305
-0.0796319448943505
-0.0517254719595466
-0.0277764140101813
-0.00995122041758049
0.000474400786626603
0.0034856690500986
0.000359202635489505
-0.00659184615527208
-0.0144207170977476
-0.0199837269620908
-0.0203584858072871
-0.0132155072978387
0.00290416933504925
0.0284671295671382
0.0630178793545548
0.105411472709989
0.154094397556693
0.207271630142215
0.262853823370722
0.318224470576104
0.369965286062147
0.413653642424777
0.443862376812515
0.454681566639035
0.441127649225551
0.401258700919113
0.337938307849662
0.258938476169615
0.174946004759143
0.0963879654356301
0.0307302589486287
-0.0184291205735568
-0.05020305829683
-0.0640779322042719
-0.0579969547490934
-0.0283020551550995
0.028211706643709
0.111435691161631
0.216278726013809
0.333339582249204
0.451434510499305
0.560481439855813
0.653455844078049
0.727000339807335
0.780970405337222
0.81744849426149
0.839693007914291
0.851273527467653
0.855428698097802
0.854627558804666
0.850404888711224
0.843521543617791
0.834213440572138
0.822033250581691
0.805088905935546
0.779362258669005
0.739339803921389
0.680369296318962
0.601341836483257
0.505434847998308
0.398068054607
0.283657344982782
0.163660955036867
0.0370839311844655
-0.0972789633030989
-0.238368364706647
-0.381381244732013
-0.517963078396782
-0.638135165696677
-0.73322958031748
-0.798480386845288
-0.834050393312354
-0.844152636016263
-0.834878597090282
-0.811769159844689
-0.778042897471104
-0.734036785806957
-0.67797356850532
-0.607646970593132
-0.522174437702696
-0.422949236767337
-0.313440926090455
-0.198183494561256
-0.0816412499237553
0.0325008891550509
0.141441683960061
0.242882052717197
0.334490687726424
0.413666411266336
0.477820502351155
0.52479145205875
0.552690123799863
0.559172496446279
0.541262140659561
0.496790721728978
0.426869514308136
0.337317717899025
0.237514790658351
0.137230914992129
0.0434701443021326
-0.0409575538942967
-0.116798805045976
-0.18644572755954
-0.251890062240851
-0.313456436447567
-0.369732419639724
-0.418524205142519
-0.458198875686365
-0.488666907624812
-0.511556761173138
-0.529613877380101
-0.545723665308689
-0.562057282703742
-0.579685751826844
-0.598712704671784
-0.618694638313626
-0.639008642535726
-0.658956993247051
-0.677657974414332
-0.69394642980674
-0.706460180826061
-0.713882792414824
-0.715142428815253
-0.709393029883334
-0.69582946303382
-0.673605600929021
-0.642056479788133
-0.601079601410842
-0.551360810813972
-0.494499084716381
-0.433436157912139
-0.372858814017658
-0.318086170230163
-0.272234426547432
-0.234695572820337
-0.203267611381774
-0.177099848520579
-0.156481519309182
-0.140427679275966
-0.125638382957416
-0.107734712370783
-0.0831242079678274
-0.0501689726499954
-0.00947264436960635
0.036524445007256
0.0845270922125795
0.131725418000273
0.176959543341718
0.221039575776624
0.265921615484247
0.31316551178439
0.362597749200578
0.411935786619847
0.457471095024183
0.495311106136946
0.52251335191395
0.537660500031337
0.540755604096498
0.532567954914765
0.513736942502572
0.484109413838697
0.442817543433918
0.38924110527511
0.324308404540683
0.251161355068058
0.174576581052247
0.0994701208936693
0.0294864552305396
-0.0334632543841276
-0.0885342702711926
-0.134578591775107
-0.16876716829208
-0.186013084217398
-0.179969251792336
-0.145781121649206
-0.0835300050349086
-0.000284608061357527
0.090935403443117
0.175140865060277
0.240257902970516
0.280420516155507
0.296365901688835
0.293373368422023
0.278261166362676
0.25693113295205
0.233225691763404
0.209068743235122
0.185365907645195
0.162991508463038
0.143344892928484
0.128341995106355
0.120104165693624
0.120706267458601
0.132046983544561
0.155523430341276
0.191227720624355
0.236940372839231
0.28773288570216
0.336844104734595
0.377657188498721
0.405796222176046
0.420267891454094
0.423186587852627
0.418389111236863
0.409679940178279
0.399454094349473
0.388171736412539
0.374762060795983
0.357640336997473
0.335784322578779
0.309355735301024
0.279644953250555
0.248488158508568
0.217540487850045
0.187765863850808
0.159287539835396
0.131535250709388
0.103571021537679
0.0745197213069733
0.0440228405950905
0.0125583183965459
-0.0185429021566259
-0.0474293125741832
-0.0722887096027613
-0.0919271971398735
-0.106170348186222
-0.115949092651872
-0.12303188712754
-0.129532856444013
-0.13750436237637
-0.14888537545106
-0.165641868450865
-0.189484870505755
-0.220961907275938
-0.2587930640612
-0.300297509636431
-0.342349013426111
-0.381832381335001
-0.41572976485324
-0.441553648391796
-0.458056499036465
-0.465518370208805
-0.465243324407787
-0.45853301983988
-0.445734545295574
-0.425916886855442
-0.397422380484621
-0.35907373179908
-0.311416607148606
-0.257330262400381
-0.201716619135878
-0.150507523891048
-0.109514232821561
-0.0835071779516263
-0.0755491902825515
-0.0864041524281817
-0.114023061565822
-0.153452905801835
-0.197561681481462
-0.238544216393507
-0.269615907189366
-0.286141241582255
-0.28583214570137
-0.268239599873066
-0.234090073588073
-0.184923218902463
-0.123143854314101
-0.0522837357449559
0.0228616889043401
0.0964935795236706
0.162555578398585
0.215817275122491
0.252927039619874
0.272979338134886
0.277291569322523
0.268432945372767
0.248924373250365
0.220254203847749
0.182780023551916
0.13663793849073
0.0831325064809866
0.0256802783729284
-0.0303975579758412
-0.0791793743566083
-0.115729472402109
-0.136980584100147
-0.141536677745625
-0.128955945227382
-0.0994774396795231
-0.0545593845393905
0.00244330024665037
0.066490954785715
0.132203436397137
0.195449584553888
0.254002242972111
0.306868299928772
0.352895040225977
0.389561070830914
0.412531063287218
0.416178709162668
0.395031804038882
0.345713322953842
0.268544853006116
0.168057978493846
0.0523074924308425
-0.0685284508883097
-0.183743092917254
-0.283634175302852
-0.360765369009852
-0.41062224543705
-0.431485507722728
-0.423840768255428
-0.389955167759528
-0.33395709066433
-0.262116648382989
-0.182680563811858
-0.104874561943754
-0.0372810263928376
0.0137644790966534
0.0451158670783059
0.0568210643280113
0.0513579393183967
0.0325423821357541
0.00455593126066189
-0.0286453700204682
-0.0635258548178784
-0.0969470972527266
-0.12616593877298
-0.148997673100196
-0.164096039055846
-0.171137534453349
-0.17068921624736
-0.163731680188373
-0.151092051237978
-0.133180086776582
-0.110244691252172
-0.0829732217030492
-0.0529599614075719
-0.0226332765744232
0.00538726525608078
0.029139639945159
0.047907850458018
0.0623118738446113
0.0739855834333345
0.0850859258266981
0.0978051717033889
0.113906513905111
0.134248705303157
0.158361137471492
0.184267083557931
0.208728024068459
0.22781694926905
0.23747333381373
0.233830940805731
0.213589832403381
0.174894636175813
0.118637376743072
0.0493205028060224
-0.0254401313532917
-0.0968025752995042
-0.157009888722725
-0.200967146460349
-0.226585072772233
-0.234219200099346
-0.225897583466096
-0.204816859658348
-0.175118154436648
-0.14164244999746
-0.109405611271526
-0.0828117783968239
-0.0648696166359639
-0.0567129059031839
-0.0575798033347058
-0.0652067464119231
-0.0764550107979904
-0.0879561941514817
-0.0966238622711027
-0.0999721159257799
-0.0962456793675494
-0.0843958289378543
-0.063966832933874
-0.0349736169415722
0.00220100962430143
0.0469316101871845
0.0984720983452132
0.15585951085873
0.217401693202059
0.279993042168993
0.338970930850476
0.389014091082144
0.425662625120265
0.446355209563937
0.450301897548257
0.437665739051828
0.409134566202937
0.366362042468179
0.312666982011811
0.253004775358326
0.192885648247532
0.136848450502653
0.0874208437243991
0.0450568898592033
0.00885777487218601
-0.0225009750638312
-0.0501430324499383
-0.0748461244595092
-0.0972375815761028
-0.11803402736665
-0.138078488121654
-0.158126081632504
-0.178535391673242
-0.19908795297281
-0.219048062427806
-0.237404432465806
-0.253148918506247
-0.265476348788226
-0.273853984441211
-0.277949096438605
-0.277447190044511
-0.271878105439873
-0.260629642378874
-0.243246579993284
-0.219880021021694
-0.191560796741109
-0.160043374266016
-0.127282341937492
-0.0948713044483734
-0.0637386220633083
-0.0341273503299249
-0.00569958728355368
0.0223226673563964
0.0508972128415636
0.0807086839186154
0.111666348741406
0.142655421711139
0.171736753139219
0.196712262030804
0.215777751769646
0.227986090891989
0.233374640202115
0.232767466690034
0.227386097886348
0.218457970155786
0.206986187961871
0.19376035150015
0.179579311761359
0.165545150629287
0.15321613766504
0.144447404363029
0.140923923393635
0.143598359058937
0.152322553014266
0.165841289392951
0.18210747336277
0.198747242367506
0.213513344124751
0.224639005881483
0.231051642672994
0.232423147129181
0.229068224775654
0.221757180822618
0.211531220522475
0.199564259645701
0.187050090434542
0.175079485876622
0.164513438289332
0.155892892712328
0.149412690452005
0.144952424229452
0.142133118280492
0.140364185489743
0.138864717953653
0.136685369882655
0.132787285649986
0.126213548307201
0.116328918035062
0.103055058574657
0.0870156858181053
0.0695203996387022
0.0523555247086392
0.0374189415868076
0.0263056700032188
0.0199734247819844
0.0185795024118328
0.021514687421503
0.0275978956352052
0.0353486115862151
0.043241192098924
0.0498858406139823
0.0541506134875826
0.055272192049621
0.0529716492173146
0.0475403331757003
0.0398479283191729
0.031250636293821
0.0234037130871299
0.0179915448737381
0.0163964642081364
0.0193532017828066
0.0266759815176475
0.0371700820036817
0.0488034911335746
0.05909892381156
0.065575215725283
0.0660423139963895
0.0586937183960471
0.0421414067704946
0.015611325500586
-0.0206273249469607
-0.0647873317532765
-0.113401761125547
-0.161745976647245
-0.204767739933361
-0.238079322995473
-0.258522504772589
-0.264215748385237
-0.254470701983658
-0.229996037689349
-0.19332540164302
-0.148944214892103
-0.102669986270536
-0.0603856429631832
-0.0266975452812361
-0.00409999253448389
0.007133649072202
0.00848835314854807
0.00248526214371987
-0.00801913925759049
-0.020326884381636
-0.0321177730086796
-0.041468360639082
-0.0468456624703896
-0.047219788644619
-0.0422948767311
-0.0327272857382976
-0.0201886049850728
-0.00722525199959004
0.00303413677725665
0.00726147835546521
0.00241249346288425
-0.0136486245940749
-0.0414692522130291
-0.0795702387463138
-0.12459795213448
-0.172159325697066
-0.218027522763245
-0.259178109937983
-0.294236405984356
-0.323259974926673
-0.347089511662065
-0.366621502861232
-0.382294028792849
-0.393919750884284
-0.400837871239333
-0.402255968899126
-0.397634312787258
-0.386996899544312
-0.371088416328824
-0.351326421142252
-0.32954603529276
-0.307601291056898
-0.286940499263919
-0.268289436855127
-0.251558750909401
-0.236035449964831
-0.220804638862592
-0.205206636258611
-0.189071540828642
-0.172581055760757
-0.155849432661406
-0.138527195545852
-0.119748604298531
-0.098533205016662
-0.074443728459195
-0.0481107772764286
-0.0212998640204562
0.00353459452522325
0.023989946904493
0.038418454079229
0.0463257598643713
0.0483635162877412
0.0459933126389751
0.0410128901566142
0.0351342423093812
0.0297076399116689
0.0255868154046507
0.0231012000538528
0.022125250527865
0.0222451609948474
0.0229860759538957
0.0240084020946211
0.0251684714379985
0.0264009510114119
0.0274898919737731
0.0278676047290678
0.0265479595379971
0.0221967449495873
0.0132810411092745
-0.00171767092515677
-0.0239796749208162
-0.0539141657430686
-0.0907733716301619
-0.132564093469168
-0.17640062144547
-0.219185780777889
-0.258289746514918
-0.291864408492267
-0.318594186965777
-0.336984948679389
-0.344647047271877
-0.338233802271441
-0.314455606541399
-0.27185989349566
-0.21234609107594
-0.141361377653484
-0.066531858472122
0.0045221557314161
0.0660547513846803
0.115032263159349
0.150968690781998
0.175267008137799
0.190568135139226
0.200291920573456
0.208258560653216
0.218224749953778
0.233295728552758
0.255238343080533
0.283702215673041
0.315654024334027
0.346045698003725
0.370647200118459
0.389461951998508
0.406217573151106
0.422365497006115
0.432309054829491
0.427139460478556
0.402887724794852
0.363442867098519
0.316706344969413
0.270221394892709
0.229640703953096
0.198545238219539
0.178164683633287
0.167366438256716
0.163428013776658
0.163217925628481
0.164057500300864
0.163947931107924
0.161372038189126
0.155071841164262
0.144086866419283
0.128087590430207
0.107779410754999
0.0850245355623888
0.0624627259211167
0.0427499102376886
0.0278061782772593
0.0184407153132857
0.0144437168723324
0.0149548081619762
0.0188346130512041
0.0248791714854255
0.0318797238275768
0.0386055020597481
0.0437584422439418
0.0459157826696488
0.0435222934282612
0.0350568953066004
0.0194380877507223
-0.00346150800269189
-0.0324739677984997
-0.0652027773599749
-0.0985198394905991
-0.129304461876154
-0.155145465434835
-0.174767078672847
-0.18806335854713
-0.195782739663134
-0.199038935875916
-0.198878376681778
-0.196075927120737
-0.191188566546186
-0.184750910965997
-0.177428256887012
-0.169989186269946
-0.163094911548613
-0.157044145351728
-0.151661561489926
-0.146431153368764
-0.140810916699121
-0.134542668003766
-0.127774974007114
-0.120934748333415
-0.114427537734109
-0.108330393618848
-0.102231470675307
-0.0952947481071256
-0.0865365426942643
-0.0752220673290573
-0.061234250067562
-0.0452557099401651
-0.0286700257196915
-0.0132152026397075
-0.000529718930589579
0.00825062795086882
0.0127401232785752
0.0133447873307909
0.0110864480076459
0.00725821117738332
0.00304323587969355
-0.000742763436998172
-0.00370474807018672
-0.0057687481474765
-0.00705441199049945
-0.00781552690405488
-0.00846266245597977
-0.00961888789910536
-0.0121431423932404
-0.0170770381805764
-0.0255079695565289
-0.0383672224028314
-0.0561813367603423
-0.0787952793556079
-0.10512990642696
-0.133099058675431
-0.159792081775721
-0.181880682272792
-0.196064239859484
-0.19942851612411
-0.189854313608032
-0.166705950740429
-0.131556598848249
-0.0880739198959328
-0.0406693357257982
0.00691553930942505
0.0517092411430563
0.090907036891375
0.122127857769968
0.144430141683476
0.158701714882113
0.166963079828293
0.171317742417567
0.173233095454215
0.173248628593776
0.170950682862608
0.165114386882005
0.154025230170247
0.136043386142699
0.110400527962112
0.0779927999553948
0.0417234845126855
0.00604243650092868
-0.0242253671983546
-0.0452105586250362
-0.0548621119784146
-0.0530659112305749
-0.0411972315797877
-0.0215040832302467
0.00336929719627235
0.0306428424905035
0.0575557259385081
0.0815688114381636
0.10067089951521
0.113699440607379
0.120513946536515
0.121921576375903
0.119385948574024
0.114637602304355
0.109307784203221
0.104671131119624
0.101541365284142
0.100305356231866
0.101013790168602
0.10343180654109
0.107023303709709
0.110935178806067
0.114068481106154
0.115263635001414
0.113561457007451
0.108478044963269
0.10022265081629
0.0897690778913314
0.0787026071689406
0.0688491029782137
0.0618096113689793
0.0585728599554926
0.0593173593210324
0.0634110522921705
0.0695627855303344
0.0760883442112336
0.0812619096729327
0.0836928640423949
0.082630289691146
0.0781002887534691
0.0708246133140876
0.0619251844035783
0.0524810383625882
0.0430788754956868
0.0335556128670988
0.0230992565001741
0.0107137422748252
-0.00416506029699582
-0.0212345299350781
-0.0393133489008225
-0.0567422002559272
-0.0719533883517616
-0.0839086762887921
-0.0922367848522572
-0.0971019842515731
-0.0989590254266623
-0.0983373525065262
-0.0957027147749329
-0.0913722548150324
-0.0854640127028814
-0.0779027287390635
-0.0685104238331501
-0.0571707412815615
-0.044013327513206
-0.0295492026075692
-0.0147011696178563
-0.000715677908284709
0.0109958582911845
0.0190074810631746
0.0219869823204618
0.0188114941180642
0.00876684713309546
-0.00816210756070151
-0.0310135857776012
-0.057756721614752
-0.0855348808956781
-0.111246576040285
-0.132213031986252
-0.146504084598154
-0.152706604946377
-0.149477451284527
-0.135456149200036
-0.109669637505728
-0.072111023672093
-0.0242378742832014
0.0307397815280975
0.0880427002635607
0.142206078820565
0.188464420433745
0.224011100717951
0.248512865489674
0.263684642147338
0.272227895635247
0.276691573840544
0.278743535387765
0.279049261998131
0.277629165322963
0.274378368312202
0.269457478084041
0.26342903991953
0.257173883322929
0.251684133762137
0.247819960290686
0.246101865114503
0.246605346458934
0.24899516063152
0.252667894989541
0.256908807670735
0.260966890741849
0.264002463780097
0.264908368025382
0.262047541319438
0.25304783994657
0.234914489168218
0.204668544776912
0.160395190824223
0.102222265247683
0.0327143275675561
-0.0434827847832353
-0.120512153564099
-0.192333922949736
-0.253685092593223
-0.300863936637824
-0.332201009496047
-0.348021950634323
-0.350007491071314
-0.340114412596634
-0.319472801075521
-0.287773477941078
-0.243551853726641
-0.185435508088574
-0.113893266259257
-0.0325681702244785
0.0516931224668258
0.130344731613514
0.195510780901835
0.242027617513312
0.268168908661023
0.274873886248021
0.264235519813597
0.238420057717069
0.199688485370062
0.151128202790155
0.0970353256485127
0.0422375094702145
-0.00935749213117301
-0.0559857568851092
-0.0981383400268063
-0.137447828192479
-0.175066435784018
-0.210562431091095
-0.241955907442442
-0.266707783086579
-0.282877345636171
-0.289682501063072
-0.287232762459199
-0.275811230141791
-0.255348344607519
-0.225524763989996
-0.186439681898953
-0.139351567906736
-0.0869520132611737
-0.032977917970169
0.0185982033512741
0.0643648700541804
0.101937976238211
0.130024443550597
0.148176109344621
0.156377149588768
0.154637391595127
0.142809322336483
0.120809050711084
0.0892028699160174
0.0498183883646063
0.00591982535477423
-0.0382835346604263
-0.0785925474130966
-0.111720794117392
-0.135644556467683
-0.149227997660934
-0.151439852646424
-0.140867805509986
-0.11616819962564
-0.0774114938743733
-0.027444953478446
0.0278162701413899
0.0805591054023827
0.123088215785782
0.149611120510734
0.157065685054596
0.145005590319538
0.115088651877858
0.0706943381089756
0.0167402282678177
-0.0406803334733957
-0.0952214091554051
-0.141683177861498
-0.177289441070718
-0.202163539208453
-0.218731232664736
-0.230339541687195
-0.239726408943145
-0.247983021881394
-0.254385946549383
-0.25707373911015
-0.254174118051214
-0.244825223702498
-0.229648683848776
-0.210540186067344
-0.189968759068566
-0.170159279421085
-0.152511304198755
-0.137427482218117
-0.124496319981489
-0.112818100480645
-0.101264902697697
-0.0886137135776301
-0.0736526062838916
-0.0553836491070283
-0.0333210962098054
-0.00774779014141706
0.0202254513119335
0.0488568646380027
0.0761614254195946
0.100334930768744
0.120041010928568
0.134452726690753
0.143059630851965
0.145349101051058
0.140508506542101
0.127311192404938
0.104359687092453
0.0707663613525323
0.0270754776415603
-0.0240740769660474
-0.0780546677141917
-0.129215026737013
-0.172227037217901
-0.20308214824232
-0.219296285368191
-0.219510642219253
-0.203137548263186
-0.170590124493562
-0.124024995073977
-0.0679611829437983
-0.00913075037332099
0.0445556917556341
0.08549780619457
0.107794897815951
0.108226430387633
0.0867407081179745
0.0463796975943885
-0.00745232786263326
-0.0682837453961022
-0.130023218109547
-0.188004043876013
-0.239278990436626
-0.282239091481912
-0.315931992230508
-0.339443424987676
-0.351491554748525
-0.350251887330789
-0.333508258523638
-0.299319840834887
-0.247205849343341
-0.179379143145315
-0.101229606421964
-0.02050946107324
0.0545687926809107
0.117438232507881
0.164540787081847
0.195513320598198
0.212384232729718
0.218303739849659
0.216327003921812
0.208595643500274
0.19606137086876
0.178697246125677
0.155969617953512
0.127282156493982
0.0922133229142942
0.0505736705466411
0.00244854237276929
-0.0516230842092375
-0.11031969885467
-0.171221551092003
-0.230788674785378
-0.284857919215908
-0.329620123218874
-0.36268709063611
-0.383638713104052
-0.393554456486
-0.393565543761098
-0.383213505859198
-0.359791291416505
-0.319339286704682
-0.258793809443124
-0.17794061633029
-0.0800767546726986
0.028702011657558
0.140906207940591
0.249088935508723
0.34706616081426
0.430836970007956
0.49896933388618
0.552213727009857
0.592482103635215
0.621728564014468
0.641249226174592
0.651539692617354
0.652537102185315
0.644051828462265
0.626260364938514
0.600050435946061
0.566933105581201
0.528498698707865
0.485885666763845
0.439838123982934
0.391341970324422
0.342147163502846
0.294549768397526
0.25059232287388
0.211435945053752
0.177422678617255
0.148636983910672
0.12537884685266
0.108167410458008
0.0973523714214749
0.0926734592174408
0.0930494665869124
0.0966527586842941
0.101142996947864
0.103905814337956
0.102237216136177
0.0935160749432604
0.0754374673730415
0.0463576135025055
0.00575592957156033
-0.0452793133076186
-0.10377827009089
-0.16510771808407
-0.223752727174125
-0.274358546851811
-0.312483096977583
-0.334675398673793
-0.338053547815916
-0.320085272646272
-0.279219796431951
-0.216269937700335
-0.135612754229805
-0.0451712208721391
0.0451118138613313
0.125664155433462
0.189496327021831
0.233440296668243
0.25815319386301
0.267079449230209
0.264819543297506
0.25546301048412
0.241458335289337
0.223435699180448
0.200970503971982
0.173727312781623
0.142186538079901
0.107519176205253
0.0708779636778503
0.0327934970141179
-0.00685356948658092
-0.0483950104998383
-0.0919353776333883
-0.137207681434305
-0.183620086714106
-0.230232024213402
-0.275607598315541
-0.317751693009088
-0.354315089293561
-0.382997532993394
-0.401884483071559
-0.409539524180544
-0.404964173113197
-0.387732696048818
-0.358461279472926
-0.319363307671954
-0.274387504925822
-0.228652493446707
-0.187416502977856
-0.155161227905527
-0.135221981568998
-0.129915923746873
-0.14071460225484
-0.168001592024903
-0.210382922625757
-0.264062624583597
-0.32297945103248
-0.379997933838078
-0.428746684025607
-0.465250212194748
-0.48860626203618
-0.500463362878141
-0.503598863799448
-0.500255228660811
-0.490982910213007
-0.474494531430718
-0.44847063289563
-0.410701104516299
-0.359900740904478
-0.296052880505004
-0.220584929892226
-0.136526946960865
-0.0483702267809541
0.0386664353844741
0.119777751103903
0.19155946514293
0.252375772842136
0.302018689351
0.340925514448555
0.369409662643775
0.387325493543729
0.394326591788006
0.390525633208643
0.377126547137305
0.356590774931889
0.33212312954046
0.30665189510125
0.281842840565053
0.25773710765076
0.233220328765526
0.206995567155282
0.178485732180801
0.148260359114735
0.117913284947234
0.0895413397828934
0.0650440144753497
0.0454563591225811
0.030495610886929
0.018463454356823
0.0065854589970616
-0.00825547036649299
-0.0286140267524317
-0.055746382128765
-0.0893292687838555
-0.127726488170238
-0.168688095273361
-0.210212423506528
-0.251199346973831
-0.291537897132122
-0.331498146313215
-0.370668139649441
-0.406942243036098
-0.436067230389519
-0.452074300287033
-0.448680401429057
-0.42135770679787
-0.36925134059262
-0.295895477823865
-0.208211712468226
-0.1143110084323
-0.0212478095915064
0.0663510760566303
0.146420171429708
0.218372962485403
0.28125892180959
0.33225232963271
0.366726799635564
0.380226719409607
0.371184081300606
0.342567120589344
0.30137671977804
0.256354346001977
0.215287959251847
0.183283423660724
0.162524241081052
0.153077809058009
0.153869265632335
0.163206437324036
0.178834563027034
0.197878520966315
0.216955397793695
0.232440845640303
0.240737716947405
0.238549838775725
0.223347004843697
0.194086111327634
0.151871592445313
0.100040147059534
0.0434492448156432
-0.0127089477927085
-0.0639626432775941
-0.107034740655082
-0.139654781701084
-0.159959811812813
-0.165963911222027
-0.155626399624547
-0.127754677809783
-0.0833618640249668
-0.0265885759558863
0.0355997442986614
0.0949933878873209
0.144234564739372
0.178375537004477
0.195238976174096
0.194697929465427
0.177645894249266
0.145511903421812
0.100603017654722
0.0467725836824726
-0.0104133478425317
-0.0644525752355196
-0.109349973099701
-0.140970446521691
-0.157571979865403
-0.159267345952653
-0.146845541188362
-0.120857060170276
-0.0817084484531205
-0.0307191441836596
0.0287298247015399
0.0909691823401209
0.149100935231728
0.196827349963328
0.230065361168987
0.247526489612261
0.250055074993231
0.239241100356349
0.216264040712304
0.181745327514064
0.136625889882725
0.0832959864170035
0.0260344214269394
-0.0296273283033693
-0.0782311554764191
-0.115647521511867
-0.139688602159104
-0.149990814336305
-0.147465035466972
-0.133693534611114
-0.110486628475589
-0.0796203451789005
-0.042712848106513
-0.00121152233664824
0.0435707722844183
0.0904825226190018
0.138648513940325
0.187486141813802
0.236379952559608
0.284062427659523
0.328135619466784
0.365192218733803
0.391589858213393
0.404524731605324
0.402984524406344
0.388303981154869
0.364125691184037
0.335630567929087
0.308162144992433
0.28574794471719
0.270155571695237
0.260831354128366
0.25558772069331
0.251586522812057
0.246145689133956
0.237094672202785
0.222689725587807
0.201348212658651
0.17154125762608
0.132038493857824
0.0824332789372729
0.0236885353741677
-0.0415640394691345
-0.109125288996545
-0.173754480496612
-0.23002070970765
-0.273251369757003
-0.300278608701156
-0.309773704530455
-0.302176771051972
-0.2793948935638
-0.244428216749638
-0.200960752343487
-0.152882376977419
-0.103756001512919
-0.0563436290554275
-0.0123548905810576
0.0274784838154292
0.0630516600187719
0.0944538641798248
0.121673371600438
0.144548739010541
0.162917724604858
0.176811696664752
0.186536207522221
0.192563404888675
0.195290828694106
0.194803210114037
0.190739522176873
0.182254942822401
0.168012274968617
0.146231477225931
0.11497521294488
0.0728240642077614
0.019799172600374
-0.0419489956123483
-0.108175220209547
-0.173369561752333
-0.231953276939036
-0.279257669929062
-0.311976447476974
-0.328174823658997
-0.327122665748244
-0.309151748274879
-0.27560148044439
-0.228850645616464
-0.172396977058368
-0.110861195247951
-0.0497068255261703
0.00547458464427249
0.0500184247554766
0.0812118780672685
0.098838017123137
0.104985527489234
0.103207414714375
0.0973690338805317
0.09058867947717
0.0845791449067037
0.0795361660667988
0.074544329296868
0.0683048510969524
0.0598720449225877
0.0490863321832532
0.036548546560142
0.0232224929785847
0.00993137047284795
-0.00297388445685267
-0.0156323597155773
-0.02842374469382
-0.0416382768087181
-0.0552754409847033
-0.0690791458489033
-0.0827602361830179
-0.0962529757849337
-0.10986330735679
-0.124259707988324
-0.140342374530088
-0.159050695827756
-0.181158462590459
-0.207106782414792
-0.236927893907845
-0.270274445287325
-0.306492596351154
-0.344642449684395
-0.383439835430395
-0.4212173970834
-0.456044261842378
-0.486030429711234
-0.509653544576714
-0.525843676597835
-0.533666686129754
-0.531754168375409
-0.517950050905477
-0.489653395891329
-0.444866833287234
-0.383342908236459
-0.307094122680588
-0.220092894792856
-0.127630529051254
-0.0358108913954095
0.04888294448488
0.120311618482201
0.173691846391119
0.206351130703172
0.217694328589705
0.208509969271563
0.180364257315713
0.1357354950969
0.0787677904346052
0.0157895676099845
-0.04523589989788
-0.0963604934565649
-0.131557285234738
-0.147848004760901
-0.145232627961678
-0.125834776439794
-0.093027709640135
-0.0509867444846261
-0.00453062351476547
0.041182826620873
0.0813532371310803
0.112450937094852
0.132911644548645
0.143264658340885
0.14566280675783
0.143073060863436
0.138474386310391
0.134293048053723
0.132117524688487
0.132615060600852
0.13556201127906
0.139943141033344
0.144101456392706
0.14592987656284
0.143133311298862
0.133634065513392
0.116140975699027
0.0907216574767923
0.0590658984671948
0.0242091204833896
-0.0102100134977564
-0.0407983289780402
-0.0649750112395739
-0.0811021472413636
-0.0883146004987078
-0.0863170669319715
-0.0753353352416708
-0.0562199603457646
-0.030554290120304
-0.000604062145806615
0.0309503759815795
0.0614266112663386
0.0885597051735867
0.110813045139546
0.127519729836445
0.138829055274676
0.145457784491267
0.148299695381875
0.148024280270644
0.144835024697317
0.138504869681395
0.128667849154502
0.115185269922411
0.098318556709401
0.0785258267866815
0.0559681169083124
0.0301029580672531
-0.000210498257317764
-0.0359946121318089
-0.0772136615422518
-0.122251936366336
-0.16823034559727
-0.2120475565731
-0.251570234018926
-0.286303766320375
-0.317183989559162
-0.345643985363381
-0.372495014134032
-0.397142012965052
-0.417294110797468
-0.429051080834723
-0.427363944288615
-0.407131068492638
-0.365037815058966
-0.301579920924835
-0.222153535574972
-0.136321975158332
-0.0553347238353742
0.0110398799607976
0.0569918839075486
0.0815567789251051
0.0878634505801168
0.0813816466698543
0.0680386816812615
0.0528809434575228
0.0395487436176379
0.0304395438412403
0.02719809664909
0.0311264808527333
0.0432197384624643
0.0637691795104984
0.0917784500235644
0.12464832117395
0.158503772918767
0.189147962739754
0.213206856296085
0.228906267600628
0.236171364983001
0.236135487358887
0.230413070028392
0.220513261490268
0.20760666378907
0.192641283376885
0.176651353251806
0.161064262828476
0.147849513028233
0.139393157123954
0.138023818397002
0.145268648051903
0.161198307754195
0.184373533039353
0.212596661871663
0.243975771477219
0.277363132529136
0.31164217009832
0.344405869583826
0.371289952607745
0.386782953921946
0.386065844634627
0.366570047794432
0.328315220752081
0.273221622756417
0.204289457011286
0.125245006894467
0.0405368030818692
-0.0447551245836846
-0.125323316197671
-0.196269224286915
-0.253781488031026
-0.295682895932869
-0.321691876647806
-0.333284026553229
-0.333150546737241
-0.324410924890651
-0.309867513457869
-0.291594150496987
-0.270979088992526
-0.249074797782038
-0.226933654002474
-0.205659835953591
-0.186132359388629
-0.168586374736962
-0.152343193029827
-0.135906708971082
-0.11742874129713
-0.0953030996143995
-0.0685490469132411
-0.0368036549561137
-7.58222767613248e-05
0.0413586200075709
0.0866727479541403
0.133994843924857
0.180217511480617
0.221501330381251
0.254353865451717
0.276711662308315
0.288443697673335
0.291095761831607
0.287137579184876
0.279128435586315
0.269065429217958
0.257967154284791
0.245696922859856
0.231114271499657
0.212647947226404
0.18918528336983
0.1609038660479
0.129593977175437
0.0982617900535112
0.0702181605676427
0.0481390391727428
0.0335252027328735
0.0266717342934508
0.0269672838654965
0.0332802447917523
0.0442866024144635
0.0586669935105749
0.0751108311007691
0.0921200959189745
0.107724857609143
0.119290614202269
0.123564857566742
0.117059817659204
0.0968170113711694
0.0614351571759252
0.0119750666086992
-0.0477628425845135
-0.111853508572557
-0.173554059561021
-0.226738114610167
-0.266837134210361
-0.29093347106933
-0.297145440955144
-0.283945814281568
-0.250186837767198
-0.196118401512569
-0.124822785236514
-0.042931036094829
0.0402053990834465
0.114663929642923
0.172224157773088
0.207532379152144
0.217905853816156
0.202627709151501
0.162743659606477
0.101492365786962
0.0245826906409623
-0.0604615030241595
-0.145841562117131
-0.225117459051657
-0.294120606500522
-0.350890766100126
-0.394960293949392
-0.426515761825177
-0.445814559862206
-0.452981844879464
-0.448161587362156
-0.431923266301324
-0.405717473951478
-0.372056433034554
-0.334153682985491
-0.295082840538709
-0.256909700050175
-0.220354040505088
-0.185187388638911
-0.151033125929873
-0.117980277133947
-0.086661401005114
-0.0579066353703608
-0.0323319379877194
-0.0101122951644446
0.00903811622011479
0.0257517413449115
0.0407929506847091
0.0547606372068884
0.0677930940401787
0.0794146740748947
0.0886194740386261
0.094179856385326
0.0950802509043024
0.0909350306367812
0.0822401130574649
0.07034563758628
0.0571423585321271
0.0445893558860982
0.0342910056295715
0.0272991191904587
0.0241820001264231
0.0252414030791257
0.0306789340016414
0.0405791538220378
0.0547394424073145
0.0725081352899158
0.0927939096297873
0.114288899311949
0.135802908707706
0.156537839799625
0.176170024190865
0.194711921714417
0.21223279080567
0.22858261206965
0.24325518972744
0.255446471106658
0.26425063631235
0.268843693187655
0.268487090314714
0.262287699742735
0.248863171238911
0.226253871650625
0.192395601204096
0.146141362062507
0.0883852869393589
0.0226436980518747
-0.0453267266094015
-0.108797816451447
-0.161715135474321
-0.200060790767668
-0.222430857408015
-0.229686461623083
-0.223969815726508
-0.20768693885887
-0.183033633266991
-0.152231757837899
-0.118114828648408
-0.0844665998503446
-0.0557366635162927
-0.036196464330559
-0.0289049484675548
-0.0348964571433278
-0.0528797311757354
-0.0795514713760288
-0.110415433319257
-0.140809524677501
-0.166777660937889
-0.185532794881442
-0.195479143209253
-0.195960866512314
-0.186968767678967
-0.168944110322012
-0.142661592055247
-0.109099020879043
-0.0692767759648334
-0.0241828153517018
0.0250778208460905
0.0769247525958021
0.128975931102655
0.178088649169771
0.220943708381683
0.255009037051833
0.279433452397467
0.295399782925768
0.305732850690566
0.313939698409188
0.323116811339037
0.335152105643616
0.350432504769732
0.368018322529035
0.386090982027363
0.402432629730758
0.414748945666132
0.420820325261566
0.418680550524261
0.407047948624616
0.385944886720878
0.357062586012231
0.323375913237629
0.287949192212702
0.252504499019052
0.216646127997903
0.1783497036241
0.135562990685784
0.0880218762937734
0.0381918865746353
-0.0092343001999702
-0.0489866886077866
-0.077110617233773
-0.092195284366176
-0.0955096903280781
-0.0901950647577233
-0.0800313289842129
-0.0683492194362186
-0.0574494330166631
-0.0485679316719185
-0.0421887514998048
-0.038463728492803
-0.0375897101092271
-0.0400725787959158
-0.0468133729108807
-0.0589438233804781
-0.0773944898726437
-0.102310443853059
-0.132569316135488
-0.165687117893656
-0.198236970530793
-0.226616567648917
-0.247786608451766
-0.259653313711672
-0.261073562516946
-0.251776335923843
-0.232513307167739
-0.205407587351066
-0.174080122778037
-0.143127351020825
-0.116964576693844
-0.0985369001281948
-0.0885074222963691
-0.0852298576101862
-0.08539938321043
-0.0850360907393399
-0.0804606765005869
-0.0690641834104535
-0.0497956428661043
-0.0233224683598522
0.0081766642924117
0.04155522590009
0.0734213323410648
0.100792746291752
0.121447933259261
0.133866650938
0.136895666227355
0.129517362159449
0.111106304343061
0.0821964781187696
0.0452688296579226
0.00486772458965737
-0.0332781265310797
-0.0637701707337532
-0.082880446403459
-0.0890538431435395
-0.0825165666508171
-0.0645179941343666
-0.0368499248477175
-0.00189040084981787
0.0371242033545737
0.0761232802143315
0.110792610172573
0.137508515931925
0.154075423205426
0.159831266649478
0.15512292410021
0.14058681113643
0.116755110812474
0.0841690466978427
0.0437114855958686
-0.00328782368276696
-0.0553120845262263
-0.110964324705541
-0.168893798565271
-0.227294851302544
-0.283427380454528
-0.333698483891156
-0.374386547627656
-0.402490292477063
-0.416056276206789
-0.413881055832734
-0.395182382709978
-0.359901730619731
-0.309581798526072
-0.248013345774618
-0.180898169596698
-0.114565911530901
-0.0544820054216318
-0.0042878398664358
0.034396203422628
0.0616326964597602
0.0786322553886008
0.0872354551872483
0.0894877461147142
0.0873233426057709
0.0823647202999036
0.075841498476579
0.0686132127378727
0.0612463866700658
0.0540745138054967
0.0471908377446228
0.0403841586115625
0.033081204312649
0.0243570415378606
0.0130188943619257
-0.0022782248926175
-0.0228972044007272
-0.0499952611263486
-0.0841183568829541
-0.124649121359418
-0.169343230312572
-0.214254813338386
-0.2541841192861
-0.283527582380846
-0.297291555609418
-0.292063064442591
-0.266752565745519
-0.222888879836584
-0.164315862513476
-0.0963976416426814
-0.0250813717006416
0.0438529751561652
0.105243188336821
0.154725090862851
0.188681168777271
0.204091971381558
0.198657186672321
0.171563127472461
0.124755619274332
0.063865829986886
-0.00220666361987391
-0.0633095972658572
-0.110854546193095
-0.140137301554818
-0.151219365934149
-0.148214935210302
-0.137479055775537
-0.125469948565087
-0.117015007904341
-0.114450595128068
-0.117719801812569
-0.125133161817178
-0.134289104654274
-0.142711928370002
-0.148055021433649
-0.148059360419425
-0.140618459464274
-0.124148076366181
-0.0981067101181469
-0.0632774396313343
-0.0215391799350143
0.0247730460049484
0.0735409963390388
0.123232393578382
0.172875320552275
0.221738393379941
0.268873873014978
0.312705476007275
0.350869561345945
0.380446398024309
0.39851760153788
0.402801633267285
0.392109957489579
0.366532252987026
0.327439183725644
0.277401925028029
0.219971974096216
0.159184444287032
0.0988265178969552
0.0417822046020614
-0.0102052268371249
-0.0562875268496088
-0.0960359634609029
-0.1290729100146
-0.154959479151107
-0.17323118825194
-0.18339240667558
-0.184837212223644
-0.176875422357201
-0.159060661259397
-0.131788177198654
-0.0968524372400464
-0.0575823690176726
-0.0183741074356894
0.0162397068822857
0.0426251893434279
0.058813646843695
0.0647792635315623
0.0622176288844153
0.0539756808102897
0.0433467050557509
0.0334150097739127
0.026551802496234
0.0240842620619336
0.0261350279118005
0.0316512833507143
0.0386457734489803
0.0446236269035086
0.0471146717543286
0.0442125119011951
0.0350078330256189
0.0197711037979611
-0.000235645136638789
-0.0232754170967082
-0.0477177357852361
-0.0723533933529821
-0.0962973750533035
-0.118625878740023
-0.138038070873232
-0.152747508543872
-0.160638501289421
-0.159645285736687
-0.148320642297749
-0.126505571736472
-0.0958423755753978
-0.059766013066746
-0.0227736147755528
0.0108354426069383
0.0382346023688589
0.0588343259947889
0.0742680683960468
0.0876668853701985
0.102574977180351
0.122015934202681
0.148078752050278
0.181898565528864
0.223491324891742
0.271170759855441
0.32106596117612
0.367546716841305
0.404609402200102
0.427330819386226
0.432539231870262
0.418779758138507
0.386267585033826
0.337162383317095
0.275776488184888
0.208172468457504
0.141096175261402
0.0806859384317605
0.0314402732252546
-0.00434004248501796
-0.0266365734076889
-0.0373825771131232
-0.0397987201539549
-0.0375600020916282
-0.0340507560501112
-0.0319668182101558
-0.033385494688104
-0.0401630563950307
-0.0542541732786116
-0.0775033917723812
-0.110798592385363
-0.153036537959408
-0.200662438093679
-0.248269129787456
-0.29005191799769
-0.321363229176558
-0.339613409897926
-0.344262692105767
-0.33621608498686
-0.317144976379774
-0.289030938184778
-0.25386027961224
-0.213290221338671
-0.168341847932805
-0.119413199968385
-0.0667780199583647
-0.0113127430258192
0.0450638274288494
0.0995526643207325
0.149110586050224
0.191180125621588
0.2242097206515
0.247852789647128
0.262833887821051
0.270497431369586
0.272116551124932
0.268147792006107
0.257718039485736
0.238673141034492
0.20840502764994
0.165305645504412
0.110211392332349
0.0470129230409735
-0.0180163640356182
-0.077900616853908
-0.126837757652602
-0.161425083846973
-0.180805144414488
-0.185894186991579
-0.178313989822145
-0.159728968129096
-0.131917864868922
-0.0973066128738428
-0.059313838200402
-0.022033327220631
0.0106587388161222
0.0360297640798439
0.0529089928775567
0.0614300902874454
0.0623531270758142
0.0564396016532651
0.0442753887031235
0.0266090515266276
0.00489577574869387
-0.0184189829028149
-0.0401585793738134
-0.0571363129480021
-0.0669969617145888
-0.0688234036961372
-0.0633198092065819
-0.0525823580732767
-0.0396099249579705
-0.0277617118725031
-0.0203163368648727
-0.0201518074071629
-0.0294791654264314
-0.0496454209753637
-0.0811599998890071
-0.124005123666189
-0.177928606114576
-0.242218664827776
-0.314846010673961
-0.391580716977827
-0.46595466624799
-0.530330941747745
-0.577431672029698
-0.601434988326391
-0.598390322632878
-0.566406911711669
-0.506029101233522
-0.420597828287134
-0.316047986727564
-0.199906009105772
-0.0798220296733899
0.0377620534781464
0.148348396724571
0.249389227220365
0.339747059555246
0.418987173298712
0.486861782513598
0.543141378640614
0.587725486529072
0.620853200685669
0.643224819819309
0.655895124992757
0.65991095171925
0.655826001616369
0.643342235027164
0.621308503040982
0.588158608818135
0.542671275918829
0.48476204154636
0.415948036030281
0.339237930177567
0.258473380055961
0.177417061632252
0.098975728983534
0.0248574989251054
-0.04422398656716
-0.107932256893874
-0.165661666626276
-0.216317782298289
-0.258720521685148
-0.29237085105666
-0.318034655155769
-0.337700646111383
-0.353833033860398
-0.368178543051643
-0.380576386725094
-0.38831921026136
-0.386601180657572
-0.370246697578701
-0.336162223339724
-0.285249104908142
-0.222573210015577
-0.155577823574559
-0.0913435612733749
-0.0344046745602527
0.0138784733213458
0.0544219594883623
0.0888248561019988
0.118047267277875
0.141904359840941
0.15935441539168
0.169216516653932
0.170911246244544
0.164924940691604
0.152820528673971
0.136761427699296
0.11872118881441
0.0997535923634695
0.0797342793430594
0.0577596048442011
0.0330029507663374
0.00554237186918454
-0.0232988538930391
-0.0512321878550065
-0.0756558216600685
-0.0942604788358466
-0.105311163794976
-0.107646370360574
-0.100672177217188
-0.0845821325146339
-0.0607407447985371
-0.0318853346885473
-0.00178743834688364
0.0256848935557599
0.0477485098334012
0.0635434458874076
0.0741789592375648
0.0819730340041717
0.0893060393184005
0.0976576750709651
0.107211211676254
0.117072407595175
0.125875242917158
0.132437042712376
0.136184678991105
0.137242569573549
0.1362474250953
0.134036390376996
0.131332506129576
0.128496170359822
0.125385017574904
0.121357389088824
0.11542585150015
0.106511951514647
0.0937091742378467
0.0764693134102521
0.0546930590940888
0.0287792493947885
-0.000304836237793958
-0.0309503240142938
-0.0609428937514468
-0.0877117856922599
-0.10874960895781
-0.121988896753737
-0.125905081832525
-0.119334422315948
-0.101293439840817
-0.0711605245666579
-0.0292934345199894
0.022250854066201
0.0793607061210811
0.136112473881464
0.185541830945185
0.220769252997216
0.236321420857369
0.2294181405948
0.200835190920245
0.154904365503759
0.0984263085297079
0.0387285772752416
-0.0184089510620791
-0.0700506065707247
-0.116054040201696
-0.157832374459319
-0.196728957475154
-0.232916281826227
-0.265283156801561
-0.292136628316996
-0.31215701679123
-0.325077106174743
-0.331851139946206
-0.334363800671676
-0.334860317415882
-0.33528718786638
-0.336709163635241
-0.338956728359037
-0.34063763312611
-0.33956687416346
-0.333517646040328
-0.321032868009251
-0.301970501429171
-0.277554986377783
-0.249935198654518
-0.221474620691744
-0.194083172288656
-0.168799730516616
-0.145637831335368
-0.123573182212469
-0.100597353405022
-0.0739539338463616
-0.0407972576503748
0.000682533203951147
0.0501312092437754
0.10473247529612
0.160239762248238
0.212822034247636
0.260409556517354
0.302587151687989
0.339386189523897
0.370247228516734
0.3940280814868
0.409749486301991
0.41710652044805
0.416228593693856
0.407124987233634
0.389647649595747
0.364239285995911
0.332832196416855
0.298977804583989
0.266903437554626
0.24007493858601
0.220166761382454
0.206924864315696
0.198758364921251
0.193571719736402
0.189448696736668
0.185049007376926
0.179733994391261
0.173476716701878
0.16661430589128
0.159503782227907
0.152144785178174
0.143845572943607
0.133044534697943
0.117430348858881
0.0944609724323355
0.0622084604509447
0.0202026809491466
-0.030188736584598
-0.0861242410253142
-0.144232179190605
-0.201605416025176
-0.256330535638579
-0.307386505968282
-0.35413053471598
-0.39574440050065
-0.430916546774792
-0.457825894127353
-0.474334370341687
-0.47828208040865
-0.467890926861697
-0.442351206874398
-0.402506355364401
-0.351244856025048
-0.2931400473549
-0.233293821432114
-0.175935982698788
-0.123522937061295
-0.0766845850601362
-0.0348073025509638
0.00319128726496207
0.0382028062167216
0.0704929682315313
0.0995397017589675
0.124191491991227
0.143115494551337
0.155369373562823
0.160852708027135
0.160443734775395
0.155784742933362
0.148858163699545
0.141579397006441
0.135556375826456
0.132001130232201
0.131684515910424
0.134875414729256
0.141309914497111
0.150263211625838
0.160724885622311
0.171593357760556
0.181797442312537
0.190330082237941
0.196263800696245
0.198819832809946
0.197479670251311
0.192055731997764
0.182669114344269
0.16968862559611
0.153737641997473
0.135793519604354
0.11726655984674
0.0999154451380753
0.0855903898860745
0.0759542846244265
0.0723239187067669
0.0755914709976375
0.086050646689138
0.103057819587566
0.124716411766727
0.147885648768401
0.168631951075618
0.182941056851506
0.187387553319964
0.17960173323041
0.158590103686735
0.125014237050311
0.081377431696723
0.0319023850100384
-0.0180880060299648
-0.0632362237681443
-0.0993361988803954
-0.124200657994581
-0.137900266074803
-0.14235409849978
-0.140514386372267
-0.135484685057225
-0.129845967111053
-0.125342942513302
-0.122965106685747
-0.123323404371365
-0.127071478328815
-0.135046289956651
-0.14792474632851
-0.165494686544371
-0.185932851103809
-0.20556190376993
-0.21937335879685
-0.222271948900884
-0.210673914668614
-0.183883456950631
-0.144666326372056
-0.0987030421488649
-0.0530751955917504
-0.0143848700414629
0.012734558127949
0.0261891535713825
0.0260384425432287
0.0135840773592654
-0.00944335692846346
-0.0411578271378845
-0.0792437124194177
-0.12052653189023
-0.160873773583857
-0.195644426501665
-0.220511222084883
-0.232270512504331
-0.229345683152171
-0.211932768801827
-0.181907604350796
-0.142609524894771
-0.0984959590269883
-0.0545742637199037
-0.0155844489887856
0.0148958894559699
0.0351008507412157
0.045205497468739
0.0468906841900136
0.0425531166523781
0.0345059351209119
0.0244713792899611
0.013465904864569
0.00193937755540722
-0.0100688541990967
-0.0228746526784155
-0.0371017867524879
-0.0534648873971871
-0.0723306295147114
-0.0932270649641953
-0.114597032401257
-0.134009458304455
-0.148795915619616
-0.156836206233644
-0.157143991606919
-0.150040123219083
-0.136933828685404
-0.119899438767237
-0.101253700419381
-0.0832357420240279
-0.067769479687089
-0.0562420360314553
-0.0492840692667006
-0.0466239873658333
-0.0471144687332116
-0.0489627908119347
-0.050098710569199
-0.0485796564587106
-0.0429756704033472
-0.0327067251209174
-0.0182588575234382
-0.00115061413402143
0.0164265467411858
0.0322089852559112
0.0444734102983283
0.0524210281286873
0.0562176049018934
0.0567394614552287
0.0551785620675517
0.0526607759217301
0.0499719202761142
0.0474339013922875
0.0449441650285364
0.042148797632538
0.0386518329706412
0.0341275704703991
0.0282629363333728
0.0205976559103809
0.0104480841238192
-0.00291624756164726
-0.0198464754982539
-0.0398563434072685
-0.0614333631459392
-0.0822886908781063
-0.0999586313463914
-0.112470101588668
-0.118752696061382
-0.118615794546317
-0.112343903790059
-0.100202005319909
-0.082238782413614
-0.058595493671861
-0.0301337631226402
0.00109610265330745
0.0319130430260518
0.0585281789791067
0.0771732048991968
0.0846105676619468
0.0786450264749621
0.0588103199586106
0.0270404424911493
-0.0122090383129185
-0.0527645163968644
-0.088244805304342
-0.113591936697079
-0.126006552742726
-0.125135424522461
-0.112741898013386
-0.0921308877030377
-0.0674450057007131
-0.0428756235370252
-0.0219122345254507
-0.00683043018090781
0.00144673470074152
0.00314759439227912
-0.000726536045513539
-0.00878091065526838
-0.0194953155311564
-0.0313385091403129
-0.0427361812307061
-0.0519362711252333
-0.0568646714401354
-0.0551318995137743
-0.0443723426637468
-0.0229620091163527
0.00912708442877198
0.0498034827285042
0.0950492974896064
0.139830455571024
0.179324128520046
0.209941799995849
0.229823856858124
0.238792634894466
0.237956681362743
0.229202964878963
0.214762468958614
0.196945355064218
0.178030258869017
0.160195364709434
0.145366496344743
0.134954054236314
0.129584276229965
0.128986870353333
0.132126775371674
0.137521459986714
0.1435919116173
0.148929516887029
0.1524679978411
0.153609808369808
0.152326905046668
0.149208659445918
0.145436481450923
0.142692652738973
0.142982758910443
0.148287958447705
0.159994261385402
0.178235940376645
0.201498916452312
0.226817215825224
0.250587977092626
0.269639627820536
0.282026753284835
0.28721929821993
0.285742501663299
0.278615208899886
0.266942277696358
0.251793130156636
0.234262297084198
0.215534860757095
0.196855090530413
0.179383566552557
0.163944949356232
0.150654714572913
0.138456814124536
0.124748984909587
0.105442321139925
0.075781391352143
0.0318685207947544
-0.0277266472064654
-0.101119990787331
-0.183463158828298
-0.268197155345498
-0.348509280661678
-0.418460533168748
-0.473657411450634
-0.511560046116588
-0.53148416403571
-0.534286842659748
-0.521782255386091
-0.496076488506375
-0.459110126833435
-0.412637578864298
-0.358624252531924
-0.299739973511806
-0.239511154246112
-0.181885442634928
-0.130318280457813
-0.0867606113426214
-0.0509928925892724
-0.0206439731063984
0.00800706674586207
0.0386912349871733
0.0738097805938182
0.113629556285968
0.156211170099384
0.197898645593424
0.234104279380739
0.260217376392711
0.272477490770458
0.268604110900406
0.248107080580643
0.212441955353123
0.165133690212469
0.111630375189249
0.0584831816562504
0.0118419203219404
-0.0241451500145609
-0.0482615445698617
-0.0621144872649783
-0.0692005111411622
-0.073683912663625
-0.079376097969757
-0.0891238724253457
-0.104539492821684
-0.125901113307419
-0.152130602346529
-0.180879610011825
-0.208780118861929
-0.231851871253688
-0.246032941962916
-0.24784242918187
-0.235158802639105
-0.207922753296945
-0.168419666992852
-0.120903489507037
-0.0706621930974771
-0.0229056451683715
0.0181284791319068
0.049637736433813
0.0702691479460999
0.0797954250898896
0.0786567504004803
0.0676263874305019
0.0477915006389174
0.0208177451158252
-0.0107774218459455
-0.0436724957642759
-0.0742413264340083
-0.0993337301880008
-0.116985842227586
-0.126754095862748
-0.129576236285384
-0.12728288854191
-0.121986120301191
-0.115532649387646
-0.109102351419871
-0.10295331571361
-0.0963054396019242
-0.0873922676533534
-0.0737462909782072
-0.0527754732677377
-0.0226077643962183
0.0169857387280778
0.0639630360444611
0.114083487708388
0.161823290642368
0.201832678901622
0.230328188586477
0.245874713634605
0.249361056022487
0.243345427482424
0.231140155723199
0.21598106028266
0.200475113257295
0.186361465429946
0.174527708424617
0.165187351639052
0.158097168731085
0.152659375490187
0.147777084749138
0.141502805028819
0.130803093011816
0.111903764700896
0.0814061131369856
0.0377634790409768
-0.0177139108889947
-0.0809603923036426
-0.146310600254699
-0.208060745333593
-0.261701763202181
-0.304420542561162
-0.33484400861354
-0.352253331545161
-0.355708474582611
-0.343694429969414
-0.314749032845797
-0.268878039787232
-0.208816264696568
-0.140114058480561
-0.0698359753420319
-0.0046463924936584
0.0506609816939856
0.0936630692391788
0.124005924321997
0.142759922043778
0.151778198549154
0.153208720319238
0.149206712989668
0.14184515663278
0.133158157650409
0.125190097579005
0.119923624736876
0.119042791081701
0.123599831158042
0.133716502706364
0.148435991389064
0.165780723589074
0.182999821383212
0.196921756457538
0.204297581957583
0.202086746881191
0.187781886281239
0.159923458984671
0.118756918830721
0.0666443958824135
0.00773955158228803
-0.0531776969897959
-0.112166749370321
-0.167032974354442
-0.217173045475486
-0.262623082980614
-0.303095577755462
-0.337660670030551
-0.365144805972841
-0.384817785033025
-0.396844258509441
-0.402211052623006
-0.402166551631307
-0.397477136243278
-0.387950754376196
-0.372595117251248
-0.350412968407223
-0.321379347392293
-0.286966946704826
-0.249869981444252
-0.213090565617939
-0.178872985396238
-0.147920594163568
-0.119095394941321
-0.0896567115380623
-0.0560777433801844
-0.0153755912899081
0.0334494867405187
0.0886415394579704
0.146269559722143
0.202032962514349
0.253131030899969
0.298833361334475
0.339458221067501
0.374869141995702
0.40390162444256
0.425057217695369
0.437542612964582
0.44155073818847
0.43761717990022
0.425892232942656
0.406252101810371
0.379306602818762
0.347425448418851
0.314785422477431
0.286193931695464
0.265365336625963
0.253713532509075
0.250411482329814
0.253697860517833
0.262563655472744
0.277553227263195
0.299956918298351
0.329943773289996
0.365058511031716
0.400071311903739
0.427960093965463
0.441233002525275
0.433289580901205
0.400021940918354
0.341464846335842
0.262580263673096
0.17237354946632
0.0815734701771694
-5.1098091220666e-06
-0.0653598937611459
-0.111082005724687
-0.137122555795438
-0.145710345676297
-0.139668633272551
-0.12078924866845
-0.0892608137028362
-0.0447310013776024
0.01158413012211
0.0752831851517933
0.138961217866551
0.194197094819017
0.234090929090439
0.25484741362809
0.255717552568653
0.237775775952282
0.202676868767722
0.152285606231859
0.0891627893342336
0.017106618698748
-0.0590354536324017
-0.134318222901458
-0.204722769647974
-0.267542672943955
-0.321030564471618
-0.363782245346242
-0.394395928950249
-0.411590783500386
-0.414623842131782
-0.403744065946551
-0.380483978556566
-0.347656722065585
-0.308984798878546
-0.26840798513841
-0.229291640703517
-0.193856126702893
-0.163059774607125
-0.136923185382627
-0.11505048397061
-0.0970482855644349
-0.0826808797329353
-0.0717931066215496
-0.0641356732219833
-0.0592179526534726
-0.0562613492757003
-0.0542809735836739
-0.0522762469143163
-0.049460771110673
-0.0454441944538556
-0.0403110858079715
-0.0345877897034394
-0.0291107830524997
-0.0248202726773998
-0.0225253126661522
-0.0227098296081837
-0.0254418919083579
-0.0304050092356452
-0.0370127314065422
-0.0445309771076133
-0.0521463196533347
-0.0589765201068124
-0.0640677636894321
-0.0664174355388214
-0.0650295255586415
-0.0590094009140058
-0.0477275155270903
-0.0310568524773657
-0.00959704196454129
0.0152684638145821
0.0415682776917306
0.0670953987882071
0.0896840703760829
0.107251682154019
0.1177074475177
0.119050457308401
0.109905873505184
0.0903677282272346
0.0626353236345575
0.0309131353002078
0.000453147443730995
-0.0238657257108553
-0.03879721793892
-0.0433745200616328
-0.0388659076154282
-0.0282573775673231
-0.0155583475025368
-0.00511938974809475
-0.000996891768286232
-0.00633372032489166
-0.0227795705831242
-0.0500587423007025
-0.085792148490078
-0.125583579198062
-0.163305144323258
-0.191598151544928
-0.202806655320743
-0.190585485545602
-0.151981971290518
-0.0890816811294985
-0.00905618182696858
0.0778310701838704
0.161411351115882
0.234316117624663
0.292880357802139
0.336176063273359
0.364277097042055
0.377104220285635
0.374485342541575
0.357069585748136
0.327190535176973
0.288920556979371
0.24714281485242
0.206086138946796
0.168081083778204
0.133137511796668
0.0994491139191462
0.0644738186106139
0.0260934470013429
-0.0165412108283403
-0.0627281325370945
-0.110592666346288
-0.157966267654921
-0.203286537719396
-0.245954401239342
-0.285939778388253
-0.323001193157265
-0.356169499883415
-0.383877029307834
-0.404553196178898
-0.417162175296581
-0.421290209819005
-0.416827388151292
-0.403624942858099
-0.381461482104854
-0.350303791990105
-0.310574389703447
-0.263216199862006
-0.209632210257805
-0.151684735424488
-0.0917385096162448
-0.0325321562557026
0.0232263030107548
0.0733420651192998
0.11637974735836
0.151561003777416
0.178481169200096
0.196893126657612
0.20667926073333
0.207977674403284
0.20136013219071
0.187950645150284
0.169392570568891
0.147643772762039
0.124690942449651
0.102328272707345
0.0820747973689216
0.0651706903882486
0.0525258148786675
0.0445551902415508
0.040959014787271
0.0405712116987123
0.0413738758815735
0.0407219265883977
0.0357851137532306
0.0241467175610342
0.00438712914076577
-0.0235680313039572
-0.0584667593433228
-0.0981116848304065
-0.140014135397312
-0.182141415261626
-0.223436042711047
-0.263771038477579
-0.303298358883562
-0.341566347156659
-0.376906066905855
-0.406296417141372
-0.425590682706522
-0.430003946630666
-0.414977727285391
-0.377492401319832
-0.31748641143771
-0.238694518060637
-0.148347525852622
-0.0557131112874625
0.0299950830834431
0.101577989944401
0.155060462982711
0.189895526368445
0.208284268721036
0.213973485329646
0.210972453882613
0.202572603301352
0.190899533063865
0.177026585906823
0.161481507490605
0.144834827959993
0.128046879500083
0.112417144202357
0.0992398619978
0.0894312296563619
0.0833424357631926
0.0807929835799277
0.0812262504326794
0.0838852882003076
0.0879678974173069
0.0927461007991972
0.097609944865212
0.101987447267175
0.105153288846756
0.106035914764906
0.103191646255111
0.0950868458318226
0.0806992796319199
0.0602424274257001
0.0356494696744703
0.0104955973653092
-0.0106884829248233
-0.0234654456637968
-0.0245697151527018
-0.0127725488566545
0.0106452431898222
0.0420063928910356
0.076047018187378
0.107244711412229
0.131165685705542
0.1452691404533
0.148888686039225
0.142557250782293
0.127186824601516
0.103658572110667
0.0730678292576734
0.0373753105875134
-9.59938643607621e-05
-0.0347505252908306
-0.0613978529848632
-0.0752010987610013
-0.0726113979946438
-0.0522001771393479
-0.0153179017531394
0.0336951169593713
0.0881150798632495
0.140332750463272
0.183767821223203
0.21435234706904
0.230864983683942
0.234000796218517
0.224808497277701
0.203548027258607
0.169757476496541
0.123456948049958
0.0665722049823226
0.00350246698708342
-0.0596190072161329
-0.116562278175168
-0.162666587164731
-0.195804691984648
-0.216396779064079
-0.226673389987537
-0.229599428230334
-0.227861962570433
-0.223205942420993
-0.216258733558732
-0.206831781130237
-0.194525035023718
-0.179340352035785
-0.162022125737726
-0.144004688197835
-0.127050792010251
-0.112775704377147
-0.102232409483392
-0.0956649573736954
-0.0924926090351849
-0.0915464038962545
-0.0914892617309743
-0.0912423863985371
-0.0902222250450641
-0.0883121436945406
-0.085664825899461
-0.0825165033614794
-0.0791324729550396
-0.0758570256029693
-0.0731376727084127
-0.071423134020988
-0.0709675018854183
-0.0716834066798711
-0.0731750759915892
-0.0749655299815259
-0.0768084995531779
-0.0789234782926687
-0.0820271276169845
-0.0871301050512488
-0.0951814436558127
-0.106718119022765
-0.121668850611339
-0.139368288056265
-0.158725497889399
-0.178440774957458
-0.197184591523135
-0.213668415537657
-0.226526815203658
-0.234001508583258
-0.233638638869688
-0.222392435041331
-0.197368199935753
-0.156937945260441
-0.10155564697668
-0.0337313753105602
0.0427409257861012
0.123620003685788
0.204490862302589
0.280561652882961
0.346727747360079
0.398476142339898
0.433279496160903
0.451389551369496
0.455205723443857
0.447515863181847
0.429897859769402
0.402515410225656
0.365427254148349
0.320298314692622
0.271102106246277
0.223223212671184
0.181528185031628
0.148553658789318
0.123707896463888
0.103711310280985
0.0839282571009117
0.0599857966015441
0.0291073932287363
-0.00918804258802003
-0.0530847949252947
-0.0990173752029563
-0.142538458039324
-0.179279190763573
-0.205782889686159
-0.220035715064805
-0.221640329353186
-0.211730346322057
-0.192778774600598
-0.168360670272696
-0.142789735506667
-0.120521632383203
-0.105357039677113
-0.0996617555722347
-0.103862996989545
-0.116330048007362
-0.133559005584001
-0.150556533381108
-0.161468223336088
-0.160602097634737
-0.143830368441457
-0.109962102486333
-0.0614121392590833
-0.00368249113458441
0.0562108610068121
0.111622288993414
0.157588016810662
0.191091338873406
0.210440489472041
0.214383801779327
0.20169699213495
0.171680263188151
0.125351674714012
0.066472198612976
0.0014727234010037
-0.061913726077392
-0.116546897954292
-0.157195226127665
-0.18072813769589
-0.185546202206638
-0.171064989373118
-0.137777051521559
-0.0877553418135611
-0.0250124221405209
0.0448244497559954
0.11561422841414
0.182114343567297
0.240951301732437
0.290656231860783
0.330950281161483
0.361988331112738
0.384130706823516
0.39813470368128
0.40513647308294
0.406018138814474
0.400555767738938
0.38725200842145
0.364300694639675
0.331100066669579
0.289217247938703
0.242185565502134
0.194356300876385
0.149441779502123
0.109320343270015
0.0734847139764858
0.0393283330869825
0.00319806638542404
-0.0381492483986906
-0.0861982568395839
-0.139903507063387
-0.195790154225696
-0.248950013844831
-0.294609656235787
-0.329659802152163
-0.35350053260636
-0.367837474641285
-0.375514104035499
-0.378867427596814
-0.378321305425106
-0.371926626979717
-0.356233328186283
-0.328211663930206
-0.287219197552627
-0.235807719370445
-0.178812944635689
-0.121281392108806
-0.0665021794386825
-0.0151986159720456
0.0339347727105702
0.082963016923623
0.133536171264762
0.186286201701888
0.240755255137544
0.295535860001529
0.348383395258198
0.396301117111562
0.43570684371001
0.46268738869482
0.473241251512137
0.463537077655888
0.430471262328354
0.372755165899907
0.292185635680823
0.194162224195152
0.0867266725835232
-0.0215372034819296
-0.123486033430221
-0.214184204735393
-0.290388231522009
-0.34956599865402
-0.389357025598532
-0.407848309995018
-0.404410805410833
-0.380482465885813
-0.33974382153308
-0.287545063076997
-0.229893437058311
-0.172448960205114
-0.1197837670174
-0.0749338044020815
-0.0392303536716836
-0.0124505071021323
0.00671839686045384
0.0200424575018955
0.0291514329143734
0.0351573896232112
0.0385314128717993
0.0392117505367796
0.0368809698000325
0.0313172321609569
0.022699151762552
0.0117650460362553
-0.000199400026917551
-0.0115081019000414
-0.0203297169679065
-0.0250827611367313
-0.0250017473889859
-0.0207694971702188
-0.0148985656574495
-0.0114503676150091
-0.0149015779605669
-0.0284905403179595
-0.0528675573726702
-0.085877290116599
-0.123671828997385
-0.1624845087765
-0.199949310726541
-0.235183613880743
-0.267704691502199
-0.296004658310356
-0.316794308916476
-0.325491963589528
-0.317775774477094
-0.291380739952316
-0.24717569989873
-0.188981623503302
-0.122312346773638
-0.052778725330543
0.0150340386595969
0.0778324057151447
0.13323751867584
0.179319307181454
0.214474990463764
0.237670989104412
0.24872350916824
0.248269226062536
0.237347362126642
0.216844774646316
0.187193807683452
0.148559894595858
0.101430234024332
0.0472563099096495
-0.0112190064442695
-0.0701299754163908
-0.125090038745126
-0.171993780832508
-0.207704326746553
-0.230323526072376
-0.238904054951864
-0.23278783620694
-0.211064460027014
-0.172642336564743
-0.117018456235339
-0.0453016312426245
0.0391843194353477
0.131150097320861
0.224375579591079
0.313047597780405
0.392806392344682
0.461110093971783
0.516896132369822
0.559822452337486
0.589462339525064
0.604756769584349
0.60392413539913
0.584889293169631
0.546064461370494
0.487102658350777
0.409277137672264
0.315454031527286
0.209943754885086
0.0985049912715962
-0.0115893965185446
-0.111849172385147
-0.193539853013101
-0.249152828489838
-0.273830586399498
-0.266308809397047
-0.229271242915597
-0.169146273072
-0.0952638917643449
-0.0182815142948871
0.0519073107738731
0.108160476586309
0.147230490403303
0.169620303683983
0.178224383741736
0.176311138885135
0.165724195269266
0.146194606487845
0.116170226096007
0.0746776724837667
0.0230247330154883
-0.0347602279013031
-0.0930054627806698
-0.146307497184417
-0.191215015622515
-0.22689568615741
-0.254584951170526
-0.276153683543521
-0.292453608079335
-0.302183275498349
-0.301846459115791
-0.286942785036268
-0.253972290861072
-0.20243375861084
-0.135962984919289
-0.0620726857264753
0.00952692159905983
0.0694802485888679
0.111257670934012
0.132604560597911
0.135518771832099
0.12499208405104
0.107206194944792
0.0878937551673735
0.0712861352418695
0.0597480879010126
0.0540058397705289
0.0537656980553565
0.058412424999503
0.0674438529884516
0.0804866574074486
0.097073943462899
0.116516497517404
0.137985519170931
0.16063610745756
0.183648387672246
0.206348101693117
0.228563128635163
0.250934326525072
0.27460912333694
0.30014229798631
0.326208861681532
0.34909988723259
0.363553755166864
0.364601423023234
0.349398133988199
0.317992782412789
0.272728950540967
0.216904327049988
0.153637134559357
0.0854151831195781
0.0141321118163185
-0.058807818259021
-0.132449418656885
-0.2060821051863
-0.278645242717553
-0.347923058462087
-0.410089857041377
-0.460060050487512
-0.492572118615859
-0.503517382781928
-0.491019149149341
-0.455974407679754
-0.401938619056128
-0.334405062237838
-0.259762251976155
-0.184331744291697
-0.113739000993862
-0.0525922912672203
-0.0043043962559157
0.0290402577727063
0.0467441931960143
0.0494286375428645
0.0388747762580959
0.0178747335616173
-0.00989352783137388
-0.0401180357032774
-0.0684034798321168
-0.0910806528436206
-0.10597817836025
-0.112812309795201
-0.113042111012367
-0.109290867182586
-0.104588952078156
-0.10171233902905
-0.102803298091743
-0.109305447930843
-0.122084651302327
-0.141519599531754
-0.167393881448999
-0.198606187756842
-0.232935735161446
-0.267172594425701
-0.297730558280028
-0.321513313400341
-0.336583697931632
-0.342288416361982
-0.33885691853293
-0.326857976518606
-0.306975943466625
-0.280268128893273
-0.248608788463422
-0.214811694598498
-0.182151745413321
-0.153465754669936
-0.130307008829989
-0.112572435163798
-0.0987476422574303
-0.0866452239381326
-0.0743477367583718
-0.0610125327911157
-0.0472615377653135
-0.0350719527921294
-0.0273141389447026
-0.0271759350508583
-0.0375857206958763
-0.0605525789953303
-0.096344913521979
-0.142693431422309
-0.194469009122426
-0.24422519545505
-0.28359820168067
-0.305152490744239
-0.304131788114623
-0.279673082712932
-0.235161304459956
-0.1775289963688
-0.115582346211196
-0.0578426794976629
-0.0106546453117265
0.0228136474018766
0.0425010163789335
0.0506021563837541
0.0504457693078809
0.0455428419886495
0.0390054969467987
0.0332944127514231
0.0301307881648501
0.0304296874475681
0.0342006901433315
0.0404304342726244
0.0470011007255332
0.0507601524680996
0.0479290436329918
0.0349983256387379
0.00999618932963869
-0.0263554094464694
-0.0702338563915468
-0.115367295226409
-0.154429783427264
-0.180495355392067
-0.188087738256164
-0.173879174346315
-0.137304011018803
-0.0810709381209209
-0.0111821612752859
0.0639330706997129
0.135143415058617
0.194659743235198
0.237618354386312
0.262610854970944
0.27108036567591
0.266040536541542
0.250827931024186
0.228446245941398
0.201623674388206
0.173254887625419
0.146702399633634
0.125604667236767
0.113263951077182
0.112046332479742
0.123190480634789
0.146968187931414
0.182704020491019
0.228267492967737
0.279262914751017
0.328629977166431
0.367277383245595
0.38588310734705
0.377461147319267
0.339822725084066
0.276813454011223
0.19756368193371
0.113977086870051
0.037645530020619
-0.0224391144401031
-0.0606931222874373
-0.0745454568349065
-0.063637581895509
-0.0292532359416704
0.025872643267893
0.097486840562635
0.179624839161584
0.264557835146609
0.343386107499204
0.407559397626306
0.45078910485914
0.470248300578828
0.466390353259548
0.44175646712172
0.399745134254779
0.344051145781241
0.278793913283941
0.208844683398779
0.139773750396542
0.0771344318008864
0.0252968713949243
-0.0135672581920049
-0.039744429391023
-0.0552762719135508
-0.0626399695662111
-0.0635381948230092
-0.0584800031006628
-0.0473311470891377
-0.0303550801336785
-0.00895376163322812
0.0143956376459728
0.0368936653602457
0.0563209052547241
0.0715846100638265
0.0827368882226397
0.0905959169262629
0.0962136673117253
0.100393835419445
0.103362690102516
0.104590204276878
0.102715299680979
0.0956105539910585
0.0807569584091522
0.0560637741535028
0.0209463411693745
-0.0228909811948794
-0.0715164793983396
-0.119761591260753
-0.1626714529652
-0.1967461354041
-0.22052899826264
-0.234487788062639
-0.240416442699837
-0.240677083627564
-0.237545538066687
-0.23278092187488
-0.227381709525995
-0.221422613329188
-0.213957437114303
-0.203139510950209
-0.186743823610428
-0.163055485052842
-0.131766388351732
-0.094395079500116
-0.0539582071080367
-0.0140244278862522
0.0224106933202062
0.053747348412388
0.0800103843848421
0.102469893007645
0.12287063041101
0.142611906485832
0.162214476492019
0.181267021743653
0.198804586563546
0.213860123140325
0.225882325428989
0.234845727110752
0.241066708968943
0.244833950687615
0.24595025008264
0.243301609902644
0.234711769724227
0.217438249305418
0.189414082619656
0.15074692382122
0.104557898388361
0.0564850020245155
0.0129879896641028
-0.0206769018096834
-0.0418359762012392
-0.0506465367219578
-0.0493828210952882
-0.0413166560000918
-0.0297400734235773
-0.0174136177080594
-0.0064529727569415
0.0014793698024308
0.00487655242936751
0.00223776371942621
-0.00770455681474553
-0.0253712140329087
-0.0496614821541912
-0.0777032106258638
-0.105300960363532
-0.12790972329856
-0.141655619146171
-0.143997051473733
-0.133945064226467
-0.111999000263216
-0.0799261186090968
-0.0403841570997864
0.00359938374779447
0.049130123525255
0.0937185862291384
0.13525741180487
0.171843863066493
0.201651777781261
0.222957946470669
0.234284968887484
0.234563638112583
0.223278838176654
0.200648355843045
0.167851888759978
0.127181812854414
0.0819140525251079
0.035827463509006
-0.00747500992518508
-0.0451775295625383
-0.075593688884926
-0.0981830748931615
-0.113298596088531
-0.121774215163155
-0.124484816943902
-0.12202571462292
-0.114648086890918
-0.102500802414943
-0.0860696041456183
-0.0665666688147319
-0.0460258619085866
-0.0270198898747349
-0.01212702157936
-0.00340252278211586
-0.00209072663531928
-0.00866636441000814
-0.0230898879842706
-0.0450166781147189
-0.0737371765755906
-0.107865318717538
-0.145073686040213
-0.182243153404693
-0.21614704637348
-0.244400916158552
-0.266188702496974
-0.282379995651275
-0.294969909114172
-0.306078023882422
-0.316899492456455
-0.327004721734423
-0.334278804021152
-0.335599981710639
-0.328078192102629
-0.310361230654319
-0.283344057165215
-0.249818317114126
-0.213200760388187
-0.176111630779997
-0.139696586664169
-0.104023533928665
-0.0690874609661505
-0.0355946251373194
-0.00501381439194583
0.0209947754533279
0.0412781565181896
0.0555870723685448
0.0645633850613351
0.0694848183433461
0.0720006244487356
0.0739814021809403
0.0774411871457943
0.0844056668913937
0.0966748348228043
0.115586301611102
0.141911251993055
0.175799619419759
0.216468236112546
0.26148722072715
0.306094759441445
0.343408852576225
0.366069133306148
0.368775781118602
0.350280823967105
0.313561772376953
0.2641394126692
0.207734208685421
0.148659081822543
0.0895282662692713
0.0319116006768829
-0.0227705528243836
-0.0725698774639513
-0.114690436768272
-0.145595326693172
-0.161657415602045
-0.160347561581901
-0.141587076865587
-0.108563959683376
-0.0673980433904522
-0.025601888586294
0.0100467946072708
0.0353041653644518
0.0492358351546391
0.0537917381238993
0.052491698841298
0.048814025601978
0.0449151296216255
0.0411188000289742
0.0362732181068832
0.028721148331817
0.0174096454253659
0.00265588888481171
-0.013730815210364
-0.0289824621906311
-0.0403052454112002
-0.0458209718959599
-0.045166350426123
-0.0395702714340755
-0.0314365185615588
-0.0236261476140511
-0.0187303351991233
-0.0186340988127115
-0.0245515144669924
-0.0374444166910405
-0.0584343601348229
-0.0887366332630331
-0.128961783845722
-0.178177523270158
-0.233437522457995
-0.290229420268022
-0.343641140420172
-0.389527535614316
-0.424981455908572
-0.447933783679491
-0.456343217821838
-0.447745805183545
-0.419671931934719
-0.370764499485479
-0.301885707688759
-0.216552075412008
-0.120577659578767
-0.0212532202558264
0.0736132785241069
0.156694136407449
0.222142983709435
0.266457269452622
0.28900389147084
0.292069489303814
0.280371409545935
0.260042447426531
0.237250481208674
0.216782260061726
0.200964956986353
0.189194780701041
0.178207127568043
0.163117622905495
0.139095171622995
0.103220917164352
0.0557911194224983
0.000364737775563503
-0.0575867099917312
-0.11276640472952
-0.161756439914923
-0.203499146412346
-0.238534567589849
-0.267697712772447
-0.291124634875807
-0.308026382797177
-0.31717020342243
-0.317691549065332
-0.309803031372465
-0.295074323255481
-0.276162288985341
-0.256123063701591
-0.237628172205808
-0.222407886160504
-0.211042331635133
-0.202969681178065
-0.196504487647724
-0.188844546303772
-0.176310362353658
-0.155090838683995
-0.122448660398528
-0.0779243877956045
-0.0239409824100624
0.0345413858795722
0.0912411653224469
0.140207990984375
0.177321031767998
0.20111188749686
0.212675316825564
0.214825275066308
0.210948344039102
0.20403393154171
0.196152785915641
0.188402457756598
0.181186415655747
0.174639741034702
0.169004233375967
0.164794511133796
0.162705208004049
0.163335670300724
0.166868959118856
0.172825764738909
0.179976074436717
0.186458525136802
0.19010657971232
0.188906955042835
0.181460563499952
0.167315798683679
0.147082978311243
0.12228177360763
0.0949275310912403
0.0669617960118348
0.0397486025023252
0.0138832169173286
-0.0105742305847246
-0.0335503304618589
-0.0543691997251137
-0.0714182598271932
-0.082266520785155
-0.0842697530320815
-0.0754978216311259
-0.0556288998017244
-0.0263881811467051
0.00872647037211716
0.0453438627971386
0.079345462173573
0.107743488858737
0.129019450967342
0.142934857941127
0.150059500083342
0.151303043257472
0.147599689572177
0.139719495203205
0.128109977259238
0.112752231663354
0.093152766555375
0.0686227567468116
0.038840410042535
0.00446597078181448
-0.0324859281136411
-0.068629637211859
-0.0994450335286073
-0.11969808852708
-0.124196057762327
-0.109024556734542
-0.072984591533614
-0.0184823967429233
0.0487934422352606
0.121383949602746
0.192008874741578
0.255021364339547
0.306847091929271
0.345478687467995
0.369525620451964
0.37750948651986
0.36798143991751
0.340521679411667
0.296989490108699
0.242102520887689
0.182826882591775
0.126789578100624
0.0804139725833736
0.0475191763704276
0.0288470701269378
0.0225703679154439
0.0254472010732163
0.0340812576215559
0.0458095318871694
0.0590020558964296
0.0728471855428641
0.086873632547277
0.100488979027542
0.11272925498322
0.122276640590657
0.127680074557996
0.127662922260886
0.121429856735972
0.108932908172593
0.0910559409875116
0.0696321142945138
0.0471985181454624
0.0264755310287446
0.00970169691809234
-0.00193955737534669
-0.00857302483893343
-0.0114609664770895
-0.0124803782472536
-0.0134473647048189
-0.0154976356964811
-0.0186487633299212
-0.0215979362908179
-0.0218265386795856
-0.0161333012122493
-0.00163914574252937
0.0229723489769415
0.0565090509236356
0.0951430102353864
0.133231480506113
0.164723691629223
0.184585294191103
0.189839607570339
0.180107647922288
0.157649415707758
0.126869555655593
0.0932767723947012
0.0620988964020279
0.0369915769246965
0.0192906225159633
0.00801338929140675
0.000506337790599114
-0.00655847104939157
-0.0161885596206146
-0.0303732595410753
-0.0498233367050027
-0.0740837710463173
-0.101830582805044
-0.131202913220619
-0.160150280214755
-0.186831915297052
-0.210030615677336
-0.229433757114012
-0.245620894532102
-0.259715463089148
-0.272831293799856
-0.285561907569762
-0.297750190855797
-0.308639711329484
-0.317318976353275
-0.323232265090813
-0.326522076957268
-0.328083369697383
-0.329360502372575
-0.332002300742595
-0.337483825422825
-0.346767731012406
-0.360068393145416
-0.376772148717543
-0.395510765922305
-0.414314736666183
-0.430769918499191
-0.442178997366887
-0.445807875472593
-0.439296731518599
-0.421224699274429
-0.391677268038597
-0.352555355305139
-0.307388168296526
-0.260612969472367
-0.216558464856043
-0.178517262441072
-0.148208333316748
-0.125693552216705
-0.109604325724647
-0.0974771946097156
-0.0860888841728968
-0.0718292297011062
-0.0512232833234747
-0.0216155329168349
0.0181814533744235
0.0675663492392476
0.124269333074028
0.184738138551408
0.244550430583111
0.298820599663175
0.342731735685183
0.372224942789922
0.384693152796272
0.379490570044973
0.358125763118869
0.324010462184528
0.281674717831631
0.235598715617345
0.189137387212859
0.144077416535591
0.101007379309633
0.0601596327427545
0.0221269780531732
-0.0119547383587073
-0.0407456392370365
-0.063243627614631
-0.0791832830815938
-0.089112209598095
-0.0941563153440923
-0.0956064293490827
-0.0944941449650782
-0.0912925808612757
-0.0858173998811759
-0.0773589121307595
-0.0650451314348875
-0.0483675227787478
-0.0276839247716131
-0.00443624482389162
0.0191017009450512
0.0405022512463959
0.0580154135125256
0.0712139116594425
0.0812218867718911
0.0904617935109441
0.101968198496693
0.118406465976866
0.141067754718793
0.169234410145674
0.200250929190135
0.230326066238626
0.255708426787296
0.273695412070995
0.283059759910924
0.283794956171303
0.276415786900092
0.261264506932878
0.238244328755155
0.2070993637756
0.167981654316162
0.121903844651669
0.0708555814832244
0.0176223824074943
-0.0345642083991765
-0.0824708590970014
-0.123333149569569
-0.155188750874434
-0.176875567804619
-0.187683788494007
-0.186957560931066
-0.174053782637177
-0.148794563840465
-0.112108805943646
-0.0663791788867772
-0.0152651787189194
0.0368163142696986
0.0851954185723836
0.125242072786516
0.152549765241949
0.163289322105049
0.15490639340023
0.126971215230064
0.081646180631188
0.0233074221902449
-0.0425940796362445
-0.110786666137847
-0.176886260212184
-0.237432093671126
-0.289660705350671
-0.331485816277548
-0.361767529889538
-0.380534408990426
-0.388721930971272
-0.387305934601712
-0.376249626146136
-0.354021732410761
-0.318201859910622
-0.266967397377354
-0.200650191237838
-0.122551913293418
-0.0387011857427162
0.0432573912155431
0.115605841006093
0.172032878916545
0.208592462610818
0.223882037467954
0.218576333258156
0.194797593104494
0.155763904559199
0.105734848809774
0.049885539010608
-0.00622425411011353
-0.0575312122625171
-0.100319316595772
-0.132674241017217
-0.154434803306327
-0.16677650669024
-0.171644151947384
-0.171208391103458
-0.167444780795684
-0.161872341852652
-0.155442052917953
-0.148518192374732
-0.1408604484893
-0.131555707112046
-0.119003734233721
-0.101213779274276
-0.0765813775156254
-0.0449189818855569
-0.00812810186947661
0.0300367443864214
0.0651087536991083
0.0933630422781886
0.112851277553158
0.123633661321717
0.127324134261009
0.126354635221538
0.123335641090812
0.120669113280636
0.120358965872601
0.123905190352835
0.132270061563276
0.146016287302772
0.165618346633848
0.191642311603555
0.224372736956964
0.262905964221299
0.304392100833237
0.344150488273407
0.376610434334855
0.396358213889891
0.398843524582375
0.381042704657226
0.342458440298083
0.286103960271747
0.218595716640184
0.148897530104734
0.086167412819253
0.0376637156021141
0.00748467985244278
-0.00361397515530848
0.00243764120268219
0.0220284752389036
0.0507635104666061
0.0840603381663012
0.117541261432536
0.147410716013776
0.170876348005501
0.186488006180633
0.194214769845997
0.19518286073055
0.191148653006359
0.183871876953226
0.174562699994986
0.163543454908894
0.15021969054007
0.133384840960339
0.111777899387044
0.0847049381054456
0.052484873012712
0.0165371530302435
-0.0209117115978776
-0.0573466569429564
-0.0904707360640541
-0.118533969539079
-0.140465508918652
-0.155882886230209
-0.165042363017926
-0.168745794670741
-0.168202341944549
-0.164856643453023
-0.160204378802844
-0.155614210311051
-0.152173315508907
-0.150570383961578
-0.151016457719675
-0.153185477754696
-0.156151083087006
-0.158325239064425
-0.157474351546967
-0.150955948370301
-0.136286764522928
-0.111964484294105
-0.0782175429694894
-0.0372660044043368
0.00712362113246353
0.0506212867779446
0.089390690105229
0.120759717258017
0.143311507768986
0.156527561321691
0.160297642287179
0.154599653981653
0.139499067299028
0.115402315993295
0.0833274981556166
0.0449554289403396
0.002421347941085
-0.0419688600856331
-0.0858895342936017
-0.126993851829895
-0.162922018693045
-0.191465035568023
-0.210866154159364
-0.220115492317574
-0.219101966977713
-0.208582195773389
-0.190015595887386
-0.16534653741351
-0.13678513484462
-0.106585732232214
-0.0768066148231468
-0.0490832066941293
-0.024511034171119
-0.00372928914712083
0.0128079308596145
0.0245169465537312
0.0305132063535899
0.029674029122398
0.0208704135618038
0.00322636620659562
-0.0236779247338516
-0.0596308230290894
-0.103574893868154
-0.153372092599957
-0.205705481436554
-0.256322602422305
-0.300687022644181
-0.334838425169756
-0.356076745289328
-0.36317603239482
-0.356171393037578
-0.336066156498008
-0.304776998646898
-0.265269735499837
-0.221487278559121
-0.177714165007547
-0.137473119045126
-0.102509558429432
-0.0724566872088623
-0.0453427839324011
-0.0185853079695728
0.0100643085680302
0.0419499329565393
0.0773442671395074
0.115613127097665
0.15564688806669
0.196379245311642
0.237026337085584
0.276790589946174
0.314285042608703
0.347334915136166
0.373542313068556
0.391238768850403
0.400016327045391
0.400435625244269
0.39334824499213
0.379627961540083
0.360580120844162
0.338478468672188
0.316478349418632
0.29775555834623
0.284427324330767
0.276942007109206
0.274204159032805
0.274225223113642
0.274897450376658
0.27456726042905
0.272277056730992
0.267723883854783
0.261064679127614
0.252651748728029
0.242691898633413
0.230849694992876
0.216000385103871
0.196452020866738
0.170714395175196
0.138393826867875
0.100552119384852
0.0592277411101833
0.016477392920109
-0.0263685554308833
-0.068792894480882
-0.11060731558864
-0.151331189214262
-0.189829664636387
-0.224304552546792
-0.252440740712577
-0.271478570140906
-0.278241750737828
-0.269435265293458
-0.242487672531615
-0.196802721774745
-0.134847398180093
-0.0624071061917842
0.0123327844114081
0.0806438492474354
0.135299682475735
0.171940787485855
0.189309786687611
0.188590320144573
0.172504424553669
0.144684922865461
0.109350713466198
0.0709617420850388
0.0336068839579193
0.00024085124480729
-0.0278402307084455
-0.0509527830112727
-0.0703995934720309
-0.0875803004845715
-0.103266397595553
-0.117328688393639
-0.12894312102582
-0.137085988502951
-0.141058309197288
-0.140844197147401
-0.137231500420164
-0.131717446571103
-0.1262498006621
-0.122847752214359
-0.123160224288285
-0.128057747531758
-0.137374840659401
-0.149894200800638
-0.163597873218895
-0.17611395919247
-0.185186076078871
-0.188970110439553
-0.186096544520162
-0.175650733047927
-0.157297754046153
-0.131597128682987
-0.100285143285818
-0.0662330716383264
-0.0329925919795055
-0.00411231335886505
0.0174853652441647
0.0298844455384274
0.0323153184120239
0.0251665132815315
0.00995103728839099
-0.0108034487493179
-0.0338464067014157
-0.0557296115010222
-0.0734631120380083
-0.0850740507888988
-0.0898514186822636
-0.0882029646904119
-0.0812340647776173
-0.0702846780643728
-0.0566706615290841
-0.0417555600294054
-0.0272720696395142
-0.0156215083012537
-0.00982123908396265
-0.0129129636400688
-0.0269633450501713
-0.0521212469406228
-0.0862852937983427
-0.125634915159522
-0.165764035565734
-0.202828523976035
-0.234214232472051
-0.258605004691934
-0.275647865691938
-0.285495130984012
-0.288405619454078
-0.284456087516693
-0.273354274021072
-0.254373583446574
-0.226479196512173
-0.188698447100049
-0.140685543651284
-0.0833034239128105
-0.0189722371832949
0.0484286832098962
0.114151569897859
0.173478704144716
0.222596079829871
0.25915141432803
0.282391353019478
0.292960829822185
0.292527347704975
0.283349430030166
0.267823656781304
0.248028699281704
0.225350603350961
0.200314561390809
0.172685127449377
0.141785388907307
0.106930939087794
0.0678900386313207
0.0252878860475591
-0.0191760509867207
-0.0628597367733493
-0.102719562827148
-0.13609635969989
-0.161397435815441
-0.178329539487379
-0.187534422477438
-0.18977907767436
-0.185144929703591
-0.172775413823892
-0.151494967985843
-0.121041908660909
-0.0831527442202806
-0.0417445269944046
-0.00200692232838922
0.0311034764533578
0.0541844441037958
0.0659817323342262
0.0672088965152868
0.05992350747725
0.0468534237567147
0.030890318100781
0.0147607810942874
0.000804288674744722
-0.00916901594538885
-0.0139124346096334
-0.0126651529022549
-0.00504343983423294
0.00897604807752426
0.028920730380204
0.0536023886711543
0.0809708663370706
0.108181947066584
0.131916882432267
0.148882746115211
0.156382140679972
0.152866476006412
0.138403174425751
0.114937258273619
0.0861748216086982
0.0569908861463527
0.032480738596757
0.0169596674578699
0.0131992495770064
0.0220128758327364
0.0421734616679814
0.0706623427584877
0.103285321844269
0.135590431310132
0.163828973312093
0.185623786009425
0.200150857541533
0.207887065829633
0.210143048111697
0.208611598760754
0.205067241105293
0.201231113939196
0.198721265838753
0.198978206072305
0.20310601662862
0.211660550941167
0.224465168012137
0.240514172406156
0.258000074477921
0.274514734997139
0.287457665471275
0.29456243049459
0.294294554663269
0.285868014631137
0.268868407485784
0.24279953721011
0.206974813668298
0.16092282138446
0.105087258107964
0.0414077923015516
-0.0265368701162893
-0.0939261561065433
-0.15556104588511
-0.206990212379217
-0.245578442291225
-0.271148925697511
-0.285940082207863
-0.293864826916004
-0.299314815692709
-0.305892278849433
-0.315440494162556
-0.327610794801822
-0.34001896677217
-0.348895854422457
-0.350071341365305
-0.340099818408635
-0.317270699047179
-0.282189532303411
-0.237691954394001
-0.188103171576921
-0.138141974102895
-0.091904544547841
-0.052280540080548
-0.0209162221423797
0.00143069144422853
0.0144704136587883
0.0181960512883876
0.0130297579062511
0.000147048431988979
-0.0183057520650272
-0.0393353712998162
-0.0596132470645016
-0.0762025445886812
-0.0871962612575307
-0.091996424561387
-0.091150243155946
-0.0858824918632455
-0.0775872987032233
-0.0675077411134007
-0.0566886445903131
-0.0461377924564839
-0.0370452765694944
-0.0309019322421441
-0.0294042505349847
-0.0341223743032033
-0.0460356374323287
-0.0651542391008461
-0.0904344577236906
-0.120013868513249
-0.151585782661215
-0.182707442981554
-0.210997267739013
-0.234288911866336
-0.250719686212471
-0.258611961243042
-0.256148060729209
-0.241192572038487
-0.211735347456253
-0.167002563073682
-0.108614649158841
-0.0409244798487722
0.0298545221244568
0.0973185118158144
0.156464870433723
0.204503304794919
0.240759849167086
0.266047961599503
0.281992385776969
0.290550510760607
0.293676486883627
0.29298146394792
0.289372114331205
0.282811986628611
0.272388253116938
0.256756222114126
0.234820239156439
0.206294712651204
0.171779839429763
0.132329091696649
0.0889608057760984
0.0426693878327179
-0.00499276674999015
-0.0513243243053291
-0.0925537990417325
-0.124731773941182
-0.144924748547111
-0.152020161396448
-0.146824299127065
-0.131637568298946
-0.109694102798445
-0.0846958058087306
-0.0604239770609629
-0.040335092777367
-0.0271432817719637
-0.0224754501625164
-0.0266399565421166
-0.038458078943988
-0.0551213629644769
-0.0721796508469039
-0.0839002856034296
-0.0842178285014449
-0.0682563998069326
-0.034016111950788
0.0165075195195951
0.0774367716720724
0.140455418808897
0.196964798264561
0.240034995447178
0.265533335698373
0.272346724429577
0.26195780035259
0.237711425864648
0.204048344259306
0.165852452589564
0.127896407669193
0.0942944880333195
0.0679571157039854
0.0501888080694887
0.040611061228682
0.0374773739869824
0.0382788248549463
0.0404300022183463
0.04181802197709
0.0410769642916611
0.0375741258193834
0.0312012547094105
0.0221100725303495
0.0105241487363977
-0.00328674877785227
-0.0188812849538225
-0.0355048059996549
-0.0521070223752163
-0.0675801597067668
-0.0810941425686204
-0.0923252918089836
-0.101465956028811
-0.109057397697896
-0.115761067732558
-0.122147526118727
-0.128528887690956
-0.134862225886519
-0.140774384887476
-0.145728984018141
-0.149272803515248
-0.151238827800717
-0.151806426339582
-0.151403750084324
-0.15051845335455
-0.149516603034566
-0.148545275977994
-0.147518814094527
-0.146101069314258
-0.143580419694785
-0.138658980783113
-0.129384548922716
-0.113538463524026
-0.0895666706967053
-0.0576818365543733
-0.0204564778588473
0.0175717859918994
0.0511421183613266
0.075695512401699
0.0883230644116616
0.088037547173754
0.0756285286658288
0.0534478953409983
0.0252173880352288
-0.0043069107782185
-0.0299667816605248
-0.0470592468284915
-0.0521574508493756
-0.0436225717548897
-0.0216582347245044
0.0120713989681163
0.0550730257104668
0.104618295129876
0.158052316320925
0.212751013821566
0.265907737789064
0.314485790056726
0.355544517453013
0.386707524316389
0.406199149636619
0.41218905016155
0.402059219710277
0.372677780081003
0.322051981253228
0.251377182141354
0.165898814874961
0.0738078911399936
-0.016210178444828
-0.0974030789292634
-0.166269462988333
-0.222464672063139
-0.267654502571183
-0.304007109114502
-0.333015791670841
-0.355034180781696
-0.369430855135619
-0.374982168654619
-0.37024153244373
-0.353930962469432
-0.32546953345532
-0.285503947294199
-0.236116193479188
-0.180559550568389
-0.122721966639695
-0.0666200636940822
-0.0160314089946328
0.0257899444874748
0.0563090779099245
0.0737453466951488
0.0770307516808194
0.0659634449060359
0.0416820542356806
0.00713700469184424
-0.0330259300865966
-0.0734553854611784
-0.109594247190342
-0.13890034988143
-0.161149173154891
-0.177752321447867
-0.190557494755634
-0.200727554719866
-0.208050907109729
-0.21074582023734
-0.20575011422811
-0.189529877787976
-0.159307441429199
-0.114290644233683
-0.0563315517029352
0.010310597095663
0.079987984173001
0.147062478586201
0.207206673455383
0.258159690419546
0.299656587914406
0.332612586585291
0.358003214446016
0.375959455620583
0.385404905051158
0.384320639527489
0.37051524424903
0.34257441534327
0.300581785077422
0.246379055262834
0.183422929886147
0.116395557784377
0.0506035075604972
-0.00886313938712297
-0.0580767891361508
-0.0949811233214693
-0.119542367888533
-0.133293607536527
-0.138521535273159
-0.137473140125649
-0.131885268362929
-0.122942804813412
-0.111561272940374
-0.0987701511526914
-0.0859922306714628
-0.0751196517025995
-0.0683694557095363
-0.067913272331384
-0.0752934009975526
-0.0907597882613838
-0.112834868603133
-0.138424633490773
-0.163524615019848
-0.184197506129673
-0.197355445326454
-0.201088660841783
-0.194630715763132
-0.178230151971354
-0.153106093889828
-0.12144986236849
-0.0863066008263638
-0.0512177855294396
-0.0196605439201876
0.0055469673506498
0.0226817027383602
0.0312860517005766
0.0320843839145602
0.0267294623321737
0.0174596757161816
0.00671134887499839
-0.00328276659983245
-0.0108521959639507
-0.0151210674408339
-0.0160467142329957
-0.0142607625060216
-0.0107827402098181
-0.00672016713178014
-0.00306613335823509
-0.000653062714851031
-0.00022612272412218
-0.00250481156398561
-0.0080925086920936
-0.0172181135736111
-0.0294651135597691
-0.0436939406093287
-0.0582299277198576
-0.0712014079158318
-0.0808497522699947
-0.0857266261169709
-0.0848204034100889
-0.0776905058929436
-0.0646186623741045
-0.0466822515999079
-0.0256148270501404
-0.00340237396623287
0.0182637232346321
0.0384214386578566
0.0569296012558494
0.0741707837617753
0.0905417771204783
0.106017638450225
0.120011266009327
0.131564285525292
0.139716888357717
0.143826243159558
0.143669767640778
0.139318994805722
0.130899457780919
0.118400926023672
0.101672983577821
0.080654183682999
0.0557545392814986
0.0281897936988453
4.55749725865329e-05
-0.0260149072599805
-0.047268003537493
-0.061406252008489
-0.0667763198968368
-0.0624020816467244
-0.0480049437507111
-0.0242063478402845
0.00714579696728603
0.0428278929818196
0.0785662192171537
0.109857428861201
0.13297416609755
0.145711899602869
0.147565511525304
0.139317875367181
0.122310471074283
0.0978020748304534
0.0667340112736389
0.0299589996714403
-0.011288350114811
-0.0550330748523953
-0.0985825190637828
-0.138962028134337
-0.173561229439283
-0.200698087986697
-0.219883813285193
-0.231720429648238
-0.237485374958691
-0.238531684624394
-0.235685136977271
-0.228852842777639
-0.217026276017945
-0.198731116853137
-0.172788286622755
-0.13910586848238
-0.0991913274208618
-0.0561567532667115
-0.014155274000333
0.0226016494091775
0.0509112850046029
0.0693425162720542
0.0784330926487956
0.0803010099437845
0.0778746478940315
0.0740549593563523
0.0710884553316437
0.070294869887239
0.0721447920114778
0.0765894556880048
0.0835078669037688
0.0931158780704452
0.106172490675624
0.123867590006158
0.147413570855994
0.177530070201206
0.214073029689812
0.255942634858106
0.301205841905755
0.347280004311048
0.391114927954734
0.429439194454379
0.459124422520542
0.477582760288697
0.483035977050235
0.474595256705793
0.452258675610288
0.416964726113232
0.370696928105697
0.316493919032115
0.258240786295927
0.200243307124803
0.146659084213702
0.100858837566231
0.0648249293304908
0.0387766950778294
0.0212065168439263
0.00933365526008539
-0.00023524681310591
-0.0108948873065579
-0.0255702108866596
-0.0463002065590415
-0.0738083169062657
-0.107178257355283
-0.143892286678408
-0.18039805136328
-0.213083086683514
-0.239267547560587
-0.257785887571701
-0.26894367711111
-0.273937881221662
-0.274026109656423
-0.26977827760638
-0.260714315014669
-0.245539940536344
-0.222961595009761
-0.192711020104202
-0.156189723672427
-0.11632237369516
-0.0767164428283935
-0.0406484122761039
-0.0103942286916537
0.0129290296450477
0.0291813904331714
0.0389301254983262
0.0432258582157035
0.0434412710497718
0.0411679637101617
0.0381772509427384
0.03640055913101
0.0377997462611071
0.0440073741365138
0.0557913706610818
0.0726151197942312
0.0926010942630906
0.112989671866095
0.130890414009176
0.143991356321989
0.150983169237524
0.151635957039988
0.146597671132168
0.137042597359415
0.124320197777538
0.109730971022054
0.0944615452562364
0.0795923413400367
0.0660546882945904
0.0545021889407658
0.045181093066784
0.037904669521932
0.0321367222609638
0.0270879693881864
0.0217527534410115
0.0149474862064725
0.00549857759325331
-0.00736506456504736
-0.023574474366295
-0.0420281633193952
-0.0608366483844185
-0.0779309534368481
-0.0917349086637711
-0.101575818505425
-0.107687048608337
-0.110894320299073
-0.112204672897564
-0.112478503519671
-0.112253138747556
-0.111717177372689
-0.110817946446768
-0.109454713970747
-0.107658756937689
-0.105657171063285
-0.103793863771006
-0.102373143350973
-0.101517764053658
-0.101094308530972
-0.100712252652422
-0.0997798204746189
-0.0975877260907803
-0.0933898480558769
-0.0864797969991376
-0.0763094623579188
-0.0626897600363645
-0.0460212964394058
-0.0274047267438874
-0.00849786699728847
0.00886863855677687
0.0231539083762249
0.0334508705786507
0.0396046014978162
0.0421160627159754
0.0419094752186982
0.0400550530771455
0.0375286376830489
0.0350630444616468
0.033101588238721
0.0318243428689035
0.0312078685293302
0.0310954667766673
0.0312732376577489
0.0315519568112112
0.0318463077261361
0.0322295016497152
0.032936786716145
0.0343074757909615
0.036683048948809
0.0402921947970969
0.0451431669078703
0.0509334359051388
0.0569959370298082
0.0623122604242435
0.0656110427480594
0.0655458006316386
0.0609343771264724
0.0510317651242932
0.0357763986382315
0.0159180658866763
-0.00704714015893086
-0.0311376530057072
-0.0542691844996419
-0.07464178152207
-0.0909986584017083
-0.102641274686381
-0.109171948004577
-0.110099585929341
-0.10459033846185
-0.0916231452315276
-0.0705726359619571
-0.0419348295654321
-0.00776759824499126
0.028451591592348
0.0625403465300338
0.0906010492522863
0.109875831398848
0.119164747800406
0.118758736961933
0.110071767724086
0.0952204386197902
0.0766951928387318
0.0571279202296184
0.0390922898857
0.0248726020899279
0.016169987949481
0.0137822891260486
0.0173761824303724
0.0254885365028248
0.0358018235846225
0.045604037764008
0.0522798809910533
0.0537161632850403
0.0485758888824491
0.0364382816330249
0.017808784146432
-0.00600232372462488
-0.0331321140670548
-0.0615254197757663
-0.0893340626677902
-0.115237010553971
-0.138563476816284
-0.159176623035277
-0.177186123411676
-0.192627572895842
-0.205245254481401
-0.21447059009344
-0.219621271157608
-0.220246449545511
-0.216445021621998
-0.208978396839637
-0.19911997406149
-0.188333488835584
-0.177930238045386
-0.168813980260927
-0.161360188856859
-0.155431724646015
-0.150485662226091
-0.145684928140057
-0.139952658075191
-0.132010884337973
-0.120535856173042
-0.104522404327701
-0.083773855670635
-0.0592607640332225
-0.0330869082150578
-0.00800105396342948
0.0133396433566177
0.0290120446284284
0.0381211961102685
0.0407286900665683
0.0376011595385697
0.0299895128369276
0.0195021190155918
0.00797536692064368
-0.00276785370827263
-0.0112538604660533
-0.0166528138837516
-0.0189037467028116
-0.0186440714515369
-0.0170088204616044
-0.0153756251359776
-0.0150853515800263
-0.0171443000976751
-0.0219502424862676
-0.0291244151683474
-0.0374957497356852
-0.0451931839021076
-0.04977369741138
-0.048406043013886
-0.0382339420997391
-0.0169861007739801
0.0163299076149386
0.0610051385925683
0.114750587426227
0.174289687891044
0.236045501454369
0.296581806821673
0.352766988820841
0.401818472518273
0.441239799699776
0.468512392667559
0.480689496426559
0.474525429348124
0.447653761046937
0.400370111118314
0.336708573671939
0.263782861083159
0.189629692591082
0.120843038863894
0.061258352458748
0.0120618812293964
-0.0271993417588682
-0.0575353130248651
-0.079888412922258
-0.0950043785003412
-0.103549533537501
-0.106240505720278
-0.103912202834209
-0.0975567696644026
-0.0883502921737827
-0.0776161645867824
-0.0666664019259367
-0.0565468220213627
-0.0478110094235777
-0.040460396909676
-0.0340946311754377
-0.0281938970803366
-0.0223942603517677
-0.0166444609018524
-0.0112083622130116
-0.00655026139833688
-0.00318007582636821
-0.00153117080561321
-0.00190685266586218
-0.00449494285475846
-0.00943489340904877
-0.0169130393745417
-0.0272338772382683
-0.0407837694363507
-0.0578231356417964
-0.078145840054314
-0.100777354413837
-0.123929077363183
-0.145310332961972
-0.162683059133279
-0.174390089132988
-0.179617871667199
-0.178339535620656
-0.171078416994335
-0.158700549049545
-0.142358137359408
-0.123543237914403
-0.104093869451085
-0.0860075552883761
-0.0710472965442552
-0.0602694177767711
-0.0536510765889663
-0.049930156269708
-0.0466837893022761
-0.0406594290230501
-0.0284091819071866
-0.00723032826236114
0.0237927433595439
0.0630877139489725
0.106683146973967
0.149185184269403
0.185232292264259
0.210738575226519
0.223414775413512
0.22256287606294
0.208596560473488
0.182806052663259
0.147516682017243
0.106305725999721
0.0637927519355417
0.0248584023037146
-0.00635457568267697
-0.0271333209714032
-0.0363509820076392
-0.034286986771515
-0.0224436705291801
-0.00345435731736465
0.0191061876761235
0.0412083893548198
0.0591111605397816
0.070103409273595
0.0729719141463279
0.0680686391156285
0.0570138501788794
0.0421720010413894
0.0260685222994037
0.0108964695431507
-0.00178840494469362
-0.0111523151462433
-0.0169855576893698
-0.0195106224082842
-0.0191909912358184
-0.0165947386188434
-0.0123167986000167
-0.00694584235913202
-0.00107288115214297
0.00466547436303502
0.00955568401166814
0.0128606479005229
0.0139794399463701
0.0126273782641535
0.00889684427948544
0.00313503587882631
-0.00428464614922619
-0.0131567715629385
-0.0235309019700761
-0.0357260424037138
-0.0503202796062723
-0.0680663824949697
-0.0896139216512898
-0.115021779298619
-0.143281677737485
-0.172198946989976
-0.198789704482955
-0.219964018559139
-0.233043461968196
-0.235868896407643
-0.22672550806466
-0.204561637070622
-0.169685709539168
-0.124529353996169
-0.0737732704035433
-0.0234853653503875
0.0203823281021406
0.0533617886216246
0.0730780826235847
0.0790116167248618
0.0718142163520071
0.0527195656898355
0.0233666828518173
-0.0140142690260875
-0.0563596780808617
-0.0997915416224528
-0.140031992953214
-0.173097810699536
-0.195975986040544
-0.206978232727609
-0.205679416295471
-0.192617252792352
-0.169028124210603
-0.136734667150158
-0.0980729593810511
-0.0556935890412476
-0.0122154604028989
0.030130707341202
0.0697157250809585
0.105532811631527
0.137080788067699
0.16419589787831
0.186896390792592
0.205273529227093
0.219438593697422
0.229514299792555
0.235648960421329
0.238041060143648
0.236975600958304
0.232869819614946
0.226309163103635
0.218047451876817
0.208953349722519
0.199896188034709
0.191579094777081
0.184358587561361
0.178121055446582
0.172275056329615
0.165858492825223
0.157711915787815
0.146687593039194
0.131911557570755
0.113098241027109
0.0908141914196327
0.0665120283468904
0.0422374841717292
0.0201213095729568
0.00191189917524887
-0.011262602175167
-0.0189193346543958
-0.0211838740728644
-0.0187918852171081
-0.0130796854343241
-0.00583904638751836
0.00100375497884738
0.00576099638011335
0.00720834893648075
0.00456041601100947
-0.00270779149838688
-0.0149795379753691
-0.0324070157106687
-0.0546598183139496
-0.0807162404852875
-0.108898355980915
-0.137191740709136
-0.16370230267019
-0.1870272962865
-0.206398332512476
-0.221607684098852
-0.232827732614193
-0.24042208111008
-0.244776917452467
-0.246136349272869
-0.244439483654226
-0.23920365892825
-0.229529990104591
-0.214293257404466
-0.192520964900822
-0.163890241363429
-0.12919330393595
-0.0905622124312999
-0.0512632663978341
-0.0150354323278765
0.0148000164909824
0.0360809145881029
0.0481086591709368
0.0514791146572373
0.0476143993006951
0.0382332599112705
0.0249557327282423
0.00915641130855995
-0.0079317065071791
-0.0249879436155803
-0.0404321520086627
-0.0524154007541476
-0.0589395487098441
-0.0580346618879555
-0.0480222147400435
-0.0279546499875644
0.00181765917593386
0.0392452859970835
0.0806959646046636
0.121668522679674
0.157773039127675
0.185437564908115
0.201999777568169
0.205350362384574
0.193737264871217
0.166277094395452
0.124070101184808
0.0710957648061595
0.0139886807069969
-0.039488938741146
-0.0825552643840554
-0.111021578199809
-0.123740061357293
-0.121985144024336
-0.108420694581443
-0.0863222538747476
-0.0593059247993373
-0.0313494191124325
-0.00671068147382701
0.0105055716001354
0.0171056009792596
0.0116340141340578
-0.00509024444095995
-0.0300387635945587
-0.0587103705578763
-0.0862732556639426
-0.108632634326093
-0.12302482605566
-0.128056986510775
-0.123430357275508
-0.10968107805706
-0.0881011210769787
-0.0607275143126016
-0.0301609717891666
0.000887095468668255
0.0301548439793023
0.0562065410828383
0.0784687872186501
0.097016205311461
0.11230714881951
0.124977566392255
0.135666892172614
0.144836307987402
0.152616381041071
0.158742082945972
0.162551843319562
0.162961983380041
0.158409432775507
0.146939591635343
0.126681746853494
0.0967309306776607
0.0580584541445838
0.0138624342425177
-0.0309899541582432
-0.0712052275060744
-0.102308577382207
-0.121256267174109
-0.126321636640679
-0.116736158097871
-0.0926630472218951
-0.0556304798386446
-0.00900358589787461
0.0420714578793229
0.0914742163036507
0.133374353373384
0.163364538630588
0.178990885969744
0.179637159309167
0.166122698051474
0.140433209119288
0.105690886295948
0.0660965857195417
0.0265000222836289
-0.00846335454897849
-0.0353560019700136
-0.0525845372144566
-0.0604310868263181
-0.0605349907984009
-0.0551431507584074
-0.046468273817675
-0.0363299035267697
-0.0260603027650133
-0.0165587926863586
-0.00839061389563079
-0.00189267217524948
0.00269782680716515
0.00507285287555623
0.00467004534733793
0.00057077897077468
-0.00839991825161622
-0.0233178648113414
-0.0446408104639359
-0.0717436340316364
-0.10272914202683
-0.134621996011592
-0.163904697652174
-0.18722654616637
-0.202026771971219
-0.206821843624189
-0.201085686637166
-0.184927546285676
-0.158911198166822
-0.124200139132306
-0.0828800305668745
-0.0381048977344814
0.00619060393089697
0.0459824860777215
0.0779814318697446
0.100267000435457
0.112522719447941
0.115842936708645
0.112244900320763
0.104103899258916
0.0937007439529455
0.0829564444954478
0.0733173448724724
0.065718387963518
0.0605865934051615
0.0578951275554713
0.0572962281303393
0.0583345639838773
0.0606859141899413
0.0643239023141028
0.0695323025668692
0.0767453453926806
0.0862709337461603
0.0980070117137754
0.111290406039691
0.124986074457635
0.137806061267758
0.148703911887411
0.157144518929535
0.163140060585093
0.167073745304305
0.16940439365433
0.170365361607769
0.16978783365285
0.167162459770411
0.161946729677248
0.153969009856624
0.143704593787275
0.132276797583038
0.121195145681448
0.111953917357803
0.10563226849127
0.102611430748993
0.102484687286788
0.104147755940735
0.105939799652217
0.105699454022077
0.100795455318578
0.0884150293973181
0.0663341178428512
0.0339935000033857
-0.00669449450595233
-0.0513789408721898
-0.0942623201769481
-0.129621634387823
-0.153179088083541
-0.162826251473262
-0.15863828068524
-0.142467893195747
-0.117456592691686
-0.0875854079369564
-0.0571720574780607
-0.0302378776354038
-0.00988040385657692
0.00207229886707381
0.00498597884808083
-0.000905961475543149
-0.0147388614179192
-0.0349787253378168
-0.0592537834790178
-0.0843807140803172
-0.106789888254948
-0.123268695200047
-0.131733090054251
-0.131721986921593
-0.124447602926264
-0.112429469974053
-0.0988952619463674
-0.0871714888815319
-0.0801951303168203
-0.0801349990323091
-0.0880525770675781
-0.103614607200761
-0.124993566411108
-0.149091126441274
-0.172065288746084
-0.189997284985037
-0.199551911448974
-0.198600055921753
-0.186783953610716
-0.165856562779207
-0.139510318723468
-0.11254784357218
-0.0896003288105176
-0.0738885116415489
-0.0665139838434319
-0.0664882581492951
-0.0713620818934434
-0.0781056561456702
-0.0838894349070361
-0.0865816272486811
-0.0849823783543346
-0.0789019536961361
-0.0690969352175609
-0.056942854169224
-0.0438413296197028
-0.0308281915464217
-0.0190704936360536
-0.0109448778047072
-0.00975269669747609
-0.0169257198623077
-0.0295341197623978
-0.0419907432940934
-0.0504541022984669
-0.0545614128557825
-0.0552840776445909
-0.052706792716485
-0.0461347172495588
-0.0352712609375841
-0.020751097727984
-0.00388891775726709
0.0137389105452177
0.030574081773945
0.0452808561257348
0.0569418302195566
0.0651800914535065
0.0701326438250109
0.072303770867768
0.0724038462238388
0.0712509786604602
0.0697243566236979
0.0687065765461433
0.0689823429889469
0.0711256726000744
0.0754329812600524
0.0819306736673611
0.0904460027248144
0.100708840915655
0.112443556434124
0.125413880142431
0.139413079304294
0.154230328267219
0.169624235075628
0.18528790023806
0.20076058635203
0.215290616669025
0.227751604299407
0.236751908971326
0.24098290248851
0.239678112648297
0.232947766230496
0.221810214250801
0.207915394123478
0.193107354788971
0.179010272346098
0.166757246729422
0.156885404831479
0.149360633185457
0.143690077895228
0.139098172840117
0.134738198361705
0.129879471518636
0.123987883857183
0.116650146526189
0.107385368170712
0.0954819810905678
0.0800049529097792
0.0600101429021861
0.034862147660321
0.00449937327170725
-0.0304438430861922
-0.0686518453366602
-0.108243271193378
-0.146982203105515
-0.18258676494246
-0.213083536726404
-0.237087770697192
-0.253865890052608
-0.263089780821794
-0.264345234064302
-0.256679502800051
-0.238595798260353
-0.208718345244977
-0.166896126923393
-0.115133920651285
-0.0577660263022972
-0.000700586725705395
0.0499505957691747
0.0892761660883385
0.11447773004335
0.12505861584981
0.12240072798542
0.109045430503558
0.0879886221398598
0.0621680027997421
0.0341869318373339
0.00623621355624438
-0.0198678912494818
-0.042622208161157
-0.0608182638460104
-0.0735771520878667
-0.0803927216773653
-0.0811350815158489
-0.0760495617161384
-0.0658784747432851
-0.0521102885598025
-0.0369304157198664
-0.0222432921068983
-0.0080955393858415
0.00753887575920652
0.0263252329501772
0.047047684226794
0.0668095247194449
0.0846512325427489
0.102460991587589
0.122166764808345
0.143267133457441
0.163264168029391
0.179543039672367
0.190547845231536
0.195810050151147
0.195461375448242
0.189762381175955
0.178801894524647
0.162381418181529
0.140090808738871
0.111521523513682
0.0764824146687816
0.0351084072478807
-0.0121099297016822
-0.0642399313808248
-0.119681014942468
-0.175910742585248
-0.229476605795581
-0.276459189605137
-0.313357426832489
-0.338033031108997
-0.350242529732335
-0.351478821484368
-0.344214371445852
-0.330937216936826
-0.313419131329699
-0.29246378829808
-0.268109060637222
-0.240065737106479
-0.208143570954342
-0.17252243052963
-0.13386983159337
-0.0933720574632623
-0.0527038385874409
-0.013893535195812
0.0209451637267437
0.0499344816393734
0.0716315852994401
0.0849846005174628
0.089137570639664
0.0833780507056151
0.0674854711548902
0.042409159620475
0.0108189886770844
-0.0230006323778982
-0.0540591199078588
-0.077957897954206
-0.0919031613266005
-0.0950036155071566
-0.0879425354521679
-0.072459330332674
-0.051000375969788
-0.0265562643730247
-0.00246290074907057
0.0179892680571845
0.0320476351036618
0.0378443213345072
0.0344290782734786
0.021572559558623
-0.000361917899407124
-0.0302344479827139
-0.0657370032411552
-0.103240277673158
-0.138267239285964
-0.166491009746237
-0.184678872555135
-0.191031618194015
-0.184889155987614
-0.166277350251571
-0.135780923798547
-0.0947855342602893
-0.0457181582786638
0.00807868277329391
0.062853098211015
0.115048569068679
0.161741006659498
0.200852251093528
0.23121644831638
0.252542416511746
0.2652517699031
0.270193187795603
0.26828534646277
0.260145100287375
0.245767537478185
0.224418938487205
0.194970448701983
0.156719956530105
0.110344644818815
0.0583604766974403
0.00466734489752178
-0.0466644393338913
-0.0927029308178797
-0.132338710049928
-0.166037283954508
-0.194915656627703
-0.219729039502862
-0.240290040008229
-0.255519144752965
-0.263996357121458
-0.264709869795529
-0.257682546508111
-0.244230525337586
-0.226724874418418
-0.207886095995447
-0.189831511364511
-0.173247859215899
-0.157073151154178
-0.138886838031356
-0.115882325683942
-0.0859991038247903
-0.0487126042922119
-0.00518663990928835
0.042146867439678
0.0902540444592862
0.136085955294657
0.176965776971921
0.210843979914061
0.236501700359864
0.253662171243612
0.262885700038904
0.26518687850984
0.261488815795368
0.252188666259086
0.237123095065037
0.216037776959102
0.189353562454441
0.158778424768946
0.127338845460379
0.0987208434857416
0.0762102780184818
0.0617312828352269
0.055391585361844
0.0556577174181033
0.0599905036746579
0.0656150155988402
0.070122330977694
0.0717481095901752
0.0693497272752967
0.0622406891030072
0.0500942876992888
0.0330514603530823
0.0119693655725602
-0.011433997742841
-0.0347709297959126
-0.0555238309359962
-0.0717089354085941
-0.0823687673023854
-0.0877086972922501
-0.0888703579391941
-0.0874716718500208
-0.0850984674571358
-0.0829131366230231
-0.0814785687802667
-0.080807971951237
-0.0805658352407894
-0.0802912581301838
-0.0795236782131283
-0.0777848328733302
-0.0744680207282511
-0.0687509071921873
-0.0596463146854676
-0.0462345228168421
-0.0280161891443202
-0.00524757979479577
0.0208892204304842
0.0483738916340741
0.0746946889747511
0.0973518807868248
0.114334800894058
0.124387351237779
0.126980101849319
0.122066503142224
0.109811012429168
0.0904631664651715
0.0644362833606156
0.0325266246445277
-0.00385193049572944
-0.042548882716515
-0.0807858386719953
-0.115542565895462
-0.144140221948216
-0.164804750989549
-0.176967806278827
-0.181190810175676
-0.178788157221146
-0.171343747198355
-0.160304413125337
-0.146740829695837
-0.131276562609738
-0.114146503105975
-0.0953427805902143
-0.0748055539662383
-0.0526118020722249
-0.0291177558293053
-0.00501439428636695
0.0187409535729859
0.0411200798769384
0.0612740943032568
0.0787127769968595
0.0933314764069901
0.105315784591311
0.115019525947681
0.122873561898625
0.129309237441063
0.134666627922882
0.139108414434373
0.142599961215515
0.144993727938461
0.1461922425927
0.146307404945521
0.145717418109015
0.144958835543631
0.144465442804417
0.14423008180919
0.143487933238399
0.140533548523943
0.132823587501209
0.117508742949941
0.0923591064387044
0.0567400803669992
0.0121203040926407
-0.0382293050746608
-0.0902337508332739
-0.140197507728045
-0.185599296987735
-0.22521757705884
-0.258715184942665
-0.286043975348102
-0.306980642325323
-0.320916249363857
-0.326900963571064
-0.323929826682473
-0.311418513458526
-0.289697514542393
-0.260270843328001
-0.225675576064582
-0.188983864299131
-0.153134886393824
-0.120304110278409
-0.0914836845651527
-0.0664078432063141
-0.0438690874916627
-0.0223192822184575
-0.000520079279335912
0.0220026495780705
0.0448346550826354
0.0668651294161697
0.0866717461788984
0.102935479155933
0.11474417672772
0.121708073703907
0.123878536476731
0.121507230330748
0.114728294320366
0.103317067790656
0.0867128892421479
0.064376530427307
0.036309134806432
0.00341146458297259
-0.0325106817760628
-0.068998041806702
-0.103186946723586
-0.131902678514581
-0.15168482839118
-0.158980545668599
-0.150681604203345
-0.124956605992449
-0.0820902226842954
-0.0249459040574212
0.0412206789006028
0.109612479118781
0.17314724561358
0.225714919011943
0.263086695310654
0.283297636987366
0.286476177465574
0.274220112726375
0.248791168682758
0.21253427947719
0.167808935806512
0.117330667957372
0.0644736570042363
0.0131125017518517
-0.0330402096331771
-0.0712611353894508
-0.100383277776428
-0.120880445398967
-0.134512362395345
-0.143724676323356
-0.151015747675217
-0.158425880399953
-0.167221282435896
-0.177768494610837
-0.189558988338313
-0.201348409104049
-0.211378903917465
-0.217636621356823
-0.218103562167888
-0.211025563630431
-0.195265029024038
-0.170729791508847
-0.138699144465198
-0.101795988167779
-0.0635089871631654
-0.0274327874405579
0.00346920496452142
0.0273495919696605
0.0436423647345254
0.0529541782772243
0.0567695616023689
0.0570784215873123
0.056043919761766
0.0557970204787251
0.0583555032474025
0.0655608373453942
0.0788879202699894
0.0990687503011993
0.125646983295274
0.15671715091742
0.189071741848402
0.21877173825152
0.24191428934204
0.255288468379744
0.256751932755121
0.245380128316567
0.221519758578744
0.186781365387458
0.143902616379252
0.0964414717959138
0.0483473971211648
0.00347625347175673
-0.0349220967609029
-0.0646907468772064
-0.0850853712383773
-0.0967541248987779
-0.10131420167835
-0.100650072234826
-0.0962072892529472
-0.0885881310841016
-0.0776470788097293
-0.0630490447668627
-0.0449849353363126
-0.0246167772308002
-0.0039717951067318
0.0146678428463247
0.0295650137420734
0.0401498703078888
0.0472185559397756
0.0526388921430764
0.0586627031782312
0.0670903661530049
0.0786063852679434
0.0925384045619252
0.107096225691178
0.119935583370852
0.128788459579031
0.131943359906425
0.12848687613475
0.118342620747745
0.102199972504613
0.0813997404100142
0.057782220636106
0.0334775211993574
0.0106613705364443
-0.00863506427377217
-0.0225718612812236
-0.0294134873035282
-0.0274590032018373
-0.0152064475974257
0.00813211495343548
0.0419083986088396
0.0835145217004371
0.128493642954061
0.171412760140432
0.207164647501413
0.232096422460738
0.244490990676618
0.244345162916624
0.232776755628481
0.211494632654645
0.18257062161705
0.148461078821688
0.112050054283241
0.0764958463227755
0.044804020646533
0.0192350481500764
0.000794991668532226
-0.0109340709316939
-0.0175204342104212
-0.02109098145853
-0.0236973689695685
-0.0268980982821899
-0.0316627933927662
-0.0385320637671278
-0.047863190341295
-0.0599855992528656
-0.0751662944654478
-0.0934104723059408
-0.114235200381153
-0.136579864465864
-0.158932010174811
-0.179613186457515
-0.197079523931158
-0.210091530607421
-0.217687498004789
-0.219027735464972
-0.21330737330892
-0.199950359549713
-0.179106217710248
-0.152170463556734
-0.121913043588842
-0.0920000100842094
-0.0660799525967174
-0.0468526791532116
-0.0354899727615389
-0.0315590449594746
-0.033394971830012
-0.0387413312693426
-0.0454126158820685
-0.0517466121303829
-0.0567357777935269
-0.0598951176604279
-0.0610261168873021
-0.0600209475804035
-0.0567641317541865
-0.051103167980359
-0.0428257841159204
-0.0316214846985683
-0.0170905582445353
0.00109376198750678
0.0228442692525031
0.0472856848736191
0.0726030134248142
0.0962713828835915
0.115563154971582
0.128035343122537
0.131780829999318
0.125501198064794
0.108631551891011
0.0816395582549194
0.046355782753854
0.00603248548094967
-0.0350823664046453
-0.0725839102289559
-0.102802049446041
-0.12331880611237
-0.132929898606366
-0.131266239710847
-0.118518165025832
-0.095558298617346
-0.0643533858948845
-0.028241148604389
0.00830605421508117
0.0404643692771217
0.0640870881348361
0.0765894385374021
0.077435709213002
0.0681605933120343
0.0519755522702179
0.0330672007718073
0.0157404092215217
0.00360930058861836
-0.000953721371110122
0.00300244745788756
0.0151376952633603
0.0340774473607017
0.057650892019432
0.0830971741420861
0.107283763184646
0.126923034346691
0.138753090268881
0.139781354105653
0.127813274299235
0.102323743549635
0.0652981115749162
0.0213952485262318
-0.0229620883148732
-0.0613215797254473
-0.0890017349330609
-0.10419607467129
-0.108044106486095
-0.10383062031523
-0.0957591405613689
-0.0877557243701042
-0.0826031124885954
-0.0815276392587954
-0.0842453037954732
-0.0894036986501309
-0.0952717953343705
-0.100427129162765
-0.104161846768178
-0.106461187050664
-0.107646854477073
-0.107944173408724
-0.107195797091746
-0.104767728219457
-0.0995660325356042
-0.0901200484526545
-0.0748102416658724
-0.0523431649712682
-0.0224169440826942
0.0137076300537946
0.053097377547793
0.0916867068003278
0.125314814745923
0.150831571249079
0.166800012140593
0.173512367110408
0.172332719085171
0.164647974046395
0.150879271562791
0.130046363426936
0.100227300063815
0.0598614696491633
0.00932500016461447
-0.0480842105988757
-0.106362237022296
-0.15813263412259
-0.19640978360917
-0.216051359347413
-0.214583412809736
-0.192486726037447
-0.153080379054652
-0.101974200279831
-0.0460344261201227
0.00798616503881949
0.0547731763113055
0.0913227246262027
0.117140185626869
0.133800339113279
0.144093081368426
0.151060275771166
0.15721007040843
0.164085755714392
0.172204652673647
0.181251894817722
0.190378855054345
0.198492891784602
0.20446594847934
0.207221482859722
0.205722174339256
0.198966446188958
0.186124028566237
0.16684052004588
0.141579568476255
0.111783351688374
0.0796961228402912
0.0478693351875431
0.0185353821660935
-0.00689359984197733
-0.0279954986324265
-0.045103444565743
-0.0587626461072649
-0.0691324260193171
-0.0756569668661013
-0.0772273150640568
-0.0727937300043669
-0.0621169039262081
-0.0462596114328594
-0.0275653885624853
-0.00912681314470823
0.00603949776747846
0.0157942451104567
0.0193604568624498
0.0173363034586312
0.0112864933135951
0.00314703134352399
-0.00526578273935761
-0.0124661076262108
-0.0172680891900157
-0.0187132555592423
-0.0161379852660433
-0.0093938406813212
0.000936555594772239
0.0135202001080358
0.0265307198219494
0.0380919228689243
0.0466999588931295
0.0514219953097343
0.0518054806620678
0.0476219960250258
0.0386846964173899
0.0249248291690588
0.00671445144381419
-0.0147805437506034
-0.0374829611108495
-0.0586366575722947
-0.0752637383846399
-0.0845972970782921
-0.0843482573500712
-0.0728963893813877
-0.0495934191372644
-0.0152023430750435
0.0277665066689565
0.0751496142912041
0.121789647251548
0.16255913239375
0.193303239448818
0.21128847399662
0.215072154976349
0.204119152950031
0.178650176373288
0.139944660808987
0.0908458846524705
0.0359360265272207
-0.018997790651611
-0.0681272236833053
-0.106882412251274
-0.13280359341511
-0.145631896241684
-0.14676313051295
-0.138496678879214
-0.123495175261995
-0.104578709445394
-0.0846716036328364
-0.0666476967918549
-0.0529958970328638
-0.0454443229969536
-0.0447318168401578
-0.0505893737886069
-0.0618566809682763
-0.0766545565704746
-0.0926266806542418
-0.107297042908123
-0.118492006359674
-0.124657216507929
-0.124918567236672
-0.118914084460851
-0.106609191594671
-0.0883178681683934
-0.0649493090167445
-0.0382499824943278
-0.0107456161827603
0.0147183204837171
0.0356449962588149
0.0504203801852257
0.0584719193865497
0.0600636070882484
0.0559441686571278
0.0470887526455403
0.0346338511033984
0.0199309789939797
0.0045716247720012
-0.0097025683451556
-0.0211794545507343
-0.0283679563065171
-0.0301490563786045
-0.0258768794007552
-0.0154395867285849
0.000700512317780201
0.0214659061519722
0.0451451125835332
0.0695011703646455
0.0921178828880251
0.110942557350382
0.124783204752662
0.133484596271003
0.137709203436411
0.138507359244063
0.136945396092861
0.133930765031803
0.130187363638599
0.1262559173668
0.122446705108512
0.118767379283786
0.114896937564026
0.110250613831659
0.104114450093634
0.0957812630274271
0.08462359519144
0.0700800083155805
0.0515829583223783
0.0285128681026124
0.000304699406062125
-0.0332061559441195
-0.0712792952174718
-0.11188992579724
-0.151787698414492
-0.187054159336332
-0.213863013782077
-0.229025364402431
-0.23015548716163
-0.215676947513569
-0.185004261272885
-0.138962165125507
-0.0801514830942639
-0.0129206821627487
0.0571379106161161
0.12400678329905
0.18218666409807
0.227603354417
0.258227825714356
0.274080254793753
0.27648948012641
0.266959544679461
0.246361319103794
0.214993917629989
0.173386563529369
0.123106534598968
0.0668656189512402
0.00784125457517946
-0.0512392360785389
-0.108588520781201
-0.163165198521853
-0.214060813883358
-0.259988037948373
-0.299254323347477
-0.330214346627672
-0.35182880447854
-0.363882971111035
-0.366705986603207
-0.360664969284334
-0.345917196751536
-0.322680645114835
-0.291808209036936
-0.255157244859971
-0.215399959346189
-0.175353423621965
-0.137213154716933
-0.102040102096535
-0.0696345457510762
-0.0387930093444654
-0.00791825536678972
0.0241283097213498
0.0572278530509094
0.0896526551401096
0.118378245114097
0.13990862466162
0.151199594281175
0.150300011427314
0.136588175723346
0.110720229242186
0.0744700228696898
0.0305550339304004
-0.0175688752040962
-0.0660167774716365
-0.110936516139466
-0.149076660461465
-0.178294539676065
-0.197771775937875
-0.207767977041586
-0.208963333486571
-0.201733150467809
-0.18584417807073
-0.160857018232615
-0.127023256943897
-0.0860620303820079
-0.0412528194063632
0.00324925842033466
0.0434858513620917
0.0766198351968762
0.10137234620479
0.117932292159039
0.127499271718888
0.131682549487925
0.13195230709075
0.129277037543652
0.124010778420631
0.116025032100471
0.105011568797313
0.0908230049556187
0.0736994921950919
0.0542805893145017
0.0334105629294382
0.0118592629351398
-0.00986833136797063
-0.0315150937254019
-0.0528635239498451
-0.0734670925565291
-0.0924441368598067
-0.108350504736617
-0.11910020172345
-0.122020555222276
-0.114271830268757
-0.0937627683434042
-0.0603062623790116
-0.0164012263378803
0.0329234330553192
0.0812794265125037
0.122613223231111
0.152685642112119
0.169790794396847
0.174606385127483
0.169452014651375
0.15737559491261
0.141398635642348
0.124062542902396
0.10725633788588
0.0922229526125798
0.0796359976667345
0.0696882564956802
0.0621922155300059
0.0567142376536011
0.0527373108331298
0.049807675404439
0.0476140415639385
0.0459900697870018
0.0448858772625563
0.0443610457572745
0.0445922721117947
0.0458275724498836
0.0482334586605783
0.0516639435774688
0.0554527291980121
0.0583461217268375
0.0586628286556061
0.0546892823510306
0.0451932529490147
0.0298323239645718
0.0092606481574124
-0.0150884849526998
-0.0413864661144223
-0.0677681954329728
-0.0925826316693165
-0.114559758649488
-0.132924323810944
-0.147432409116567
-0.15829614480883
-0.166015078587571
-0.171177104278454
-0.174282078144246
-0.175618092090429
-0.175224671242502
-0.172974407150695
-0.168747663355427
-0.162596644454271
-0.154779769307811
-0.145626983313296
-0.135312919680324
-0.123679639863121
-0.110220935659276
-0.0942383840875542
-0.0750737527959621
-0.0522911955170376
-0.0257550218027673
0.00434332695289448
0.0374270002086133
0.0724459219438526
0.107861053114509
0.141799578543983
0.172364540567537
0.19796154893588
0.217489143366773
0.230327285488356
0.236155494914271
0.23468710179546
0.225463825915282
0.207916936948805
0.181830594012602
0.148050695565342
0.108966779380707
0.0683066382252352
0.0302045129374792
-0.00200487189565837
-0.0266592869969588
-0.0439534720841643
-0.0554796816191877
-0.063437709716785
-0.0698684467177904
-0.0761410420002393
-0.0827539797822405
-0.0893870100696393
-0.0950909383801098
-0.0985095553043137
-0.0980788323217781
-0.0922238425521249
-0.0796168017897514
-0.0595180041098622
-0.0321250787204959
0.00120784946300969
0.0380069739782879
0.0750284922990677
0.108875446014186
0.136717857386192
0.156872935749014
0.169027317021297
0.174020745058136
0.173300219145813
0.168306798492289
0.160084999528479
0.149263052377317
0.136312176305118
0.12182343464156
0.106561156318133
0.0912221995548871
0.0760228401321362
0.0603669152274249
0.0428810544976795
0.0219727899668982
-0.00324173586283809
-0.0321056898583726
-0.0621663702808194
-0.0896074562706733
-0.110036874691468
-0.11922836483762
-0.113766229948126
-0.0918404861771408
-0.0542231424627097
-0.00490527869089651
0.0493220145148051
0.100524050275599
0.141847365232341
0.169232533099432
0.181870002584052
0.181408901466214
0.170561941589606
0.151927063085634
0.127546810772037
0.0991765026196392
0.068791872213551
0.0388178023905825
0.0118841337860453
-0.0096958979823493
-0.0243850401192183
-0.0316179829191168
-0.0317459780729413
-0.0258427441727094
-0.0154659189192372
-0.00242077450626224
0.0114582934890022
0.0245121387242189
0.0354502072842191
0.043501745370541
0.0484534300967811
0.0505141704511041
0.0500303480353043
0.047167503631358
0.0416989635817739
0.0329906740214145
0.0202049368600374
0.0026970507878513
-0.0194870391525861
-0.0452021820967226
-0.0721162446644071
-0.0970489895652056
-0.11659315559419
-0.127713383109344
-0.12811404466422
-0.116420967286574
-0.0923609564285427
-0.057003715735729
-0.0129016976891771
0.0361110833901692
0.085529519492693
0.131000242025138
0.16901145050174
0.197165084602323
0.213973723220819
0.218404713711715
0.20957552586561
0.186932359546949
0.150885918789491
0.103453029933282
0.0483334620216709
-0.00978860406860072
-0.066361804380957
-0.117869005238658
-0.162102033736573
-0.197847610145904
-0.22428549508051
-0.240391406596658
-0.244577916120043
-0.23481202035207
-0.209352829255975
-0.167920045834998
-0.112727911966698
-0.0487512727999566
0.0170609931158129
0.0773763970947046
0.126230000219988
0.160221029398474
0.178699294825424
0.182960329951054
0.174934425371931
0.156054862001247
0.126807912070459
0.0870445917771706
0.0367614048031606
-0.0230750635968217
-0.0900018085743687
-0.160018377856134
-0.228082254300902
-0.289035886981928
-0.338622676160408
-0.374054196064229
-0.393746074678151
-0.396442090510506
-0.380551026629721
-0.344484698414962
-0.288006791987188
-0.213701446127888
-0.127384178672593
-0.0368573187231226
0.0504793801207305
0.129766549483807
0.19925861805598
0.259115591362237
0.309404978285579
0.348646175450177
0.373664198645934
0.380753305116059
0.367611232409142
0.335113658160926
0.287849467622224
0.232836726165383
0.176952171690729
0.124522497662793
0.0764364507076685
0.031114883321726
-0.0134502973166001
-0.0578499434733859
-0.100540668033058
-0.138437836757293
-0.168307012396945
-0.188141119625202
-0.197852934919108
-0.199026831494483
-0.193925994600172
-0.184276940108429
-0.170453351605724
-0.151484741765373
-0.12586033304598
-0.0926348924216799
-0.0522045450355723
-0.00640864553892872
0.0419240384178956
0.089588088787283
0.133418719239359
0.170392357238576
0.197522627844637
0.211810262462395
0.210541716712572
0.192092076597533
0.157029262381612
0.108913181306618
0.0541154367029468
0.000463861416133286
-0.0447466884662001
-0.0764314874985048
-0.0923904014703612
-0.0929643049294377
-0.0802085321360809
-0.0571794767636263
-0.027566813077169
0.0045129255087709
0.0348687573776017
0.0598246826166044
0.0768378918877626
0.0848453726380545
0.0842080259040433
0.0763623713364055
0.063389294879562
0.0476323780544952
0.0313827909179409
0.0166292551744761
0.00493480741310196
-0.00248884488022386
-0.00456637776389984
-0.000232026395828347
0.011361507941776
0.0302803863610979
0.0552092397442253
0.0832678343997468
0.110465247607957
0.132571807262506
0.145940708846443
0.147977871656808
0.137329632438684
0.114014910340024
0.0795276421630276
0.0366745575204395
-0.0110307169810487
-0.060233443800498
-0.108409885158983
-0.154037245467615
-0.196371070409006
-0.235181550260772
-0.27063079690281
-0.303143898400111
-0.333061473518878
-0.360138382619569
-0.383230287376065
-0.400464986549108
-0.409878843959462
-0.410194039432734
-0.40131413359618
-0.38424676117495
-0.3604732024014
-0.331154646846881
-0.296742007898374
-0.257292927921007
-0.213213099750446
-0.165840610089983
-0.117728504775662
-0.0729361568663858
-0.036988521461378
-0.015418494337561
-0.011133709818636
-0.0227982364891361
-0.0455589637233091
-0.072964638196834
-0.0985154241597429
-0.116624652381537
-0.123372884521413
-0.117057563758746
-0.0982668578217937
-0.0693269479189552
-0.0332436177327234
0.00745346247176877
0.0513692965653375
0.0979710969801592
0.14653716364053
0.195100772591887
0.240240304750104
0.277961969733994
0.305112934479459
0.320373083097172
0.324163383241118
0.317581473108988
0.301212236918453
0.274764392360608
0.237767348437156
0.190629814259914
0.135133045236342
0.0741037615694487
0.0107952854897237
-0.0514210363704837
-0.109016328124953
-0.158350214180052
-0.196144985422724
-0.220284273174712
-0.23051711998372
-0.228685351203867
-0.218345382857558
-0.203900616364243
-0.189505903893518
-0.178073108580718
-0.170699056717898
-0.166702074281515
-0.164196581460696
-0.160906600468725
-0.154892888055156
-0.14503394839483
-0.131263002095701
-0.11458192092002
-0.0968228314179617
-0.08016193790435
-0.0665219544428824
-0.0570902604139553
-0.0521166295529537
-0.0509806229158538
-0.0523827079007319
-0.0545229822798991
-0.0552645296115222
-0.0524039357000524
-0.0441545297710193
-0.029766651128178
-0.00999780840421782
0.0128964125425837
0.0357660990522633
0.055543308098597
0.0701579763334785
0.0790194116737689
0.0829383160680895
0.0836130928191499
0.0829365737606094
0.08239465271741
0.082753597671085
0.0840852033366593
0.0860175455537865
0.088022188262043
0.0895946917680137
0.0902888904529928
0.089646358446982
0.0871071189835535
0.0820072862969952
0.073737184099603
0.0620285905561319
0.0472234230582486
0.0303555176075342
0.0129849018511268
-0.00312779504442233
-0.0163525424507533
-0.025426023745558
-0.0295937491774137
-0.028706954697494
-0.0232847418591734
-0.0144915738070196
-0.00398671179967666
0.00631399046738369
0.0144583021105909
0.018607196622927
0.0171920136423007
0.00919746807065553
-0.00544444888032422
-0.0255309549623775
-0.0485425558550451
-0.0709708438033542
-0.0889458562525285
-0.098931871474724
-0.0982592901861237
-0.0854488191399467
-0.0604270769596069
-0.0246511183904532
0.0189914794163433
0.06662220032673
0.114080600134365
0.157671253995274
0.194711404337834
0.223757781984349
0.244527671625468
0.257627085482345
0.264235404589747
0.265855546744315
0.264140863575875
0.260730366409789
0.257034649057832
0.254003385203919
0.251979968644443
0.250729347346436
0.249621831366993
0.247863589085012
0.244669693976714
0.239361844073191
0.231441875162021
0.220678872691381
0.207183488913486
0.191405026968711
0.174021043171393
0.155775621076231
0.137382855033064
0.119574451151747
0.103253559936163
0.0896230550932413
0.0801594694793475
0.0763797990187269
0.0794327569238804
0.089617218022445
0.105997260400344
0.126312841943388
0.147307693551686
0.165404889616035
0.177471345607432
0.181372065108705
0.17615263347898
0.161889614877672
0.139377790972737
0.109839181786637
0.0747772290520447
0.0359930326191262
-0.00434745539015768
-0.0437843551287141
-0.0798932726832835
-0.110787039873836
-0.135528850747735
-0.15422948968565
-0.167822781110734
-0.177714346536067
-0.185505762965347
-0.192837821708033
-0.201244238893083
-0.21189916733073
-0.225273272382339
-0.240853029191687
-0.257088374903855
-0.271608016797719
-0.281615844263585
-0.284375155851393
-0.277753857373072
-0.260800602451527
-0.234210606599346
-0.20044883426016
-0.16336880377884
-0.1273885652156
-0.0965119782655358
-0.07356010023165
-0.0598615059063453
-0.0554178115251325
-0.0593389434621502
-0.0702469829509276
-0.0864391489964885
-0.105830328981774
-0.125889064795593
-0.143771805482965
-0.156671916631862
-0.162228099480929
-0.158826569771274
-0.145737921884325
-0.123125490719742
-0.0919965498708998
-0.0541600576500885
-0.0122028219132967
0.0306024876449438
0.0706056111150993
0.104360771908829
0.129323489582268
0.14435514494434
0.149805786728047
0.147187294183641
0.138649281258646
0.126493994458514
0.112850133302769
0.099494496069349
0.0877506210361686
0.0784096548584704
0.0716722036277329
0.0671571106185982
0.0640277519787982
0.0612398386011592
0.0578485931283814
0.05327089658604
0.0473989525531921
0.040507821081132
0.0329868503935883
0.0250241566104991
0.0164167368075967
0.00661863993605779
-0.00499388202293049
-0.0187825989206714
-0.0346147391007015
-0.051857920374397
-0.0695897490903339
-0.0868825522039297
-0.102997399118384
-0.117418210946021
-0.129782274407343
-0.139798177162356
-0.147178243366711
-0.151557823314298
-0.152409077047593
-0.149031926013472
-0.140705135463934
-0.126973644249733
-0.107929099626487
-0.0843298873147201
-0.0575213651374937
-0.0292455722722888
-0.00144874645194077
0.0238897999199899
0.0449423972318543
0.0602173653923897
0.0686604069040126
0.0696395417002358
0.0629238753291626
0.0488194220773144
0.0284701764415138
0.0040948126194859
-0.0211341954148405
-0.0436419854539533
-0.0601774182168413
-0.0683242114498959
-0.0666044960252572
-0.054333533963204
-0.0315555329787785
0.000782115009466882
0.0405911259951874
0.0846683560127901
0.129152522482032
0.170283531462192
0.20515349318896
0.232152891095911
0.250964295918787
0.262145055196228
0.266492988315159
0.264458573102439
0.255847555475098
0.239959918152625
0.216137612276832
0.184484326005983
0.146393821228349
0.104592388295113
0.0626418728715947
0.024105809995636
-0.00829219639882415
-0.0332217088534305
-0.0508533993104218
-0.0625434581900915
-0.0702689313630098
-0.0760467365132988
-0.0815052898434696
-0.0876545861047721
-0.0948242156244974
-0.102738278729848
-0.110697179101777
-0.117786246138467
-0.122998865350886
-0.125247370060436
-0.123396901198734
-0.116508509696951
-0.104302127301728
-0.0875871902792829
-0.0683380451198621
-0.0493166104865183
-0.0334619645298749
-0.0233771720488638
-0.0210584573765065
-0.0277300998679459
-0.043566287142669
-0.0673008690775693
-0.0960239759049395
-0.125493118756403
-0.150955703619511
-0.168095696831539
-0.173673591657925
-0.165772465700162
-0.143921630840162
-0.109348795029895
-0.0652367776767146
-0.0165596456885544
0.0307935246412244
0.0714232323116258
0.101772483301505
0.120844957288211
0.130046597675796
0.132316939771695
0.130961548106934
0.128622182099407
0.126683629718166
0.125199778283292
0.123218293311988
0.119283536281961
0.111933888501584
0.100115306501142
0.083496163103823
0.062646326147794
0.0390012167719324
0.0145619672493882
-0.00860027739334289
-0.0288492782026017
-0.0452926369055602
-0.0577850323702916
-0.0666386856817699
-0.0721266650050541
-0.0739190026943085
-0.0706922354041653
-0.0602303860610014
-0.0402048469798343
-0.00943345444321043
0.0309817187255293
0.077307578917493
0.123918997426332
0.164830826865692
0.195313199108935
0.21288118886974
0.217331132778811
0.210001131657141
0.192775844637108
0.167375760702993
0.135193735664236
0.0975579219781487
0.0560692455293377
0.0127263728778867
-0.0301944179719239
-0.0703464313848747
-0.105460052560068
-0.133411365884396
-0.152289346037542
-0.160563098360248
-0.157418904772946
-0.143226753431141
-0.11991658027503
-0.0909416578969652
-0.0606498546714556
-0.0332322083154479
-0.0117036626306736
0.00264460095366727
0.0101706578182903
0.0123541487161738
0.0111236383373739
0.0082898403822334
0.00520071212873172
0.00262391341089706
0.000799582731500355
-0.000418305016803993
-0.00140603439101941
-0.002643314192445
-0.00463044432744827
-0.0078595371318775
-0.0128583748302559
-0.0203016879823018
-0.0311044579164953
-0.0463399649147479
-0.0668775647492809
-0.0928343848791972
-0.123135583914145
-0.15548760537949
-0.186847473392812
-0.214174168284282
-0.235083130757737
-0.24809239687634
-0.252400840401265
-0.247430457958866
-0.232526854578098
-0.20713117778394
-0.171429889892024
-0.127127262431526
-0.077811744414379
-0.0285496781525368
0.0152395702525027
0.0491662632160148
0.0709203767666389
0.0806016001096908
0.0803144244861683
0.0733273054323254
0.0631974943771698
0.0531381820430935
0.0456706879728762
0.0424421746483641
0.0441013884045191
0.0502459756890396
0.0595249349967531
0.0699149710629163
0.0790639477906789
0.0845495835084099
0.083997280517066
0.0751654680485317
0.0562016150950196
0.026191500081155
-0.014126206249058
-0.061872836007305
-0.112200467333178
-0.15923965346909
-0.197467005097687
-0.222883347630136
-0.233585400703271
-0.229750055292428
-0.213315116039061
-0.187558289182785
-0.156564383228218
-0.124523100702604
-0.0949441993973649
-0.0700170667712885
-0.0503323631496662
-0.0350482540401006
-0.0224183604036139
-0.0104737692494013
0.00238518096894583
0.0170558536059657
0.0336822324638294
0.0517958090435649
0.070540335671715
0.0889112227651677
0.105964226930661
0.120950797424319
0.133363661326069
0.142926168825259
0.149574502663653
0.15344049234623
0.154804083779761
0.15400581977993
0.151359871468073
0.147115568901872
0.141470451339933
0.134591534101119
0.126585970229844
0.117381181370605
0.106548294614829
0.0932260272986204
0.076357156546431
0.0552899066210679
0.0304764472944285
0.0038130890633977
-0.0216561735224259
-0.0425302892563597
-0.0559026462287843
-0.0599174816131944
-0.0539909843790868
-0.0388723109964477
-0.0166454363671986
0.00944673878178355
0.0355355066471551
0.0579829517930403
0.0742436900823361
0.0833405866893284
0.0857593987377561
0.082854064239098
0.0760502167983093
0.0661885697533227
0.0532762164752511
0.0367295576122885
0.0159605575524575
-0.00899817985106271
-0.0371239491872819
-0.0664324661189885
-0.0943592022319176
-0.118324196692833
-0.136283882670288
-0.147107096791876
-0.150656987177856
-0.147544958337099
-0.138732376108977
-0.125390192451453
-0.109248302906034
-0.0928445912146419
-0.0786381711286947
-0.067367117167111
-0.0578339194192856
-0.0488847893247853
-0.0411297623642396
-0.0363613684784231
-0.0359257378028538
-0.0400224824038224
-0.0479474493786391
-0.0583524384018419
-0.0692526964879229
-0.0780636721829241
-0.0818395270235204
-0.0776573609485657
-0.0630853812432484
-0.0367327371572962
0.00122079973356242
0.0488056463074988
0.102635633761008
0.158812215318337
0.213872782107024
0.265226417854593
0.310925283082321
0.349114696310127
0.377642520067535
0.39408175941609
0.396146795792599
0.382335091552958
0.352545703120724
0.30840385755978
0.253136487805693
0.191056481543306
0.126860386610668
0.0649510074919949
0.0089318023935858
-0.0386476095270877
-0.0762926781640086
-0.103400448113126
-0.120068681828981
-0.126968982922507
-0.125269240686223
-0.116527244488937
-0.102518100186767
-0.0850499822010709
-0.0658519951491344
-0.0465412393590494
-0.0285793444595698
-0.0131311352354018
-0.00084843854312585
0.00829367475650564
0.014984485756405
0.0203622078293863
0.0256706672647537
0.0319085416882622
0.0395775283195798
0.0485895940267174
0.0583444824470795
0.0679499575784234
0.0765189788640067
0.0834384637699854
0.0885008120092689
0.0918538287666682
0.093815874011936
0.094643186534513
0.0943148466424357
0.09238069762177
0.087933089006993
0.0797694543911055
0.066753139585785
0.048269171913446
0.0245905117269602
-0.00301072576892678
-0.0324609637487659
-0.0613196894522129
-0.0873079937351689
-0.108772409742498
-0.124933019229992
-0.135811365661927
-0.141861696003692
-0.143503640324289
-0.140841734264816
-0.133753386607661
-0.122284452051692
-0.107083147947007
-0.089571995435694
-0.0717140147936298
-0.0554623757516347
-0.0421476921420954
-0.0320722412588962
-0.0244648880422867
-0.0177849736911238
-0.010224875616423
-0.000197310887800572
0.0133723470026184
0.031008344620771
0.0528137521127309
0.078587383260495
0.107777915308166
0.139288064629921
0.171356087597866
0.201765901108328
0.228277694688702
0.248816409309061
0.261285679024427
0.26352650263995
0.253811020222029
0.231515960198939
0.197404427622871
0.153390793599934
0.102058547791401
0.0462698425689875
-0.0109329015842044
-0.0661933439653949
-0.115764346787491
-0.155755540225676
-0.182713926732805
-0.19432742534093
-0.190041202693009
-0.171457015229268
-0.142361533798018
-0.108187387131262
-0.0748755439901485
-0.0474678069837819
-0.0290045002651135
-0.0201696129607968
-0.0196964261939672
-0.0251698576796479
-0.0338025139965003
-0.0429698505735769
-0.0505100510692909
-0.0548539402769616
-0.0549992702021091
-0.0503307472991719
-0.0403688524295081
-0.0246250098383458
-0.00272910806471124
0.0251588804083831
0.0578537058694774
0.0928860252714437
0.126715130534883
0.155377955668512
0.175252603769267
0.183546173009221
0.178367373699086
0.15861693652523
0.124052275887172
0.0756125794014714
0.0157138022638967
-0.0518518390034282
-0.122484964989107
-0.191550059021873
-0.255011866353682
-0.309784604753685
-0.35380768659445
-0.385849486695179
-0.405011960560126
-0.410099493765916
-0.399309289582801
-0.370673220438406
-0.323178577287807
-0.257941531174049
-0.178717100760761
-0.0914115418211263
-0.00276194822346283
0.081247096145655
0.156425575910437
0.220268430245145
0.270872399019687
0.305918651266367
0.322775082157094
0.319764174858135
0.29756260692453
0.259561185178381
0.21081524194915
0.156185387150447
0.0987691479825067
0.0395578544749591
-0.0214949299393706
-0.0837361001216425
-0.144595254880449
-0.199657038044497
-0.243874929591501
-0.27312596184621
-0.285324524036727
-0.280755019468496
-0.261681146702578
-0.231472728733417
-0.193586800453199
-0.150816264165563
-0.105138568769819
-0.0581660776663193
-0.0118164907015852
0.0312847128492952
0.0679076352274841
0.0947256148693953
0.108988522297697
0.109187909918682
0.0956011982671476
0.0705592648525554
0.038244892753056
0.00393693767459227
-0.0271471854670465
-0.0510419478740638
-0.0658421339436159
-0.0718689111431914
-0.0711937929265276
-0.0667459880885095
-0.0613275229664374
-0.0568349279413752
-0.0538893662224894
-0.0519406434093598
-0.0497428584742209
-0.0459555124272009
-0.0396076291277851
-0.0303043337654613
-0.0182359122029806
-0.0041146874247686
0.0109024265058675
0.0253301185094961
0.0375353928982302
0.0459560000331256
0.0493087884581744
0.0467746521928212
0.0381758889614609
0.0241285719080069
0.00608638800537544
-0.0138168820170684
-0.033127791495256
-0.0495128207602737
-0.0611146434893968
-0.0667567784723809
-0.0660592527815475
-0.059543333268768
-0.0486738104958302
-0.0356692676623781
-0.022980440117925
-0.0125699157283164
-0.00530502187671367
-0.000728915364960253
0.00273939781490388
0.00731163025001388
0.0152319711432045
0.0282368549618592
0.0471993720846693
0.0720151209469541
0.101669059233422
0.134360971733228
0.16765463620435
0.19875055531847
0.22495416126971
0.244194663495979
0.255282512243583
0.257713707096061
0.251191719516909
0.235327408808489
0.209887288571671
0.175496173167415
0.134239829064292
0.0895935818744939
0.0455787895207075
0.00561655833885907
-0.0282607543400599
-0.0554754057769592
-0.0763816764524308
-0.0916022367884926
-0.101610341529171
-0.106629565244511
-0.106649943521539
-0.101356561284608
-0.0900102941482378
-0.0715514633376888
-0.0451437971270162
-0.0110243330608349
0.0288277094320204
0.070699743156635
0.109943165266286
0.142183811028625
0.164352018973971
0.175117899209478
0.174714526982026
0.16444544075165
0.14621577959454
0.122234663549936
0.0948110716746101
0.066104593908561
0.0378248254863084
0.0110341573196483
-0.0137930018088125
-0.0364805281189341
-0.0568373058776741
-0.0745388447617495
-0.0892672471015736
-0.100991813287938
-0.110187161804183
-0.117821346814729
-0.125069534451372
-0.132866762808511
-0.141526361625417
-0.15062957585495
-0.159219091862774
-0.166113616481603
-0.170078295319989
-0.1697358016728
-0.16339652114694
-0.14916963839508
-0.125560933934374
-0.0923151269718338
-0.0509055172906522
-0.00422018859952645
0.0443899354750779
0.0919945165695313
0.136261356235893
0.174933771841879
0.20526597929097
0.224192919001889
0.229489647702101
0.221366164122334
0.203428221301681
0.182147860064125
0.164845149458841
0.157096510615983
0.160825473196659
0.173896019219131
0.19115832724817
0.206227665112388
0.213232712663475
0.208162064449156
0.189702643240385
0.159383470240765
0.120808405220698
0.0781647218771506
0.0347533215079154
-0.00764495496800512
-0.0483531664764958
-0.0868591706255425
-0.122128290549192
-0.152590421688783
-0.176672462370412
-0.193432496939093
-0.202903571326826
-0.206015278855722
-0.20420536476917
-0.198934970235174
-0.191288681494475
-0.181757459652556
-0.170237042326925
-0.156234253857755
-0.139233243261058
-0.119121976170401
-0.0965339519816678
-0.0729586554744882
-0.0505539516218299
-0.0317381347193721
-0.0187416124337001
-0.0132502553068638
-0.0161258173814688
-0.0271360594951099
-0.0447527405485149
-0.0662126415710614
-0.0879717279248317
-0.106436897196423
-0.118663068929476
-0.12272689810686
-0.117696282349525
-0.103348989245807
-0.0799137958293667
-0.0480520166948198
-0.00909663661241182
0.0346606163806231
0.0799432726166919
0.12291982938546
0.160013537653667
0.188766671838885
0.208371349681341
0.219638202324613
0.224446724913256
0.224948342069374
0.222857869506821
0.219051586667785
0.213494161458362
0.20540545188725
0.193612850026773
0.177091071159585
0.155612506197218
0.130255520523312
0.103461386326824
0.0785220104558572
0.0586930196121798
0.0463112553905264
0.0422368362364412
0.0457384232352391
0.0547694440144738
0.0665100720416923
0.0780212694357222
0.0868269880459696
0.0912442269043042
0.0903691589660036
0.0837842564714606
0.0711981043432802
0.0522781538389393
0.0268310702125144
-0.00474815115074435
-0.0410573747004445
-0.079620375136429
-0.117257464564781
-0.150652741859724
-0.17675150581735
-0.192848928824591
-0.196628406358787
-0.186565365671105
-0.162789172193059
-0.12793707176399
-0.0873013011747451
-0.0479595866023637
-0.0172494085800264
-0.00125935825650725
-0.00374988456603513
-0.0255088462588596
-0.0640914161369714
-0.114124911822503
-0.168397793930947
-0.219585389550575
-0.262016976441784
-0.292790454682353
-0.311856419018006
-0.321154922606363
-0.323229505161465
-0.319881830329792
-0.311392698046154
-0.296631352428031
-0.274009940087314
-0.242822566072771
-0.204269858545291
-0.161605349171879
-0.119313617750163
-0.0817544350594305
-0.0519454999344866
-0.0309848288638514
-0.0182023666454311
-0.0117727872737324
-0.00939988632212314
-0.00878662006244192
-0.00781194245201358
-0.00452059757504005
0.00288555850316051
0.0159126409346467
0.0354906897148285
0.0616614909217789
0.0933870142253325
0.128569385886976
0.164314476657102
0.197435852962534
0.225122204421685
0.245560480260166
0.258220002827287
0.263584264961033
0.262378790266723
0.254654359490975
0.239243696525234
0.213979123296636
0.176692227197992
0.126626212067186
0.0656567284820766
-0.00130127372908513
-0.0670764447039931
-0.124049409262809
-0.166198363167862
-0.190353065200445
-0.19608604192412
-0.184566406774379
-0.157320411814829
-0.115666611660888
-0.0608732154745954
0.00539697412250588
0.0806440278014382
0.161085283869852
0.241353366378444
0.314827871079526
0.374849019343146
0.41623576342169
0.436134005617084
0.433878757896489
0.410501445920664
0.368580467711579
0.31233905869794
0.247347665035117
0.17953959111157
0.113956059469673
0.0538642935415814
0.000545387481646121
-0.0463674585589805
-0.0882630886563681
-0.12685048476083
-0.163531180114307
-0.198968277434008
-0.232934547327169
-0.26444921771969
-0.292123731059675
-0.314560370414637
-0.330615519666482
-0.339385686237357
-0.339928298796822
-0.330956287717356
-0.31088047405115
-0.278413455794171
-0.233516733303137
-0.178119185964919
-0.116114822845151
-0.0526105075733318
0.00717487530803292
0.0588786520256869
0.0995480354087564
0.127708789009067
0.14300040382495
0.145568555741325
0.135599032419608
0.113415080808388
0.0802166865330954
0.0389691493182416
-0.00533247550214079
-0.046444096656382
-0.0783948427687673
-0.0969675609748844
-0.100470453501171
-0.0896526901294029
-0.0670843304169406
-0.0364463580133835
-0.00200169969948916
0.0317294606732992
0.0602050412000094
0.0791265533813724
0.0848036103344596
0.0746354100708093
0.0476523144614723
0.00494793140300377
-0.0502277823908858
-0.112844966248938
-0.176862802655086
-0.236161467103182
-0.285378097867428
-0.320429628566512
-0.338616131967504
-0.338417450908062
-0.319307253288609
-0.281876774707915
-0.22824771954192
-0.162422148826071
-0.0901404766688784
-0.0180414788497591
0.0476886920304825
0.1026328522057
0.144805777362327
0.174391795097995
0.192844746231504
0.201964828680082
0.20341083027503
0.198671971074423
0.189224576870028
0.176624385068331
0.162481574196034
0.148391472123712
0.135882230518424
0.126381326068135
0.12116781967058
0.12126930952885
0.127290556395614
0.139235484572146
0.156433180504294
0.177601481308463
0.200931251468549
0.224054327274177
0.243953731443125
0.257076492155122
0.259845311331561
0.24947507107328
0.224795556835424
0.186814439959536
0.138856394215096
0.0861570407515355
0.0349152687619796
-0.00890561649026306
-0.040555866354518
-0.0569812770659591
-0.0569333652482634
-0.0409964581832221
-0.0116159124893548
0.0270675975909363
0.0698023563603946
0.111205550926612
0.146808622735468
0.173712066068838
0.190561421925454
0.196946294205732
0.192701827083183
0.177665733807791
0.152089028769678
0.117352863243676
0.0763693476349472
0.0332751973336776
-0.00747405217365383
-0.0421626108988937
-0.0685894704563546
-0.0863504219176279
-0.0966412139017301
-0.101721204656445
-0.104237695124882
-0.106643535291876
-0.110900944796458
-0.118500246587949
-0.130602765556399
-0.148024296800105
-0.170922160171797
-0.198339971691308
-0.227969571508712
-0.256430351169431
-0.280042248489061
-0.295688398145635
-0.301259197094517
-0.295525243130286
-0.277844098635476
-0.248292393937276
-0.208351598394374
-0.161579916965622
-0.113488025134092
-0.0703408575962455
-0.0373748812772663
-0.017316335626041
-0.00987472037551265
-0.0123088054036671
-0.0206367085469768
-0.030872993732283
-0.0398479621727591
-0.0455034472187443
-0.046821287635928
-0.0436048427960508
-0.0362499876075914
-0.0255358916311601
-0.0124246528578901
0.00211224864899114
0.017179352381458
0.0319011769488198
0.0452455219264003
0.0558311236592635
0.0618579993335297
0.0612791632170629
0.0522708268755281
0.0339233886653314
0.00688320165980763
-0.0264189048117873
-0.0621564032229848
-0.0959769189275854
-0.123967427993383
-0.143355187249068
-0.152805289994501
-0.1523668806661
-0.143170833390139
-0.126978463333853
-0.105731509081446
-0.0812951720962369
-0.0554687236228635
-0.0300957929618134
-0.00699584890943315
0.01237736060491
0.0273431914085923
0.0381619207836152
0.0458437446302942
0.0517345042914106
0.0571128722481594
0.0629584419161982
0.0699152489950624
0.0783713792498103
0.0885359391244566
0.100435234272713
0.11385447675302
0.128338667631125
0.143340862968932
0.158467259978294
0.173639330891728
0.1890076003073
0.204618082911825
0.220021979047566
0.234078602971732
0.245075982277088
0.251079038683661
0.250300753858962
0.241385289579772
0.223673254405457
0.197544529840317
0.164739278829763
0.12837130265132
0.0924232799205012
0.0608203480690193
0.0364508242880606
0.0205361307465913
0.0125598746937035
0.0106968899241003
0.0124883210852962
0.0154717631564278
0.017582250434258
0.0172998062865589
0.0136310649215629
0.00602728881968011
-0.00570976121066113
-0.0215162912260945
-0.0411077419929018
-0.0639167731451217
-0.0889490927684244
-0.114694644862538
-0.139233541464433
-0.160522876546339
-0.176698365564846
-0.186242043642351
-0.188034579407174
-0.181450442715245
-0.166617694533724
-0.144771427669602
-0.118451700919415
-0.0913020627830712
-0.0674281925921103
-0.0505326337705096
-0.0431743939603065
-0.0464318162864921
-0.0600316634350941
-0.0827851933299344
-0.113058509024212
-0.149039941351136
-0.188731499776664
-0.229800902720445
-0.269538243191351
-0.305064170311402
-0.333710387086587
-0.353347945787078
-0.362506629936485
-0.360326320487509
-0.346500855434351
-0.321309287865374
-0.285682794463488
-0.241205028418149
-0.190022229390285
-0.13471881655465
-0.078191307833149
-0.0234727669759055
0.0265623973632009
0.0696010009630302
0.104269538522112
0.130317063433772
0.148522591593289
0.16039371137637
0.167786220077557
0.17251377387763
0.175945971392929
0.17863138673517
0.180085527080755
0.178905784593491
0.173259780626764
0.161623006521372
0.14351776479677
0.119975236178753
0.0935288072269374
0.0677402202934215
0.046465966221527
0.0331462836356488
0.0302855542287034
0.0391015217141125
0.0592468775146379
0.0886298830250404
0.123531784979286
0.159198465994211
0.190814883169275
0.214474581758569
0.22772516769284
0.229567550042781
0.220161913690536
0.200610650013572
0.172957745114045
0.140217123729107
0.106150706528161
0.0747283160829887
0.0494758261499474
0.0329885013829587
0.0267239088798715
0.0309745200712444
0.0448359875291849
0.0660857909119086
0.0910987612510196
0.115092448746362
0.132938171401327
0.140453757955177
0.135711062331782
0.119742286585739
0.0962486578214454
0.0703771465230903
0.0470683732996487
0.0296580632833104
0.0192529577183813
0.0150082284616684
0.0150371668060769
0.017476928453248
0.0212593554919762
0.0263231950440603
0.0332579156668446
0.0425957521887429
0.0540802072996959
0.0662027654662168
0.076170167779006
0.0803304684411074
0.0749723476053239
0.05728042263642
0.0261019135625919
-0.0177993867326531
-0.072061387342383
-0.13332681545847
-0.197731924910293
-0.261114616810938
-0.31909655675664
-0.36726912056485
-0.401529624317349
-0.418464584885109
-0.415735857110858
-0.392510324546709
-0.349855671442599
-0.290829912238185
-0.220048720590654
-0.142855504885574
-0.0644946548249672
0.0103896563473937
0.0779205351782617
0.135021685501011
0.179465831960675
0.209924494375815
0.225944891548354
0.227849204225841
0.216623839255482
0.193862026118744
0.161779302326481
0.123276323288757
0.0819572237130352
0.0419516342423427
0.00745021106485534
-0.017919263900542
-0.03156376886768
-0.0320240774053604
-0.0188210098370439
0.00758248687995275
0.0454836012836872
0.0915201659653354
0.140614478627902
0.186577171580315
0.223186914576292
0.245227732784433
0.24906400990648
0.232744191818899
0.195935540472609
0.139915917892012
0.0675521910895318
-0.0169093263039275
-0.108225040966521
-0.200538574461937
-0.287721094127634
-0.36380562677361
-0.423569127790688
-0.4630575638221
-0.479816996699903
-0.472882198341957
-0.442804262373959
-0.39185567799495
-0.32421826808932
-0.245830522019106
-0.163741697203695
-0.0850730418332475
-0.0158422059486301
0.0400329896782346
0.0812382983402446
0.108861099637592
0.125484674101934
0.133848921608725
0.135574435950269
0.130532886815399
0.117265318193052
0.0943453210576882
0.0619782908179843
0.0228819822841852
-0.0181150503663536
-0.0555394675698467
-0.0849899289087167
-0.104258926207095
-0.113458222482382
-0.114295724060245
-0.10899470588315
-0.0993925947625498
-0.0865684125538086
-0.0710388656049945
-0.0532757939668821
-0.0341764491139845
-0.0152138632145765
0.00178220392100296
0.0150631550909074
0.0233907864214271
0.0262853907079847
0.0240442764338061
0.0175881037178995
0.00822965948153092
-0.00255671555492569
-0.0133132936977103
-0.0226925629188455
-0.0294617827552706
-0.0324588519489476
-0.0305806960898084
-0.0228839863143118
-0.00881490016227007
0.0115112852982034
0.0371235670786056
0.0662286128480289
0.0965058535090665
0.125597759725724
0.151641904619971
0.17365820747392
0.191650802194298
0.206404208917307
0.219082366573152
0.230785945324288
0.242170113846482
0.253163469114953
0.262848353272831
0.26960787976241
0.271568554678248
0.267162042302371
0.255508469332922
0.236464265961099
0.210453964945986
0.178320462600319
0.141286792871049
0.100926436077098
0.0590083692574631
0.0172118573760584
-0.0231714060922734
-0.0614273244547522
-0.0974607362633227
-0.131697556930152
-0.16483643417263
-0.197430913004497
-0.229380467863029
-0.259550290822242
-0.285752020695855
-0.30513975868153
-0.314858178035541
-0.312711869227256
-0.297722154970963
-0.270540130305035
-0.233655837241963
-0.191240852990142
-0.148480460370512
-0.110479432520114
-0.0811041232551854
-0.0622058204046627
-0.0534766048035229
-0.0528670597331055
-0.0572647023121217
-0.0631148473143885
-0.0668371922201088
-0.0651216108659662
-0.0553020028049479
-0.0358908195341389
-0.00708527885445944
0.0291004622621396
0.0692603538627167
0.109403458067901
0.145749181257166
0.17520831161181
0.195510369641963
0.205150437093581
0.203391300907758
0.19045853925113
0.167838130191561
0.138374103586493
0.105887491849426
0.0743445410413486
0.0469452276089251
0.0255766331975053
0.0108285959561561
0.00242390718055099
-0.000273974068434308
0.00203995542110403
0.00862704048792891
0.0185494826184584
0.0305239162440212
0.0428945767771706
0.0537415419216088
0.0611096464414513
0.0633510636343559
0.0595271390733206
0.0497097236456422
0.0349817162461943
0.0170619460294682
-0.00229280087590172
-0.0218031556812434
-0.040828987549276
-0.0590898324077097
-0.0760782265648158
-0.0904809200125562
-0.100001477142715
-0.101863368170225
-0.0939137587932696
-0.0757985405753073
-0.0494951280358062
-0.018812312490815
0.0118958322625114
0.0390996680725525
0.0608951430222013
0.0770167124662788
0.0882861478159721
0.0959121035953622
0.100976199972559
0.10423201383982
0.106157239992145
0.107117128258174
0.107510560641362
0.107822652903272
0.108555152399803
0.110038774643232
0.11216105900431
0.114086284474936
0.114107100301809
0.109810480778278
0.0986728194448992
0.0789756879616653
0.0506694888392997
0.0157333717975765
-0.0221918385115094
-0.0587234870910404
-0.0897659291308887
-0.112249140271032
-0.124449253050069
-0.126007357979876
-0.117811162004068
-0.101801107285711
-0.0806669809628666
-0.0574113194618104
-0.0348421574674654
-0.0151233992722385
0.000502745453591462
0.0117763254330905
0.0192872081243335
0.024219073044889
0.0280591397707492
0.0323379757602478
0.0383939294090997
0.0471122181608366
0.0586457420158446
0.0722435277032048
0.0863500843626029
0.099014294425748
0.108450191047786
0.113495327959882
0.113792602627723
0.109694358866353
0.102000322224319
0.0916238182280339
0.0792157114392027
0.0648002706935327
0.0476052923522311
0.026329511015447
-9.73784975570045e-05
-0.0315819653119828
-0.0663219399141097
-0.101038297560701
-0.131885343804757
-0.155534481508414
-0.169923349137483
-0.17448901183358
-0.170030087832121
-0.158423737811678
-0.142295895510083
-0.1246114921639
-0.108157343822009
-0.0950062379086941
-0.0861475253960063
-0.0814440305935292
-0.0799293786664062
-0.0802949049775636
-0.08134697905018
-0.082277388574259
-0.0827162248769767
-0.0826386391044507
-0.082230460067582
-0.0817903638947365
-0.0816910798492513
-0.082385492678051
-0.0844563819113187
-0.0887300503648464
-0.096410073057992
-0.109040645467929
-0.128066893988948
-0.153995137358643
-0.185534711911916
-0.219245140952648
-0.249928602750121
-0.271557571162009
-0.278336031628379
-0.265654652261501
-0.2308939358021
-0.173968717149187
-0.0973607089051539
-0.00554825559743121
0.0957988050346441
0.200267427933069
0.300573187360233
0.388276884638513
0.454076067192864
0.489157310094076
0.487454518965846
0.44791086847337
0.375479139817266
0.280114993328392
0.174204287558053
0.069711956589336
-0.0238465324620242
-0.100286395875776
-0.156646480786143
-0.19228873789259
-0.207510784563068
-0.2023487289613
-0.17635677607766
-0.12957118704343
-0.063977585431944
0.0155872290287528
0.10171164672478
0.185633784605775
0.258714422628155
0.313648448749715
0.345317765471925
0.35128267296524
0.331764703368078
0.28907461466884
0.226844740224028
0.149632498693264
0.0631017948987523
-0.025681098416509
-0.108634688379657
-0.178113185466694
-0.22890270285339
-0.259645553963666
-0.272822351255862
-0.273282457744871
-0.266091554179993
-0.254700350648164
-0.240153335035562
-0.221500044953649
-0.197003936298614
-0.165430490977647
-0.126819203462724
-0.0825932826424766
-0.0352587372083289
0.011987916614702
0.0556004276932572
0.0919801900984901
0.117764004437035
0.130148507829688
0.127355466094042
0.109299342499206
0.0782455193104591
0.0389422281718186
-0.00221394548610974
-0.0388484649988943
-0.0663581930892936
-0.0828597327184779
-0.0889363609997881
-0.0864677926178899
-0.0772570028357543
-0.0621602755772926
-0.0410751037036192
-0.0136697801190766
0.0196190484763942
0.0568858797908024
0.094726764205416
0.128891186778796
0.155265249890593
0.170660615052806
0.173022402726873
0.161088000005078
0.133964072117968
0.0911851641175078
0.0334311062438052
-0.0365273718097032
-0.113413402911799
-0.190050841220293
-0.258803068498375
-0.313101279763192
-0.348334784544889
-0.361912871958082
-0.352889289159603
-0.3216820160585
-0.270074650156353
-0.201281979463205
-0.119834555061157
-0.0313061808278095
0.0579859472219025
0.141385709081193
0.212577551637338
0.266367516904792
0.299056405763852
0.308242525459404
0.292675657168241
0.25291024080931
0.192539013081337
0.118769569999306
0.0413168341737221
-0.0300908769721318
-0.0881854549651455
-0.129288370491185
-0.152797315508135
-0.159766718114336
-0.151674923856492
-0.130081527355882
-0.0971388235283755
-0.0563472530540083
-0.0128524812791765
0.0270718199794435
0.0572279115010572
0.0729291173809685
0.072141536382712
0.0559443921205503
0.0281728809199393
-0.00561297716765324
-0.0394824285046969
-0.0684044938348647
-0.0891227859221661
-0.100490788682873
-0.103293841434489
-0.0997293661560045
-0.0928115675802019
-0.0859406411292934
-0.0826769250099529
-0.0864859587758397
-0.100133990423266
-0.124710475758746
-0.158761757673055
-0.198218097370547
-0.237312977352123
-0.269851441991186
-0.289869640471624
-0.291445875326281
-0.268529368547529
-0.21591235259386
-0.131485627290998
-0.0186044680731034
0.113059588796609
0.249058344327306
0.373614264270073
0.473431849638135
0.540210735551461
0.571021916990875
0.566925123703495
0.531116376745355
0.467952569720963
0.383295163452766
0.285390214774731
0.18500389668288
0.094155100176018
0.0238391525601549
-0.0182791298265802
-0.0292792592230516
-0.0109361364781207
0.0318265370697105
0.0932430722563554
0.168427959275693
0.253475338119044
0.344152496241091
0.434513408704975
0.516668383630375
0.581883973739412
0.622274376689285
0.632264986399514
0.609483580337566
0.555110046313237
0.473703766203242
0.372405183619473
0.259582190613851
0.143405918592883
0.0309767737338899
-0.071799880962504
-0.159964244201252
-0.229387078992709
-0.276950702811411
-0.300855082374324
-0.300895947108844
-0.278744702669628
-0.238244360199159
-0.185478084128964
-0.128202648805956
-0.0744823574840125
-0.0309021244180783
-0.00111886705454894
0.0146098834422881
0.0187877411550235
0.0152988140262278
0.00786723775214976
-0.00112643490015554
-0.0111587154752519
-0.0233338042982018
-0.0395753763496843
-0.0615739277709936
-0.0898617525306503
-0.12331033858167
-0.159223622366548
-0.194050136848151
-0.224533164571171
-0.248902402119537
-0.267599850825042
-0.283136409364391
-0.299024535569113
-0.318205535960999
-0.341696192688886
-0.368047951977158
-0.393706984957001
-0.41391380767094
-0.423744552837364
-0.419134702029687
-0.397812469077079
-0.35990882050308
-0.307966454804162
-0.246357450725232
-0.180428436169262
-0.115647811804986
-0.0567605959488188
-0.00689751499034332
0.0331479636356596
0.0650234596401071
0.0920149478543973
0.117565377249404
0.143794742954391
0.170723576589
0.196488754795786
0.218305633667297
0.233618405869552
0.240926646011455
0.240067749288904
0.232037452601
0.218564994349431
0.201620375306318
0.182949786034119
0.163717720945131
0.144355630043985
0.124685613688038
0.104273533759519
0.0828350282631952
0.0604701534469374
0.0375941442643239
0.0146269621309052
-0.00832264833777636
-0.0315284830548091
-0.0553983071631677
-0.0800680709863812
-0.105111398659058
-0.129534114796804
-0.152008832427162
-0.171155807856496
-0.185682909034911
-0.194319453330121
-0.19562882947285
-0.187897949106262
-0.169328627738745
-0.138650211926187
-0.0960288571981731
-0.0438649729585428
0.0130551764660228
0.0683794984203818
0.115797870196758
0.150750655568109
0.171439737520133
0.178743206138231
0.175258861447979
0.164108745043624
0.148101767131745
0.129486035883253
0.110109456205127
0.0915880257148071
0.0751524982961284
0.0611465637776746
0.0485076914577198
0.0347449766271107
0.0167470423910999
-0.00777462744553066
-0.0389339443796882
-0.0742125976907253
-0.109193329947594
-0.13908448162704
-0.160270311352579
-0.171247697751031
-0.172703422243245
-0.166873274331657
-0.156576657420476
-0.144383362028458
-0.132211020122074
-0.121354491015182
-0.11271766115591
-0.107001314622284
-0.104742214055422
-0.106234215887487
-0.111410462175339
-0.119761636574768
-0.130350412151841
-0.141949544551163
-0.153277765207157
-0.163264652123517
-0.171265386123874
-0.177162091540327
-0.181324158234979
-0.184450859523011
-0.187355182235195
-0.190739960127018
-0.194992539715043
-0.200022716318346
-0.205166777188929
-0.209145178059968
-0.210063868881739
-0.205570758585836
-0.193384647431139
-0.172235277369125
-0.142810302989576
-0.108044607261284
-0.0723896836306768
-0.0403721931385848
-0.0152100256091405
0.00184529613895257
0.0112642265064256
0.0144025825396616
0.0125970581824702
0.00663958560414538
-0.00317750582739785
-0.0165333539868307
-0.0323281626080661
-0.0480117351738648
-0.0593033280977096
-0.0606324171242183
-0.0464393016904044
-0.0129128769733118
0.0407754449311858
0.112428036688006
0.197668032060916
0.29074333167383
0.384836988145046
0.472361435772009
0.545884389740921
0.59961477260689
0.630699960204062
0.639621208405011
0.629490506309408
0.604545619064123
0.568486301491791
0.523498154524424
0.470572804817535
0.410879915748617
0.347095066895899
0.28363936858037
0.225721664949316
0.17791960354329
0.14309763403699
0.121989357728778
0.11336266832487
0.114557593741863
0.122199904166081
0.132909962662751
0.143844453876948
0.152972357109093
0.159089086618307
0.161657705321209
0.160591451027796
0.156068456098423
0.148428586891647
0.138150959631681
0.125852312909638
0.112220698616466
0.0978476094394539
0.0830149561678825
0.0675456612910748
0.0508026804252655
0.0318733210332484
0.00994203252588992
-0.0152169325353705
-0.0428411563975737
-0.0711840375788181
-0.0980789114660832
-0.121842493947102
-0.141987069516218
-0.159269702107536
-0.175026927198821
-0.190214147673869
-0.204745818309397
-0.217497654945378
-0.226870383028615
-0.231476720005172
-0.230540191374595
-0.223911635019158
-0.21190566374964
-0.195187173394478
-0.174730231157391
-0.151682242450132
-0.127018401235255
-0.101137459895854
-0.0737539584648919
-0.0443206289540871
-0.0128121205247529
0.0196322389518657
0.0506609093736208
0.077323519601918
0.0970112310550696
0.108259590286656
0.111101914926483
0.106925371728258
0.0979936546684337
0.0868888736338999
0.0760900735273962
0.0677855867674386
0.0638740229539104
0.0660048369952904
0.0754875598249102
0.092986859965696
0.11809756576112
0.149046265269548
0.182757856800095
0.215347049473254
0.242877177261681
0.262095675655907
0.270854424434691
0.268079706358999
0.253433045414957
0.226996267588931
0.189213413111162
0.141039901950967
0.0841296237218715
0.021013994993121
-0.044713529972243
-0.108383317310273
-0.164738773761631
-0.209032192580896
-0.238330762346699
-0.252361115547627
-0.253458846426413
-0.245718724445854
-0.233815052975689
-0.221961960019779
-0.213242737255145
-0.209306820962992
-0.210332578823196
-0.215144837806453
-0.221395167760024
-0.225764841323676
-0.224258852288234
-0.212767925391744
-0.18804443430494
-0.148983695065785
-0.0977491640569226
-0.0401240106357889
0.0152895580736821
0.0589015943561822
0.0824673231817082
0.0812767404973174
0.0556128302070359
0.010971293287647
-0.0432437982981075
-0.0962902288994621
-0.138987787185862
-0.165741823205879
-0.174961323766939
-0.168082251988355
-0.14811225489685
-0.118600411374799
-0.0833305062323908
-0.0464046417829064
-0.0122079015973973
0.0149705764170989
0.0315258136351472
0.0350997106668415
0.0250037378764047
0.0024644083377241
-0.0294157314497949
-0.0661292762390532
-0.102645183214775
-0.134398704103795
-0.157989780466612
-0.171404215738667
-0.173910152894577
-0.165929352243245
-0.149022893535729
-0.125853162046823
-0.099875138204219
-0.0746617604098899
-0.0530103829936264
-0.0361066909746175
-0.0230319509520651
-0.0108873786755616
0.00429528940410606
0.0260769209320123
0.0563198699199195
0.0948957543160718
0.14042672713704
0.191121006628301
0.244717390678681
0.297587427568931
0.344034059531761
0.376781106858195
0.388791225702387
0.37570175180385
0.3377635645692
0.280268513243158
0.212078832456037
0.142829888896497
0.0800845183876057
0.0276546292127716
-0.0144449623406321
-0.0487966202735475
-0.0789547765333675
-0.108149482197995
-0.138702813075579
-0.172078569750315
-0.209122954950375
-0.250024939588221
-0.293904292377713
-0.338410606268627
-0.379811885848333
-0.413673142811413
-0.43580597641427
-0.443133247665616
-0.434356975654813
-0.410421542607033
-0.374606014163284
-0.331982079040246
-0.288215797308394
-0.248111975121833
-0.214510142458164
-0.187963499041053
-0.167221835487323
-0.150176015313278
-0.134793999776145
-0.119706009619703
-0.104347214463437
-0.0887551093780989
-0.0731599797775121
-0.0574842939484135
-0.0409095793952075
-0.0217598473847901
0.0020829361288769
0.0322830303398722
0.069086828948443
0.110845989004376
0.154325828875233
0.195604921925168
0.231051162324931
0.257960880376273
0.274799671546018
0.281202749280403
0.277832575718614
0.266066125783193
0.247532545621887
0.22369008668063
0.195673689299774
0.164463973885896
0.131191188467215
0.09730753433431
0.0644732438234599
0.0341885732862929
0.00735320623917913
-0.0160056121653846
-0.0366543794799218
-0.0557184744303703
-0.0740928004206365
-0.0919973569487908
-0.10888572101584
-0.123692730145303
-0.135207323759464
-0.142311096165494
-0.143973776331442
-0.139160232394328
-0.126971817479178
-0.107208557177
-0.0811280844602125
-0.0518358301779304
-0.0238289243615221
-0.00172957701963667
0.0112060927751393
0.0140501029320529
0.00819952406230021
-0.00348119178862122
-0.0178625014856542
-0.0325409744718354
-0.046299331722823
-0.0590058804431325
-0.0711061758548412
-0.0829353732935969
-0.0941185470494723
-0.103311000016465
-0.108374998356427
-0.106832604596352
-0.0963094316152312
-0.0748623252334912
-0.0413799827604531
0.00374886179957531
0.0579081350542143
0.116070253211549
0.171624825107745
0.2180501253571
0.250674802462575
0.267733195985029
0.270357245041437
0.261684493290009
0.245605128697997
0.225737532997596
0.205012733933545
0.185843998883525
0.170486397622725
0.161114355142747
0.159420989746849
0.165955476686083
0.179653906185443
0.197919468416572
0.217250731709107
0.234058023918553
0.24521042031524
0.248122603872479
0.240650161485943
0.221308387086312
0.190043294618225
0.149130486821047
0.103375850443906
0.0591068851558006
0.022258572714196
-0.00351826188307323
-0.0178334070578606
-0.02328770281758
-0.0242448858444583
-0.0252638867499028
-0.0298063687327247
-0.0396046124544271
-0.054746536124978
-0.0742325948211117
-0.096610071548724
-0.120355397370954
-0.143888586792652
-0.165327732110574
-0.182240898452016
-0.191711844716699
-0.190950143680314
-0.178363768458911
-0.154582417913574
-0.122741061911963
-0.0876794094087611
-0.0543821339021745
-0.0264455452849996
-0.00527883765733937
0.00973022129066436
0.0203556833486197
0.0284995724584121
0.0354517472942854
0.0416623228918695
0.0469586399928376
0.0509547657626631
0.0533882148679257
0.0542497000790673
0.0537426765347408
0.0522032343044677
0.0500883046131428
0.0480550737234149
0.0470727013193827
0.0484542092797428
0.0536914056779301
0.0640520138567
0.080050358529208
0.101046824166658
0.125244376629448
0.15017139793337
0.173453263022267
0.193484643802049
0.209681226853018
0.222269393758972
0.231842785740554
0.238976892046306
0.244039850262225
0.247132834658452
0.248016426756495
0.245986087810498
0.239840691914059
0.228147523041497
0.209837006036564
0.184872679974569
0.154594321941716
0.121481524124753
0.088428665370274
0.0578992276404706
0.0313548117658088
0.00915723835333786
-0.00911072865780568
-0.0241175794913695
-0.0362835830254253
-0.0454835521014845
-0.051033988356719
-0.0519558052339176
-0.0474305856080574
-0.0373165656149445
-0.022553564667276
-0.00527594210178112
0.0114847928986686
0.0244640593766173
0.0309592090830315
0.0294415275625107
0.0197803360022272
0.00307534154205294
-0.018774381418415
-0.0436203291169689
-0.0696080921301547
-0.0955786256652832
-0.12118983461526
-0.146701836405551
-0.172527642261433
-0.198782725070909
-0.225061581693763
-0.250521845103504
-0.274175379973085
-0.295189956206056
-0.313030429834917
-0.327373871601054
-0.337856267655614
-0.343795280029595
-0.344051024582872
-0.337133971000303
-0.321567632296911
-0.296398031950949
-0.261670157839548
-0.218716151183256
-0.170189938130669
-0.119839001407342
-0.0719973020251437
-0.0308082201497834
0.000687223297927721
0.0213184931694561
0.0321175169508136
0.0360647024905388
0.0372986072391718
0.0400006396824594
0.0472659371023453
0.0602994891634741
0.0781952981447853
0.0983486061540202
0.117290354237354
0.131570703061597
0.138366096512383
0.135701614567755
0.122408595479233
0.0980446975229649
0.0629636746290236
0.0185721995655124
-0.0323865155169291
-0.0858158719004747
-0.136750229554342
-0.180310041391095
-0.212789173746404
-0.232401758218603
-0.239359741744069
-0.235301436579704
-0.222435860108673
-0.202866352728318
-0.178319885294322
-0.150137624970019
-0.119239207171533
-0.0859969089462813
-0.0502629132537258
-0.0117836252278085
0.0291175370150036
0.071019733515242
0.111419108639051
0.147294682626532
0.175906184921494
0.195392494628219
0.204853955669082
0.203881740913327
0.191862857316901
0.167643499582465
0.130003668030424
0.0788289598031063
0.0162402210076575
-0.0531806361727332
-0.123363748902223
-0.188401176260756
-0.243952048400028
-0.28776532197547
-0.319322630437757
-0.339079633618713
-0.347849292944211
-0.346622886160906
-0.336784215056896
-0.320418706740105
-0.300367542534436
-0.279850226124441
-0.261765268989916
-0.247990713570975
-0.239017890647307
-0.234074194744298
-0.231639622206843
-0.230076801040555
-0.228065842902044
-0.224667826909101
-0.219059385007369
-0.210167856611425
-0.19648210860097
-0.176192523830031
-0.147628004468074
-0.109849192316329
-0.0632423465086607
-0.00993595573487726
0.0461868084480668
0.100036143065733
0.146297882434791
0.180416626394666
0.199140837340992
0.200560017700957
0.183982862861549
0.150065495211859
0.101237722105379
0.0420462364696037
-0.021052364923442
-0.0805933778025913
-0.129424404040853
-0.161994611639196
-0.175292302787978
-0.169318912239506
-0.147061722686896
-0.113895167097124
-0.076396861638734
-0.0407950162456309
-0.0115122061233838
0.00969116272257534
0.0236982148442492
0.0332156458448776
0.041511189104704
0.0511857751416453
0.063393570616292
0.0777140879489184
0.0926130160962414
0.106216651288836
0.117053655771452
0.12449914951542
0.128832328732939
0.130995891602925
0.132238892641318
0.133806352518658
0.136749366739496
0.141836029452862
0.149494790668842
0.159737038140289
0.172070144894004
0.185463957253132
0.198400860113256
0.208941429827201
0.214714042281703
0.212894583712401
0.200459884277356
0.174974647360486
0.135768928080479
0.0848725619253319
0.0269985227672339
-0.0316171747815618
-0.0849974770217857
-0.128964470026442
-0.161797398031094
-0.183880669110911
-0.196644932937677
-0.201315948598338
-0.198025932264269
-0.185724255077464
-0.162993897355583
-0.129392876638652
-0.0865672114547755
-0.0384336599095271
0.00975258134813762
0.0529774686494334
0.0878965456679117
0.113510007054515
0.130991564052269
0.142981012694422
0.152710572019039
0.163171663175817
0.176410127003949
0.193067662710369
0.212335367979968
0.232387144072846
0.251126769644502
0.266900138751741
0.278862834419279
0.286920870866167
0.291383871410695
0.292535993314335
0.290262254867689
0.283791177864599
0.271619799826668
0.251744958276215
0.222298518343445
0.1824749229642
0.133355713025925
0.0781476795634408
0.0216090085781042
-0.0311191341793985
-0.0757473886443928
-0.109606367857831
-0.131660534186386
-0.141841684078533
-0.140135856873248
-0.126049264731863
-0.098906460052968
-0.0588964196525524
-0.00821289699057022
0.0485270162165348
0.105010286575828
0.154852152491126
0.193363667772494
0.218663524787127
0.231716576412641
0.235412167020207
0.233172552344321
0.227676475108723
0.220156017059852
0.210476822335451
0.1978888901521
0.182016040531294
0.163524747604459
0.14411924153316
0.12592501521927
0.110629487968712
0.0987677906357481
0.0893889652527638
0.0802083739104123
0.0682597748544827
0.0508886952541248
0.026691490415686
-0.00407489537307042
-0.0398277934892767
-0.078487641988654
-0.118247514055906
-0.157836011398128
-0.196228931587652
-0.232125543914199
-0.263569592233061
-0.287889274611998
-0.301903187060129
-0.302305572195381
-0.286250295117135
-0.252148815197444
-0.200480821652187
-0.134194533110965
-0.0583191510859518
0.0212269196473682
0.099161111423761
0.171923793223911
0.237745329784368
0.29579827048608
0.345227129409172
0.384879246491909
0.413846038776473
0.432132304896588
0.440652039822279
0.44039559080934
0.431434876738311
0.412707628020403
0.382972076727568
0.342361334571487
0.293392198898521
0.240592796127657
0.188850707478843
0.14141865317631
0.0987027727473179
0.058468303239754
0.0172863169621133
-0.0275997445731223
-0.0769255962526247
-0.129101396119005
-0.180887136248831
-0.228579293356014
-0.26910747868787
-0.300509912643162
-0.32154507618024
-0.330732413322706
-0.325647074866453
-0.303324476608068
-0.261921972087726
-0.20276934046675
-0.131440305518882
-0.0569541578544709
0.0106593620388739
0.063229795280251
0.0963505243138733
0.109542959477114
0.104912906432862
0.0853055449609539
0.0530612312499972
0.00989477590017583
-0.0423760490201998
-0.100986840046075
-0.161912362012336
-0.220295441251696
-0.271394111194389
-0.311577387143526
-0.338904336195462
-0.353049702148102
-0.35468150116633
-0.344656625400423
-0.323418496163348
-0.290794198863247
-0.246215841657313
-0.189353464738966
-0.121083240490475
-0.0444437795257437
0.0350538436869085
0.110265236930703
0.174252336524494
0.222276194352351
0.252942504216993
0.268011945327289
0.271143544527914
0.266305595060648
0.256547556591099
0.24345349778122
0.227223905904691
0.207151247855486
0.182234778989675
0.15172165080045
0.115447707893798
0.0739919796930535
0.0287591247578563
-0.017962947240758
-0.0631018847870434
-0.103238654232943
-0.135361175842511
-0.15763221759991
-0.169810512694765
-0.173176842881226
-0.170083617973196
-0.163357559747655
-0.15573885057984
-0.14946949639151
-0.146130947756953
-0.146816628141891
-0.152585970328765
-0.164892083825484
-0.185543260381373
-0.215998066361579
-0.256310154206792
-0.304394455448904
-0.356142953331443
-0.406378441574316
-0.450097709284142
-0.483279354424255
-0.502862129797136
-0.506177225429323
-0.490625648242006
-0.454196804104439
-0.396612859103968
-0.320230704207368
-0.229981244421451
-0.132369247560459
-0.0341591532902719
0.058601308384921
0.140951184794574
0.20891326802445
0.259248888111183
0.289377341152757
0.297583802546083
0.283402714759338
0.247914616796958
0.193731104429928
0.12463728230298
0.0450798136215761
-0.0402264105235495
-0.126432435110394
-0.208535800072381
-0.281407217807018
-0.339889278609511
-0.378837152619992
-0.393173624356715
-0.37836552947343
-0.33157317841521
-0.253036840908283
-0.146858553492093
-0.0207736692017113
0.114791397955218
0.248001151003282
0.367276977352224
0.463391397797032
0.531355103415217
0.570955563551844
0.585326384018872
0.578245040957918
0.551877439518471
0.506483744203786
0.442219737559211
0.361629015018442
0.270904504993387
0.178879752450246
0.0942878291486562
0.0229418023304149
-0.0335648679311493
-0.0770961938887535
-0.11085892632316
-0.137271800141443
-0.156866684587345
-0.168420105495744
-0.169787667510506
-0.158800088709697
-0.13399365898109
-0.0953275358125759
-0.0449349784546845
0.0124418219016292
0.0697701896597201
0.118807176733594
0.151497800504676
0.161277762598078
0.144204706029572
0.0999159448505795
0.032088669518287
-0.0521262912378277
-0.143832836014069
-0.234629687823662
-0.318262813038413
-0.390965314531604
-0.450671567102183
-0.495948557160815
-0.525379533659564
-0.537518369506695
-0.531098740436781
-0.505304305549797
-0.460270957231299
-0.397992182388199
-0.323275073142545
-0.243901860836162
-0.169369169527857
-0.108496348045173
-0.0670555850983585
-0.0466384000950633
-0.0452079038384219
-0.0588014943549553
-0.0833043720327424
-0.115382191419608
-0.152347227261455
-0.191442376434841
-0.229291273463852
-0.26197521171865
-0.285672201012271
-0.29744276510462
-0.295730705832541
-0.280352333525004
-0.252015415931557
-0.211653186304472
-0.159984651654945
-0.0975909363249671
-0.0254442699425783
0.0544816053053875
0.138872281585822
0.223105356520461
0.301637214794763
0.368828576874756
0.420234639114735
0.453899363969251
0.47070720616559
0.473143851596366
0.463036194871816
0.439966681494441
0.401782728291012
0.346924264767227
0.276769449678323
0.196356310288442
0.113344429085435
0.0362958627999965
-0.0267001218067199
-0.0688625680756978
-0.085384621865782
-0.0741538457395131
-0.0362659985918245
0.0240787514886168
0.100297354417933
0.184309447147391
0.267237174870256
0.34006121966471
0.394567815494885
0.424609597449708
0.427324752027262
0.403847356904894
0.359134278619226
0.300784036836404
0.237186058776018
0.175782100144637
0.122173335212378
0.0801858928402877
0.0523688848993966
0.0403223715390713
0.044682041764338
0.064979316396084
0.099598983062353
0.145827155384876
0.199874407758325
0.256893539236166
0.311188928349553
0.356786488698812
0.388307822310213
0.401897626235459
0.395917217974369
0.371159398158778
0.330424224553703
0.277531597646149
0.216209450582482
0.14946806600167
0.0797794845509631
0.00979232138948773
-0.0570833592324341
-0.116757289389058
-0.165206420884021
-0.199378568804008
-0.217651919798807
-0.219641082991041
-0.205686930218555
-0.176601447240641
-0.133953304188224
-0.0806309246725793
-0.021095060438056
0.0390979620822375
0.0944217247846621
0.140643984340786
0.175640630932666
0.199429173786251
0.213477789529241
0.219642092792633
0.219183051893253
0.21223628234379
0.197899920047539
0.174857847829957
0.14223875213981
0.100321057778452
0.0507791669193726
-0.00362052665902951
-0.0597382167561516
-0.114901484561331
-0.167516942050063
-0.217167040360133
-0.264129984789986
-0.308580046901535
-0.349930625693836
-0.386668934409584
-0.416644601217365
-0.437444715449228
-0.446537951399703
-0.441262967588357
-0.419068159945465
-0.378319308524573
-0.319530233540905
-0.246416368330029
-0.16605664082962
-0.087773049828987
-0.0209749071187788
0.0271715724865621
0.0532360652668172
0.057659836756012
0.0438109817918541
0.0167129781625502
-0.0179633183414394
-0.05457777996789
-0.0881255472133685
-0.114899533046704
-0.133031312029509
-0.142622416934811
-0.145358706666936
-0.143756726310172
-0.140312203803754
-0.136784598946915
-0.13375508807303
-0.130511053415765
-0.125246166350752
-0.115516921423983
-0.0988688304850214
-0.073520674416484
-0.03894279188278
0.00388560755324715
0.0527079997460015
0.104685547996407
0.157285146099714
0.208957102879428
0.259265879733698
0.308384587470075
0.356210658575819
0.401634143895293
0.442432305881484
0.475789588449085
0.498922938631678
0.509304603274945
0.504586749044511
0.482859755070413
0.443614423686628
0.388906623010502
0.323689583979414
0.254729255316644
0.18855623883767
0.12956838879389
0.0791897616668162
0.0362711021026431
-0.00167799047788725
-0.03703603317149
-0.0709332538759538
-0.102773327743586
-0.130484256805705
-0.151299199380242
-0.162729557127577
-0.1634240253254
-0.153702814978498
-0.135624110182793
-0.11252633561919
-0.0881724509710456
-0.065831665142951
-0.04768138131234
-0.0347131215413334
-0.0270248278469847
-0.0242105235636077
-0.0256044859428838
-0.0302946167648467
-0.0369474111983742
-0.0435561039508755
-0.0472888410938348
-0.0446740330607977
-0.0323029914770786
-0.00795951353456688
0.0282901264609513
0.0736850271253801
0.123392034909875
0.171878604375135
0.214188800871616
0.246279480344454
0.264317302415982
0.263885238340908
0.240438984254563
0.191405672117827
0.118640502944274
0.0292140205046378
-0.0663783075712667
-0.157529637934248
-0.236347395696732
-0.298671748019816
-0.343337343670317
-0.370574887462872
-0.380501858421389
-0.372347277239563
-0.344708037676382
-0.296698163346315
-0.229334194077608
-0.146233075320119
-0.0530595258021243
0.043940144240956
0.139250746508623
0.228395748900457
0.307438067261612
0.372612558922136
0.420580861110939
0.448796509241516
0.455300659737139
0.438178029372631
0.395648340455361
0.327325111369568
0.235997536094139
0.128599697994635
0.0154179738577858
-0.0923254694867989
-0.185382299900419
-0.258487682820682
-0.310676571670693
-0.344114811547193
-0.362349694947321
-0.368891896660613
-0.366543082121655
-0.357358069629788
-0.342901250972384
-0.324508034767593
-0.303402481272134
-0.280639964877275
-0.25695016825074
-0.232643840443354
-0.207736049795212
-0.182301504058213
-0.156920083111231
-0.133015441831066
-0.112935986780234
-0.099694776039966
-0.096346458650008
-0.105085393343628
-0.126320936329668
-0.158135796346984
-0.196507894463784
-0.236384761441034
-0.273230993565493
-0.304303671950623
-0.328957279489523
-0.347803599873085
-0.361247199642935
-0.368317262639108
-0.366553635786228
-0.353069051189137
-0.326172045896843
-0.286570663203892
-0.237469393703006
-0.183615400003829
-0.12995152312993
-0.0805641173012962
-0.0381979869102771
-0.00420073519371526
0.0213597170450081
0.0395470338315038
0.0523744753935021
0.0625181329615086
0.072862593001162
0.085880565404646
0.102971948524384
0.124037047042449
0.147604015959025
0.171624471572489
0.194627112404914
0.216579813283273
0.238892166612336
0.26349899195123
0.291532386720317
0.322311381893441
0.353140323508794
0.379924702536735
0.398239513662132
0.404427742844954
0.396460263706758
0.374406258800999
0.340381858311909
0.297916977935498
0.25090182992265
0.202524164210797
0.154677007746109
0.108104322523197
0.0631498419739264
0.0206277396427318
-0.0177083398716443
-0.0493169239416413
-0.0714492393956773
-0.0817746418246325
-0.0788005120335121
-0.0621016775630357
-0.0324979911236462
0.00778533876346373
0.0551232341805353
0.104862220959333
0.152098633163017
0.192644176063965
0.223801726348954
0.244646894658381
0.255757916678141
0.258566030678852
0.254570012367671
0.244627411299426
0.228548431486602
0.205249659998387
0.173552224684935
0.133276453632774
0.085944178901132
0.0345719924743599
-0.0173273477274377
-0.0668605709829745
-0.112301870535686
-0.152880178447884
-0.188149758414313
-0.217454581996992
-0.23974757098516
-0.25367036024065
-0.257699629810174
-0.250375261654697
-0.230807716666591
-0.199473936876855
-0.158878315358777
-0.113493579567116
-0.0687830193649617
-0.0297180359320075
0.000493754639567564
0.0209435268726689
0.0327292074630657
0.0381093805588265
0.0395121741724979
0.0387319722791615
0.0364764306374597
0.0323045250700931
0.02496570401816
0.0131028501847168
-0.00388392299416725
-0.0252013968094515
-0.0486227105367611
-0.0711097960783976
-0.0897892683679409
-0.102788392045804
-0.10954418050122
-0.110493293844575
-0.106355982416953
-0.0973990198809829
-0.0830414710677034
-0.0619935036545621
-0.0328905579244621
0.0048129387935642
0.0500538621698718
0.0998590060073821
0.149772040867247
0.194932925128694
0.231386944324132
0.257053860383112
0.271961591171018
0.277732648764755
0.276655931521251
0.27078522006439
0.261365465794734
0.248663646977865
0.23216248039075
0.211078274945127
0.185123263664434
0.155252895394121
0.123984997733614
0.0949984060743717
0.0721075740343378
0.0580693270202339
0.0537308937795286
0.0577809920962429
0.0670477673186944
0.0771100329114708
0.0830018440323505
0.0799128505629261
0.063887981094726
0.0325062694011627
-0.0146168022158014
-0.0757375136348924
-0.147388256107954
-0.225065600074787
-0.303850184405726
-0.378797635538495
-0.445241184871834
-0.499194828640481
-0.537789267862686
-0.559437947413769
-0.563533143729212
-0.549859363092698
-0.518212632766599
-0.468620948393417
-0.402138292949911
-0.32177683128456
-0.233007449830602
-0.143408183292529
-0.0613841654214759
0.005678461094946
0.0531255383052455
0.0799251328881625
0.0884434075189117
0.0833442155493859
0.0701767149023003
0.0541969905371886
0.0397065919918597
0.0298805525570043
0.0268556943258352
0.0318305775451633
0.0450889219174304
0.066086789756523
0.0938076152421438
0.127326097546863
0.16613720878556
0.209791935607794
0.256922920848625
0.304351147400602
0.346991556160777
0.378727643294835
0.393911856545786
0.389032240946931
0.364107056967039
0.323256272264608
0.273918674859088
0.224722389888824
0.182843519227074
0.152067208693892
0.132316914672301
0.120544365808193
0.112264790953078
0.102981342251635
0.089094199932888
0.0683078634068608
0.0397810397210197
0.00419705068281963
-0.0363100841209897
-0.0785488332381442
-0.118962519915607
-0.154318219092063
-0.182087190728692
-0.200522466863025
-0.208697148877472
-0.20668287451441
-0.195771663316518
-0.178523580485523
-0.158539788144819
-0.140011500008351
-0.127145628237839
-0.123580812379561
-0.131923683373783
-0.153478146670551
-0.188114662739489
-0.234194971430029
-0.288605266950691
-0.347077655130728
-0.40488991947277
-0.457785408530244
-0.502782575324959
-0.538546442826224
-0.565083188442356
-0.582677885729004
-0.590371648787866
-0.584816219979334
-0.560517879238413
-0.511780221003848
-0.435437021626152
-0.332821065799165
-0.209946087755241
-0.0760219920528133
0.0587939861955226
0.185431068122346
0.297096518285376
0.389477150778395
0.460248211044144
0.508413627183219
0.533899665597457
0.537524524931567
0.521187566921684
0.487979023193956
0.44196282117372
0.387637682710807
0.329351556323235
0.27095007960607
0.215651225570913
0.165875406926891
0.122835409494394
0.0860541139958193
0.0532813933945083
0.0212141400036809
-0.0130281083650332
-0.0502543781297956
-0.0881954477717355
-0.121728401237902
-0.144399681921913
-0.150756621299327
-0.138585681215987
-0.11006369445677
-0.0712374436655256
-0.0300644863633858
0.00603142194946158
0.0320220822228353
0.0459676271128015
0.0485720880081149
0.0420081862429534
0.028542804993021
0.00951204703783401
-0.0149093305992002
-0.0450416761649884
-0.0805434718581432
-0.119498518647529
-0.158310487121691
-0.192378285777312
-0.217015920974033
-0.228111057769395
-0.222508108780924
-0.198468693428486
-0.156353419253753
-0.099125594797777
-0.0320882262132219
0.0382591518222902
0.105681815784627
0.165247778873877
0.213647856777404
0.249060689622302
0.270969412303698
0.280070491563121
0.278147330238545
0.267807542944033
0.252184160019679
0.234748973914288
0.219178221829712
0.209003501191057
0.20686917622368
0.213572126241804
0.227355239609794
0.243890737022879
0.257065411502873
0.26034137347097
0.24831519106056
0.218088487375274
0.170059511188913
0.107800433885843
0.0369867460306832
-0.0361550610213431
-0.106119428239499
-0.16858240432731
-0.220091109289157
-0.257444956897964
-0.277279769909761
-0.276191067109276
-0.251500067570285
-0.202480829547975
-0.131575044058454
-0.044995591926811
0.0477220809101868
0.135278163697343
0.206893555317082
0.254635644510811
0.275061084520314
0.269668567194615
0.244024626448154
0.205861440932959
0.162834692829638
0.1207657124764
0.0829208811432773
0.0503281896545028
0.0226625523584148
-0.000868347995734746
-0.0209773784171705
-0.0381344185772157
-0.0526616712095567
-0.0649181558262256
-0.0753986014165751
-0.0846072425391358
-0.0927078189881574
-0.0991706548526084
-0.102755180165855
-0.102011267803897
-0.0961195348514892
-0.08560691346739
-0.0725089378450937
-0.0598755531842211
-0.0508939057907641
-0.0480861919608846
-0.0529220740659056
-0.0658423268382728
-0.0863926162663269
-0.113193026911266
-0.143796508430335
-0.174746544945116
-0.202020879835072
-0.221682542463664
-0.230381583191499
-0.225570485609955
-0.205661792765694
-0.170439315238496
-0.121698843679968
-0.0636579019837694
-0.00259579900418008
0.0543982821451588
0.101107828053696
0.133564385618094
0.15059554703867
0.153516672505577
0.145326430491834
0.12983929644053
0.11100432423604
0.092428982516444
0.0770173593748809
0.0666655246589313
0.0620473053015654
0.0625794464512186
0.0666371203462433
0.0720058733667352
0.0764426332012458
0.0781461500423432
0.0759761887962483
0.0694101327935984
0.0583837143580718
0.0431994936167552
0.0245672448091007
0.00367228564789666
-0.0178938164821804
-0.0384138102571465
-0.0564659762797074
-0.071339965388405
-0.0833056816872319
-0.0936153788071569
-0.104153770501651
-0.116765792906642
-0.132486647696369
-0.151028410869388
-0.170787073371403
-0.189355512598134
-0.204272706588618
-0.21368393795676
-0.216715156662291
-0.213534074274819
-0.205173089353908
-0.193214454835768
-0.179423124698752
-0.165388072632542
-0.152208519040375
-0.140239950126017
-0.128922169645184
-0.116778648390276
-0.101742060907258
-0.0818738028415296
-0.056271495379299
-0.0257175330737262
0.00732078419516174
0.0393754057001887
0.0670099707467776
0.0877400888059993
0.100527571186183
0.105778014162414
0.104949340525674
0.0999642693131062
0.0926496516263032
0.0843970187282538
0.0761264425581323
0.0684752705904094
0.0620213854635314
0.0573630085342974
0.0550024904285812
0.0551299542169089
0.0574724703528594
0.0613278127306718
0.0657849183038889
0.0700260627750296
0.0735646083123282
0.0763128671632085
0.0784719961595105
0.0803258511565291
0.0820451372455269
0.0835727965272089
0.0846160566654902
0.0847358344750169
0.0834887752305181
0.080554007771177
0.0757981575896251
0.0692857203179823
0.0612695918857455
0.0521730696534794
0.0425418958588122
0.0329545730516583
0.0239311463103797
0.015927322575599
0.00948965923627247
0.00555555026870404
0.00573537698361611
0.0123036458616903
0.027681149605709
0.0534652213771645
0.0894077308141916
0.132866413723453
0.179037264528765
0.221887686508332
0.255413110547954
0.274736920818394
0.276663031027135
0.259591871119306
0.223138870187791
0.168026973729087
0.0965622410718536
0.013382360660484
-0.074266913856889
-0.157296787719243
-0.226480781241064
-0.274391098636799
-0.296795362764949
-0.293193948703665
-0.266652404942678
-0.223175339293973
-0.170675991796626
-0.117529297647821
-0.0709285342198146
-0.0355345206777965
-0.0128756601693414
-0.00161857678832954
0.00153485458372778
0.000716878932794139
-0.000149368662073597
0.00186796123728807
0.00825764695827066
0.018963241597388
0.0325943656628396
0.0468220834456481
0.0587669431401602
0.0652745834853485
0.0631998116901944
0.0499621727639435
0.0244500877581545
-0.0120940928565655
-0.0558521025040356
-0.101257182535406
-0.142605588376581
-0.175683860500226
-0.198680270412568
-0.212121055037255
-0.218076963605425
-0.219117245674011
-0.217409427759619
-0.214129282697459
-0.209161682230821
-0.201069168455227
-0.187428507510795
-0.165656890447271
-0.134187520394862
-0.0934560353361116
-0.0460492579268116
0.00419765658076084
0.0536561877719219
0.100014175140819
0.142419748576968
0.18076532556357
0.214791951741364
0.243682214922476
0.266294363789563
0.281637455451416
0.289036402177289
0.287790211851118
0.276699225529882
0.254126129074149
0.218922089618953
0.171784734917443
0.116076544162767
0.0573531190277912
0.00169281292946454
-0.0462983818487769
-0.0847803090907533
-0.114730117418885
-0.138913786111589
-0.160418695359801
-0.181447476987056
-0.202783339517661
-0.22393070111833
-0.243644701396255
-0.260482185436397
-0.273093995481805
-0.280171317355477
-0.280208731345943
-0.271439239331499
-0.25225345074982
-0.222077492866765
-0.182262554179094
-0.136379324629786
-0.0895795782779248
-0.0472151888368665
-0.0133320343626015
0.0102896283440336
0.024201185821473
0.0305760040679557
0.0321571610747614
0.0313260519994504
0.0295726839136108
0.0274104314679933
0.0245978873265358
0.0204532633126121
0.0140793220982857
0.0044356315979198
-0.00965306904853805
-0.0293554633867506
-0.0553955772453859
-0.0873818011273155
-0.123263873587467
-0.159357610766432
-0.191066513059609
-0.213926045920651
-0.224344286587512
-0.219699351362592
-0.198101666060578
-0.158553459128994
-0.101920158155994
-0.0322022452345721
0.0430875513139078
0.114287159510281
0.172324970706965
0.211456112368746
0.230638891345163
0.233112693597356
0.224720803397837
0.211922389395141
0.200227305828355
0.193340131025397
0.1929658707891
0.199091674025408
0.210508941372181
0.225322775220084
0.241280050117827
0.255930782286058
0.266744646124218
0.271233704884447
0.26705826757212
0.252204421175586
0.225457170417431
0.187213933169371
0.140224856916431
0.0896151050168108
0.0419160968497733
0.00352189506481352
-0.020683569956118
-0.0281009216289731
-0.0186962085527961
0.0049706930645479
0.0380257910291726
0.0741247419457889
0.106851102193494
0.131175027316834
0.144296313774969
0.145530079307932
0.135496050970083
0.115288574919037
0.0862155379653968
0.0501611892974644
0.0100831130078847
-0.0299439795069909
-0.065319324393754
-0.0918190952426223
-0.106343400081349
-0.107315642870221
-0.0948714789189667
-0.0709833445508303
-0.039412852445332
-0.00526811427456383
0.0258321588804347
0.0486970486739782
0.0593219020224002
0.0554331621102216
0.0369044315097551
0.0059651073257715
-0.0330598705547493
-0.0746321118758814
-0.11329110845318
-0.144841076906457
-0.166941424478308
-0.178938570786476
-0.181194110453555
-0.17441786535126
-0.159447300498402
-0.137548839446861
-0.110890084525677
-0.0826767123547364
-0.0567053453738032
-0.0365338110647152
-0.0247200854317413
-0.0224500422915663
-0.0295488939664113
-0.0446731296593985
-0.0655281413340428
-0.089101153743251
-0.111950133215226
-0.130539650302368
-0.14159266875877
-0.142482941085669
-0.131718791929841
-0.109458950442141
-0.0778265890902245
-0.0407563020236845
-0.00332887888349662
0.0291349541579582
0.0518408158333428
0.0609957951079088
0.054186275407246
0.0309199421607139
-0.00674631541834707
-0.0539737654176003
-0.103754625109016
-0.148287534575371
-0.180517380637135
-0.195284544928859
-0.19001733965993
-0.16518384836756
-0.124461734158881
-0.0742261462973449
-0.0221085886476475
0.0249939940339912
0.0626085631038346
0.0893633441262918
0.106540257107738
0.116944328499625
0.12370758205498
0.129463438941332
0.13602042581691
0.144445859692744
0.155412933228693
0.169677946909485
0.188488618138252
0.213584469891521
0.246484497613108
0.287164549525164
0.332769170949331
0.37716180056402
0.411721214193234
0.427207918841515
0.416129057152734
0.374840205812872
0.304593788961764
0.211046676191124
0.102436247746806
-0.0126712477675828
-0.127034057117064
-0.235334105221719
-0.334010204008949
-0.420879514983663
-0.494767252805114
-0.554939093157525
-0.60018344574533
-0.627922114493034
-0.63413113614254
-0.614535540989548
-0.566625930154911
-0.491366842296186
-0.393701472903054
-0.281817052915035
-0.165705906642779
-0.0554254873173385
0.0408428715540833
0.118659075577911
0.178334154272529
0.224258292195579
0.262531505442508
0.298020455616212
0.332425593537989
0.364230055777491
0.390086286270774
0.406426078780451
0.410433581588524
0.400422766156469
0.376080799111963
0.338685549589598
0.290961889320978
0.236393136098509
0.178359898109137
0.119695067386747
0.0628275873163773
0.0101270152304441
-0.0360434201118821
-0.0736807090924506
-0.101606939246434
-0.119653609945642
-0.128381854223285
-0.128472145308793
-0.120170535037907
-0.103221537738616
-0.0774480743071746
-0.0436649024769794
-0.00429365234254397
0.0368090524983367
0.0752842585283451
0.107467575179164
0.131258908680296
0.146335243437177
0.153735306975932
0.155078058946039
0.151746251526362
0.144349908413276
0.1327166125753
0.11647190737285
0.0959499996830868
0.0728880611646991
0.0503897370523825
0.0320667689474501
0.0207871407583006
0.0176706474173721
0.021761851128757
0.0304156743792174
0.0401489371105641
0.0476262534002509
0.0504771804287081
0.0477246501824011
0.0397491851235256
0.027886488579987
0.0138647720607925
-0.000715919919070679
-0.014730953626689
-0.0276454986636474
-0.039398446645116
-0.0501287778534071
-0.0598826252437095
-0.0684476595756826
-0.0753863984156051
-0.0802270471749811
-0.0826974726980939
-0.0828872912777133
-0.0812675319737673
-0.0785543106772797
-0.0754641978109465
-0.0724617839458134
-0.0696110457559504
-0.0665951166259135
-0.0628943517885084
-0.0580559392357855
-0.0519636979932516
-0.045011000918095
-0.0380947917483763
-0.0324075852747274
-0.0291012347407521
-0.0289650636055502
-0.032235743561243
-0.0385600234096367
-0.0470592618897414
-0.056448584314831
-0.065199407295059
-0.0717422862165632
-0.0746917864630122
-0.0730691689050166
-0.0664964547501014
-0.0553149475470983
-0.0405629175014534
-0.0237726983041535
-0.00661422000297928
0.00952503025096584
0.0239033461309729
0.0366111458626896
0.0484912804091436
0.0607779096126999
0.0745438109157625
0.0901408083166139
0.106853431988715
0.122925867340115
0.13596431529897
0.143528857570182
0.143639352639361
0.135013373877488
0.117068308855775
0.0898824267637783
0.0542903073973108
0.0121041992618161
-0.033748455093504
-0.0794301384459078
-0.120832057103663
-0.154462957402622
-0.17822855875239
-0.191782431894233
-0.196323663372952
-0.193932664918424
-0.186706186233652
-0.176050142121841
-0.162444147915639
-0.145750847557228
-0.125818834631469
-0.102969122854273
-0.0780975022995546
-0.0524307935511456
-0.0271807321579365
-0.00332272738108846
0.0184263888465302
0.0374993870217792
0.0533572097165766
0.0654352778937974
0.0731638540626899
0.0760321903179751
0.073689398678303
0.0660972118336158
0.0537083430701165
0.0375717585358018
0.0192570361802117
0.000581341884284853
-0.01674884164825
-0.0314005743193609
-0.0424430763740587
-0.0491355494171748
-0.0506243308169727
-0.045797271473406
-0.0335052993913712
-0.0131628931694117
0.0145311652486915
0.0471627300793991
0.0807533619351616
0.110459717691743
0.131505719787504
0.140008954593392
0.133563074741839
0.111622182177785
0.0757177361887771
0.029391097207046
-0.0223242998803218
-0.0738652743120603
-0.12026772961367
-0.158041023198616
-0.18547158040224
-0.202315023015268
-0.209094179681777
-0.206324134510613
-0.193954062669382
-0.171248282369714
-0.137235771324849
-0.0916519004238659
-0.0359873812960141
0.0259443926146623
0.0883770578790345
0.14488723154782
0.190086406380746
0.220941859932065
0.237149885685182
0.24047615372107
0.233480287408852
0.218285016134359
0.195937026330838
0.166543082360595
0.129968781443548
0.086658644581615
0.0381661430911092
-0.0127910280055657
-0.0626890282141714
-0.10779015783717
-0.144792847444709
-0.171384724943556
-0.186554954070409
-0.190582283300414
-0.184742895380734
-0.170894081882437
-0.151101928552122
-0.127404147040542
-0.101705486088391
-0.0757451656227286
-0.0510648386182984
-0.0289353328958143
-0.0102509844477738
0.00456371630869657
0.015591522004238
0.0233829616192605
0.028837980309077
0.0330246813041938
0.0369846063230497
0.0416088973107913
0.0476593947377223
0.0559204561363073
0.0673363089766045
0.0829301968854281
0.103424750881731
0.12873722448739
0.157672625841337
0.188003685738483
0.216841207477012
0.241069376399721
0.257731362159971
0.264376213408246
0.25935040663035
0.241959814349022
0.212500602425661
0.172266146703655
0.123593119597053
0.0698516048233892
0.0152217059228441
-0.0357896066587819
-0.0789754970310645
-0.111001543624647
-0.129749843569065
-0.134373244010974
-0.125150550203856
-0.10332978446954
-0.0710960765101438
-0.0316269436775236
0.0109649563804706
0.0520175908067692
0.0870784431565759
0.112811445758984
0.127646594799038
0.131839057317995
0.126918903219477
0.114865126243079
0.0974785328307313
0.0762476660574116
0.0526205975403568
0.0283015857514139
0.00522508132305899
-0.0148184861367585
-0.0306175466166588
-0.0417020842734874
-0.0481158657950166
-0.0499553901377155
-0.0469862486702219
-0.0386044280108196
-0.0242014484064863
-0.0037406810951535
0.021784971202394
0.0502817571335954
0.0789274363369688
0.104824462019108
0.125653095864879
0.140041855331661
0.147453018909489
0.147563243544855
0.139442688490138
0.121159361960055
0.0903975669019559
0.0460658496493835
-0.00997416642607081
-0.072261344949951
-0.132782197604967
-0.183202983060688
-0.217032681798394
-0.230678979159456
-0.223285726145136
-0.196036793878159
-0.15164168626768
-0.0941326447458301
-0.0286044336785393
0.039409563785123
0.104791815734924
0.163491512311273
0.212659600747957
0.250350360086626
0.275152759886791
0.286024516575342
0.282281629635071
0.263561313780567
0.229804527554673
0.181546988230641
0.120616592518399
0.0508094844797598
-0.0221458918580985
-0.0916513687561897
-0.151923316842717
-0.199456122922389
-0.233584258052828
-0.256015244526764
-0.269713164660192
-0.277695833061806
-0.282179446425419
-0.28424265264608
-0.28395722601236
-0.280812374606149
-0.27422639214185
-0.26395277471862
-0.250231418676962
-0.233621894037535
-0.214595144595043
-0.193110633547144
-0.168463608821041
-0.13956108574952
-0.105515130579003
-0.0662198770019437
-0.0226017954076776
0.0234993827186655
0.0695917778177117
0.112704598305904
0.149508129847612
0.176643487298539
0.191431050477807
0.192762590252849
0.181688599835162
0.161274617261292
0.135697214466546
0.108997254668917
0.0840932161438227
0.0624658110025401
0.0445042144617502
0.0301431503177062
0.0193416568721355
0.0121713523704784
0.00860534807512697
0.00828290084021397
0.0104580273738137
0.0141329346760903
0.0182403072177505
0.0217647685077602
0.0237946439951536
0.0235528503663063
0.0204565891586436
0.014237542474511
0.00511212402052758
-0.00608494740395936
-0.0179359917973998
-0.0287087561640401
-0.0367667185478693
-0.0409179008805268
-0.0405247474593755
-0.0353411111447041
-0.0252128589143632
-0.00987882008479034
0.0109369897454777
0.0371445127744237
0.0678422446021257
0.101109927027819
0.134212502274262
0.164151729249063
0.188318794023138
0.204957821309212
0.213241130844238
0.212952029595613
0.2040118197781
0.186224530759716
0.159478065087557
0.124275038053224
0.0821711725399915
0.0357436612935357
-0.0119526514973075
-0.0581493699344574
-0.100957560774583
-0.139543874200608
-0.173890159245106
-0.204326321797071
-0.231080092973031
-0.254023507990137
-0.272678126421089
-0.286414890990823
-0.294679470624559
-0.297053961287195
-0.293098961222838
-0.282145931667874
-0.263309574159731
-0.235809303455821
-0.199385369454472
-0.154520110911493
-0.102435782471603
-0.0451104762729653
0.0145387549968079
0.0725256285392462
0.124116007351523
0.164720939517001
0.191008983488318
0.201690698390514
0.197657574226816
0.181535498869877
0.156914111081589
0.127498719467916
0.0963787538645379
0.065608508928146
0.0362457130530039
0.00879160889383914
-0.0162612807792394
-0.0381139826431841
-0.0557150055821823
-0.0680481203337359
-0.0744016966392553
-0.0744648220036802
-0.0682906083934342
-0.0562842751730496
-0.0393134788831475
-0.0188615382969409
0.00297162904833039
0.0237460664737252
0.0411627226823278
0.0535240922280124
0.0599620191001846
0.0603673822111355
0.0551206968166005
0.0448000735583169
0.0300063224379434
0.0113447849808129
-0.0104825763412373
-0.034552851982615
-0.0596377094369714
-0.0842180254302918
-0.106633129003928
-0.125342982346479
-0.139205451902167
-0.147633571669071
-0.150544664700907
-0.14813230956767
-0.140616985878717
-0.128168646237113
-0.111082626567243
-0.0900829305166646
-0.0664964436536479
-0.0421237026090701
-0.0188618123067226
0.00169520600728805
0.0184674258523053
0.0308305264750409
0.0383272721674046
0.0402724361361301
0.0354674414677526
0.0223079602785693
-0.000540295879072033
-0.033078922055522
-0.0731048639601988
-0.116158442663826
-0.15646928928888
-0.18842992505445
-0.207808260054659
-0.212179025756367
-0.200662161632203
-0.173488808647056
-0.131864487872881
-0.0781992791129585
-0.0163960336533497
0.0482226028419963
0.109594220146164
0.162093389932001
0.201707504211757
0.226538056911461
0.236245852967892
0.230793835740881
0.209503206157802
0.171351326274644
0.11650031408092
0.0479940241050826
-0.0276877830713292
-0.101784071518793
-0.165585619527763
-0.212775069038543
-0.240738468310843
-0.250474422948289
-0.245423915925593
-0.229912994433524
-0.207863007456137
-0.182126803333702
-0.154470577754756
-0.125988334934929
-0.0976469062372066
-0.0706852161323593
-0.0466960869974564
-0.0273719997043615
-0.0140498711911921
-0.00727608463468413
-0.00658574059334092
-0.0105728415691682
-0.0172041945917408
-0.0242672209491669
-0.0298357486722464
-0.0326484385733176
-0.032321388332337
-0.0293838702456965
-0.0251973863734171
-0.0218029163502092
-0.0216338672072619
-0.0269785373064366
-0.039213265831361
-0.0580772157203348
-0.0813697180968921
-0.105275878194173
-0.125206904995089
-0.13685062132033
-0.137159715162526
-0.125105963168112
-0.102042509945127
-0.0715029512502762
-0.0383889977393281
-0.00776660033117436
0.0162910449119104
0.031401776078711
0.0369697838830322
0.0338399163032847
0.0238025924644475
0.00915527391816786
-0.00763032751527674
-0.0241583265820525
-0.0382675282118109
-0.0480504608050091
-0.0517272722961781
-0.0475029210363213
-0.0336504288987295
-0.00896975943834669
0.0265888075184996
0.0716666533750312
0.123927485199498
0.180802063891989
0.239776121372466
0.297969102748287
0.351617080676462
0.396178544240278
0.427063290739123
0.440492823588807
0.434257758745003
0.40842102351833
0.365708614664241
0.311027377588878
0.250049029067435
0.187684636422416
0.127425229695893
0.0717117913701246
0.0226419661483097
-0.017741467093124
-0.0477301538087856
-0.0663793188605141
-0.0736062036592386
-0.0698568238050765
-0.0556796314483381
-0.0316719334214879
0.00104167219099254
0.0401457338713255
0.0819002833748316
0.121718768248822
0.155375730460941
0.180222762866085
0.195796790262234
0.20359111645462
0.206201947548008
0.206289039726488
0.205755632420909
0.205373488396609
0.204868322664125
0.203304985790467
0.199526876581354
0.192454596279353
0.181206725297961
0.165157465299637
0.144073703755396
0.118354344965528
0.089226940770868
0.05869276192123
0.0291273654721082
0.00265820760590715
-0.0194178772100764
-0.0369434150487064
-0.0508429081308822
-0.0627431532329875
-0.074397588761082
-0.0870922133148605
-0.101232448996654
-0.116261209766203
-0.130927691400168
-0.143778134582331
-0.153658739664723
-0.160041664506588
-0.163083601698416
-0.163448006112093
-0.162004612750009
-0.159525401481271
-0.156445330167715
-0.152712877275978
-0.147753383446684
-0.140570998806916
-0.129976517733225
-0.114870586061145
-0.0944982446271655
-0.0686314664544711
-0.0376745325027256
-0.002687526345854
0.0346839771169275
0.0723690328279953
0.108098762430961
0.139679980569231
0.165288222130808
0.183713631798791
0.19445813058627
0.197619986988022
0.19361714381524
0.18290974148645
0.165884299984412
0.142938466086196
0.114653381271795
0.0818911114959912
0.0457461288846746
0.0074245121914353
-0.0318123700348253
-0.0705864009726008
-0.107326014024757
-0.140341421955635
-0.1681060555359
-0.189607728317231
-0.20454274949132
-0.213199616109887
-0.216038832563807
-0.213139916733415
-0.203826123410767
-0.186817381285664
-0.161055742301226
-0.126882462239371
-0.0868353077103593
-0.0454116263787354
-0.0077694935466667
0.0219517113972905
0.0417813858519685
0.052011447626388
0.0543569294257151
0.0507771228540793
0.042617394530633
0.0304416293998054
0.0144878436247864
-0.00465609369509509
-0.0256209507552172
-0.0463221523014779
-0.0644619106837998
-0.0781840950557439
-0.0865604262593917
-0.0897077776193048
-0.0885322532273258
-0.0842604402296517
-0.0779720045415076
-0.0702955861609246
-0.0613421978864866
-0.0508706564179516
-0.0386002591864118
-0.0245220094796757
-0.00906950482508249
0.00689645059501318
0.022243529526872
0.0358020056721578
0.0466423758519478
0.0543500123206596
0.0591972184767234
0.0620988291587785
0.0643157220161709
0.0669993011627875
0.0707580625199614
0.0754187392065125
0.0800638747255358
0.0833165376457725
0.0837689014881544
0.0804303940550975
0.0730814618951338
0.062437786885185
0.0500593632336842
0.0379968565194475
0.0282532930172434
0.0222175279140357
0.0202544048786809
0.0215949200444533
0.0245605776287218
0.0270119720497103
0.0268190849407121
0.0222015181709081
0.011950307189568
-0.00435358579365215
-0.0260945784776753
-0.0515061573147516
-0.0778968228648846
-0.102267916396701
-0.12211879828146
-0.136104562726554
-0.144293223558469
-0.147978785799678
-0.149192764168882
-0.150124928792325
-0.152619998755446
-0.157829558243835
-0.166036994638142
-0.176661362605375
-0.18844909100886
-0.199825868168883
-0.209300194556889
-0.215752069870024
-0.218481410241589
-0.217036741834413
-0.211008414083756
-0.200020312698505
-0.184012832681352
-0.163649853176634
-0.140510108067241
-0.116814823156057
-0.0947613807059198
-0.0758252988176483
-0.0604142019386313
-0.0480023337283118
-0.03757520215477
-0.0281014960405791
-0.0188434883124394
-0.00946988461601994
-2.35247984150371e-05
0.00918672889051062
0.0177115155062816
0.0250591045135651
0.0307326718489356
0.0341937037188411
0.0347903288542102
0.0317570866226686
0.0243988006942406
0.0124591499174076
-0.00349305270137903
-0.0219009084204181
-0.0404091624030828
-0.0563048995732796
-0.0669460607519107
-0.0699793644855139
-0.0634018149134826
-0.0457242891224499
-0.0164304792618204
0.0233849400125457
0.070606010467758
0.120331956549102
0.166866655628307
0.205118437413089
0.231773068326188
0.245681488835659
0.247352196231937
0.237986355612419
0.218754225285654
0.190772053000276
0.155667274555805
0.116156684365227
0.0760562521448577
0.0395662018921821
0.0101820157816231
-0.0101937183746346
-0.0215324408154692
-0.0253279895700728
-0.0238882848021224
-0.0196067114752605
-0.014426965409589
-0.00957224025314346
-0.00553280440687214
-0.0022669666277499
0.000472220276327467
0.00280471311528823
0.00449518031219797
0.00488406732804216
0.00297140454053489
-0.00238538093887412
-0.0121982636477993
-0.0270455421735887
-0.0468265294744021
-0.0706972773354692
-0.0972588195624628
-0.124922379883017
-0.152249178020354
-0.178082622452317
-0.201436141107947
-0.221219210893824
-0.235904033901817
-0.243260987010811
-0.240400596418455
-0.224383484386886
-0.193367220926341
-0.147777157051358
-0.0907907765480798
-0.0277838411422625
0.0349887024002666
0.0918398900324977
0.138689076571755
0.173491656394971
0.196119237342074
0.207834618946933
0.210527806158081
0.20594279215786
0.195186960400016
0.178743517944127
0.156959340059989
0.130693199626496
0.101696498068538
0.0724617643480495
0.0456096744011741
0.0231600117566571
0.00606516860174924
-0.00580927344947948
-0.0133172897849831
-0.0174748433760601
-0.0189183611655739
-0.0175442178787377
-0.0124406849183689
-0.00213533068345996
0.0149393011039363
0.0399292394170691
0.0731118522858416
0.113541712897701
0.15881691817638
0.205103541883678
0.247580884673054
0.281281319559731
0.302055277049733
0.307344317588084
0.296594409575389
0.271284895513907
0.234590226045966
0.190712087980157
0.143994070261418
0.0980384258645393
0.0551128926794771
0.0160786531223407
-0.0191507346695107
-0.0508878066145752
-0.0790782574062553
-0.103093226955495
-0.121899779451641
-0.134423484841183
-0.139907453705984
-0.138157240120237
-0.129634557238741
-0.115390634324411
-0.0968438882316312
-0.0754415769428349
-0.0523007349590095
-0.0279687560319942
-0.00243714350117505
0.0245464075110239
0.0529745103613131
0.0821204501449566
0.110355328378729
0.13531771643607
0.154303997784485
0.16465154859156
0.163990795290162
0.15046573477014
0.123141246873834
0.0826518294393892
0.0317947780963043
-0.0244339210023774
-0.0796737425848058
-0.127720961127699
-0.164074244886917
-0.186697562205552
-0.195559377687233
-0.191276654657854
-0.173878622837355
-0.14269643341257
-0.0975457918770686
-0.0403283992309376
0.0241935563909845
0.0891111011857514
0.147219594559767
0.193000909549174
0.223786331260783
0.239693414571101
0.242531216232578
0.234276559305165
0.215885480712154
0.187061624820926
0.147101909674921
0.0962761708887401
0.0368435979281395
-0.0269227856334252
-0.0896677713042426
-0.146286350414958
-0.193026240811704
-0.227964478971634
-0.250748133476479
-0.26175171688471
-0.261077158027868
-0.248006199648996
-0.221379063458278
-0.180846448915086
-0.128312782977994
-0.0686255575826395
-0.00891984602292287
0.043198607549975
0.0817669277714327
0.10386897179123
0.109776579204124
0.101977647890794
0.0837424502754427
0.0579517338941042
0.0266284012043708
-0.00879549134723101
-0.0467934344291927
-0.0851371661168725
-0.120804278211703
-0.150533572507857
-0.17175250583923
-0.183347401340577
-0.185836564619425
-0.180880117239165
-0.170445402270856
-0.156085166401754
-0.138638821742421
-0.118397665017948
-0.0955608765301384
-0.0707207452939058
-0.0451428949280126
-0.0207170688858304
0.000400576893328153
0.016306176198177
0.0258165880647695
0.0287031330929144
0.0256224768466893
0.0178251070093214
0.00680912941382056
-0.00593630587912823
-0.0190472572073874
-0.0312959489742456
-0.0415670155825512
-0.0488569231903925
-0.0523127247579363
-0.0512857090604233
-0.0453678244925013
-0.0344014246794688
-0.0184661491880254
0.00216306405337554
0.0270813293764802
0.0557816246642521
0.0875611883735199
0.121320349201143
0.155424432530945
0.187828447514632
0.216485266049625
0.239826543983966
0.25704548561566
0.268064150528503
0.273273687020426
0.27322227765353
0.268373059113103
0.258971756642174
0.245043787022829
0.226553930869382
0.203710006864067
0.177267744104491
0.148630996488047
0.119649934001036
0.0922225050861315
0.0679165755653205
0.0477726146571699
0.032306221750153
0.0216326165450485
0.0156279538972875
0.0140847556545146
0.0168457542451686
0.0238845900658319
0.0352767646671773
0.0510303271867497
0.0708388254607731
0.093908758604153
0.118993839118766
0.144617950835053
0.169314805275516
0.191719228567077
0.210517185586458
0.224409272391542
0.232199087074852
0.232952049969181
0.226094929686025
0.211416300478442
0.189040435152964
0.159445459468478
0.123526724393312
0.0826760950241691
0.0388485632936514
-0.00545006756169593
-0.0473647142487793
-0.0841326967702476
-0.11364554263492
-0.134876927795154
-0.147967247717122
-0.153946164998691
-0.154253048841151
-0.150273580178037
-0.143060043363513
-0.133296541022072
-0.12145230089296
-0.107990541692601
-0.0935117121806407
-0.0787831458979775
-0.0646692092653042
-0.0519991602889599
-0.0414292327797159
-0.0333831039551512
-0.0281375899217345
-0.0260233135067637
-0.0276018380544357
-0.03366912178433
-0.0450322779279208
-0.0621267277765352
-0.0846199643688858
-0.111184266641692
-0.139602440014713
-0.167264020977999
-0.191934151471509
-0.21252333731
-0.229533973493818
-0.244932829331139
-0.261394636734373
-0.281151301581268
-0.304943492474246
-0.331602044815571
-0.358474702956747
-0.382419558138867
-0.400763388783023
-0.411716232136423
-0.414169161841325
-0.407255083044306
-0.390187350930689
-0.36259970898532
-0.325121230902641
-0.279662469985658
-0.229121917395211
-0.176729846885011
-0.125514826861574
-0.0781451433190084
-0.036956096143158
-0.0038243441823359
0.0201814404286506
0.0351023748635951
0.0420222377952529
0.0425615983775022
0.0381653110021442
0.0295570018576421
0.0166619777614423
-0.000940107196197014
-0.0232666430717314
-0.0492975538735817
-0.0767854960380748
-0.102547822486827
-0.122992569222245
-0.134579957941236
-0.134128954354825
-0.119123914673319
-0.0881712521576777
-0.0414589607897806
0.0191704476532984
0.0907127905051822
0.169690591706294
0.252399988776243
0.334464202202091
0.410084849073449
0.471679001707938
0.510475286269412
0.518338148676557
0.490506005245146
0.428063777322265
0.338560526870574
0.234010002322577
0.127151430549486
0.0279208626329648
-0.0582426154641273
-0.129915116580539
-0.187882010602385
-0.233261051944643
-0.266430738107079
-0.286963619585164
-0.29425866010616
-0.288380355424714
-0.270640313668707
-0.243603759641835
-0.21047410817243
-0.174157422529272
-0.136530872113122
-0.0983323751926835
-0.0596974479761191
-0.020978932446614
0.016642968266779
0.0510760158819268
0.0797286218757159
0.100089039979956
0.110082060657744
0.108082165637663
0.0928644427670236
0.0639120894139101
0.0221488504916335
-0.0293942389480356
-0.085657323696529
-0.14060253192459
-0.188724785463977
-0.226117618778849
-0.250471907865813
-0.26014955320897
-0.253198545055791
-0.227316465574717
-0.181080265129046
-0.115628427983024
-0.0353850263309059
0.0529077205648896
0.142133327821145
0.226272565926398
0.300704109802725
0.361864520046933
0.407012040005832
0.434069717160954
0.441142852435453
0.425939170015828
0.385989881507083
0.320187775418372
0.230991326563691
0.125834723872096
0.0165413578679243
-0.0833035069284321
-0.161751328843369
-0.210882762606646
-0.227260179468595
-0.211079848485434
-0.165473564471715
-0.0966450792364695
-0.0140807755785734
0.0704279730292753
0.145256927621433
0.201862518023535
0.236638995557521
0.250928424196132
0.24945628879361
0.23807382048525
0.221690392822564
0.202995212810059
0.182263079192467
0.158225721838541
0.129615346249908
0.0966597308101437
0.061777548898761
0.0291239130866559
0.00327297347284617
-0.0122370831601034
-0.0158254244697981
-0.00801468686392776
0.00901889768671612
0.0321623477343242
0.0580968181819694
0.0839006186265215
0.107431896118671
0.127429597330707
0.14334737777032
0.155040297681241
0.162480969214102
0.165637239896575
0.164522113209008
0.159310477779223
0.150385772483555
0.138248535559757
0.123320121017846
0.105726751863961
0.0851504270661093
0.0608402558639073
0.031885046856868
-0.00222971446960297
-0.0409514193100297
-0.0822333732893964
-0.122686321554776
-0.158346071271339
-0.185714669467983
-0.202584842045994
-0.20836245844552
-0.203946189111375
-0.191396528817516
-0.17355545359678
-0.153650953327165
-0.134902070063287
-0.120181346667819
-0.111762257442027
-0.111089340107105
-0.118499424173339
-0.132950472037605
-0.151939649329138
-0.171734502681435
-0.187829428731195
-0.195427634211194
-0.189918499312132
-0.167588523671393
-0.126746868362974
-0.0689182775712215
0.000784092747978161
0.0748551573492128
0.145948038300988
0.209472976311799
0.264699919973502
0.313746528743089
0.359239988258907
0.402223641843955
0.441494369162267
0.47444528247189
0.49856657103926
0.512573298173395
0.516570851671907
0.511324830375445
0.497231658510113
0.47375163066061
0.439741926333197
0.394479573167841
0.338652306769364
0.274603327654347
0.205620370874147
0.134684520187706
0.0634177248299097
-0.00819678865352246
-0.0812405089925561
-0.156810684803858
-0.235031180709937
-0.314505920228371
-0.392323900693795
-0.464521778009964
-0.526834665109885
-0.575543577353753
-0.608202351192331
-0.62405248959587
-0.624065313839344
-0.610707586139426
-0.587573865497532
-0.558952807471738
-0.529319149194927
-0.50276651627665
-0.482475627444493
-0.470335790797482
-0.46677392398142
-0.470778926069776
-0.480120119567605
-0.491802320450874
-0.502737573413506
-0.510383687098825
-0.512883927010596
-0.508397517382805
-0.493965207403806
-0.464919321715704
-0.415723944376267
-0.342074435743521
-0.243028936796165
-0.121944840240999
0.0140228954116081
0.155222662236998
0.290936285652669
0.410717019509807
0.505583853681591
0.568871813374415
0.596641005718339
0.587982061178226
0.545608147427427
0.476413688387637
0.391012906447175
0.301692441879305
0.219488333689687
0.151892716381479
0.102236434449515
0.0706762188581023
0.0559496773376586
0.0569627053585532
0.0735510032965761
0.106160562060472
0.15465599534729
0.216881629240796
0.287785827728434
0.359745097961621
0.42418744226867
0.473920942084144
0.505140091839974
0.518221824622184
0.517014734061458
0.506965923868226
0.492856401356651
0.477079212660549
0.459223139699973
0.437122998674175
0.408685602901574
0.373249601381849
0.331525668748941
0.284244269801709
0.230698957240058
0.16845753457041
0.0945333974135063
0.00722977060216701
-0.0923786269728432
-0.199897386205249
-0.30814288369177
-0.40875261309316
-0.494587539431534
-0.562037502598685
-0.612005857775776
-0.648879456083732
-0.677932784571986
-0.702481050714581
-0.722123565371593
-0.732809631770076
-0.728690045687587
-0.704993059953462
-0.660585515166259
-0.598826876557968
-0.526160816706519
-0.44926534543186
-0.372468872822819
-0.296823433954859
-0.221057192547568
-0.143563559923017
-0.0642062814021482
0.0150289757045312
0.0908531859977251
0.160406738861191
0.222681848481064
0.278553574292353
0.329365067446255
0.375096100177629
0.413354051858401
0.439745740544651
0.449363115528389
0.438666347584257
0.40692861444901
0.356554099581281
0.292138032478039
0.218937420322286
0.141788671146276
0.064997002847506
-0.00720911950887046
-0.0704862731960717
-0.120822063614362
-0.155230463672502
-0.172057395435255
-0.170741495265983
-0.151532587784925
-0.115753344225169
-0.0665475215965936
-0.00933924365797621
0.0487788064821184
0.100735891923971
0.141430053269434
0.168945252522793
0.184576199334939
0.191866898319867
0.195209188766054
0.198513503613568
0.204282393373305
0.213253220112329
0.224619843027896
0.23665887418568
0.247448672772628
0.255387846492589
0.259389299630528
0.258823016584371
0.253389637874588
0.243091553848173
0.228344501176811
0.21008479328231
0.189589858201354
0.167829379471197
0.144584278101515
0.118038977597437
0.0855156374405099
0.0452316182917612
-0.00201155587596875
-0.0524898328608637
-0.100942321075759
-0.142807159609894
-0.175910520339124
-0.200740694699022
-0.219446316771623
-0.234385113614571
-0.247063728519977
-0.257838482426002
-0.266200666304394
-0.271171109352881
-0.271411063379751
-0.265052126245634
-0.249673468862956
-0.222921395960458
-0.183804435482931
-0.134019494246337
-0.0783767734926214
-0.0238236966214827
0.0225782413506185
0.055752977292103
0.0738505509071791
0.0782562344342519
0.0726363908745645
0.061635553626288
0.0497923249140126
0.0409277578622012
0.0379011821548248
0.0424485025756991
0.0549322280537127
0.0741227768801566
0.0972931308423052
0.120752691314555
0.140626982477739
0.153546409626815
0.157073046194118
0.149959541050027
0.13240258868909
0.106267713573206
0.0750448957998377
0.0433041888495791
0.015696443638381
-0.00412405162837732
-0.014161649257339
-0.0140425931559022
-0.00440867037173078
0.0137843456155061
0.039559742204676
0.0716377000391029
0.107883791671035
0.145023754519165
0.178945320220774
0.205444823489587
0.220987795337102
0.223157845074678
0.210783787544761
0.183937406862162
0.143971027445195
0.0936194633533682
0.0370339730455385
-0.0204815932328984
-0.0731912607895892
-0.115983163173269
-0.1453411359304
-0.159779582003036
-0.159595477553135
-0.146198134968549
-0.121474783568178
-0.0875203222253066
-0.0467349341788995
-0.00202080853663481
0.043235269107475
0.0855240248595641
0.121784214892637
0.149865765978985
0.168592849718901
0.177377884201837
0.175681002131204
0.162803262231226
0.138329133908212
0.103045774190248
0.0597234175615133
0.0131297712311623
-0.0308827308764109
-0.0668011416303383
-0.0907319782231665
-0.10109500284481
-0.0986798604814976
-0.0862497983234694
-0.0678907379830687
-0.04825135444887
-0.0318043060257903
-0.0222383079827902
-0.022024282884945
-0.0321451460598208
-0.0519956372567342
-0.0794958414598836
-0.111433672040985
-0.143966897544254
-0.173164241605256
-0.195493588049762
-0.208227513906849
-0.209765875199595
-0.19985458973024
-0.179640225689572
-0.151490076093475
-0.118559765384903
-0.0841905988317767
-0.0513082793766417
-0.0220139342761957
0.00251599059698684
0.0218469907008646
0.0359811465431139
0.0451236305649289
0.0496220109954752
0.0500329585282814
0.047187668811179
0.0421631908320989
0.0361784951156776
0.03051651371374
0.0265382666428778
0.0257137692704503
0.0294815257488869
0.0388202524244966
0.0536755685841205
0.0726199531895387
0.0930848533258181
0.112162286667118
0.127593150195079
0.138453963760633
0.145281045835083
0.149702001581706
0.153823263466413
0.159603929036469
0.168359215303451
0.180482529391832
0.195433513402703
0.211962429085424
0.228456833757541
0.243275200371782
0.254983414814094
0.2624643412342
0.26487592567066
0.261440546221171
0.251151702893272
0.232647829639344
0.204511798249163
0.16596599146569
0.117563216976458
0.061429857234152
0.000972215321309448
-0.0596881321485094
-0.116285496130955
-0.164950536269524
-0.20275897355468
-0.228161299273523
-0.241038239680012
-0.24228736813713
-0.233191153652861
-0.215001718497751
-0.188992681702385
-0.156824057501884
-0.120809110435976
-0.0837799605921831
-0.0485876522413522
-0.0175279624685585
0.00801489978699991
0.027588513665497
0.0414189121009731
0.0500496168671102
0.0540614090741677
0.0539996313509196
0.0504969772773775
0.0444427493208563
0.037028000995446
0.029607836956142
0.0234541388874147
0.0195093481081267
0.0182039054702581
0.0193588223332742
0.0222025209027803
0.0255369282449449
0.028036434239315
0.0285804100054638
0.0264868641032067
0.0215737739457207
0.0140816999545012
0.00456011334181208
-0.00620129198121633
-0.017203574437367
-0.0273153781787394
-0.0354670345402609
-0.0409314433449979
-0.0435611335082858
-0.0438543490830504
-0.0428314756626961
-0.0418169849905363
-0.0422514573211381
-0.0455957542007319
-0.0532801129679917
-0.0665599859033052
-0.0861576157159616
-0.111744081285557
-0.141544861884857
-0.172409264275428
-0.200458612596457
-0.222062050327455
-0.234656446429892
-0.237009952491583
-0.22889081241625
-0.210502490864888
-0.182183750243316
-0.14462724447963
-0.0994295569627199
-0.0494953000233695
0.00111456896844802
0.0479497954520727
0.0872335699026509
0.116728558038363
0.13602499604381
0.146159733381287
0.148764629593972
0.145122503816636
0.13555371572426
0.119433214797116
0.0958274473497528
0.0643817371500333
0.0259515175108381
-0.0173215916138977
-0.0624255318706451
-0.106106844363605
-0.145466823969552
-0.178413128300738
-0.203921463215652
-0.22205244320363
-0.233696188183508
-0.24013295850065
-0.24260903635619
-0.242106931262819
-0.23932879025596
-0.23473247437154
-0.228411363451177
-0.219769383505597
-0.207237185139252
-0.18845545024367
-0.161163592911952
-0.124519883664676
-0.0801462274933916
-0.0322378221120125
0.0134088526811175
0.0510155226746116
0.0763921883503652
0.0878932810860153
0.0865407910836502
0.0754297581080269
0.0587265480646638
0.0406038193360809
0.0243762976372745
0.0119821559375155
0.00384622763823187
-0.000929013086659113
-0.00417188532945904
-0.0082020429452514
-0.0154373054258131
-0.0280293455163448
-0.0474530372421732
-0.0740482734891362
-0.1066647471083
-0.142639638991397
-0.178243487946443
-0.209504269790139
-0.233114415196977
-0.247074612559681
-0.250857681050833
-0.245103819283256
-0.231059806085349
-0.210049756463123
-0.183189299635864
-0.151390159462005
-0.115550878328928
-0.0767656637950082
-0.0364180381425437
0.0038806756460466
0.0424598560594441
0.0777847018778025
0.108618340170045
0.134116446572679
0.153824197077187
0.1675639019224
0.175267306020666
0.176875034996298
0.172412599120443
0.162240761741804
0.147345604853415
0.129470439166188
0.110930955692161
0.0940836275131071
0.0805978267560057
0.0708378130210052
0.0636874853839746
0.0569903111360803
0.0484815748971422
0.0368141358926041
0.0221973370842059
0.00635500095679779
-0.00814660397155083
-0.018867062921521
-0.0243507078476279
-0.0245872641829737
-0.0209737835618373
-0.0158489609077254
-0.0117935808547617
-0.0109401835253461
-0.0144852414885995
-0.0224753953526047
-0.0338351694204633
-0.0465781655732996
-0.0581638734192211
-0.0659631568556003
-0.0677650917660976
-0.0622241882904656
-0.0491336919275589
-0.0294372810570873
-0.00496937210383095
0.0219872822075024
0.0491818904406926
0.0747851821582459
0.0976164060529623
0.117188223027769
0.133588830590242
0.147259258995888
0.158754537372656
0.16857010337555
0.177059621154621
0.184407072414065
0.190600904200126
0.195396082414408
0.198281051053949
0.198445401325358
0.194716882074943
0.185488836685226
0.168774712924219
0.142558588509896
0.105453910042051
0.057436158144054
0.000300911697953315
-0.0623845252923014
-0.125833452892946
-0.184898107390998
-0.234922573696872
-0.272251398334486
-0.29419908623431
-0.29865257688875
-0.283856167845677
-0.248909861852247
-0.194941012592313
-0.126192288815357
-0.0500752449682202
0.0241774856127048
0.0877182911993551
0.134096003054483
0.160248937953333
0.166347143899085
0.154938347499221
0.12997084803905
0.0959928016858468
0.0575205684939972
0.0185022379406445
-0.0180713476171219
-0.0502828447303645
-0.0771159882444074
-0.098147371582382
-0.113287990023617
-0.122630602696429
-0.126331117012964
-0.124478469562881
-0.11704584436294
-0.104071598155134
-0.0860693099932899
-0.0644219961780978
-0.0414190141322338
-0.0197750836591906
-0.001808268439757
0.0113172552959837
0.0199253630182364
0.0256330114490536
0.0307601174862015
0.0375698804646478
0.0475501424570747
0.0609180769938861
0.0764833624975178
0.0918823263479414
0.104047298618044
0.10974646879017
0.106149205879599
0.0914612899160516
0.0655650943220304
0.0303879978414119
-0.0103136300222161
-0.0518086901541293
-0.0895793893086181
-0.120369879328516
-0.14273033223501
-0.156937147558359
-0.164389964489775
-0.166730262206149
-0.165015467532507
-0.159303451816123
-0.148883349366043
-0.133089596603683
-0.112271002227598
-0.0883169912722217
-0.0643630271041929
-0.0437969131685565
-0.0290977118879147
-0.0210647542886056
-0.0186838179354213
-0.0195324207012278
-0.0204834353199981
-0.0185111604152964
-0.0114677847477388
0.00132466238076339
0.0188735795073136
0.0388580654672056
0.0584536630698067
0.0753234848273807
0.08835116732566
0.0978202364130769
0.105021355748392
0.111512134831343
0.118337504780386
0.12544606556652
0.131420875176116
0.133598482893814
0.128665095798912
0.113737394251421
0.0876591097406659
0.0519409403603987
0.0107707739268819
-0.0300487779955331
-0.0647876442680017
-0.089339914096957
-0.102048667772885
-0.103676946879202
-0.096793349922093
-0.08495181975652
-0.0719255553284498
-0.0610917176958102
-0.0549775024459608
-0.0549652628688879
-0.0611660677773851
-0.0724802870175344
-0.0868491753664009
-0.101634885153642
-0.113970588374592
-0.120912518402706
-0.11940467277904
-0.106336916554084
-0.0790461423475618
-0.0363063710232796
0.0206095166875826
0.0874231034952977
0.15729278700283
0.222105967416131
0.274118111425949
0.307375396984048
0.318615938277682
0.307632794842408
0.277156478011063
0.232254663504763
0.179293465161917
0.12470012371002
0.0739148501696487
0.0308522958827735
-0.00204812427521498
-0.0233446589084374
-0.0319738605503173
-0.0268098335796978
-0.00671676743845146
0.0287292171158419
0.0780659215618482
0.137015976579198
0.198598591966021
0.254520253059267
0.297221558217025
0.321510000039705
0.325046026132223
0.307760057622944
0.270906002368432
0.216471876933664
0.147157540050091
0.0665827449253022
-0.0207295287751983
-0.109729452348115
-0.195372143235394
-0.273077952253721
-0.339069319842819
-0.390577124747662
-0.425791015246411
-0.44346309430995
-0.442434032842221
-0.421680363204017
-0.381237357364493
-0.323541927084699
-0.254102412006104
-0.180660256582753
-0.111048154112175
-0.0509034081210801
-0.0024992727049937
0.0348005692411086
0.0629468274207185
0.0834825155352866
0.0965497411623522
0.100927857813658
0.0949097966697093
0.0775740847094566
0.0499127845076383
0.0152734447123488
-0.0212156732009674
-0.0540937244762007
-0.0792488006640356
-0.0950398085041125
-0.102389065501561
-0.103947002313463
-0.102866288604049
-0.101785827951941
-0.102357639766899
-0.105288055186583
-0.11064116975375
-0.118144445458659
-0.127362742066093
-0.137740401966739
-0.148581741136226
-0.159049806599329
-0.168233381798189
-0.175274284518627
-0.179482487220363
-0.180346358185823
-0.177410580255336
-0.17011500138484
-0.157768074505072
-0.139787791917937
-0.116182685437609
-0.0880517097271541
-0.0577834304172724
-0.0287292601113155
-0.00439041627458381
0.0125639283785416
0.0210237446642067
0.0216205716901411
0.016354096077255
0.00789648596337711
-0.00111414937827172
-0.00856967735886078
-0.0131050283999715
-0.0140602039709529
-0.0112701565432379
-0.00480194234398365
0.0052072757593251
0.0185050007421879
0.0345210787978325
0.0522084676603877
0.0701174195857491
0.0867188805804627
0.100809507082343
0.111786997761071
0.119691351322643
0.125058789208769
0.12871142881911
0.131570527307024
0.134501210089941
0.138164994684567
0.142887756033946
0.148579529784518
0.154725015365468
0.160433033190382
0.164531683280409
0.165703177476567
0.162629676077087
0.15409486582087
0.139017608799315
0.116472115818591
0.0857778179679378
0.0466749688235643
-0.000476893164616362
-0.0545337188194977
-0.113434779093868
-0.174103765175374
-0.232440135585606
-0.283472752133055
-0.32170771095134
-0.341705172849622
-0.33896418081651
-0.311095369284838
-0.258936598582522
-0.186997284482753
-0.102788599779802
-0.0151852278083066
0.0674869821926857
0.138826566242993
0.194716231739901
0.232750021642589
0.25131806878213
0.249080837493895
0.225196605020535
0.180046675447031
0.115842214967347
0.0366681606835744
-0.0520026821322034
-0.14397628178255
-0.232913153948994
-0.312817834031387
-0.378564450048079
-0.426419588286012
-0.454307167868726
-0.461595373445797
-0.448519726317264
-0.415687852022787
-0.364063534630158
-0.295359172162807
-0.212315332479003
-0.118456978855475
-0.017582075401365
0.0862974720700807
0.188313876521331
0.282201908715768
0.360994614679671
0.41904292719399
0.453985650300541
0.467046339194201
0.461398658598628
0.440018126629628
0.404772870120104
0.357205269293512
0.299870288641343
0.236765184596809
0.172438543761375
0.110580589645131
0.0531742632661499
0.000664518143662605
-0.0471656155288209
-0.0902809139991988
-0.127990156522593
-0.159197324162233
-0.183029209690809
-0.199370360811232
-0.208971088735663
-0.213097369323531
-0.212916294649402
-0.208869577101189
-0.200279011662192
-0.185428942729172
-0.16228935355345
-0.129747191928546
-0.0887947422775904
-0.0429346876012982
0.00261062285455895
0.0425970144129718
0.0735272559476738
0.0946897369842135
0.108196726088319
0.118274033727366
0.130164375650213
0.148799449110588
0.177310980915756
0.215724468297116
0.260509718759872
0.305521392996821
0.34412905249561
0.371518552645874
0.385934870430378
0.388272725283632
0.380489792088099
0.364050041787429
0.33943586743767
0.306806443516535
0.266925202345823
0.22137521338205
0.171888219288323
0.119511191662406
0.0644689135114255
0.00691403136316091
-0.0520162767618234
-0.109643369724084
-0.162104060784642
-0.205415942379964
-0.236633515877273
-0.254481162410423
-0.259207874928129
-0.25186816522865
-0.233498691400249
-0.204605244618362
-0.165139410409216
-0.114956142403239
-0.0546421499746233
0.0135527916094513
0.0851765152766346
0.153940839951131
0.213061131505457
0.256929822242182
0.282142610804516
0.287351776509317
0.272358661170535
0.237413573004639
0.183341872447291
0.112271677792212
0.0282666828086256
-0.0626091499687753
-0.152789459105717
-0.234023575263549
-0.298307368289571
-0.338813290835712
-0.350753112632983
-0.332081242274358
-0.283846454376442
-0.20998198795811
-0.116592824912831
-0.0111735662056416
0.0978655990137122
0.201577207678558
0.291348126883558
0.360325267702547
0.404535946479611
0.422796668166877
0.415628171435567
0.384427465609055
0.331809382036153
0.26266446445586
0.184600300412739
0.106898175315003
0.0383237386825945
-0.015065698763575
-0.0510756029468662
-0.071133679380617
-0.0789951563519104
-0.0790966183633368
-0.0752311810719274
-0.0699176365108932
-0.0644659831189933
-0.0594858922945314
-0.0555122754986223
-0.0534719007096799
-0.0547974501093345
-0.0610968831835004
-0.0734523369331515
-0.0916426084878487
-0.113717008790504
-0.136230465712756
-0.155093309272482
-0.166641848354911
-0.168464313698248
-0.159743280407396
-0.141175202715497
-0.114671906638439
-0.0830009688260744
-0.0494023351346301
-0.0171525241910996
0.0109274321645802
0.0329511240791909
0.0483086516015059
0.0577482859014413
0.063131746627792
0.0668904946110314
0.0713177174772812
0.0779130438196857
0.0869995564760105
0.0977231271364346
0.108363431794008
0.116750367258254
0.120601354091872
0.117766422396288
0.106526001266445
0.0860487221632626
0.0568896367471923
0.0212175854750563
-0.0174815302664275
-0.0551967231373982
-0.0883694802439269
-0.11465997578781
-0.133230280893745
-0.144508055890959
-0.14961855794164
-0.149792379641618
-0.146020193488374
-0.139052677657873
-0.129629398734364
-0.118694883227892
-0.107407966996632
-0.0969363516610203
-0.088201243014031
-0.0817532531927055
-0.0778251091415665
-0.0764636429214131
-0.0776160068989984
-0.0811186743960751
-0.0866150625172719
-0.0934448426026466
-0.100516777227894
-0.106159450575563
-0.108002736550792
-0.103053810220274
-0.0881492001591639
-0.0607695552078651
-0.0199113712554858
0.0333950390426673
0.0961251780278793
0.163744650889198
0.23089088779212
0.292100669325848
0.342539766193968
0.378640728249161
0.398462828180759
0.401678886869773
0.389326823150188
0.363542785614836
0.327301873561465
0.284006514765489
0.23686919190782
0.188317716145672
0.139747814704574
0.0917407137619435
0.0445826030828373
-0.00119165710890773
-0.0444525053088059
-0.0834401977906439
-0.116036148711777
-0.140205070260822
-0.154385097873948
-0.157670267942633
-0.149836671934875
-0.131410534570157
-0.10387516713613
-0.0698392274559528
-0.0328449470980934
0.00331493507112653
0.0355213617840944
0.0620221362614254
0.0825578465028879
0.0979410653187479
0.109382176105503
0.117877197822022
0.123831422848883
0.126967853358238
0.12652191825023
0.121678841709046
0.11211178951296
0.098388443516301
0.0820347562368611
0.0651974757731989
0.0500416139100168
0.0381353701407728
0.0300540769200889
0.0253103904984788
0.022580710854994
0.0201198872071199
0.0162411993660803
0.00974607830125559
0.000199442062807805
-0.0120166269300751
-0.0258634275597843
-0.0399367666375018
-0.0527799276288003
-0.0631425585516512
-0.0701564972046285
-0.0734214410512128
-0.0729918054241528
-0.0692571593943361
-0.0627354586939431
-0.0538526375987939
-0.0428260491568788
-0.0297409676241247
-0.0147929389358013
0.00146151141542813
0.0180401294086406
0.0337527263282729
0.0476218561557515
0.0592807964453962
0.0691071478217744
0.0779916314115904
0.0868551915143513
0.0961645685699797
0.105671389164086
0.114458323114348
0.121230427757511
0.124711378699071
0.12398897258216
0.118676591524449
0.108826185087984
0.0946583510394073
0.0763038111379533
0.0537507151940717
0.0270226661716455
-0.0035839381230104
-0.0374013043763963
-0.0734632524658991
-0.110611950524671
-0.14750545758431
-0.182549573934344
-0.213902564801095
-0.239665866166314
-0.258219020532439
-0.268521451336852
-0.270195898830028
-0.26334447933389
-0.248242026991304
-0.225148438937526
-0.194379604380105
-0.156555924448578
-0.112825366570548
-0.0649453900025758
-0.0152629570305841
0.0333596195347208
0.0777509151820391
0.114873463869162
0.142412420136112
0.159190458268293
0.165122240120554
0.160752078449664
0.146763679145976
0.123888599789331
0.0933115783901377
0.057233478736815
0.0190667594401935
-0.0170302930398716
-0.0471009434765039
-0.0682966414423178
-0.0792618679415755
-0.0798808361248937
-0.0706740628096298
-0.052311654105555
-0.0255762259203099
0.0082367196091856
0.0468259675786331
0.0867324906285294
0.123726050048331
0.153551831129851
0.172665282124482
0.178729891185566
0.170940170434544
0.150312074685808
0.119865580492559
0.0843983473167322
0.0496439182522183
0.0209968424185519
0.00231458240723294
-0.00472382042282292
-0.000561048807764334
0.0127791480209044
0.0323668560837354
0.0549253147567532
0.0772156509817506
0.0963107364070047
0.109811316258902
0.115978879910636
0.113742067408819
0.102620631083191
0.0826954300965677
0.0547098177593482
0.0202403191354893
-0.0182382129077779
-0.0575493430846973
-0.0942978766170414
-0.125505352470137
-0.149176813657917
-0.164604274640941
-0.17232150772039
-0.173746054189774
-0.170636155357347
-0.16454780493636
-0.156488105910092
-0.146893373714176
-0.135910869296226
-0.123801119293724
-0.111210947467846
-0.0991512067691787
-0.0886979012975301
-0.080595922998054
-0.0749695793675653
-0.0712305255724959
-0.0681462006978949
-0.0640203203494035
-0.0570167301758213
-0.0456694761130325
-0.0294808610791761
-0.00933733508000678
0.0125301781257001
0.033099167429684
0.0493970168096028
0.0592588033839415
0.0617002468494809
0.0568322902783828
0.0454868157106386
0.0288378045842162
0.00822039652803876
-0.0148553851588205
-0.0386522553128369
-0.0612501697801939
-0.0806843992556623
-0.0950772048472789
-0.102702366420692
-0.102043407552807
-0.0919776219165838
-0.0721492182300277
-0.0434183990767208
-0.00812947473711473
0.0300357664686832
0.0666624885773126
0.097481966014137
0.119220836128074
0.130149366984179
0.130209905231727
0.120787948468646
0.104290831053318
0.0836701747491245
0.0619295200695202
0.0416247228290573
0.0244347964453576
0.0109586408374233
0.000853915735132994
-0.00673127437293137
-0.0126517693690136
-0.0174312715188696
-0.0212117062256128
-0.0239116862840374
-0.0254369833828849
-0.0258450139978254
-0.0254702579378718
-0.0250514001887129
-0.0258363810914596
-0.0295456107327055
-0.0380487932380052
-0.0527261177048406
-0.0737020049618359
-0.0992975617006434
-0.125994348265013
-0.148975992209936
-0.163111576739509
-0.164164593352967
-0.149956064983817
-0.12111842115993
-0.0810963772536014
-0.035323908829793
0.0101092402741966
0.0497894364210112
0.0798920430852355
0.0985026038826552
0.105407854508666
0.101592056030876
0.0887492933140555
0.0690249153203987
0.0449564719820446
0.0193940323326817
-0.00477708798316439
-0.0250678607169547
-0.0397656625585939
-0.0480971720372631
-0.0501701831370521
-0.0468016151590843
-0.0393232670117881
-0.0293749367429039
-0.018649476227787
-0.00858939040089362
-0.000105341856314427
0.00658326272705735
0.0119233259885948
0.0168197448712828
0.0222883521418767
0.0290476438000699
0.0371718615415126
0.0459500485635504
0.0540270893674682
0.0597537974031796
0.061566541034453
0.0582617541978891
0.0491762932793158
0.0343595700269383
0.0147398890658017
-0.00784462869963723
-0.0308847672222116
-0.0516900251792158
-0.067947054779126
-0.0781406661773283
-0.0817468123150636
-0.0792313915181183
-0.071917526605397
-0.0617409764997776
-0.0508959283562857
-0.0414220123711702
-0.0348383008251566
-0.0319183164082729
-0.032627454928404
-0.0361791337619536
-0.0411581378042286
-0.0457005784455068
-0.0477636973801353
-0.0455165422860148
-0.0378135139807569
-0.024609661474272
-0.00711767350477779
0.0124372493649784
0.0314346051089066
0.0476155918755613
0.0596556537751594
0.0673305853076651
0.0712875922784263
0.0726211653555704
0.0724676645551641
0.0717083940954054
0.0707573636197111
0.0694121741127499
0.0668340565780038
0.0617721708512535
0.0530621508829623
0.0402397244949422
0.0239664355861429
0.00601317319087713
-0.011215860817593
-0.0253908965609133
-0.0348936730371274
-0.0391652468700302
-0.0386778828066075
-0.0346120763917181
-0.0284822127552115
-0.0219359357871333
-0.0167430508428029
-0.0148228084160071
-0.0181490282083709
-0.0284471355993354
-0.0467172854164519
-0.0727661800435981
-0.105002433191345
-0.140652312460427
-0.176336389029187
-0.208768964284501
-0.235313031990647
-0.254230009799763
-0.264609878624307
-0.266081934870353
-0.258487440302591
-0.241741616794821
-0.216051376981655
-0.182426798550213
-0.143139562542432
-0.101695251274565
-0.0621405547242118
-0.0279635520974058
-0.00113236068945855
0.0182562354234732
0.0316045987937054
0.0409767822592999
0.0482099862971129
0.0543015059222167
0.0592017810303128
0.0619776163382084
0.0612200016808691
0.055546881196409
0.044073068934635
0.0267594672736436
0.0045775246436731
-0.0205658298203353
-0.0461502151363141
-0.0695052036093362
-0.0882133586861834
-0.10030976556121
-0.104351682136868
-0.0995885777942012
-0.0863340364632299
-0.0663118538650265
-0.0425837790974417
-0.0188865114634851
0.00138735726792465
0.0161086518803812
0.0248748406117607
0.0289178780800753
0.0305717385815184
0.0325238736091816
0.0370963984393828
0.0457461963954729
0.0588609126039022
0.0758246119485165
0.0952802149870767
0.115504773001881
0.134800686538713
0.151801180456243
0.165618922499347
0.175820879131177
0.182258650665493
0.184816731928836
0.183172321781106
0.176674958838855
0.164418878628271
0.145498748579288
0.119370974680033
0.0862345009483195
0.0473539850080272
0.00520596806130481
-0.0367172578703104
-0.0745173586544125
-0.104727158576306
-0.124978874277078
-0.134185000213556
-0.132257910997181
-0.119708874223075
-0.0974765963420262
-0.067051677856882
-0.0306587473504814
0.00880192219705713
0.0481461958820764
0.0844652342971066
0.115592690796789
0.140327096370019
0.158420739785224
0.170411235502477
0.177325193279226
0.180266388026672
0.180014878610838
0.176859166605049
0.170690141948206
0.161046814018124
0.14697432436834
0.127198858343318
0.100998387599029
0.0690743892769962
0.0335036643288605
-0.00303407862704216
-0.0379167464651845
-0.0688602740258882
-0.0941101479410785
-0.112702231769052
-0.124642194228163
-0.130836879999154
-0.132801467359578
-0.132303441572151
-0.131083035266606
-0.13067570724666
-0.13227601673105
-0.13659317704016
-0.143724962342957
-0.1531252452443
-0.163709499571825
-0.174071289063849
-0.182737479419749
-0.188388715659399
-0.189997429722871
-0.186878414169051
-0.178691435865606
-0.165445747600423
-0.147520254449001
-0.125668146370536
-0.100961926875371
-0.0746581019993963
-0.0480043904752343
-0.0220538990605239
0.00244120473184825
0.025022674002577
0.0454265869480767
0.0634432292427748
0.0787935763653259
0.09106997261499
0.0997569396319248
0.104301648749713
0.104195968965444
0.0990899804802579
0.0889993438513015
0.0745906211998201
0.057373911302061
0.0395870432319103
0.0237195280386208
0.0118667021377976
0.00520830565134213
0.00380502405452056
0.00672342237219183
0.0123819356151204
0.018990811227593
0.0249764881882419
0.0292945323052996
0.0315670088332257
0.032047123442483
0.0314691971729997
0.0308322137476914
0.0311237256672503
0.0330072590914463
0.0365789531945437
0.0413329676597644
0.0463649801894561
0.0506644745457532
0.053288179435851
0.0533512881491788
0.0499800287553802
0.0424189044252898
0.0303239738562701
0.0140703293171578
-0.00514285208097035
-0.0254747205972469
-0.0448349302622134
-0.0613329380790638
-0.0736362772410166
-0.0811210412155129
-0.0837579207747599
-0.0817885621114141
-0.0753692797963937
-0.064399992703664
-0.0486636504153846
-0.0282186466954944
-0.00382326061838051
0.022869638377043
0.0494972070847256
0.0734992567226396
0.0927322724242837
0.105902287111201
0.112630538948987
0.113171616974731
0.108002451099044
0.0975631832861404
0.0823136211105838
0.0630450925914371
0.0411951813996177
0.0188813540872225
-0.00145771929969682
-0.0176548324406007
-0.0283253925950318
-0.0330620778302016
-0.0323076814709609
-0.0270725567305249
-0.0186646126666419
-0.00849538686454769
0.00205785483546589
0.0117667205065232
0.01965434372296
0.0250837574554665
0.0278240669696045
0.0280748370624198
0.0264191337796523
0.0236903513877858
0.0207801431665981
0.0184515023835219
0.0172143401849845
0.0172747934865281
0.0185325440482234
0.0206112065923269
0.0229442751690357
0.0249421138642837
0.0262076609464422
0.026702150632927
0.0267669493543196
0.0269934550828791
0.028020659218291
0.030353187900574
0.0342420550981092
0.0396217908646669
0.046085072436456
0.0528838852219435
0.058959731521696
0.0630297044507575
0.0637795620170097
0.0601963868286042
0.0519831478194399
0.039878838193638
0.0256701536239758
0.0118051946040578
0.000752886540544975
-0.00558360478363615
-0.00613923070984163
-0.000609077391013642
0.0108009479115702
0.0275658517417687
0.0488619460004604
0.0734651279183142
0.0996771574116982
0.125426630858473
0.148588159064295
0.167405237379991
0.180794261589453
0.188356454484369
0.190117300225575
0.186195568173761
0.176626974152115
0.16142560432745
0.140782190834178
0.115205981131918
0.085472223504311
0.0524008713903385
0.016653905150785
-0.0212306914787609
-0.0605115741819042
-0.0998283775983266
-0.13705061318586
-0.169618732077215
-0.195274600303026
-0.212799236023633
-0.22236003335751
-0.225305794268184
-0.223544768672996
-0.218816716112199
-0.212170706759778
-0.20383300771457
-0.193467562491505
-0.18066526258622
-0.165410742854925
-0.148304482895936
-0.130451433269774
-0.113100283659947
-0.0972362633698806
-0.0833259781945454
-0.0712993697500349
-0.0607243214105257
-0.0510669183157382
-0.0419359628067492
-0.0332395891400381
-0.025220134575777
-0.0183875167862595
-0.0134141086639193
-0.0110448194923245
-0.0120291736955163
-0.0170558056044353
-0.0266814015112095
-0.0412496010336043
-0.0607645859611262
-0.0846803690909991
-0.111663449978346
-0.139523519782358
-0.165505578852075
-0.186920643316421
-0.201827547395943
-0.209410563057797
-0.209884159807662
-0.204033686020586
-0.192677018926848
-0.176334645542911
-0.155257183779089
-0.129755437111032
-0.100603648426133
-0.0692375883464255
-0.0375893577817473
-0.00762886742112029
0.0191365477989505
0.0419547725303406
0.0608345129502929
0.076359870277065
0.0894507080307738
0.101134879292407
0.112333887363352
0.123662173810724
0.135268116974839
0.146761966208903
0.157273444269644
0.165650290199779
0.170744105479486
0.171673104777617
0.167964285295634
0.159557785721333
0.146726928247978
0.129971359513883
0.109908785632005
0.0871885242749839
0.0624787310288681
0.0365696233054372
0.0105464429694732
-0.014117991701425
-0.0357039788910982
-0.0526349969883142
-0.0639543482774033
-0.0696484592272363
-0.0706581752164874
-0.0685896325328431
-0.0652741819086219
-0.0623567058608955
-0.0610266336665639
-0.0619162537166079
-0.0651331803305199
-0.0703737310351872
-0.07706221129624
-0.084469780911096
-0.0917884067518728
-0.0981665905528976
-0.102740170744979
-0.104696760084189
-0.10338920779489
-0.098476170993021
-0.0900431276351828
-0.0786562018044926
-0.0653133165935239
-0.0512780424556553
-0.0378239993232695
-0.0259731687116684
-0.0163256830785907
-0.00901245176750015
-0.0037097960389549
0.000355241559660703
0.00438666303693545
0.00987740527276259
0.0182634892037001
0.0304351465441449
0.0463029284156162
0.0646480912661642
0.0833837435566359
0.100162388812081
0.113086446112917
0.121221086769338
0.124719095225527
0.124576573974538
0.122204175905782
0.119022096092094
0.11619227614367
0.114494504414794
0.114310238627477
0.115687596698995
0.118471810708092
0.122476497006324
0.127654992109293
0.13421510317861
0.142607299815217
0.153336005654203
0.166631733505633
0.182140532286444
0.198822957686924
0.215142365102294
0.229440439196848
0.24029293279866
0.246674048692519
0.24787985031896
0.243288999646661
0.232132257817634
0.213473071627996
0.186525841153236
0.151245716568793
0.108907241274292
0.0623095500655554
0.0153941662899429
-0.0276343074565757
-0.0633231726071138
-0.0896934996934753
-0.106410618519106
-0.114430309834659
-0.115366205120155
-0.110873157201587
-0.102249169972121
-0.0903207312130587
-0.0755708431882176
-0.0584160288628443
-0.0395160249724992
-0.0199906692141043
-0.00144003678443653
0.0142622904568405
0.0253316211915825
0.030454578739591
0.0290685057750618
0.0214777483763172
0.00879996223817065
-0.0072425367526579
-0.0246489682493554
-0.041503938479541
-0.0562736308241109
-0.0679605621727617
-0.076107669333777
-0.0806828376777424
-0.081879003713506
-0.0798731265537851
-0.0746248782672643
-0.0658239276993811
-0.0530472272366578
-0.036063031238778
-0.0151119331648794
0.00899055828566014
0.0349587527305944
0.0612539923312307
0.0862987195492868
0.108642232497146
0.127100220979038
0.140886085735159
0.149704695688622
0.153767684832512
0.15373467261992
0.150619057872305
0.145664845513508
0.140154104139366
0.135136275224124
0.131167037650009
0.128180706242816
0.125530118932604
0.122111843616805
0.116495344128545
0.107083537398631
0.0923912492517856
0.071435289786327
0.0440780119362529
0.0111373025839068
-0.0257780567661399
-0.0645714735113907
-0.102931023538225
-0.138522557166524
-0.169164972511682
-0.193012954324688
-0.208656471161924
-0.215050764967009
-0.211379958776944
-0.197122533810985
-0.172471375735897
-0.138910380073565
-0.099506834559679
-0.0585980527306451
-0.0209288550523488
0.00937584085069737
0.0295561977413737
0.0384361608095481
0.0361811307186043
0.0238659936051881
0.00310829764880941
-0.0241461772838212
-0.0557392527825522
-0.0893971250122333
-0.122852707444711
-0.154011813140797
-0.181155172380678
-0.203115690047835
-0.21932579312308
-0.229660890106075
-0.234125011481789
-0.232553976720271
-0.224536107828568
-0.209628293477023
-0.187752946072402
-0.159534034215199
-0.126355114485052
-0.0900822915162109
-0.0525902014258415
-0.0153419052417353
0.0207632029144914
0.0552237254189742
0.0875911371553062
0.117171946567505
0.142942294307191
0.163692196202062
0.178295980152915
0.185975437667617
0.186466336134602
0.18006298322447
0.16755359098829
0.150060221333045
0.128793581196108
0.104770688853806
0.0786191632124835
0.0506259042479399
0.0210886814798186
-0.00918995506613906
-0.0386048168262858
-0.0649321190287375
-0.0859803156548639
-0.100359455799852
-0.10792845924818
-0.109701589443018
-0.107339546959442
-0.102551469398726
-0.0966889922059071
-0.0906262441916359
-0.0848537340607534
-0.0796499876392706
-0.0752172639825156
-0.0717284051995456
-0.0692909265643128
-0.0678687699015685
-0.0672088596870603
-0.0668115348090866
-0.0659713985265782
-0.0638955235559217
-0.0598738723482317
-0.053440548715482
-0.0444530220531352
-0.0330599071552228
-0.0196093789402874
-0.00459261947580695
0.0113362548534333
0.0273186833695706
0.0423143232814797
0.0552090777396276
0.0649483893577892
0.0706184321287119
0.0714466208235153
0.0667638521571541
0.0560281357856868
0.0390145288423063
0.0161812734420782
-0.0109575607951422
-0.0397455593828789
-0.0667809297938528
-0.0887000787561675
-0.102989288878408
-0.108460062219701
-0.105261956354118
-0.0945676961980619
-0.0781498289620014
-0.0579801712774458
-0.0358815255267792
-0.0132592247870988
0.00900916011586486
0.0304628811993765
0.0507725783234293
0.0694371174111321
0.085625869433149
0.0982265667499539
0.106034881083995
0.107973861742629
0.103279325294637
0.0916578917976056
0.0734298665576102
0.0496106925749773
0.0218513196757279
-0.0077900651245695
-0.0371791025741474
-0.0644200824635988
-0.088044986711857
-0.107014511250874
-0.120541731578374
-0.127841420572645
-0.127979988598935
-0.119991530940332
-0.103302915520692
-0.0783119772539702
-0.0468004488485101
-0.0118738921205718
0.0226502865959817
0.0531641582031294
0.0770663910133203
0.0930795869343513
0.101020765431806
0.101263277791476
0.0942700965970737
0.0804871753806923
0.06062232905239
0.0360627996609658
0.00908312975889284
-0.0173662143251925
-0.0402213506015197
-0.0569321314606977
-0.0658595917021604
-0.0663472809210249
-0.0586058955851611
-0.0436215670729139
-0.0231556939770098
0.00028974990917763
0.0237076726849949
0.0440396117565177
0.05868235446337
0.0658351362033147
0.0645920247456826
0.0548504970673371
0.037185046673188
0.0127787239892982
-0.0166108773066308
-0.048739698256022
-0.0810782431410066
-0.111108222037463
-0.13663821146083
-0.156035120381996
-0.168273877463461
-0.17277837786905
-0.169174945353579
-0.157202457955075
-0.136955189210374
-0.109353533977434
-0.0764641565981194
-0.0412994114970416
-0.0070602026499417
0.0238052708467709
0.050201517968027
0.0723431744798826
0.0911850399278155
0.107725461120763
0.122555461216481
0.13577501027627
0.14716110980621
0.156398484613643
0.163241644335763
0.167561806704047
0.169290982608149
0.168311801321754
0.164358624065154
0.156990389430656
0.145675368607903
0.129990295786432
0.109871890953318
0.0858012387132094
0.0588202121897205
0.0303814436449712
0.00212674067002605
-0.0243099077695519
-0.0474397138468231
-0.0659997294702726
-0.0789776935149251
-0.0855957773074794
-0.0853144508976984
-0.0779302400750896
-0.0637624069716844
-0.0438071457364347
-0.0197079509411803
0.00650266171028973
0.0327834600015945
0.0574176439559803
0.0791915916100001
0.0974196123300617
0.111875048896278
0.122675467004329
0.130127119597873
0.134519744427584
0.135900833807531
0.133919120643608
0.127850594633882
0.116863956806493
0.100455086961015
0.0788527216546244
0.0531739617620092
0.0252400877011021
-0.00283216257581281
-0.029039846534342
-0.0517484386156343
-0.069786769759569
-0.0824552999790311
-0.089493805981602
-0.0910135464600888
-0.087411781167493
-0.0793183021273198
-0.0676110807125498
-0.0534817109498765
-0.0384806199813764
-0.0244600374032358
-0.0133624940489496
-0.00686764632876414
-0.00598793584819005
-0.010750595116703
-0.0200898658664522
-0.0320071885593499
-0.0439655340001621
-0.0533964148668192
-0.0581558468082855
-0.0568105466493748
-0.0487563874517049
-0.0342693831738534
-0.0145532575966329
0.00830262166950901
0.0316230516746445
0.0527375132486194
0.0696364292543609
0.0813491189217344
0.0878547486031545
0.0896319249938777
0.0871420355031034
0.0805149046524792
0.0695403262164036
0.0539074249034157
0.0335534791527363
0.00897558516307246
-0.0186156436942793
-0.0473717966562762
-0.0750987406612291
-0.099647945539672
-0.119228557974565
-0.132505721103608
-0.138499433490757
-0.136465462732796
-0.125990974542546
-0.10738545697435
-0.0821625941244758
-0.0532206002101628
-0.0244390594368726
0.000229015343483281
0.0177651815503763
0.0267475047831888
0.0274529457871599
0.0214782197122837
0.0111164831223358
-0.00127477036119194
-0.0137580927591929
-0.0250733459972871
-0.0346465452913331
-0.0423873681339613
-0.0483788505062968
-0.0526069929667475
-0.0548530231247709
-0.0547741135139163
-0.0520951015744961
-0.0467949869601382
-0.0392022321232593
-0.0299672473981219
-0.0199276175980754
-0.00991982728412611
-0.000618218721777435
0.00752237864238568
0.0141981501375085
0.0191235145002697
0.0219417295096872
0.02224268125134
0.0196565577180535
0.0139478707698104
0.00508068036483254
-0.00671434985388553
-0.0208556129027149
-0.0363628240932405
-0.0519271244645482
-0.0661220624082809
-0.0776887689370727
-0.0857849900142963
-0.0901122737546097
-0.0908935446236785
-0.0887227690791273
-0.0843382044928663
-0.0783906198694065
-0.0712852361607719
-0.0631515417323762
-0.0539366925262444
-0.0435593303121644
-0.0320405293289721
-0.0195567432452291
-0.00641164192785853
0.00704092512054731
0.0204961054802091
0.0338151266465577
0.047143355284275
0.0609575384042544
0.0759431594567153
0.0926749442075558
0.111219092683614
0.130875081324052
0.15022939607753
0.167526086209094
0.181189883251419
0.190273000435534
0.194655013706543
0.194955948210853
0.19225629195631
0.187788374147426
0.18273083003406
0.178127873984703
0.174860544724797
0.17359292859428
0.174681358722223
0.178087803213359
0.183339523245591
0.189550028311352
0.195491854362563
0.19969741220949
0.200571514277361
0.196537383862841
0.186269359195698
0.169025221410477
0.144979053474303
0.115369682601723
0.0823238197542716
0.0483820014885259
0.0159274883471773
-0.0132394377061684
-0.0380526177847975
-0.0580969249339119
-0.0734316827096296
-0.0844496827428251
-0.091820409063462
-0.0964790418076594
-0.0995779125437134
-0.102347740216992
-0.105905346282139
-0.111106181588832
-0.118499201574753
-0.128338294425969
-0.140558859251281
-0.154693247629785
-0.16979475621828
-0.184456160866009
-0.196935270716082
-0.205327473472584
-0.207733572993442
-0.202442200689597
-0.188188425174985
-0.164501225718566
-0.132046543174366
-0.0928023679672801
-0.0499252265679588
-0.00727090951371611
0.0313282481984775
0.0628032285889425
0.0853342174903401
0.0983938089278443
0.102350271403409
0.097848472764693
0.0853135203232993
0.0648729089336227
0.0367593492095222
0.00195644755259115
-0.0373254733626537
-0.0776753681595184
-0.115041757546572
-0.145540096691008
-0.166106559161632
-0.174760948222177
-0.170533430153797
-0.153305982191344
-0.123808174261787
-0.0838247975113497
-0.0364324347841156
0.0140628130126347
0.062716451194943
0.104964249187999
0.13764074597304
0.159518456903358
0.171140077230916
0.174057663149663
0.169824270244371
0.159169878920318
0.141756419440933
0.116693703843748
0.0835932669048471
0.0435570945595264
-0.000520162535823892
-0.044538694760073
-0.0843391246426407
-0.116810319920813
-0.140472201726569
-0.155364791896983
-0.162405885596669
-0.162604874285309
-0.156566065064666
-0.144540991881358
-0.126952039151038
-0.104997504133647
-0.0808829591319933
-0.0574750508684106
-0.0375665981084451
-0.0231809099803909
-0.0152614756188153
-0.0137899525341159
-0.0181121403620493
-0.0272113237809623
-0.0398186231557626
-0.0544228768405267
-0.0693064616492649
-0.0826760319302776
-0.0928528212437044
-0.0984297649906089
-0.0983402023002638
-0.0918688832755981
-0.0786681707437574
-0.0587901201887655
-0.032699084799437
-0.00126767301054413
0.0341863840628673
0.0718166971078305
0.109246867041775
0.14382059599469
0.173114014316903
0.195486670700765
0.210366040980519
0.218121135132572
0.219649793123822
0.215962566260345
0.207986417247054
0.196611934123934
0.182839977642386
0.167858092493684
0.152969647790544
0.139409493143162
0.128135863503915
0.119682353856239
0.114114420164286
0.111090121172732
0.109991816732911
0.110080608342202
0.110626318641929
0.110978729804846
0.110569826365663
0.108868433459818
0.105327802181835
0.0993435819359935
0.0901862065565362
0.0768773248439572
0.0581176164565798
0.032528087112078
-0.000632083931014757
-0.0405368563041155
-0.0843111208138739
-0.127524739022536
-0.165549682895348
-0.195063983664791
-0.214931032737775
-0.226139049285272
-0.231020583755594
-0.232232466496168
-0.231924527178847
-0.231322361564025
-0.230747092936487
-0.22994735308033
-0.228530473072052
-0.226274874256878
-0.223206511106312
-0.219477844548786
-0.215184204033436
-0.210227251417542
-0.204245238518189
-0.196578605444119
-0.186269344357267
-0.172158745533083
-0.153166357226305
-0.128745030168546
-0.0993446279737322
-0.0666129658004271
-0.033144398241935
-0.0018306852816798
0.0249029149513492
0.0456472426231751
0.0601612803000615
0.0691567869941787
0.0738901283716027
0.0757539002968067
0.0759866048571746
0.0755288720289523
0.0750013003914642
0.0747613035054335
0.0749933928677645
0.0757944037026003
0.077235501678073
0.0794028875192381
0.0824194386085989
0.0864352647889999
0.0915731541578441
0.0978377265067337
0.105026490266921
0.112691035151358
0.120180798184178
0.126769138399779
0.131819007640576
0.13490698912502
0.135825836483963
0.134451854928103
0.130556187084194
0.123685390781652
0.113213413950198
0.0986023895742498
0.0798153744973486
0.057707137217343
0.0341512075682666
0.0117415711520588
-0.00686985757938519
-0.0197199009991425
-0.0260342772741443
-0.0263020101052624
-0.0219756902675808
-0.0149998678207332
-0.00737862063858839
-0.000907278721793391
0.00291901756330937
0.00290265162066377
-0.00183110023525004
-0.0117052618768225
-0.0264898389677372
-0.0451435525552626
-0.0658161593016343
-0.0860598317398167
-0.103212528533799
-0.114857587556923
-0.119249971243012
-0.115629103250942
-0.104382271829002
-0.0870386218997924
-0.0660602644657152
-0.0444109619225167
-0.0249645257216693
-0.00991699942766119
-0.000397343783697405
0.00360473368246014
0.0030093643480007
-0.000755235425137034
-0.00615596748624492
-0.011825165772128
-0.016652481583534
-0.0197550299764826
-0.0204493862565001
-0.0183291279541635
-0.0134384510405699
-0.00640817947240517
0.00159613440466226
0.00914392782986036
0.0149068774889891
0.017958330109399
0.0179186967133708
0.0149623370191069
0.00973466375793476
0.00320677793112918
-0.00351257098369225
-0.00936454637636875
-0.0134787423885444
-0.0152574629933625
-0.0144493162307442
-0.0112435327836759
-0.00634637253986483
-0.000954347422816944
0.00341873331342271
0.00520509546521949
0.00302229665705826
-0.00418823576159312
-0.0171018252907818
-0.0359363351147765
-0.0602903672068394
-0.088935467804401
-0.119724971139227
-0.149784483840372
-0.175989150465888
-0.195530083475713
-0.206316548368327
-0.207112123046383
-0.197515741720231
-0.177965314308701
-0.149808510690386
-0.115305616747619
-0.0774001717931282
-0.039245617862661
-0.00365232248780908
0.0273427571102367
0.052680268363386
0.0722645067928715
0.0867825505493982
0.0974145812337421
0.105519167422961
0.112400775728476
0.119223358515608
0.127025497903306
0.136711042027684
0.148915226788077
0.163762223523709
0.180647376343841
0.198216565632506
0.214644159688413
0.228152444185179
0.237554841876148
0.242561665178723
0.243716684596091
0.242051557496845
0.238684609232755
0.234553259999876
0.230317673198927
0.226352520296374
0.22273864340765
0.219242025603908
0.21533074971059
0.210276840782971
0.203341435923229
0.193999936383047
0.182143103878707
0.168178518333065
0.152970473828644
0.137621307954669
0.12318070844152
0.110398708956668
0.0995956368400773
0.0906638533289444
0.0831826807491546
0.0766024724758524
0.0704235411031972
0.0642963773446938
0.0580269328083888
0.0515373807543411
0.0448374685866876
0.0380079764514044
0.0311633521311555
0.024389903718948
0.0177005208164805
0.0110377061529577
0.00430338984276924
-0.00263060425903633
-0.00994016424014205
-0.0178522654376779
-0.0265901665617557
-0.0362689692365876
-0.0468096454574747
-0.0579549458197506
-0.0694157014583991
-0.0810712587130698
-0.0930723810898578
-0.105735955610287
-0.119270964622354
-0.133511590303127
-0.147836964039571
-0.161332883537134
-0.173103429356847
-0.182564350509013
-0.189575941111587
-0.194378108493779
-0.197408057530041
-0.199127844107821
-0.199935212992278
-0.200139108777598
-0.199940504341335
-0.199389102366178
-0.198328086692484
-0.196342324026293
-0.192718053090047
-0.186461264818833
-0.176478992868705
-0.161983418334093
-0.142990607127474
-0.120612554991063
-0.0968953974451955
-0.0742340789932863
-0.0546568639086231
-0.0393192814599879
-0.0283930842619485
-0.021322901845899
-0.0172625452884077
-0.015453366118392
-0.0153910828871037
-0.0167892144502341
-0.0194594525462119
-0.0232126962264853
-0.0277946598858763
-0.0328235395502227
-0.0377325698775612
-0.0417668923020081
-0.0440631774614452
-0.043768649403181
-0.0401287356550867
-0.0325367130068185
-0.0206140358250934
-0.00436271606920868
0.0156831314388521
0.0384393955193899
0.0624443729233759
0.0861479572184316
0.108187487076392
0.127559742446013
0.143668810514543
0.156278558959327
0.165416687566298
0.171268252038109
0.174072558828645
0.174023981831293
0.171184859328539
0.165423857033015
0.156378593629122
0.143436593206327
0.125769151652722
0.102501573679579
0.0730712801831898
0.0376913879740156
-0.00229659179255247
-0.04440394893908
-0.0853882086394186
-0.121937272646681
-0.1513949300376
-0.172283670800012
-0.184485967953183
-0.189074984117693
-0.18788800279041
-0.182994157935878
-0.176216184726126
-0.168822439759265
-0.161428753274617
-0.154078124565987
-0.146430488289338
-0.137992539917554
-0.128327289261423
-0.117197585739295
-0.104624008356206
-0.0908680825591746
-0.0763707245937342
-0.0616811205255221
-0.0474033827000256
-0.0341599308996815
-0.0225383170912736
-0.0129964698370019
-0.00575599930647337
-0.000750950347919923
0.00233510772205963
0.00398405182740622
0.00477805563899194
0.00537519231232488
0.0064864118585982
0.00881127477936846
0.0129369011514901
0.0192356294574499
0.0277789102668626
0.0382616178608548
0.0499566945044527
0.0617717616994168
0.072470418393372
0.081015641847131
0.0868754488180447
0.09012422534326
0.0912968011912873
0.0911026563140291
0.0901700093999296
0.0889364623925005
0.087689801288804
0.0866710053103997
0.0861382408290215
0.0863536727883153
0.087533533315802
0.0898264743689031
0.0933400080551094
0.0981697893479483
0.104368247795562
0.111839530990489
0.120222574999604
0.128848667718823
0.1367975766802
0.142974203551577
0.146092463298228
0.144560600274762
0.136457187773562
0.119874450781395
0.0937122561917428
0.0586071687734025
0.0174090415636477
-0.0252378145871101
-0.0641471466036828
-0.0951128521991582
-0.115984153848481
-0.126847195315371
-0.129352121464749
-0.125624133419528
-0.117312034135988
-0.10515719573135
-0.089155624116481
-0.0691056268690089
-0.0451930655261537
-0.0183030867501158
0.0100673643722049
0.0381881292204017
0.0645145873545592
0.0879314674747625
0.107775430401169
0.12374062942179
0.135785328907689
0.144062770543839
0.148823058021507
0.150249140468969
0.148256956981807
0.142339696429018
0.131558760372408
0.114778761101771
0.0911612141942925
0.0607510445469003
0.0248290414147863
-0.0142460968650064
-0.0536691149130427
-0.0908979956657226
-0.123981021408842
-0.15136887466679
-0.171505872045039
-0.182615946227546
-0.182867525358186
-0.170834124754655
-0.146090280257791
-0.109779252393851
-0.0649036281076062
-0.0160498794998672
0.0315229340157903
0.073111326359815
0.105579960280371
0.127773194962014
0.140283928564805
0.144803606459739
0.143360021980501
0.137711401236185
0.129067277810462
0.118157907788017
0.105514661204772
0.0917476560422356
0.0776626653152859
0.0641875986225488
0.0521819357309321
0.042237897814362
0.0345627629897248
0.0289811999196286
0.0250406081701794
0.0221676846783239
0.0198138044611501
0.0175266850521637
0.0149060003177874
0.0114640731731238
0.00649804854410684
-0.00088459723748626
-0.0115166500066456
-0.0257828484431914
-0.0433067928997939
-0.0629094854252243
-0.0828692856849122
-0.101340481071434
-0.11674875521499
-0.128062110494881
-0.134912212632857
-0.137553094104997
-0.13665396005745
-0.132995948308689
-0.127226877329083
-0.119807639681541
-0.111142122302491
-0.101746348615481
-0.0923084633971405
-0.0836012994301302
-0.0763135033565189
-0.0708915137537579
-0.0674580415894561
-0.0658341328682867
-0.0656444587451144
-0.0664372683514102
-0.0677465115427077
-0.0690876537817047
-0.0699535330161035
-0.0698760743328946
-0.0685389543734978
-0.0658575076425646
-0.061964247781605
-0.0571238192721349
-0.0516551018694443
-0.0459085574541525
-0.0402736215917475
-0.0351548692609441
-0.0308919850425967
-0.0276621601239986
-0.0254246195679894
-0.0239326799529791
-0.0227976843345358
-0.0215808532685445
-0.0198999020150808
-0.0175323970823315
-0.0144755330370868
-0.0109196757787686
-0.00713441724775141
-0.00331767829581364
0.000533222860620452
0.0047059246118921
0.00981786144485911
0.0168063938848225
0.0268035362738641
0.0408342832101461
0.0593738855670048
0.0819439159017551
0.106980142497157
0.132081197055117
0.154527884336229
0.171816872022413
0.181971972806857
0.183563195277898
0.175593164623891
0.157544844927608
0.129754718220952
0.0939188200211507
0.0532770346117825
0.0121505827025539
-0.0250567860278035
-0.0549264099835816
-0.0756867914447058
-0.0872735524939335
-0.0909025515988301
-0.0884339703992355
-0.0817911091072834
-0.0725792436551032
-0.061922018235428
-0.0504604765359938
-0.0384504859037616
-0.025911954167586
-0.0127948921193191
0.000870183501610685
0.0148659333237287
0.028744157496463
0.0418453361298323
0.0533601691356616
0.0623953483836042
0.068017728258204
0.0692921470684637
0.0653644383207492
0.0556333054694047
0.0399973256651622
0.0190899586453827
-0.0056240750412653
-0.0319849929630854
-0.0574999623314576
-0.079815479755152
-0.0971414843078268
-0.108508100982033
-0.113811749666445
-0.11367393980086
-0.109184923419579
-0.101629243855965
-0.0922687766059539
-0.0821994605959235
-0.0722585692719401
-0.0629767918864044
-0.054601592527886
-0.0472019940565636
-0.0408063473892616
-0.0354908611886082
-0.0313701313772978
-0.028515409708643
-0.0268792469211007
-0.02629292339251
-0.0265360383105655
-0.0274154165053412
-0.02879097681109
-0.0305435518615502
-0.0325268015258235
-0.0345354482238054
-0.0362873508729026
-0.0374157085838761
-0.0374933747332397
-0.0361063912289271
-0.0329481433341157
-0.0278794500398358
-0.0209357248865993
-0.0123198135349524
-0.0024254793059034
0.00812209125759536
0.0184795630042043
0.0277031208929581
0.034928996788037
0.0395068561841262
0.0410147089314004
0.0391963851675149
0.0339292677355954
0.0252831497801044
0.0136283091412549
-0.000296835603799795
-0.0154067271917968
-0.0303850623905322
-0.0439246126361562
-0.0550763787995058
-0.0635129295759794
-0.0694637727646686
-0.0733624329226359
-0.0755107069148475
-0.0759650892477781
-0.0745858688415647
-0.0711068084485598
-0.0651847896577658
-0.0564802226027013
-0.0448026907969135
-0.0302761734178067
-0.0134253506260954
0.00489123833514016
0.0236937838035379
0.0421485171684766
0.0597581294036467
0.0763697224922912
0.0919899213298997
0.106519361904611
0.119579520150636
0.130537580002818
0.138682499929994
0.143401696659282
0.144247674032995
0.140919482404185
0.13327307128899
0.12143084987863
0.10593454995306
0.0878014367037676
0.0683809504812213
0.0490396613152626
0.030824014341619
0.0142696891032716
-0.000564619759826619
-0.0138867243288151
-0.0259076766697383
-0.0366506089217865
-0.045906413580657
-0.0533397299417718
-0.0586797782344972
-0.0618927160040916
-0.0632490933351888
-0.0632626153367619
-0.0625425520373061
-0.0616321588021348
-0.0608945905670591
-0.0604796335893775
-0.0603767317016084
-0.0605266032550565
-0.0609237275648005
-0.0616298808075814
-0.0626737755653669
-0.0639040973152047
-0.0649019722342095
-0.0650042373678392
-0.0634106549147641
-0.0593309809392624
-0.0521605864726224
-0.0416821382554225
-0.0282473464318402
-0.0128439886809174
0.00303785004253596
0.0177400923104244
0.02985010819286
0.0385049180180053
0.0434553654507449
0.0449117643790206
0.0433155786396518
0.0391772136333543
0.033018263339662
0.0253730368387597
0.016803923578109
0.00792392557877139
-0.000575818737898013
-0.0079266829456066
-0.0133506943539099
-0.0161876860140402
-0.0160130740272075
-0.0126652461816966
-0.00615339394840739
0.00349924881919807
0.0163661152377463
0.0325964202323249
0.0522711438798985
0.0752217492381433
0.100890841317133
0.128261592066511
0.155869198153946
0.181933093185878
0.204632182334914
0.222457598652064
0.234496357713099
0.240514965038493
0.240823317170952
0.236023236531138
0.226802530476344
0.213894280890766
0.19818359102255
0.180780706533338
0.162883583144053
0.145498851557527
0.129271689599647
0.114521225524686
0.101337355667844
0.0896045673330045
0.0789798285578315
0.068920238030037
0.0588088482472549
0.0481537037303686
0.0367835201361117
0.0249504222464185
0.0132812929344567
0.00258206934014998
-0.0064310976470101
-0.0133569236157159
-0.018195039435651
-0.0212897179959419
-0.0232245597511733
-0.0247673880442132
-0.0268651760961635
-0.0305874163981444
-0.0369278273127524
-0.0464957444128433
-0.0592453037513085
-0.0743991588230462
-0.090622285884381
-0.106370285686075
-0.120260220415728
-0.131325549023275
-0.139096853103405
-0.143540805719162
-0.144941553843506
-0.143801418906796
-0.140782461236119
-0.136648267694253
-0.132156487620682
-0.127920279829324
-0.124332311033714
-0.121622646872746
-0.119999139664293
-0.119727597002806
-0.121059711734882
-0.124058040551123
-0.128454543664208
-0.133644213754911
-0.138814068655824
-0.143130096979105
-0.145890760062612
-0.146589630230534
-0.144876380888392
-0.140445676241571
-0.132922771703567
-0.121848287942379
-0.106846649374307
-0.087950386408468
-0.0658996947598463
-0.0421886119888174
-0.018767713479032
0.00246477504466071
0.0201362443775544
0.0336537855273379
0.0432029831456067
0.0495584461093926
0.0537910946630589
0.0569331174957055
0.0596514904106683
0.061994590160914
0.0632761515094397
0.0621251237819213
0.0566956117976849
0.0450339536160044
0.0255981765802646
-0.00215098735059522
-0.0372893686409626
-0.077337326213291
-0.118647274755021
-0.1571571578932
-0.189219626863163
-0.21219155135885
-0.224609337152579
-0.226009547084284
-0.216641289518424
-0.197322894349878
-0.169509877152178
-0.135415985716725
-0.097954887072425
-0.0603959269081723
-0.0258260534402439
0.00337766965431938
0.0258828202816375
0.0414620830953417
0.0508067694574198
0.0551963543226202
0.056145203587737
0.0551107669867789
0.0532977036601783
0.0515686867615022
0.0504584071115851
0.0502470587909306
0.0510107727498828
0.0526001372455768
0.0545999649435875
0.0563820822215601
0.057295832115622
0.0569161058254462
0.0552198090143414
0.05261703862717
0.0498399585633058
0.0477355168842133
0.0470340356072424
0.0481752040418453
0.0512360621482037
0.0559453702581172
0.0617540428303162
0.0679601254841665
0.0738783467650486
0.0789804205091136
0.0829087894372908
0.0853492415678889
0.0858613746484975
0.0837948365997214
0.0783578901555182
0.0688319630791345
0.0548781083426947
0.036835386187209
0.0158723692819567
-0.0061227557480647
-0.0269183772669256
-0.0444563519115755
-0.0573235181215756
-0.0650281558117121
-0.0680189734891202
-0.0674673956245182
-0.0648948502451394
-0.0617651734861403
-0.0591626986187485
-0.0576232542188059
-0.0571037636537875
-0.0570288193291101
-0.0563779961009515
-0.0538463755817487
-0.0481461974099276
-0.0384559897605575
-0.0248772276479059
-0.0086440402847397
0.00810613575465492
0.0229455017661683
0.0338565924849772
0.0397044585019169
0.0403579039653442
0.0365395324746302
0.0295437672589309
0.0209217187663313
0.0121958021416732
0.00464639519685169
-0.000826490711681812
-0.00379424513226512
-0.00434689476915514
-0.00305698870878177
-0.000838109759791064
0.00125115114442214
0.00217407330574529
0.00102813150589928
-0.00284233447723289
-0.00967878210970358
-0.0191236281594845
-0.0301422162743044
-0.0411600094377724
-0.0504020340969785
-0.0562926209561895
-0.0577475938951036
-0.0542897147870694
-0.0460475091928422
-0.0337345642793494
-0.0186263404343714
-0.00245750193664068
0.0128294689694179
0.0254441706219672
0.0340748134268612
0.038044477038452
0.0372677315045014
0.0320953938578186
0.0231668370827495
0.0113219244942618
-0.00246263017647252
-0.0171665797675571
-0.0318510653194417
-0.0457659931929086
-0.0583925516439213
-0.0694146165020973
-0.0786534841000867
-0.08601249986648
-0.091451046612307
-0.0949619604488192
-0.096513766772781
-0.0959628044706161
-0.0929937483763367
-0.0871482099247193
-0.0779520685778861
-0.0651022207299033
-0.048647041095638
-0.0290867775892571
-0.00733833235557595
0.0154353340903153
0.0380647802815302
0.0595867144151631
0.0793530618031871
0.0970063105516956
0.112348809771654
0.125191016713873
0.135285396309904
0.142402742971267
0.146503441321393
0.147873533260467
0.147108675347613
0.144940115151625
0.142017254942065
0.138781623056117
0.135469835571142
0.132173561976685
0.128874261014182
0.125447484795042
0.121688995372775
0.117394177876215
0.112467763171964
0.107014749592886
0.101371246456052
0.0960539493834278
0.0916348270121785
0.0885804341047042
0.0871099672778843
0.0871068847736933
0.0880844836196394
0.0891896909374058
0.089244569173369
0.0868530470234836
0.0806012418281258
0.0693275719401845
0.0523702543017866
0.0296985451621887
0.00192258438368356
-0.0297441406373484
-0.0635287405942764
-0.097209528383759
-0.128381470985061
-0.154866671978669
-0.17513194728379
-0.188538704364915
-0.195329320457758
-0.196379143041912
-0.192830474974386
-0.185743109488423
-0.17586818286585
-0.163605275771475
-0.149135060949665
-0.132636976071
-0.114456920985066
-0.0951374460546717
-0.075333163729641
-0.0557107654500124
-0.0369151356780112
-0.019599447348473
-0.00444534265543084
0.00790120310860051
0.0169808597484058
0.0226770174591712
0.0252736951448511
0.0253734976318811
0.0237235308509122
0.0210432945590762
0.0179283722730912
0.014845919895163
0.0121821749775705
0.0102760407077018
0.00939185206094658
0.00964337773586115
0.0109388290384018
0.0130162831222652
0.015568284455522
0.0183770473149319
0.0213762325807368
0.0246229354702371
0.0282295705283456
0.0323132771779669
0.0369852940056105
0.0423676157814371
0.0486083374497496
0.0558686715859598
0.0642701816004593
0.0738141661514605
0.0843057524255123
0.0953240134754571
0.106267877052346
0.116470358316672
0.125326713551768
0.132364571626497
0.137220253261628
0.139553440546369
0.138982988962747
0.135123201380142
0.127737720644007
0.116940341256568
0.103320630845897
0.0879060240998029
0.0719729582075353
0.0568052764100859
0.0434980761219406
0.0328354603435171
0.0252153554460159
0.0206070642738324
0.018571159890866
0.0183752711793231
0.0191881326432273
0.0202804576882893
0.0211578288921035
0.0215975587461755
0.0216132324296526
0.0213841191561696
0.0211616095380129
0.0211456458122585
0.0213496801884922
0.0215209733634744
0.0211868258538035
0.0198276527478983
0.0170888925477184
0.0129162314409115
0.00755389068646526
0.00143220254563117
-0.0049779474717056
-0.0112738166551559
-0.0171626392520475
-0.0224393624639536
-0.0269173996921246
-0.0303413545854099
-0.0323237103481442
-0.0323429401505303
-0.0298157701971341
-0.0242365025535266
-0.0153670893270226
-0.00343430012698471
0.0107562284228517
0.0258856331818611
0.0403847976971226
0.0527964972266572
0.0620842225858419
0.0677795138085208
0.0699501582885306
0.069039403587369
0.0656489904493695
0.0603327342424618
0.0534520301978051
0.0451239838454244
0.0352597322307749
0.0236506107724927
0.0100488744019707
-0.00576366060856948
-0.0238650962103811
-0.0440056238867123
-0.065418016155491
-0.0867834441995177
-0.1064439171729
-0.122787157897973
-0.134617157070504
-0.141335883290924
-0.142855750577519
-0.139293993910757
-0.130641374134968
-0.116655766487662
-0.097099498338776
-0.0721754580331184
-0.0428519557726059
-0.0108595092528707
0.0216075806855809
0.0522885550918211
0.0791919292899902
0.100837298351599
0.116427421729159
0.125928418645282
0.129990803083759
0.129689146784932
0.126162826744083
0.120306093194549
0.112628709474689
0.103315480706032
0.0924168222596998
0.0800539751954408
0.0665403171691144
0.0523848326230225
0.0382071825515494
0.0246152590152198
0.0120809790085018
0.000841635531900934
-0.00912995491425736
-0.0180466667477616
-0.0261423635632655
-0.0335192995358511
-0.0401030948197128
-0.0457107185764339
-0.0501543355405095
-0.053309812696689
-0.0551440201792717
-0.0557304225345141
-0.055255959247566
-0.0539895972858996
-0.0522034515846443
-0.0500947499011424
-0.0477810083459095
-0.0453901673086618
-0.0431779848118209
-0.0415626534640398
-0.0410245095473936
-0.0419300283817178
-0.0443953545078169
-0.0482575359815747
-0.0531366804285749
-0.0585353748743746
-0.0639371600691386
-0.0688824249812788
-0.0730015936753958
-0.0760004604258588
-0.0776257844525436
-0.0776503746089083
-0.075884955348794
-0.0721911387455767
-0.0664834725896024
-0.058746443403005
-0.0490896403140007
-0.0378107379957624
-0.0253994243239425
-0.0124539245418911
0.000437008857203852
0.0127595608989358
0.0240555891716052
0.0338743665872341
0.0417795709726522
0.0474384419172893
0.0507412213328207
0.0518744896626473
0.0513075422460233
0.0496966600770257
0.0477354606917056
0.0459903483342082
0.0447716571213479
0.0440906495652352
0.0437220814323979
0.0433429388803104
0.0426872909482873
0.0416641805389094
0.0404086354064608
0.0392514991945495
0.0386133866957591
0.0388642734689266
0.0402116166620925
0.042650562183494
0.0459582388726681
0.0497057591732205
0.0533016472929238
0.0560988651968355
0.0575489184699083
0.0573225063093841
0.0553228779880503
0.0516003797348568
0.0462482547551305
0.0393528485365323
0.0310153493701555
0.0214237553570537
0.0109397318955889
0.000144022551477323
-0.0102242509283768
-0.0194435131091826
-0.0270164720664288
-0.0327935267100041
-0.0369732654317955
-0.0400353468829882
-0.0426768400080714
-0.0457610202681308
-0.0502255898183149
-0.056898452383446
-0.0662377805851198
-0.0780975962319224
-0.0916439444096883
-0.105475661683536
-0.117893025975359
-0.12720256364492
-0.131980580136862
-0.131284178112016
-0.124820806463666
-0.11305241115363
-0.09717231480632
-0.0789117343279387
-0.0602096825237598
-0.0428532620567789
-0.028203611634161
-0.0170687143626505
-0.00972202101318457
-0.00603162973349449
-0.00564735902175785
-0.00817477948933832
-0.0132619267258289
-0.0205653215130626
-0.0296411750355884
-0.0398694521738402
-0.0504992518045857
-0.0608026500697061
-0.0702278751884841
-0.0784494898978028
-0.0853158148137415
-0.0907778654907696
-0.0948657213403369
-0.0977015298873763
-0.0995002436393669
-0.100529868818257
-0.10102868385526
-0.101083820595204
-0.10049470123683
-0.098681616825338
-0.0947069976371359
-0.0874334009233976
-0.0757929035502921
-0.0591221068377037
-0.0374924746572482
-0.0119104904561304
0.0157602890113231
0.043204434339397
0.0682454729966048
0.089353043732198
0.105853420879868
0.117823641282844
0.125815252767823
0.130578207822885
0.132869814451403
0.133349753152023
0.132542914286059
0.130865662772595
0.128701448783376
0.126475675070559
0.124663604837373
0.123701284690637
0.12383919053728
0.125029403708939
0.126926882621241
0.129015142462516
0.130787068925642
0.131884640116472
0.132141737141471
0.131535594616068
0.130084460237677
0.127733679987656
0.124278837529103
0.119374939693156
0.112639777524181
0.103792299504014
0.0927458190580179
0.0796307578446914
0.0647838036726364
0.0487360175858836
0.0321843482503925
0.0159145958072244
0.000679501537580555
-0.0129240571749603
-0.024534385221975
-0.0340506838566136
-0.0416234565558812
-0.0476227637993678
-0.0525758356246812
-0.0570638916635578
-0.0615910877589154
-0.0664587858908398
-0.0716817413216642
-0.0769796673438675
-0.0818672294558594
-0.0858296580055821
-0.0885170836808144
-0.0898659728028887
-0.0900961358093737
-0.0896096291543497
-0.0888665127039374
-0.0882942173577995
-0.0882311187615367
-0.0888743085008633
-0.0902270410009011
-0.0920865667922423
-0.0941140477190512
-0.0959687351045935
-0.097426870079487
-0.0984124046407681
-0.0989386800212162
-0.0990216816808866
-0.098620928683029
-0.0976194623602078
-0.095827437118787
-0.0929992899346056
-0.0888661296977493
-0.0831812942195226
-0.0757610816234553
-0.0664956492985403
-0.0553261486619243
-0.0422205656129565
-0.0271885149890278
-0.010333284454395
0.00810975141555213
0.0277921047763604
0.0483074801956171
0.069213826482301
0.0899831526923632
0.10992041070541
0.128135587427496
0.143618268538427
0.155389822098764
0.162650501742315
0.164827957022482
0.161489316264794
0.152194002461724
0.136460277238537
0.113986226097593
0.0850909052289586
0.051145227592397
0.0146955891998447
-0.0208939955318363
-0.0522032347691992
-0.0766071836732832
-0.0928438505125288
-0.101086989482342
-0.102586508053965
-0.099131482370484
-0.0925949747931311
-0.0846785838103775
-0.0768184666456725
-0.0701515414283721
-0.0654858074574928
-0.0632970369083832
-0.0637913198930341
-0.0670085778042928
-0.0728752174354593
-0.0811373900156848
-0.0912140229710317
-0.102095132342769
-0.112387897986759
-0.120504879912766
-0.124898931778588
-0.124251911885614
-0.117599839852836
-0.104444884035095
-0.084902614764084
-0.0598640911289938
-0.0310704276247488
-0.000972722171963056
0.0276712951127389
0.0523593753522355
0.0713428574345979
0.0838560109532425
0.0900146086971386
0.0904785214296936
0.0860516577966318
0.0773875345777908
0.0649132326425819
0.0489888153302663
0.0301974300199856
0.00957938519001101
-0.0113448543079002
-0.0307865548814797
-0.0470286040659528
-0.0587368841567392
-0.0651183128783814
-0.0658798899636676
-0.0610446668256041
-0.0507630989537393
-0.0352583253757045
-0.01494412565223
0.00937595760315363
0.0363864887872074
0.0643379581923185
0.0913369625996632
0.115737242958844
0.136456614474121
0.153087089926532
0.165783682391946
0.175022644900703
0.181345166073605
0.185156031404097
0.186586626827366
0.18541087485372
0.181035384039496
0.172630870014522
0.159451872987412
0.141269734502368
0.11870658575291
0.0932570902934785
0.066960108173645
0.0418930832700814
0.0197313013694643
0.00151304399178023
-0.0123975592000736
-0.0222279265328664
-0.0286463505647878
-0.0325529733244798
-0.0348384311354832
-0.0361943182446185
-0.0370741561197537
-0.037827131940402
-0.0389144431768928
-0.0410637466657641
-0.0452504619445383
-0.0524749418338047
-0.0633953354684676
-0.0779646418483133
-0.0952650317827254
-0.113664498778267
-0.13124444555129
-0.146286443991275
-0.157595188304741
-0.164569155106074
-0.167082589557858
-0.16530581307186
-0.159568898652807
-0.150323773908201
-0.138207057581
-0.124145998596454
-0.109402933656359
-0.0954655900739432
-0.0837720233824758
-0.0753563611758162
-0.0705496252065517
-0.0688526572904175
-0.0690377461880268
-0.0694531689875288
-0.0684274408108585
-0.0646434928666573
-0.0573975519542121
-0.0467263421786694
-0.0334149427239404
-0.0188842325860038
-0.00495154149620393
0.00651323217511631
0.0139724413541081
0.0165559964227484
0.0142566405777442
0.0079275054540296
-0.000918279350162178
-0.0104508661844398
-0.0189187505354875
-0.024984581276017
-0.0278965498726758
-0.0274485638468901
-0.0237829509388817
-0.0171652435567661
-0.00785663749484175
0.00385925484451204
0.0175245791514355
0.0323334090327657
0.0470735449927042
0.0602734464006099
0.0705164330521212
0.0767744252744521
0.0786204748496869
0.0762802349074766
0.0705621010339516
0.0627038873064685
0.0541434373758974
0.0462344253204436
0.039977705745979
0.0358510178823895
0.0337675446984722
0.033136981570717
0.0330014286804749
0.0322415157534385
0.0298274025946481
0.025035342161373
0.0175457495432159
0.00741731264581371
-0.00497804371641039
-0.0189710285508492
-0.0335680908011763
-0.0474849839439384
-0.0593339987823359
-0.0679351144740446
-0.0725983000143957
-0.0732235009878183
-0.0701906877681702
-0.0641435964595625
-0.0557905725582979
-0.0457671494246595
-0.0345423032683763
-0.0223686456439968
-0.00931418863457573
0.00461474943315244
0.0193207885559192
0.0345196260102043
0.0497473555893628
0.0644652619864548
0.0782227710385218
0.0908114827914398
0.102330065353318
0.11311103723257
0.123528160255525
0.133760099312952
0.143599826484522
0.152376041139943
0.159016243422424
0.162247934910826
0.160904067268054
0.154260361241847
0.142291608267704
0.125728543860822
0.105860932794554
0.0841515144178689
0.06183369047045
0.0396892510263485
0.0181076093909803
-0.00264415489717957
-0.022149122716654
-0.0397675083777077
-0.0548056374223641
-0.0667874703803192
-0.0756321585851776
-0.0816364390063662
-0.085301173451336
-0.0871141194422583
-0.0873898402897866
-0.0862186427887833
-0.0835192045331362
-0.0791380992148233
-0.0729278752042749
-0.0647831568252431
-0.0546704509111803
-0.0426797466369411
-0.0290685168262411
-0.0142507195493244
0.00126323564619579
0.0169215305923239
0.0321536884011842
0.0463947577248578
0.0591545504821586
0.0701240697639837
0.079259606389982
0.0867755935874588
0.0930080367432589
0.0981724863857859
0.10211578008557
0.104194352348956
0.103358722116682
0.0984206024284772
0.0884088148593054
0.0729081319982963
0.0522839234717729
0.0277133019745057
0.00100086271611871
-0.0257521701104357
-0.050499698326399
-0.0715207535839567
-0.0875732908257571
-0.0979441235756492
-0.10241337192806
-0.101151135842574
-0.0945869756364459
-0.083319761430681
-0.0681164841800583
-0.0499727514786608
-0.0301389936703944
-0.0100307189556764
0.00896933475103306
0.0257325513548791
0.0395433758735431
0.0501559505363884
0.0577411404731447
0.0627289829922458
0.0655787116067185
0.066550475116242
0.0655664490138056
0.0622161284236251
0.0559106612571239
0.0461472019287314
0.0328011298948425
0.0163320918234346
-0.00219247097286966
-0.0212744742887399
-0.0392896730431836
-0.0548012068319469
-0.0667827667940525
-0.0747070492814392
-0.0785094718173775
-0.0784712038202433
-0.0750806849027407
-0.0689343114269799
-0.0607160177272565
-0.0512396604756553
-0.0414708657680291
-0.0324323552852769
-0.0249779317055953
-0.0195373580997
-0.0159772761313419
-0.0136550049591845
-0.0116366636847425
-0.00899474035281105
-0.00509861001934752
0.00018013853504677
0.00641789034958701
0.0127739243713968
0.0182573189647333
0.0220083091005139
0.0234912780690625
0.0225737747743368
0.0195247786976887
0.0149595068377255
0.00972412633168905
0.00471439454480079
0.000666741660059675
-0.00200253886081918
-0.00325369909566434
-0.00338322988055645
-0.00294001233634457
-0.00263840104849865
-0.0032718430705071
-0.00562593422926397
-0.0104084491144701
-0.0181993304850149
-0.0293770882550171
-0.0439758711266551
-0.0615057829454999
-0.0808518343253499
-0.100353737134183
-0.118060158743895
-0.13204671630417
-0.140673233826078
-0.142727201416051
-0.137486870084974
-0.124775610753312
-0.105049758933439
-0.0794901044749058
-0.0500084568042267
-0.0190867755820913
0.0105627950111856
0.0364442103583362
0.0567073820820286
0.0704344012622411
0.0776881868317792
0.0792931586956385
0.0764002666950332
0.0699760628466921
0.0604261173728337
0.0475644709218154
0.0310061160283486
0.0108087990356738
-0.0120091437484848
-0.0354083677880064
-0.0567756496868426
-0.0736123401066636
-0.0840825319477161
-0.0871854665862898
-0.0825909234800561
-0.0703778142432044
-0.0509210676579915
-0.0250054598485228
0.00595317990447552
0.039790230398048
0.0737327451988791
0.104807432858417
0.130378260209846
0.148593523916485
0.158549619123344
0.160132039214214
0.153708518838757
0.139959173979152
0.119995570909807
0.0956213846725876
0.0693951915739248
0.0442656215813255
0.0228638948371125
0.0067863847374607
-0.00379057329457165
-0.0100088096722454
-0.0138193928334979
-0.0173015018255181
-0.0220654372164386
-0.0289068288281207
-0.0377513244867212
-0.0478305927069108
-0.057983640341291
-0.0669682816081606
-0.0736820622860403
-0.0772345027827241
-0.0768907547603718
-0.0719961373046251
-0.0620228757526494
-0.0467948971801382
-0.0267775921320483
-0.00320415131085278
0.0221274851079798
0.0473390028918188
0.0709943020930059
0.0923938156603463
0.111519360532003
0.128699038286035
0.14418554121355
0.157857076075085
0.169163969784471
0.177297324422159
0.181435095972797
0.180913818109816
0.175283615586776
0.164324170060105
0.148112411832371
0.127134555229485
0.1023405035806
0.0750534583494718
0.0467545245645479
0.01885107266036
-0.00746948765184357
-0.0312786591472675
-0.0518874806456403
-0.068823034404487
-0.0818070828590041
-0.0907058767400207
-0.0954451778511425
-0.0959500038138532
-0.092193198832601
-0.0843674676333652
-0.0730764588091475
-0.0593857855251152
-0.0446572725252236
-0.0302500887954414
-0.0172618186287771
-0.00642040254842517
0.00189584608419603
0.00759823435688709
0.010836343461342
0.0119433439062024
0.0113606821379113
0.00955998323217528
0.00699456075584407
0.0040837381117017
0.00119452546992264
-0.00141520240967511
-0.00368037704744659
-0.0057754770804197
-0.00806238714304044
-0.0109453668409276
-0.0147163324335883
-0.0194837241308473
-0.0252036522904522
-0.0317416254199969
-0.0388804479769573
-0.0462714648950177
-0.053410335833262
-0.059701117427519
-0.0645665150175398
-0.067492159657578
-0.0679488042242668
-0.0652707075986282
-0.0586519256367624
-0.0473716393455755
-0.0312039766214817
-0.0108175102273199
0.0120728292274436
0.0349496871041213
0.0551053466988732
0.0704003881726345
0.0798296685788842
0.0836180795918999
0.082819919472937
0.0786813406509088
0.0721335375479771
0.0636464162760017
0.0534187425074898
0.041700876170223
0.0290291520991644
0.0162572807545916
0.00440697470996089
-0.00554993947708683
-0.0128591589251086
-0.0170480218845727
-0.0179145434376486
-0.0155037615564508
-0.0101017777234815
-0.0022258321052465
0.00742121026310188
0.018024879675791
0.0287242397909391
0.0386527507796184
0.0469834167787764
0.0530117223694831
0.056266625996428
0.0565965080696155
0.0541779101281367
0.0494400750169933
0.0429486165170521
0.0353022312146431
0.0270610976047956
0.0186909736084826
0.0105181776597645
0.00272675171423489
-0.00457255996125548
-0.0112232732948475
-0.0169143223036348
-0.0211211518669999
-0.0230989486830434
-0.0219413737075026
-0.01675788965611
-0.00699969762763139
0.0071542791931534
0.0245588084537698
0.0432024948584958
0.0606580198486257
0.0746757048468532
0.0836361781214308
0.0867080370816166
0.0837744470916115
0.0753029120274855
0.0622634964567461
0.0460668187526309
0.0284403140508895
0.011206010957904
-0.00401434576703411
-0.0161027669028733
-0.0246649792739466
-0.0300688213909813
-0.0332612538060335
-0.0354320852758865
-0.037665952091675
-0.0407058154701437
-0.0448705150455081
-0.0500941867095512
-0.0560287367957236
-0.062169918760659
-0.0679963011767711
-0.0731079204485451
-0.0773211066835943
-0.0806679630236064
-0.0832909074212771
-0.0852791663836202
-0.0865223352268659
-0.0866573346376988
-0.0851664874679239
-0.0816233559939393
-0.0759805630641042
-0.0687253558306275
-0.0607804307281511
-0.0531876492085995
-0.0467604754011751
-0.04190547267815
-0.0386806809467854
-0.0369866027543238
-0.0367127614976016
-0.0377415399198452
-0.0398588279537315
-0.0426980695351906
-0.0457909688642876
-0.048686482513856
-0.0510430992621917
-0.0526360093674029
-0.0532998087167937
-0.0528764381936674
-0.051220557951997
-0.0482500396850006
-0.0439801014336973
-0.0384949242055656
-0.0318693665540574
-0.024087876425735
-0.0149903891231879
-0.00424858953178911
0.00861609899814144
0.0241372358372674
0.0427048149128935
0.064295808331888
0.0882357295420067
0.113117581266985
0.136952625955747
0.157520451416832
0.172788502129847
0.181246347708703
0.182063738775232
0.175091922240968
0.160806708758227
0.140276738276618
0.115143529532895
0.0875152001276299
0.0596961629909094
0.0337936081806909
0.0113527520769694
-0.00682292137721289
-0.0206155251529463
-0.0303760987986648
-0.0366742063178816
-0.0400998830677828
-0.0411379540722389
-0.0401103506771035
-0.0371933384300202
-0.0325126733492804
-0.0262825811910463
-0.0189174354295602
-0.0110458640599913
-0.00340059024278873
0.00337928761774711
0.00894555915910358
0.0133412726573242
0.0169583077009286
0.0203927240223944
0.0242950682723576
0.0292824093361158
0.0358852918688541
0.0444481808282876
0.0549586362466561
0.0668943287276423
0.0792175520397443
0.0905584303106001
0.0994952148785069
0.104788847986654
0.105491814550544
0.100951331273832
0.0907772242834923
0.074835428713257
0.0533057886961949
0.0268239394418776
-0.003328047392245
-0.0351145043761787
-0.0658943844165179
-0.092876500529391
-0.113717272809918
-0.126986327280891
-0.132327646334764
-0.13034545275263
-0.122359900772797
-0.110152147021665
-0.0957327605269713
-0.0811132090087049
-0.0680641577781117
-0.0578846280275826
-0.0512434192219395
-0.048152525502766
-0.0480844594979533
-0.0501840842074252
-0.0534953593839165
-0.0571410087559016
-0.0604356712938229
-0.0629429190127716
-0.0644880044711747
-0.0651296376720105
-0.0650989932612612
-0.0647279091056209
-0.0643863277303421
-0.0644249438103825
-0.0650979648189446
-0.0664521268723254
-0.0682122160727809
-0.0697361737858809
-0.0701077439736858
-0.0683644330746384
-0.0637682043475901
-0.055994760176625
-0.0451758656267608
-0.0318223565531061
-0.0167023304275405
-0.000728671943267323
0.0151345370287101
0.0299615650048677
0.0429604710898846
0.0535640487880416
0.0614898942696462
0.0667482202562996
0.0695986885523374
0.0704726039904745
0.0698727091870018
0.0682636299763753
0.0659893629609561
0.0632664621307848
0.0602598875238027
0.0571783183572091
0.0543052599162475
0.0519413524572967
0.0503107227170005
0.0495028669141152
0.0494767987605647
0.0501044532510873
0.0512170790657033
0.0526295810009028
0.0541314448181981
0.0554529197062643
0.0562394150169943
0.0560621858015512
0.0544480701891248
0.0508842886113233
0.0448079362124194
0.0356777626640305
0.023216588051488
0.00775649020042431
-0.00954841586220657
-0.0268590868975928
-0.0421287520618186
-0.0536717411788372
-0.0605375628159837
-0.0625724269083458
-0.0602490629378874
-0.0544226119988522
-0.046123546357078
-0.0364163042448593
-0.0263038711373801
-0.0166573224778695
-0.0081696828531181
-0.00133995075401021
0.00352207340317446
0.00628722742360651
0.00699200763026892
0.00579471465094041
0.00289763701754619
-0.00152804829972216
-0.0073626070472666
-0.0144872700910359
-0.02270556314624
-0.0317070981955808
-0.0411110382308545
-0.0505558329352399
-0.0597597178452338
-0.0685026669164414
-0.0765451723737698
-0.0835453974322495
-0.0890388023764928
-0.092507096578976
-0.093500569684117
-0.0917284113275073
-0.0870489277481449
-0.0793799563597479
-0.0686347634319281
-0.0547840041106978
-0.0380436806995608
-0.0190744818907648
0.000958262419514124
0.0205438460747134
0.0381519889563134
0.0525657980992746
0.0630619558923021
0.0693926667281469
0.071660883405045
0.070220463042657
0.0656526016553147
0.058763170131447
0.0505178009508336
0.0418968521144142
0.0337363753100367
0.026641992478279
0.0210047804637104
0.0170701349988669
0.014982323888604
0.0147655093834119
0.016266736375766
0.0191272293416784
0.0228355911440484
0.0268536379511984
0.0307413440455408
0.0342075229842305
0.0370819944470737
0.03926579246737
0.0407053752751142
0.0413867885041775
0.0413268072169385
0.0405588851901712
0.0391255208560914
0.037076406775942
0.0344638830523816
0.0313418234249043
0.0277822495310483
0.0239004195815264
0.0198534403724081
0.0157953319656127
0.011819342223114
0.00793286045996067
0.00406992940046245
0.000108023190237687
-0.0041260682219654
-0.00883210733852225
-0.0141678750805124
-0.0201674982780058
-0.0267132467506441
-0.0335852408095742
-0.0405412359528112
-0.0473662289767655
-0.0538874108385678
-0.0599893538660875
-0.0656335053798817
-0.0708415557243779
-0.0756234765756479
-0.0798950657500603
-0.0834410830084191
-0.0859157642430464
-0.0868255909960071
-0.0854870723199691
-0.0810389850034125
-0.0725938716846011
-0.0595129668544265
-0.0416814538254097
-0.0196467875669786
0.00543521863379062
0.0319959490628003
0.0582892360560014
0.0825977474963779
0.103414528708989
0.119629881211567
0.130700215572396
0.136707084427706
0.138227975230378
0.136054288333354
0.130911548639421
0.123342591818576
0.113791990271338
0.102788114919801
0.0910673778072947
0.0795354888901773
0.0690622451850089
0.0602105749407588
0.0530569488433799
0.0472167974727342
0.0420561932518921
0.0369534323298774
0.0314728336263043
0.0254127090113709
0.0187803379253158
0.0117536683946311
0.00463799268948024
-0.00221251431874847
-0.00852341657045215
-0.0142377866122619
-0.0195766053308265
-0.0249565110114254
-0.0307897505011686
-0.0372749804994208
-0.0442856900132284
-0.0513865505880508
-0.057942426382299
-0.0632800562386546
-0.0668801858138836
-0.0685620240106805
-0.0685856843585261
-0.0676069624179532
-0.0664942884829153
-0.0660973618039233
-0.0670648323157507
-0.0697465672729028
-0.0741568057225878
-0.0799696655210563
-0.086549263481354
-0.0930329481031677
-0.0984647804727215
-0.101939788739864
-0.102712448260744
-0.100262125525307
-0.0943518021476373
-0.0851086380091749
-0.073101857988425
-0.0593591291726471
-0.0452889658156455
-0.0325329466130339
-0.0227902092720905
-0.0176154717092265
-0.0181521291133171
-0.0248046458632577
-0.0369696743479421
-0.0530158324576558
-0.0706208027783004
-0.0873702000091089
-0.101352360529755
-0.1114906383637
-0.117532023261604
-0.119804266837215
-0.118916468709116
-0.115508021039658
-0.110062619204993
-0.102784800487331
-0.0935646118229334
-0.0820592829164143
-0.0678738835865954
-0.0507697595045954
-0.0308251638787899
-0.00851846540400802
0.0152519842425012
0.0391971383461506
0.0617264860004406
0.0811114242660083
0.0957052223567774
0.104164993022067
0.10561688337262
0.0997452891527344
0.0868377984731949
0.0678240883306445
0.0442910019112899
0.018395308991187
-0.00738917695260418
-0.0306557709142468
-0.04944939963886
-0.0625089684524697
-0.0693014547142072
-0.069882956682674
-0.0646923432232997
-0.0544026740203414
-0.0399104756439862
-0.0224172512109313
-0.00341060944879117
0.0156173282889007
0.0335262645964799
0.0494791942192966
0.062487181072209
0.0713509769982703
0.0753697719495614
0.0748898010626965
0.0709007238522484
0.064277449741779
0.0555507880061801
0.0451627974653476
0.0336955025665585
0.0218768459661976
0.0104844650158566
0.000263739841455854
-0.00813725252022088
-0.0142423993909761
-0.0178137614644845
-0.0188640246954544
-0.0175947936090679
-0.0142856584817818
-0.00918697453387329
-0.00247200292049717
0.0057124245900924
0.0150973092844852
0.0251101912209886
0.0347823244987617
0.0428521286673193
0.0480664135023132
0.0495442325826967
0.0470130200576745
0.0408110627399448
0.0317101579562541
0.0207085326972406
0.00889834027252529
-0.00260947969262426
-0.0127788948609566
-0.0207772846737057
-0.0260639292510416
-0.0283650676547932
-0.027568313719381
-0.0236609419589367
-0.0168001822487456
-0.00746734872967342
0.00343959597531019
0.0146863967667109
0.0249459105512652
0.03309875677471
0.0384768466217868
0.0409865110831212
0.0410953441153939
0.0396855563161372
0.0377952888339035
0.0363139736379151
0.0357393695285465
0.0360878004703298
0.0369710621713721
0.0377733254308475
0.0378357051685738
0.0365848629398086
0.0335898926474381
0.0285719207172513
0.0214101713923207
0.0121778949629361
0.00120624626625449
-0.0108635070507673
-0.0230944663257866
-0.0343667010420377
-0.0435576900582522
-0.0497037012121407
-0.0520718099993055
-0.0501651530213525
-0.0437520889118883
-0.032962763185781
-0.0183848243921772
-0.00105103257940404
0.0177085759158036
0.0364775035432022
0.0539416445260313
0.0690309382556631
0.0810260828749193
0.0896178350311597
0.0948727625676246
0.0970798046121254
0.09652451143984
0.0933079855253368
0.0873361701763157
0.0785202969625943
0.0670827285125749
0.0537644864457525
0.0397842633557567
0.0265702037364635
0.015421456493041
0.00725308686374511
0.00248216666116566
0.00103597621458993
0.00245398090638087
0.00606915907116756
0.0112074345069645
0.0172367057734619
0.0233409576548803
0.0283127992525546
0.0309854732447058
0.0311610155838952
0.0296978650443068
0.0271939253060232
0.0228569508416452
0.0150208227405324
0.00248359499144059
-0.0148333818601825
-0.0360648544389806
-0.0597572932655752
-0.0840908416893276
-0.107095842734443
-0.126981792702029
-0.142485428387576
-0.153046239238967
-0.158703564894442
-0.159780233895213
-0.156544846238731
-0.149050959013129
-0.137239795607732
-0.121235983814994
-0.101657057285628
-0.0797559202306172
-0.0573112992554613
-0.0363055867148816
-0.0185095610556044
-0.00510820718657393
0.00352168211692168
0.00781226450889996
0.00878145240202705
0.00767589672742979
0.00563472144543799
0.0035008784347606
0.00179769243703962
0.000794901841305726
0.000591934159396141
0.00121105336501852
0.00271559958017277
0.00531796924771126
0.00939944940781185
0.0154037655670919
0.0236534192882493
0.0341826658510825
0.0466533288911428
0.060367496941373
0.0743649478543787
0.0875908932911576
0.0991072929178139
0.108287349223987
0.114910981520062
0.119108730880973
0.121176173331843
0.121348893269455
0.119645971345623
0.115855030944515
0.109664213704015
0.100872448649608
0.0895685218694745
0.0761953832709422
0.0614906205942014
0.0463517044105069
0.031674972315045
0.0181884620268209
0.0062932368482991
-0.00404295186654569
-0.0132713442419552
-0.0220876902394568
-0.0311459534891923
-0.0407930685298222
-0.0509536914716413
-0.0611900180444352
-0.0708499617527835
-0.0791970623056268
-0.0854865501462916
-0.0890245105161258
-0.0892490297137942
-0.0858195275355706
-0.0786648382915879
-0.067965205918366
-0.0541011479284432
-0.0376308689565888
-0.0193237426887339
-0.000205386649499708
0.0184759637228207
0.0354212752676778
0.0495543201426492
0.0602725134074452
0.0675451375101976
0.0718159309479203
0.0737773282134318
0.0741330248758558
0.0734339875993263
0.0720126971102475
0.0700026873412967
0.0674155695200432
0.0642368270810378
0.060498478220029
0.0563042977412715
0.0518156229489917
0.0472297729373821
0.0427794040033605
0.0387517547912528
0.0354955993849203
0.0333759780969885
0.0326624518152459
0.0333890371917379
0.0352712497994484
0.0377555954693101
0.040192472614823
0.0420286543087281
0.042900225078874
0.0425851004957452
0.040871376383563
0.0374390876207272
0.0318334667887884
0.0235654651841136
0.012326162905979
-0.00176388852170768
-0.0180081620241444
-0.0352103497519023
-0.0519692346376953
-0.0670456544405831
-0.079622549000797
-0.0893751989490809
-0.0963858498956868
-0.100984465936455
-0.103590737542565
-0.104619049009072
-0.104480029027125
-0.103645293439228
-0.102677193582371
-0.102144641467683
-0.102457567864881
-0.103748714177682
-0.10590162830367
-0.108692277685561
-0.111916467472067
-0.115406396460747
-0.118945932981725
-0.122164402646596
-0.124481875756234
-0.125138639972115
-0.123310252479611
-0.118282095237503
-0.109623596184687
-0.0972894402651049
-0.0816138857962829
-0.0632324058234056
-0.0430004783477258
-0.0219517838562931
-0.00127858857207328
0.0177225076364205
0.0337887424616038
0.0459092061839937
0.0535470530274066
0.056757023364286
0.0561388979056322
0.0526651020341766
0.0474718732872248
0.041671545766368
0.0361986068085338
0.031708805055151
0.0285659155975717
0.0269057582051893
0.0267006566082931
0.0277627619606646
0.0297237784734771
0.032087965234287
0.0343891471739444
0.036361587333521
0.0379980574504278
0.0394563251302327
0.0408921804506904
0.0423301025208365
0.0436210478509818
0.0444656246934136
0.0444707399744165
0.0432363775840767
0.0404680333496401
0.0360715393149835
0.0301776971202501
0.0231009248645551
0.0152940496833436
0.00733683534159298
-8.60927818160586e-05
-0.00628820973497944
-0.0107564952239678
-0.0132960802229622
-0.0140453565568475
-0.0133649508585936
-0.0116942905686562
-0.00946313779220574
-0.0070678556997974
-0.00486212116914854
-0.00312082554258773
-0.00198844229455947
-0.00145930360425334
-0.0014240367173644
-0.00176945084385227
-0.00248157891938356
-0.00370533601755076
-0.00574972277080034
-0.00905137241001899
-0.0140978499233801
-0.0212995601608168
-0.030830289127839
-0.0425065435161042
-0.0557707459815844
-0.0697723390718254
-0.0834864087419328
-0.0958316806655223
-0.105799912255464
-0.112603651867042
-0.115790847237019
-0.115245255283818
-0.111048427707158
-0.103287619837325
-0.0919587334062771
-0.0770625038152856
-0.0588486542029809
-0.038039921821439
-0.0158694367065235
0.00611778498111289
0.0264168054008737
0.0439184416261731
0.0581213922578436
0.0691127996969458
0.0773388493856188
0.0832971227795217
0.0873083636963455
0.0894483892556656
0.089618570050384
0.0876813942616409
0.0835896608954187
0.0774652692278426
0.0696210825436865
0.0605493880957085
0.0508977903180831
0.0414228258004727
0.0328959182810686
0.0259637076715273
0.0210118390507035
0.018101882743304
0.0170244140076836
0.0174530779006016
0.0191282461802863
0.0219780676734393
0.0261180809299491
0.0317425412438366
0.0389782719602123
0.0477701126007257
0.0578236666669773
0.0686034528923006
0.0793873576825879
0.0893722062197904
0.0977959984723335
0.104029732969776
0.107621077155651
0.108311016274467
0.10605095955917
0.101021902242235
0.093630641846389
0.0844584131803076
0.0741691034552637
0.0634204262981598
0.0528196686310209
0.0429179109547382
0.0341929194348613
0.0269844335258729
0.0214054156451717
0.0172979951752677
0.0142919538984998
0.011966691711345
0.0100528953197326
0.00857628079554131
0.00786711401743622
0.00842870550756131
0.0107320315191283
0.0150316208141502
0.0212660230637152
0.0290486189189114
0.0377208607261396
0.0464485562205833
0.0543619829557517
0.0607289514595725
0.0651073104854921
0.0674029876083168
0.0678039070931458
0.066639878399018
0.0642578290756697
0.0609657677480223
0.0570335258784189
0.0527079348666035
0.0482110916823027
0.0437071968884677
0.0392368420315892
0.0346467727460221
0.0295758382443052
0.0235455362348648
0.0161345382923789
0.00715135298315938
-0.00327673884536639
-0.0147169580928446
-0.0265104672428614
-0.0378773081709946
-0.0480276726926389
-0.0562678878663338
-0.0620805445590188
-0.0651584541665581
-0.0653936911490314
-0.0628491650931954
-0.057745495591935
-0.0504747500517766
-0.041626129659782
-0.0319985892373423
-0.0225775305730694
-0.0144543276174981
-0.00867679686374701
-0.00604931006161588
-0.00693778659140826
-0.0111468140804465
-0.0179178106629315
-0.0260658781917005
-0.0342362461224583
-0.0412150465942739
-0.0461903393128045
-0.0488672673852449
-0.0494103005775361
-0.048271628483673
-0.046002080535341
-0.0431098275756992
-0.0399760811482236
-0.0368114990413559
-0.0336517163108912
-0.030406766483142
-0.0269613771421137
-0.0232837589550351
-0.0194856960366293
-0.0158090022037337
-0.0125636939975727
-0.0100631609027484
-0.00857502298212531
-0.00826867261826586
-0.00914384841346512
-0.0109722357197349
-0.0133132044944972
-0.015623966834781
-0.0174116933327198
-0.0183534743918947
-0.0183544722648732
-0.0175574105128811
-0.0163104178665669
-0.0150813965389482
-0.0143276222066766
-0.0143713566496991
-0.0153371870895388
-0.0171646443656772
-0.0196661361153321
-0.0225879890772779
-0.0256465632226201
-0.0285385533447324
-0.0309466733033939
-0.0325544037798645
-0.0330546614788775
-0.0321358170234291
-0.0294711715956383
-0.0247695462488332
-0.0179097446808074
-0.00910329273561152
0.00101751599402913
0.0114620362239766
0.0210888042757054
0.0288736885512134
0.0341260793480002
0.0365783885411225
0.0363492577209866
0.0338395843899469
0.0296260133702818
0.0243786612961859
0.0187901251005848
0.0134922414182138
0.00895515432331765
0.00539416175098166
0.00273518261697864
0.000681531487421204
-0.00113507602560173
-0.00300824233090555
-0.00510820682599341
-0.00753906012223393
-0.010419403828294
-0.0138974027591863
-0.0180821588286949
-0.0229434825873246
-0.0282493450296375
-0.0335826024383143
-0.0384335517307926
-0.042322800668847
-0.0448926879693659
-0.0459320327911055
-0.0453486130784222
-0.0431309518232769
-0.0393297123530439
-0.0340668043485589
-0.0275672738988332
-0.0201929874963296
-0.0124372412081345
-0.00484879128072533
0.00209526321923288
0.00810242516191631
0.0131054506619537
0.0172169273938628
0.0206194304029256
0.0234312172854798
0.0256019114531867
0.0268848279360139
0.0268825763113641
0.0251141090893566
0.0210699121647887
0.0142880438364558
0.00450177472494302
-0.0081625987395481
-0.0230476475559484
-0.0389978394351493
-0.054576702749405
-0.0683716925306306
-0.0792591319048524
-0.0865471552455286
-0.08997536180761
-0.0895966553271981
-0.0856109410351528
-0.0782484564711007
-0.0677715653792291
-0.0545806087854892
-0.0393363398428764
-0.0230045431502504
-0.006779640503522
0.00809390402324691
0.0205433416353626
0.0298585970789501
0.0357860601276854
0.038492450683403
0.0384202309522288
0.036103466555826
0.0320208307755107
0.0265255204780851
0.0198439938711475
0.0121178221676717
0.00347773848212958
-0.00585417048431712
-0.0154674179897892
-0.0247391263367715
-0.0329318670429968
-0.0393804023121739
-0.0436602807478049
-0.0456457720640723
-0.045462081446772
-0.0434152610898766
-0.0399564369989551
-0.0356451001398673
-0.0310449204535831
-0.0265651474249753
-0.0223531612218475
-0.018324995673119
-0.0143007260726201
-0.0101223926269033
-0.00566694013059112
-0.00078023172894727
0.00476880864423603
0.0112470715985151
0.0188555514129236
0.0276488735594582
0.0375234662170715
0.0482453846272002
0.0594605074313559
0.0706737429866765
0.0812381451947592
0.0904004239381861
0.097413035805782
0.101681862601882
0.10289185758225
0.101050555484377
0.0964209890291787
0.0893685058891259
0.0801847480997917
0.0689612050560093
0.0555787687312649
0.0398567682176397
0.0218368236970979
0.00207467822792093
-0.0182405399187662
-0.0374535027611312
-0.0538556096333971
-0.0661699681791079
-0.0739035125042125
-0.0774316060001441
-0.0778020885980091
-0.0763598627122692
-0.0743522295529632
-0.0726585551153931
-0.0717111950935412
-0.0715804650529406
-0.0721316486914227
-0.0731548179575937
-0.0744130985915759
-0.0756187689785771
-0.0763930497123285
-0.0762720852026621
-0.0747841383919444
-0.0715663938272202
-0.0664620781621432
-0.0595606639296801
-0.051178570493261
-0.0417840682145921
-0.0318658234908312
-0.0217720891327446
-0.0115958768643824
-0.00118825753607641
0.00968570319661041
0.0211307896785847
0.0329718142233832
0.044748866206372
0.0558357364239109
0.06558695583871
0.0734274936036215
0.0788719878162192
0.0815269657441773
0.0811305458126178
0.0776263317286652
0.0712140485433056
0.062323825336867
0.0515209416936657
0.0394059001963123
0.026569214572633
0.0135908227408005
0.00101880376161313
-0.0107034694349286
-0.021303362340109
-0.0306559060907751
-0.0386766965958036
-0.0452304365117586
-0.0501366236020105
-0.0532460422632429
-0.0544903762191253
-0.0538394640866047
-0.0511902048254936
-0.0462803858053102
-0.038727234931642
-0.0282253401215582
-0.01482845208482
0.000844188163531346
0.0176213702685277
0.034039538636948
0.0487326603449856
0.0607725492822378
0.069831424372203
0.0761448009096568
0.0803270112256952
0.0831147159138988
0.0851204859498339
0.0866755321018139
0.0878021137032898
0.0882888414776204
0.0877945102817661
0.0859130126706913
0.0821841864676927
0.0760957844572658
0.0671472886842132
0.055013023403358
0.0397683500456733
0.0220789240038531
0.00323971344491152
-0.0150016182175027
-0.03080517861657
-0.0426447387299642
-0.0495764287150196
-0.0512614556553874
-0.0477941098736786
-0.0395136830761125
-0.0269640827602755
-0.0110132670322304
0.00701596290059582
0.025381368704174
0.0421753687644265
0.0556857442377375
0.0646857491441086
0.0685489159951485
0.0672152488420267
0.0611135005512327
0.0511148856789639
0.0384976122127981
0.0248373683101445
0.0117736168850501
0.000706036764083506
-0.0074483144534653
-0.012331183159804
-0.0140517309950275
-0.013018169439874
-0.00978725842177686
-0.00496572444523913
0.000848605426176383
0.00709924301771225
0.0132835671077461
0.0189614482697254
0.0237782491525789
0.0274988251051118
0.0300266696552695
0.0313869504542373
0.031680230982041
0.0310361997242575
0.0295901477952599
0.0274757191420432
0.0248066007782231
0.0216293676055626
0.0178610643983839
0.013253340936402
0.00743052539427932
2.20532349228307e-05
-0.00914427146141662
-0.0198695269913856
-0.0315135286339183
-0.0430614309871259
-0.0533058832321833
-0.0610913101571338
-0.0655524638950497
-0.0662799520643333
-0.0633772745282369
-0.0574262949474971
-0.0493996032226646
-0.0405289938612047
-0.0321149175591181
-0.0252956638744178
-0.0208504168963949
-0.0191082675652731
-0.0199710510604953
-0.0230061290809741
-0.0275698229480646
-0.0329439254475993
-0.038461718529071
-0.0435879798854215
-0.047940662258495
-0.0512822257988174
-0.0535133999703209
-0.0546671902149174
-0.054874744773601
-0.0542876050370165
-0.0529756180920693
-0.0508477688020553
-0.0476479662052184
-0.0430487610039174
-0.0368107853597539
-0.0289345222113448
-0.0197392464828762
-0.00984762720667114
-9.25950298190889e-05
0.00862076819253159
0.015462082033602
0.0197997460497339
0.0212865623278673
0.0199100847390648
0.016015210923833
0.0102932030782726
0.0037226034354341
-0.00253640881545514
-0.00726848752426128
-0.00932841280694571
-0.00777390867926856
-0.00202670730491526
0.00795324046689685
0.0215492322016193
0.0375098267377906
0.054150969586168
0.069695093502162
0.0826336479994829
0.0919864281366454
0.0973846492623116
0.0989865781940674
0.097291539638364
0.0929303757484947
0.0864952182399499
0.0784482608167839
0.0691220763551397
0.0587934485377886
0.0477855249720283
0.0365406062735347
0.025620319966349
0.0156313821533388
0.00711611932589045
0.000453410021750308
-0.00420728320679135
-0.00696870125358536
-0.00814320085140292
-0.00812255268676974
-0.00718371952211931
-0.00531819853923108
-0.00218709483674723
0.00275649089166401
0.0100210803952708
0.0197972407833097
0.0317440646029072
0.0449348677413568
0.0580154599463664
0.0695266529331047
0.0782315193351215
0.0832766066732468
0.0841397917607789
0.080477941529142
0.0720492069803493
0.0588039932992659
0.0410921291014767
0.0198382343183475
-0.00344846505649167
-0.0268703763243355
-0.0484845541455452
-0.0666754183143225
-0.0804328618706757
-0.0894498144197033
-0.0940285803809606
-0.0948655978383142
-0.092819710468973
-0.0887402229816075
-0.0833758045640866
-0.0773526720619194
-0.0712022314530512
-0.065405648227727
-0.0604071839048791
-0.0565643416292537
-0.0540572094105008
-0.0528246796139433
-0.0525850789047971
-0.0529410268662295
-0.0535095471871558
-0.0539977224757495
-0.0541758871025327
-0.0537742106390961
-0.0524000115834864
-0.0495745482673146
-0.0448926964648548
-0.0381892453726079
-0.0295749277158597
-0.0193223575578742
-0.00772601171907561
0.0049194091600013
0.0182028654400804
0.0314624336876462
0.0437698178470852
0.0540691953009074
0.0613915211330293
0.0650301129986736
0.064611173207731
0.0600723274674746
0.0516199356105076
0.0397386439968633
0.0252677435573934
0.00946917806997002
-0.00604278481576372
-0.0195962303404637
-0.0299202809970306
-0.0365493584032341
-0.0399238381841235
-0.041099225109
-0.0412277009796779
-0.0411146445774082
-0.0410638862726328
-0.0409983580866542
-0.0406744567076297
-0.0398106449233997
-0.038076989605522
-0.0350241025357089
-0.0300813522773945
-0.0227019578915812
-0.0126136293451056
-3.67941973053961e-05
0.0142587561669391
0.0290832037960782
0.0430660827616462
0.0549100606982194
0.0635967282289572
0.068502369765038
0.0693901038964547
0.0662919576900227
0.0593751582474604
0.0489152348716595
0.0354133474546899
0.0197553799995784
0.00324591315292927
-0.0125744955861731
-0.0262698586893367
-0.0368451388155826
-0.0439276753658961
-0.0477363034278732
-0.048877266631702
-0.0480614303390758
-0.045858735321489
-0.0425949634849069
-0.0384292888112254
-0.0335428696834222
-0.0282994479438474
-0.0232730515153555
-0.0191412977593572
-0.0165215456038454
-0.0158310091570934
-0.0172098109537612
-0.0205111184997982
-0.0253526242758891
-0.0312191454354172
-0.0375890703381717
-0.0440373374282808
-0.0502709199660253
-0.0560907591071909
-0.0613222798307786
-0.0657713240603746
-0.0692280140901044
-0.0714949114389642
-0.0724061620405907
-0.0718289903814327
-0.0696536771896689
-0.0657672463974988
-0.0600063594203661
-0.0521231970816955
-0.0418365062704343
-0.0290128147655631
-0.013921373165707
0.00259132646420525
0.0191566057958666
0.0341892241052083
0.0463026525168915
0.0546248534238845
0.0588858253312644
0.0593059593253922
0.0564119366125689
0.0508769879566989
0.0433947078919156
0.0345611486113754
0.0247752766461947
0.0142031621586806
0.00283885691070271
-0.00935005045978531
-0.0222487473770052
-0.0354719590807379
-0.0483536773398953
-0.0600593258996939
-0.0697696587406953
-0.0768537773352054
-0.0809551035148502
-0.0819498059694479
-0.079796360114764
-0.0743683417054107
-0.0654095578492278
-0.0527081160364798
-0.0364385931518906
-0.0174625799001082
0.00264509459113621
0.0219163507317949
0.038508139516245
0.0511696118430511
0.0594773926201786
0.0637995871911151
0.0650516073789363
0.0643489061832055
0.0626768482504515
0.0606909766543095
0.0587041705267962
0.0568169680050349
0.0550710907191579
0.0535205860434473
0.0522068604170654
0.0511055557011324
0.0501152106791947
0.0490998203883271
0.0479515733177248
0.0466394541665305
0.0452276286753532
0.0438572523477452
0.0426939370983719
0.041861807454535
0.0413991564750678
0.0412585203952046
0.0413390750392989
0.0415123647895669
0.0416137852036376
0.0414173115146475
0.0406433978369042
0.0390277703164054
0.0364205073244921
0.0328540136291382
0.0285464835873003
0.0238584457860312
0.0192400282902663
0.015182596228323
0.012155969510267
0.0105182510556449
0.010433957878793
0.0118699874983532
0.0146961986422148
0.0188199827049019
0.0242349259424031
0.030930051985227
0.0387295159944454
0.047188069211461
0.0556088402518728
0.0631560491671008
0.0690026352751835
0.0724809047718666
0.0732215007570322
0.0712419621442995
0.0669291056936268
0.0608984752795626
0.0537857459182499
0.0460627562839514
0.0379473496314764
0.0294249234235069
0.0203596098152003
0.0106468653284269
0.00033900439730949
-0.0103208823117926
-0.0209713645161283
-0.0312554795963606
-0.0409109094457796
-0.0497928497566326
-0.0578685428306119
-0.065236986874852
-0.0721634638129648
-0.0790543139703187
-0.0863202994788419
-0.0941739011737498
-0.102474076343558
-0.11070141953512
-0.118055547321186
-0.123602133160542
-0.126400349408868
-0.125591121614813
-0.12047859257922
-0.110650349817541
-0.0961364578882382
-0.0775351744835395
-0.0560073476281348
-0.0330990450298643
-0.0104451627285442
0.0105411095831794
0.028897167906076
0.0441991495447629
0.0564952243193096
0.0661304927247737
0.0735635951071541
0.0792626415220501
0.083682084970761
0.0872491412555133
0.0903058986838459
0.093024680307454
0.0953470360082349
0.0969713640773232
0.0973852261358638
0.0959357028239189
0.0919361677102265
0.0848112980830637
0.0742849082925641
0.0605888495117537
0.0446035656695038
0.0278049070723026
0.0119727085272197
-0.00122768397728607
-0.0105958388556635
-0.0155483247169508
-0.0160815686032475
-0.0126463211406531
-0.00603098451667969
0.00271392733147239
0.0123452369892009
0.0215470160926521
0.0291176936223939
0.0341731359810081
0.0362779951212054
0.035443876306126
0.03199920573415
0.0263956160666994
0.0190399877333268
0.010224573892652
0.000175350806812273
-0.0108288967577562
-0.0223556330102887
-0.0338069130885346
-0.0445074456226032
-0.0538480111550211
-0.0614174442177245
-0.067060860927969
-0.0708310748409766
-0.0728561955996939
-0.0732009415501967
-0.071803225184894
-0.0685106197834978
-0.0631736002588617
-0.0557320686559003
-0.0462637762258849
-0.0350031683677688
-0.022347104744578
-0.00884435518501088
0.00484673152052146
0.0180334718573809
0.0300738126203279
0.0404438225897578
0.048778660862454
0.0548900833021277
0.0587552025210103
0.0604667279601937
0.0601582607431991
0.0579470219939665
0.0539284028659562
0.0482143825410854
0.0409785047581024
0.0324797540340452
0.0230617029638173
0.0131323536183696
0.00312901165238493
-0.00652376183880416
-0.0154518868106375
-0.0233595962920037
-0.0300460827430936
-0.035404269122437
-0.039393720332802
-0.0419950958024431
-0.0431714516593134
-0.042861172941032
-0.0410087116445756
-0.0376166014893672
-0.0327887307903713
-0.0267446356501648
-0.0198162221463538
-0.0124544419820744
-0.00524082333852228
0.00114698272222696
0.00605225837271167
0.00900010843452768
0.0098151320192718
0.00864663873024872
0.00592564671683295
0.00230286307261847
-0.00141609966791978
-0.00435619150131645
-0.00569249195849135
-0.00478602012734154
-0.00129385520289558
0.00478538384078557
0.0131437950924719
0.0232555135446919
0.0344861942858531
0.0461774614725983
0.0576851681524543
0.0683850252791088
0.077677543087683
0.0850081978110505
0.0898886291030258
0.0918989257242351
0.0906780734375556
0.0859383001303944
0.0775368061225841
0.0656019896985235
0.0506632848834659
0.0337058915955731
0.0160887049905672
-0.000674831911348134
-0.0151990052494087
-0.0264548166790949
-0.0338496690528318
-0.037144148635207
-0.036292759310202
-0.0313403549160701
-0.0224512197430307
-0.0100354426612577
0.00513659504674987
0.021926481645475
0.0389547213224943
0.0548284292001877
0.0683983658868642
0.078955930697492
0.0862891574456944
0.0905661555752306
0.0920971824198231
0.0910988977637386
0.087587903543945
0.0814446943043163
0.0725727614620728
0.0610339910706484
0.0471076805192975
0.0313097524559279
0.014408782575914
-0.00260189091131829
-0.0186445305775536
-0.0327898283428015
-0.0444516392280523
-0.053417981544786
-0.0597199911495802
-0.0634626262345272
-0.0647431305256283
-0.063676577322294
-0.0604437547371227
-0.0552734558744057
-0.0483620536655413
-0.0398173120617474
-0.029701183402366
-0.0181532539185144
-0.00550164845168566
0.00771824798595316
0.0208436226180432
0.0332120263060732
0.0442773090959871
0.0536694238515882
0.0611766090451624
0.0666656196519263
0.0699969231479183
0.0709976565172627
0.0695088788410789
0.0654648471689914
0.058945048151743
0.0501724554226684
0.0394738846534967
0.0272343953484494
0.0138693319396161
-0.000176530293637915
-0.0144105589053204
-0.0282865309248902
-0.0412536098447534
-0.052867246254039
-0.0629050756438466
-0.0714044658929294
-0.0785883743255301
-0.0847241530548632
-0.0899895445835818
-0.0943943591605951
-0.0977771104423993
-0.099882449827773
-0.1004988066149
-0.0995948465120433
-0.0973820815395424
-0.0942676502431157
-0.0907156583381945
-0.0870806514494847
-0.0835002221354894
-0.0799069820862664
-0.0761350461542326
-0.0720229341930888
-0.06744080385882
-0.0622726680106811
-0.0564386016607721
-0.0499799651400084
-0.0431340819373226
-0.0363150978960177
-0.0299989888589838
-0.0245822011993519
-0.0202826282480976
-0.0171117801852015
-0.0149173024326675
-0.0134764334376546
-0.012599358002122
-0.0121903889051628
-0.0122378399893068
-0.0127531605832444
-0.0137153934140848
-0.0150637277083206
-0.0167317847129058
-0.0186815546260683
-0.0209024845254908
-0.0233754160287445
-0.0260296616992212
-0.0287287893281964
-0.0313027325446537
-0.0336053876541942
-0.0355482735913541
-0.03708252185161
-0.0381631011430082
-0.0387566913432504
-0.0388998081811149
-0.0387359577106974
-0.0384643590223204
-0.038225300131073
-0.0380167133839682
-0.037697352199671
-0.0370394526906495
-0.0357672743501095
-0.0335794888930513
-0.0302062654151396
-0.0255191427083216
-0.0196364799717347
-0.0129462647960955
-0.00602623415008063
0.000486232535102664
0.00600094382232984
0.0100174039988536
0.0121085329900476
0.011881929822497
0.00896434730743034
0.00304452963477947
-0.00602261384332124
-0.0180938106605596
-0.0326691033610893
-0.0489246442990159
-0.0658260432639572
-0.0822544718961554
-0.097097835424294
-0.10931283212457
-0.11798097486181
-0.122355240760447
-0.12188194690325
-0.116212411884051
-0.105245028263661
-0.0892132652066774
-0.068780726898084
-0.0450786377534476
-0.0196423844901136
0.00575797930389339
0.029368544455533
0.0497322625108204
0.0659195632290956
0.0776228512399554
0.0850752893655612
0.0888405138989394
0.0895864150357357
0.0879492904221234
0.0845187700122922
0.0798866557177541
0.0746665949519198
0.0694284055947592
0.0645702921935612
0.0602129489464887
0.0561949308543044
0.0521841676888018
0.0478477161073136
0.0429911935126632
0.037602030386523
0.0317863590521916
0.0256505421282419
0.0192120417610174
0.0123970136524956
0.00510395828092677
-0.00274009735166439
-0.011169492807521
-0.020177817289638
-0.0296737021862962
-0.0394153966654391
-0.0489977986410419
-0.0579213285004983
-0.065685428652263
-0.0718329601290596
-0.0759426954822333
-0.0776284381890012
-0.0765779509647983
-0.0725985757079319
-0.0656306956289423
-0.0557563295050664
-0.0432662737453738
-0.0287814253778136
-0.0133217144747474
0.00178764556761628
0.0151676112361692
0.0256750363405146
0.0326023505444506
0.0357333786035501
0.0352789713663537
0.0317596272046944
0.0259073826092443
0.0186189028173337
0.0109300697557713
0.00396046685590242
-0.00118840152839389
-0.00356104701978331
-0.00248505603560635
0.0022936568334584
0.0105159372465757
0.0214167042835483
0.0338628238479049
0.0465812642235659
0.0583984813082275
0.0684225759090003
0.0761308393929075
0.0813585132438099
0.0842194678371356
0.0850087110306088
0.0841191977523336
0.0819713749713969
0.0789476169805393
0.0753486242919525
0.0713995505182064
0.0673015568925742
0.0632793280450028
0.0595690177226067
0.0563412605857017
0.0536219281180072
0.0512916759821967
0.0491815000698195
0.0471901510574991
0.0453280246746536
0.0436641823717011
0.0422337554381133
0.0409708302217221
0.0396874252876786
0.0380929320231996
0.0358553932941921
0.0327052403335378
0.0285549840083308
0.0235825281514719
0.0182292420691539
0.0130966138042947
0.00877295065292262
0.00566464432566959
0.00391447556663999
0.00343967267246288
0.00404111622889932
0.00549376647286362
0.00756917484729573
0.0100182218276888
0.0125733859041955
0.0149936762712775
0.0171235210721047
0.0189200367648531
0.0204254638004912
0.0216990154369542
0.022748371908226
0.0234978181878001
0.0237999897760779
0.0234672761174852
0.0222968384831342
0.0200919191305745
0.0167055282053611
0.012113015270854
0.00647173527048121
0.000109699312922358
-0.00656647848534673
-0.013183757090953
-0.0194549315767999
-0.0251430738333244
-0.0299818623123085
-0.0336196878464094
-0.035620693555268
-0.0355115255793501
-0.0328543414046452
-0.027344038820581
-0.0189281127182222
-0.00791843790736112
0.0049622125278892
0.0186462617174313
0.0319025209036528
0.0435834046667053
0.0528585973511953
0.059358072633686
0.0631795991166301
0.0647661642671793
0.0647097242923134
0.0635655028248776
0.0617455194421973
0.059506524330845
0.0569924358363323
0.0542739749591025
0.0513561874751458
0.0481694534871441
0.0445829339159602
0.0404635276737449
0.0357623661941489
0.0305771341339159
0.0251402688033264
0.0197258338566405
0.0145252618526223
0.00956843859032609
0.00473573734066467
-0.000157044002124083
-0.00526176092208054
-0.0106424589479013
-0.0162739643123951
-0.0220700317364565
-0.0279060033075933
-0.0336161473414925
-0.0389721698478971
-0.0436700331557205
-0.0473560430772834
-0.0497064973426682
-0.0505406923522658
-0.0499098641761707
-0.0480979518526312
-0.0455203511002691
-0.0425854599593099
-0.0396113525824454
-0.0368267128638088
-0.0343989912127764
-0.0324258240352853
-0.0309017768621541
-0.0297302136905062
-0.028814902092732
-0.0281794871711875
-0.0280242202480013
-0.0286784293496488
-0.0304892366622825
-0.033719185171168
-0.038486313878563
-0.0447277561661327
-0.052165917621141
-0.0602965107214545
-0.0684383583854435
-0.0758541002237808
-0.0818980611775351
-0.0861199349842719
-0.0882749040283231
-0.0882521395955456
-0.0859884666799147
-0.0814304920516365
-0.0745502951075584
-0.0653761682847879
-0.0540211199959409
-0.0407356083502867
-0.0259972641914876
-0.0105798300733082
0.00449121712521106
0.0181244089189131
0.0294085469181872
0.0377938497542868
0.0431353990711593
0.0456126866287696
0.0455891639706457
0.0434810678108606
0.0396854617782048
0.0345787303551495
0.0285491418956137
0.022006453754428
0.0153400706300426
0.00884715019462769
0.00267757340843985
-0.00316812472978517
-0.00877967777460393
-0.0142393986151582
-0.0195367970080109
-0.0245515820075215
-0.0291179686823259
-0.0331144635185724
-0.0364996103570743
-0.0392685310783303
-0.041380618692588
-0.0427289097576693
-0.0431805847357224
-0.0426657286277606
-0.041264020600095
-0.0392407731890831
-0.0370097419875272
-0.0350387251808403
-0.0337421261920312
-0.0334057427275352
-0.0341670469190752
-0.0360419733002583
-0.0389603027289088
-0.0427677110847462
-0.0471890151492543
-0.0517992116211028
-0.0560600002410256
-0.0594272751801762
-0.0614692367989979
-0.061924908450135
-0.0606886820396188
-0.0577693517602382
-0.0532802643420936
-0.0474670190195729
-0.0407234379140752
-0.0335402280106181
-0.0263791625745242
-0.0195259755463229
-0.0130020478561972
-0.00659333864979361
2.84207932128548e-06
0.0069792566260988
0.0142723487654393
0.0215493799242308
0.0283303675931878
0.0341594837793028
0.0387145847133647
0.0418035575173237
0.0432951231014558
0.0430855211330809
0.0411646832156089
0.0377492241106152
0.03337709965911
0.0288709959950838
0.0251651122045879
0.0230814363079225
0.0231634640996193
0.0256188192841338
0.0303476979025438
0.0370027715902814
0.0450435897441074
0.0537822336816613
0.0624407745477782
0.0702414392513612
0.0765211593641309
0.0808230637739445
0.0829142568142359
0.0827319196866267
0.080322830657655
0.0758454697235795
0.0696352061014339
0.0622541460953971
0.0544373616092701
0.046924331352451
0.0402628254417226
0.0347041829937471
0.0302484479571994
0.0267974233125225
0.0243062553857182
0.022830979279186
0.0224458657526456
0.023100730328871
0.024532990238052
0.0263059646447308
0.0279519623108862
0.0291321703385603
0.0297249556483721
0.0298008440970402
0.029500200728023
0.0288790352970773
0.0278131732604085
0.026027280555337
0.0232409280919661
0.0193440772957048
0.0144907496158673
0.00905427995782711
0.00348115486413691
-0.0018585195344472
-0.00674360622086607
-0.0110916662940132
-0.0149190919935717
-0.0183193409239114
-0.0214576265626249
-0.0245489775664173
-0.0278050498464243
-0.0313735975308263
-0.0353019885527297
-0.0395268885929499
-0.0438724626116553
-0.0480590579939637
-0.0517491756132513
-0.0546372283162116
-0.0565364769137721
-0.0573995384723775
-0.0572623594414281
-0.0561710470923736
-0.0541564801985136
-0.0512605865301432
-0.0475664706652799
-0.0431952552896212
-0.0382778488071801
-0.0329354554890941
-0.0272935730199556
-0.0215276764781605
-0.0159119465490279
-0.0108317339289873
-0.00673974197389606
-0.00407233947212131
-0.00316122179285149
-0.00416412877045881
-0.00702012884436633
-0.0114319009633206
-0.0168838299191922
-0.0227058078850849
-0.0281836554068462
-0.0326995005718189
-0.035864705147627
-0.0375980399438391
-0.0381152608936542
-0.0378271883008583
-0.0371755455904309
-0.036463402375265
-0.0357559334258537
-0.0349101973002641
-0.0337162693298912
-0.0320408441293834
-0.0298558738401537
-0.0271396312346355
-0.0237560147602874
-0.0194286212113806
-0.0138322671024616
-0.0067366294006737
0.00187362200601585
0.0117427194353093
0.0223662245676683
0.0330874112027445
0.0432300566016987
0.0522062061165306
0.0595579523789487
0.0649415864617239
0.0680942108670928
0.0688201101970641
0.067011291295443
0.0626890933288376
0.0560370576595876
0.0474040667318458
0.0372816591346843
0.0262704344550923
0.0150384033276275
0.00426338325645472
-0.00543884369847191
-0.013583826276609
-0.0198718665297204
-0.0242276364518033
-0.0268243619319015
-0.0280619408639369
-0.0284563680363854
-0.0284448833474931
-0.028191093564948
-0.0275053292676633
-0.0259342513174097
-0.0229700847033886
-0.0182717259831112
-0.011811534868351
-0.00392182259206328
0.00474574147743206
0.0133316329259059
0.0209339137056766
0.0267826356650921
0.0303474876778085
0.0313262078672383
0.0295502903687802
0.0249252818318088
0.0174991650709663
0.00762202403084888
-0.00395559067020712
-0.0161760661295566
-0.0279427232387905
-0.0384062975848205
-0.0471009359437047
-0.0538769136341833
-0.0587262922609007
-0.0616603950954619
-0.0627211241151878
-0.0620619928573489
-0.0599632590337068
-0.0567210762412123
-0.0524917145132809
-0.0472335301275011
-0.0408157399706465
-0.0332288494168176
-0.0247542647818326
-0.0159847360760155
-0.00769122700895652
-0.000620637052364355
0.00466896927346013
0.00786922499673301
0.00888293688260702
0.0077498355582135
0.00460530528112351
-0.000310413737833131
-0.00662613860117737
-0.0138298081307716
-0.021277452886642
-0.0282203509403589
-0.0338730171198275
-0.0375404902420717
-0.0387725009146687
-0.0374667794891145
-0.0338619887585372
-0.0284339483659006
-0.0217682272420957
-0.0144711228284597
-0.00711749347013772
-0.00019352618709316
0.00597921355786926
0.011295850062811
0.0158437511346406
0.0197997999320871
0.0233053530464759
0.0263893704257511
0.0289793273928662
0.0309871368518827
0.0324106623179555
0.0333813259671148
0.0341291391891669
0.0348959081461516
0.035851423167898
0.0370450317549121
0.0383971001374625
0.0397326823097673
0.0408645590418726
0.0417105253622653
0.0423859045787357
0.0431967883288214
0.0445118616511958
0.0465815294782138
0.0494194795803165
0.0528148746759858
0.0564450690075993
0.0599961381844159
0.063216084504037
0.0658952878774027
0.0678282813058242
0.0688156474200886
0.0687169620835044
0.0675108724395978
0.0653078319355883
0.0623026652171578
0.0587041391802437
0.054690471938527
0.0504113723148129
0.0460193396730999
0.041690046470583
0.0375969428593035
0.033845023699667
0.0304183326538846
0.0272007046010696
0.0240686185467937
0.0209831816389133
0.0180009208511213
0.015192736285997
0.0125415064566039
0.00990442064505229
0.00706636820483641
0.00384022998923195
0.000152292504926585
-0.00391656817450395
-0.00812891807186372
-0.0121169168016497
-0.0154362469499748
-0.0176473135738937
-0.0184049880861962
-0.0175268006635305
-0.01502875572726
-0.0111484140888768
-0.00637022524230374
-0.00142259087950624
0.00281162416378758
0.00548544301620506
0.00600839043935212
0.00419279894602222
0.000277023564440595
-0.00514479518795542
-0.01123764960946
-0.0170668951749951
-0.0217583710458173
-0.0246429591652691
-0.0253367269968717
-0.0237427108504958
-0.0200139967926171
-0.0145316091122999
-0.00790784845387619
-0.000969757863858527
0.00533188381105188
0.0100902694632894
0.012622489716692
0.012580262619273
0.00995973222039472
0.00504753588830138
-0.00163567193567235
-0.00937137567222762
-0.0172906558462161
-0.0244744426285901
-0.0301030698460668
-0.0336007260224277
-0.0347143495799042
-0.0335060072431592
-0.0302849269845655
-0.025528147777272
-0.0198283623100268
-0.0138696541154309
-0.00838887667038725
-0.00407292924190879
-0.00139360287088788
-0.000456273673868365
-0.000962854832731459
-0.00232944227609754
-0.00390287811508663
-0.00516870823265661
-0.00586870295867584
-0.00601230087259443
-0.00581522540981556
-0.00560796253117224
-0.00574571785239587
-0.00654054531392181
-0.00822183938200954
-0.0109081267667304
-0.014564020127925
-0.0189473034333852
-0.0235988967462711
-0.0279293397533249
-0.0313852846434856
-0.0335981705833181
-0.034409286305653
-0.0337476431060735
-0.0314445997266864
-0.0271217230812089
-0.0202503150516065
-0.0103729529508414
0.00263494764872601
0.0184193644335011
0.0361933431696409
0.0549190086086759
0.0735035505469609
0.0909292843045319
0.106325029065403
0.119027493447027
0.128655352852124
0.135165945986962
0.138831623884278
0.140090375336982
0.139301617921417
0.136530440423914
0.131503384708809
0.123777278666927
0.113010903742611
0.0991658780433868
0.0825442024697056
0.063705361753803
0.0433660600492574
0.0223418720429445
0.00151813198110954
-0.0181915336453108
-0.0359249894672659
-0.0509867098000153
-0.0629671705276023
-0.0718138130522853
-0.0778066512679815
-0.0814384590860347
-0.0832557960772459
-0.0837294721690793
-0.0831848533907952
-0.0817826084921853
-0.0795331417327124
-0.0763354005044969
-0.0720309707938335
-0.0664658029601025
-0.0595591490605321
-0.0513722664353954
-0.0421457603527086
-0.0322720345416299
-0.0222115539816753
-0.0124080841550173
-0.00325045855328632
0.00492682586261786
0.0118478862226591
0.0173267005233244
0.0213048308669356
0.0238668016411149
0.0252327136030709
0.0257488913467036
0.0258816979579147
0.0261873219387096
0.0272275056859038
0.0294437605216584
0.0330503437768989
0.0380058472950337
0.0440725751947593
0.0509200998465454
0.0582120770586122
0.0656328200533922
0.0728518348386165
0.0794790491379995
0.0850909848472681
0.089360954930367
0.0922239837233871
0.093946074382996
0.0950207068400137
0.0959438216097101
0.0970075923658309
0.0982298303667041
0.0994324787810681
0.100391956654106
0.100965774314224
0.10113998747369
0.100991510581709
0.100589835600916
0.0998780366849048
0.0985799026103097
0.0961713978716748
0.0919278754950028
0.0850346160775974
0.0747495896357883
0.0606182803295766
0.0427177660098201
0.0218430031523036
-0.00049625459526934
-0.0223486817901253
-0.0418019205547142
-0.0574716095937069
-0.0687840526016982
-0.0759605827113064
-0.0797800680215571
-0.0812853560770279
-0.0815590052305573
-0.0815838866936645
-0.0821339578197728
-0.0836612785109306
-0.0862108499310328
-0.0894241590692947
-0.0926546310683712
-0.0951485974424176
-0.0962025882362717
-0.0952286691696543
-0.0917315909058744
-0.0852687120332502
-0.0754751553484002
-0.0621890854339038
-0.0456387346910223
-0.0265931158096879
-0.00636770219030501
0.0133653544611724
0.0309105305194753
0.0448964068221889
0.0545110026885881
0.059569275338432
0.0604331322588072
0.0578424545812427
0.0527196809815276
0.0459981308286655
0.0385010204017437
0.0308731562381459
0.0235586533650434
0.0168235909868244
0.0108162295640003
0.00563439006488234
0.00136261668833784
-0.00193014212386875
-0.00420789038043465
-0.0054723964977729
-0.00575201109787001
-0.00509500302310019
-0.00359084712771393
-0.00141805353964466
0.0011172596376557
0.00359067001242729
0.00551331073169312
0.00638887901649515
0.00574984150454753
0.00319908274823726
-0.00150648839472122
-0.00834718453124702
-0.016978291059341
-0.0267708653007218
-0.0369375329860877
-0.0466726306666888
-0.0552575009648974
-0.0621382686162284
-0.0670004597067197
-0.0698291649890879
-0.0709133214116421
-0.0707745664125064
-0.0700507194145769
-0.0693844958747647
-0.0693432849098474
-0.070361720446954
-0.0726920069688785
-0.0763643408679969
-0.0811736325859578
-0.0867057684881128
-0.0924060518739834
-0.0976816298998256
-0.102013336925559
-0.105034054547696
-0.106535644389967
-0.106410229197662
-0.104583653926101
-0.101005231197458
-0.0957041613699363
-0.0888575123086609
-0.0807989942372594
-0.0719458876426234
-0.0626885690809938
-0.0533111006535466
-0.0439720334834389
-0.0347200679593591
-0.0255150628829636
-0.0162652984237032
-0.00690235664463416
0.00253334026288776
0.011861449801596
0.0208158594164363
0.0291464518203698
0.0367053977942113
0.0434837036071188
0.0496001626517856
0.0552575566589771
0.0606782137605437
0.0660318492177739
0.0713770472367522
0.07664055562962
0.0816410660314387
0.0861345301096093
0.0898488080069665
0.0925021850151524
0.0938289793251543
0.0936230004646506
0.0917726210280583
0.0882584323071405
0.0831247780540754
0.0764615805304535
0.0684104056984886
0.0591798111630175
0.049058417767549
0.0384260157619356
0.0277533876422649
0.0175734168360291
0.00842787788012858
0.000817687696874839
-0.0048323825988532
-0.00821701124997044
-0.00921386590558552
-0.00792793295703149
-0.00465758372294843
0.000223367292006299
0.00639749709980385
0.0136565456653171
0.0218320041754015
0.0306466787868505
0.0395962522107187
0.0479607688154649
0.0549507654433079
0.0598838957502718
0.0622716805708747
0.0617917514824098
0.0582255350585574
0.051446523122391
0.0414617787848979
0.0284454566605538
0.012726831634931
-0.00523452002254534
-0.0248307134898285
-0.0452490246665371
-0.0654579070839989
-0.0843112934527665
-0.100746023959589
-0.113953702825945
-0.123427633474271
-0.128896774319367
-0.130241152654308
-0.127464184043215
-0.120723471107565
-0.110378677567838
-0.0970255796856102
-0.0815072285000268
-0.0648904961310229
-0.0483838439439011
-0.0331875505097814
-0.020313098142828
-0.0104381329187637
-0.00384017956041601
-0.000402246156834224
0.000333970600645754
-0.000932468202330223
-0.00341727650934362
-0.00642528934747505
-0.00946448957986168
-0.0122497265339068
-0.0146265970674127
-0.016487399764593
-0.0177218318919565
-0.0182063529162124
-0.0178346433737765
-0.0165925191771612
-0.0146446815820838
-0.0123649231477969
-0.0102666780626372
-0.00886446851103107
-0.00854326699835764
-0.00948789833910887
-0.0116632974650653
-0.0148086623962957
-0.0184422921276195
-0.0219226781803972
-0.0246035661421626
-0.0260462790050788
-0.0261841224924227
-0.025345632613279
-0.024128242354767
-0.0231968278051219
-0.0231021312512764
-0.0241733948928941
-0.0264828294100216
-0.0298530626629091
-0.0338929300973961
-0.0380681288157182
-0.0418036948270971
-0.044585508242816
-0.0460243421057399
-0.0458800037784317
-0.0440697714645
-0.0406709074321967
-0.0359026420583671
-0.030083571059023
-0.0235895888619099
-0.0168340807487745
-0.0102569053348917
-0.00429667209888849
0.000648599144521221
0.00424409508223202
0.00621984499561064
0.00638380139861235
0.00467037084529258
0.00120025560238205
-0.00369968630681039
-0.00954094765228861
-0.0157582847266602
-0.0217908613221129
-0.0271321009574094
-0.0313469801123636
-0.0340706530228479
-0.0350067810514878
-0.0339387775019263
-0.0307486120163695
-0.0254202692448226
-0.0180184022982003
-0.00867468690472869
0.00236869325155239
0.014658428027336
0.0274500193474351
0.039746372261683
0.0504818747199645
0.0587743185683539
0.0641194378746477
0.0664463511966485
0.0660414827336404
0.0634100694687449
0.0591429331371843
0.0538159221063814
0.0479192349980696
0.0418168223934155
0.0357502270492612
0.0298892358010911
0.0243925977697066
0.019423719962419
0.0151063810753301
0.0114691483584096
0.00844140008536955
0.0059132584490984
0.0038147771734554
0.00216014893587602
0.00103886054378653
0.000581577730871677
0.000944558822871424
0.00232328450727251
0.00495190160635436
0.00903231196816009
0.0145936970397575
0.0213615202919413
0.0287338122591695
0.0358955923131265
0.0420105021796906
0.0463951900584831
0.0486193853567816
0.0485230108275733
0.0461598260467344
0.0416906056143311
0.0352836507128
0.0270975646870448
0.0173703957150921
0.0065496453545323
-0.00464320988019626
-0.0152740171665759
-0.0243631886062141
-0.0310951967120856
-0.0350072292669878
-0.0360987371627569
-0.0348034311465024
-0.0318028110693696
-0.027749643663898
-0.023038506593005
-0.0177285655440276
-0.0116177428630749
-0.00439248424052429
0.00421648545885951
0.0143029032210055
0.0256937367966502
0.0379195779365509
0.0502647219810591
0.0618923008243742
0.0720078604141559
0.0800012315025086
0.0855151610218798
0.0884349670935725
0.0888378959854652
0.0869376083010014
0.0830194603390483
0.0773479037330679
0.0700663223803299
0.0611504268468857
0.0504545189108808
0.0378212474748298
0.0231922950761767
0.00669629921639459
-0.0112646429711416
-0.0299338676535711
-0.0481941106523133
-0.0647094904481072
-0.0781974830459547
-0.0877139619377218
-0.0928233161766207
-0.093603351752586
-0.090528159095067
-0.0843168342460727
-0.0758163344101462
-0.065929478613517
-0.055553419669298
-0.0454993704468536
-0.0364113408787981
-0.0287324012963219
-0.0227377965678802
-0.0185916323782506
-0.0163587828369698
-0.0159498950293988
-0.0170524553541518
-0.0191312207089109
-0.0215355481657855
-0.0236677959545069
-0.0251171379654831
-0.0256870066546447
-0.025318252546441
-0.0239723310884475
-0.0215473908747402
-0.01786412115872
-0.0127157618994824
-0.00595215805059687
0.00244060370279742
0.0123005099623429
0.0233053711225639
0.0350250427802078
0.0469692201844307
0.0586053452995372
0.0693605470956536
0.0786446654028632
0.0859174703729757
0.0907874126770695
0.0930995647318873
0.0929672304929139
0.0907309918216073
0.0868731020692013
0.0819388504729743
0.0765000969985336
0.0711551771916481
0.066524121128898
0.0631901578770486
0.0615690355547465
0.0617487534315528
0.0633904390921307
0.0657659028479236
0.06793183524577
0.0689652657642094
0.068163915000973
0.065150764351474
0.0598794667762169
0.0525787561923522
0.0436822902731884
0.0337701394089852
0.0235161175392878
0.0136160652306317
0.00469025571070603
-0.00280347791507964
-0.00859783471276751
-0.0125891431397603
-0.0148168563956504
-0.0154923160832265
-0.0150366985215297
-0.0140429149105311
-0.0131328276383901
-0.0127822292259245
-0.0132217277088369
-0.0144573777710289
-0.0163618977632478
-0.0187536831124243
-0.0214223175767608
-0.0241224607137628
-0.026583748352576
-0.0285573726162299
-0.0298741556149167
-0.0304730793317396
-0.0303882064254744
-0.0297207946698497
-0.0286288451717614
-0.0273358861650004
-0.0261286784124222
-0.0253092202252381
-0.0250948498602687
-0.0255075205825784
-0.0263272836260848
-0.0271653258557492
-0.0276346224871126
-0.0275222810926486
-0.0268693921840155
-0.0259386403902086
-0.0251186908458388
-0.024821412306882
-0.0253999045526641
-0.0271008253364842
-0.0300573396030238
-0.0343009915483201
-0.0397494056262968
-0.0461638402804034
-0.0531382639220182
-0.060180570139758
-0.0668493744091146
-0.072828901963224
-0.0778769547277173
-0.0817200944807961
-0.0840280829857448
-0.0845036468807833
-0.0829938318671955
-0.0795189023252078
-0.0742171333071111
-0.0672848202214335
-0.0589732508060386
-0.0496366060562901
-0.0397805727529653
-0.0300582121115889
-0.0211856611859291
-0.0137966910156486
-0.00829567887340822
-0.00476592517807152
-0.00294891273953465
-0.00228027428515395
-0.00197700175956897
-0.0011829805310343
0.000845810308980793
0.00457883738761316
0.0101349695642409
0.0173024913884233
0.025612966369981
0.0344266727225093
0.0430211992949863
0.0506943278940597
0.0568772981031536
0.0612212809681837
0.0636059428770938
0.0640574338496505
0.0626345273726328
0.0593687904239293
0.0542855307105031
0.0474545322565478
0.0390174403320662
0.0291975879304359
0.0183219571838435
0.00684357561465834
-0.0046849018544312
-0.0157137283424829
-0.0258446153935232
-0.0349519319168612
-0.0431980388450385
-0.0509076075563779
-0.0583520889741877
-0.0655710091441999
-0.0723466526580895
-0.0783443229149833
-0.0833142551198503
-0.0872165956645045
-0.0901978604222542
-0.0924588197167545
-0.0941248198194702
-0.0952057729526653
-0.095638117985122
-0.0953288457124086
-0.0941464197565298
-0.0918926219560505
-0.088336144808446
-0.0833353251453799
-0.0769794699786157
-0.0696388848559811
-0.0618728126720772
-0.0542449470515406
-0.0471502453352117
-0.0407316613712878
-0.0349015713459047
-0.0294380418536236
-0.0241160030796807
-0.0188315162698769
-0.0136690698036069
-0.00887338761849898
-0.00474091045220797
-0.00150411634271138
0.000721972548738113
0.00192959549363366
0.00219757921804419
0.00169516607575272
0.000687297460277072
-0.00050188463132024
-0.00156963203225409
-0.00231060174458034
-0.00263574950629683
-0.00252660805419358
-0.00196544333316515
-0.000891374583083696
0.000797107999560433
0.00321178083717767
0.0064538775436485
0.0106261556440208
0.0158614975537194
0.0223182985657192
0.0301053879396614
0.0391584145269988
0.049140832938318
0.0594328163505436
0.069213752636228
0.0775990449986834
0.0837903210309521
0.0872116613654285
0.0876010490826995
0.0850221473810025
0.0797903866715807
0.0723560837406825
0.063204526916507
0.0528017241387489
0.0415766133230431
0.0299257594739624
0.0182401399045146
0.00694550740341601
-0.00348278351129497
-0.0125749579533551
-0.0199834566031307
-0.0255815901269452
-0.0294593727696645
-0.0318160102123766
-0.0328418430376653
-0.0326852755989954
-0.0315108498602655
-0.0295667598600204
-0.0271740404583232
-0.0246215963801725
-0.0220362813015456
-0.0193257498067457
-0.0162375040319363
-0.0124865061649138
-0.00786344910173768
-0.00228344718771788
0.00419317152482949
0.0113314807992993
0.0187092818836627
0.0257774909459412
0.031989632764058
0.0369146891002281
0.0402537358209868
0.0417716788241816
0.0412243949560681
0.0383465502002761
0.0329116161624814
0.0248467370851788
0.0143778246559001
0.00215669754661882
-0.010711259404806
-0.0228088992694316
-0.0327067185076889
-0.0393086879234492
-0.0420968168296326
-0.0411792033552026
-0.0371480361218983
-0.0308438177169012
-0.0231495830335303
-0.0148846712953385
-0.0067709668911975
0.000607399501923385
0.00688389185193204
0.01197049742537
0.0160166861558129
0.0192657902647011
0.0219085475816523
0.024035938473942
0.0256960231010742
0.0269725737605729
0.0280107285559159
0.0289836757147815
0.0300378105362995
0.0312415437899125
0.0325362144860687
0.0336910944027099
0.0342942757063785
0.0338226154845301
0.0317938850030529
0.0279407456618245
0.0223257612204424
0.0153593813994374
0.00773419768724225
0.00029982502348601
-0.00610522751733675
-0.0108326446758743
-0.0135532554939942
-0.0142795168750196
-0.0132780014860766
-0.0109310608773863
-0.00762955991472417
-0.00374175997134008
0.000365901263245375
0.00432253871443643
0.0078016137339502
0.0105995089455401
0.0126851336174833
0.0141911793633002
0.0153641266248475
0.0164995351373247
0.0178693322392904
0.019643830384187
0.0218338698777517
0.0242911471198137
0.026777739146106
0.029069158409891
0.0310351983805064
0.0326646191391542
0.0340350868151993
0.0352518419459221
0.036388630868287
0.0374643961493774
0.0384666948806096
0.039395597202023
0.0402889594546597
0.0412179410656912
0.0422713420806125
0.0435393474933038
0.0450834942293744
0.0468886109062309
0.0488288446835844
0.0506863994800135
0.05221488633669
0.0531925642043021
0.0534266097236911
0.0527313746122231
0.0509323025436231
0.0479068758940301
0.0436220305763222
0.0381334046176423
0.0315594354439179
0.024062582243087
0.0158451436167148
0.00714735747261325
-0.00175831108542133
-0.0105822000971859
-0.0190575662777985
-0.0270025012011376
-0.0343541788075181
-0.0411235790925101
-0.0472922328672822
-0.0527420573182491
-0.0572795374779472
-0.060712024216705
-0.0628800225684091
-0.0636076111289654
-0.0626304750104006
-0.0595908301145639
-0.054134808502276
-0.046074503709037
-0.0355379760163675
-0.023036230958978
-0.00941656552273324
0.0042737838158843
0.0169559164780727
0.0276717934079172
0.0357068161372313
0.0406810703235611
0.0425902927402904
0.0417687791116792
0.0387786498849947
0.0342782459952077
0.0289315026813706
0.0233736386019979
0.0181922172051319
0.0138760058318638
0.0107366331983325
0.00886419166595974
0.00816853826642898
0.00848030000022915
0.00962332600537188
0.0114044775782495
0.0135659070573952
0.0157910870413226
0.0177928701757657
0.0194188615814124
0.0206919638650021
0.0217627759764468
0.0228076052726053
0.0239214065231323
0.0250512098301805
0.0260042868636707
0.0265276020531666
0.0264020049411513
0.0254810641108065
0.0236556867939788
0.0207945962167606
0.0167330352440556
0.0113417366378072
0.00463875190708871
-0.00313853198226451
-0.0115636516885318
-0.020140337723777
-0.0284312557423442
-0.0361176054681732
-0.0429728007679752
-0.0488015911287674
-0.0534184160739961
-0.0566980844219285
-0.0586563896881544
-0.0594713675978897
-0.0593899778783315
-0.0585652120342077
-0.056947549725203
-0.0543285928954795
-0.0505184961850121
-0.0455411545391126
-0.0397352104927045
-0.0337258223084501
-0.0282972386277137
-0.0242157424210821
-0.022052315232137
-0.0220532105462921
-0.0240943988695576
-0.0277286443385859
-0.0323051411014182
-0.0371187685357652
-0.0415304547148542
-0.0450060521949314
-0.0470646521636388
-0.0471930064043273
-0.0448209459725704
-0.0394209382096253
-0.0307048482469245
-0.0188114100467282
-0.00437747321294813
0.0115387577431994
0.027639431987821
0.0426157718070642
0.0553858684724513
0.0652979248562896
0.0722249086190834
0.0764861383483079
0.078614406840666
0.0790881331633647
0.0781751702946093
0.0759571562784958
0.0724808870498043
0.0679098637245225
0.0625734776032076
0.0569049003997892
0.0513414718974165
0.0462629056847665
0.0419686685195311
0.0386339915128927
0.0362134048030031
0.0343542517177264
0.0324288616290797
0.029724600359952
0.0257026746159897
0.0201733135205917
0.0132970097645468
0.00544549561332123
-0.00297102816688975
-0.0116256057317387
-0.0203219709495188
-0.0289760174707978
-0.0375380141400237
-0.0458756237476074
-0.0536809004176601
-0.0604830554188891
-0.0657896367645827
-0.0692782195690898
-0.0709196762048995
-0.0709755328957472
-0.0699040018221116
-0.0682365463981587
-0.0664475382604072
-0.0648146500220919
-0.0633040581980129
-0.0615599755871227
-0.0590485922697649
-0.0553004241920791
-0.0501107188836217
-0.0435871179644816
-0.0360543992270988
-0.0279213552858245
-0.0196034386509876
-0.0115119755237852
-0.00406251800656749
0.00233344442262579
0.00728728830867076
0.0104442634661174
0.0114947268636532
0.0102173995286784
0.00657219929193126
0.00081464491642219
-0.006435580722487
-0.0142353905167488
-0.0214758096652832
-0.0270917033134666
-0.0302315476428685
-0.0303367900053971
-0.0271486073954648
-0.0206898964795803
-0.0112473982114737
0.000654430047027675
0.0143009189937775
0.0288537204514821
0.0434269788591238
0.057166533210725
0.0693184418466491
0.0792600129400294
0.0864789395404825
0.0905322082584987
0.0910514803426465
0.0878337442684799
0.0809771832965267
0.0709699920727531
0.0586707086169068
0.045194958235651
0.0317607491544036
0.0195216853532194
0.00939527328349059
0.00191724387621113
-0.00281434014899833
-0.00506575033123598
-0.00530777921379965
-0.00407215920476486
-0.00189296282709673
0.000695456796062904
0.00318428031988137
0.0051690464867123
0.00642275979300448
0.00688926393700832
0.00660163183549206
0.00561078420815125
0.00399445855610122
0.00192212477752161
-0.000310242963137424
-0.00232326921873315
-0.00374403810962089
-0.00428694512423949
-0.00380227421639978
-0.00229421462077878
9.09399108254402e-05
0.00309693556871089
0.00638243490815206
0.00952716316441815
0.0120554766281066
0.0135263516596964
0.0136823521205606
0.0125770760368786
0.0105885681726231
0.00829186418805294
0.00625249714072519
0.00484598284046932
0.00418165966789931
0.00414170619652844
0.00448594946086923
0.00495298698016957
0.0053141519726962
0.00538826811569857
0.00506021762918518
0.00433052651877384
0.00336920248181256
0.00251261284448538
0.00216934023373095
0.00266730962223633
0.00411879041419341
0.00636681759918219
0.00902437761227239
0.0115726416124439
0.0134787010870252
0.014316719303062
0.0138865839710842
0.0122982892575676
0.00996446852351875
0.00747114952332694
0.00537164928971999
0.00400474041770845
0.0034283165920142
0.00349778800554991
0.00404526981643834
0.00506082900080696
0.00676457622162871
0.00951028776746505
0.0135639860772706
0.0188862361189186
0.0250433526361883
0.0312830500260356
0.0367152967947435
0.0405130770993267
0.0420824333503158
0.0411823037589632
0.0379691002161446
0.0329325770407028
0.0267251347616473
0.0199571067091599
0.0130695545595861
0.00634807797021807
3.04365116799593e-05
-0.00561392789745061
-0.0103146958144502
-0.0139049996475386
-0.0163872118417403
-0.0178944340987389
-0.0185931285151741
-0.0186233033237948
-0.018114501086065
-0.0172259787906541
-0.0161419502830477
-0.0150159259071913
-0.0139179252670496
-0.012830726694586
-0.0116921495831605
-0.0104512761096356
-0.00911228547384074
-0.00775205316284514
-0.00650331786720694
-0.00550610039646059
-0.00484926223579898
-0.00453568604910678
-0.00449588769488164
-0.00464814308911702
-0.00497060561255303
-0.00553304869452722
-0.00645448527555456
-0.00780490907037804
-0.00951456221141385
-0.0113500962931083
-0.01296804206223
-0.0140095894642739
-0.0141926936260044
-0.0133784514123625
-0.0116082083030263
-0.00911275702438224
-0.00629239863568827
-0.00366585316897249
-0.00179043283170592
-0.00116459656197611
-0.00213182997193644
-0.00480507599463068
-0.00902464415797613
-0.0143606601081936
-0.0201771842089022
-0.0257681819895353
-0.0305344028946169
-0.0341209345328078
-0.0364397110447729
-0.0375769718254119
-0.0376673739146277
-0.0368268953827124
-0.0351725902786305
-0.032882490794821
-0.0302233585651047
-0.0275091306812531
-0.0250154130208163
-0.0229123397570726
-0.0212575075453477
-0.0200356208860456
-0.0192002024598231
-0.0186928406268844
-0.0184535003815009
-0.0184416981127937
-0.0186583759928587
-0.0191362683414624
-0.0198886623445302
-0.0208528508785512
-0.0218802650998081
-0.022787034078504
-0.0234241223898437
-0.0237105981481274
-0.0236107669031934
-0.023087528812877
-0.0220814224198153
-0.0205355623007443
-0.0184434750091128
-0.0158785348795767
-0.0129784926025394
-0.00988797919529099
-0.00668727269477862
-0.00334685353135382
0.000263521810583867
0.00431319214427632
0.00892650962990575
0.014108955464099
0.0197004965775022
0.0253663171708568
0.030638803349636
0.0350120311065884
0.0380560251589863
0.0395010135413574
0.0392684389597547
0.0374635481253198
0.0343468890441819
0.030278074797937
0.0256252721050409
0.0206705360915357
0.0155662431562102
0.0103689869917327
0.0051161530374139
-0.000120658100877291
-0.00524009678570756
-0.0101495932634666
-0.0147906623819612
-0.019132817282302
-0.0231545120492085
-0.0268301449283881
-0.0301211984634743
-0.0329673472827371
-0.0352900581797498
-0.0370196685125043
-0.0381261985398736
-0.0386150054935898
-0.0384799702084994
-0.0376653250560454
-0.0361009868928102
-0.0338113161219041
-0.031013075343058
-0.0281118867122327
-0.0255929363132289
-0.0238854226202554
-0.0232719073594319
-0.0238441778025051
-0.0254761043664343
-0.0278166394831794
-0.0303313741053105
-0.0323927629944214
-0.0333828169314412
-0.032781110084891
-0.0302408533740424
-0.0256517273702778
-0.0191587082397264
-0.0111119109406349
-0.00197851643864948
0.00771260562037381
0.0173636650160058
0.0262955456241198
0.0338176568702336
0.0393904560053773
0.0427824254465155
0.0441058114734109
0.0437157498264876
0.0420687029923926
0.0396417465368288
0.0369237988053974
0.0344150860379699
0.0325823614972948
0.0317772914686113
0.032163050247018
0.0336882111402797
0.0361202119958398
0.0391256712629573
0.0423691752223307
0.0455958198796464
0.0486644746160882
0.051511147946926
0.0540520860575759
0.0560802986924705
0.0572360696078607
0.0571020370021557
0.0553879238224087
0.0520928864905703
0.0475385744086866
0.0422546930060146
0.0367908225576055
0.0315496072121987
0.0266963076096474
0.0221577088585543
0.0177052468186965
0.0130987843181078
0.00823304838729317
0.00320915756148676
-0.00171070572603388
-0.00623165743565482
-0.0101577060265313
-0.0134701236222748
-0.0163436483943353
-0.0191035187286174
-0.0221186520277815
-0.0256519867915972
-0.0297370916593664
-0.0341524038585221
-0.0384978204374562
-0.0423046441019026
-0.0451038405573803
-0.0464437555462906
-0.0459160551264648
-0.0432426624767333
-0.0384007724638978
-0.031704752548267
-0.0237911847712892
-0.0155268545097428
-0.00788659251769235
-0.00181122715773564
0.00196914348741387
0.00311972946118338
0.00180468135762416
-0.0013716085980038
-0.00557595329572271
-0.0100107052502792
-0.0141193006942503
-0.0176744266657807
-0.0207497469688312
-0.0236170747805906
-0.0266305259908796
-0.0301416172880138
-0.0344375874857338
-0.0396615929125292
-0.0457045460351946
-0.0521268543306806
-0.0581938832866921
-0.06304735614152
-0.0659313715207743
-0.0663428882793051
-0.0640378511746152
-0.0589497113874699
-0.0511525122532684
-0.0409485365779318
-0.0290219968346259
-0.0165035643148043
-0.00482757467313683
0.00459705995410316
0.0107569367337478
0.013280640450424
0.0124761942181979
0.00917735163809557
0.00448250643799276
-0.000509194428251451
-0.00487384067533656
-0.00791545950661872
-0.00914213691498382
-0.00825178624718245
-0.00516201416014099
-3.60659708119448e-05
0.00675100121635902
0.0146916583569447
0.0232102683706068
0.0316870608249937
0.0394735649924687
0.0459371442514899
0.0505384894422719
0.0529247338574331
0.0530176400831711
0.0510640023783654
0.0476016741786259
0.0433178432825833
0.0388412404841367
0.0345668005344859
0.0306035782795736
0.0268599309664121
0.0231924569353046
0.0195206294428607
0.0158653007009077
0.0123443726621308
0.0091732239110759
0.00666249270961539
0.00515763487408644
0.00489599032005482
0.00584489151812117
0.00763102245884515
0.00962173569714843
0.0111234733920196
0.0116054428320771
0.0108616746424635
0.00905830709287045
0.0066519077076604
0.00421149134064683
0.00222137581923679
0.000949096669817706
0.000414829598281312
0.000432392943775997
0.000669847272263269
0.000718474319943939
0.00020339665582345
-0.00105604150603786
-0.00291028354472481
-0.00488176577989876
-0.00634795346987295
-0.00681889721055562
-0.00615492778509888
-0.00462073379944044
-0.00278788456775476
-0.00137537196944058
-0.00109834924460875
-0.00251363566769211
-0.00581265886818121
-0.010603198371641
-0.015877310484817
-0.0203653440953725
-0.0231961801281353
-0.0244409994194748
-0.0251084074335767
-0.0265616119226385
-0.0297622296894304
-0.0348111407522077
-0.0409674418594212
-0.0470041296085321
-0.0516420568274784
-0.0538722617529312
-0.0530931007082367
-0.0490778614808862
-0.0418552650437661
-0.0316233458687845
-0.0187823852225855
-0.00405846449808534
0.0114196214282645
0.026225094457085
0.0389303036121788
0.0484623936596636
0.0543358193979473
0.056659506234673
0.0559528625470551
0.0528954757778983
0.0481314795888483
0.0421825983606341
0.0354568297890964
0.0283089070681275
0.0211087615719431
0.0142801787149661
0.00827347449715008
0.00345562991627172
-4.00534873250079e-05
-0.00240072974835395
-0.00406319542950926
-0.00549340126182238
-0.00693892166522213
-0.00830646613230548
-0.00924087599463569
-0.00935953556405656
-0.00850327344674771
-0.00685628321128129
-0.00487174758905148
-0.00306294788132214
-0.00179678449328575
-0.00120792949515565
-0.0012551621474856
-0.00183569704215673
-0.0028407813836378
-0.00411138840828069
-0.00536776162470171
-0.00621717916202358
-0.00625794241477786
-0.00520042353309968
-0.00292325051609725
0.000546795840011394
0.00508606797094575
0.0105062570824764
0.0165481100772483
0.0228619109518687
0.0290240897325141
0.034605568903473
0.0392403115348229
0.0426269688969276
0.0444663356693298
0.0444168750611636
0.042147488858634
0.037481041910731
0.0305366883694639
0.0217706972542272
0.0118877142604473
0.00167846576183955
-0.00813582462165111
-0.0170077506106423
-0.0246097529085374
-0.0308236686143333
-0.0356824516679132
-0.0392947769330092
-0.0417887732614632
-0.0432798196059803
-0.0438392968287699
-0.0434594889804806
-0.0420491351069048
-0.0394945191947242
-0.0357730651872861
-0.0310598567915706
-0.0257643019040222
-0.0204700523188712
-0.0157993028196289
-0.0122598569159502
-0.0101411583550275
-0.00949441145994875
-0.0101804221576286
-0.0119375775984055
-0.014435091728719
-0.0173127475709973
-0.0202245798349007
-0.0228844043312523
-0.025089241060023
-0.0267118902599704
-0.0276890567104047
-0.0280284943765592
-0.0278102995672665
-0.0271356263449964
-0.0260317077848018
-0.024395473451158
-0.0220452646370423
-0.0188462475820214
-0.0147951784018075
-0.00998971251293069
-0.00452288092759266
0.00159153988893669
0.00839824316401004
0.0159054089757375
0.0239852492925064
0.0323345680059346
0.0405229588467162
0.0481009807885834
0.0546926181115508
0.0600098550259248
0.0638140671997447
0.0659198875676905
0.066291332955598
0.06515217162687
0.0629766053147017
0.0603235365079128
0.0576236949842039
0.0550632877848142
0.0526125871872793
0.0501451888910486
0.0475687743728529
0.0449080360283993
0.042298216251962
0.0398845076544262
0.0376929971062023
0.0355782828780722
0.033295510369752
0.0306333563621257
0.0274932445969868
0.0238564943545094
0.0196794450879821
0.014806465286693
0.00896948983951529
0.00188816844048497
-0.00656624583980314
-0.0162152537204922
-0.0265083256469874
-0.0366031465917903
-0.0455777969478956
-0.0526861694566438
-0.0575310129149725
-0.0600641253833438
-0.0604210789503098
-0.0586996324210766
-0.05482648133428
-0.0486024835730493
-0.0399081437924683
-0.0289505439916186
-0.0163975242195186
-0.0033045557865067
0.0091380903140931
0.0199119827282337
0.0283936289909176
0.0344184108082055
0.0381893782997956
0.0400916621671788
0.040492468797504
0.0395921443236337
0.0373630688853617
0.0335901698144249
0.0280092983487004
0.020512303229375
0.0113476733194025
0.00121750536070683
-0.00880761998419905
-0.017549357829323
-0.0240424581629484
-0.0277521860731488
-0.028592912595649
-0.0267914903232638
-0.0227304734012434
-0.0168739901687179
-0.00976575303749264
-0.00200970433551338
0.00582788158718331
0.0133565539105161
0.0204357884033682
0.0271170999711581
0.0334910277416919
0.0395483763239758
0.0451415514829014
0.0500451047293735
0.0540480034002256
0.0570094997141279
0.0588566584283609
0.0595498957429382
0.0590615193831684
0.0573940813828585
0.0546297503710703
0.0509796818356331
0.0468041339599488
0.0425866315863741
0.0388605905052626
0.0361062035921513
0.0346494221244251
0.0345904128873481
0.0357758140767275
0.0378259026867017
0.0402248694981121
0.0424547957910732
0.0441127482224571
0.0449469669709383
0.0448072850854878
0.0435767083912428
0.0411593715097325
0.0375347547189841
0.0328190423469116
0.0272692595463831
0.0212189204954686
0.0149877391036312
0.00881929254979373
0.00287251942329182
-0.00274282516222086
-0.00791421944429083
-0.0124846809744717
-0.0162444378254099
-0.0189739390649572
-0.0205341341479722
-0.0209648986504132
-0.0205394524323194
-0.019749501868594
-0.019230682793529
-0.0196452052957077
-0.0215324896363411
-0.0251530440645444
-0.0303786083067262
-0.0366839105826894
-0.0432603753431309
-0.0492246029537316
-0.0538572528694587
-0.0567897474417211
-0.0580684974129184
-0.0580762005560188
-0.0573560592878737
-0.0564263585869775
-0.0556633463902541
-0.0552780343710734
-0.0553537027633708
-0.0558867114016811
-0.0567974533490958
-0.0579212037375704
-0.0590066650620972
-0.0597346626807891
-0.0597505061377544
-0.0587036273594397
-0.056295600421271
-0.0523319818601034
-0.046759583604266
-0.039672784217186
-0.0312953881212551
-0.0219605139330161
-0.0120963112738306
-0.00219945456089621
0.00721934777335234
0.0157032312693959
0.0228996909941445
0.0285811174025648
0.0326426519941712
0.0350777963777175
0.0359251552816706
0.0352084164346679
0.0329278520746874
0.0291394195736702
0.0240754012075458
0.0182042234813661
0.0121661165391269
0.0066174503987264
0.00207127472665426
-0.00120413873456218
-0.00321875684243711
-0.00423252674321188
-0.00466222703224244
-0.00493467030927386
-0.00534052319050259
-0.00596210254911136
-0.00670683066387763
-0.00740638369732006
-0.00790340273890532
-0.0080720893614814
-0.00778026627400233
-0.00684818157630665
-0.00505870646085209
-0.0022281972615645
0.00170476862625637
0.00663214929805749
0.0123003016201527
0.0183858900571159
0.0245747329713328
0.030598630875244
0.0362125456874173
0.0411276565531416
0.0449456466626391
0.0471549748321468
0.0472282843592807
0.0447944352183057
0.0397930799030725
0.032521411689091
0.0235590868973509
0.0136333592385013
0.00349255848565243
-0.00618918898301312
-0.0148812205676039
-0.0222338734596702
-0.028068050677724
-0.0323217834405952
-0.0349927971435843
-0.0361235450554881
-0.0358419036593857
-0.0344203738370548
-0.0322909053045896
-0.029976824398302
-0.027961914423264
-0.0265627290937034
-0.0258681391826493
-0.0257664798277619
-0.0260325772823196
-0.02642594484765
-0.02676213384352
-0.0269447787924653
-0.0269648949117895
-0.0268752906553769
-0.0267399426313224
-0.0265632080048849
-0.02622973569732
-0.0255033530964145
-0.0241040326216166
-0.0218201148393946
-0.0185837556839136
-0.0144767865801911
-0.00969752337371443
-0.00454002735474957
0.000593820388764439
0.00517222124518073
0.0085457316558134
0.0100286540100154
0.00904561151207003
0.00529283518948609
-0.00115177555916839
-0.00980552780147628
-0.019838922524015
-0.0301950337052469
-0.0397571432343889
-0.0475456310467041
-0.0529009463189389
-0.0555925523655446
-0.0558049742884152
-0.0539927120509737
-0.0506554425380938
-0.0461365465552737
-0.0405467316904692
-0.0338399449940058
-0.0259691315226121
-0.0170086801272934
-0.00718093719033287
0.00318708385073886
0.0137067877717026
0.02393712241448
0.0333958074834051
0.0416254404141002
0.048304105713556
0.0533251026761178
0.0567890201610127
0.0589294405715109
0.0600357526550364
0.0604078030871351
0.0603309647899739
0.0600504052844784
0.0597445714697434
0.0595141206983458
0.0593943173713398
0.059376012959539
0.0594092043887946
0.0593838153954808
0.0591193314526717
0.0583986399102005
0.0570294210955478
0.0548663853648595
0.0517584698483747
0.0474791771880779
0.0417428058554439
0.0343388120795623
0.0253015911861565
0.014995206068236
0.00406347086696535
-0.00670799916256171
-0.0165427992836088
-0.0248030433406407
-0.0310961235598364
-0.0353420804856152
-0.0377602992090959
-0.0387587958660857
-0.0387704010688599
-0.0381160842527121
-0.0369562245437031
-0.0353367882716721
-0.0332853291795977
-0.0308926630189259
-0.0283428666175004
-0.0258983221449506
-0.0238601328409129
-0.0225057222277044
-0.0220024802224885
-0.0223284799117744
-0.0232548574952868
-0.0244180548534331
-0.0254561013109062
-0.0261526266753803
-0.0265370442184482
-0.026904049320064
-0.0277320912879977
-0.029516175092041
-0.0325809701579104
-0.0369639411173182
-0.0424238862728153
-0.0485577780140262
-0.0549484617121261
-0.0612546537457848
-0.0671985512529364
-0.072479516506276
-0.0766928855542429
-0.079316713400312
-0.0797641437534936
-0.0774622424700561
-0.0719466873304827
-0.0629801344594287
-0.0506384912328661
-0.0352873722080269
-0.0175656257328927
0.00137693342386821
0.019600487104764
0.0347760696001585
0.045307791814079
0.0510706788700677
0.053036772735466
0.0524226617997983
0.0502143061269522
0.0471191177550469
0.0436139709399331
0.0399695231283281
0.0363034674908321
0.0326813330616245
0.0292235149924931
0.0261702033862272
0.0238675587066808
0.0226611142770628
0.0227300551038183
0.0239405239854071
0.0257981204108451
0.0275431080834083
0.0283753465557203
0.0277244965243191
0.0254303306619078
0.0217379314069964
0.0171415407002304
0.0122102434040526
0.00749843970680163
0.00353379931416199
0.000809953025224534
-0.00026643422778326
0.000532099196835311
0.00316502567398153
0.00728431574097956
0.0122673143412328
0.0173162800020557
0.0216052168254376
0.0244497693481871
0.0254577175297407
0.0246006000343399
0.022171969046988
0.0186576920218704
0.0145812172634226
0.0103768850535896
0.00631854800504566
0.00251299444115333
-0.00104953479534955
-0.00441109127206431
-0.00755477515157649
-0.010337624803667
-0.0124933381050603
-0.0137367083798986
-0.0139302934585365
-0.0132036103408302
-0.0119321369639047
-0.010579048728683
-0.00948583667683664
-0.00871296475102811
-0.00799875640150085
-0.00685746884780853
-0.00478334208743155
-0.00147432818701479
0.00303271166943578
0.00838692052173792
0.0140936645499608
0.019728675052231
0.0250692512456299
0.0300760913301854
0.0347641604521188
0.0390700229701761
0.042806450181241
0.0457169418029277
0.0475742531402757
0.0482572907198504
0.0477777417853758
0.0462661824005088
0.0439409057016034
0.0410759988578425
0.0379697282114646
0.0349002497564435
0.0320603756910996
0.0294926922595613
0.0270694843275609
0.0245414532521974
0.021632061221009
0.0181355805622296
0.0139981734101905
0.00937609674408351
0.00464800476947376
0.000346737382159193
-0.0029899306924406
-0.00498980798995935
-0.00554928547867386
-0.00481684772058336
-0.00308711982503067
-0.000695220038374322
0.00202307663081551
0.00472881301593306
0.00710802210569504
0.0089445107035814
0.0101633973006343
0.0107963648276657
0.0109210725511219
0.0106258303967554
0.00997101487434358
0.00894640170205281
0.00749350167216946
0.00559032144387631
0.00328655495450864
0.000624367375092263
-0.00247990250548526
-0.00626636318311954
-0.0110268880140643
-0.0169333771503408
-0.0239191901841381
-0.0316883213388714
-0.0398254313746498
-0.0479110290216899
-0.0555727146176727
-0.0624897455983409
-0.0684091648360547
-0.07318285700798
-0.0767744952228462
-0.0792037531310337
-0.0804646088263811
-0.0804776119549553
-0.0790926345749425
-0.0761204017921447
-0.0713778031319851
-0.0647418368290507
-0.0561869287543371
-0.0457709168797791
-0.0335807953313548
-0.0197090879936361
-0.00431871071691117
0.0122384052778825
0.0293529931075429
0.04620323700607
0.0618710363721317
0.07544647219174
0.0860975388024252
0.0931490874048767
0.0961943943574256
0.0951889972436028
0.0904570516507387
0.0826078924319629
0.0724323593577887
0.0608389278697477
0.0488189607975392
0.0373907581398795
0.0275032505092539
0.0199296682701741
0.0151929001057224
0.0135440892647253
0.0149914104132619
0.0193490299608761
0.0262570113450517
0.0351477373097146
0.0452013951792164
0.055368125717832
0.064482411216047
0.0714121295246561
0.0751731348544295
0.0750080742912489
0.0704768048607731
0.0615662671830342
0.0487514040358615
0.0329270004589023
0.0152092613805336
-0.00329823663167525
-0.0216559841544171
-0.0391063469725587
-0.0550054107026723
-0.0687678653786871
-0.0798920277482574
-0.0880464829911813
-0.0931328331155166
-0.0952512629960164
-0.094580369388562
-0.0912638594711425
-0.0853988475173865
-0.0771413833127085
-0.0668531960009059
-0.0551839421355258
-0.0430340717121379
-0.0314243709338627
-0.0213389479827871
-0.0135895054027339
-0.00871238842971415
-0.00689806781386562
-0.00796300397140138
-0.0113824831380482
-0.0163966074425597
-0.0221755408369349
-0.0279901177455807
-0.0333113174685525
-0.0377931584549676
-0.0411681754939439
-0.0431433500527648
-0.0433790440824842
-0.0415706446729706
-0.0375776495287743
-0.0315091226908817
-0.0237086254116032
-0.0146652010675761
-0.0049346893710669
0.00487499313268672
0.0140906821191006
0.0220161471156761
0.0280590387823737
0.0318744548097137
0.0334237105164186
0.0329135486475945
0.0306768765641126
0.0270880564228207
0.0225529832872244
0.0175368878191301
0.012565267382018
0.00817440623039501
0.00484653016751902
0.00297335834643283
0.00284391825489567
0.00461391717722464
0.00823964760542074
0.0134175375812743
0.0195853627613007
0.025995047573922
0.0318151957028532
0.0362144785483904
0.0384102870546852
0.0377063152320207
0.0335600506876145
0.0257023873225194
0.0142815783040504
-4.42827606473207e-05
-0.0161442229116512
-0.0326021920424146
-0.0479976141164963
-0.0611729485363664
-0.0713945771749285
-0.0783687127063805
-0.0821360052126724
-0.0829125664906301
-0.080960001058452
-0.0765397817296925
-0.0699410947998775
-0.061515844056468
-0.0516702689044439
-0.0408350370458173
-0.0294729906483421
-0.0181346054617218
-0.00750027482831005
0.0016520607650084
0.0085517382497221
0.0125654128770448
0.013315516386901
0.010772422942889
0.00530046650529886
-0.00237200115142227
-0.0112679882068872
-0.0203326367165844
-0.0286093197447888
-0.0353827733575242
-0.0402699129474108
-0.0432415960119492
-0.0445570959241201
-0.0446196447407599
-0.0438131040367254
-0.042400449439367
-0.0405143705740077
-0.0381976038127394
-0.0354410947484192
-0.0322200324819366
-0.0285505182164558
-0.0245442153458506
-0.0204021744947782
-0.0163346111864384
-0.0124711345331326
-0.00883512846421322
-0.00538836744339759
-0.0020913641078298
0.00107295317051111
0.0041240729649817
0.00713292776916121
0.010250892094419
0.0136742710105962
0.0175345544703884
0.021768038232446
0.026056606455419
0.0298935805548605
0.0327386025433182
0.0341682512313904
0.0339537422444725
0.032065086947322
0.0286424452624876
0.0239681407350407
0.0184459836522386
0.0125765635726485
0.00691203006278406
0.00197949677958183
-0.00181890198734751
-0.00429599932905879
-0.00551609184222163
-0.00575427952180984
-0.00539408974040327
-0.00480883475961698
-0.00427346697604353
-0.00393034160459572
-0.00380383632328364
-0.00384211940619684
-0.00396338556694836
-0.00409215217362432
-0.00418029135368598
-0.0042126457407597
-0.0041990077121008
-0.0041576826443798
-0.00410369914153346
-0.00405969822220757
-0.00409456628472448
-0.00436253806028765
-0.00509373138765712
-0.00651277713326491
-0.00872454259339487
-0.0116406175062154
-0.0149862906770684
-0.018365651256021
-0.0213372320694924
-0.023469305259684
-0.0243677705842488
-0.0236915177956272
-0.0211920397154115
-0.0168068930375786
-0.010780262578327
-0.00372458763651456
0.00345318724865008
0.00975389905031207
0.0143289543466193
0.0166661158568358
0.0166706037657148
0.0146390670746012
0.0111400717096712
0.00683459862056344
0.00230675355572958
-0.0020192907747401
-0.00586099609786571
-0.00902003878733121
-0.0113575239247341
-0.0128084486932619
-0.0133828981298246
-0.0131143268293503
-0.0119790052795891
-0.00985415661002874
-0.00656350342506036
-0.00199607489090938
0.00377077918552592
0.0104190233270303
0.0174397985325277
0.0242609173893367
0.0303943380550586
0.0355447257115158
0.0396421751433779
0.0427987329737694
0.0452241353864154
0.0471460332554354
0.048757447718008
0.0501877119461662
0.0514892066909044
0.0526391677629864
0.0535519433406948
0.0540924955974757
0.0540950280182116
0.0534025136311586
0.0519250561080491
0.0496874743818947
0.0468421686632507
0.0436540768270744
0.0404737834349332
0.0376964583290813
0.0356979373954378
0.0347610949151918
0.0350265613330308
0.0364939720661273
0.0390685248755674
0.0426173342826973
0.0469923871967674
0.0520001895989029
0.0573430041714015
0.0625925878048856
0.0672466962706365
0.0708548759675161
0.0731345994895373
0.0739996288628343
0.0734935081571857
0.0716896773705234
0.0686236548332787
0.0642810564287002
0.0586342662907579
0.0517107184300862
0.0436604745369687
0.0347784570715392
0.0254645580000972
0.0161584952670801
0.00729893951007388
-0.000690142747284756
-0.00742511146199065
-0.0126255899147544
-0.0161956015986565
-0.0182773940201366
-0.0192371189153711
-0.0195710407316412
-0.0197689316083042
-0.0202081917403643
-0.0211319046508227
-0.0226887132189098
-0.0249570918110086
-0.0279085244725702
-0.0313516298981284
-0.0349396715005832
-0.0382665967178295
-0.0409867063263933
-0.0428708653165058
-0.0437751087579892
-0.0435725426417877
-0.0421184602201013
-0.0392800012235243
-0.0350071766725855
-0.0293939257092522
-0.0226942776769438
-0.0152985838158399
-0.00769390800566269
-0.000415993655645698
0.00601705564075283
0.0111819617790902
0.0147987730326032
0.0167172461244495
0.0168620021267068
0.015199536152256
0.0117626706970498
0.0066976915653111
0.00026794568167709
-0.00721077379469632
-0.015460657267831
-0.0242879179075112
-0.0335448803014391
-0.0430301108750118
-0.0523974914408229
-0.0611476386628414
-0.0687240468628486
-0.0746623818207323
-0.0787021094738755
-0.0808007960789745
-0.0810620468741184
-0.0796325974573964
-0.0766195892060803
-0.072055474719915
-0.0659202730156963
-0.0582155921939523
-0.0490654162934505
-0.0387987895652819
-0.0279624725792958
-0.0172364394964138
-0.00727893152795107
0.00143023733015829
0.00868504634672764
0.0145636603837771
0.0193641621825183
0.0234878003842465
0.0272956858037463
0.0309792797379239
0.0345029526133462
0.0376615420812607
0.0402292636153696
0.0421077398281815
0.0433844676610106
0.0442899649243358
0.0451097498885141
0.0461043034333164
0.047446900411641
0.0491710838460515
0.0511367806736361
0.0530378366337986
0.0544627371359554
0.0549960903533158
0.0543242171154996
0.0522953443850519
0.0489046462900975
0.044227970013698
0.0383693016486111
0.0314673941669125
0.0237412958895383
0.0155096200679256
0.00714035045011688
-0.00104408819404439
-0.00883430253368116
-0.0161229190716102
-0.022836759336018
-0.0288939174154939
-0.0342592845696216
-0.0390752462443305
-0.043697644077761
-0.0484550062044685
-0.0532726722639967
-0.0576332579555147
-0.0610070929918519
-0.063215460489407
-0.0643017442168555
-0.0642119445833387
-0.0627437997821748
-0.0597462078637624
-0.055275277114041
-0.0495693605194158
-0.0429273496489701
-0.0356236336717029
-0.0279071395010355
-0.0200413438108361
-0.0123244992792636
-0.00506777200007854
0.00145629749737127
0.00707694623022795
0.0117798346875045
0.0157168475049869
0.0191356865016194
0.0222450633269447
0.0250976535709843
0.0275765663803119
0.0294921910738513
0.0307094783270414
0.031215380268739
0.0311013738203188
0.0305009218785291
0.0295291797094755
0.0282426262345744
0.0266230906078449
0.0245985071458918
0.0221003432215255
0.0191209117388046
0.0157278489762758
0.0120434323858791
0.00824083844717152
0.00457801561247148
0.00141363134919353
-0.000867587159697939
-0.0020102696313053
-0.00201729938727213
-0.00114641118856033
0.000223655745535157
0.00175157104767451
0.0032121192977943
0.00448203683054521
0.00549536337042477
0.00622078849363879
0.00665312154134852
0.00678504843064916
0.0065641395110051
0.00588554477744988
0.00465108266487877
0.00285341436810257
0.000609574491693684
-0.001881881568389
-0.00441620792458958
-0.00684207308034187
-0.00910368430922926
-0.0112788918836429
-0.013591009881343
-0.0163537119769776
-0.019853373937698
-0.0242329254370424
-0.029440830862758
-0.0352499449213339
-0.0413066540385046
-0.0471866793926084
-0.0524693403231401
-0.0568291681038406
-0.0600917422984915
-0.062194508317196
-0.0630706356470286
-0.0625532527550238
-0.0603803039366235
-0.056287590028071
-0.0501159429916934
-0.0418753306513848
-0.0317559681261667
-0.0201049148615964
-0.00739426849880312
0.00580201030467702
0.0188332708958897
0.0310287869239062
0.0417888769877477
0.0506635639888604
0.0573663117673219
0.0617284740518634
0.0636558790992451
0.0631381687673082
0.0603046554589698
0.0554843002324206
0.0492315461404794
0.0422866858776553
0.0354340767778097
0.0292621574213289
0.0239661152029642
0.0194170607847759
0.0154745910378587
0.012149698419658
0.00940591776061916
0.00696517642355932
0.00446975209801075
0.00177666236422329
-0.000982340619328009
-0.00356196618863294
-0.00575691223672094
-0.00743946156322042
-0.00852563389635243
-0.00894057674408768
-0.00861044054303238
-0.00747461007535478
-0.00550536279552749
-0.00272247419406883
0.000809002763559061
0.00499728139513476
0.00973781766896969
0.0149037406810658
0.0203291501643551
0.0258267321827603
0.0312500001915229
0.0365494327913664
0.0417552034858247
0.0468768900397086
0.0517913808700767
0.0562152705815415
0.0597966198122338
0.0622623802000647
0.0635116971670342
0.0635964536210416
0.0626295360923286
0.0607123057623752
0.0579328343108537
0.0544085362770143
0.0503144161837995
0.0458714028035839
0.0413161562666052
0.0368837523579736
0.0328082600562883
0.0293150397745314
0.0265728143148948
0.0246085718954383
0.0232444171566514
0.0221316237989794
0.0208914230104527
0.0192740369998563
0.0172217647510257
0.0148041870751824
0.0121033228850842
0.00915848848182074
0.00601186352362166
0.00279642518246856
-0.000230969560037509
-0.00275630885927161
-0.00453216565084777
-0.00547701088727042
-0.00570439763141051
-0.00549269105619218
-0.00522273306122927
-0.00529344329504264
-0.00602304160694516
-0.00756655199481228
-0.00988481325311988
-0.0127679137787882
-0.0158905574591653
-0.0188877017379885
-0.0214470677112823
-0.0233878072810077
-0.024675590488617
-0.0253666509387047
-0.0255416017570508
-0.0252987391463376
-0.0248076150113482
-0.0243507737242608
-0.0242837424087693
-0.0249201053012592
-0.0264191626736331
-0.0287407200444487
-0.0316541724423399
-0.0347491782779882
-0.0374451946243778
-0.0390620471205637
-0.0389904865063572
-0.0369006387528595
-0.0328598788515733
-0.0272784029157776
-0.0207226476792886
-0.0137266620879709
-0.00671496924152758
-4.59209488683323e-05
0.00591522070824303
0.0107952185499127
0.0143083935671485
0.0163845515747117
0.0172360490931958
0.0173105514633464
0.0171471494252085
0.0172103950340608
0.0177841473195045
0.0189578505400272
0.0206722615652511
0.0227686951603998
0.0250175099305633
0.0271396646024095
0.0288367140527777
0.0298222330466543
0.0298390178845865
0.0286598125013807
0.0260834939258689
0.021940180059586
0.0161141556244167
0.00858915585504233
-0.000489594008000014
-0.0107624870345807
-0.0216549174170942
-0.0324629624437373
-0.0425161281236994
-0.0513532354780709
-0.0588220744634238
-0.0650446757223214
-0.0702667310211297
-0.074683019578183
-0.0783460232425781
-0.0812050776464525
-0.0832294043263465
-0.0845134114821193
-0.0852908738035239
-0.0858660601361763
-0.0865265783775705
-0.087490466916211
-0.0888914366536105
-0.0907794819457848
-0.0931221949888117
-0.0958058698787081
-0.0986370027302641
-0.101343843800516
-0.103583002770004
-0.104961231027049
-0.105081325731117
-0.103614947520031
-0.100391125240715
-0.0954649451241232
-0.0891174062986752
-0.0817681700204371
-0.0738498655622818
-0.0657299089114665
-0.0577223652643223
-0.0501462744547013
-0.0433486385801912
-0.0376554230671907
-0.0332875248638469
-0.0303086838602026
-0.0286420987234505
-0.028135331483829
-0.0286125336734098
-0.0298611048069654
-0.0315591440102399
-0.0332164004570123
-0.0342096845869156
-0.0339249274582328
-0.0319307590312815
-0.0280828880451874
-0.0225135811876252
-0.0155400072493393
-0.00756231271675911
0.00100002459205232
0.00973450721430347
0.0182579639816735
0.0262594803607372
0.0335499081117096
0.0400757445624782
0.0458697068305225
0.0509566345537061
0.0552677300978001
0.058610691598606
0.0607111694156625
0.0613097665618093
0.0602773675839987
0.0576980993088597
0.0538748233470101
0.0492485062655157
0.0442724620230633
0.0393073221466659
0.0345835686940489
0.0302306974787373
0.0263303117499353
0.0229467294455281
0.0201242581672481
0.0178757055467224
0.0161843448592651
0.0150140751091759
0.0143111115372976
0.0139957502296916
0.0139585432446975
0.0140733106918471
0.0142278221115162
0.0143624957148883
0.0144976732227142
0.0147254191514218
0.0151575153323187
0.0158549168835727
0.0167799787002567
0.0177856401701035
0.0186181609431151
0.0189182461746296
0.0182528228508658
0.0162220669088593
0.0126247761372976
0.0075902869904029
0.00158348230162241
-0.00473033199597385
-0.0106816534461777
-0.0157432163780631
-0.0195653723958242
-0.021931046799828
-0.0227174916158573
-0.021919324861316
-0.0196995103346359
-0.0163907266126946
-0.0124179821165131
-0.00819075676530101
-0.00402829433991779
-0.000134843827940234
0.00339435300040467
0.00654906855456878
0.00936395248456815
0.0118757232890264
0.014102047887768
0.0160538622402206
0.0177689186996469
0.0193407794483043
0.0209211406009309
0.0226876243323134
0.0247815521643268
0.0272264314972145
0.0298506930650775
0.03226145689553
0.0339169639225949
0.034292181546396
0.0330592734237973
0.0301885036981717
0.0259350872055513
0.020749485987401
0.0151711178402413
0.00974331588999987
0.00495655574450155
0.00120524039481429
-0.00126146330081394
-0.00239361238065597
-0.00236879354315649
-0.0015650308630837
-0.000483673932326227
0.000349508469229291
0.000492256994815662
-0.000297106884781439
-0.00196520616945147
-0.00416485771261608
-0.00640067402180509
-0.00826665985163364
-0.00963073158493732
-0.010636811800592
-0.0115283791498465
-0.0124376151881993
-0.0133001889792512
-0.0139367337981678
-0.014210882149931
-0.0141418695832791
-0.013907553272399
-0.0137452012333222
-0.0138036509872909
-0.0140237849153424
-0.0141175910294051
-0.0136669842535292
-0.0122936902379786
-0.00980976358331585
-0.00627520891801241
-0.00195084289590453
0.00280579149827507
0.00763901277584922
0.0122567316573594
0.0164609226729271
0.0201629749937225
0.0233905007562831
0.0262834756539021
0.029075218099301
0.0320551385031287
0.0355181478503752
0.0397161139879687
0.0448235117037655
0.0509092646488094
0.057895358249274
0.0655043335798597
0.0732362038225931
0.0804247594975537
0.0863816799960294
0.0905779170611306
0.0927887532746803
0.0931519508690526
0.0921205689942524
0.0903114746523462
0.0882811155809058
0.086315361849914
0.0843494333352168
0.0820726337656753
0.0791449311081634
0.0753744002134037
0.0707571953371204
0.0654090712314301
0.0594898737649042
0.0531865921571373
0.0467416001180355
0.0404741477981774
0.0347596264571285
0.0299676816766937
0.0263859445802147
0.0241575937372777
0.0232411313307217
0.023384643953905
0.0241193448945156
0.0248018418032262
0.0247257647775098
0.023275072303754
0.0200564706369214
0.0149667714225921
0.00819484564722984
0.000178821622771474
-0.00846642837200773
-0.017043565768646
-0.0248797457187178
-0.0314299586328946
-0.0363493378443801
-0.0395080185952395
-0.0409518096237385
-0.0408489554370579
-0.0394642384258444
-0.0371612592812866
-0.0343945224519421
-0.0316541774321182
-0.0293657399038047
-0.0277898204054828
-0.0269762522199648
-0.0267935651460161
-0.027005265823961
-0.0273410216197154
-0.027533608190484
-0.0273383783634461
-0.0265740899327788
-0.0251971098395799
-0.0233702886210395
-0.0214662582158137
-0.0199802612417622
-0.0193908751601011
-0.0200381129595073
-0.0220593802405597
-0.0253732911854364
-0.0296902912667244
-0.0345597525668665
-0.0394729235043577
-0.0439951680175801
-0.0478552511155842
-0.0509450866433679
-0.0532577514218056
-0.054826875314828
-0.0556970198643752
-0.0559100739411443
-0.0554889200584626
-0.0544215157110395
-0.0526582331567027
-0.0501280307975103
-0.0467718679929542
-0.0425883192274054
-0.037677725204863
-0.0322596679456082
-0.0266406479971655
-0.0211331075840142
-0.0159575706138464
-0.0111723847143694
-0.0066650593661269
-0.0022150854067621
0.00239624040077118
0.00728768705721971
0.0124479891057631
0.0177725416660405
0.0231057405093056
0.0282399046868887
0.0328960198246254
0.0367544898781599
0.0395569659301833
0.0412142043795953
0.0418286725686499
0.0416086640943142
0.0407466336897059
0.0393599827669061
0.0375222712364087
0.0353259717632121
0.0329065656962395
0.0304160665309239
0.0279791726774385
0.0256588104421484
0.0234410022444091
0.0212511863088187
0.0190051359244716
0.0166631665434576
0.0142462790581373
0.0118191331584583
0.00948860935849136
0.00743639507833637
0.00593052283887939
0.00524827880848974
0.00552845412371815
0.00666631119309622
0.00835521592101701
0.0102573010346393
0.0121682184857997
0.0140484229502768
0.015919196950022
0.0177373381336633
0.0193593419431836
0.0206081756147872
0.0213729093978
0.0216669621690474
0.021614977836584
0.021377733152358
0.0210481141198672
0.0205715891063096
0.0197457379493359
0.0183053457573141
0.016026652524482
0.0127665869786059
0.00842506604048797
0.00290517006393827
-0.00385440512061359
-0.0117853186233608
-0.0206134363663267
-0.0298630093939691
-0.0389369614243597
-0.0472287222758297
-0.0542277991093018
-0.0595981247084074
-0.0632084448804271
-0.065096998960452
-0.0653847848686548
-0.0641932374926466
-0.06162283920456
-0.0577964946870465
-0.0529152418725084
-0.0472684582297182
-0.041184931995666
-0.0349596762181443
-0.0288070093732739
-0.022869544327925
-0.0172745323656413
-0.012198813743348
-0.00790035136633714
-0.00469866061912212
-0.00291871980957083
-0.00282877295751227
-0.00459338536072712
-0.00824256925267873
-0.0136469902147871
-0.0204964447019009
-0.0282928122017544
-0.0363745995382591
-0.0439856204976293
-0.0503889811931073
-0.0550064339255646
-0.0575357968195594
-0.0579921954447658
-0.056654027645634
-0.0539465901973683
-0.0503167568024398
-0.0461329482427427
-0.0416210038251713
-0.0368403196235814
-0.0317030641246565
-0.0260283034544791
-0.0196109670548796
-0.0122887042835986
-0.00400457361954846
0.00513379465891801
0.0148198181630645
0.0245797070272097
0.0338892490092678
0.0423298355127772
0.0496867901060733
0.0559161888005633
0.061002504593367
0.0648206016704126
0.0671125243906045
0.0675878197006994
0.0660544573109283
0.062482558889185
0.0569814953944507
0.0497399784741454
0.0409856062401106
0.0309880694505985
0.0200972233985766
0.0087879305385523
-0.00231974712353179
-0.0124865075407764
-0.0209309761536792
-0.0269420670388057
-0.0299897781761886
-0.0297969791589493
-0.0263643256226454
-0.0199724822215557
-0.0111810316800683
-0.000805501255466089
0.0101663113975781
0.0207236767814678
0.029995549797304
0.0373591544787778
0.0424716437017724
0.0452512064492939
0.0458370159389255
0.0445311315338072
0.0417189732195523
0.0377858165394204
0.0330592702519345
0.027792569041263
0.0221814409475826
0.0164010133364227
0.0106521700603624
0.00520207040219662
0.000394432482921377
-0.00338940891519336
-0.00581140386244611
-0.00666407195136997
-0.00592388382982711
-0.00375234271190117
-0.000450554689050147
0.00361898678474854
0.00812446911123021
0.0128327815726107
0.0176069869047108
0.0223270915693764
0.0267977523926865
0.0307282341894872
0.0338047695627388
0.0357871307684744
0.0365465930762439
0.0360330839900663
0.0342299644499169
0.031152631643333
0.0268927896789699
0.0216715686559123
0.0158644430880241
0.00997287728784441
0.00453236959916183
-1.78381197902845e-05
-0.00343513961216333
-0.00567976192517395
-0.00683071270372958
-0.00698576276990202
-0.0062216828530052
-0.00462954888983987
-0.00237976135812557
0.000241114156572271
0.00285098079945306
0.00504310772327914
0.00648008702167396
0.00698120954673337
0.00657538192484542
0.00549454446830424
0.00410110481742645
0.00277974627115289
0.00184797154512138
0.00152031163279121
0.00191496437483479
0.00306733145789672
0.00493256041631164
0.00738901695718527
0.010259228575127
0.0133436489340488
0.0164456952660784
0.0193748234943106
0.0219371595021514
0.0239358392717736
0.0251969621646187
0.025620340924326
0.0252347648633588
0.0242229808754253
0.0228891950461109
0.0215785122821557
0.0205944462959042
0.0201574623179408
0.0204060204516008
0.0214063678525811
0.0231411399677803
0.0254771356543761
0.0281370540175757
0.0307031639197337
0.0326679009573273
0.0335268381362583
0.0328904507743373
0.0305799390951543
0.0266765367298628
0.021513212168407
0.0156190450433677
0.00963296886270433
0.00419573269645169
-0.000171911214159156
-0.00317683490826941
-0.00479798092479898
-0.00523351398207217
-0.00477396683442695
-0.00367946645114714
-0.00213507746863966
-0.000292185328049645
0.00166322291120441
0.00348017883455708
0.00486331805785632
0.00551021162507656
0.00513516019944922
0.00348744154616318
0.000391862236587999
-0.00418366876507087
-0.0100651796013178
-0.0168505507418924
-0.023935697381271
-0.0305768184988222
-0.035988504473226
-0.0394843182464115
-0.0406306784298057
-0.0393422023455928
-0.0358671164678955
-0.0306894325371572
-0.0244210419462909
-0.0177202208475301
-0.0112133693618521
-0.005399932064169
-0.000577191773298874
0.00315730588928142
0.00582644015813353
0.00749087256000459
0.00823277695250027
0.00819744137897297
0.0076230266155737
0.00680785983740977
0.0060302819912035
0.00547478217299852
0.00520386649856558
0.00517815503860445
0.00530328692364366
0.00547883039971284
0.00563022047194031
0.00571220186321665
0.00568340856721668
0.0054671434443223
0.00492486949386535
0.00386780823218998
0.00211804483467977
-0.000393885411645889
-0.00353804918028049
-0.00695871489608759
-0.0101423664980345
-0.0125481985323983
-0.0137281288230042
-0.0133834371438296
-0.0113621080808368
-0.00763670886206153
-0.00229261104806534
0.00447158251692048
0.012338661348255
0.0208620123483666
0.029456904708274
0.0374299247983605
0.0440845020719057
0.04888258476586
0.0515766086261673
0.0522335903426683
0.0511478853136806
0.0486958591118262
0.0451890081595934
0.0407772042306949
0.0354578634255643
0.0292075304935641
0.0221575103864773
0.0146800146473219
0.00732182867622019
0.000655990739535205
-0.00483201223415923
-0.00878945860456274
-0.0110263111913991
-0.0115604736672299
-0.0106266036012063
-0.00858833219717271
-0.00578232904129334
-0.00239482530917902
0.0015568862547847
0.00614367916773374
0.0113905203983399
0.0171380572190394
0.0229644193994081
0.0282406729431979
0.0323279628169335
0.0348059283436828
0.0355764595845889
0.0347851129905344
0.0326543397860183
0.0293789512452169
0.0251517879667815
0.0202556166868649
0.0150947130788162
0.0100961721556236
0.00553681215633316
0.00143343732284058
-0.0024095710881498
-0.00623409351115247
-0.0101752048709894
-0.0142199295549501
-0.0182663149866842
-0.0222033242208116
-0.0259555901549634
-0.0294904809456248
-0.0328004154791703
-0.0358670864777927
-0.0386294435714821
-0.0409917250448931
-0.0428744230974686
-0.0442585143986884
-0.0451768636103017
-0.0456666341996384
-0.0457311922824606
-0.0453307387377014
-0.0443853730964232
-0.0427876328316009
-0.0404507913979379
-0.0374007153994162
-0.0338602390258884
-0.0302485481146236
-0.0270663032589199
-0.0247196848891327
-0.0233797455385894
-0.0229493302306487
-0.0231491099706177
-0.0236779717834664
-0.0243693877415429
-0.0252649861564987
-0.0265714193744053
-0.0285390986488083
-0.0313435247391059
-0.035023702656094
-0.0394735789085185
-0.0444575837310805
-0.0496403920690386
-0.054637065963869
-0.059075477116225
-0.0626442365259445
-0.0651059835880619
-0.0662773024656197
-0.0659881223288431
-0.0640390514867397
-0.0601918731810162
-0.0542397632412949
-0.0461660278324369
-0.036314225310764
-0.025439072934816
-0.0145662982379055
-0.00472691666276601
0.00328220727573509
0.0090030117617419
0.0122925858851995
0.0132509399891693
0.0121675018534805
0.0094959845199706
0.00582200067976263
0.00178716504424573
-0.00202399960305151
-0.00518260270404981
-0.00745009994864173
-0.00874890738647823
-0.00910670574314896
-0.00860589186361853
-0.00735058824975848
-0.00546302872685854
-0.00311510828316963
-0.000565594011644535
0.00185231316283387
0.00381440516573982
0.00511100920434616
0.00569596951925665
0.00564489729670443
0.00506167685102695
0.00400531821581716
0.00248056449946279
0.000481809015796836
-0.00195036920370279
-0.00469393301382601
-0.00754234109222233
-0.0102258016979949
-0.0124390620823315
-0.0138624961526476
-0.0141861226431529
-0.0131655500578928
-0.0107178240273025
-0.00700759727791697
-0.00244279650145966
0.00245180703934896
0.0072159600353417
0.0115706127698522
0.0154003238814067
0.0186366861315
0.0211431905731814
0.0226862114159785
0.0230111964353406
0.02197428899587
0.0196411070271472
0.0162846532602127
0.0122913008560194
0.00805442360701463
0.00392770854417592
0.000235746621299499
-0.00271480731535959
-0.00466059337385291
-0.00542611947368791
-0.00495069377679858
-0.00329021367391653
-0.000618152763897457
0.00276004927820696
0.00640653935822358
0.00981025522730691
0.0125136083778487
0.014251908575337
0.0150237029495696
0.0150428735919062
0.0145923911866214
0.0138639533781207
0.012885667228123
0.0115847020629791
0.00993049765195582
0.00804219472128677
0.00618430105055647
0.00467669445507681
0.00380506072783243
0.00378765484842008
0.00478599859694206
0.00691705224101939
0.0102455527492021
0.0147626269572872
0.0203590364819523
0.0267954885175712
0.0336829995964522
0.0405000376696354
0.0466594484371126
0.0516013467515232
0.0548692787897071
0.0561492448647697
0.0552860305507688
0.0522955492217794
0.0473668542966692
0.040833822931237
0.0331134165765298
0.0246320764815881
0.0157709097200783
0.00685173760149649
-0.00183803755637012
-0.0100125092383267
-0.0173814670841294
-0.0236774609995176
-0.0286924428545874
-0.0323025120785944
-0.0344769570313653
-0.0352738028235879
-0.0348201070342945
-0.0332787932665752
-0.0308169200042466
-0.0275981891345844
-0.02381323623507
-0.0197365491038509
-0.0157705775863973
-0.0124256680849552
-0.0102124612565863
-0.00948801802339453
-0.0103442706259915
-0.0126023660399317
-0.0158987565945363
-0.0197940442148783
-0.023843358034256
-0.0276139016831678
-0.0306826230712352
-0.0326653747510512
-0.0332961516088531
-0.0325081775534674
-0.030440977445159
-0.0273587281097846
-0.0235548590062473
-0.0193260880625656
-0.0150133831751117
-0.011033132599647
-0.00784127230596438
-0.0058459013466793
-0.00531982915947258
-0.00634526819649375
-0.00880057304324437
-0.0123988368465213
-0.0167770387534219
-0.0215944234375314
-0.0265757412112524
-0.0314745665505477
-0.0360019560892631
-0.0397911739330273
-0.0424307504590982
-0.0435472827876918
-0.0428991737271862
-0.0404441508060312
-0.0363501687238179
-0.0309407675730185
-0.0246035876284444
-0.0177118853841709
-0.0105898377029315
-0.00351843333784094
0.00323375306137922
0.00936910309010176
0.0145357438136233
0.0183582303257094
0.0205315189767345
0.0209171538941013
0.0195587345876107
0.0166095992640933
0.0122643484556209
0.00678277635671643
0.000583123710135056
-0.00570815773095785
-0.0113295864022769
-0.015550962889287
-0.017835467881195
-0.0179233329361876
-0.0158295728172203
-0.011790172166808
-0.00618922799005799
0.000514907810806327
0.00784878282437067
0.0153582701788546
0.0226315050510493
0.0293346467593908
0.0352533574908985
0.0402937356548688
0.0444146649920309
0.0475353053896143
0.0495031643730228
0.0501612713315611
0.0494602883081879
0.0475162002621073
0.0445569410917982
0.0407881812052465
0.036267798003165
0.0308744589082043
0.0244002422953245
0.0167252538077963
0.00798159994824172
-0.00138495040094055
-0.0106898921897234
-0.0191758379984388
-0.0261759633662784
-0.0311999602742276
-0.0339358802445007
-0.0342252982586592
-0.0320772626938865
-0.0277330380106577
-0.0217264131215967
-0.0148628515445233
-0.00808373829287529
-0.00225586129004785
0.00202150473682077
0.00450293467905292
0.00524550766160719
0.00446575596689118
0.00239653156518421
-0.0007803241738661
-0.00491126784802879
-0.00980543665714966
-0.0151942901085355
-0.02075425915491
-0.026171443575773
-0.0311902606698668
-0.0356113745899885
-0.0392659000755037
-0.0420200159462232
-0.0438197174329874
-0.0447223620587715
-0.0448620165407467
-0.0443661334731681
-0.0432983875402403
-0.04167408499289
-0.0395146907450458
-0.036877158153131
-0.0338442482777394
-0.0305166005703809
-0.0270311006367948
-0.023572068126951
-0.0203286642041097
-0.0174113066003176
-0.0148034905963109
-0.0124094136594002
-0.0101674184727727
-0.00813144338624821
-0.00645203377615601
-0.0052790593611544
-0.0046657473081238
-0.00453664739942655
-0.00472659516756
-0.00505313457757262
-0.00536933751008194
-0.00555816871654639
-0.00547373823196838
-0.00488977818966183
-0.00353035654252955
-0.00119617370395422
0.00209523496748992
0.00606794630044801
0.0102853340916492
0.0143255303550699
0.0179319328963382
0.0210620941480757
0.0238096213478288
0.0262387897991017
0.0282398445794316
0.0295200752199468
0.0297472401350343
0.0287347202920186
0.0265318817983588
0.0233775861352029
0.0195811743456194
0.015420842399857
0.011104546687753
0.0067837297944474
0.0025832871667782
-0.00138211668083474
-0.0050097868437111
-0.00821388199142761
-0.010918699388393
-0.0130355682529079
-0.0144276344925909
-0.0148802269207097
-0.0141113799903557
-0.0118524761686564
-0.0079845409149149
-0.00265923813213431
0.00367845104034129
0.0103940075823618
0.0168432564716933
0.0225407432643605
0.0272492191544663
0.0309657353885909
0.0338204717415345
0.0359444958390738
0.0373847815652948
0.0381133577588074
0.0381032145193149
0.0373939714666368
0.0360934008334455
0.0343290670252181
0.0322046189898986
0.0297888007384079
0.0271135697142707
0.0241539555962171
0.0208127189346229
0.0169628088487317
0.0125547991109145
0.00771768763723065
0.00276231237940192
-0.00193219099135016
-0.00607662561204342
-0.0095771386401276
-0.0125379128431549
-0.0151722691384759
-0.0176704901350297
-0.0200891622124496
-0.02231782509182
-0.0241354185443104
-0.0253197674355079
-0.0257575600744069
-0.0255141764549854
-0.0248344214316774
-0.0240647297733714
-0.0235332858374716
-0.0234616386513326
-0.0239542698389074
-0.0250404103812187
-0.0267085120522632
-0.0289080833633946
-0.0315363081084434
-0.0344290313655439
-0.037362051068131
-0.0400697013540591
-0.042283868365705
-0.0437728157689693
-0.0443503465516138
-0.0438581035699469
-0.0421599959009975
-0.0391786528744986
-0.0349606939801108
-0.0297294272593445
-0.0238873790151947
-0.0179496426910951
-0.0124180451304454
-0.00764839894236261
-0.00378563103985728
-0.000801959320160449
0.00140469781591403
0.00293282303353315
0.00386526136763113
0.00430781562482517
0.00443378413501142
0.00449629808977323
0.00479241542411033
0.00559221089375756
0.0070728960564222
0.00929607702251801
0.0122261937970828
0.0157491239559401
0.019661347705098
0.0236524658403387
0.0273304205192205
0.0302990855946307
0.0322359191960406
0.0329116910746842
0.0321586826724173
0.0298549011093965
0.025976977276493
0.0206990507660997
0.0144596172744377
0.00793324329553791
0.00190693064064804
-0.00288294487530531
-0.00588513063763783
-0.00680334369134528
-0.00560601630227102
-0.00249265791818064
0.00217725012962706
0.00798246690701087
0.0145271822657853
0.0214693466830602
0.0284811868654125
0.0351908540409631
0.0411744607994876
0.0460295083712317
0.0494929932236192
0.0515207568604505
0.0522590175570759
0.0519159427443003
0.0506261159961564
0.0484148020463284
0.0452863250759462
0.041351441793741
0.0368771132381313
0.0322183640591757
0.0276956778694453
0.0235099392330469
0.0197295156313099
0.0163232476494377
0.0132106168690008
0.0103254056149331
0.0076855299419547
0.00543583254162578
0.00382639991568896
0.00311638584741761
0.00343113390846122
0.00463532820556225
0.00630215789978056
0.00782542585956349
0.00863294484202952
0.00838162914235302
0.00702829227044056
0.00476650035603889
0.00190218413165308
-0.00125655370808797
-0.00446476412457889
-0.0075621840144474
-0.0104587124619338
-0.0130913944462865
-0.0153637501319502
-0.0170909537436164
-0.0179919695845065
-0.0177608710442752
-0.0161948453137924
-0.0133007984427206
-0.00931400573228981
-0.00463690806014916
0.000236618902992231
0.00476487986982848
0.00838733767510789
0.0105889284094712
0.0110140486483348
0.00957950988321493
0.0065100826109874
0.00226105780455578
-0.00263483761878671
-0.00770792675052532
-0.0125977420637581
-0.0169933766563297
-0.0205499884763248
-0.0228928965860252
-0.0237340772901837
-0.0229977203081453
-0.020826554260215
-0.0174573258414579
-0.0130836005560398
-0.00782657239755346
-0.00182261040923493
0.00466278617896814
0.0111898840231161
0.0172010176002141
0.0221433888938847
0.0255877090272397
0.0272823222337925
0.0271333471324723
0.0251524872309473
0.0214209746713441
0.0160887261022571
0.00940596251103153
0.00177633469830402
-0.00620333760867536
-0.0137770543230184
-0.0201660136689421
-0.0247477123934476
-0.0271666419465999
-0.027322701274424
-0.0252958723499704
-0.0213117901130098
-0.0157850376075731
-0.00937203410949735
-0.00293515625478204
0.00260807515959927
0.00648107115924711
0.00819354875490055
0.00759280113274786
0.00484139630517871
0.000361471436400441
-0.00523302029929561
-0.0112177151081906
-0.0168622899373449
-0.0215558946036691
-0.0249225979736125
-0.0268695703924743
-0.0275247587445922
-0.0270872532524182
-0.025682541268289
-0.0233150162517777
-0.019933728812972
-0.0155468682418543
-0.0103050337274869
-0.00451504929054775
0.00141096922690428
0.00704900439902051
0.0120665814485838
0.0162896211902136
0.0196912719433492
0.0223082114136195
0.0241513646343431
0.0251896760415526
0.025418110956431
0.0249318979173802
0.0239167854099524
0.0225550758960103
0.0209438395093576
0.0191115887034808
0.017113791388632
0.0151111645966351
0.0133667091102659
0.0121790749684992
0.0118034093207034
0.0123890780972075
0.013943728689752
0.016331525079957
0.019302819618729
0.0225347498698464
0.025665163512198
0.0283197754218438
0.0301351024015789
0.0307718599935516
0.0299212916162865
0.0273240488128972
0.0228183976454175
0.0164107882615736
0.0083439763011856
-0.00086299271640944
-0.0104254812015372
-0.0193766224371849
-0.0267327294256293
-0.031709938702769
-0.0339109332481413
-0.0333930559191087
-0.0305924550142796
-0.0261611921228707
-0.020798148660769
-0.0151193420301199
-0.00958280464817442
-0.00448189503204959
-8.15681878946893e-06
0.00366231084507932
0.00633803056816479
0.00787407150537944
0.00827191950721509
0.00772396584470157
0.00657333792515821
0.00524099658428907
0.0041666827333179
0.00374916835490027
0.00426530445355448
0.00580817556416373
0.00830730568568975
0.0116239387595018
0.0156330682655528
0.020213140602142
0.0251572436081092
0.0301009877316387
0.0345571789080398
0.0380625392319029
0.0403474536381352
0.0414116045552143
0.0414519304315992
0.0406988349966517
0.0392847566017079
0.0372371265616929
0.0345814386962888
0.0314517193107685
0.028108208763588
0.0248459706392193
0.0218669873658786
0.0192084882814707
0.0167647608277562
0.0143692815167075
0.0118776750863958
0.00921052351199212
0.00634769439676895
0.00329597235004851
6.71537467697169e-05
-0.00331324059864302
-0.00678478914248946
-0.0102521459019036
-0.01361302745135
-0.0167867127662316
-0.0197138837667689
-0.0223257531063275
-0.0245049631769244
-0.0260682104681125
-0.0267960458594352
-0.0265158735070068
-0.0252051958660069
-0.0230499544312564
-0.0204083799993121
-0.0176917134147983
-0.0152282529681996
-0.0131838455446787
-0.0115705038470213
-0.0103150046035004
-0.00932269734947065
-0.00849086826022597
-0.00768706197090926
-0.00674734417449717
-0.00552104489841601
-0.00392646592428775
-0.00196626018535856
0.000298033970196057
0.00276644984821432
0.00529130211058069
0.00766575166841478
0.0096431915382174
0.010977736642263
0.0114552291194297
0.0109117013490399
0.00926063318069358
0.0065311034436692
0.00288637242764399
-0.00140512399577632
-0.00603683584176346
-0.010726429988779
-0.0152343446357469
-0.0193384671379717
-0.022803497631045
-0.0253848980043104
-0.0268735629804735
-0.0271552099489418
-0.026252286389715
-0.0243281796968998
-0.0216499884295699
-0.018524781745
-0.0152393630476801
-0.0120288136857093
-0.00907178319228327
-0.00648815399803944
-0.0043262133295525
-0.00255960201856008
-0.00112477395063163
3.64584299407045e-06
0.000748615973341117
0.00093470246442355
0.000369416601569282
-0.00105222105928292
-0.00328672155580099
-0.00614221789264822
-0.00931033171718781
-0.0124115483800007
-0.0150703665858455
-0.017024533809548
-0.0182166808070497
-0.0187938487773622
-0.0189993185878876
-0.0190317299133648
-0.0189713938753987
-0.0188039090622247
-0.0184851852627032
-0.0179805163354379
-0.0172667296256159
-0.0163294406325368
-0.0151746350831629
-0.0138412107093847
-0.0123947782102881
-0.0109030377475618
-0.00941307023792011
-0.00795173152513034
-0.00654788804975382
-0.0052474706108308
-0.00409470999369724
-0.00309382624368011
-0.00219682279446089
-0.00133565268817768
-0.00045876832579483
0.000476604560380819
0.00154438448530956
0.00285966377591939
0.00452914137818015
0.00658324293270577
0.00894336080345725
0.0114250314843162
0.0137493646790759
0.0155685048617306
0.0165343392136177
0.0163957162179921
0.0150570434191624
0.0125567477075593
0.00900699260008208
0.00457482208285613
-0.000469289565753485
-0.00570050241914227
-0.0105838320028094
-0.0146416366674382
-0.0176548911544203
-0.0197569974905214
-0.0213525635355444
-0.022920946088083
-0.0248216998602902
-0.0271785574908393
-0.0298583485862102
-0.0325374691669554
-0.0348353861097902
-0.0364627747569762
-0.0373107863441223
-0.0374380276467513
-0.0369778188642712
-0.0360330981354187
-0.0346163591888399
-0.0326486371866165
-0.0299996156775815
-0.0265495755992669
-0.022265133729968
-0.0172774512123729
-0.0119296600891267
-0.00674659737016816
-0.00230698305687128
0.000939012303897158
0.00281647857573694
0.00346150503251551
0.00323785222691316
0.00258961153017176
0.00190136519477498
0.00141240084208813
0.00119901066985168
0.00122037498248364
0.00141105017736374
0.00178176915191698
0.00247190988657787
0.00371399240362984
0.00572733788197584
0.00860926550606545
0.0122899990136715
0.0165653075904862
0.0211655503969172
0.025805450311846
0.0301948944528516
0.0340415728789917
0.0370849773119053
0.0391545446719195
0.0402017491970991
0.0402802490977351
0.0395152684627994
0.0381197893453345
0.0364433394987737
0.0349646922148788
0.0341707308393363
0.0343799863877585
0.0356350902197762
0.0377269561388414
0.0403033751610249
0.0429762968174299
0.0453880939431041
0.0472458966391113
0.0483315369950856
0.048472634275816
0.047472752184465
0.0450499331256487
0.0408661141993153
0.0346853708989379
0.0265912954882048
0.0171182022359189
0.0071881174734468
-0.00212998552498769
-0.00991469755933419
-0.0156007150764064
-0.0190299015140706
-0.0203679900726199
-0.0199715566835862
-0.0182848424080488
-0.0157899934566872
-0.0129830116255487
-0.0103394406183577
-0.00825602804982817
-0.00698175644159902
-0.00657589676720142
-0.00693523063877598
-0.00789009550620453
-0.00930183708242778
-0.011080968127111
-0.0131200505659421
-0.0152235822254723
-0.017120465934407
-0.0185614745309106
-0.0194231285143753
-0.0197334859904162
-0.0196007714670381
-0.019104877260242
-0.0182389719135145
-0.0169359048580096
-0.0151303049549958
-0.0127856792064549
-0.0098832750428288
-0.00643582588855875
-0.00255941683225498
0.00145603397679434
0.00517143374133886
0.0081383532062966
0.0100723825528046
0.0109517587111506
0.0109941439979112
0.0105448566761766
0.0099466867650071
0.00944735395980718
0.00916528670974276
0.00910519463793063
0.00920100085155432
0.00936267624027576
0.00951123182496685
0.00959806112498826
0.00961280564384137
0.00957946270915558
0.00952803168450772
0.00943169561845697
0.00913499438717152
0.00834162356093568
0.00672107781582898
0.00410619137979637
0.000654116024464179
-0.00316141682451362
-0.00673954886738738
-0.00959455775190547
-0.0114940023206272
-0.0124454106704414
-0.0126124677291465
-0.0122602155532893
-0.0117408190645
-0.0114546879733172
-0.011744959831799
-0.0127723862756913
-0.0144656184381514
-0.0165909452092879
-0.0188874349909184
-0.0211691818546227
-0.0233432088274596
-0.0253677489584094
-0.0272034786535426
-0.0287855244520356
-0.0300160793761293
-0.0307703101742015
-0.0309072294339978
-0.0302761086714976
-0.0287179912513389
-0.026074962271869
-0.0222188104744659
-0.0170963424534285
-0.0107765340890695
-0.0034810217270203
0.00441761580955688
0.0124354135286196
0.0200476890379697
0.0267767866584266
0.0322753230057102
0.0363700289158808
0.0390348016014213
0.0403075220705944
0.0402218107274219
0.0388194382513131
0.0362274479485053
0.0327107283941105
0.0286335643466217
0.0243604171636609
0.0201857190910597
0.0163393290319249
0.013027058391545
0.0104388948614819
0.00871174390725257
0.00789257536551725
0.0079457258715149
0.00880074381246693
0.0104010683565281
0.0127158667322966
0.0157058697057711
0.0192668039786912
0.0231901258417849
0.0271666203402422
0.0308240876604242
0.0337677773731749
0.0356030707306547
0.035950629307676
0.0344800906805402
0.0309711033507998
0.0253795636391669
0.0178775649596349
0.00885547855391858
-0.00110387906952312
-0.0112706166306927
-0.0208410237124359
-0.029051754730228
-0.0353260712053192
-0.0394083715279276
-0.0414262130340697
-0.0418391189444094
-0.0412799254104758
-0.0403414416150608
-0.0393913979236326
-0.0384985615499444
-0.0375049039258802
-0.0361930014254322
-0.0344386759500247
-0.0322671368564097
-0.0298185509489653
-0.0272827728927852
-0.0248422082187294
-0.0226212485197251
-0.0206412317355496
-0.0188062886817035
-0.016943306448473
-0.0148784633336889
-0.0124982717264719
-0.00975439055587248
-0.00661911995506878
-0.00303991135641012
0.00105603584390373
0.00569222964084748
0.0107452319086812
0.0158900842242475
0.0206458276973674
0.0245120650749878
0.0271189703762266
0.0283093002181364
0.0281341252316299
0.026798643854309
0.0245876751769777
0.0217748663386793
0.0185374039043224
0.0149320262760738
0.0109617002084644
0.00667926849114787
0.00223216287276814
-0.00218758540464886
-0.00642292810764419
-0.0103672797151038
-0.013896214749178
-0.0167881123801382
-0.0187208664111031
-0.0193659361430862
-0.0185297650826413
-0.0162670252534096
-0.0129003939269916
-0.00891504715488721
-0.00476475501260061
-0.000706323574231688
0.00321312125177008
0.00700020393920212
0.0105183919314794
0.0134187884250698
0.0152624064152226
0.0157415107680542
0.0148356903866236
0.0128048656190312
0.0100574747686319
0.00701094385907594
0.00402289752085711
0.00138223619003243
-0.000684292029875511
-0.00200053426902808
-0.00241462874364555
-0.00178154629263498
-1.66048466215564e-06
0.00288755564281453
0.00664591278657779
0.0108677610381138
0.0151055404623852
0.0189855963868334
0.0222452346578121
0.0247013638569061
0.0262059745449832
0.0266263112086456
0.0258506246926904
0.0237994387934705
0.0204238776079444
0.01569509133614
0.0096151355944888
0.00227309098222643
-0.00607826923166818
-0.0149895368177551
-0.0238675754495421
-0.0320917447235886
-0.0391301696969651
-0.0446049789154461
-0.0482947632819727
-0.0501005362703912
-0.0500250840820754
-0.0482021608230899
-0.0449503648046751
-0.0407696548538178
-0.0362274440222575
-0.0317893990459145
-0.0277211852590429
-0.0241317288599117
-0.0211005948501905
-0.0187670474363022
-0.0173146129951319
-0.0168886273135348
-0.0175253891080392
-0.0191273071184742
-0.021463635590432
-0.0241776376443105
-0.0268157910537129
-0.028900190826344
-0.0300317484971756
-0.0299827233481239
-0.0287407989094128
-0.0264910008395542
-0.023545283528571
-0.0202459241656154
-0.016877988643865
-0.0136243565745012
-0.0105786595304851
-0.00779974740791326
-0.00536440947491106
-0.00337740469760747
-0.00193311848952929
-0.00106241303253691
-0.000705775009132874
-0.000725154496620609
-0.000933485900561887
-0.00111648189023042
-0.00104617803027752
-0.000507096687188827
0.00065515129805481
0.00248696459455766
0.00492186699112481
0.00782903440686118
0.0110744096714683
0.0145349658747276
0.0180532754146474
0.0213903595464484
0.0242493186391558
0.0263737538624323
0.0276422337973095
0.0280757914622224
0.0277607467097973
0.0267750692685234
0.0251977309274807
0.0231840230539198
0.0210121959599068
0.0190321868736475
0.0175423096818634
0.0166825481314708
0.0164108623018431
0.0165578491875823
0.0169032921022413
0.0172225651563481
0.0172985181495466
0.0169363082609709
0.0160086235548188
0.0145045108913744
0.0125232242913207
0.0101966456759179
0.00760144904914153
0.00474304291616661
0.0016263107066992
-0.00165646186582754
-0.00490566486606584
-0.00788314393896622
-0.0104096574671787
-0.0124079609132177
-0.0138643107608003
-0.0147624929505147
-0.0150686990981265
-0.0147872742654384
-0.0140296027292143
-0.0130218942706858
-0.0120331666190836
-0.0112735946299455
-0.0108371910931993
-0.0107285057278118
-0.0109464155302564
-0.0115466836312391
-0.0126173278643132
-0.0141791846253985
-0.01609717151836
-0.0180763617484118
-0.0197344782981827
-0.0206853930161959
-0.0205929292463102
-0.0192091526273832
-0.0164178496169823
-0.0122634965397826
-0.00692662694189431
-0.000643867762279795
0.00637450785874105
0.0139660911245609
0.0219625407997456
0.030113685704536
0.0380682379188295
0.0454453058235692
0.0519530973351268
0.0574720519674605
0.0620498908675185
0.0658157084835069
0.0688570480886645
0.0711116310057597
0.0723228063584881
0.0720919329366307
0.0700169684352657
0.0658520701438679
0.0596068989916837
0.0515498152456686
0.0421468348865515
0.0319948141710028
0.021775333049768
0.012208508912401
0.00397645896600984
-0.00237756804245244
-0.00652821774623114
-0.00838247702398882
-0.00803489860530703
-0.00571400237434309
-0.00176854583682362
0.00330352850145939
0.00883310477958491
0.0140315719714745
0.0181407453815007
0.020625082134647
0.0213007177015098
0.0203317006277862
0.0181131194728989
0.0151181739580735
0.0117752451328605
0.00839908240640709
0.00517008200230385
0.00214638771559228
-0.000699871195853769
-0.00342131627148704
-0.00601692934624528
-0.00837107740677064
-0.0102560399254131
-0.0114175678253641
-0.0117130253908383
-0.0112292956444049
-0.0103002364137027
-0.00939027207148608
-0.00889940288371224
-0.00901217791149351
-0.00968794151586552
-0.0107757957105301
-0.012134256990516
-0.0136468640981144
-0.0151433562541583
-0.0163354530071756
-0.0168501367597325
-0.0163340888365245
-0.0145456728612412
-0.0113948880512541
-0.00695193896461197
-0.00144352714027405
0.00477531606978305
0.0112817874126936
0.01765275097778
0.023503531345784
0.0284901729414328
0.0322988356644879
0.0346534904409059
0.0353583349237481
0.0343646462046627
0.0318219571337112
0.028062639411518
0.02350298126026
0.0185099432294787
0.0133213208059054
0.00806951195036412
0.00286973937328343
-0.00212140216772921
-0.00672856393940048
-0.0108130935873506
-0.0142735046251627
-0.0169797145959622
-0.0187293787878697
-0.01930469884363
-0.0185956913837875
-0.0166805576393189
-0.0137987415450534
-0.010248158860982
-0.00627984173224709
-0.00204072238019956
0.00241817453725912
0.00707321393896016
0.0118293185442741
0.0164446853011473
0.0205297814978406
0.0236321991136874
0.025367503899399
0.0255278884114958
0.0241153804231255
0.0212958431348862
0.0173204518166696
0.0124761071754832
0.00709181914009476
0.00156684217722702
-0.00365144688339731
-0.00818214744938754
-0.0118731463627172
-0.0148968732642445
-0.0176879417617021
-0.0207400106665954
-0.02438365473608
-0.0286753762374013
-0.0334351577138801
-0.0383627750354716
-0.043133076841634
-0.0474245169736799
-0.0509030468623636
-0.0532066583082874
-0.0539610040389292
-0.0528361796753241
-0.0496351550995656
-0.0443785497557297
-0.0373364158907365
-0.0289833509495226
-0.0199068634190502
-0.0107272783738538
-0.00205690441052046
0.00553058242559524
0.0115647285586748
0.0157711523656562
0.0181280384285942
0.0188289680565264
0.0181689954665711
0.016430692102694
0.0138291661143144
0.0105132468072178
0.00659073254850071
0.00216323802182189
-0.00263077045861888
-0.00758484279462212
-0.0124388437113242
-0.0169414678705895
-0.0209118014402772
-0.0242402325844688
-0.0268257215073161
-0.0285185212720618
-0.0291414093197678
-0.0285813025710231
-0.026864507749824
-0.0241489068314018
-0.0206602450657148
-0.0166463533869298
-0.0123709710831675
-0.00810489700642533
-0.00408811560500183
-0.000495266856591215
0.0025589254248806
0.00499258562835809
0.00675324914982564
0.00784121040226017
0.00831442631903757
0.00824646007294864
0.00767040476120142
0.00656521677594206
0.00489481433353858
0.00265680455277322
-9.7623046096339e-05
-0.00327090022263544
-0.00673836258802703
-0.0103760319745725
-0.0140813009086653
-0.0177454509041798
-0.0211634113253234
-0.0239478363349974
-0.0255571176137689
-0.0254768492439248
-0.0234624199028183
-0.0196805992684806
-0.0146482372311717
-0.00901014205902378
-0.0033099653788411
0.00210364346190516
0.00701670057738913
0.0112407779129987
0.014576595360978
0.0168780827480044
0.0181411364034594
0.018521429810044
0.0182537538519207
0.0175328373819984
0.016449361429151
0.0150286246149839
0.0133287956753355
0.011497971957918
0.00972355315169022
0.00811143243762973
0.0066072954673464
0.00503950846090569
0.00325607037835957
0.00125496209402693
-0.000775613031778104
-0.00252397801498947
-0.00368956387529072
-0.00411781630297239
-0.00386747611395439
-0.00317730445709652
-0.0023572486345328
-0.00166872418100616
-0.00125228587357856
-0.00112191623037446
-0.00120614463621893
-0.00139811009489788
-0.00158408169871651
-0.00164716005817335
-0.00147108147831349
-0.000970959907349706
-0.000145093459818616
0.000895252242396378
0.00196016107615036
0.0028748547377386
0.00357522152278093
0.00413654776147602
0.00471098664147337
0.00541259285921753
0.00622042589883398
0.00695289197445448
0.00732557031768468
0.00706922668048944
0.00605955173479986
0.00439662574232688
0.0023875807607807
0.000438297096229409
-0.00108329927518008
-0.00193776775971693
-0.00202552588294885
-0.00133856200746877
0.000105715582063585
0.00231076816490079
0.00529749956734585
0.00903800043815301
0.0133565694169295
0.0178746236460895
0.0220680110105812
0.025425824145669
0.0276135962626533
0.0285346179834577
0.0282626761483114
0.0269150635571369
0.0245646283845529
0.0212395416571126
0.016985289510464
0.0119285348966318
0.00629909126992875
0.000400875436936324
-0.00545193996656163
-0.0110005560683519
-0.0160698287194576
-0.0205434805442828
-0.0243169516924373
-0.0272776678481464
-0.0293256130119163
-0.0304011752903198
-0.030492250415018
-0.0296313694806864
-0.0279033106837192
-0.0254567669308365
-0.0225000470133615
-0.0192796489746212
-0.0160581978919292
-0.0131005840163052
-0.0106579773526481
-0.00893249730292917
-0.00802424947939274
-0.00789781501341056
-0.0084137127290941
-0.00941806779132608
-0.0108152762768373
-0.0125536538891395
-0.0145421393304536
-0.016585229812321
-0.0183941760523835
-0.0196546867792532
-0.0201021060568505
-0.0195808275953201
-0.0180788863965519
-0.0157151350024162
-0.0126668576960805
-0.00907462150297148
-0.00499046184330215
-0.000404802502534069
0.00466838889791915
0.0100983352177838
0.0155829040199253
0.020661372868833
0.0247968174034732
0.0275005807005594
0.0284515200043204
0.0275625596200943
0.0249676432503153
0.0209417344471615
0.0158072281834902
0.00988639441099182
0.00351775108671371
-0.00290089541738575
-0.00890054673076353
-0.0139904667692279
-0.017751532946096
-0.0199288592922976
-0.0204879087286082
-0.0196202555704719
-0.0176941331093597
-0.0151517828591962
-0.0123830332444398
-0.00963173166381876
-0.00697473896697021
-0.00436124908950265
-0.00167297175653383
0.00121473178199967
0.00436796202848179
0.00773338378674084
0.0111143561065972
0.0142198117188999
0.0167872994809834
0.0187244577216328
0.0201745906995401
0.0214418672575422
0.022810144778596
0.02437735701754
0.0260179358243418
0.0274846822616238
0.0285616922191239
0.0291593796843778
0.0293000258169221
0.0290240133111664
0.0282979450267794
0.026995852802739
0.0249641399551087
0.0221194743000444
0.0185124276769378
0.0143186546726805
0.00976522039052153
0.00504119012821008
0.000260515668714739
-0.0044840570286439
-0.00901199935511332
-0.0129863949566032
-0.0159587626416998
-0.0175073344019482
-0.0173760082562485
-0.015539395220588
-0.012196279809354
-0.00773447913651787
-0.00267717424448345
0.00241858729283817
0.00711035603570414
0.0111931725920278
0.0147104055569705
0.017842762914792
0.0207535276225869
0.0234796134240347
0.0259008708624651
0.0277707982617795
0.0287934055073534
0.0287445511689055
0.0276047331610924
0.0256162005587671
0.0231904898913039
0.0207018127001708
0.0183056437560255
0.015902436353442
0.0132423121567372
0.0100704659203809
0.00622649408598948
0.00168355706413675
-0.00344748651245033
-0.00893837074692557
-0.0144951670051351
-0.0198323855136891
-0.0247337090012121
-0.0290675722890934
-0.0327589218612883
-0.0357462300878583
-0.0379584485308682
-0.039334421780828
-0.0398752189276784
-0.0396790659796779
-0.0389082580957437
-0.0377043649466832
-0.0361367892100939
-0.0342465109251408
-0.0321438147720768
-0.0300547380180837
-0.0282616423143812
-0.0269890219757458
-0.026332615071976
-0.0262799491368204
-0.0267836837016439
-0.0278070838160498
-0.0292937826863558
-0.0310877172703735
-0.0328809445706104
-0.0342532985211331
-0.0347963569890969
-0.0342424763693285
-0.0325124521281888
-0.0296635085954178
-0.0257983373429159
-0.0210079096638335
-0.0153660447358506
-0.00895019403434241
-0.00187693874086232
0.00563834261987731
0.0132208432940247
0.0203443804841503
0.0264488450358287
0.0311109098221149
0.0341587324877232
0.0356730218491602
0.0359022309288649
0.0351477559766691
0.0336566304258405
0.0315558869624217
0.028868324306923
0.0256079495773656
0.0218791830650751
0.0178909656002186
0.0138813838829886
0.0100364994329101
0.00647443991082941
0.00327936400762369
0.000522968346233662
-0.00175354719969789
-0.003572550043118
-0.00503705336358515
-0.00632099261502972
-0.00762897644188045
-0.00912430719703179
-0.0108485351576009
-0.0126844780476724
-0.0144016326731458
-0.0157627268264861
-0.0166165719486296
-0.0169131071787724
-0.0166487599068784
-0.0158143882267009
-0.0144048535506295
-0.0124718294088127
-0.0101501595544708
-0.00762236020886886
-0.00505876581158785
-0.00259465090822191
-0.000362597786186284
0.0014569896161822
0.00262413802253334
0.00289954204607974
0.00215507385297138
0.000460187789293305
-0.0019268620892481
-0.00466040191133773
-0.0074232372297531
-0.00998249799082813
-0.0121814590863554
-0.0139130076419254
-0.0151026386846113
-0.0156901257136372
-0.0156001915861654
-0.0147228518914623
-0.0129287695027808
-0.0101122559166006
-0.00622766709544973
-0.00129442539365911
0.00462317148588104
0.0114317428250942
0.0189925344953146
0.0270765405201728
0.0353331102449675
0.0433193156381264
0.0505946587031515
0.0568300082718005
0.0618602626245114
0.0656465340825407
0.0681816469822175
0.0694179794399475
0.0692755767307643
0.0677192194202604
0.0648453497696621
0.0609293296751575
0.0564097206383404
0.0517903315642694
0.047461613887919
0.0435220822444804
0.0397435393548597
0.035748639602832
0.0312842494415168
0.0263752291259856
0.0212553510658051
0.0161783424757527
0.0112942736281799
0.00667174340254667
0.00239414411209967
-0.00138490866080105
-0.0044685136858172
-0.00668374868161921
-0.0079291485368245
-0.00817641084951375
-0.00744197213850376
-0.00576680716849962
-0.00323403324171889
-1.6558918990795e-05
0.00358875635462422
0.00718415559243793
0.010356804355187
0.0127845839876966
0.0142981215494631
0.014866148571102
0.0145354504584667
0.0133907376490648
0.0115617521233953
0.00923964950273082
0.00665550294293596
0.00402836723813614
0.00153026044128948
-0.000709826696420508
-0.00258662260656298
-0.00400912966882162
-0.0048933579185536
-0.00514363313447709
-0.00464244176385758
-0.00328326064608154
-0.00103811030004196
0.00199742623282843
0.00562142915688024
0.00957739209991976
0.0135856929657888
0.0173472707841267
0.0205603942606304
0.0229686298355878
0.0243999381064968
0.0247531870668854
0.0239507482478291
0.0219211608278674
0.0186434376580833
0.0142140261711732
0.00886937142510837
0.00293588751135116
-0.00325883547573645
-0.00944899253025522
-0.0154251340946332
-0.0209748098633863
-0.0258302992324688
-0.0296794697200054
-0.0322430273546941
-0.0333675029134781
-0.0330681235995829
-0.0314830107796974
-0.0287563651601152
-0.0249316014738714
-0.0199570309235485
-0.0138360794792454
-0.00682019990456785
0.000528818840336501
0.00749158190676351
0.0134573722938795
0.0180976996671861
0.0213222463968072
0.0230888374660013
0.0232715298518201
0.0217215551494811
0.0184437585376811
0.0136972056263511
0.00793451014210683
0.00165344246202705
-0.00473446322897132
-0.0109714097761687
-0.0169491800977777
-0.0226381544301153
-0.0279785216493182
-0.0327941105210771
-0.0367907664887872
-0.0396566021719532
-0.0412158991261189
-0.0415449504828983
-0.0409696223854901
-0.0399345853252846
-0.0388204705649946
-0.0378182120627844
-0.036921066275164
-0.0360108530734499
-0.0349643435670106
-0.0337139026204447
-0.0322430404746861
-0.0305458024330888
-0.0285977050125044
-0.026366550718052
-0.02385334283914
-0.021126153662133
-0.0183132048136622
-0.0155580936695795
-0.0129827593788134
-0.0107015358487418
-0.00886861377491394
-0.00768907648844207
-0.00735480911923546
-0.00795054756862032
-0.00940956958845131
-0.0115482873655161
-0.0141419414770311
-0.0169856464502529
-0.0199104588355489
-0.0227561520202889
-0.0253257430524955
-0.0273607110318821
-0.0285707818040804
-0.028719692769514
-0.0277230674308039
-0.025690435578966
-0.0228677674415128
-0.0195051377251137
-0.0157404120144216
-0.0115902039118107
-0.00705474964918713
-0.00224234306584417
0.00259843945557887
0.00716435238278495
0.0112226437698309
0.014672338024178
0.0175045413394452
0.0197139455316534
0.0212462210989923
0.0220173952681555
0.0219639231757166
0.0210589608577349
0.019286371395219
0.0166305686472334
0.0131321894301352
0.00897990087209269
0.00454836735104805
0.000324338264911905
-0.00324200792179575
-0.00586260596914205
-0.00744644032294134
-0.00805496604547215
-0.00783459309872359
-0.00696986125212876
-0.00566551463184019
-0.00414220976523796
-0.00262577666752612
-0.00132186129869412
-0.000388844694821065
6.8524660531909e-05
-2.18797082377621e-05
-0.000728081725747763
-0.00211955312952258
-0.00423449149688127
-0.00702256800045238
-0.0102973042798993
-0.0137271142373558
-0.0168722949968805
-0.0192640034074918
-0.0205206804153549
-0.0204737927368744
-0.019228971083473
-0.0170919706649064
-0.0143976605761974
-0.0114104783976635
-0.00841418792356739
-0.00584874986866538
-0.00423407856982853
-0.00389473222824769
-0.00477936905922235
-0.00652543550276114
-0.0086293412464523
-0.0105696573504247
-0.0118822678493672
-0.0122314296952668
-0.0114708218378935
-0.00966186434579498
-0.0070344367099676
-0.00390384378770421
-0.000576109317651614
0.00272217973518524
0.00586305472647291
0.00878293241319054
0.0114233543236371
0.0136923466052368
0.0154766917352117
0.0166949185445128
0.017349462296951
0.0175406634458238
0.0174354919093825
0.0172095263969646
0.0169868198726678
0.0167988269177936
0.0165801587769084
0.0162078691019896
0.0155667226892471
0.0146034768091298
0.0133415812165288
0.0118593561242294
0.0102613269874614
0.00867074214205707
0.00724077405735968
0.0061496417873058
0.0055516272973299
0.00550781002183037
0.00596098403555501
0.00678956561956588
0.007897508843385
0.00925760703043426
0.0108694874355521
0.0126727779193976
0.0144909379746712
0.0160502316597509
0.0170641451437144
0.0173410830648825
0.016869329892553
0.0158457632402726
0.0146370194278694
0.0136872402651675
0.0134025262251569
0.0140436058558184
0.0156540103945678
0.0180481945099753
0.0208736500948216
0.0237313784676053
0.0263017852035923
0.02841274573354
0.0300220487928053
0.0311419045389124
0.0317638007354215
0.0318292809946013
0.0312529581676021
0.0299687508824145
0.0279642708585425
0.0252931728707632
0.0220787283540352
0.0185113998964726
0.0148181533960219
0.011193148866469
0.00772874591538815
0.00440760872758845
0.00117230971654216
-0.00197728070765637
-0.00492953844123231
-0.00748490208639435
-0.00943988557118077
-0.0106797848665892
-0.0112295512316259
-0.0112416920878044
-0.0109372832957704
-0.0105359025083023
-0.0102006920549615
-0.0100006867065226
-0.00988420843338895
-0.00967472554335087
-0.0091145935338697
-0.00796006353066045
-0.00609012591727424
-0.00357930418476304
-0.000706613633589694
0.00210529510325358
0.00441198570263654
0.00588997198590477
0.00642903200833855
0.00612431886030981
0.00519212284963292
0.00388617380761738
0.00247001418379502
0.00123327076653956
0.000494304048132197
0.000547446429065257
0.00157144712705388
0.00355966988696082
0.00631913026902027
0.00953389252649605
0.0128540975497206
0.0159735108687573
0.018670996114685
0.0208041761189428
0.0222682318130697
0.0229567721462583
0.0227541376510803
0.0215559246783042
0.0193002712878878
0.0160105014158009
0.0118600655284497
0.00723945491190249
0.00276104132577031
-0.000855938389807729
-0.00300387388443514
-0.00340523289663929
-0.00220556630897109
0.00011107806808171
0.00291884095368222
0.00562853667965962
0.00776255447097407
0.00894789271416295
0.0089095142231297
0.00750906469518639
0.00479734303304246
0.00101915987353299
-0.00345661324874615
-0.00825592039190451
-0.0131093273408086
-0.017897188735917
-0.0226137454891239
-0.0272903447151904
-0.0319444471384134
-0.036587064025258
-0.0412593801200593
-0.0460425836334195
-0.0510131397608734
-0.0561614404548878
-0.0613154856226131
-0.0661116885453517
-0.0700459826164868
-0.0726124878179596
-0.0734818297483945
-0.0726202592879414
-0.0702707847127823
-0.0668161592027651
-0.0626292186619682
-0.0580011350549959
-0.0531522847722039
-0.0482737116997408
-0.0435561502139221
-0.0391910884370849
-0.0353398970601427
-0.032080150500066
-0.0293611534834475
-0.0270030544755728
-0.0247414906559916
-0.0222864937730229
-0.0193660894334071
-0.0157535568315705
-0.0112982495669662
-0.0059718859577804
8.70445279115536e-05
0.00656774918179257
0.0130405410577506
0.0190488792922536
0.0241990802713616
0.0282204829905619
0.0309878336140142
0.0325044878782079
0.0328572387149658
0.0321729642019942
0.0306026050458212
0.0283255869107729
0.0255519639739853
0.0225188681619241
0.0194900797790958
0.0167462339506683
0.0145406541695845
0.0130323133763465
0.0122535474708006
0.0121534218939104
0.0126792636479329
0.0138081439540212
0.0154877364484651
0.0175473892375806
0.0196807239549984
0.0215348948301204
0.0228445083707082
0.0235191468833777
0.02364411541272
0.0234171665630089
0.0230626840387803
0.0227467000347442
0.0225057267556054
0.022216493729015
0.0216377861261218
0.0205173784817045
0.0187072891596196
0.016229066175104
0.0132766343797961
0.0101762896216225
0.00731543633520392
0.00504358432607439
0.00357053906644112
0.0029086042266141
0.00289030398216886
0.00324959560376648
0.003721782598775
0.00411737927815813
0.00434894737488085
0.00441624056916915
0.00436979335083022
0.00427393486868162
0.00418188117780337
0.00412499497963593
0.00411178951137881
0.00413342763240004
0.00417871779897122
0.00426286257586677
0.0044620384751214
0.00492724663305298
0.00584676352341639
0.00735172887107986
0.00940472196952159
0.0117435371292317
0.0139344984188937
0.0155177074076104
0.016154774598555
0.0156891990564264
0.0141062227557225
0.0114564468275656
0.00781393914375443
0.00328579576673871
-0.00195856999985815
-0.00767638056711826
-0.0135756985798719
-0.0193680942663312
-0.0248222793558698
-0.0297829465479967
-0.034142590490351
-0.0377981895256759
-0.0406381055724348
-0.0425645757716168
-0.0435145008785068
-0.0434531211832621
-0.0423605634421437
-0.0402438674115391
-0.0371735378448192
-0.0333137228633611
-0.0289227654883887
-0.02432635143188
-0.0198772216982966
-0.0159095671119102
-0.0126894168157556
-0.0103682826676886
-0.0089611766538868
-0.00836931082642232
-0.00843929619891422
-0.00901793643783883
-0.00996340127694643
-0.0111127074900458
-0.0122437825382551
-0.0130760319735324
-0.0133280501842877
-0.0128110905583688
-0.0115014676677808
-0.00953606347100456
-0.00713127633734783
-0.00449419940531626
-0.00179771821436774
0.00078298357792657
0.0030423569983498
0.00477944939875031
0.0058775383899685
0.00636089994811457
0.00637541275457223
0.006095527152779
0.00561799170879932
0.00492656728678194
0.00397150874723413
0.00281313956528302
0.0017090754921419
0.00106129054659453
0.00125724254841075
0.00251821757968267
0.00483863579492111
0.00802063723871375
0.0117639663697123
0.015766491455595
0.0197907675822585
0.0236643617385966
0.0272281337948527
0.0302947587396488
0.0326711397487865
0.0342347540083316
0.0350018544887851
0.0351339417340773
0.0348795211420914
0.0344895311859457
0.0341495693842589
0.0339507210323239
0.033897947129212
0.0339436061653829
0.0340291888106673
0.0341124234008492
0.0341561805059993
0.034078563152951
0.0337071291716003
0.0327988949670332
0.0311385180348856
0.0286418157011818
0.0253658848280674
0.0214064587571594
0.0167732381990577
0.0113589824789205
0.00503439716102512
-0.00220486814390464
-0.0101466133200157
-0.0183816282833348
-0.0264094501038921
-0.0337599603988904
-0.0400729465402795
-0.0451210220833283
-0.0487929414672968
-0.0510614314262245
-0.0519577535284623
-0.0515688623514653
-0.0500522462125604
-0.0476424039090709
-0.0446328021244624
-0.0413483713182766
-0.0381275489164702
-0.0353001721925834
-0.0331297392655219
-0.031722283661558
-0.0309576433136451
-0.0305112392749402
-0.0299808161667864
-0.0290493727791649
-0.0275765179483317
-0.0255627151033531
-0.0230348079081151
-0.0199571052298249
-0.0162297845796566
-0.011753207646517
-0.00650065181187427
-0.000564209096194725
0.00583360504915488
0.0123630193001506
0.0186391128043293
0.0242828718641906
0.0289693091242174
0.0324561592751857
0.0345998990857277
0.0353686163184159
0.0348599360006564
0.0333213635098754
0.0311441921538053
0.0287882843192149
0.0266343863015421
0.024839334183619
0.0233056534645229
0.0218089852328692
0.0202023084757699
0.0185533668413084
0.0171287604523053
0.0162546537356029
0.0161577049284454
0.0168756341221038
0.0182592895679183
0.0200333695442572
0.021875482898313
0.0234912300912642
0.0246694652078415
0.0252979910396021
0.0253341828878056
0.024758697017183
0.0235572139604232
0.0217498649421527
0.0194407442643362
0.0168352138525399
0.0141960935713624
0.0117630475879492
0.00969140480462221
0.00804213071371276
0.00680033692015295
0.00588059621665672
0.00511676999274215
0.00428018095711739
0.00315898730573403
0.00166798673856136
-8.88064956473639e-05
-0.00185598982877884
-0.00334326839832851
-0.00434565504516655
-0.00480703482562835
-0.00482447411776033
-0.00462712723508924
-0.00454700373113336
-0.00496477300475526
-0.0062184110360357
-0.00850633132150697
-0.0118416970883752
-0.0160838496174665
-0.0210176289827847
-0.0264245256524473
-0.0321054204754051
-0.0378539485387417
-0.0434176573321567
-0.0484947485800163
-0.052781511399637
-0.0560358066729896
-0.0581084217103168
-0.0589300681119546
-0.0584817966779757
-0.0567798707859212
-0.0538826129050376
-0.0499069622391959
-0.0450373379602493
-0.039514101589193
-0.0335995461772304
-0.027531687178024
-0.0214832701207567
-0.0155426445730478
-0.00972701969501575
-0.00402700007517786
0.00153715877996949
0.00688159524496471
0.0118703677374981
0.0163579389568724
0.0202201864825522
0.0233505549850857
0.0256451774227979
0.0270153838866244
0.0274275643133934
0.0269313250875222
0.0256487159298873
0.0237385386125646
0.0213634661762684
0.0186654098986161
0.0157408128934924
0.0126273973644903
0.0093333095926896
0.00591472680099617
0.00255443488309467
-0.000425010883168124
-0.00263612822139258
-0.00374964011251478
-0.0036018866004064
-0.00224113744702709
0.000101390531928975
0.00310191048997787
0.00645437268272265
0.00994363393914985
0.0134456031475262
0.0168710105451588
0.0201040493149202
0.0229692990274835
0.0252214121322339
0.0265453095364861
0.0265786036760259
0.0249755346948299
0.021503650369028
0.0161331184937483
0.00907942341819511
0.000788195489096499
-0.00812758575344598
-0.0169892081342875
-0.0251850067111292
-0.0322999696466457
-0.0381746517671048
-0.0428441732100409
-0.0463906428654159
-0.0488169817665321
-0.0500349831707967
-0.049963597714836
-0.0486455233487476
-0.0462863512780831
-0.0431936123658989
-0.0396735204030365
-0.035963535618072
-0.0322294883974592
-0.028593480109269
-0.0251463388345465
-0.0219352640184439
-0.0189507234409154
-0.0161349365742543
-0.0134098727013697
-0.0106997953621684
-0.00792424913772169
-0.00497413244171128
-0.00172400077193955
0.0018843715248457
0.00573265620503084
0.00949278030934704
0.0127278566476403
0.0150748922391797
0.0163870490753326
0.01674623419265
0.016357389169453
0.0154176807893046
0.0140560743977172
0.0123680865909655
0.0104895906695989
0.00862888566382477
0.00702297824538556
0.00585522926021673
0.00520202924888831
0.00504120184553953
0.00529282104779146
0.00584042354126126
0.00652159429794389
0.00713039472669183
0.00747032177199102
0.00743679973455901
0.00706542701464055
0.00650625905756995
0.0059446147724076
0.00552255096149391
0.00530062392920702
0.00526350757853242
0.0053489513649038
0.00547933931892276
0.00558997111221306
0.0056595406096434
0.0057409538846672
0.0059702214541654
0.00652740668183441
0.00755768694032102
0.00910490221357373
0.0111070642667306
0.0134433120220534
0.0159725603526573
0.0185284951492485
0.0209018939616806
0.0228635205545155
0.0242348996068648
0.0249609084270852
0.0251332326487019
0.0249470169706263
0.0246067555044597
0.0242209518338013
0.0237411438934315
0.0229887196743271
0.0217548446043485
0.0198977241704483
0.0173705423596984
0.0141903104870188
0.0104098647762305
0.00612367598852223
0.0014793633527786
-0.00333570694570803
-0.00811870759268086
-0.0126559851743432
-0.0167134925403916
-0.0200515631083878
-0.0224840385257662
-0.0239534091157658
-0.0245692888173009
-0.0245756725077875
-0.0242515862416327
-0.0237874579606759
-0.0232021018172256
-0.0223525341859592
-0.0210335592912812
-0.0191052039364919
-0.0165767824689555
-0.0136148668912685
-0.0104827565314189
-0.00744326268648844
-0.00467666672507401
-0.00226621543612213
-0.000257652299458433
0.00126276933882029
0.00213986558963177
0.0021933533077403
0.00130875623982402
-0.000466439759189927
-0.0028655351853384
-0.00542599704936004
-0.00760715915026926
-0.00895816347917825
-0.00924531795521021
-0.00846271241435952
-0.00673082938118655
-0.00417363788233447
-0.000874478114819511
0.00306858584501254
0.00745757505790068
0.0119648087914963
0.016186039024226
0.019742445899693
0.0223784772398985
0.0240143186895914
0.0247297727943147
0.024680719161623
0.0239845970131781
0.0226375062741192
0.0205141033232242
0.0174534046790652
0.0133835930950653
0.00841987235192519
0.00288512119724632
-0.00276083959772506
-0.00805404158869599
-0.0126569360897579
-0.0164206554456074
-0.0193540148632993
-0.021531954667912
-0.0230101307770563
-0.0238050782255885
-0.0239561751748131
-0.0236218469101372
-0.0231159253416413
-0.0228161418826704
-0.0229808132923247
-0.02360260061742
-0.0244082811937954
-0.0249957592208957
-0.0250063680674463
-0.024242836565862
-0.0227142229500122
-0.0206273970720616
-0.0183333555682534
-0.016228094957119
-0.0146317173838482
-0.0136961877149268
-0.013383832468634
-0.0135193508455044
-0.0138804647000196
-0.0142777629237161
-0.0145842395487262
-0.0147069017733165
-0.0145365933412719
-0.0139330900723378
-0.0127663837731336
-0.0109694094951509
-0.00854391594627804
-0.00552675956647475
-0.00198231753232071
0.00195133288657704
0.00602451735083068
0.00992153141125074
0.0133712238405266
0.0162222746308518
0.0184215586503237
0.0199448753028378
0.0207724224292921
0.0209293486965228
0.0205228646972887
0.0197094443240449
0.0186053623545169
0.0172137871746583
0.0154256378500039
0.0130900667204483
0.0101046824526376
0.00647661937116937
0.00234119353137586
-0.00204556297292488
-0.00633286375065586
-0.0101391809660888
-0.0131638564676475
-0.0152980723876338
-0.0166499985296545
-0.0174481155790429
-0.0178881074112322
-0.0180372620604404
-0.0178529197359954
-0.0172684711774212
-0.0162528010257626
-0.0147915676364374
-0.0128220516234343
-0.0102055916801431
-0.00680094395641519
-0.00261667671102764
0.00206534585380124
0.00670779616095634
0.0106921648876367
0.0135446435333367
0.0150730460892403
0.0153512698703511
0.0146036669219189
0.0130959701645243
0.0110974838949011
0.00889479225715828
0.00679265808612114
0.00506590305543486
0.00388799095339637
0.00329385119814216
0.00320867864933732
0.00351976566412949
0.00413791410154641
0.00501382973967101
0.00611729914770705
0.00740948864238881
0.00883105875235595
0.0103138023138082
0.0118146383889866
0.013358824326531
0.0150618628939186
0.0170966996809337
0.0196028556148146
0.0225834504011037
0.0258598339623548
0.0291198808966564
0.0320303498622433
0.0343458046717462
0.035960396978218
0.0368871535910075
0.0371859760652167
0.0368905595468131
0.0359872537670133
0.0344531310174862
0.0322996066263131
0.0295674674235443
0.0262903691834066
0.022497158225989
0.0182817740236829
0.0138772616311386
0.00964152881059947
0.00593942129051501
0.0030081279407364
0.000910843452748361
-0.000398910381524852
-0.000971714841111385
-0.000796817618668099
0.000198997253377075
0.00211056509982009
0.00499048894327497
0.0087694993916897
0.0131918991170462
0.0178245650619021
0.0221656096058666
0.0257951964405237
0.0284653363763402
0.0300757069761234
0.0305794446204291
0.0299108947287858
0.0279912704524072
0.0247952694830462
0.0204188028582487
0.0150999809103221
0.00918684253567576
0.00307606274596848
-0.00284762761057582
-0.00824818073710021
-0.0128374369787788
-0.0163437455819134
-0.0184864996956595
-0.0190006048968073
-0.0177178902880635
-0.0146589633615703
-0.010073013343152
-0.00439921169965277
0.00182930434474987
0.00810033689638981
0.01402211203017
0.0193701159172354
0.0240457321053959
0.0279582061327385
0.0309193718402283
0.0326590904550156
0.0329737590193605
0.0318906280190743
0.0297065964404244
0.0268708550376994
0.0238090830018309
0.0208119426656721
0.018034799265993
0.0155712114331702
0.0135346739837501
0.0120995370441656
0.0114761229246424
0.0118235999307573
0.0131483745907807
0.0152663886350317
0.0178728234930956
0.0206709655432938
0.0234515008584857
0.0260580697878795
0.0282897597679448
0.0298574127698547
0.0304527226042524
0.0298688144198683
0.0280633801360658
0.0251271737064739
0.0212175823918933
0.0165303444842895
0.0113166807476813
0.00589732707114899
0.00063661646998607
-0.00410948810429968
-0.00803414102530862
-0.010900577687649
-0.0125711874912836
-0.0130589662518576
-0.0125592614227638
-0.0113961686738648
-0.0098798450797972
-0.00816763517872494
-0.00624107073582693
-0.00401277911664532
-0.00145914837796751
0.00133412806075098
0.00422169624454764
0.00706066093890953
0.009721526794669
0.0120634158452069
0.0139208503912012
0.0151180417466929
0.0154994580057655
0.0149694796721098
0.013530052472825
0.011284071840197
0.008383337496704
0.00495627545384389
0.00108363480631701
-0.00315290413805699
-0.00759747836579447
-0.0119910041645379
-0.0160104674637936
-0.0193464179914263
-0.0217709114937873
-0.0231666042343796
-0.0235181927847707
-0.0228875350088283
-0.0213926086841491
-0.019195644137564
-0.0164964511894133
-0.0135288102803875
-0.0105567739151328
-0.00785751887997455
-0.00567630615710758
-0.00416364088781567
-0.00333668655775684
-0.00310584193796801
-0.00335948809272514
-0.00404631361614881
-0.00519414114505763
-0.00686105376897482
-0.00906539626265257
-0.0117363994355606
-0.0146948488026681
-0.0176631446628092
-0.0203085365745983
-0.0223095615399849
-0.0234175360858347
-0.0234945316102378
-0.0225303271172288
-0.0206380218438606
-0.0180165826764377
-0.0148869351393156
-0.011440958688048
-0.00783888006581531
-0.00424638664570667
-0.000868693941714324
0.00205236514839269
0.00427928692598843
0.00563590856275236
0.00605518725562847
0.00559973941638516
0.0044506768267118
0.00287848891346471
0.00121578244939151
-0.000170309905179495
-0.000934645888695625
-0.000852423050099963
8.34748661145245e-05
0.00163823238550228
0.00341062375575339
0.00495688827607953
0.0058875032324944
0.00591289600828797
0.00486960390886888
0.00274947981816883
-0.00029225453577974
-0.00398073759807512
-0.00799989858271046
-0.0120543656129933
-0.0158885078341796
-0.0192816877809505
-0.0220483449692162
-0.0240474287070973
-0.0251876627745267
-0.0254224242657424
-0.0247486308140169
-0.0232317722962758
-0.0210537533243556
-0.0185378281354922
-0.0160985605843585
-0.0141203784310237
-0.012837537563721
-0.0122973031633417
-0.0124226659359565
-0.0131113989181317
-0.0142872389053591
-0.0158726744227233
-0.0177281238678803
-0.0196282641504315
-0.0213039076830693
-0.022517004768573
-0.0231179921495471
-0.0230637116478498
-0.0224054107530212
-0.0212615083437498
-0.0197864191141158
-0.0181520239630681
-0.0165530330391793
-0.0152163613349109
-0.0143720285253659
-0.0141723182781485
-0.0146072017780386
-0.0154872140072419
-0.0165172060893988
-0.0174118091139294
-0.0179759684805984
-0.0181106173003657
-0.0177633383825616
-0.0168755321379909
-0.01536587647
-0.0131558163594118
-0.0102146282715237
-0.00659515695936841
-0.00244715884932797
0.0019847264616444
0.00637258012444051
0.0103402902207035
0.0135360742054249
0.0157195124247804
0.0168093345140343
0.0168630831724015
0.0160208747671489
0.0144715993790319
0.0124594652964862
0.0102912866355815
0.00829949199811228
0.0067674985996077
0.0058711370098426
0.00567987625387573
0.00620832005793831
0.00746653384809806
0.00946292091452194
0.0121583643224855
0.0154182451292332
0.0190157830816812
0.0226913965552583
0.0262130956948715
0.0293797238819272
0.031972156635294
0.0337232502199494
0.03437571883666
0.0338191633390084
0.0322048233357421
0.0299195387092189
0.0273964832225618
0.0248776438467302
0.0222953230520524
0.0193548131279042
0.0157526877902067
0.0113774273782911
0.00637133926480124
0.00104639340048096
-0.00425341252303056
-0.00923980058489355
-0.0136870629446812
-0.0174023598220155
-0.0202135681919321
-0.0219866307497288
-0.0226538301390434
-0.0222409117074134
-0.0208904867143134
-0.01886424542384
-0.0164940060308593
-0.0140802662453032
-0.0117908114579939
-0.00963041609972457
-0.00750512709789642
-0.00533094940632395
-0.00310652918025029
-0.000909894265636299
0.00115245256062907
0.00298772209759597
0.00452541434293233
0.00571188754902094
0.00651732613899627
0.00695437046376354
0.00708727822543118
0.00701815705349766
0.00685728113723561
0.00669456190232898
0.00658366336448095
0.00653997286383887
0.00654980379610911
0.0065907094532388
0.00666108877538106
0.00680469850309969
0.00710516808791428
0.00764070137036673
0.00842804427129467
0.00940595900501938
0.0104766367396043
0.0115653506790429
0.0126410836859843
0.0136866837670352
0.0146616177956419
0.0154993312105217
0.0161310528842979
0.0164948916308468
0.0165146011914906
0.0160809717961264
0.0150741243703141
0.0134192632597729
0.0111342979514184
0.00834671125311267
0.0052895255652542
0.0022807492792735
-0.000331597253640899
-0.00226297181841865
-0.00338489824202707
-0.00376067099889463
-0.00360278874522544
-0.00318133908900774
-0.00273438710801698
-0.00241509222339451
-0.00227847388771502
-0.00229098218390677
-0.00234905812603747
-0.00230577313186482
-0.00200545809436629
-0.00131326674145537
-0.000123631393780186
0.00164850347514506
0.0040688141352592
0.00715573365001863
0.0108257555022318
0.0148392708754638
0.0187899862071381
0.0221727913015653
0.0245212046680046
0.0255509969208527
0.0252335526093838
0.0237675273278575
0.0214766410922646
0.0186874108245254
0.0156350442071087
0.0124340014784983
0.00912919895327407
0.00579790870774827
0.00262550597429234
-0.00011333383120047
-0.00216154841629663
-0.00339216408343057
-0.00383974727902734
-0.00363502254010363
-0.00290641941907113
-0.00173221074177279
-0.000174654881586626
0.00164757813973759
0.00352453732265879
0.00519762208402962
0.00645105486070305
0.00718260911063338
0.00740268153065234
0.00716924622658623
0.00651382399544521
0.00541281742452348
0.00381656620768801
0.00170724860270788
-0.000851471652898511
-0.00369306138457208
-0.00656039834089536
-0.00915322676736488
-0.0112039785827236
-0.0125561911694117
-0.0132083481735771
-0.0133001941073318
-0.013050501277783
-0.0126797358048467
-0.0123522396935605
-0.0121541819435646
-0.0121002447726061
-0.0121491032014073
-0.0122139394725758
-0.012172653192776
-0.0118917258400481
-0.011265413766785
-0.0102537062461084
-0.00890120414878588
-0.00733187237547047
-0.0057236894847631
-0.00427227401587288
-0.00316065369562383
-0.00254970567553027
-0.00257940191737685
-0.0033541458320877
-0.00490902982035185
-0.00719005055017581
-0.0100733848993341
-0.0134024302638882
-0.0170022313187332
-0.0206671645196844
-0.0241604408856176
-0.0272568869580929
-0.029810355726259
-0.0317925537346075
-0.033273412167525
-0.0343694252543482
-0.0352087167392889
-0.0359244895994335
-0.0366446939556736
-0.0374566658879453
-0.0383750202761347
-0.0393557578134332
-0.0403506095980944
-0.041341174862746
-0.0423028882383662
-0.0431190318583239
-0.0435229991047693
-0.0431355885424753
-0.0415922495981016
-0.0386814695666203
-0.0344010558930879
-0.0289034751566902
-0.0223961518155484
-0.0150978017094313
-0.00728504135680652
0.000638584094733004
0.00814532834882393
0.0146784306503493
0.0197759933202177
0.0231499288759385
0.0246980159226053
0.0244721745951063
0.0226350475691447
0.0194280284710401
0.0151606700004903
0.0102117429935724
0.00501681362532829
2.53294459951399e-05
-0.00436411924074594
-0.00786606866528439
-0.0103475774352349
-0.0118317613924592
-0.0124572110432681
-0.0124019600855956
-0.0118097406903691
-0.0107636816116689
-0.00931450909140242
-0.00752061053989631
-0.00545591457653481
-0.00319081481055204
-0.000784815160831813
0.00169491020622979
0.004153635137411
0.00646666301258879
0.00847924868200218
0.00999089600114096
0.0107413920735775
0.0104372575060004
0.00883039750552431
0.00581280373421261
0.00147392177450579
-0.00390304738468001
-0.00988870427752384
-0.0159733641299097
-0.0216468701273142
-0.0264928401225191
-0.0302682353082219
-0.0329188792541389
-0.0345157951346988
-0.0351583891171837
-0.0349083701016478
-0.0337748815842527
-0.0317231436072472
-0.0286799714891422
-0.0245466177949821
-0.0192480764145668
-0.012821727681745
-0.00550409157237814
0.00224145350064081
0.00978381369410044
0.0164490686817444
0.0216605019111214
0.0250466912091551
0.0264896726453992
0.0261030984722555
0.0241524934659923
0.0209611133345892
0.0168603005502612
0.0122095272564319
0.007442919446015
0.00306216003062836
-0.00046277322552376
-0.00283671620855763
-0.0040281943350455
-0.00423844819239611
-0.00376719361595698
-0.00285521148224953
-0.00158935853909483
8.70497793102934e-05
0.00227567973818073
0.00500481628016502
0.00817386185716128
0.0115978048642223
0.0151067342387984
0.0186105897394811
0.0220778171370854
0.0254576141191831
0.0286205333104899
0.0313694752392468
0.0335106076126227
0.0349218280279699
0.0355569767287276
0.0353828199221184
0.0343128450838584
0.0322087512673458
0.0289586750275546
0.0245778769236672
0.0192734079931571
0.0134519087930549
0.00767243146533897
0.00254293747207351
-0.0014300252997688
-0.00398653861927178
-0.00517061824340913
-0.00525008901822431
-0.00453931666165106
-0.00323945029399398
-0.00139959435994295
0.000991594695735262
0.00387199943184607
0.00703803602381678
0.0101842402618582
0.0130034707293407
0.0152667469821099
0.0168440703618716
0.0176923006334327
0.0178502888358326
0.0174397061565659
0.0166393635465588
0.0156258134707875
0.0145161826649073
0.0133519042345194
0.0121253375838703
0.0108201197310295
0.00943437019314399
0.00797468013551446
0.00643416085649164
0.00478408564571834
0.00299664820963169
0.00108150082062352
-0.000899185010038811
-0.00284898651076652
-0.00466649516177806
-0.00626144051764275
-0.00755771847346298
-0.00849473079368663
-0.00902880018763034
-0.00913168336693759
-0.00879158491343652
-0.0080231843001497
-0.00688054738246346
-0.00546064204422537
-0.00389559118375171
-0.00234337358310951
-0.000985995819068236
-3.35965951466158e-05
0.000281479499436908
-0.000256364086549831
-0.00177078497067102
-0.00422114595273517
-0.00738998881827057
-0.0109471293929074
-0.0145473247273901
-0.0179052633475318
-0.0208295888508141
-0.0232330447631449
-0.0251344913074936
-0.0266457210096415
-0.0279234810435801
-0.0290838981334308
-0.0301152824803067
-0.0308489003831098
-0.0310199496314259
-0.0303858834778655
-0.0288249931495722
-0.0263563742637111
-0.0230834018444111
-0.0191118253387381
-0.0144978417450515
-0.00925047565441886
-0.00337464986030736
0.00307951205251171
0.00998819044493543
0.0171479750025933
0.0242787448300128
0.0310291733346237
0.0369941321946289
0.0417576893252009
0.0449666274604597
0.0464195445762012
0.0461311744185369
0.0443252546508578
0.0413455020513296
0.0375316358506577
0.0331309009555336
0.0282827198183062
0.0230626259344053
0.0175480023958014
0.0118732368906985
0.00624826962938543
0.000919935264737155
-0.00391531966034152
-0.00819006167558338
-0.0119647765016845
-0.015335256614052
-0.0183211251446513
-0.0208260543295535
-0.0226908772685736
-0.0237835073125415
-0.0240621437305661
-0.0235966000339663
-0.0225678360133476
-0.021257129778166
-0.0200121241003703
-0.0191739428605394
-0.0189756903734876
-0.0194591606873594
-0.020469846663331
-0.0217531418539512
-0.0231011974883474
-0.0244512952910466
-0.0258662985010805
-0.0274195063027752
-0.0290810788828746
-0.0306947368760035
-0.0320518090302725
-0.0329893141362542
-0.0334281580277072
-0.0333306084525985
-0.0326320360911999
-0.031220604262982
-0.0289876904936942
-0.0259064473475352
-0.0220764127253566
-0.01770443349036
-0.0130390846022326
-0.00830283668710984
-0.00366118664026831
0.000761930144959831
0.00484557246093682
0.00844591694843016
0.011407038257434
0.0136061215297619
0.0150054387639001
0.0156763832170097
0.0157833051733121
0.015550538509162
0.015244257090157
0.0151634243651064
0.0155945926234483
0.0167089008646662
0.0184598926180234
0.0205830567597032
0.0227314672842049
0.0246612011321361
0.0263305898101998
0.0278501344498397
0.0293408384357019
0.0308172726420028
0.0321713524534989
0.033247052252957
0.0339384751077737
0.0342414574808054
0.0342242784495851
0.0339314473440138
0.03327982842377
0.0320263211684346
0.0298556852636133
0.0265596253985318
0.0222020802463317
0.0171535765824797
0.0119546790445868
0.00708813509888048
0.00280549084309602
-0.000892788552229903
-0.00414128208252394
-0.00705833112899873
-0.00965241864379254
-0.0118128961427647
-0.0133569070263482
-0.014096943080123
-0.0139132086625412
-0.0128197523102429
-0.01099419446646
-0.00873532757413148
-0.00635217052555247
-0.00404459429528968
-0.00184888428675364
0.000326649372513199
0.00261416988995423
0.00510797912165876
0.0078305641942702
0.0107374550250272
0.013734072270387
0.016683713232871
0.0194041582243509
0.0216654741565779
0.0232089003610267
0.0238014398317042
0.0233129934039307
0.0217658201584441
0.019307705063881
0.0161226785213781
0.0123575471624982
0.00812935038896402
0.00359630591176983
-0.000987891134798365
-0.00529928327123061
-0.00903919301224661
-0.0120284528034588
-0.0142229599209837
-0.0156335039228051
-0.016217762430275
-0.0158435750443593
-0.014360111285455
-0.0117167611775802
-0.00803836321463746
-0.00362018534316949
0.00112808566163211
0.00574749718570213
0.00978642181386293
0.0128468200517172
0.0146217762598084
0.0149322187558521
0.013767605226079
0.0113081599208857
0.00788775825409047
0.00389186985656548
-0.000349441997418208
-0.00459900911586725
-0.00867354888651436
-0.0123970395379858
-0.0156091311787632
-0.0182123979954982
-0.0201893121953406
-0.0215548594733539
-0.0222852348524209
-0.0222874595770768
-0.021429536186378
-0.0195958372444199
-0.0167232543414303
-0.0128055926578833
-0.00788668313300797
-0.00206732584732877
0.00447344758317781
0.0114708225197778
0.0186067840084779
0.0255721900874664
0.0321148894755646
0.0380426634118876
0.0431932547439284
0.0474057372347494
0.050508048422323
0.0523122756450549
0.0526163272836407
0.0512263786116217
0.0480037890426396
0.0429179370150512
0.0360885522074505
0.0278161778604432
0.0185913762794891
0.0090555158734667
-9.66924084993824e-05
-0.00823778611324824
-0.0149014657194285
-0.0198333543091527
-0.023012250952511
-0.0246415551784235
-0.0250842216598512
-0.0247339993009391
-0.0238776904827566
-0.0226351260583815
-0.0210129917007217
-0.0190198055091381
-0.0167555771963094
-0.0144342538738227
-0.0123510758344294
-0.010815083766213
-0.0100563516312709
-0.0101334122235105
-0.010892339148924
-0.0120154366349985
-0.0131414557401244
-0.0139921352512994
-0.0144430247216995
-0.0145194263448392
-0.0143412293204474
-0.0140563902126008
-0.013791027348003
-0.0136199621593019
-0.0135457847519854
-0.0134820949114628
-0.0132597074331608
-0.0126798227352845
-0.011601247324715
-0.00999930445057268
-0.00793899721211896
-0.00548296550448573
-0.00262799030749068
0.000661184991035249
0.004357077399332
0.00831305771089042
0.0122934509707826
0.0160444481262976
0.0193364181195956
0.0219629252282576
0.0237334317510517
0.0244955259407498
0.0241902017282323
0.0229140591505168
0.0209464937371872
0.0187061327728961
0.016637593568626
0.0150799060580583
0.0141882939858784
0.013944774263735
0.0142268560109249
0.0148686689792564
0.015676829442641
0.016418391341283
0.016821035687326
0.0166065254182613
0.0155530306467481
0.0135661088512172
0.0107206120957324
0.00723069618826534
0.00334618868918154
-0.000757093193592986
-0.00500465886885212
-0.00934862920560152
-0.0136675215516934
-0.0177382570901481
-0.0213026581474154
-0.0241630622074556
-0.026230057023561
-0.0275049361452262
-0.0280355238429103
-0.0278855300059352
-0.0271232845758961
-0.0258161597316144
-0.0240294174178783
-0.0218407325477526
-0.0193667436139439
-0.0167770629379618
-0.0142774152360815
-0.0120669585087701
-0.010285580099881
-0.00896772867381582
-0.00802703490393402
-0.00729486757791125
-0.00660150230508942
-0.00584568557282628
-0.00500339242674807
-0.00408513331974314
-0.00309817483244186
-0.00205195925547021
-0.00099006194952299
-8.20374386519036e-06
0.000758177383267971
0.00116598915306552
0.00110586911338788
0.000549236779993658
-0.000415550768683943
-0.00158847356913016
-0.00271774326657477
-0.00358777143243852
-0.00408791582264464
-0.00423137040697981
-0.00412424537823149
-0.00390135999248687
-0.00364892962085909
-0.00334307569865455
-0.00284419935553437
-0.00197203133807889
-0.000630980135769912
0.00110175430168987
0.00300670993189444
0.00486346966430147
0.00659030500956427
0.0082546994310557
0.00993410450171865
0.0115445574488496
0.0127933581692549
0.0133120035624894
0.0128773224152294
0.0115596177566671
0.00969658484432384
0.00772169935100484
0.00596819600941006
0.00456211516876346
0.00343968164763629
0.00245298825737597
0.00150232854960298
0.000633001603390264
4.27023076710549e-05
-1.54091283866172e-05
0.000623367166096605
0.00194608102338573
0.00378694249308659
0.00592842464142183
0.00818591561224337
0.0104163834174465
0.0124653148220902
0.0141125490434006
0.0150777935152404
0.015111167333314
0.0141298363236818
0.0123010344987243
0.00998427288389261
0.00755328504313842
0.00522742843890423
0.00303467237604862
0.00091127771669746
-0.0011595600696839
-0.00307074250034389
-0.00460994204990645
-0.00554476371663966
-0.00572022552632076
-0.00512381101310486
-0.00389971656853747
-0.00231593738831993
-0.000696162094002509
0.000666750065770599
0.00158901539660589
0.00203356495206612
0.00208690119377298
0.00188451061009193
0.00152598768792924
0.00103250911935708
0.000373622577570981
-0.000461260514638442
-0.00140676653688141
-0.00232641361263474
-0.00307256977733382
-0.00355355766202377
-0.00375870714266795
-0.00372728248851162
-0.0034916888432681
-0.00304661941573864
-0.00237213265013306
-0.00148455430120224
-0.000457585846716022
0.000613503993093821
0.00166851196893479
0.0027000915579933
0.00371659285588009
0.00469214659108855
0.0055540371934337
0.00621487654513277
0.00661883875244969
0.00677304800371616
0.00675798631660633
0.0067182464046717
0.00682622353855757
0.00721782147662466
0.00793084016481012
0.0088946473687123
0.00998548103333124
0.0111012248006015
0.0121932670632613
0.0132446482444582
0.0142413295276879
0.0151768228336591
0.0160736946174793
0.0169777885986698
0.0179194722403669
0.0188864022589412
0.0198434921932693
0.0207769278035406
0.0217065594935858
0.0226480039140667
0.0235682922102009
0.0243919714884504
0.0250605775165543
0.025585292054712
0.0260319747265847
0.0264471302803853
0.0267986114734499
0.0269873654501566
0.0269044973194075
0.0264649823169856
0.0255999428707354
0.024259689109751
0.0224676802541955
0.0203845983980488
0.0183020358581326
0.0165437176726995
0.0153424252733454
0.0147834468270897
0.0148419585535876
0.0154609092155244
0.0165926990289519
0.018173284214326
0.020059754411193
0.0219881079335607
0.0235908543746156
0.0244801516230421
0.0243653691149861
0.0231418089679584
0.0208921998823547
0.0178071966865249
0.0141031351799552
0.0100067539405808
0.00578721226410554
0.00175220761302302
-0.00183362176744096
-0.00485480198411713
-0.00738613975170442
-0.00963803898489423
-0.0118590225999247
-0.0142708671700582
-0.0170578111712811
-0.0203631151480486
-0.0242386303386769
-0.0285583856460092
-0.032976373050337
-0.0369985863213301
-0.0401481182936071
-0.0421207328650436
-0.042841806870879
-0.0424251433924471
-0.0410998346631894
-0.0391504482972621
-0.0368556842785669
-0.0344039596247296
-0.0318237274388516
-0.0290018019227238
-0.025803519177335
-0.0222092407248316
-0.0183605115649755
-0.014492322478944
-0.010819712880199
-0.00745956036668816
-0.00441706790287115
-0.00161737933607869
0.00105038472832076
0.00369331481892043
0.00637530335054605
0.00907632183970306
0.0116702070178801
0.0139426484833757
0.0156400091218193
0.0165219870289345
0.016419411734762
0.0153239113329422
0.0134956568302889
0.0115012461114803
0.0100903063147209
0.00992518655529043
0.0113045870068181
0.0140492370353929
0.0176185455624417
0.0213796497629348
0.0248610754241546
0.0278525355968612
0.0303352309538171
0.0323442250722006
0.0338832298893342
0.0349340859769989
0.0355133856947972
0.0356999716808681
0.0355929854414701
0.0352204986645221
0.0344614358651695
0.0330416618355746
0.0306197552462638
0.0269231484752002
0.0218704430582168
0.0156299529725505
0.0085982259460104
0.00131313143393383
-0.00566763532371286
-0.0118894732417006
-0.0170926918306029
-0.021240049254297
-0.0244624492728567
-0.0269514712907244
-0.0288737325753951
-0.0303686396688321
-0.0316079758678741
-0.0328231053199669
-0.0342334461176888
-0.0359197922435719
-0.0377574798705038
-0.0394763328065502
-0.0408008327406227
-0.0415630628056387
-0.0417211756345262
-0.0413021655923451
-0.0403367306510002
-0.0388368153956654
-0.0368181533189378
-0.0343400181894906
-0.0315360370490951
-0.0286219850423297
-0.0258719309601234
-0.0235606302867096
-0.0218879543366711
-0.0209189651923456
-0.0205705978341471
-0.0206518524377747
-0.0209379609781971
-0.0212446051598614
-0.0214661419916179
-0.0215543691088433
-0.0214512318942052
-0.0210366326611201
-0.0201581541101019
-0.0187374953131715
-0.0168563173098554
-0.014724432000094
-0.012548344942965
-0.0104252350388093
-0.008359405337654
-0.00636652228464967
-0.00454708050648779
-0.00305950820466628
-0.00203530061587979
-0.0015286478188144
-0.00153929149705195
-0.00205708499380025
-0.00304840767342013
-0.00437297698702678
-0.00571804651748454
-0.00665650752105787
-0.00684068130575307
-0.00621885379740941
-0.00512187985289152
-0.00414345023870735
-0.00386747766098312
-0.00459250144371261
-0.00620662643546799
-0.00827173931629213
-0.0102451110781055
-0.0116956739531675
-0.0124083202190948
-0.0123675181050707
-0.0116829194420995
-0.0105195099032861
-0.00905306471456534
-0.00744236764754749
-0.00580970388349582
-0.00423050253471014
-0.00273464489327521
-0.00131715047726025
4.77464510465944e-05
0.00139324743928724
0.00274770855736378
0.00412724831060417
0.00554390838103611
0.00703003263130318
0.00864981019566035
0.0104556624587929
0.0123910742151963
0.0142243747239765
0.0156194257787805
0.0163316537278172
0.0163713412089889
0.0160010367100606
0.0156009429090851
0.0155177638040807
0.0159533587192966
0.0168971864398776
0.0181207607982525
0.0192551462243624
0.0199227670930047
0.0198464071498036
0.0188751119819806
0.0169416439784789
0.0140239461005609
0.0101620110825184
0.00550811925451181
0.000348988921546267
-0.00492885768148011
-0.00991089339186198
-0.014243102680751
-0.0177305920404033
-0.0203928053210472
-0.0223761523206037
-0.0237574170080927
-0.0244746446045343
-0.0244945964486214
-0.0239694776091711
-0.0231593731521919
-0.0222615219687104
-0.0213703262602075
-0.0205526280718771
-0.01989958751429
-0.0195043779732803
-0.0194120052434736
-0.0195958103801125
-0.0199749809996528
-0.0204534702347931
-0.0209524068016017
-0.0214201346171723
-0.0218233331497311
-0.0221350442841472
-0.0223326946901015
-0.0224059300719312
-0.0223635649161877
-0.0222303096885725
-0.022034098567381
-0.0217930298068654
-0.0215099794612589
-0.0211757567659727
-0.0207763385038229
-0.0202998800088885
-0.0197416735383658
-0.0191062583696554
-0.0184058662753915
-0.017655546801259
-0.0168675549506578
-0.0160483861931238
-0.0151997713663478
-0.0143218192327994
-0.0134154089806077
-0.0124825977145922
-0.0115259037835139
-0.0105475353745615
-0.00954844348599389
-0.00852710571461748
-0.00748014719586041
-0.00640744453398978
-0.005317951009377
-0.0042235731720745
-0.00311627041057099
-0.00195813921272759
-0.000733984461333698
0.000453733859134767
0.00138314918084585
