-1.34498861605552e-06
-4.66285963627087e-06
-5.54355845924388e-06
-5.00391928711434e-06
-4.49087182758729e-06
-4.45706531254918e-06
-4.60921021798708e-06
-4.66732653835011e-06
-4.61919838977421e-06
-4.55990816376673e-06
-4.53389398660734e-06
-4.52588655041348e-06
-4.51356933371103e-06
-4.49300145898479e-06
-4.47050101542514e-06
-4.45013815195882e-06
-4.43136877935384e-06
-4.41250890121356e-06
-4.39304390733628e-06
-4.37335922853683e-06
-4.35380135539117e-06
-4.33437862757196e-06
-4.3149708769409e-06
-4.29552469158831e-06
-4.27606071676951e-06
-4.25660692642528e-06
-4.23716790731285e-06
-4.21773577585024e-06
-4.19830575667329e-06
-4.17887884170069e-06
-4.15945734105073e-06
-4.14004205852154e-06
-4.12063269237797e-06
-4.101229013877e-06
-4.08183122038225e-06
-4.06243966278847e-06
-4.04305460447728e-06
-4.02367621722751e-06
-4.00430466565837e-06
-3.98494014425536e-06
-3.96558286277498e-06
-3.94623302685769e-06
-3.92689083507629e-06
-3.90755648461988e-06
-3.88823017473965e-06
-3.86891210616507e-06
-3.84960247962273e-06
-3.83030149541797e-06
-3.81100935378474e-06
-3.79172625517934e-06
-3.77245240027574e-06
-3.75318798985537e-06
-3.73393322475918e-06
-3.71468830590353e-06
-3.69545343430097e-06
-3.67622881105996e-06
-3.6570146373743e-06
-3.63781111451552e-06
-3.61861844383042e-06
-3.59943682673953e-06
-3.58026646473431e-06
-3.56110755937345e-06
-3.54196031227914e-06
-3.52282492513391e-06
-3.50370159967748e-06
-3.48459053770361e-06
-3.46549194105685e-06
-3.44640601162932e-06
-3.42733295135757e-06
-3.40827296221938e-06
-3.38922624623068e-06
-3.37019300544237e-06
-3.35117344193725e-06
-3.33216775782691e-06
-3.31317615524867e-06
-3.2941988363625e-06
-3.27523600334798e-06
-3.25628785840128e-06
-3.23735460373215e-06
-3.21843644156092e-06
-3.19953357411553e-06
-3.18064620362853e-06
-3.16177453233416e-06
-3.14291876246539e-06
-3.12407909625102e-06
-3.10525573591278e-06
-3.08644888366241e-06
-3.06765874169881e-06
-3.04888551220515e-06
-3.03012939734605e-06
-3.01139059926477e-06
-2.99266932008032e-06
-2.97396576188472e-06
-2.95528012674019e-06
-2.93661261667636e-06
-2.91796343368755e-06
-2.89933277972999e-06
-2.88072085671907e-06
-2.86212786652669e-06
-2.84355401097848e-06
-2.82499949185116e-06
-2.80646451086983e-06
-2.78794926970533e-06
-2.76945396997156e-06
-2.75097881322289e-06
-2.73252400095148e-06
-2.7140897345847e-06
-2.69567621548253e-06
-2.67728364493497e-06
-2.65891222415947e-06
-2.6405621542984e-06
-2.62223363641643e-06
-2.60392687149807e-06
-2.58564206044511e-06
-2.56737940407411e-06
-2.54913910311392e-06
-2.53092135820321e-06
-2.51272636988796e-06
-2.49455433861903e-06
-2.47640546474968e-06
-2.45827994853319e-06
-2.44017799012038e-06
-2.42209978955721e-06
-2.40404554678241e-06
-2.38601546162506e-06
-2.36800973380221e-06
-2.35002856291657e-06
-2.33207214845406e-06
-2.31414068978156e-06
-2.29623438614452e-06
-2.27835343666468e-06
-2.2604980403377e-06
-2.24266839603094e-06
-2.22486470248112e-06
-2.20708715829204e-06
-2.18933596193234e-06
-2.17161131173324e-06
-2.15391340588627e-06
-2.13624244244107e-06
-2.11859861930315e-06
-2.10098213423165e-06
-2.0833931848372e-06
-2.06583196857965e-06
-2.04829868276596e-06
-2.03079352454795e-06
-2.01331669092021e-06
-1.99586837871791e-06
-1.97844878461465e-06
-1.96105810512032e-06
-1.94369653657901e-06
-1.92636427516688e-06
-1.90906151689001e-06
-1.89178845758238e-06
-1.87454529290372e-06
-1.85733221833745e-06
-1.84014942918864e-06
-1.82299712058191e-06
-1.80587548745937e-06
-1.78878472457865e-06
-1.77172502651078e-06
-1.7546965876382e-06
-1.73769960215276e-06
-1.72073426405371e-06
-1.70380076714564e-06
-1.68689930503659e-06
-1.67003007113596e-06
-1.65319325865262e-06
-1.63638906059291e-06
-1.61961766975867e-06
-1.60287927874529e-06
-1.58617407993982e-06
-1.56950226551894e-06
-1.55286402744712e-06
-1.53625955747465e-06
-1.51968904713576e-06
-1.50315268774669e-06
-1.48665067040378e-06
-1.47018318598164e-06
-1.45375042513121e-06
-1.43735257827788e-06
-1.42098983561969e-06
-1.4046623871254e-06
-1.38837042253264e-06
-1.37211413134613e-06
-1.35589370283574e-06
-1.33970932603473e-06
-1.32356118973792e-06
-1.30744948249981e-06
-1.29137439263282e-06
-1.27533610820549e-06
-1.2593348170406e-06
-1.24337070671349e-06
-1.22744396455018e-06
-1.21155477762561e-06
-1.19570333276188e-06
-1.17988981652649e-06
-1.16411441523052e-06
-1.14837731492693e-06
-1.13267870140877e-06
-1.11701876020745e-06
-1.10139767659098e-06
-1.08581563556227e-06
-1.07027282185735e-06
-1.05476941994367e-06
-1.03930561401839e-06
-1.02388158800665e-06
-1.00849752555985e-06
-9.93153610053985e-07
-9.77850024587882e-07
-9.62586951981562e-07
-9.47364574774523e-07
-9.32183075224061e-07
-9.17042635303584e-07
-9.01943436700946e-07
-8.86885660816766e-07
-8.71869488762765e-07
-8.56895101360105e-07
-8.4196267913773e-07
-8.2707240233071e-07
-8.12224450878595e-07
-7.97419004423766e-07
-7.82656242309798e-07
-7.67936343579821e-07
-7.53259486974886e-07
-7.38625850932336e-07
-7.24035613584182e-07
-7.0948895275548e-07
-6.94986045962714e-07
-6.8052707041218e-07
-6.66112202998378e-07
-6.51741620302401e-07
-6.37415498590336e-07
-6.23134013811658e-07
-6.08897341597637e-07
-5.94705657259741e-07
-5.80559135788045e-07
-5.66457951849647e-07
-5.5240227978708e-07
-5.38392293616731e-07
-5.24428167027263e-07
-5.1051007337804e-07
-4.96638185697552e-07
-4.8281267668184e-07
-4.69033718692937e-07
-4.55301483757292e-07
-4.41616143564216e-07
-4.27977869464317e-07
-4.14386832467944e-07
-4.00843203243631e-07
-3.87347152116544e-07
-3.73898849066926e-07
-3.6049846372855e-07
-3.47146165387174e-07
-3.3384212297899e-07
-3.20586505089085e-07
-3.07379479949901e-07
-2.9422121543969e-07
-2.81111879080984e-07
-2.68051638039051e-07
-2.55040659120365e-07
-2.42079108771073e-07
-2.29167153075461e-07
-2.16304957754426e-07
-2.03492688163944e-07
-1.90730509293543e-07
-1.78018585764782e-07
-1.65357081829719e-07
-1.52746161369395e-07
-1.40185987892305e-07
-1.27676724532883e-07
-1.15218534049972e-07
-1.02811578825313e-07
-9.04560208620197e-08
-7.81520217830626e-08
-6.5899742829753e-08
-5.36993448602256e-08
-4.15509883479219e-08
-2.94548333800743e-08
-1.74110396561898e-08
-5.41976648653647e-09
6.51882720937056e-09
1.84045829042821e-08
3.02373424647296e-08
4.20169481525389e-08
5.37432426263431e-08
6.54160689430956e-08
7.70352705595843e-08
8.86006913339458e-08
1.00112175527177e-07
1.11569567804646e-07
1.22972713237607e-07
1.34321457304717e-07
1.45615645893542e-07
1.56855125302081e-07
1.68039742240273e-07
1.79169343831516e-07
1.90243777614181e-07
2.01262891543132e-07
2.12226533991235e-07
2.23134553750879e-07
2.33986800035498e-07
2.44783122481085e-07
2.55523371147718e-07
2.66207396521072e-07
2.76835049513945e-07
2.87406181467775e-07
2.97920644154169e-07
3.08378289776422e-07
3.18778970971045e-07
3.29122540809293e-07
3.39408852798686e-07
3.49637760884546e-07
3.59809119451522e-07
3.69922783325124e-07
3.79978607773259e-07
3.89976448507759e-07
3.99916161685918e-07
4.09797603912027e-07
4.19620632238918e-07
4.29385104169504e-07
4.3909087765832e-07
4.48737811113061e-07
4.58325763396137e-07
4.67854593826215e-07
4.77324162179769e-07
4.86734328692633e-07
4.96084954061549e-07
5.05375899445725e-07
5.14607026468388e-07
5.23778197218352e-07
5.3288927425157e-07
5.41940120592698e-07
5.50930599736668e-07
5.5986057565025e-07
5.68729912773624e-07
5.77538476021951e-07
5.86286130786944e-07
5.9497274293845e-07
6.03598178826027e-07
6.12162305280528e-07
6.20664989615684e-07
6.29106099629692e-07
6.37485503606803e-07
6.45803070318913e-07
6.54058669027161e-07
6.62252169483523e-07
6.70383441932415e-07
6.78452357112298e-07
6.86458786257281e-07
6.94402601098731e-07
7.02283673866881e-07
7.10101877292447e-07
7.17857084608247e-07
7.25549169550821e-07
7.33178006362057e-07
7.40743469790813e-07
7.48245435094549e-07
7.55683778040962e-07
7.63058374909617e-07
7.70369102493597e-07
7.77615838101136e-07
7.84798459557269e-07
7.9191684520548e-07
7.98970873909353e-07
8.05960425054231e-07
8.12885378548871e-07
8.19745614827113e-07
8.26541014849547e-07
8.33271460105179e-07
8.39936832613104e-07
8.46537014924185e-07
8.53071890122735e-07
8.59541341828197e-07
8.6594525419684e-07
8.72283511923444e-07
8.78556000242999e-07
8.84762604932406e-07
8.90903212312175e-07
8.96977709248137e-07
9.02985983153153e-07
9.08927921988828e-07
9.14803414267228e-07
9.20612349052607e-07
9.26354615963131e-07
9.3203010517261e-07
9.3763870741223e-07
9.43180313972296e-07
9.48654816703973e-07
9.54062108021031e-07
9.59402080901597e-07
9.64674628889912e-07
9.69879646098088e-07
9.7501702720787e-07
9.80086667472408e-07
9.85088462718023e-07
9.90022309345992e-07
9.94888104334326e-07
9.9968574523955e-07
1.00441513019849e-06
1.00907615793009e-06
1.01366872773716e-06
1.01819273950825e-06
1.02264809371938e-06
1.02703469143592e-06
1.03135243431437e-06
1.03560122460416e-06
1.03978096514954e-06
1.04389155939133e-06
1.04793291136882e-06
1.05190492572158e-06
1.0558075076913e-06
1.05964056312363e-06
1.06340399847007e-06
1.06709772078978e-06
1.07072163775149e-06
1.07427565763532e-06
1.07775968933468e-06
1.08117364235814e-06
1.08451742683129e-06
1.08779095349868e-06
1.09099413372563e-06
1.09412687950021e-06
1.09718910343507e-06
1.10018071876939e-06
1.10310163937077e-06
1.10595177973713e-06
1.10873105499868e-06
1.11143938091976e-06
1.11407667390086e-06
1.1166428509805e-06
1.11913782983718e-06
1.12156152879131e-06
1.1239138668072e-06
1.12619476349497e-06
1.12840413911252e-06
1.1305419145675e-06
1.1326080114193e-06
1.13460235188096e-06
1.1365248588212e-06
1.1383754557664e-06
1.14015406690258e-06
1.14186061707738e-06
1.14349503180207e-06
1.14505723725357e-06
1.14654716027642e-06
1.14796472838485e-06
1.14930986976473e-06
1.15058251327565e-06
1.15178258845291e-06
1.15291002550958e-06
1.15396475533853e-06
1.15494670951448e-06
1.15585582029601e-06
1.15669202062769e-06
1.15745524414206e-06
1.15814542516174e-06
1.1587624987015e-06
1.15930640047032e-06
1.15977706687346e-06
1.16017443501458e-06
1.16049844269778e-06
1.16074902842974e-06
1.16092613142182e-06
1.16102969159211e-06
1.16105964956761e-06
1.1610159466863e-06
1.16089852499928e-06
1.16070732727289e-06
1.16044229699084e-06
1.16010337835634e-06
1.15969051629427e-06
1.15920365645328e-06
1.15864274520799e-06
1.15800772966112e-06
1.15729855764564e-06
1.15651517772698e-06
1.15565753920514e-06
1.15472559211692e-06
1.15371928723808e-06
1.15263857608553e-06
1.15148341091953e-06
1.15025374474586e-06
1.14894953131807e-06
1.14757072513963e-06
1.14611728146619e-06
1.14458915630779e-06
1.14298630643106e-06
1.14130868936145e-06
1.13955626338549e-06
1.13772898755302e-06
1.13582682167941e-06
1.13384972634782e-06
1.13179766291146e-06
1.12967059349586e-06
1.12746848100109e-06
1.12519128910407e-06
1.12283898226083e-06
1.12041152570878e-06
1.117908885469e-06
1.11533102834851e-06
1.11267792194262e-06
1.10994953463714e-06
1.10714583561076e-06
1.10426679483734e-06
1.10131238308816e-06
1.09828257193434e-06
1.09517733374906e-06
1.09199664170998e-06
1.0887404698015e-06
1.08540879281711e-06
1.08200158636176e-06
1.07851882685421e-06
1.07496049152934e-06
1.07132655844053e-06
1.06761700646202e-06
1.06383181529127e-06
1.05997096545136e-06
1.05603443829329e-06
1.05202221599845e-06
1.04793428158093e-06
1.04377061888995e-06
1.03953121261223e-06
1.03521604827441e-06
1.03082511224544e-06
1.02635839173899e-06
1.02181587481585e-06
1.01719755038637e-06
1.01250340821283e-06
1.00773343891195e-06
1.00288763395723e-06
9.97965985681433e-07
9.92968487279013e-07
9.87895132808555e-07
9.8274591719522e-07
9.77520836233202e-07
9.7221988658818e-07
9.66843065799777e-07
9.61390372284024e-07
9.55861805335827e-07
9.50257365131444e-07
9.44577052730952e-07
9.38820870080738e-07
9.32988820015977e-07
9.27080906263124e-07
9.21097133442402e-07
9.15037507070304e-07
9.0890203356209e-07
9.02690720234299e-07
8.96403575307251e-07
8.90040607907563e-07
8.83601828070665e-07
8.77087246743319e-07
8.70496875786146e-07
8.63830727976148e-07
8.57088817009247e-07
8.50271157502815e-07
8.43377764998222e-07
8.3640865596337e-07
8.29363847795243e-07
8.22243358822457e-07
8.15047208307815e-07
8.07775416450868e-07
8.00428004390471e-07
7.93004994207348e-07
7.85506408926662e-07
7.77932272520586e-07
7.70282609910873e-07
7.62557446971442e-07
7.54756810530954e-07
7.46880728375401e-07
7.38929229250689e-07
7.30902342865231e-07
7.22800099892544e-07
7.14622531973843e-07
7.06369671720644e-07
6.98041552717367e-07
6.89638209523942e-07
6.81159677678418e-07
6.72605993699575e-07
6.63977195089543e-07
6.55273320336419e-07
6.46494408916886e-07
6.37640501298839e-07
6.28711638944008e-07
6.19707864310594e-07
6.10629220855894e-07
6.01475753038939e-07
5.9224750632313e-07
5.82944527178882e-07
5.73566863086261e-07
5.64114562537631e-07
5.545876750403e-07
5.4498625111917e-07
5.35310342319386e-07
5.25560001208996e-07
5.157352813816e-07
5.05836237459014e-07
4.95862925093926e-07
4.8581540097256e-07
4.75693722817343e-07
4.65497949389569e-07
4.55228140492068e-07
4.44884356971879e-07
4.34466660722919e-07
4.23975114688661e-07
4.134097828648e-07
4.02770730301942e-07
3.92058023108274e-07
3.81271728452253e-07
3.70411914565283e-07
3.59478650744402e-07
3.48472007354964e-07
3.37392055833325e-07
3.26238868689533e-07
3.15012519510016e-07
3.0371308296028e-07
2.9234063478759e-07
2.80895251823671e-07
2.69377011987394e-07
2.57785994287475e-07
2.46122278825171e-07
2.3438594679698e-07
2.22577080497334e-07
2.10695763321298e-07
1.98742079767275e-07
1.86716115439699e-07
1.7461795705174e-07
1.62447692428004e-07
1.50205410507232e-07
1.37891201345006e-07
1.2550515611645e-07
1.13047367118936e-07
1.00517927774784e-07
8.79169326339666e-08
7.52444773768136e-08
6.25006588167151e-08
4.96855749028274e-08
3.67993247227768e-08
2.38420085053617e-08
1.08137276232554e-08
-2.28541540428924e-09
-1.54553169087348e-08
-2.86958720695559e-08
-4.20069749115377e-08
-5.53885183020727e-08
-6.88403939484584e-08
-8.23624923951955e-08
-9.59547030212868e-08
-1.09616914037537e-07
-1.23349012483854e-07
-1.37150884226551e-07
-1.51022413955648e-07
-1.64963485182172e-07
-1.78973980235466e-07
-1.93053780260488e-07
-2.07202765215122e-07
-2.21420813867484e-07
-2.35707803793231e-07
-2.50063611372868e-07
-2.64488111789064e-07
-2.78981179023962e-07
-2.93542685856492e-07
-3.08172503859689e-07
-3.22870503398009e-07
-3.37636553624651e-07
-3.52470522478873e-07
-3.67372276683318e-07
-3.82341681741337e-07
-3.97378601934317e-07
-4.12482900319009e-07
-4.27654438724858e-07
-4.42893077751339e-07
-4.58198676765285e-07
-4.73571093898234e-07
-4.89010186043762e-07
-5.04515808854829e-07
-5.20087816741122e-07
-5.35726062866408e-07
-5.51430399145878e-07
-5.672006762435e-07
-5.83036743569381e-07
-5.98938449277121e-07
-6.14905640261174e-07
-6.30938162154219e-07
-6.4703585932452e-07
-6.63198574873304e-07
-6.79426150632132e-07
-6.95718427160278e-07
-7.12075243742113e-07
-7.28496438384485e-07
-7.44981847814109e-07
-7.6153130747496e-07
-7.78144651525669e-07
-7.9482171283692e-07
-8.11562322988856e-07
-8.28366312268488e-07
-8.45233509667106e-07
-8.62163742877689e-07
-8.79156838292333e-07
-8.96212620999673e-07
-9.13330914782309e-07
-9.30511542114242e-07
-9.47754324158308e-07
-9.65059080763625e-07
-9.82425630463035e-07
-9.99853790470559e-07
-1.01734337667885e-06
-1.03489420365667e-06
-1.05250608464631e-06
-1.07017883156113e-06
-1.08791225498299e-06
-1.10570616415973e-06
-1.12356036700268e-06
-1.14147467008414e-06
-1.15944887863489e-06
-1.17748279654167e-06
-1.19557622634471e-06
-1.21372896923524e-06
-1.23194082505301e-06
-1.25021159228381e-06
-1.26854106805701e-06
-1.28692904814312e-06
-1.3053753269513e-06
-1.32387969752691e-06
-1.3424419515491e-06
-1.36106187932836e-06
-1.37973926980409e-06
-1.39847391054217e-06
-1.41726558773255e-06
-1.43611408618683e-06
-1.4550191893359e-06
-1.47398067922748e-06
-1.4929983365238e-06
-1.51207194049915e-06
-1.53120126903756e-06
-1.55038609863041e-06
-1.56962620437408e-06
-1.58892135996759e-06
-1.60827133771026e-06
-1.62767590849936e-06
-1.64713484182782e-06
-1.66664790578186e-06
-1.68621486703871e-06
-1.70583549086429e-06
-1.72550954111093e-06
-1.74523678021505e-06
-1.76501696919493e-06
-1.78484986764838e-06
-1.80473523375051e-06
-1.8246728242515e-06
-1.84466239447428e-06
-1.86470369831237e-06
-1.8847964882276e-06
-1.90494051524791e-06
-1.92513552896517e-06
-1.9453812775329e-06
-1.96567750766415e-06
-1.98602396462928e-06
-2.00642039225383e-06
-2.02686653291627e-06
-2.04736212754596e-06
-2.06790691562091e-06
-2.08850063516569e-06
-2.10914302274929e-06
-2.12983381348304e-06
-2.15057274101844e-06
-2.17135953754511e-06
-2.19219393378873e-06
-2.21307565900889e-06
-2.2340044409971e-06
-2.2549800060747e-06
-2.27600207909082e-06
-2.29707038342037e-06
-2.318184640962e-06
-2.33934457213608e-06
-2.36054989588272e-06
-2.38180032965978e-06
-2.40309558944091e-06
-2.42443538971354e-06
-2.44581944347696e-06
-2.46724746224038e-06
-2.48871915602099e-06
-2.51023423334205e-06
-2.53179240123096e-06
-2.5533933652174e-06
-2.57503682933142e-06
-2.59672249610158e-06
-2.6184500665531e-06
-2.64021924020599e-06
-2.66202971507324e-06
-2.68388118765899e-06
-2.70577335295673e-06
-2.72770590444749e-06
-2.74967853409807e-06
-2.77169093235926e-06
-2.7937427881641e-06
-2.8158337889261e-06
-2.83796362053757e-06
-2.86013196736785e-06
-2.88233851226163e-06
-2.90458293653724e-06
-2.92686491998503e-06
-2.94918414086562e-06
-2.97154027590833e-06
-2.99393300030952e-06
-3.01636198773094e-06
-3.03882691029817e-06
-3.06132743859899e-06
-3.08386324168182e-06
-3.10643398705419e-06
-3.12903934068112e-06
-3.15167896698365e-06
-3.17435252883729e-06
-3.19705968757051e-06
-3.21980010296329e-06
-3.2425734332456e-06
-3.26537933509597e-06
-3.28821746364003e-06
-3.31108747244911e-06
-3.33398901353879e-06
-3.35692173736755e-06
-3.37988529283533e-06
-3.40287932728223e-06
-3.4259034864871e-06
-3.44895741466628e-06
-3.47204075447219e-06
-3.49515314699212e-06
-3.51829423174688e-06
-3.54146364668958e-06
-3.56466102820435e-06
-3.58788601110512e-06
-3.6111382286344e-06
-3.63441731246208e-06
-3.65772289268423e-06
-3.68105459782198e-06
-3.70441205482032e-06
-3.727794889047e-06
-3.7512027242914e-06
-3.77463518276345e-06
-3.79809188509254e-06
-3.82157245032648e-06
-3.8450764959304e-06
-3.86860363778579e-06
-3.89215349018949e-06
-3.91572566585263e-06
-3.93931977589975e-06
-3.96293542986782e-06
-3.98657223570526e-06
-4.01022979977108e-06
-4.03390772683399e-06
-4.05760562007148e-06
-4.08132308106898e-06
-4.10505970981905e-06
-4.12881510472052e-06
-4.1525888625777e-06
-4.17638057859963e-06
-4.20018984639929e-06
-4.22401625799287e-06
-4.24785940379904e-06
-4.27171887263825e-06
-4.29559425173209e-06
-4.31948512670255e-06
-4.34339108157144e-06
-4.36731169875975e-06
-4.39124655908707e-06
-4.41519524177095e-06
-4.43915732442642e-06
-4.46313238306541e-06
-4.48711999209623e-06
-4.5111197243231e-06
-4.53513115094562e-06
-4.5591538415584e-06
-4.58318736415056e-06
-4.60723128510535e-06
-4.63128516919974e-06
-4.65534857960407e-06
-4.67942107788169e-06
-4.70350222398867e-06
-4.72759157627344e-06
-4.75168869147657e-06
-4.77579312473047e-06
-4.79990442955919e-06
-4.82402215787815e-06
-4.84814585999404e-06
-4.87227508460454e-06
-4.89640937879828e-06
-4.92054828805465e-06
-4.94469135624374e-06
-4.96883812562623e-06
-4.99298813685336e-06
-5.01714092896692e-06
-5.0412960393992e-06
-5.06545300397303e-06
-5.08961135690183e-06
-5.11377063078966e-06
-5.13793035663133e-06
-5.16209006381247e-06
-5.18624928010973e-06
-5.21040753169088e-06
-5.23456434311506e-06
-5.25871923733291e-06
-5.28287173568689e-06
-5.30702135791148e-06
-5.33116762213351e-06
-5.3553100448724e-06
-5.37944814104057e-06
-5.40358142394377e-06
-5.42770940528145e-06
-5.4518315951472e-06
-5.47594750202915e-06
-5.50005663281048e-06
-5.52415849276983e-06
-5.54825258558191e-06
-5.57233841331797e-06
-5.59641547644637e-06
-5.62048327383323e-06
-5.64454130274297e-06
-5.668589058839e-06
-5.69262603618435e-06
-5.71665172724244e-06
-5.74066562287774e-06
-5.76466721235652e-06
-5.78865598334765e-06
-5.81263142192343e-06
-5.83659301256034e-06
-5.86054023813998e-06
-5.88447257994992e-06
-5.90838951768461e-06
-5.93229052944635e-06
-5.9561750917462e-06
-5.98004267950506e-06
-6.00389276605461e-06
-6.02772482313842e-06
-6.05153832091301e-06
-6.07533272794896e-06
-6.09910751123205e-06
-6.12286213616441e-06
-6.14659606656574e-06
-6.17030876467452e-06
-6.19399969114926e-06
-6.21766830506977e-06
-6.2413140639385e-06
-6.26493642368184e-06
-6.28853483865153e-06
-6.31210876162601e-06
-6.33565764381188e-06
-6.35918093484536e-06
-6.38267808279376e-06
-6.406148534157e-06
-6.42959173386916e-06
-6.45300712530005e-06
-6.47639415025683e-06
-6.4997522489856e-06
-6.52308086017313e-06
-6.54637942094852e-06
-6.56964736688493e-06
-6.59288413200132e-06
-6.61608914876428e-06
-6.63926184808983e-06
-6.66240165934526e-06
-6.68550801035104e-06
-6.70858032738269e-06
-6.73161803517276e-06
-6.75462055691279e-06
-6.77758731425533e-06
-6.80051772731595e-06
-6.82341121467535e-06
-6.84626719338142e-06
-6.8690850789514e-06
-6.89186428537405e-06
-6.91460422511182e-06
-6.93730430910311e-06
-6.95996394676451e-06
-6.98258254599312e-06
-7.00515951316885e-06
-7.0276942531568e-06
-7.05018616930964e-06
-7.07263466347007e-06
-7.09503913597321e-06
-7.11739898564915e-06
-7.13971360982547e-06
-7.16198240432976e-06
-7.18420476349226e-06
-7.20638008014843e-06
-7.22850774564169e-06
-7.25058714982603e-06
-7.27261768106878e-06
-7.29459872625335e-06
-7.31652967078204e-06
-7.33840989857886e-06
-7.36023879209238e-06
-7.38201573229867e-06
-7.40374009870418e-06
-7.42541126934872e-06
-7.4470286208085e-06
-7.4685915281991e-06
-7.49009936517858e-06
-7.51155150395058e-06
-7.53294731526744e-06
-7.55428616843339e-06
-7.57556743130778e-06
-7.59679047030827e-06
-7.61795465041418e-06
-7.63905933516974e-06
-7.66010388668749e-06
-7.68108766565165e-06
-7.70201003132151e-06
-7.72287034153495e-06
-7.74366795271189e-06
-7.76440221985785e-06
-7.78507249656748e-06
-7.80567813502818e-06
-7.82621848602376e-06
-7.84669289893808e-06
-7.86710072175882e-06
-7.88744130108114e-06
-7.90771398211155e-06
-7.92791810867167e-06
-7.94805302320213e-06
-7.96811806676645e-06
-7.988112579055e-06
-8.00803589838892e-06
-8.02788736172415e-06
-8.04766630465551e-06
-8.06737206142072e-06
-8.08700396490458e-06
-8.10656134664309e-06
-8.12604353682765e-06
-8.14544986430931e-06
-8.16477965660304e-06
-8.184032239892e-06
-8.20320693903195e-06
-8.22230307755558e-06
-8.24131997767696e-06
-8.26025696029601e-06
-8.27911334500296e-06
-8.29788845008294e-06
-8.31658159252055e-06
-8.33519208800442e-06
-8.35371925093192e-06
-8.37216239441387e-06
-8.39052083027922e-06
-8.40879386907982e-06
-8.42698082009531e-06
-8.44508099133785e-06
-8.46309368955711e-06
-8.48101822024518e-06
-8.49885388764148e-06
-8.51659999473786e-06
-8.53425584328358e-06
-8.55182073379038e-06
-8.56929396553769e-06
-8.58667483657772e-06
-8.60396264374068e-06
-8.62115668264007e-06
-8.63825624767791e-06
-8.65526063205011e-06
-8.67216912775183e-06
-8.68898102558288e-06
-8.70569561515314e-06
-8.72231218488809e-06
-8.73883002203431e-06
-8.75524841266506e-06
-8.77156664168589e-06
-8.7877839928403e-06
-8.80389974871543e-06
-8.81991319074777e-06
-8.83582359922896e-06
-8.85163025331159e-06
-8.86733243101507e-06
-8.88292940923148e-06
-8.8984204637316e-06
-8.91380486917078e-06
-8.92908189909506e-06
-8.94425082594716e-06
-8.95931092107262e-06
-8.97426145472593e-06
-8.98910169607673e-06
-9.00383091321604e-06
-9.01844837316253e-06
-9.03295334186882e-06
-9.04734508422782e-06
-9.06162286407918e-06
-9.07578594421567e-06
-9.08983358638971e-06
-9.10376505131985e-06
-9.11757959869738e-06
-9.1312764871929e-06
-9.14485497446296e-06
-9.15831431715681e-06
-9.17165377092308e-06
-9.18487259041657e-06
-9.19797002930511e-06
-9.21094534027637e-06
-9.22379777504481e-06
-9.23652658435861e-06
-9.24913101800665e-06
-9.26161032482553e-06
-9.2739637527067e-06
-9.28619054860354e-06
-9.29828995853855e-06
-9.3102612276105e-06
-9.32210360000178e-06
-9.33381631898559e-06
-9.34539862693336e-06
-9.35684976532206e-06
-9.3681689747417e-06
-9.37935549490271e-06
-9.39040856464353e-06
-9.40132742193811e-06
-9.41211130390353e-06
-9.42275944680761e-06
-9.43327108607666e-06
-9.44364545630314e-06
-9.45388179125349e-06
-9.4639793238759e-06
-9.47393728630821e-06
-9.48375490988578e-06
-9.49343142514947e-06
-9.5029660618536e-06
-9.51235804897399e-06
-9.52160661471608e-06
-9.53071098652302e-06
-9.53967039108384e-06
-9.54848405434166e-06
-9.55715120150197e-06
-9.56567105704092e-06
-9.57404284471367e-06
-9.58226578756275e-06
-9.59033910792655e-06
-9.59826202744776e-06
-9.60603376708189e-06
-9.61365354710587e-06
-9.62112058712663e-06
-9.6284341060898e-06
-9.63559332228838e-06
-9.64259745337149e-06
-9.64944571635315e-06
-9.65613732762116e-06
-9.66267150294594e-06
-9.66904745748946e-06
-9.67526440581425e-06
-9.68132156189235e-06
-9.68721813911443e-06
-9.69295335029887e-06
-9.69852640770091e-06
-9.70393652302184e-06
-9.70918290741825e-06
-9.71426477151131e-06
-9.71918132539614e-06
-9.72393177865113e-06
-9.72851534034735e-06
-9.73293121905807e-06
-9.73717862286825e-06
-9.74125675938407e-06
-9.74516483574257e-06
-9.74890205862128e-06
-9.7524676342479e-06
-9.75586076841007e-06
-9.7590806664651e-06
-9.76212653334984e-06
-9.76499757359054e-06
-9.76769299131274e-06
-9.77021199025128e-06
-9.77255377376028e-06
-9.77471754482319e-06
-9.77670250606289e-06
-9.77850785975183e-06
-9.78013280782225e-06
-9.78157655187639e-06
-9.78283829319675e-06
-9.78391723275645e-06
-9.78481257122959e-06
-9.78552350900165e-06
-9.78604924617996e-06
-9.78638898260421e-06
-9.78654191785699e-06
-9.7865072512744e-06
-9.78628418195668e-06
-9.78587190877892e-06
-9.78526963040176e-06
-9.78447654528219e-06
-9.78349185168436e-06
-9.78231474769045e-06
-9.7809444312116e-06
-9.77938009999883e-06
-9.77762095165409e-06
-9.77566618364127e-06
-9.77351499329736e-06
-9.77116657784348e-06
-9.76862013439618e-06
-9.76587485997858e-06
-9.76292995153169e-06
-9.75978460592572e-06
-9.75643801997145e-06
-9.75288939043164e-06
-9.74913791403247e-06
-9.74518278747507e-06
-9.74102320744702e-06
-9.73665837063403e-06
-9.73208747373146e-06
-9.7273097134561e-06
-9.72232428655782e-06
-9.7171303898314e-06
-9.71172722012831e-06
-9.70611397436855e-06
-9.70028984955262e-06
-9.69425404277341e-06
-9.68800575122824e-06
-9.68154417223086e-06
-9.67486850322357e-06
-9.66797794178933e-06
-9.66087168566393e-06
-9.65354893274823e-06
-9.64600888112041e-06
-9.63825072904826e-06
-9.63027367500154e-06
-9.6220769176644e-06
-9.6136596559478e-06
-9.60502108900202e-06
-9.59616041622914e-06
-9.58707683729568e-06
-9.57776955214515e-06
-9.56823776101078e-06
-9.55848066442815e-06
-9.54849746324804e-06
-9.53828735864913e-06
-9.52784955215091e-06
-9.5171832456265e-06
-9.50628764131563e-06
-9.49516194183758e-06
-9.48380535020422e-06
-9.47221706983305e-06
-9.46039630456031e-06
-9.44834225865409e-06
-9.43605413682757e-06
-9.42353114425225e-06
-9.41077248657117e-06
-9.3977773699123e-06
-9.38454500090186e-06
-9.37107458667773e-06
-9.35736533490291e-06
-9.34341645377905e-06
-9.32922715205992e-06
-9.31479663906503e-06
-9.30012412469325e-06
-9.28520881943643e-06
-9.27004993439316e-06
-9.25464668128248e-06
-9.23899827245772e-06
-9.22310392092031e-06
-9.20696284033364e-06
-9.19057424503703e-06
-9.17393735005962e-06
-9.15705137113445e-06
-9.13991552471249e-06
-9.12252902797668e-06
-9.1048910988561e-06
-9.08700095604015e-06
-9.06885781899274e-06
-9.05046090796657e-06
-9.03180944401742e-06
-9.01290264901848e-06
-8.99373974567476e-06
-8.97431995753747e-06
-8.95464250901854e-06
-8.93470662540508e-06
-8.91451153287395e-06
-8.89405645850634e-06
-8.87334063030237e-06
-8.85236327719583e-06
-8.83112362906882e-06
-8.80962091676653e-06
-8.78785437211204e-06
-8.76582322792115e-06
-8.74352671801725e-06
-8.72096407724621e-06
-8.69813454149136e-06
-8.67503734768848e-06
-8.65167173384081e-06
-8.62803693903417e-06
-8.60413220345199e-06
-8.57995676839057e-06
-8.55550987627417e-06
-8.53079077067032e-06
-8.50579869630502e-06
-8.48053289907811e-06
-8.45499262607856e-06
-8.4291771255999e-06
-8.40308564715562e-06
-8.37671744149466e-06
-8.35007176061686e-06
-8.32314785778858e-06
-8.29594498755821e-06
-8.26846240577183e-06
-8.24069936958883e-06
-8.21265513749763e-06
-8.18432896933138e-06
-8.15572012628377e-06
-8.12682787092479e-06
-8.09765146721662e-06
-8.06819018052947e-06
-8.03844327765752e-06
-8.00841002683484e-06
-7.97808969775143e-06
-7.9474815615692e-06
-7.91658489093807e-06
-7.88539896001204e-06
-7.85392304446536e-06
-7.82215642150867e-06
-7.7900983699052e-06
-7.75774816998705e-06
-7.72510510367145e-06
-7.69216845447707e-06
-7.65893750754037e-06
-7.62541154963198e-06
-7.59158986917316e-06
-7.55747175625219e-06
-7.52305650264091e-06
-7.4883434018112e-06
-7.45333174895157e-06
-7.41802084098373e-06
-7.38240997657925e-06
-7.34649845617616e-06
-7.31028558199569e-06
-7.27377065805898e-06
-7.23695299020385e-06
-7.19983188610158e-06
-7.16240665527373e-06
-7.124676609109e-06
-7.08664106088015e-06
-7.04829932576089e-06
-7.00965072084285e-06
-6.97069456515253e-06
-6.9314301796684e-06
-6.89185688733786e-06
-6.85197401309438e-06
-6.81178088387459e-06
-6.77127682863543e-06
-6.73046117837133e-06
-6.6893332661314e-06
-6.64789242703668e-06
-6.60613799829741e-06
-6.5640693192303e-06
-6.52168573127587e-06
-6.47898657801583e-06
-6.43597120519042e-06
-6.39263896071586e-06
-6.34898919470179e-06
-6.30502125946871e-06
-6.26073450956554e-06
-6.21612830178709e-06
-6.17120199519169e-06
-6.12595495111868e-06
-6.08038653320609e-06
-6.03449610740828e-06
-5.98828304201359e-06
-5.94174670766203e-06
-5.89488647736302e-06
-5.84770172651314e-06
-5.80019183291387e-06
-5.75235617678946e-06
-5.70419414080469e-06
-5.65570511008277e-06
-5.60688847222322e-06
-5.55774361731972e-06
-5.5082699379781e-06
-5.45846682933426e-06
-5.40833368907219e-06
-5.35786991744193e-06
-5.30707491727764e-06
-5.2559480940156e-06
-5.20448885571234e-06
-5.15269661306269e-06
-5.10057077941795e-06
-5.048110770804e-06
-4.9953160059395e-06
-4.94218590625405e-06
-4.88871989590641e-06
-4.83491740180276e-06
-4.78077785361493e-06
-4.7263006837987e-06
-4.67148532761206e-06
-4.61633122313358e-06
-4.56083781128074e-06
-4.50500453582825e-06
-4.44883084342649e-06
-4.39231618361986e-06
-4.33546000886526e-06
-4.27826177455048e-06
-4.22072093901267e-06
-4.16283696355683e-06
-4.10460931247429e-06
-4.04603745306128e-06
-3.98712085563737e-06
-3.92785899356413e-06
-3.86825134326359e-06
-3.80829738423691e-06
-3.74799659908294e-06
-3.68734847351686e-06
-3.6263524963888e-06
-3.5650081597025e-06
-3.50331495863398e-06
-3.44127239155022e-06
-3.37887996002786e-06
-3.31613716887191e-06
-3.25304352613448e-06
-3.18959854313352e-06
-3.12580173447157e-06
-3.06165261805454e-06
-2.9971507151105e-06
-2.93229555020845e-06
-2.86708665127716e-06
-2.80152354962397e-06
-2.73560577995361e-06
-2.6693328803871e-06
-2.60270439248053e-06
-2.53571986124402e-06
-2.46837883516051e-06
-2.40068086620469e-06
-2.33262550986192e-06
-2.26421232514711e-06
-2.19544087462364e-06
-2.1263107244223e-06
-2.05682144426023e-06
-1.98697260745984e-06
-1.91676379096782e-06
-1.84619457537403e-06
-1.77526454493054e-06
-1.70397328757056e-06
-1.63232039492745e-06
-1.56030546235368e-06
-1.48792808893988e-06
-1.41518787753379e-06
-1.3420844347593e-06
-1.26861737103547e-06
-1.1947863005955e-06
-1.12059084150584e-06
-1.04603061568514e-06
-9.71105248923309e-07
-8.95814370900572e-07
-8.20157615206479e-07
-7.44134619358959e-07
-6.67745024823367e-07
-5.90988477031528e-07
-5.13864625400784e-07
-4.36373123353045e-07
-3.5851362833384e-07
-2.80285801831369e-07
-2.01689309395553e-07
-1.22723820657087e-07
-4.33890093464908e-08
3.63154466868387e-08
1.16389865455581e-07
1.96834560815445e-07
2.77649842446118e-07
3.58836015832227e-07
4.40393382244299e-07
5.22322238719717e-07
6.04622878043691e-07
6.87295588730225e-07
7.70340655003093e-07
8.53758356776815e-07
9.37548969637641e-07
1.02171276482454e-06
1.10625000921021e-06
1.19116096528203e-06
1.27644589112313e-06
1.36210504039337e-06
1.44813866231036e-06
1.53454700163051e-06
1.62133029863005e-06
1.70848878908607e-06
1.79602270425762e-06
1.8839322708667e-06
1.97221771107941e-06
2.06087924248699e-06
2.14991707808693e-06
2.23933142626408e-06
2.32912249077174e-06
2.41929047071285e-06
2.50983556052107e-06
2.60075794994196e-06
2.69205782401418e-06
2.7837353630506e-06
2.87579074261957e-06
2.96822413352609e-06
3.06103570179304e-06
3.15422560864243e-06
3.24779401047666e-06
3.34174105885976e-06
3.43606690049874e-06
3.53077167722484e-06
3.62585552597489e-06
3.72131857877262e-06
3.81716096271006e-06
3.9133827999289e-06
4.00998420760187e-06
4.1069652979142e-06
4.20432617804503e-06
4.30206695014888e-06
4.40018771133714e-06
4.49868855365954e-06
4.59756956408571e-06
4.69683082448673e-06
4.79647241161665e-06
4.89649439709415e-06
4.99689684738411e-06
5.09767982377928e-06
5.19884338238193e-06
5.30038757408556e-06
5.40231244455661e-06
5.5046180342162e-06
5.6073043782219e-06
5.71037150644955e-06
5.81381944347507e-06
5.91764820855632e-06
6.02185781561497e-06
6.12644827321844e-06
6.23141958456182e-06
6.33677174744985e-06
6.44250475427894e-06
6.54861859201916e-06
6.65511324219636e-06
6.76198868087426e-06
6.86924487863654e-06
6.97688180056905e-06
7.08489940624199e-06
7.19329764969215e-06
7.30207647940517e-06
7.41123583829782e-06
7.52077566370039e-06
7.63069588733903e-06
7.74099643531817e-06
7.85167722810297e-06
7.96273818050181e-06
8.07417920164882e-06
8.18600019498643e-06
8.29820105824797e-06
8.41078168344033e-06
8.52374195682665e-06
8.63708175890901e-06
8.75080096441124e-06
8.8648994422617e-06
8.97937705557613e-06
9.09423366164054e-06
9.20946911189416e-06
9.32508325191244e-06
9.44107592139004e-06
9.55744695412394e-06
9.67419617799653e-06
9.79132341495877e-06
9.90882848101341e-06
1.00267111861982e-05
1.01449713345694e-05
1.02636087241849e-05
1.03826231470875e-05
1.05020143892889e-05
1.06217822307527e-05
1.07419264453781e-05
1.08624468009836e-05
1.09833430592906e-05
1.1104614975907e-05
1.12262623003111e-05
1.13482847758355e-05
1.14706821396507e-05
1.15934541227493e-05
1.17166004499298e-05
1.18401208397806e-05
1.19640150046643e-05
1.20882826507018e-05
1.22129234777563e-05
1.23379371794178e-05
1.24633234429874e-05
1.25890819494614e-05
1.27152123735163e-05
1.28417143834927e-05
1.29685876413803e-05
1.30958318028023e-05
1.32234465170001e-05
1.33514314268183e-05
1.34797861686891e-05
1.36085103726177e-05
1.37376036621668e-05
1.38670656544417e-05
1.39968959600755e-05
1.41270941832142e-05
1.42576599215021e-05
1.43885927660665e-05
1.45198923015037e-05
1.46515581058641e-05
1.47835897506378e-05
1.49159868007399e-05
1.50487488144965e-05
1.51818753436301e-05
1.53153659332456e-05
1.54492201218158e-05
1.55834374411679e-05
1.57180174164689e-05
1.5852959566212e-05
1.59882634022026e-05
1.61239284295445e-05
1.62599541466265e-05
1.63963400451082e-05
1.6533085609907e-05
1.66701903191844e-05
1.68076536443325e-05
1.69454750499608e-05
1.70836539938831e-05
1.72221899271042e-05
1.73610822938067e-05
1.75003305313381e-05
1.76399340701981e-05
1.77798923340257e-05
1.79202047395862e-05
1.80608706967587e-05
1.82018896085237e-05
1.83432608709506e-05
1.84849838731848e-05
1.86270579974361e-05
1.87694826189661e-05
1.8912257106076e-05
1.90553808200948e-05
1.91988531153672e-05
1.93426733392418e-05
1.94868408320594e-05
1.9631354927141e-05
1.97762149507766e-05
1.99214202222138e-05
2.00669700536457e-05
2.02128637502004e-05
2.03591006099295e-05
2.05056799237968e-05
2.06526009756675e-05
2.07998630422974e-05
2.09474653933217e-05
2.10954072912446e-05
2.12436879914286e-05
2.1392306742084e-05
2.15412627842584e-05
2.16905553518265e-05
2.18401836714799e-05
2.19901469627169e-05
2.21404444378325e-05
2.22910753019086e-05
2.24420387528041e-05
2.25933339811453e-05
2.27449601703163e-05
2.28969164964493e-05
2.30492021284159e-05
2.32018162278169e-05
2.33547579489741e-05
2.35080264389204e-05
2.36616208373916e-05
2.38155402768172e-05
2.39697838823117e-05
2.41243507716661e-05
2.42792400553395e-05
2.44344508364506e-05
2.45899822107696e-05
2.47458332667098e-05
2.49020030853202e-05
2.50584907402766e-05
2.5215295297875e-05
2.5372415817023e-05
2.55298513492328e-05
2.56876009386135e-05
2.58456636218641e-05
2.60040384282661e-05
2.61627243796763e-05
2.63217204905203e-05
2.64810257677854e-05
2.66406392110141e-05
2.68005598122973e-05
2.69607865562681e-05
2.71213184200954e-05
2.7282154373478e-05
2.7443293378638e-05
2.76047343903153e-05
2.77664763557619e-05
2.7928518214736e-05
2.80908588994965e-05
2.82534973347977e-05
2.84164324378842e-05
2.85796631184854e-05
2.87431882788109e-05
2.89070068135455e-05
2.90711176098444e-05
2.92355195473286e-05
2.94002114980807e-05
2.95651923266405e-05
2.97304608900006e-05
2.98960160376029e-05
3.00618566113341e-05
3.02279814455226e-05
3.03943893669343e-05
3.05610791947696e-05
3.07280497406598e-05
3.08952998086643e-05
3.10628281952671e-05
3.12306336893742e-05
3.13987150723112e-05
3.15670711178198e-05
3.17357005920565e-05
3.19046022535895e-05
3.2073774853397e-05
3.22432171348648e-05
3.24129278337852e-05
3.25829056783546e-05
3.27531493891724e-05
3.29236576792392e-05
3.30944292539563e-05
3.32654628111241e-05
3.34367570409413e-05
3.36083106260043e-05
3.37801222413064e-05
3.39521905542376e-05
3.41245142245844e-05
3.42970919045293e-05
3.44699222386513e-05
3.46430038639259e-05
3.48163354097255e-05
3.49899154978199e-05
3.51637427423773e-05
3.53378157499648e-05
3.55121331195498e-05
3.56866934425008e-05
3.58614953025893e-05
3.60365372759907e-05
3.62118179312866e-05
3.63873358294667e-05
3.65630895239303e-05
3.6739077560489e-05
3.6915298477369e-05
3.70917508052137e-05
3.72684330670863e-05
3.74453437784729e-05
3.76224814472855e-05
3.77998445738656e-05
3.7977431650987e-05
3.815524116386e-05
3.83332715901352e-05
3.85115213999073e-05
3.86899890557192e-05
3.88686730125665e-05
3.90475717179024e-05
3.92266836116416e-05
3.94060071261661e-05
3.95855406863295e-05
3.97652827094631e-05
3.99452316053805e-05
4.0125385776384e-05
4.030574361727e-05
4.04863035153354e-05
4.06670638503834e-05
4.08480229947302e-05
4.10291793132116e-05
4.12105311631897e-05
4.13920768945599e-05
4.15738148497583e-05
4.17557433637687e-05
4.19378607641307e-05
4.2120165370947e-05
4.23026554968917e-05
4.24853294472182e-05
4.26681855197678e-05
4.28512220049783e-05
4.30344371858925e-05
4.32178293381677e-05
4.34013967300841e-05
4.3585137622555e-05
4.37690502691359e-05
4.39531329160343e-05
4.413738380212e-05
4.43218011589353e-05
4.4506383210705e-05
4.46911281743475e-05
4.48760342594852e-05
4.50610996684562e-05
4.52463225963249e-05
4.54317012308936e-05
4.56172337527147e-05
4.58029183351019e-05
4.59887531441428e-05
4.61747363387109e-05
4.63608660704786e-05
4.65471404839295e-05
4.67335577163716e-05
4.69201158979507e-05
4.71068131516633e-05
4.72936475933708e-05
4.74806173318132e-05
4.76677204686228e-05
4.78549550983392e-05
4.80423193084232e-05
4.82298111792721e-05
4.84174287842342e-05
4.86051701896247e-05
4.87930334547403e-05
4.89810166318756e-05
4.91691177663385e-05
4.93573348964667e-05
4.95456660536437e-05
4.97341092623159e-05
4.99226625400091e-05
5.01113238973454e-05
5.03000913380611e-05
5.04889628590236e-05
5.06779364502496e-05
5.08670100949228e-05
5.10561817694126e-05
5.1245449443292e-05
5.14348110793572e-05
5.16242646336454e-05
5.18138080554552e-05
5.20034392873653e-05
5.21931562652545e-05
5.23829569183215e-05
5.25728391691052e-05
5.27628009335051e-05
5.29528401208023e-05
5.31429546336799e-05
5.33331423682444e-05
5.35234012140475e-05
5.37137290541074e-05
5.39041237649306e-05
5.40945832165346e-05
5.428510527247e-05
5.44756877898432e-05
5.46663286193396e-05
5.48570256052466e-05
5.50477765854771e-05
5.52385793915934e-05
5.54294318488309e-05
5.56203317761227e-05
5.58112769861238e-05
5.6002265285236e-05
5.61932944736332e-05
5.6384362345286e-05
5.65754666879882e-05
5.67666052833818e-05
5.69577759069837e-05
5.71489763282115e-05
5.73402043104106e-05
5.7531457610881e-05
5.77227339809044e-05
5.79140311657715e-05
5.81053469048101e-05
5.82966789314126e-05
5.84880249730649e-05
5.8679382751374e-05
5.8870749982098e-05
5.90621243751739e-05
5.92535036347481e-05
5.94448854592052e-05
5.96362675411985e-05
5.98276475676798e-05
6.00190232199302e-05
6.02103921735906e-05
6.04017520986928e-05
6.0593100659691e-05
6.07844355154931e-05
6.0975754319493e-05
6.11670547196024e-05
6.13583343582835e-05
6.15495908725818e-05
6.17408218941587e-05
6.19320250493256e-05
6.21231979590767e-05
6.23143382391234e-05
6.25054434999284e-05
6.26965113467404e-05
6.28875393796283e-05
6.30785251935171e-05
6.32694663782226e-05
6.34603605184875e-05
6.3651205194017e-05
6.38419979795156e-05
6.40327364447232e-05
6.42234181544521e-05
6.44140406686245e-05
6.46046015423096e-05
6.47950983257614e-05
6.49855285644571e-05
6.5175889799135e-05
6.53661795658337e-05
6.55563953959307e-05
6.57465348161819e-05
6.59365953487615e-05
6.61265745113013e-05
6.63164698169314e-05
6.65062787743207e-05
6.66959988877174e-05
6.68856276569907e-05
6.7075162577672e-05
6.72646011409965e-05
6.74539408339458e-05
6.764317913929e-05
6.78323135356307e-05
6.80213414974434e-05
6.82102604951219e-05
6.83990679950213e-05
6.85877614595021e-05
6.87763383469748e-05
6.89647961119442e-05
6.91531322050548e-05
6.93413440731359e-05
6.95294291592473e-05
6.9717384902725e-05
6.9905208739228e-05
7.00928981007845e-05
7.02804504158389e-05
7.04678631092994e-05
7.06551336025852e-05
7.08422593136746e-05
7.10292376571533e-05
7.12160660442631e-05
7.14027418829506e-05
7.15892625779166e-05
7.17756255306659e-05
7.19618281395568e-05
7.21478677998517e-05
7.23337419037676e-05
7.25194478405272e-05
7.270498299641e-05
7.28903447548042e-05
7.30755304962584e-05
7.3260537598534e-05
7.34453634366582e-05
7.36300053829762e-05
7.38144608072055e-05
7.3998727076489e-05
7.41828015554491e-05
7.43666816062423e-05
7.45503645886141e-05
7.47338478599534e-05
7.49171287753486e-05
7.51002046876433e-05
7.52830729474921e-05
7.54657309034172e-05
7.56481759018656e-05
7.58304052872659e-05
7.60124164020862e-05
7.61942065868916e-05
7.63757731804029e-05
7.65571135195548e-05
7.67382249395556e-05
7.69191047739456e-05
7.70997503546575e-05
7.72801590120761e-05
7.7460328075099e-05
7.76402548711972e-05
7.78199367264763e-05
7.79993709657382e-05
7.81785549125428e-05
7.83574858892701e-05
7.85361612171832e-05
7.8714578216491e-05
7.88927342064115e-05
7.90706265052358e-05
7.92482524303921e-05
7.94256092985101e-05
7.96026944254856e-05
7.97795051265464e-05
7.99560387163171e-05
8.01322925088857e-05
8.03082638178695e-05
8.04839499564819e-05
8.06593482376e-05
8.08344559738313e-05
8.10092704775818e-05
8.11837890611239e-05
8.13580090366657e-05
8.15319277164207e-05
8.17055424126775e-05
8.18788504378653e-05
8.20518491046208e-05
8.22245357258655e-05
8.23969076148935e-05
8.2568962085445e-05
8.27406964517305e-05
8.29121080284447e-05
8.3083194130899e-05
8.32539520753318e-05
8.34243791790904e-05
8.35944727601702e-05
8.37642301363545e-05
8.39336486256827e-05
8.41027255496031e-05
8.42714582355726e-05
8.44398440114969e-05
8.46078801921038e-05
8.47755640786407e-05
8.4942892996833e-05
8.51098643426581e-05
8.52764755302931e-05
8.54427238029454e-05
8.5608606155777e-05
8.57741197744663e-05
8.59392627677474e-05
8.61040338039139e-05
8.62684296335872e-05
8.64324431879921e-05
8.65960682681397e-05
8.67593103897408e-05
8.69221864440257e-05
8.70846939614772e-05
8.72467758464046e-05
8.74083648059292e-05
8.75695343470157e-05
8.77305524034454e-05
8.7891522131872e-05
8.80518086740393e-05
8.82103685635995e-05
8.83677413814875e-05
8.85274749264728e-05
8.86922330705922e-05
8.88552232325277e-05
8.90009835798277e-05
8.91302907247764e-05
8.92873044894148e-05
8.9521874324078e-05
8.97691867851253e-05
8.98133556834646e-05
8.95808896372693e-05
8.95864571086964e-05
9.06256421928988e-05
9.20944213334272e-05
9.04244643537325e-05
8.04804322374146e-05
5.97555743688146e-05
3.07877994127996e-05
-1.2561517766075e-06
-3.27760314646259e-05
-6.31353204807489e-05
-9.30969283281826e-05
-0.000123143138290101
-0.000153167573213504
-0.00018291742380027
-0.000212280646444838
-0.000241243664432692
-0.000269772241299049
-0.00029779070136688
-0.000325246172449861
-0.000352181327922501
-0.000378763569391026
-0.00040524374961637
-0.000431838342909792
-0.000458580917992958
-0.000485261233719533
-0.000511581150228081
-0.000537524782484097
-0.000563712268093809
-0.000591387188496029
-0.000621864477870027
-0.000655671712353547
-0.000691930691389687
-0.000728454478906676
-0.000762588733640061
-0.000792330307167401
-0.000817088587843328
-0.000837716514875423
-0.000855852040580183
-0.000872825131212946
-0.000888393398059513
-0.000899691344640895
-0.000901128359902873
-0.0008860812712375
-0.000850449011599985
-0.000796535303255449
-0.000734493823961167
-0.000679255996293592
-0.000643768206690686
-0.00063257937043178
-0.000640336139288168
-0.00065641480417187
-0.000672402238013062
-0.000687755473704565
-0.000711398877529085
-0.000758951078750009
-0.000845086290515558
-0.000973049473323999
-0.00112825249279679
-0.00128139299153021
-0.00139840488008036
-0.00145033867702109
-0.00141925356529034
-0.00130010205241509
-0.00109998621364999
-0.00083652254820216
-0.000537046443682078
-0.000238773363007821
1.3107641849449e-05
0.00017382797292313
0.000214561235890517
0.000138234138203541
-1.56570816102898e-05
-0.000184117761148017
-0.000306979435185703
-0.000352069615098411
-0.000325224173091192
-0.000261645515174903
-0.000206791506579355
-0.000198557758751424
-0.000257167940156309
-0.00038215954757538
-0.000553823840664195
-0.000738832066002392
-0.000900814580568843
-0.00101315457821638
-0.00106698696785298
-0.00106890835331948
-0.00103089496256684
-0.000961749776988847
-0.000867201279502883
-0.000756117382017263
-0.000643275509319145
-0.000542449647518473
-0.000454162082597533
-0.000359802577929242
-0.00023060722148983
-4.84844935263293e-05
0.000174847521321568
0.000394869836049218
0.00055187993599657
0.000599974181099989
0.000530882646959092
0.000380106726873566
0.000213576941284417
0.000102207318694441
9.58767465482362e-05
0.000208505844433231
0.00042027633201094
0.000691742946675995
0.000977253881304316
0.00123035703018233
0.00140569071145092
0.00146658324875785
0.00140016907379732
0.00123032412467405
0.00101557103622433
0.000828779510218112
0.000729446710858496
0.000744260314165053
0.000863329145823308
0.00104709507329934
0.00123500575429592
0.00135430812207422
0.00133608365505013
0.00114330317150919
0.000800527673500458
0.000401184246228721
7.45670377951767e-05
-7.7282644785529e-05
-3.48956758234806e-05
0.000129640531465104
0.000297887614389828
0.000374709574120096
0.000338031867225413
0.000241446270528208
0.000174472600345177
0.000208445321124693
0.000358247149952572
0.000575760851406143
0.000772612797027751
0.000858232869267976
0.000776967389475367
0.000530760350264872
0.000178575293730652
-0.000188074176072453
-0.000482284121758366
-0.000652489340943882
-0.00069217485344444
-0.000628846217976509
-0.000505341682960053
-0.000367229450176911
-0.000259932631382333
-0.000228315946155814
-0.000309032738088786
-0.000513711206452867
-0.000812343799731502
-0.00113108526148207
-0.00137214186876192
-0.001449820070519
-0.00132559664751424
-0.0010237561141624
-0.000618946234594194
-0.000202229524094636
0.000156988625824538
0.000436027308674817
0.000662423635279628
0.000896076279402416
0.00119607487803722
0.00158410295947165
0.00202194151735433
0.00241826852075868
0.00266475595549807
0.00268243390752119
0.00245311257715795
0.0020232625594058
0.00148672809593348
0.000960589562417402
0.000561545011756921
0.000380641321978467
0.000455502518589856
0.000750468462178525
0.0011615539953682
0.00155274132167802
0.00180840631625077
0.0018732871479082
0.00175978334051234
0.00152526925967114
0.00123964209527408
0.000963288788509936
0.000742249480360235
0.00061282301123211
0.000601805027068026
0.000714494977840054
0.000917130854412005
0.0011323163929928
0.00126224575955942
0.00123358396336163
0.00103626414694494
0.00072780316493841
0.000398989848549597
0.00012546403572063
-6.27475745697595e-05
-0.000180070474868112
-0.000263884229791385
-0.000353270939517557
-0.000478459789576882
-0.000656502873309449
-0.000884966446484584
-0.00113467700405736
-0.00135209290779282
-0.00147828667291674
-0.00147614898711834
-0.00134662441667482
-0.00112219703492809
-0.000845447564786157
-0.000551960559469991
-0.000268595019361414
-2.05215178777392e-05
0.000166979648642016
0.000276899594642672
0.00031066737682606
0.000289008611547621
0.00024176204377541
0.000194963645829044
0.000163945717379616
0.000153489014483768
0.000159954129353599
0.00017168633774631
0.000169177983848152
0.00012867403617411
3.0269558296207e-05
-0.00013264047683661
-0.000347608242750857
-0.00058419658549757
-0.000800606806356593
-0.000951649542838153
-0.000995357851943075
-0.000899873715411998
-0.000653847322873261
-0.000279237693473138
0.000161573698483497
0.000574830845314354
0.000864465182020829
0.000972114447297652
0.000908326128803974
0.0007551433255842
0.000633382219595089
0.000647923969126106
0.000838817399493533
0.00116395091663328
0.00152031073365044
0.00178850523066871
0.00187570845587142
0.00174025955590289
0.00139620508589833
0.000904136536476928
0.000352901581547045
-0.000166065563012339
-0.00058631235535897
-0.000883789012217138
-0.00107320913973012
-0.00118485384016891
-0.0012376225804904
-0.00122704612894593
-0.00113513332250387
-0.000952190513765393
-0.000692855922441997
-0.000395267648206438
-0.000106932836683034
0.000129673202375457
0.000282454541369934
0.0003284537209599
0.000255254312689924
6.90163542679029e-05
-0.000197564340756438
-0.000487931481559147
-0.00073792168819071
-0.000896900161052495
-0.000940779449273972
-0.000870800004180956
-0.000703186094084362
-0.000460369323414275
-0.00017046754461367
0.000127562459158094
0.000382266776297627
0.000538976926234996
0.000558178260591659
0.00043180794452604
0.000186156757770298
-0.000129627219786098
-0.000459494807123388
-0.000750727673599913
-0.000958047693721693
-0.00104890169293124
-0.00101383699925768
-0.000875755892165704
-0.000686919832401787
-0.000509299479002116
-0.000386937761211357
-0.000326701451270975
-0.000298887034366683
-0.000255571172224097
-0.000153970961078556
2.72057864372407e-05
0.000280999039104216
0.000570004604702868
0.000825693448167198
0.00095458738463541
0.000860338166354029
0.000482076614355076
-0.000166619010249621
-0.00098233507121469
-0.00179466149071578
-0.00241945252189218
-0.00271683032089755
-0.00262843253863839
-0.00218415381093919
-0.00148561242697387
-0.000679597394460636
7.05995326077667e-05
0.000615436769693799
0.0008508800654832
0.000745095450012477
0.000348091818229127
-0.000224526002613996
-0.000830912508849564
-0.00134993587547902
-0.00171510920402478
-0.00192121958262582
-0.00200372263921423
-0.00200495877941453
-0.00194663031156926
-0.00182161329611875
-0.00160476109720774
-0.00127178052566426
-0.000814397002765671
-0.000246607071375898
0.000396803961155664
0.00106618290713273
0.00170434580179829
0.00225295443260652
0.00265769827747331
0.00287557785297263
0.00288771130718125
0.00271410464447042
0.00241818251643735
0.00208985832360366
0.00180994879337831
0.00161466355339083
0.00148166618743031
0.00134579110506485
0.00113442042679765
0.000803259199781153
0.000356371048660618
-0.000155681019963886
-0.000655374291004628
-0.0010643190244549
-0.0013242052086549
-0.00140736089383236
-0.00131982044385115
-0.00110128037225022
-0.000820012700456024
-0.000556372214230423
-0.000375185635400233
-0.000300468105461471
-0.000310259113918244
-0.000356676417487902
-0.000396605387536488
-0.000410556204420354
-0.000398960369257972
-0.000365319094328976
-0.000305225341716024
-0.000211213513677709
-8.6008598706301e-05
5.07690936952418e-05
0.000168389461430939
0.000235702127474776
0.000226843109587233
0.000121464555082227
-9.3459071670821e-05
-0.000416270647466709
-0.000821569669501156
-0.00125591616035624
-0.00164151036907421
-0.00188848550475771
-0.00191653003458959
-0.00168376539769677
-0.00121206526709011
-0.000590970444976768
5.09999361659293e-05
0.000597810090687325
0.000991089506445479
0.00124142113435325
0.0014015874358373
0.00152392250617947
0.00163135808951371
0.00171630466719759
0.0017591594210852
0.00174831284681021
0.00169024909663433
0.00160959898803904
0.00154266007182859
0.00152504826968334
0.00157403375169925
0.00167208560033405
0.0017635578997207
0.00177312273672959
0.00164188252132848
0.00136325931401618
0.000996670784782953
0.000647634587759478
0.000422468688019243
0.000381144064169008
0.000512642839697623
0.000743354468884215
0.000970535614241773
0.00110170457292246
0.00108273346666308
0.000908464987425151
0.000619778649169063
0.00029211437004158
1.48099828497703e-05
-0.00014047042287968
-0.000153769431252876
-7.28656743203004e-05
5.72374285385937e-06
-1.47398209211699e-05
-0.000182080258618709
-0.000476156783463178
-0.000827966825180023
-0.0011577375076532
-0.00140386945838244
-0.00152873971766999
-0.0015091591667841
-0.00132930177398145
-0.000986500348864386
-0.000505591720002539
5.1149544679994e-05
0.000589205337991995
0.00100379319063187
0.00121099352537947
0.00117552577829497
0.000923832471860139
0.000536769108077294
0.000123283246620144
-0.000216849690862199
-0.0004277088455549
-0.000514152715727519
-0.000531722869806386
-0.000553291002808427
-0.000628941002156239
-0.000759012586531906
-0.000892061734588906
-0.000945960285773657
-0.000840301492409953
-0.000526120246994442
-3.08679251682577e-06
0.000679197084783041
0.00143328391154977
0.00215323162206584
0.00273505612404978
0.00309526007434
0.00318750242593973
0.00301655438700015
0.00264373854801241
0.00217501700909353
0.00172872180626136
0.00139361558733451
0.00119828738490676
0.00110845701436217
0.00105104958963879
0.000947408641935071
0.000736322780074898
0.000380506816039746
-0.000134847400048684
-0.000798920424612316
-0.00156456284013008
-0.00234041228560299
-0.00300018149552601
-0.00341368549353971
-0.00348874225442706
-0.00320454598684511
-0.00262121437158453
-0.00186237448087399
-0.00107879991825926
-0.000405874244424963
7.27584905300554e-05
0.000345031805210557
0.000466709812783026
0.000533854901470295
0.000641412437137577
0.000845133928460214
0.00114213468202814
0.00147493794026285
0.0017530402939342
0.00188210082711089
0.00179297914320926
0.00146471387217256
0.000934506831083798
0.000288571034490482
-0.000364851331474475
-0.00092848587693529
-0.00133933161323179
-0.0015739453693021
-0.00163965349355924
-0.001562161418119
-0.00137706874058679
-0.0011258844421623
-0.000853086854091567
-0.00060093073540956
-0.000401094447774374
-0.000266042525703919
-0.000186780144773588
-0.000142762818723306
-0.000121099283999214
-0.00013187014485221
-0.000205539181597455
-0.000370629449191814
-0.000625792722809823
-0.000926694333717506
-0.00119932894816947
-0.00137383589677657
-0.00141921047828506
-0.00135914593395183
-0.00126200035342668
-0.00121288654594883
-0.00128200863916592
-0.00149967256940759
-0.00184282561902625
-0.00223603005945332
-0.00256897921581629
-0.00272863398959033
-0.00263712809224451
-0.00228128891303961
-0.00172066881135611
-0.00106961141310321
-0.000460590705739323
-3.25303186230594e-06
0.000247223426190091
0.000303940570585178
0.00024028640359441
0.000160829377611462
0.000159861163556442
0.000285025183356423
0.000523650211655801
0.000816733201248896
0.00108857329342078
0.00127333765085104
0.00132855117106774
0.00123973653413485
0.00102508841130343
0.000739610732356733
0.0004665389487744
0.000286744157954492
0.000235845068371007
0.000275873176279491
0.000304545492080038
0.000201687974798625
-0.000111447723338473
-0.000631135458934304
-0.00126812152902477
-0.00188237715323114
-0.00233779932320992
-0.00255088998981544
-0.00251247574489442
-0.00227749144392827
-0.00193517011738323
-0.0015788628356728
-0.00128721190159517
-0.0011149099042071
-0.00108486431787367
-0.00117935444893533
-0.00133820033831651
-0.00147449859641165
-0.00150795698741331
-0.00140046195590074
-0.00117273325602734
-0.000891288158237794
-0.000633370247650593
-0.0004496949024237
-0.000343850877794134
-0.000277020516844939
-0.000194761352901996
-6.2772865504623e-05
0.000107186016231924
0.000257657008634735
0.000314843219935611
0.000230238264236128
7.17871556550796e-06
-0.000305264394948745
-0.000643705806926531
-0.000960323072338147
-0.00122783281666066
-0.00141968502097078
-0.00148783909769289
-0.00136255670975094
-0.000980783893093176
-0.000327991027721202
0.000531999496973081
0.00145968147049792
0.0022795174756334
0.00284117523712171
0.00307281258657308
0.00299878284310747
0.00271401574843191
0.00233269138114506
0.00194117602471729
0.00157666211947218
0.00123318611347058
0.000882622558286804
0.000497705730736309
7.03636300305004e-05
-0.000378670063189232
-0.000804057517033936
-0.00115543529970075
-0.0014034192936315
-0.00155515382215079
-0.00164748108218924
-0.00172170776752908
-0.00179787125709263
-0.00186675555652483
-0.00190422130161723
-0.00189521873666796
-0.00184727548068855
-0.00178127601956195
-0.0017054582453002
-0.0015933854340525
-0.00138640209593903
-0.0010246908109726
-0.000490036381307255
0.000166599937763638
0.000831391134984026
0.0013666372115972
0.00166329352820938
0.00168174017054157
0.00146222482930765
0.00110097676282968
0.000703596736753686
0.000337670483679174
7.17344523451605e-06
-0.000338597207872277
-0.000765120089129816
-0.00130090165937934
-0.0019005710757097
-0.00244444372750472
-0.00277890039897285
-0.0027799216756269
-0.00240828383820043
-0.0017292044515801
-0.000889179809528281
-6.43177358844957e-05
0.000595568719438547
0.00100616285786683
0.00115997761841941
0.00110970957602163
0.000934535680221675
0.000707736620791962
0.000481196099983247
0.000288267188698926
0.000151934085474101
8.38223648915337e-05
7.30784442794373e-05
7.89971977934684e-05
4.23680025551856e-05
-8.39750723758556e-05
-0.000302179797391068
-0.0005557125455977
-0.000745416122479847
-0.000767951094838154
-0.000558685209384524
-0.000122349156028185
0.000458192892910006
0.00103904327834256
0.00145759435509804
0.00159085399165012
0.00140829770892729
0.000991681231890064
0.000505485285077132
0.000128648338653102
-1.70446878145244e-05
9.5843738473675e-05
0.000412443356415459
0.000840662953380702
0.00129642800870248
0.00172348128423351
0.0020851582913534
0.00234593345580414
0.00246394529760046
0.00240208800953026
0.00214799468265048
0.00172703581691189
0.00120037547480279
0.000652041894575103
0.000172759391183596
-0.000157244772068665
-0.000288527109434195
-0.000222383462301109
-1.79274554403679e-05
0.000224841673798885
0.000402225678930528
0.000445957618417271
0.000345760262917214
0.000148962141297864
-5.78808043202396e-05
-0.000177345596301344
-0.000132390540704787
0.00010755369761219
0.000514568270084022
0.00100874730865632
0.00147924283571109
0.00181125496982254
0.00191307075299685
0.00174124552919844
0.00131969119555695
0.000742040835619866
0.000147536512378318
-0.000325131233970694
-0.000584372433781093
-0.000608720760683597
-0.000439948709827405
-0.000160623784639954
0.00012622568854868
0.000312367654035557
0.000304152892582766
5.07201597552553e-05
-0.000432001503254363
-0.00106003349297749
-0.00170765241176653
-0.00224647231976181
-0.00257709515847781
-0.00264548967100944
-0.00245060693542648
-0.00204988778760848
-0.00155697875475372
-0.00111797983753289
-0.000861972567004077
-0.000843550681775131
-0.00101023752678011
-0.00121957011732868
-0.00130190104592519
-0.00113656923011961
-0.000701965803604952
-7.75617552329511e-05
0.000596244019446391
0.00117505680425016
0.00155695903068061
0.00170373908189846
0.00163779695551948
0.00142477154453222
0.00115173711861828
0.000905683419960283
0.000753915937063707
0.000729983285234333
0.000831147704942514
0.00102943808230919
0.00128908630687039
0.00157855028529936
0.00187179093610872
0.00214434195617683
0.00237262890599081
0.00253750334567349
0.00262568261382848
0.0026257675267898
0.00252516644454736
0.00231735894401746
0.00201902185730024
0.00168299719134781
0.00139123025163299
0.00122521626089131
0.00122805349962009
0.00137824816985923
0.00158909759444677
0.00173600620728053
0.00170301740565271
0.00143045227782729
0.000940792103662664
0.000326435451848301
-0.000297073146038452
-0.000845925723802151
-0.00129737006604092
-0.00167688366339563
-0.00201622093730423
-0.00231457114416486
-0.0025303937983964
-0.00260851257367655
-0.00252265477476576
-0.00230302457667057
-0.00202795606427304
-0.00178323055106776
-0.00161662781769482
-0.00152021913995337
-0.00145240345420536
-0.00138047815891511
-0.00130855972973961
-0.00126906672523005
-0.00128717075367688
-0.00134920693852718
-0.0013998880102369
-0.00136711336823685
-0.00119282072956369
-0.000851278169150281
-0.000354616773277193
0.000244115020456319
0.000849391491295187
0.00133720891636117
0.00159548415271455
0.00157652099881883
0.00132580045422684
0.00096143046192199
0.000615836991579053
0.000380680728668607
0.000289127786684266
0.000334680128200722
0.000497334624986715
0.000750676667615602
0.00105036614152501
0.00132689593877593
0.00150216524477805
0.00152452837294402
0.00139530783397728
0.00116357096856852
0.000893053876454259
0.000629252376792302
0.000391734204037408
0.000190383317917952
4.2082723090443e-05
-3.22338721969814e-05
-2.70412555261822e-05
3.34623360487057e-05
0.000104168025968617
0.000147670714123013
0.00016063126305306
0.000176203353088847
0.000238987272298584
0.000368989280698518
0.000538000594435363
0.000672922636743165
0.000683896800136963
0.000501612320941443
0.000105291217558635
-0.000469258885392528
-0.00114064406008729
-0.0018045147925684
-0.0023607673565489
-0.00274019391379488
-0.00292432008408732
-0.00295011666226402
-0.00289396745568157
-0.00283830710214191
-0.00283472519498541
-0.00288165807321853
-0.00292906745006229
-0.00290902131837691
-0.00277696479058563
-0.00254160014111472
-0.00226623486336441
-0.00203953119247914
-0.00193065752434287
-0.00195258290483168
-0.0020525391639474
-0.00213426498314519
-0.00210110128704748
-0.00189932840045314
-0.00154111901271984
-0.00109702816589841
-0.000664456962220609
-0.000330574903265843
-0.000147496606871938
-0.000126630219827574
-0.000248374462854244
-0.000479135295434962
-0.000787567632256508
-0.00115221576149231
-0.001555260562757
-0.00196526319683511
-0.00232178547579148
-0.00253694075543631
-0.00251900859425153
-0.00220820595624802
-0.00160588877419311
-0.000781322881375078
0.00014813271726062
0.00105400689508043
0.00183326224368714
0.00242896082810604
0.00283070853378041
0.00306189179087404
0.00316363869337246
0.0031803488903494
0.00314676099376288
0.00307722191590753
0.00296086565608334
0.00276615793622204
0.00245475946000408
0.00200176182835948
0.0014171909115976
0.000759380569518513
0.000127347324155876
-0.00037411627612081
-0.000684251707342426
-0.000821923558610891
-0.000880694222887415
-0.000980777645889988
-0.00120250471957733
-0.00153774767646149
-0.00188594252056918
-0.0020968470236188
-0.00203688520689696
-0.00164462694250185
-0.000950894286269182
-6.23472852276178e-05
0.00087426222103429
0.00170865332621195
0.00231581555222786
0.00261548741447203
0.00258043906036441
0.00223219538549829
0.001629511139926
0.000859789898183142
3.64514676918986e-05
-0.000708994803318537
-0.00125441805076847
-0.00153070787290094
-0.0015547997886141
-0.00142250959254877
-0.00125850263163343
-0.00115546630940158
-0.00114409207480487
-0.00120947598456313
-0.00133152408715911
-0.00151053047877373
-0.00175642168419316
-0.00205395598418881
-0.00233758876753866
-0.00250199335999974
-0.00244476943337457
-0.00211209052532379
-0.00151801120758677
-0.000732226149471504
0.000144926254124323
0.000999932934274343
0.00171468717654396
0.00218072317955255
0.0023277060681336
0.00215364218510909
0.00173274307307181
0.00118993608425266
0.000656803856172342
0.000236683816813551
-5.14131844223285e-06
-3.37789519058833e-05
0.000160587288487054
0.000554891966520611
0.00108065644125117
0.0016252524507245
0.00205768161359288
0.00227102021280171
0.00221955657695476
0.00193023858412575
0.00148445767085321
0.000984624521052992
0.000525878046760106
0.000183054763811381
7.35748959840528e-06
2.08562375483765e-05
0.000205295552891805
0.000495317048773581
0.000789982992962649
0.000984675044672682
0.00100831167889868
0.000844853581426688
0.000529365449077604
0.000127099636061802
-0.000287542287219091
-0.000643483415030166
-0.000882540683744264
-0.000974746044610592
-0.000934971072297634
-0.000823386384051159
-0.000718805716017287
-0.000677325179343258
-0.000704471938856448
-0.000759630657872114
-0.000786171812362451
-0.000743518115474155
-0.000620804040878326
-0.000428243211638646
-0.000177299401072632
0.000133681239275165
0.000516139260516789
0.000970170460638229
0.00145990761834427
0.00190658207760125
0.00221202712494769
0.00230541228087877
0.00218828168705399
0.00194978034580215
0.00173737632130584
0.00169149472846531
0.00187398172449667
0.00222797360757043
0.00259317177725381
0.00277127770338141
0.00260980960183038
0.00206589700296699
0.00122598093218856
0.00027918472985916
-0.000541366040519798
-0.00102737631325502
-0.00105290290352215
-0.000606878930921531
0.000202139523502122
0.00116604684316253
0.00202128828048165
0.00251689698900793
0.00249442233497323
0.00194791787133628
0.00102712671255499
-2.61170451926947e-05
-0.000973719178174737
-0.00165283649763626
-0.00199207638322954
-0.00199104590384982
-0.0017039823505501
-0.00124108559955471
-0.000760495360262063
-0.000421556578814158
-0.000312484222633406
-0.000404797116281173
-0.000575276421670378
-0.000681227161447955
-0.000631907966812687
-0.000410632623335801
-5.23533745123287e-05
0.000383456267895545
0.000817360454739148
0.00114440359446652
0.00125157106012475
0.00107062434845673
0.000637828219763306
0.000112395840319893
-0.000272514656957815
-0.000306492516611641
0.000106040944799003
0.000906446501463055
0.00190940865709795
0.00287491861015917
0.00358602176199087
0.0039025449639255
0.00378199442847848
0.00327437958984545
0.00249961554845286
0.00161058973626448
0.000745436841576491
-1.57068102487954e-05
-0.00066375945880043
-0.00122822311844409
-0.00171673189052073
-0.0020730745416285
-0.00219296512485804
-0.00199187225717779
-0.00147390860538548
-0.000747801985126937
2.06392392209941e-05
0.000680916472041042
0.00114543649996736
0.00139329108541981
0.00144734120646318
0.00135046497879514
0.0011508624334205
0.000891446951173146
0.000599371195203996
0.000280488722251585
-7.40672618021164e-05
-0.000468926210986934
-0.000882074294534347
-0.00125249764147432
-0.0014887414017143
-0.00149956659741728
-0.00123446244662477
-0.000713101472033536
-2.76687128284279e-05
0.000681731763158786
0.00126519960145285
0.00160204527967799
0.00163537623622325
0.00139567098983899
0.000997851206919404
0.000599326190686058
0.000331606158623579
0.000245337984621804
0.000305944099874919
0.000439621295034214
0.000590490957640937
0.00074623580223893
0.000922664015980568
0.00113272202044097
0.0013701834991731
0.00161433364126322
0.00183896646498194
0.00201055860616963
0.0020807456721874
0.00199166290073623
0.0017034017022198
0.00123018455684706
0.000658234639018479
0.000126160564395824
-0.000228515741491377
-0.000331668956121679
-0.000211304312659468
1.01134470460942e-05
0.000170384137997955
0.000144475663565083
-9.64447694631353e-05
-0.000476110783762615
-0.000856804832396796
-0.00110622456745431
-0.00114924381983954
-0.00098483575984803
-0.000674210082484462
-0.000316417758834432
-2.11498894453619e-05
0.000118643004244567
4.99467212163931e-05
-0.000228735946515416
-0.000669682047143164
-0.00118549895635068
-0.0016594159220299
-0.0019603747254085
-0.0019729344770645
-0.00164041626143357
-0.000999390264635668
-0.000178319904092728
0.00064600470024067
0.00131036476772767
0.0017097513342156
0.00180612968698496
0.00161111693039259
0.00116602275315367
0.000532500792634049
-0.00021188281991134
-0.000984875917645459
-0.00171760702644782
-0.00236619261793357
-0.00290600846599093
-0.0033146554967418
-0.00356237326067209
-0.0036217618150273
-0.00348747087297021
-0.00318299492878423
-0.00274230834937017
-0.00218114940449255
-0.0014894401950245
-0.000662250387046403
0.000249375781615494
0.00111149591813625
0.00173595360512572
0.00195501596270753
0.00169716833632071
0.00101933668101745
8.23679985845971e-05
-0.000909206649328275
-0.00176957306832079
-0.00237260394077759
-0.00266519179097855
-0.00265905173145619
-0.00241173068594861
-0.00200665191697362
-0.00153763255595845
-0.00109808604719206
-0.000772526135641082
-0.000628793456049417
-0.000710471776117596
-0.00102829657708394
-0.00155025192703592
-0.00219582334143752
-0.00284590031143365
-0.00337583949074959
-0.00370210506437487
-0.00381504753363324
-0.00377100680806678
-0.00364249078158452
-0.00345845943241485
-0.00317882162259678
-0.00272439611607102
-0.00204289323273073
-0.00116641017815878
-0.000224561993592023
0.000592412346464767
0.00109987522248819
0.00118487518927964
0.0008478899503953
0.000206850733676547
-0.000537433481565753
-0.00116257815360459
-0.00149182511623768
-0.00144596552856117
-0.00106615299298963
-0.000502113221568968
3.4218300504652e-05
0.000342370325267339
0.000313241510581076
-1.96016180225716e-05
-0.000489638408286316
-0.000873304029757813
-0.000997822316636755
-0.000822974515714584
-0.000451991246739037
-7.06092536009153e-05
0.000144266577678332
9.5232021323346e-05
-0.000211499220556665
-0.000681423561176768
-0.00116551535712625
-0.0014987648611137
-0.00154080760790083
-0.0012162989602004
-0.000544578339824655
0.000356042446268958
0.0012964413197638
0.00206923326252613
0.00250659530043701
0.00252473333839232
0.00214486041564555
0.00148794896809159
0.000742981258313462
0.000111443153278489
-0.000258902321240644
-0.000324267805227106
-0.000150835092380263
0.000130290026187085
0.0003925539316334
0.000564712188530318
0.000637281329793689
0.000635205688104337
0.00058823517460573
0.000520593876788879
0.000457396695193638
0.000433008779653224
0.000492010333668087
0.000682185314510371
0.0010400746057445
0.0015687538506253
0.00221412054075734
0.00285629135707256
0.00333226244288794
0.00348830500482643
0.00323802563722602
0.00259518914299085
0.0016666172489301
0.000614933801442301
-0.000388015723050407
-0.00120318325544538
-0.00175696842276897
-0.00205756448141622
-0.00218315942299675
-0.00224014918987335
-0.00231263392170373
-0.00243577559401463
-0.00260719575181359
-0.00281708075381094
-0.00306267955432267
-0.00333199510124459
-0.00357498825284986
-0.0036948800273476
-0.00357463019743351
-0.00312399017674165
-0.00231916319692912
-0.00121749113092274
5.29279635117788e-05
0.00132112969643588
0.00241207020798283
0.00318825744448083
0.00358066889738186
0.00359582915162622
0.00329832958554186
0.00278367523142158
0.00215981655849159
0.0015425443392115
0.00105264768336393
0.000798807114179325
0.000844125481593372
0.0011732757173976
0.00168473582518268
0.00222253157198494
0.00264050003650817
0.00287019925845374
0.00295321352798604
0.00301123751651841
0.00316398197328504
0.00344462379396128
0.00377096720778763
0.00399232299778681
0.0039746876314452
0.0036614384102553
0.00307758152384571
0.00230020394427183
0.00143872453889338
0.000636274650413623
5.96834467951055e-05
-0.000153891784460764
2.41744734186309e-05
0.00047193427028403
0.000959260429610309
0.0012565992056288
0.00123786842451703
0.000913254157205848
0.000385931607539202
-0.000220679726296632
-0.000812509521605522
-0.0013314028991256
-0.001733540312343
-0.00196631757410093
-0.00196192110751089
-0.00165255455265882
-0.00100168420081743
-3.70571299630526e-05
0.00113344678038343
0.00233663248416722
0.00337727237092373
0.00409225535010798
0.00439405099128789
0.00428940300248698
0.00386928001586245
0.00327332754818901
0.00263878940249089
0.00205249052319215
0.00152899189361551
0.00102846103187743
0.000504247389290766
-5.09592908476429e-05
-0.000590692359140581
-0.00103826307530007
-0.00132792615851454
-0.00143569305520749
-0.00138493277871715
-0.001229928610277
-0.0010295947097874
-0.000822648544225081
-0.000611620104137526
-0.000361156081076732
-1.47837464906616e-05
0.000471594617919151
0.00109306953718515
0.00177865029660921
0.00240988723084989
0.00286836363010595
0.00308374851069341
0.0030541933853669
0.0028326373971872
0.00249568938349747
0.00211706437447473
0.00175525883639018
0.0014507944929318
0.00122494865180666
0.00107841549924562
0.000994368594665337
0.00094868565199519
0.000923221913217007
0.000913958053849246
0.000929406635033563
0.000982983029908892
0.00108794851342337
0.00125918094876014
0.00151621824544424
0.00187797813909189
0.0023474302900714
0.00289664115414015
0.00346527924107303
0.00397501797683849
0.00434916883094648
0.00452489044470415
0.00445614694350805
0.0041173232951273
0.00351660663760923
0.00271410310623008
0.00182658466546596
0.00100461129431163
0.00038760427193752
5.9073256269892e-05
2.12383795312685e-05
0.000191881219654966
0.000417226557306629
0.000501456870241243
0.000260746396420506
-0.000401820191211768
-0.00143055104833031
-0.00260488737734732
-0.00360470185476332
-0.00413218405612599
-0.0040327601657751
-0.00335641360809875
-0.00233363622323588
-0.00128272796902492
-0.00049271316519178
-0.000129782295269764
-0.000200002948763257
-0.000576167271874465
-0.00107032579331654
-0.00151528190298307
-0.00181785957368667
-0.00196594407549853
-0.00199837835790754
-0.00196387109678044
-0.00189294761804178
-0.00179168859485292
-0.00165126078606371
-0.0014622367225663
-0.00122653948385128
-0.000965274048963212
-0.000722002895586695
-0.000558992444371254
-0.000543925060292878
-0.0007296338803116
-0.00113573766595985
-0.00174101462044141
-0.00248689740221549
-0.00328405287000106
-0.0040162612024443
-0.00454722870933942
-0.00474188977511643
-0.00450382108469002
-0.00381337532013313
-0.00274564778921081
-0.00145906744758489
-0.000161125408005579
0.000936393383744212
0.00166326449052673
0.00193024238963723
0.00175212124601997
0.00124424444814149
0.000589908126547824
-1.14567035469677e-05
-0.000397396049377811
-0.000481061199184104
-0.000268318028900665
0.000147175859613876
0.000610560860249557
0.0009522361958002
0.00104389462480207
0.000843201379355129
0.000406489200144228
-0.000135541758266258
-0.000625337850834234
-0.000928834626184201
-0.000974946432928492
-0.000778362386849389
-0.000440259663330812
-0.000120198619792916
1.97857149788552e-05
-0.000118807841305572
-0.000524347177471375
-0.00107187483644389
-0.00156715309180201
-0.00182052688290071
-0.00172141678213168
-0.00128426424447472
-0.000647367367055386
-2.48047777903157e-05
0.000368275565278182
0.000385582337579147
-1.21740922366546e-05
-0.000760132700443372
-0.00172152964787221
-0.00272714463740183
-0.00360637660473926
-0.00421074111905722
-0.00443915019827597
-0.00426573800767742
-0.00375596750542122
-0.00305456800609929
-0.0023441571803047
-0.00179068793656952
-0.00149547423199872
-0.0014663360816746
-0.00161534580107605
-0.00178928875283164
-0.00183025098025006
-0.00164504475317059
-0.00124907558134769
-0.000759431320158289
-0.000340417940784892
-0.00013151706363661
-0.000193921337834747
-0.000496310396328081
-0.000937811203774242
-0.00139111677950546
-0.00174547925511511
-0.00193338628641959
-0.00193317276926405
-0.00175256605161979
-0.00141063519057381
-0.000936720433176662
-0.000388622980776814
0.000130143757180515
0.000480881769118524
0.000535841916298754
0.000238660319162475
-0.000355506851937486
-0.00108267095838653
-0.0017146476183522
-0.00202906627966715
-0.00188422094376765
-0.00127708431052142
-0.000360303401757789
0.000600638793731129
0.0013256358879956
0.00163524717230384
0.00152498494527411
0.00115543209265696
0.000760558718643754
0.000524663352234703
0.000497126468861412
0.000590328367955765
0.000654215355438186
0.000575198699067169
0.000338207433511136
2.27190528763938e-05
-0.000250827379672814
-0.000383838452935125
-0.000340331556573852
-0.000157362458512531
7.09400287044778e-05
0.000232038881606167
0.000248291809030616
0.000121144563416357
-6.65565580410308e-05
-0.000203895872720854
-0.000233327292260158
-0.000203001267347379
-0.00024520946378711
-0.00048722426687361
-0.000953136357706079
-0.00152717767781329
-0.00200796783031826
-0.00221829933766935
-0.00209660226445356
-0.00171369732492091
-0.00121462790620638
-0.000733177699961508
-0.000333293125929567
-3.19126247135208e-06
0.000306562987619385
0.000629423383676157
0.000944598037489744
0.00117491518746725
0.00122186164850604
0.00101705282352282
0.00056001634994466
-7.66494423932125e-05
-0.000772352680247735
-0.0013984823876232
-0.00185832810357834
-0.00211488091870182
-0.00219343638759195
-0.00215067935874386
-0.00202224378655527
-0.0017846543723291
-0.00136728495890845
-0.00071457662710794
0.000145127393846568
0.00107799177980814
0.00188816595631365
0.00239469215073318
0.00249166543598617
0.00216495373567237
0.00147605758561429
0.000540232401402765
-0.000486668258874691
-0.00142042192613648
-0.00207457236734416
-0.00230109375495041
-0.0020278335932191
-0.00127364932676291
-0.000139343637858933
0.00121198277609113
0.00257553314262603
0.00373337318905981
0.00450290832930199
0.00479816785948469
0.00467043008470045
0.00429155638990593
0.00387536304822888
0.00357729513753501
0.00343251750508963
0.0033685482251096
0.00327883253316862
0.00310624788695583
0.00288549313074008
0.00272522871887169
0.00274854733230881
0.00302958265588045
0.00355774851096947
0.00423956623775792
0.00492827663423539
0.00546421441395961
0.00571272409074656
0.0055925152163022
0.00509008057207944
0.00425668997560855
0.00318816619886815
0.00199539760275419
0.000780117804365081
-0.000372336082835308
-0.0013853265640878
-0.00218376826754899
-0.00270139262367619
-0.0028993450032308
-0.00277876073328789
-0.00237502467103606
-0.00174062896955665
-0.000935059695845114
-3.09770521799077e-05
0.000873567375862664
0.00165632171028442
0.00219523194224653
0.00240725810773607
0.00228089300210521
0.00188399445677675
0.00134230808709223
0.000800527965730597
0.000386280263336013
0.000190860254842939
0.000263306381386792
0.000603158775011201
0.00114604489920844
0.00175814526058313
0.00226504089360195
0.00251958335730679
0.00247557713600202
0.00221558598266089
0.00190602791963708
0.00170499401145205
0.00168315256275034
0.00180452510402071
0.00196606372675088
0.00205784224639221
0.00200785939507891
0.00180212164443296
0.00148725079651117
0.00115786623150215
0.000924498992304617
0.000868453306806106
0.00100744996686616
0.00129499427823396
0.00165219541397345
0.00200622293098649
0.00230836582778421
0.00252524935852702
0.00261803482841053
0.00253019341394068
0.00219600552425021
0.00156928109840296
0.000660807619000224
-0.000434915319178211
-0.0015438477551838
-0.0024551613789386
-0.00298748664398962
-0.00304665141119592
-0.00264693621511176
-0.00189028136060561
-0.000920642025093071
0.000121608524615422
0.00112828324774777
0.00203161437205241
0.00279831530185601
0.00341813053646024
0.00389294936390566
0.00422840512193152
0.0044268750298419
0.00448075509272153
0.00436825031084556
0.00405797277593057
0.00352750340275614
0.00279131177097892
0.00192150055292038
0.00104441974959243
0.000312068980450742
-0.000135237769086034
-0.000198368385100408
0.000160278933212284
0.000899095105563763
0.00188759097162467
0.00292319205648794
0.00378224222117745
0.00428386941655427
0.00433161103481235
0.00391878251752329
0.00311717384144089
0.00207502328373454
0.00101998017126906
0.000231079452247869
-4.69220237800073e-05
0.000278088125409906
0.00106670448048753
0.00197419278473474
0.00258471519698578
0.00258653800038161
0.00189687688304328
0.000678964061424579
-0.000744137484818027
-0.00202517402766987
-0.00291052900828715
-0.00329522693664866
-0.00321104134859646
-0.00277772264036355
-0.00215379980683406
-0.0015021112438096
-0.000959960023033338
-0.000601815055776578
-0.000405847212670685
-0.000255925941093438
1.71920639532218e-06
0.00046968256981024
0.00113425196339003
0.00186929761790242
0.00250403241048883
0.00290171275048889
0.00299394424363893
0.00276021538411972
0.00219247333174297
0.00129299666673654
0.000114214105949652
-0.00119835796393076
-0.00240862769443991
-0.00325226117027413
-0.0035298828011244
-0.00318570100201222
-0.00233936542215078
-0.00125966504970846
-0.000283474903651813
0.000300059075067596
0.000356048631339041
-5.53649222763594e-05
-0.00073403656192554
-0.00146045897166953
-0.0021043301729806
-0.00265335571352144
-0.00315649231105049
-0.00363738706584112
-0.00404708223709919
-0.00428729439319022
-0.00428247287030757
-0.00404860090360924
-0.00371267514425096
-0.00346736715364506
-0.00348069199621465
-0.00380515096060322
-0.00433496429176012
-0.00483960027117944
-0.00506389929407254
-0.00484882360331095
-0.00421265042862688
-0.00334899483749387
-0.0025385105803648
-0.00201627723982955
-0.00186205221970929
-0.00196876704495143
-0.00210135373027906
-0.00201054452736257
-0.00154341348946541
-0.00070333812282057
0.000356038097800188
0.00138724168761535
0.00212586013814364
0.0023615397050758
0.00198798347293585
0.00102573484027938
-0.000383528813392172
-0.00200833821287194
-0.00357730162114615
-0.00483719307530019
-0.00560676954754207
-0.00581264425560684
-0.00549603137468591
-0.0047879389957515
-0.0038626623916602
-0.00288774861880137
-0.00198778048040899
-0.0012311588761877
-0.000639318941176825
-0.00021034307049817
5.55925520002678e-05
0.000142324484299269
2.38956142479884e-05
-0.000311001668598803
-0.000829469302615419
-0.00143864911801401
-0.00199858023749201
-0.00236444279158021
-0.00244098803002924
-0.00222146956763519
-0.00178998407955228
-0.00128758319740335
-0.000863591038324737
-0.000637932031597541
-0.000685596580327747
-0.00103517024291033
-0.00166727563732903
-0.00250930985695136
-0.00343666724047328
-0.00429234472125282
-0.00492470347789583
-0.00522902101539834
-0.00517422620634867
-0.00480355151840484
-0.00421024939659708
-0.00350013579549771
-0.00275787397348853
-0.00203170891612673
-0.00134165344845272
-0.000703392931210675
-0.000152676454035029
0.000243020874278396
0.000391957858449213
0.00020611918571724
-0.000353688387500778
-0.00123034513444695
-0.00224936527530675
-0.00315220359495241
-0.00368337342243312
-0.00369067864025177
-0.00318278403971122
-0.00231664235123592
-0.00133326158687607
-0.000480767899646674
5.15815122116499e-05
0.000184671888324782
-2.08397939519944e-05
-0.00037732381841556
-0.000639041627270134
-0.000607511788544507
-0.000224355914079447
0.000394781879368055
0.00100058392998172
0.00130627294123299
0.00110262843479374
0.000349692961562774
-0.000793420126601119
-0.00202138390926006
-0.00300195129254126
-0.00350663096388169
-0.00348953966772745
-0.00308483839107644
-0.00254014932325726
-0.00212590628333021
-0.00205233064642722
-0.00241027236595067
-0.00314689580256107
-0.00408486230395233
-0.00498138762389365
-0.00560527683104786
-0.00580179288890957
-0.00552489137206696
-0.00483544916592649
-0.00387774141944448
-0.00284724665787584
-0.00195517593685768
-0.00138828680338868
-0.0012628740941756
-0.00157983917849194
-0.0021989771341747
-0.00285642535820711
-0.0032394429549461
-0.00310410897592757
-0.00238722977429837
-0.00125032595404791
-2.02087397524274e-05
0.000953048370428135
0.00145104342088889
0.00147748321227624
0.00124331532363719
0.00106052307923298
0.00119997598277141
0.00177953526026266
0.00272847605128539
0.00383460989879362
0.00484090329230935
0.00554025659052795
0.00582942572873522
0.00571290356770905
0.00527103192651692
0.00461239599282172
0.00382770715225719
0.00296203373523934
0.0020197597220316
0.00100089318664147
-5.65057931211252e-05
-0.00106219190040649
-0.00190253407638503
-0.00249277820912995
-0.00281572768648628
-0.00292345105222406
-0.00290748749921911
-0.00285965693142776
-0.00284041084879975
-0.00285880009814831
-0.0028649045433558
-0.00276225828932177
-0.00244923486374718
-0.00188285782032573
-0.00113390505847733
-0.000392080418201336
9.85392770900913e-05
0.000149982240116534
-0.000271557420740597
-0.00101682727906831
-0.00181197076612476
-0.00237211575208838
-0.00250822269428619
-0.00217466754763635
-0.00144568225364843
-0.00045198109047615
0.000674874483340755
0.00182176255909553
0.00288375902806816
0.00375420271257059
0.00433968398808848
0.00459849659179211
0.00457670581511102
0.00441313381749207
0.00430454698446497
0.00444683783856442
0.00497703569472354
0.00593272986366098
0.007234510059358
0.00869409161501808
0.010051511565207
0.0110392534242563
0.0114580506748953
0.0112371993792689
0.0104520923201446
0.00928782428315387
0.00796397292212359
0.00665611961280431
0.00544875810986915
0.00433188537455912
0.00322887442645781
0.00203661899757179
0.000669474320966631
-0.000894733190272233
-0.00257860356705407
-0.00420396819397055
-0.0055411923104157
-0.0063908204487208
-0.00665130119998249
-0.00633515516259356
-0.00553719132232527
-0.00439328888219749
-0.00306295521866679
-0.00173148389704343
-0.000600362272299214
0.000152011036820108
0.000419051828834461
0.000186264786071751
-0.000488783134625713
-0.00150715364434222
-0.00273293373313427
-0.00397346398523907
-0.00497954350174704
-0.00550327103453848
-0.00539709473619261
-0.00469049758285021
-0.00358870254464649
-0.00239185872789631
-0.00138223589113385
-0.000734148687334821
-0.000474557745411927
-0.000493279586436248
-0.000589389207493777
-0.000539801757814465
-0.00017456540196096
0.000561963555391691
0.00158675319466164
0.00270413051118303
0.00367623896922376
0.00431056898284369
0.00452650910717518
0.00437196839421641
0.00398748083188447
0.00354230296005529
0.00317567258847947
0.00296296244347915
0.00290719113306516
0.00294867952191476
0.00298835394279336
0.00291985624130638
0.00265935013195659
0.00216157640734509
0.00142248386361509
0.000480318363411505
-0.000577365144581101
-0.0016106614624816
-0.00244763750125459
-0.00293396023586488
-0.00299014114837826
-0.00263879595378875
-0.00197905941273612
-0.00112338789830899
-0.000142667327964552
0.000939832284931219
0.00210517165142818
0.00328723485437415
0.00436168714928003
0.00519117012632174
0.00569580784532608
0.00589497846716949
0.00588598801891174
0.00577295906203988
0.00559617651355101
0.00530881660175084
0.00481077564869057
0.00401122501867883
0.00287928609427647
0.0014578166662753
-0.000156582984457414
-0.00184275462492343
-0.00346858752763168
-0.00488615969036566
-0.00593055175600159
-0.00644714161624266
-0.0063465711844179
-0.00565589420112657
-0.00452901903500658
-0.00320534166433037
-0.00193807309437859
-0.000925895142072986
-0.000271115444348788
2.73664510376969e-05
4.66795065158611e-05
-0.000112076014922286
-0.000376957438535992
-0.000730425950565214
-0.00119326916830336
-0.00177953477438554
-0.00244787128165416
-0.0030700296096017
-0.00343202732431204
-0.00328564293662355
-0.00245717853537716
-0.000978108231737563
0.000845067551339451
0.00249745786071845
0.00345241225286426
0.00339413878657855
0.00233852437745946
0.000598069210477834
-0.00136028949493061
-0.00307118551233235
-0.00418063986638052
-0.0045057498274432
-0.00406060283889305
-0.00304697022984253
-0.00179455828616786
-0.000654958530494398
0.000110794099807208
0.000398443032434636
0.000254649632979375
-0.000183313080503372
-0.000759951636154032
-0.00135150879765085
-0.00188423415197391
-0.00233090863197823
-0.00269877797612924
-0.00301560786020735
-0.00331432249673816
-0.00361484029983191
-0.00390494188772841
-0.00412953699976082
-0.00420255513313781
-0.00404618318164792
-0.00363832919112456
-0.00303270589147951
-0.00233038948393332
-0.00162126401444542
-0.00094238163336821
-0.000287907168983991
0.000339525650371484
0.000883278948991255
0.00123588038455805
0.00129293719817863
0.00102021602531705
0.000490324600019323
-0.000129930890785989
-0.000633049661969018
-0.000844485576001575
-0.000692371410698353
-0.00024515524846834
0.00030743991081374
0.000729340990991832
0.000831328681380111
0.000531444520626157
-0.000140051687988427
-0.00107020055844
-0.00209218522812177
-0.00300348863192396
-0.00359267355304726
-0.00369167933110123
-0.0032406942462251
-0.00232981757604276
-0.00118905753304722
-0.000126693389457243
0.000559284671956396
0.000665428782106261
0.000138939434839655
-0.000908544160625793
-0.00223647250091471
-0.00355693644613609
-0.00463951778496436
-0.00539590636640916
-0.00589949833331401
-0.00632591724271536
-0.00684655205647836
-0.00753326803238338
-0.00831851451104483
-0.00901659947816791
-0.00938214559281286
-0.00917857413313088
-0.00824253144417011
-0.00653733577511124
-0.00418152816329704
-0.00143173575095038
0.00138812532754814
0.00398706624738191
0.00618600697129454
0.0079317991609178
0.00924468859668148
0.0101450340391239
0.0106186683127067
0.0106453389839726
0.0102581850932387
0.00957375691183777
0.00875848942458279
0.00795404377808509
0.00721723593122431
0.00651297208773617
0.00575428388359696
0.00485581704408838
0.0037734240837867
0.00252468288125449
0.00119695939751408
-5.65695805057046e-05
-0.00104331992236745
-0.00158759743151828
-0.00160287836828616
-0.00114238346954984
-0.000389368429825741
0.000419023183907346
0.00109464705086106
0.00156680762576573
0.00187941982129078
0.00213135367664818
0.00240848118239452
0.00274614819586689
0.00312483142759451
0.0034800401029473
0.00371673117735425
0.00373538660168976
0.0034721731841532
0.0029334571785427
0.00219684404126842
0.00137330202199852
0.000556787727666
-0.000204303753803896
-0.000902228757768927
-0.00154741349152701
-0.00214989399148053
-0.00271070134355362
-0.00321540722114827
-0.00362570101928119
-0.00387784144002584
-0.00389906814069827
-0.00363795991276983
-0.0030883760005851
-0.00228954399790984
-0.00130664850773564
-0.000214134081603172
0.000901733220311382
0.0019281101935335
0.00272316385993299
0.00314438721221634
0.0031011093333182
0.00260218846003486
0.0017684530982286
0.000799893755250404
-8.6439217539922e-05
-0.000718971676537484
-0.00101189936994675
-0.000976979989826854
-0.000712667619917808
-0.000376602262332143
-0.000141890533196325
-0.000139689853490245
-0.00040438301794707
-0.000849893996406225
-0.00129901934887538
-0.00156038597725955
-0.00151755211186677
-0.00118376023851453
-0.000693012867750047
-0.000233645122713181
3.86348891723377e-05
6.59722958331143e-05
-8.94974748367084e-05
-0.00026260257613325
-0.000229515463369116
0.000224643385097531
0.00121981801103167
0.00270209635234387
0.00441778746022261
0.00597486074040854
0.0069784742209899
0.00717815760249667
0.00655394991923773
0.00530515303244953
0.00375946084923624
0.00225492455873857
0.00104577038599805
0.000255985961556328
-0.000123767317306687
-0.000211534455662075
-0.000191295196347654
-0.000253515773861476
-0.000525055093514965
-0.00101056411459159
-0.00157793557712143
-0.00200765845054951
-0.00209104831851739
-0.0017281785848097
-0.000971086765806939
9.58126379559545e-06
0.0010072698351271
0.00185606567659893
0.00246020703654281
0.0027789625021223
0.00280231091004235
0.00254805598578244
0.00207831418674904
0.0015083703602932
0.000987732601831822
0.000660791340422884
0.000631389303548675
0.000945543441651139
0.0015849287041346
0.00245799756330072
0.00339310568567747
0.00415716435608179
0.00451698642797038
0.00432668252062676
0.00359267611530063
0.00247193863394712
0.00120188053343627
7.65415058288691e-06
-0.000956275438897026
-0.00160735441977101
-0.00190346830521674
-0.00182197345442437
-0.001368984018788
-0.000600421970063116
0.00037696218109063
0.00143313603848053
0.00244731215249641
0.00331766166085121
0.00394961276904292
0.00425342589400065
0.00417482754540273
0.00374211632464434
0.00308184648074128
0.00237072973512198
0.0017448912144557
0.00123006180497936
0.000746458789883307
0.000186374209713049
-0.000491791575604477
-0.00121790625246204
-0.00183763836467516
-0.00218581805230096
-0.00215563823249915
-0.00173173092586272
-0.000989293985143503
-7.73085514195888e-05
0.000808450712644205
0.00147348749818316
0.00179577378900527
0.0017901884523271
0.00161822794880789
0.0015214349384181
0.00171288187508188
0.00229472331968001
0.00324584881874918
0.00446327024347309
0.00580335214743604
0.00709023237713456
0.00811222843050064
0.00865129386066801
0.00855644858534131
0.00781610731419705
0.00656973129804863
0.00504606562881961
0.00347657199710232
0.00204547980771034
0.000890677901389146
0.000114151236724418
-0.000243212031195059
-0.000254596242746355
-0.000126776133845885
-0.000132859305963285
-0.000475902539195243
-0.00117036348978055
-0.00202766554164106
-0.00275833815289209
-0.00312092063754755
-0.00302507181514492
-0.00254275272930167
-0.00184877809169664
-0.00114566686704556
-0.00061191793206091
-0.000375127966411685
-0.000491397994660755
-0.000925379757386299
-0.00154948996768628
-0.002182250915224
-0.00265671359518704
-0.00287968342418401
-0.00284499307357908
-0.00259986811418383
-0.00219915389956647
-0.00168559314568558
-0.00110426375609941
-0.000523791420433381
-2.8322015955845e-05
0.000328062235959401
0.000572575484966993
0.000824465412347283
0.00124662230061975
0.00196373573342073
0.00299437779398801
0.00423076093449299
0.00547106348033972
0.0064875007835133
0.0071020347625173
0.0072372291216757
0.00691848141201348
0.00623120934979339
0.00526723267661652
0.00409994197774147
0.00279868824550946
0.00145555446022963
0.000188900440645399
-0.000885466813433789
-0.00169312666562209
-0.00222241807363309
-0.00252043145683111
-0.00267319766420767
-0.00277983052512734
-0.00292407614290055
-0.00314889571232206
-0.00344631140294213
-0.00377066495897261
-0.00406706610367034
-0.00429474527912944
-0.00443080691486781
-0.00445723149948755
-0.00434626962729731
-0.004059088768043
-0.00356451956776834
-0.00287441841617672
-0.00207967879317449
-0.00135925539552522
-0.000936516779180279
-0.000984881925839965
-0.00152777890286466
-0.0024003965646325
-0.00331172604536392
-0.00397783190558146
-0.00424504426754477
-0.00413056118836244
-0.00377008658020697
-0.00332387660298804
-0.00290576089091618
-0.0025642311512861
-0.00230137868815012
-0.00210094473852702
-0.00194986975682382
-0.00185120427149147
-0.00182433565169877
-0.00188379580465999
-0.00199966346588249
-0.00206637155242818
-0.00191516333308866
-0.00138054705426207
-0.000389224461287317
0.000982649280925755
0.00252180577666565
0.00395591795162786
0.00505559230701828
0.00570684254209724
0.00592031560815995
0.00578282396049609
0.00539084626188724
0.00481044614963237
0.00408019211817352
0.00323742886572561
0.00233495025502302
0.00143267283808183
0.000575597219823372
-0.000220831980254101
-0.000967782352227404
-0.00168757571758015
-0.00239617045178077
-0.00309100569363221
-0.00374893423622568
-0.00433841442776935
-0.00484565040421572
-0.00530308834819445
-0.0057981187968772
-0.00644259508723659
-0.00730499243645787
-0.00833604363254375
-0.00933402969770426
-0.0099824691488135
-0.00995619743864074
-0.0090540695578191
-0.00729938923376775
-0.00496012106031127
-0.00247329705300994
-0.000298426602530609
0.00124196316382472
0.00206574942330593
0.00233188127318056
0.00234105697398343
0.00238989750743922
0.00265244353225402
0.00314022725430586
0.00374348825901697
0.00431314033061568
0.00472961772263722
0.00492479882921305
0.00486271281484729
0.00451731519672631
0.00388461335051541
0.00302746637079941
0.0021071195624158
0.0013528754081233
0.000971235859779626
0.00105298665849663
0.00154292336094068
0.00228497189953259
0.00309765100257808
0.0038259523718808
0.00435624332456831
0.00462180432676477
0.00462500433801935
0.00446398737429574
0.00432230972336812
0.00439580384309658
0.00478332165338465
0.00541029718052599
0.0060442901245549
0.00640152609973587
0.00627920323474054
0.0056319966504977
0.00455560506745751
0.00320789958404934
0.00173411304261555
0.000241344224795933
-0.00118498211948186
-0.0024630819208761
-0.00352194656217026
-0.00432262960962203
-0.0048660203382146
-0.00517995704229173
-0.00530594936155077
-0.00530258881287334
-0.00525219262969008
-0.0052401005894796
-0.00529975193618428
-0.00536018437411722
-0.00524868943946444
-0.00476775458967852
-0.00380789419869748
-0.00242539019218589
-0.00083397080444897
0.000684113882662956
0.00189304176549872
0.00268171163471619
0.00307437059558829
0.00318486773755894
0.00314932323483496
0.00306853948946417
0.00297429186722487
0.00282116449587321
0.00250449725179243
0.00190600180144295
0.000958907970368268
-0.000294348730250321
-0.00168765714793574
-0.00297661786275249
-0.00392108100823589
-0.00435546413809976
-0.0042104577595867
-0.00349235148612516
-0.00225835769456721
-0.000618362787854284
0.00124397662146682
0.0030671580281428
0.00455493415271017
0.00546110643359264
0.0056755393603536
0.00526411305033614
0.00444122966660395
0.00349207214906136
0.00268494368518892
0.00220800322470846
0.00214063333427627
0.0024509865072222
0.00301040940624761
0.00362398751583636
0.00407788730729528
0.0041936519911279
0.00386902519110255
0.00308883182387069
0.0019075923608013
0.00042156774402629
-0.00125262063656986
-0.00298973467393736
-0.0046670208018199
-0.00618265138987626
-0.007477429553474
-0.0085435140413895
-0.00940390968115899
-0.0100641507122099
-0.010463620463237
-0.0104660532344647
-0.00991058474997885
-0.00870464748216441
-0.00690719659740083
-0.00475076978885829
-0.00258509077004773
-0.000769722663345392
0.000432566549948346
0.0009213547691926
0.000774502087962276
0.000227140946845025
-0.00037795215469866
-0.000671987918748545
-0.000368233893469301
0.000638162996231081
0.00222925468502861
0.00410844624421999
0.00590530507348108
0.00728413344865305
0.00801256966931946
0.00798706585862406
0.00723708698661
0.00591873076190826
0.00428402256868554
0.00261215956205152
0.00112099261626847
-9.24927398219415e-05
-0.00104380443181809
-0.00179560319928744
-0.00239111983331737
-0.00283598544623948
-0.00312528362709598
-0.00326794997491072
-0.00327218300832251
-0.00310960127542418
-0.00271059335050507
-0.00201777842731152
-0.00106423041253386
-1.09000937284856e-05
0.000894108750609979
0.00141166328523644
0.00140330519038086
0.000870722173713047
-6.32672499794394e-05
-0.00120439159831642
-0.00233407269339399
-0.0032401792800732
-0.00374146127848067
-0.00372252640820498
-0.00317830292985455
-0.0022404621961855
-0.00115231689195794
-0.000186839081877849
0.000455266039425208
0.000711531889801731
0.000654497361016094
0.000431046389671926
0.000187038709873605
1.77764542813397e-05
-4.07042153214698e-05
8.41100119149923e-06
0.000146583380977017
0.000349024919490017
0.000580548018158994
0.00079716635892729
0.000968862837188966
0.00111350981594508
0.00130989913601313
0.00166760279587721
0.00226928561908458
0.00312843432704914
0.00419027075111689
0.00536058205246123
0.00652395389501841
0.0075352297804621
0.00820930414526871
0.00834585728070071
0.00779237413102338
0.0065066879548031
0.0045758511408834
0.00218676035482622
-0.000415631013300102
-0.00294732313594864
-0.00508667388059985
-0.00649944324608343
-0.00691906912026001
-0.00626185914804032
-0.00470900890979498
-0.002689281362417
-0.0007502806050228
0.000628510219815478
0.00119742206164174
0.00100779936373909
0.000372581593639823
-0.000262241436840165
-0.000488360997668725
-8.79446754690025e-05
0.000891491228180248
0.00217369534475943
0.00338167322311897
0.00418766620154541
0.00441223056897306
0.00404607737537821
0.00322145954402291
0.00217285778672378
0.00119813844153865
0.000602506865200982
0.000614426700139357
0.00129790466072257
0.00250953345647274
0.00393306425675832
0.00518020664838774
0.0059107905925923
0.00592366321581404
0.00519435605563202
0.00386128154516454
0.00217458468389346
0.000425547587028237
-0.00112277265288131
-0.00228350978849822
-0.00296182483665749
-0.00314413985178666
-0.0028795171289459
-0.00227156500475506
-0.00148212859036404
-0.000725501531765438
-0.000226679999689233
-0.000142548994607795
-0.000484198300975318
-0.00109442748019069
-0.00170594077880229
-0.00205323768559589
-0.00197830739027255
-0.00148061275536137
-0.000699894986974289
0.000146715922524757
0.000840975957732274
0.001226327516278
0.00124080680517091
0.000916214688795729
0.000354610822117525
-0.000297392286632506
-0.000863433440044259
-0.00114937386307257
-0.0009737615040135
-0.000225239986840726
0.00107491358856201
0.00274568453993738
0.00448293259100946
0.00595250636929902
0.00689986690360901
0.00722816674487204
0.00701595286007971
0.00647562214539385
0.00587416272390588
0.00544236283787584
0.00529731276730024
0.00540394567973455
0.00559675554116486
0.00565926600001722
0.00542247553839991
0.00482498824873063
0.0039019723319513
0.00272377798568665
0.00134182280578392
-0.000214440752213314
-0.00189619254569357
-0.00359632693686194
-0.00515533966252087
-0.00641399467573993
-0.00727595264753243
-0.0077377491855092
-0.00787173840114067
-0.00778302111724302
-0.0075732716501452
-0.00732590631887492
-0.00710169373561947
-0.00693020918298068
-0.0068013253194958
-0.00667444478336736
-0.00650991190680373
-0.00630036075019337
-0.00607328472596604
-0.00586245244566712
-0.00567912666328902
-0.00551785651394863
-0.00539884084165192
-0.00540975859373417
-0.00570191338422654
-0.0064278120782823
-0.00765355736276402
-0.00930161872984214
-0.0111601975915706
-0.0129509355504758
-0.014411841159543
-0.0153510770266657
-0.015656074897758
-0.0152763829985923
-0.0142118562084721
-0.0125224216189195
-0.0103471412682035
-0.00790449895148831
-0.00545654796371848
-0.00324654324780758
-0.00143914097580955
-8.91591831676158e-05
0.000854442266333054
0.00151922594554208
0.00206666556909641
0.0026426456632617
0.00332724204537051
0.00409790294265701
0.00482584418447213
0.00531822014798877
0.00539787018440274
0.00498815825004986
0.00415877240918236
0.00310272667932546
0.0020524029960482
0.00117997517899404
0.00053768656692186
6.84185879472316e-05
-0.000325856394774412
-0.000703237973810174
-0.0010377947964165
-0.00123393018676225
-0.00118158825920834
-0.000812685280258967
-0.000130451303470358
0.000786699633479194
0.00178875393220536
0.00265976331040858
0.00314309194812642
0.003004367264654
0.00211993602388634
0.000545263222927056
-0.00148195713115674
-0.00360951950540413
-0.0054699188236052
-0.00676173630411262
-0.00729325830995553
-0.00700235962999022
-0.00596997741165348
-0.00441958809777022
-0.00267745212098691
-0.00108503784453237
0.000106339850558992
0.000806131358896362
0.00108456723086212
0.00110802939222568
0.00104899393530032
0.00101416389217296
0.00101550881831501
0.000984389779038527
0.000811389563079931
0.00038856528665953
-0.000362059712816689
-0.00147356235135411
-0.0029199380242114
-0.0045953181093487
-0.00630025493416441
-0.00776242782930471
-0.0087048312367564
-0.00893946076718776
-0.00844000523100314
-0.00735650248468475
-0.00596929197147359
-0.00460765429475336
-0.00356019336248748
-0.00299038749793776
-0.00286864428871973
-0.00294909239865039
-0.00282869835841475
-0.00209613493071107
-0.000515433889579245
0.00185253841221252
0.00466142133804356
0.00741179891813544
0.00962203046432083
0.0109517225069413
0.0112476266880671
0.0105363782921249
0.00899757078074739
0.00692470921227868
0.00466359255162158
0.00253078296664072
0.000739807857460844
-0.000634069157135181
-0.00164406399787386
-0.00243451962941611
-0.00319191379247779
-0.00408389342684837
-0.0051858598243509
-0.00641827193705257
-0.00753649233984271
-0.00819863646190977
-0.00809185497356541
-0.00705991207152348
-0.00517253225845173
-0.00270713111784477
-5.49039369278174e-05
0.00240426835042882
0.00440281665075057
0.00582345155669593
0.00667136241153883
0.00701211920373766
0.00691674997233552
0.00643764037441073
0.00561082618633701
0.00446439548908092
0.00301850756219302
0.00128138480902765
-0.000740501034019143
-0.00300469972047575
-0.00537751521280222
-0.00759795763281129
-0.009305576058462
-0.010150403781573
-0.00994936688540126
-0.00880636738198
-0.00711478092869829
-0.00542328397324763
-0.00422965297708579
-0.00380882045597894
-0.00415023854028289
-0.00500724463111498
-0.0060088608886776
-0.00678211564414668
-0.00705744139167147
-0.00674235107383241
-0.00594256024236349
-0.00491156158393498
-0.00393918887019776
-0.00323024448937895
-0.00283761748609981
-0.00268147583417199
-0.00262938915341812
-0.00257695273238618
-0.00248197401244086
-0.00235164269065956
-0.00221721572265044
-0.00212460603062774
-0.00213481949077734
-0.00230692300087401
-0.00265383930398056
-0.00309940864585197
-0.00348020548507494
-0.00360537963067338
-0.00333718733415514
-0.00263327696219218
-0.00152396649933367
-5.64642098694633e-05
0.00173230813579921
0.00378168814104987
0.00594117499339323
0.00793931812508231
0.0094353988879728
0.0101421776561953
0.00995511960940566
0.00901406167383069
0.0076602318302304
0.00630892021028399
0.00530158307149413
0.00480747641248204
0.00481233464086914
0.00518087049726225
0.00574380205861625
0.00636131392631796
0.00694593728894096
0.00745751691469055
0.00788785743144137
0.00824037706601794
0.00850511890973559
0.00864010027229373
0.00857888300701441
0.00827260990664322
0.0077471127928496
0.00713603728942448
0.00665823461290769
0.00653883551673486
0.00690767709962061
0.00772500364917058
0.00877408958315012
0.00972880530386677
0.0102660930307342
0.0101698253436421
0.00938080267218371
0.00798426808123349
0.00616287644894154
0.00415013130903891
0.002197090436679
0.0005421896899068
-0.000626368969008261
-0.00120976371609346
-0.00122199059051669
-0.000785578376589264
-0.000102323104801791
0.000587673525223842
0.00104695482229926
0.00108085270981722
0.000583796369394368
-0.000409910872150271
-0.00169580730951346
-0.00292880546948273
-0.00373147133361593
-0.00384792855464384
-0.00326537399547141
-0.00222976476226212
-0.00114054148664166
-0.000379749593469241
-0.000162462770397774
-0.000471878811514636
-0.00109098543923641
-0.00170160866620074
-0.00200718744217583
-0.00183928541594823
-0.00121643996353011
-0.000334973225656946
0.000509332965222436
0.00104153712833427
0.00111832766969278
0.000776934597834669
0.000200219470176162
-0.000377914722503242
-0.00077134023689517
-0.000893988841506449
-0.000750270657055292
-0.000388288436426776
0.000140818589391243
0.000786134695542434
0.00146501821810902
0.00203083294867971
0.00228329152372662
0.00203807425824247
0.00122744915891569
-2.72412438280094e-05
-0.00142205084442058
-0.00256257993041714
-0.00309899081631607
-0.00283998654927787
-0.00180043135078857
-0.000177638524491967
0.00171629242532334
0.00353237043771074
0.0049542739766452
0.00575750014679182
0.00585667510167314
0.00532735351761053
0.00438429754439649
0.00331584177550322
0.00240080539182357
0.00184345015870914
0.00174351079518808
0.00209145015742475
0.00277025521755032
0.00356070769206567
0.00416839842912754
0.00429200076301001
0.00372477633304724
0.00244483125926868
0.000639118360235791
-0.00136106801570552
-0.00320085387991689
-0.00461411894450048
-0.00547712854527869
-0.00579775040121971
-0.00567024597442297
-0.00522865853734079
-0.00461138985188754
-0.0039330946308762
-0.00326326229954261
-0.00262238854294186
-0.00200368043071861
-0.001407150251658
-0.000856822689801519
-0.000382941823770429
1.75796477449075e-05
0.000407722020657812
0.00089774250440614
0.00159644372299355
0.00255313861539135
0.00371913317283523
0.00494315356542677
0.00600023059156513
0.00664728311112432
0.00669724815817055
0.00609760823316887
0.00498602895044312
0.00368742768334777
0.00263148101340578
0.00221024879557424
0.00263672292967257
0.00387117720773517
0.00564435765297192
0.0075553940906453
0.0091974531287776
0.0102733195146149
0.010678715265561
0.0105298663789497
0.0101085797695062
0.00972699107953427
0.00957310272396346
0.00963179786467696
0.00973323381634573
0.00968473078568321
0.00938040356136367
0.00881542655133126
0.00802582597930759
0.00703666345663235
0.0058745324279658
0.00461932582028455
0.00342166147924489
0.00244491597742737
0.00176880358237071
0.00133441359824082
0.000976267083012314
0.000511819821538379
-0.000182656391861309
-0.0011534958199349
-0.00239182506462887
-0.0038508624175946
-0.00543768039894389
-0.00700074036866823
-0.00834419344651695
-0.00927218925557564
-0.00963880269179525
-0.00938130353444916
-0.0085353099857869
-0.0072396579139155
-0.00572751296066271
-0.00428855037878542
-0.0031968612362984
-0.0026275147543549
-0.00260507354953351
-0.00301585290008668
-0.00367536344666173
-0.00440459831087912
-0.00506762560491405
-0.00556175637261867
-0.00579537499603222
-0.00569538757444588
-0.00524962552262478
-0.0045455851767889
-0.00375799116630806
-0.00307270853622142
-0.00258481914699995
-0.00223565422344703
-0.00183716946264355
-0.00118083899918442
-0.000172941333078596
0.00108528070923032
0.00232624089458565
0.00324132985252209
0.00362940468254494
0.00348168945232868
0.00296236148434596
0.00231357678587371
0.00175164079410128
0.00140462541992447
0.00129981651876842
0.00138392898501615
0.0015583296624824
0.00171586474049045
0.00176663683807224
0.00164703267617272
0.00132019931798738
0.00078105156218203
6.72676637460849e-05
-0.000736546493935589
-0.00151459322138019
-0.00215443244297992
-0.00258415859635644
-0.00279324486094906
-0.00282906505297531
-0.00277408603412798
-0.00271265271580021
-0.00269530051245271
-0.00271324829072646
-0.00270161117690292
-0.00257980913201713
-0.00230959399708054
-0.00192939618568348
-0.00153454559572384
-0.00121345115894864
-0.000986702332119451
-0.000796419557617569
-0.000555547441291907
-0.000220971567731412
0.00016463510516993
0.000493989600517721
0.000660666912111978
0.000613713427652808
0.000360815223508001
-6.52997129767974e-05
-0.000625531233484939
-0.00125288325575038
-0.00182657143310929
-0.00219658612824927
-0.00225988988992455
-0.00202415895484261
-0.00159863224178029
-0.00112188825309713
-0.000691621568382845
-0.000344658155087368
-7.8534474241096e-05
0.000121894533533108
0.000269762889611065
0.000364620094615963
0.000378339980871178
0.000252058156607436
-7.88499598073885e-05
-0.00063389640839361
-0.00133591541799085
-0.00199291243905886
-0.00233746826006266
-0.00212261092894784
-0.00124080899807976
0.0001913241987448
0.00183639937280294
0.00324142803262854
0.00400063179110517
0.00389663249562099
0.00295744328893024
0.00142003917490514
-0.00036573082111375
-0.002052527137724
-0.00339692765910965
-0.00430966712840357
-0.00482805354320915
-0.00503761729139817
-0.0050175442107999
-0.00484940254659953
-0.0046413426869645
-0.00449835553145382
-0.00444663826050274
-0.00439059374945388
-0.00415209977410338
-0.00355871538660656
-0.00251624940454157
-0.00104233498152386
0.000723482533482746
0.00253242838764279
0.00408626419534994
0.00514170232647176
0.00560312062018256
0.00554497755433182
0.005164517712657
0.00470946588615969
0.00440843315753316
0.00440114598529364
0.00467817549428011
0.00507301587150693
0.00533961367998379
0.00528500537796768
0.00486901883787148
0.00419588283655371
0.00340790381424574
0.00257470383413224
0.00166719085615159
0.00061644016924768
-0.000614732034545888
-0.00200083148841411
-0.00345424128016459
-0.00483265499978263
-0.00596101067170069
-0.00668273119739424
-0.00691623098513565
-0.00667089917695516
-0.00601599206676944
-0.00504693155718958
-0.00388339964676099
-0.00267446478469864
-0.00156232221203238
-0.000607199045566124
0.000260556004295242
0.00120101583693545
0.00235109427278762
0.00371407960856038
0.0051256449875618
0.00631296660431316
0.00700787144369307
0.00705360761489434
0.00645697683647286
0.0053700229378337
0.00402277609316724
0.00264925765476166
0.00143947500915895
0.000524305746836394
-1.62573618324631e-05
-0.000134224227061154
0.000199556072790361
0.000984800123996077
0.00215590264507129
0.00354778994326929
0.00490177662059741
0.00593046140987875
0.00642618880829011
0.00636607454243167
0.00595194896877563
0.00554511186420035
0.00551788770359649
0.00610445592543811
0.00733043273729938
0.00903122693448243
0.0109097888153494
0.0125964894046887
0.0137189888102987
0.0139927308436446
0.0133060591417431
0.0117605550126399
0.00965354631065324
0.00741330892440739
0.00549560527713249
0.00424965401204102
0.00378724622879153
0.00391979310893182
0.00421916821308212
0.00419513100300917
0.00350773708695448
0.00210960174065038
0.000258471859895875
-0.00158668373365711
-0.00292678284940524
-0.00337689435650174
-0.00276660737578939
-0.00116269767050215
0.00118097115708833
0.00391342321798421
0.0066732092681492
0.00914270194782677
0.0110674704680322
0.0122595028959947
0.0126075205416663
0.0120998324391334
0.0108373115013998
0.0090086973374595
0.00683131902441783
0.00449090469700149
0.00210476011405558
-0.000295853811151764
-0.0027683685304882
-0.00542975390168093
-0.00838601786940128
-0.0116506343993372
-0.0151006032604065
-0.01848814036641
-0.0214872927676317
-0.02375259329384
-0.0249858161914373
-0.0250074777282007
-0.0238127476261635
-0.0215874126688023
-0.018675990201274
-0.0155105481060102
-0.0125138423880818
-0.00999423081592717
-0.008061299042782
-0.0066007778541504
-0.00533639941231017
-0.00396743800823208
-0.00232162485313145
-0.000441200354651329
0.00144747452945859
0.00305741959994868
0.00417498417098242
0.00472401779638667
0.00474082709479065
0.00430687999758745
0.00350491008124911
0.00242659153591051
0.00120498008099558
2.20417796698361e-05
-0.000931584851033464
-0.00152059994510882
-0.0017083439684383
-0.00155458456957517
-0.00117561518493966
-0.000692502129560835
-0.000194181803771693
0.000269496615046666
0.000671470266126195
0.000990451950202603
0.00120604236471895
0.00129595232905041
0.00122411457067498
0.000932386386609509
0.000360246455110922
-0.00050772512898812
-0.00160340682663762
-0.00278889064284143
-0.00392893411929513
-0.00497682298984603
-0.00600637940194601
-0.0071572779344275
-0.00853057248107428
-0.0101141798571954
-0.0117887050838348
-0.0133905561585215
-0.0147689952019336
-0.0158030439461651
-0.0163973463819683
-0.0164886159924716
-0.0160629456194438
-0.0151597191209969
-0.0138518504897708
-0.0122215045756041
-0.010355419261422
-0.00835892603803867
-0.00636352624914055
-0.00450706637801435
-0.00289309654846427
-0.00155823948638978
-0.000472157641533892
0.000430989452295109
0.0012147648224127
0.00192426542583195
0.00259885838914798
0.00329306799560224
0.0040728401239909
0.00497313911293297
0.00594167859178188
0.00681880964112744
0.00738681623582688
0.00747113101027949
0.00703317179332125
0.00619689826276009
0.00519630924974559
0.00428050680015488
0.00362857569690973
0.00330324078872868
0.00323912491182126
0.0032523737823612
0.00307733507732132
0.0024498361735644
0.00123109492844248
-0.000487032650334745
-0.00237774314723352
-0.0040070293184672
-0.00502913423840023
-0.00533004584607513
-0.00503734600694188
-0.00441180193140849
-0.00370806685824612
-0.00308862576424084
-0.00261759131524429
-0.0023047107391004
-0.0021509743556216
-0.0021641627734581
-0.00234362865385685
-0.00265651037324284
-0.00303029085074646
-0.003371182366191
-0.00359841420610611
-0.00367556426351703
-0.00362428510923528
-0.00351574659045624
-0.00344409342101732
-0.00349194120035792
-0.00369905169603876
-0.00404167272029062
-0.00442602961693375
-0.00470004523464141
-0.00468930791905663
-0.00425684955463622
-0.0033688467350851
-0.00213302905130314
-0.000781855161553864
0.000398658367744896
0.00116181354450496
0.00137368353385413
0.00104534862525655
0.000327549249056001
-0.000520334245903233
-0.00118427749853048
-0.00137712888124889
-0.000940625596007725
6.6509233062064e-05
0.00134866724756663
0.00246065640071645
0.00298554666674242
0.00272282070331229
0.00178553378681377
0.000550182113527829
-0.000514839528448184
-0.00105438126514523
-0.000971867982842982
-0.000461934651393616
7.14838424122724e-05
0.000176496138291529
-0.000462615588890425
-0.00188595202512422
-0.003823853164604
-0.00579177768544731
-0.00727696668355446
-0.00792887652547462
-0.00766390870437938
-0.00664892952554614
-0.00519872274252692
-0.00365733035567074
-0.00231248572984471
-0.00134633667453743
-0.000803611141438193
-0.000577186889248861
-0.00043748325870423
-0.000122035564165573
0.000545353858243805
0.00157240813998763
0.00280239282773914
0.00399550159894579
0.00493181800681276
0.0054801288503872
0.00561276530682992
0.00538195759626833
0.00488477476005322
0.0042347671883752
0.00354421049986064
0.00291206433051654
0.00241137441752706
0.0020736620528187
0.0018746553396878
0.00173270408943752
0.00153253297776947
0.00117645216021842
0.00064482976326348
3.15587689097261e-05
-0.000475672033543552
-0.00067378219206963
-0.000450104489800365
0.00013745019325553
0.000853369817836017
0.00136529032557993
0.00138245855981672
0.000789711837442756
-0.000285710471258197
-0.00150516615135889
-0.00243241828358923
-0.00268231482464422
-0.00205102005485473
-0.000590206182333372
0.00139298290378414
0.00341341188246764
0.00494877037140791
0.00560477687973744
0.00524549218631865
0.00403459612958797
0.00237034854751951
0.000745962000526229
-0.000403229937936142
-0.000811502847159028
-0.00043151616336071
0.000573149194590596
0.00187913574223739
0.00309284834579278
0.00386875325891947
0.00402335669841968
0.00359273721721458
0.00279737326265675
0.00192912277701364
0.00122396458203346
0.000788731064548156
0.000606040189583874
0.00058708086868049
0.000621473614048275
0.000598047839214448
0.000410669925850261
-2.07994238160788e-05
-0.000706618096644673
-0.00154937000078821
-0.00235447890482469
-0.00290369626392472
-0.00305772879076663
-0.00282481922428173
-0.00234916463852251
-0.00182764960361347
-0.00141448624024417
-0.00117883947594885
-0.00113368343648438
-0.00129383370759103
-0.00170023128559882
-0.0023844975627006
-0.0033074062710977
-0.00433098179465949
-0.00525347828731518
-0.00588185051038555
-0.00609087448531926
-0.00584114499515732
-0.00516860649736858
-0.00417296311003951
-0.00301305037016339
-0.00189330635814487
-0.0010257111630284
-0.000573852969979793
-0.000604378955973955
-0.00106707894870086
-0.00180526307091172
-0.00258557643699792
-0.00314168841170254
-0.00323502215655944
-0.0027274402893484
-0.00163892761537331
-0.000155306799040034
0.00142556388187183
0.00278389364953057
0.00366392200339784
0.00393185547682391
0.00360490629487327
0.00285303147049987
0.00196265950649908
0.00125393822653419
0.00097232916402719
0.00120654950930756
0.00188023250231991
0.00281786818411473
0.00383470350698672
0.00479214942981602
0.00560142132528858
0.00620676744620999
0.00658862357816606
0.00679148483169559
0.00694049816857143
0.00720696995160245
0.00772166077408362
0.00848238609375842
0.00931769373113623
0.00993685457014783
0.0100418542831993
0.00944120985566206
0.00811243146678759
0.00619744727629777
0.00395030623287056
0.00166776328385718
-0.000375047730183762
-0.00197440378344142
-0.0030312539974177
-0.00356647579817766
-0.00371269719389454
-0.00367543980530282
-0.00366496956623732
-0.00381943287375387
-0.00415532621799066
-0.00457451630803865
-0.00492532912989207
-0.00508087922918006
-0.00499012509884824
-0.00468219778527214
-0.00423724041219037
-0.00374877522973945
-0.00329222652285415
-0.0029026926748555
-0.00256511079207527
-0.00222306500612969
-0.00180639596402812
-0.00126478763069306
-0.00058765615119174
0.000201540348114694
0.00106988415282034
0.00199605455201052
0.00296677768120324
0.00394853007825236
0.00485924212014384
0.00557038189140401
0.00594813318806338
0.00591113551704204
0.00546877359371824
0.00471885370021344
0.00381206963864349
0.0029087701277238
0.00214892161868801
0.00163711186450353
0.0014309603208626
0.00152653197596998
0.00185147471094993
0.00228443162590017
0.00270412334898671
0.00304408524250746
0.00331640688576909
0.00358600881742527
0.00391318761453685
0.00430540947166722
0.00470946469199015
0.00504200530873001
0.00523076167441766
0.00524104642745037
0.0050824211064679
0.00480172092448429
0.00446167387506667
0.0040989065735677
0.0036716409908049
0.00303451216049615
0.0019803514042257
0.00034893467175919
-0.00185274517799029
-0.00439573657855
-0.00688112461427004
-0.00887387065544925
-0.010050126861182
-0.0102972984012111
-0.00974537856061407
-0.00873727317961971
-0.00774684523823507
-0.00724729927492468
-0.00754899440166841
-0.00866215580908686
-0.0102578972787254
-0.0117672806900158
-0.0125852577948776
-0.0122862926381189
-0.0107555564477774
-0.00819186363246045
-0.00500501596689339
-0.00166977070803252
0.00140168443308217
0.00393395590915182
0.00580709788699601
0.00703845134769088
0.00774840929936072
0.00811880037563088
0.00834165513227613
0.00855896000769765
0.00880833689612383
0.00900061474850627
0.00894999524527613
0.00845510083257695
0.00740026976233226
0.00582766479808372
0.0039378789302575
0.00201308779608557
0.000302850030083194
-0.00106492094271526
-0.00210375539332485
-0.0029178125488839
-0.00361452740527808
-0.00422805625375032
-0.00469543128998136
-0.00490502590206123
-0.00479638706784059
-0.00444809936967429
-0.00408207525166812
-0.00395933964994336
-0.00421823533374102
-0.00475437466785799
-0.00522518944932993
-0.00519290856797306
-0.00434325505027841
-0.00267372169928009
-0.000553048350399882
0.00138980001840811
0.00250520942931051
0.00238039374382192
0.000993474587154167
-0.00129951966031982
-0.00391964446235411
-0.00627425817415351
-0.00792852143518898
-0.00868889509731277
-0.00859801600720648
-0.0078694262883014
-0.00679576874679368
-0.00565744309902862
-0.00465145225287521
-0.00385457557464381
-0.00322717397924402
-0.00265128916359258
-0.00198419522934752
-0.00110597114222479
4.9503680857839e-05
0.00147578896810573
0.00307859753817861
0.00466695370726349
0.00597103806516156
0.00670902714020271
0.00669871692556045
0.00596681394419572
0.00478601590166365
0.00359738410343169
0.00284158129766209
0.00277853818497527
0.00338069702296725
0.00434398060844109
0.00520701707482919
0.00552910505906632
0.00505681930520816
0.00381001831897088
0.00204751464046247
0.000128712701611578
-0.00165546555024886
-0.00318862599218896
-0.00451459890143385
-0.00572210391012731
-0.0068165981843898
-0.00767774063985502
-0.00813738327218578
-0.00811877898636006
-0.00772830075056583
-0.00722924516381385
-0.0069196110650356
-0.00700143012807151
-0.00751838517514777
-0.00837605106780944
-0.00940883492393242
-0.0104516631910571
-0.0113919518458115
-0.0121884170327547
-0.0128490577963894
-0.0133783118613934
-0.0137275449440328
-0.0137859423920319
-0.0134192750282754
-0.0125278115595027
-0.0110869596334814
-0.00915860672041055
-0.00688707398281343
-0.00449286330036382
-0.00225499610136888
-0.000459843461615635
0.000686511004273541
0.0011464484654662
0.00108325779770678
0.00080610738055306
0.000650073931401515
0.000853257491282409
0.00148728143929155
0.00245786780621964
0.00355547475635862
0.00452618829343781
0.00514407743336143
0.00527740795943149
0.00494071090071051
0.00431687529955122
0.00373020033051698
0.00356231441698229
0.0041279276000812
0.00555372601210411
0.00771210088303201
0.0102410465106543
0.0126417591361893
0.0144115142848713
0.0151633428427054
0.0147054207915419
0.0130787150933451
0.0105579790608672
0.00760973828354597
0.00479550277085268
0.00262790918629041
0.00142151533119096
0.0011976574359148
0.00168493374096856
0.00241529725403879
0.00287907526169179
0.0026874852762508
0.00169413631033426
3.76606343701311e-05
-0.00191360216492863
-0.00370127164586991
-0.00494727611267354
-0.00547817436431791
-0.00534529223828778
-0.00474061382947993
-0.00386920031944792
-0.00285666395058912
-0.00173181183016244
-0.000465539009872027
0.000980956442759301
0.00262598116211901
0.00444786128052435
0.00636106412971013
0.00819627086906491
0.00971338414816235
0.0106641539819643
0.0108834263559749
0.0103600338996866
0.00924548968037136
0.00779470360261857
0.00627111656451699
0.004865937694619
0.00367017419719336
0.00270524471353785
0.00198103899580884
0.00153427341114492
0.00141957003167273
0.00166634154312708
0.00224061349851952
0.00304083521689109
0.00392573267925034
0.00475292943532473
0.005411910889468
0.00584705784918295
0.00606691927254257
0.00612949610674195
0.00609983874059713
0.00599923822429852
0.00578123269613811
0.00535518668839133
0.00464205547001941
0.00362378910995572
0.00235899079546553
0.000967449286236213
-0.000396478717194112
-0.00156816098092229
-0.00239543844905839
-0.00276417961209616
-0.00262380738467552
-0.00200390443308548
-0.00101428083978122
0.000173512232779067
0.00135870308912935
0.00234702660654732
0.00297726066106002
0.00313492231329119
0.00276338813744012
0.00188511709762952
0.000627870032683788
-0.000771241358657252
-0.00200975052030872
-0.00280623582592549
-0.00298803632416217
-0.00253325738778053
-0.00154941582914231
-0.000210249684749649
0.00130843811336422
0.00286259716586888
0.00433813474365548
0.00563150567440324
0.00663866154135832
0.0072694474074545
0.00748519970090408
0.00733793528567754
0.00698197314395915
0.00664095981030489
0.00654012017566714
0.00683597131831602
0.00757524809310235
0.00869264790467962
0.0100339407853056
0.0113853772672341
0.012500923377775
0.013131448198145
0.0130640585420496
0.0121734122022234
0.010472889682942
0.00814006876484649
0.00549129611412386
0.00290133177193776
0.000694943276734331
-0.000944409415279538
-0.00201072082249513
-0.00264389369927619
-0.0030463282774572
-0.00338387557825966
-0.00371448281352183
-0.00397641339766903
-0.00403750720882452
-0.00377238014491419
-0.00312136816191577
-0.00210611659628274
-0.000813763756643366
0.000620958928139778
0.00202459235011311
0.00320305054787692
0.00398817272239653
0.00429743638096112
0.0041605163975047
0.00368091927601613
0.00295528565167053
0.00201519063806248
0.000841658048122595
-0.000559783569422578
-0.0020905111874675
-0.00356080266645254
-0.0047668896411532
-0.00558353784542042
-0.00600176499232398
-0.0060922529551953
-0.00593769275856904
-0.00559235196669169
-0.00508666467191225
-0.0044473840066507
-0.0036987575489845
-0.00284419409765964
-0.00185639651579384
-0.000695764808921881
0.000653715666139975
0.00215874298478269
0.00373755414631507
0.00528248516030669
0.00668967567931669
0.00788373617837929
0.00882784064336491
0.00951165027268421
0.00992037820405307
0.0100067285817074
0.00969364122865578
0.00891467189126441
0.00766453497050098
0.00601916756907872
0.00410987825379529
0.00207675424576395
4.14112492488358e-05
-0.00188553346371588
-0.00358280560721685
-0.0049133103553145
-0.00574536889600365
-0.00598504058989646
-0.00559854207715323
-0.00461639465343843
-0.00312472091869035
-0.00125248400796702
0.000841714692052228
0.00298546123364703
0.00501450106364348
0.00680088209045526
0.00828074651654955
0.00946864721742345
0.0104439867197611
0.0113051067238232
0.0121066623809175
0.0128132796235209
0.0133003974965183
0.0134079819683525
0.0130206871233584
0.0121321619073131
0.0108618050097523
0.00941961992519757
0.00803927671350897
0.00690792302028515
0.0061157118580373
0.00563908705800709
0.00536441196214888
0.00514701150070149
0.00488207184941976
0.00455027081543914
0.00421090503713376
0.00394915373653013
0.00381618587309262
0.00380185944987742
0.0038482086980375
0.00387752014084928
0.0038037493552487
0.00352376739791732
0.00291691449650971
0.00188335472271619
0.000416334906270727
-0.00133959535230136
-0.00310030705569656
-0.00453754971236548
-0.00541092699986147
-0.005660726477895
-0.0054138600895494
-0.00491321659916966
-0.00441945406170934
-0.00412953963805945
-0.00412801273792518
-0.00436973254298541
-0.0046961679108388
-0.00489035739893211
-0.00475964996156364
-0.00421042127798845
-0.00327407862602087
-0.00207181801657962
-0.000745773733719571
0.000598519819379639
0.00191162141501148
0.00318725257775799
0.00443929049431511
0.00568452545754428
0.00693268056351609
0.00817817638471168
0.00938993822287356
0.0105017545374641
0.0114133028082538
0.0120143544028482
0.0122321378891968
0.0120778071876402
0.0116560687809414
0.0111226516327427
0.0106154490240216
0.0102087168408487
0.00992049645942092
0.00975670142456914
0.00974329742466018
0.00991050563639586
0.0102393756301966
0.0106191622981201
0.0108587306965974
0.0107521981676978
0.0101576102682002
0.00904123199122677
0.00746725336959913
0.00554610770568883
0.00337238559186294
0.000983483150051746
-0.00164046094694156
-0.004532855167842
-0.00767348260181033
-0.0109349803079078
-0.0140765938802497
-0.0167928306864309
-0.0187935909412692
-0.0198800547139896
-0.0199934377715269
-0.0192331376987529
-0.0178449713246695
-0.0161718790010193
-0.0145626936034255
-0.0132611574504726
-0.0123260614829241
-0.0116302406128497
-0.0109430053679844
-0.0100481215480728
-0.00883079507310904
-0.0072974526215458
-0.00554352502687632
-0.00371215976880942
-0.00197196882387397
-0.000507704084053699
0.000498125601219766
0.000900549803194296
0.000630835789447734
-0.000278108811842414
-0.00168434911939906
-0.00334727464959468
-0.00496378132252884
-0.00624005740524397
-0.00698705798694598
-0.00719784219779519
-0.00705932998473934
-0.00688051472079924
-0.00696148861787046
-0.007455385458182
-0.00828076477310106
-0.00912867346039566
-0.00957485113208736
-0.00925542149560167
-0.00802075885824158
-0.00598725083238634
-0.00346913956168339
-0.00084678992458006
0.00154766892662745
0.00348504192090565
0.00484725280746409
0.00562134748743521
0.00589017204752227
0.0058070638577497
0.00554685793249008
0.00524952340102022
0.00498503168391939
0.00475449807233859
0.00451830154094474
0.00423070601074561
0.00386954163110674
0.00346378885132822
0.0031214810461173
0.0030423825110837
0.00348547182694708
0.00467609128650845
0.00668096132353952
0.00931635439915732
0.0121490308382156
0.0146010566848153
0.0161145692718033
0.0163075681102349
0.015065174253906
0.0125454028028531
0.00911227319620797
0.00522892422759154
0.00134620620851226
-0.0021878676676867
-0.00518550368772199
-0.00763691093275431
-0.00968096844333478
-0.0115263214717715
-0.0133416695559593
-0.0151600288653234
-0.0168464837507841
-0.0181506040397094
-0.0188213201933964
-0.0187326438725759
-0.01796567487492
-0.0168096032675319
-0.0156736718389476
-0.014938445784701
-0.0148067077289751
-0.0152218894670419
-0.015893321304582
-0.0164151592081529
-0.0164211386198641
-0.0157068585722948
-0.0142766237876534
-0.0123117941735095
-0.0100884776995389
-0.0078844264198225
-0.00591084451898926
-0.00428938507933732
-0.00307166370171051
-0.00227609965402442
-0.00190856103709508
-0.00194879140817481
-0.0023162894957327
-0.00285256354804837
-0.00334956757172939
-0.0036197673739708
-0.00356962518167863
-0.00323254938625769
-0.00274186023086725
-0.00225860538671777
-0.00189132710379786
-0.00164670401583002
-0.00143393490367229
-0.0011190680489442
-0.000600025786936698
0.000136766709237493
0.00100479529012552
0.00185133431917505
0.00251425553919211
0.00287228379280362
0.00287012459412625
0.00251956848138863
0.00189049007745524
0.00110158193891245
0.000307289778773288
-0.000326799823154768
-0.00065662961581888
-0.000585281790869807
-7.10204571216093e-05
0.000876523968058027
0.00219876780633871
0.00378662826075979
0.00548802377412535
0.00713744643985271
0.00860128865677082
0.00981196638428789
0.010764948609768
0.0114802078346944
0.0119611282836899
0.0121881589824829
0.012152667074745
0.0118963047801238
0.0115128925188097
0.0111037771269558
0.0107210682086383
0.0103438258395498
0.00990268570677744
0.00933040382448143
0.00860305726374222
0.00775148634369561
0.00684309284803112
0.00594500485580175
0.00508432604108582
0.0042249645659662
0.00327653110541279
0.00213256437016641
0.000714507795299269
-0.00100447053906279
-0.00300091341057567
-0.00520874167891922
-0.00751107275664038
-0.00971699269423608
-0.0115528348568085
-0.0127032182820048
-0.0129077979992999
-0.0120748819290117
-0.0103500345122342
-0.0080984077688137
-0.00580922597966091
-0.00397084353452051
-0.00296644139886744
-0.00300951476176595
-0.00410776900623241
-0.00604219272822969
-0.00837174863362179
-0.0104925848020586
-0.0117672567486781
-0.011699000127297
-0.0100897264830642
-0.00711540966978623
-0.00328150370181404
0.000732093714860722
0.00428146549872253
0.00694287628118545
0.00859771642215539
0.00939257225808183
0.00961256346704153
0.00954491829317118
0.00939630522733725
0.00927589156989196
0.00921168178252572
0.00916416595195756
0.00903044106438485
0.00865713124666064
0.00787699558857499
0.00656149281314111
0.00466649469617426
0.00225320294130844
-0.000519775135224723
-0.00342829158108845
-0.00622870557979517
-0.0087017070832737
-0.010676416858774
-0.0120335243693707
-0.0127097715557577
-0.0127273640886158
-0.0122401831234837
-0.0115536840669072
-0.0110763534444175
-0.0112011674072032
-0.0121618354401891
-0.013927713211223
-0.0161876258755343
-0.0184392887114048
-0.0201596651105835
-0.020992841739608
-0.0208737034107664
-0.0200278747542468
-0.0188500987713318
-0.0177291525869796
-0.016910085968445
-0.0164476086592926
-0.0162407559802143
-0.0161002873452919
-0.0158089416922806
-0.0151678383303873
-0.0140412688693468
-0.0124019700301981
-0.0103584281970032
-0.00814195453688176
-0.00604986495830751
-0.00436399440603359
-0.00327248708946083
-0.00281645215705255
-0.00287197965056212
-0.00316893257275352
-0.00334193058336385
-0.00300629130318302
-0.00185041711646147
0.000269218750717942
0.00325433895480102
0.00674132069346223
0.0101473188132659
0.0127842556417745
0.0140172096116097
0.0134291609034446
0.0109477773748101
0.00689364548422371
0.00192618277951584
-0.00310809236225334
-0.00738791825058245
-0.0103272239957034
-0.0117115780597568
-0.0117116381769156
-0.0107747667870403
-0.00945123690305564
-0.00823373808348144
-0.00746156144368438
-0.00728902516671947
-0.00768674957604106
-0.00845497988603682
-0.00925725846046452
-0.00969182560313827
-0.00939583022649392
-0.00814870907187668
-0.00593609539383605
-0.00295763703679728
0.000411347313382642
0.00368527474206555
0.00635070410582911
0.00796519142677031
0.00826484356821789
0.00725066561528141
0.0052090861961236
0.00263795593047218
9.43774349637773e-05
-0.00197499373882324
-0.00334978206677893
-0.00405534741163208
-0.00428912671989597
-0.00429255123494068
-0.00422216051252626
-0.004072134311979
-0.0036841773262935
-0.00284450163562769
-0.00141813227498816
0.000560643774223408
0.00290125213083897
0.00536167657420085
0.00776571406923697
0.0100466470290515
0.012193326235684
0.0141526996485172
0.0157731638644352
0.0168361919465405
0.0171553653671641
0.0166768873261786
0.0155217345359914
0.0139520816260885
0.0122867968264772
0.0108067157645504
0.00968091552868097
0.00892851190117075
0.00842121383001154
0.00792905753172233
0.00720435894707042
0.00608130699166476
0.00455050118904782
0.00276785679509688
0.000985144779345096
-0.000567186449714937
-0.00178262257745188
-0.00270721261532584
-0.00347481676341591
-0.00418660557573804
-0.00481214602768294
-0.00518140217831447
-0.00507911752767851
-0.00438294924115565
-0.00315792404865223
-0.00165416013099539
-0.000220449163399387
0.00081044561811546
0.00121216912480948
0.000908507909452133
-2.67910884152224e-05
-0.00140358758548056
-0.00297151719073322
-0.00448441021368862
-0.00575355910380781
-0.00667303558518359
-0.00721328712488456
-0.00739419205272867
-0.00725443354582861
-0.00682814610775859
-0.00613019927877664
-0.00514697216030273
-0.0038315818360653
-0.00210712905073673
0.000115554935163387
0.0029008272105223
0.006235644715335
0.00997974926750555
0.0138483097795675
0.0174524712057171
0.0203985055946126
0.0224118826216671
0.0234305924183587
0.0236199330641623
0.0232968944294851
0.0227948702096629
0.0223245789760756
0.0218860779560926
0.02126688191814
0.0201315158571016
0.018172854311253
0.0152644515617409
0.0115443124707325
0.00738805805954187
0.00328421349499429
-0.000324468139759033
-0.00315430151455966
-0.00510115696466681
-0.00618164001726643
-0.00645770694828429
-0.00600764566908556
-0.0049556686483156
-0.00351324314999677
-0.00197050160736017
-0.000619094522752623
0.000350912337290305
0.000912270293071685
0.00118147282290002
0.00133566634493293
0.0015168151734111
0.00176882293953066
0.00202273374193419
0.00212016816862387
0.0018609865284798
0.00106732076683661
-0.000345620819636178
-0.00231325835620589
-0.00460708889267148
-0.0068765411881703
-0.00873669854072782
-0.0098707271897937
-0.0101104098036255
-0.00946654394922571
-0.00809860132068712
-0.00623751147112415
-0.00409951579812717
-0.00183617174089203
0.00045691607611004
0.00269093583749468
0.00473918403012926
0.00643166581382145
0.00758988700594243
0.00807813210906638
0.00784823293042674
0.00696758451557491
0.00562552546197569
0.00410909774456191
0.00273891354694546
0.00177088090701884
0.00129639766789745
0.00119222887380617
0.00115864152458541
0.000838519979104866
-3.95167524112335e-05
-0.00156571554515994
-0.00364083403253167
-0.00604111259112097
-0.00850900905723031
-0.0108250237622936
-0.0128409335027281
-0.0144771196040685
-0.0156971404742427
-0.0164777187327365
-0.0167947776593802
-0.0166376661040735
-0.0160410775869518
-0.0151042141188779
-0.0139717135394723
-0.0127799948853939
-0.0115999359098496
-0.0104097831051465
-0.00911358557712747
-0.00759701706290439
-0.00579464887731907
-0.0037345072702833
-0.00153446457845431
0.000645668950765056
0.00265970410248033
0.00439671254361821
0.00576133830160551
0.00664857239442278
0.00695545663748188
0.00663198714086218
0.00572837942823718
0.00439645613647689
0.00284903800310951
0.00131872304175816
4.15405786157373e-05
-0.000757795118385942
-0.00092002038231494
-0.000441945186648084
0.000461710294054024
0.00139928852316008
0.00195347678865961
0.00186361077075432
0.00113029295307976
-1.34969593905388e-05
-0.00123288897627834
-0.00223878885002027
-0.00288120121561878
-0.0031694201475827
-0.00324509991560073
-0.00334252482554747
-0.00374844336386801
-0.00475007902725719
-0.00655930365142265
-0.00922434622450453
-0.0125652893630033
-0.0161720552207081
-0.0194801060814115
-0.0219065575709021
-0.0230068586056445
-0.0226062050999716
-0.0208658340232454
-0.0182572363495088
-0.0154384028674892
-0.0130584180763068
-0.0115528325464203
-0.0110106034103324
-0.0111720631460697
-0.0115577138680368
-0.0116624950556783
-0.011122583204911
-0.0097898812649643
-0.00771059764385993
-0.00505485556128515
-0.00205393064577544
0.00102728201766444
0.00389566341543408
0.00624808677668596
0.00782577126498324
0.00849294080534569
0.00829721098315495
0.00746859231103501
0.00634699276043786
0.00527082580832787
0.004479143323821
0.00406414090949636
0.00397886242924728
0.0040849370040537
0.00422425375670171
0.00430002749608967
0.00434350967418189
0.00453204179628973
0.00513302196027971
0.00638363402006193
0.00835956688579501
0.01090530446736
0.0136725165781928
0.0162509292448291
0.0183169701479076
0.0197134769105277
0.02042306644653
0.0204747702135814
0.0198669346227069
0.0185624959420337
0.016541961951599
0.013851740104464
0.0106013851613004
0.00691906279015381
0.00291356236527078
-0.00131721983375242
-0.00563227283460979
-0.00978704435977777
-0.0134165872596162
-0.0160915485306166
-0.0174356526834599
-0.0172548121544238
-0.015615291377468
-0.0128324424029107
-0.00937887890093878
-0.00575918035894782
-0.00240172297479509
0.000407642029949231
0.00255032814652314
0.00406218606933194
0.00508242141005421
0.00577553700973264
0.00626340846800985
0.00660985830472745
0.00686291473702732
0.00710764020524266
0.00746843400690656
0.0080437587381154
0.00881911325477727
0.0096272460908732
0.0101890086812429
0.0102098317168716
0.00947741293475433
0.00792300989320854
0.00564266250934101
0.00288752155592977
2.09780816914897e-05
-0.0025642029899842
-0.00455200235593555
-0.00578564426197092
-0.00628248156468532
-0.00617981058725562
-0.00565451065974188
-0.00486602472772966
-0.00394202571272056
-0.00299327672146373
-0.00213504611637856
-0.00150163643120797
-0.00124657629722396
-0.00151721343694455
-0.00239581700990969
-0.00382502969135237
-0.00556801020647475
-0.00725470382458822
-0.0085179786252737
-0.00915801028988159
-0.00924442040998644
-0.00909783407587722
-0.00915940064543279
-0.00981033970409224
-0.0112166476137664
-0.0132536260948302
-0.01553176207911
-0.01751228980396
-0.0186710940716524
-0.018651037933829
-0.0173488765056049
-0.0149166949926295
-0.0116984567201045
-0.00813933344107257
-0.00469172171363599
-0.00172390570994958
0.000556406500896299
0.0021305284877807
0.00312046005426034
0.00368238570386664
0.00391351406302755
0.00384299735420377
0.00350974342313682
0.00305208302963236
0.00272258397201997
0.00281070327446951
0.00353874443917161
0.00501059958860984
0.00722936492062612
0.010132410363575
0.0135929943587047
0.0173969518330253
0.0212455664113987
0.0248096431090228
0.0277977273302564
0.0299807624050222
0.0311653908218321
0.0311731373674938
0.0298857022659343
0.0273470634666894
0.0238401881280508
0.0198547078766791
0.0159365636546906
0.0124967270634671
0.00968517862394085
0.00739225725564083
0.00536035844338313
0.00333050993129817
0.00114498468764555
-0.0012280757193658
-0.00372801401281506
-0.00624757772937624
-0.00865735258410723
-0.0108032457168189
-0.0124946008787673
-0.0135082484333042
-0.0136264664335511
-0.0127074774832108
-0.0107624289251859
-0.00799654476040252
-0.00477962633287016
-0.00154553120426957
0.00133603407521011
0.00364957831835067
0.00533918585653795
0.00643489840850261
0.00695588268328565
0.00685816217128941
0.00606048168702212
0.00452641625980527
0.00234244746634709
-0.000264324886858284
-0.00298201741676563
-0.00550501091467394
-0.0076018432951787
-0.0091292377466547
-0.0100100113772913
-0.0102153687274152
-0.00977181282277386
-0.00877780804422221
-0.00740279662459954
-0.00585712680291174
-0.0043437562078084
-0.00301289484882252
-0.00193880599867142
-0.0011296339706082
-0.000567555735177056
-0.000259275596071032
-0.000265048927668155
-0.000680837113048785
-0.00157676554568611
-0.00293074980998725
-0.00460954272519093
-0.00642051773328428
-0.00820149082103791
-0.00987954945462519
-0.011450637979255
-0.0128970481483706
-0.014113339248942
-0.0149042890565187
-0.0150589737137511
-0.0144492376521403
-0.0130963494957668
-0.0111877966907374
-0.00905605835117128
-0.00712272664102314
-0.00579274297784714
-0.00530350364419017
-0.00559147220395357
-0.00627214046737221
-0.00678118042232676
-0.00661681101022761
-0.00554544675419174
-0.00365667683510712
-0.0012614163891476
0.00127314630231146
0.00364426498465134
0.00564939192643362
0.00717159379675688
0.0081684727101636
0.00868116932880875
0.00883627787379164
0.00880771405451779
0.00873890477087867
0.00866483055854314
0.0084842391470565
0.00800470589760922
0.00703615553495746
0.00547748855014384
0.00335209224182048
0.000792618715281482
-0.00198798260640575
-0.00471028410253649
-0.00704191099020403
-0.00865334346563548
-0.00932944673474913
-0.00908492722831566
-0.00819865793827728
-0.00712459221861989
-0.00632352821967023
-0.00611148832051418
-0.00659373404938033
-0.00768323231244806
-0.00915781052320528
-0.0107198903535892
-0.0120548898567188
-0.0128950152231463
-0.0130780083618035
-0.0125750529900778
-0.0114730595147867
-0.00992544608097112
-0.00810253650126505
-0.00616104758900539
-0.00422733569196524
-0.002381775722422
-0.000650807053500214
0.000968768368225942
0.00244610029448184
0.00365449908201324
0.00438124169639635
0.00443961945905728
0.00382391887553013
0.0027874971321531
0.00176167487988004
0.00114952010176564
0.00112625678188378
0.00157320364424204
0.00217325620224564
0.00259001657945864
0.00262040716955583
0.00225797402177103
0.0016717814717268
0.00113621328043864
0.000936965101410604
0.00126776669508406
0.00214748200167575
0.00340676908285131
0.0047743395946628
0.00602809115485853
0.00711658653874238
0.00816386305791509
0.00935168954560787
0.0107639971602036
0.012302601808264
0.0137255345723946
0.0147729842594169
0.0152982471262662
0.0153340883326481
0.0150703026231436
0.0147588893285099
0.0145871900593767
0.0145729520362919
0.0145362661550577
0.0141767310800351
0.0132290014933017
0.0116176110307024
0.00952470272554684
0.00733217565458759
0.00546803268465916
0.00422938948999227
0.00365565709363175
0.00350132107691159
0.00332572733552002
0.00267706546947311
0.00130125161279867
-0.000719712644909756
-0.00296885038199425
-0.00483103571585528
-0.00569526321528197
-0.00514005711196629
-0.00305568427673799
0.000308137907153657
0.00437638736855203
0.00837692138711975
0.0115495047014308
0.0133694328518851
0.0136885637088624
0.0127291329020473
0.0109448694464451
0.00882911583089784
0.00675712261999911
0.00490928073014145
0.00327541244192323
0.00171509108577104
4.31716595396376e-05
-0.00188836122764624
-0.00413347009724541
-0.00662653204651035
-0.00918165095373289
-0.0115113651076591
-0.0132702023259365
-0.0141286304032758
-0.0138630511723481
-0.0124273081278938
-0.00997680064772285
-0.00684408308130155
-0.00348275200815494
-0.000386186461717985
0.00202717764510511
0.00355262687462752
0.00430515222873203
0.00471144296237611
0.00535248780127353
0.00671739085342458
0.00899591173864146
0.0120124590940515
0.0153076066428881
0.0182893544125933
0.0203707436815891
0.0210677698085811
0.0200804954305281
0.0173724945936434
0.0132203272485334
0.00818541115839819
0.00299569635025944
-0.00161715692810721
-0.00505565060209599
-0.00693305945425414
-0.00710553836314029
-0.00569322388884927
-0.00308991393723584
8.0338436268742e-05
0.00309681395342112
0.00534760127979035
0.00652954685457129
0.00675173525356831
0.0064910760123508
0.0064116029639938
0.00711255740284413
0.00889661235792906
0.0116427510539967
0.0148299851433765
0.0177021049203339
0.0195141631226558
0.019777579714759
0.0184249172428759
0.0158397761407778
0.0127373524703149
0.00993304684144346
0.00808302377330863
0.00749412992285465
0.00806763677260087
0.00937973611578971
0.0108473642140333
0.0119068644308095
0.0121478039313287
0.0113786624919526
0.00963257947383312
0.00713473553288446
0.00424885240816475
0.00141088490346228
-0.000945938575110847
-0.00246777913355784
-0.00294760745721108
-0.00237162438834864
-0.000934519908520521
0.000985561195744474
0.00289959068055403
0.00432488047945996
0.00492105295401256
0.00459259705659626
0.0035000259464407
0.00195597123465575
0.000248721164892844
-0.0015092719260356
-0.00341594886064329
-0.00567872209784549
-0.00844746250823448
-0.0116837844042436
-0.0151291452668184
-0.0183680288974725
-0.0209441666331226
-0.0224850978675497
-0.0227963437979296
-0.0218899396398799
-0.0199319803787487
-0.0171396621256738
-0.0136984842796062
-0.00975964117384103
-0.00551310113993566
-0.00126589703822463
0.00255292950209043
0.00548183963695119
0.00716047758594693
0.00743295698940001
0.00638232522240571
0.00431067098790029
0.00169600939480175
-0.000869534022328281
-0.00278267734496542
-0.00358066142415762
-0.00309915924000718
-0.00155691222532249
0.000495991152649299
0.00236425951515822
0.00345519896147905
0.00348378401851849
0.00255471653798968
0.00110236192040552
-0.000269653350119068
-0.000977604288732225
-0.000612925067196256
0.000967143580317126
0.00361491589140845
0.00692565062973602
0.0103272965551857
0.0132252618397725
0.0151785481406556
0.0160486606583521
0.0160487243750544
0.0156535610194544
0.0154011429283062
0.0156762235810566
0.0165749383746114
0.017901388479571
0.019280476946872
0.020326886987407
0.0208011336119991
0.0206977246071516
0.0202355856139364
0.0197555922616106
0.0195689734260494
0.0198242097761834
0.0204502053995488
0.0211932145021338
0.0217199387727722
0.0217364269408416
0.0210794865140232
0.0197603785750971
0.0179605181024706
0.015988016332039
0.0142064405358493
0.0129483467755832
0.0124268426584162
0.0126601219348405
0.0134300545255139
0.0143027956884854
0.0147314000280976
0.014225937820008
0.0125306307498343
0.00972806498738591
0.00622197173188167
0.00261272195825129
-0.000474225985846354
-0.00254504629923103
-0.00334417268723244
-0.0028971471981382
-0.00148319342411837
0.000458352259901241
0.00245819162191256
0.0041312455837833
0.005229002526538
0.00562367623806383
0.00526145400787134
0.00413545700449953
0.00230271927956941
-7.38635185852432e-05
-0.00270360770097976
-0.00520135014911411
-0.00717559436776429
-0.00833604186420386
-0.00857246144294574
-0.00797213776153397
-0.0067751088696376
-0.00529398664910143
-0.00383118553702131
-0.00261270667239599
-0.00174348660679246
-0.00118873603656993
-0.000790663818407514
-0.000323455726681352
0.000429376346762236
0.00160427211939662
0.00321643062400568
0.00515267352549613
0.00719010296005794
0.00903384214309101
0.0103748679232514
0.0109672536067049
0.0107069821997208
0.0096752633668853
0.00811184709967993
0.00631813867584447
0.00453581305543201
0.00286687577560503
0.00127535226526937
-0.00034327036681172
-0.00207929938998585
-0.00396470168033116
-0.00598077523150463
-0.00809098864235875
-0.0102622126065638
-0.0124576533933111
-0.0146103523240974
-0.0165962607880477
-0.0182227246986994
-0.0192445465305993
-0.0194157543020158
-0.0185688200803765
-0.0166858852902949
-0.0139156229021708
-0.0105194867946713
-0.00678617899150008
-0.00298054355100207
0.000642369682790436
0.00379774175391013
0.00618052995189153
0.00755684505250826
0.00788609146368394
0.0073775756628494
0.00642472859906509
0.00544942158962301
0.00474834238493443
0.00441772928769469
0.0043694445846018
0.00440257130979737
0.0042917323199679
0.00387461107813576
0.00312820658482009
0.00220755241565104
0.00141064076394059
0.00105912306106093
0.00133892694417288
0.00218506943659698
0.003281547284759
0.00418360521766173
0.00450058699257885
0.00405048544770276
0.00292409663398491
0.00144943429714196
8.74805888398777e-05
-0.000698965129906737
-0.000571313729667572
0.000584545599310572
0.00260106822693039
0.00503299412858638
0.00723435929094929
0.00850114566875182
0.00824509456522627
0.0061459349994461
0.00223387230306015
-0.00312013605968967
-0.0092976968832628
-0.0155786671519978
-0.0212967349288748
-0.0259614706863778
-0.0293163720630812
-0.0313306141202219
-0.0321516088436338
-0.0320523595873891
-0.0313851234160032
-0.0305253900801249
-0.0297897595823406
-0.0293410225445515
-0.0291236160659476
-0.02887260090066
-0.028207581063246
-0.0267811783522723
-0.0244230790688147
-0.0212182931347345
-0.017484426000398
-0.0136583513680043
-0.0101459610417509
-0.00720374867316956
-0.00489633515130273
-0.00312580649862596
-0.00169224491722793
-0.000346332402938494
0.00117279705489321
0.00309354711253311
0.00554678603207916
0.00849707702933238
0.0117098692003691
0.0147819153616921
0.0172287906766247
0.0186021310293339
0.0186119351812804
0.0172355394435039
0.0147841432033369
0.0118823274006815
0.00933002433003598
0.00787160928959039
0.00795886427160759
0.00961122035985267
0.0124287403656337
0.0157347932232922
0.0187727241135802
0.0208828346990047
0.0216236672261493
0.0208346135517257
0.0186444856424667
0.0154238494909955
0.0116791752283821
0.00790293532605794
0.00441773369971814
0.00126876245569162
-0.00178630824201776
-0.0051715636693635
-0.00929889136313744
-0.0143546991430365
-0.0201522574533103
-0.0261155058440499
-0.0314101820215342
-0.0351773056321082
-0.0367825845759118
-0.0359958077512846
-0.0330522296129251
-0.0285941435325353
-0.0235193838493501
-0.0187744689431245
-0.0151389834070346
-0.0130573669750762
-0.0125681507804807
-0.0133468932982327
-0.0148320908661236
-0.0163761705662762
-0.017376432149342
-0.0173776089962923
-0.016158797628336
-0.0138002287854219
-0.0106922545172418
-0.00744663127083292
-0.00471700167511299
-0.00299648124649194
-0.00248069065430692
-0.00304608981772786
-0.00433163633602035
-0.00587669279953722
-0.00727257493158082
-0.00829848422897198
-0.00900559764579021
-0.00969964209138965
-0.0107949258701552
-0.0125852346045032
-0.0150506512497735
-0.0178209144225741
-0.0203241278744156
-0.0220288053947902
-0.0226345123271292
-0.0221217118222929
-0.0206813698009022
-0.0186146619263019
-0.0162728439546964
-0.0140307649591211
-0.012234728551935
-0.0110890613442073
-0.0105249367159054
-0.0101535353512666
-0.00937900226352704
-0.00764266850077462
-0.00466910241142636
-0.000573472398170473
0.00421717309048021
0.00915369005531899
0.0137373257028426
0.0175959492878648
0.0204805980907924
0.0222522184418536
0.0229017181317133
0.0225801380976062
0.0215819831101254
0.0202565843943582
0.0188874005058737
0.017615667297665
0.0164587697161989
0.0154048382917301
0.0145071851338104
0.0139007897716263
0.0137217283083048
0.0139866444940488
0.0145237780737619
0.0150107427379123
0.015096740433445
0.0145332973473285
0.0132479685716344
0.0113474078260351
0.00907400592136407
0.00673775535210319
0.00462795841382025
0.00291482596863326
0.00157758855112048
0.00040663011244944
-0.000902881559208553
-0.00260142164969
-0.0047491846817679
-0.00715501357890677
-0.00941295694910909
-0.0110194203633052
-0.0115305391770823
-0.0107125999383798
-0.00864177218393432
-0.00572121552092684
-0.00260535551067952
-5.02169073889297e-05
0.00126511886230485
0.000891543684688152
-0.00130147540126224
-0.0051084496575782
-0.0100230702242509
-0.0153094739962461
-0.0201143151339016
-0.0236306740310332
-0.0252923643810183
-0.0249287614570701
-0.0228003362385108
-0.0194905859699147
-0.0157127005190617
-0.012128159011117
-0.00923836099978436
-0.00734125873840709
-0.00651304708553501
-0.00660339019782039
-0.00727446655425191
-0.00810866723115161
-0.00875492884524252
-0.00903993211113064
-0.00899068170872387
-0.00878151371565072
-0.00866220279424964
-0.00890401947972296
-0.00975079197004575
-0.0113469962929329
-0.013652953882177
-0.0164008472319493
-0.019139170654803
-0.0213575333307326
-0.0226314441464992
-0.0227248073698107
-0.0216295620386567
-0.0195586814416526
-0.0169060282493063
-0.0141619555807684
-0.0117741648538163
-0.00998598195449099
-0.00872869958943129
-0.00763573067679668
-0.0061786323851257
-0.00385465402562675
-0.000342280462665703
0.00441329906635912
0.010173252151981
0.0164189423529029
0.0224158891842496
0.0273472757634828
0.0305020215473377
0.0314535078944413
0.0301551238725618
0.0269229286661502
0.0223336401992872
0.0170890456417393
0.0118806595982759
0.00726645904957056
0.00357304291446846
0.000851851632279262
-0.00108292726523742
-0.00253751605353062
-0.00378704342474278
-0.00495484323112698
-0.00597265467734822
-0.00663210535877261
-0.00670097893951555
-0.00605973607571013
-0.00480981814711913
-0.0033078633800685
-0.00209651598591601
-0.00174251274733289
-0.00264108352675316
-0.00486696731880779
-0.00812843082968464
-0.0118320952608435
-0.0152278519628861
-0.0175878696539762
-0.0183721515929086
-0.0173390818577682
-0.0145790564751965
-0.010480558257844
-0.00565804398301812
-0.000860635210544213
0.00314427909902732
0.00571945432852874
0.00651026987679679
0.00553832354597712
0.00318340101271756
5.77966535656103e-05
-0.00316728883098393
-0.0059144753059899
-0.00779693412819382
-0.00865752709778977
-0.0085558022688994
-0.00770703552766382
-0.00639346036291929
-0.00488787726989617
-0.00341957850677844
-0.00217292020522946
-0.00128394496246664
-0.000819381063078736
-0.000758531111824292
-0.00100483656783267
-0.00142468185114139
-0.00188692028128947
-0.00228792420737776
-0.0025732812924127
-0.00276679766837044
-0.00298646726598696
-0.00340970119727763
-0.00418228742290217
-0.00532257210654884
-0.00669043511188461
-0.00804183800057881
-0.00912025164944771
-0.00971809098589334
-0.00969074099363091
-0.00896416444477942
-0.00757683661893775
-0.00573744352921248
-0.00382871143631013
-0.00230657766268887
-0.00152333118798728
-0.00157288215531353
-0.0022535646361243
-0.00317053964735272
-0.00391462947672371
-0.00421846989550516
-0.00402059807078993
-0.0034317217253383
-0.00264790361541409
-0.00186592990038566
-0.0012321689806124
-0.000822868703972172
-0.000635209597103167
-0.000574440146773435
-0.000445340061513175
2.53417363231135e-05
0.00111627073954279
0.00300351573252206
0.0056654509705034
0.00884979027384005
0.0121170985686597
0.0149362154024405
0.0167969212085915
0.0173217916328778
0.0163708608594636
0.0141191192635452
0.0110656709963279
0.0079401597410704
0.00551693933572805
0.00439914538253137
0.00485157700051011
0.00673382590357269
0.00954218938564526
0.0125412848844341
0.0149547919480885
0.016171388820823
0.0159049984904007
0.0142514205127354
0.0116234382787218
0.00860359541194757
0.00578437931516859
0.0036476428065085
0.00249283997595528
0.00240079864559941
0.00323162376333003
0.00467343835584698
0.00634681563621121
0.00793051096887889
0.00924924818407162
0.0102861708483066
0.0111341347294394
0.0119324557622516
0.0128221067445084
0.0139147820776358
0.015253598777148
0.0167637830934452
0.0182261000268715
0.0193134979458026
0.0196971467833343
0.0191773951571463
0.0177703826304834
0.0157017533017731
0.0133078640077941
0.0108889139973718
0.00857700534662707
0.00627426757857646
0.00368866523037622
0.000455440341785094
-0.00370601125701896
-0.00886518548992507
-0.0148276491959119
-0.0211569110567958
-0.0272399476800667
-0.0323685230035539
-0.0358333837566049
-0.0370412005241546
-0.0356475225546118
-0.031669362257504
-0.0255279650983791
-0.0179893475676403
-0.0100074004555242
-0.00251196072001075
0.00379386576048334
0.00856466353512927
0.011834276204487
0.0139287190486092
0.0153083239048422
0.016398861587826
0.0174699893063164
0.0185951560356536
0.0196897871951913
0.0205915249102062
0.0211349721964882
0.0211899035398877
0.0206645522120792
0.019500484354914
0.0176834054421297
0.015267528555511
0.0123861644052874
0.00922643439213403
0.005981317255859
0.00282172829010287
-8.28348370247551e-05
-0.00251886521495295
-0.00422140736456043
-0.00494739074543904
-0.00460472320341832
-0.00335553563483586
-0.00161580790402424
6.511502006589e-05
0.00118837413140186
0.00145960516562852
0.000841936307372422
-0.000497461298931133
-0.00228792342788547
-0.00422865723219503
-0.00600909806405377
-0.00731920171462455
-0.00791237296633767
-0.00772610930743947
-0.00698111264017309
-0.00615678410315813
-0.00581557330445515
-0.00636060052063226
-0.00786105048688431
-0.0100289343765946
-0.0123333271196263
-0.0141773014876675
-0.0150675650508905
-0.0147413481686457
-0.0132352710304352
-0.0108812488673795
-0.00821876914044216
-0.00583705407516416
-0.00419505893789456
-0.00348719707249465
-0.00360861470568166
-0.00422772213033449
-0.0049223760864635
-0.00531381382334842
-0.00515161987576805
-0.00434318241137751
-0.00294975437824496
-0.00117276700384356
0.00066372979609038
0.00214815225730675
0.00285367013594948
0.00245155469381115
0.000836431523684047
-0.00179405777477274
-0.00495928222158934
-0.00802722607950808
-0.0104131255191766
-0.0117669296960499
-0.0120784927570316
-0.0116659562911181
-0.0110549803736806
-0.0107881467914088
-0.0112209257064543
-0.0123649115115891
-0.0138322356434993
-0.0149149455548911
-0.0147948241649482
-0.0128255795975826
-0.00878313870280464
-0.00297627045440779
0.00383292419522696
0.0106567393334565
0.0165481275649637
0.0207992761393089
0.0230318530533779
0.0232078010456095
0.0216089602697196
0.0188004106921964
0.0155505701321657
0.0126765540437413
0.0108249044457086
0.0102560395835499
0.0107330948655004
0.0115928555684254
0.0119982540023617
0.0112741189199604
0.00917096204778937
0.00593340119838122
0.0021601541413515
-0.00144340767004404
-0.00428449564900055
-0.00599899680972379
-0.00647814802303728
-0.00585346804566849
-0.00445391688694264
-0.00271231781559101
-0.00101916910743492
0.000416345931863064
0.00161226270705822
0.00273392614559043
0.00394582890404806
0.00529701803470413
0.00670246092184027
0.00800093425769662
0.00902015846471082
0.00959868555967368
0.00957206533785713
0.00876767993482019
0.00703771480267454
0.00431729121899785
0.000670510560048297
-0.00370152684708708
-0.00849027763559693
-0.0133312758701123
-0.0178620521679621
-0.0217733950336784
-0.0248393248804347
-0.0269136051456575
-0.0278965272613128
-0.027699744474683
-0.0262488286503723
-0.0235442092801478
-0.0197542384167342
-0.0152708174309972
-0.0106584642321562
-0.00648424897300742
-0.00309541294904773
-0.000458429309578218
0.00184590160354589
0.00445133143307229
0.00792588453588285
0.0125016362495843
0.0179272697012286
0.0235004708284175
0.0282657223080385
0.0313065895865184
0.0320320859268798
0.0303560575704984
0.0267025983297282
0.0218397719927451
0.0166216911255989
0.0117564840526572
0.00768509331894036
0.00457733376964341
0.0023898626172626
0.00092999350391484
-8.61825766435041e-05
-0.000960170382054779
-0.00191614160335932
-0.0030206150204821
-0.00416888634710626
-0.00515733086222771
-0.00580413493285301
-0.00604657706706678
-0.00595687001070416
-0.00567206306673724
-0.00529117167919258
-0.00481434323286004
-0.00416713810738921
-0.00328936022109262
-0.00221940979857314
-0.00110929889364188
-0.000160091690788359
0.000470527016089382
0.000719504357187919
0.000601694710494601
0.000160084083409034
-0.000560848133170283
-0.0015010662262862
-0.00256812346568182
-0.0036660241641718
-0.00476894972527056
-0.00597867504777235
-0.0074970915222246
-0.00950522991532738
-0.0120181980319453
-0.014814467191752
-0.0174924676836271
-0.0196233946581335
-0.0209115033157368
-0.0212813026510914
-0.0208676323647091
-0.0199366896499085
-0.0187785230404957
-0.0175971385325436
-0.016418546212114
-0.0150498145981892
-0.013126582211801
-0.0102552200151916
-0.00619953147279964
-0.00102390978927177
0.00488015135731681
0.0108964279606317
0.0163623378993966
0.0207421107586654
0.0237330646373168
0.0252890818091181
0.0255837732028835
0.0249464775037599
0.0237912207547317
0.0225415711682774
0.0215500530222121
0.0210221636854979
0.0209698489042163
0.0212201049828645
0.021483960231415
0.0214612727241515
0.0209393756000855
0.01985007106321
0.0182713147431839
0.0163807606997988
0.0143816561063706
0.0124305172985103
0.0105982539679723
0.00888193658270678
0.00725434034814391
0.00571505078155144
0.00431228201810351
0.00313189621006088
0.00226939299493541
0.0017950140486904
0.00170869333890116
0.00188807829952311
0.00205883451967189
0.00182910670965421
0.00080180412973463
-0.00127691531401823
-0.00441004175276594
-0.00834121040022518
-0.0126434840829902
-0.0168508321324226
-0.0205697666601324
-0.0235402892909881
-0.0256504687320515
-0.0269189100920358
-0.027448909040673
-0.0273559457994405
-0.026692897921775
-0.0254229948739479
-0.0234770815481349
-0.0208696373832182
-0.0177866439666343
-0.0145636084724333
-0.0115523763364657
-0.00896301035081774
-0.00678276400270775
-0.00480800234814777
-0.00274363222095634
-0.000300091290560146
0.00274345025436131
0.00649463906373718
0.0109042728352016
0.0157404239705046
0.0206198681533798
0.025109159581575
0.0288494171743791
0.0316279514091627
0.0333548423097781
0.0339788392725981
0.0334260127946355
0.03161959293345
0.028562282404063
0.0244043530215399
0.0194339045702087
0.0139925923545859
0.0083763683669008
0.00278257741498304
-0.00267451951620918
-0.00789831844727805
-0.0127352735137724
-0.0169376752633835
-0.0201969808697911
-0.0222416930676052
-0.0229464555264876
-0.0223853032753374
-0.0208021206652819
-0.0185304890695815
-0.015915676881376
-0.0132600662121713
-0.0107775312707597
-0.00855091675263192
-0.00652521303228106
-0.00457523404656814
-0.00263141979189972
-0.000779410853696674
0.000754194899831306
0.001736894473064
0.00209460186687929
0.00198519096017443
0.00172770482854184
0.00163630754289823
0.00186377987787241
0.00233642701325808
0.00279709573887971
0.00292189972500109
0.00246180322447316
0.00136586810174802
-0.000151960431431821
-0.0016339499431194
-0.00249489546788148
-0.00219836836550352
-0.000421161126540238
0.0028647674756161
0.00741828198829214
0.0128287066140944
0.0186243510706945
0.0243432298874638
0.0295637090549455
0.033922178167788
0.0371378116805192
0.0390373945361267
0.0395597398536691
0.0387343294324512
0.0366540431034763
0.0334668711701937
0.0293878361823209
0.0247036403836313
0.0197409554576535
0.0148014839148945
0.0101036938100034
0.00577325455779135
0.00188324033756633
-0.00150220108167397
-0.00433169048234886
-0.00662117591036586
-0.00850721184830804
-0.0102404969396622
-0.0121113999516652
-0.0143562807193711
-0.0171020975261962
-0.0203628579680655
-0.0240531003975215
-0.027980223540261
-0.0318208644292322
-0.0351304236473141
-0.03743052372793
-0.038362822670949
-0.0378351667313617
-0.036071682717881
-0.0335269935307471
-0.0307026199787132
-0.0279588702936056
-0.0254146263568632
-0.0229727650171752
-0.0204351603764432
-0.0176257945004462
-0.0144533404001146
-0.0109033137561636
-0.00700529473693023
-0.00282646033252252
0.0015016859670348
0.00576339587176234
0.0096871287479442
0.0130213946311847
0.0156163621709618
0.017469001920573
0.0187206678649393
0.0196212658218199
0.0204735431942403
0.0215614539905027
0.0230730461154292
0.0250468727739857
0.0273723034273826
0.0298442835717375
0.032236452187215
0.0343497260804952
0.0360225127730062
0.0371222865392394
0.0375433447184244
0.0372128154822399
0.0360880969230275
0.0341402102073639
0.03134743383053
0.0277305552995669
0.0234216053774717
0.0187040534268711
0.0139572749052927
0.00950555112034941
0.0054595297978906
0.00166319655503745
-0.00220770465870942
-0.00645518733223065
-0.0111943863097612
-0.0163049934137653
-0.021506214850252
-0.0264885811071868
-0.0310144651149041
-0.0349326873337888
-0.0381135191913629
-0.0403632228320434
-0.0413936567550223
-0.0408906644735934
-0.0386590394231475
-0.0347626112633936
-0.0295700946182016
-0.0236712895046962
-0.0177050158564561
-0.0121833287056184
-0.00738321979346384
-0.00333244325861379
0.000122123155864038
0.00319590270375003
0.00604383456301561
0.00868618382846243
0.0110186904594182
0.0128969121610393
0.0142377479433205
0.0150721689820776
0.0155216999655341
0.01572667654853
0.0157851163869545
0.0157485631425297
0.0156776540349869
0.0157136395161776
0.0161010469264602
0.017118945782905
0.0189382221243933
0.0214831511810404
0.0243889935054494
0.0270962226811722
0.0290419463023366
0.0298571240351761
0.0294816323958673
0.0281526910153428
0.0262770876284597
0.0242461171515971
0.0222795046723425
0.0203707255649726
0.0183463922438305
0.0159829533588564
0.0131023750608157
0.00961332883266365
0.0055252709611297
0.000970629620543484
-0.00378059330429276
-0.00836910290813428
-0.0124770245664326
-0.0159736954144521
-0.0189646916658765
-0.0216899390722541
-0.0243323594787442
-0.0268663821411247
-0.0290365432344245
-0.030453752532047
-0.0307264755440476
-0.0295571080884017
-0.0267946100551224
-0.0224705194725915
-0.0168273647052999
-0.0103130539570477
-0.00351370656322355
0.00296363420118679
0.00861001413763425
0.0130905518793953
0.0162699944481494
0.0182102620885045
0.0191552345609195
0.0194872418883838
0.0196269614836032
0.0198794245352194
0.0202843113140279
0.0205592122873722
0.0201940057853262
0.018673147497018
0.0157231907022811
0.0114627388078121
0.00638798185802877
0.00121869305269883
-0.00330822314974263
-0.00661341347589781
-0.00838168103935876
-0.00860738702690276
-0.00759247536552483
-0.00589167243300111
-0.00418857661736329
-0.00310831445889214
-0.00301858600990289
-0.00390469722368546
-0.00538938866240858
-0.00690078242657723
-0.00790972368653756
-0.00811778982148241
-0.00751093762360196
-0.00627998448698946
-0.00468697683760372
-0.00297062398137173
-0.00132762538353085
6.96654601149775e-05
0.00108549668021556
0.00168010571095198
0.00195855174949682
0.00213352745309687
0.00239521693575592
0.00277334153264258
0.00309813323089261
0.00309172729657257
0.00251948475045145
0.00129585481845167
-0.000504630793542642
-0.00269626309151847
-0.00502278140728433
-0.00716024840353041
-0.00871476421730841
-0.00926871358295986
-0.00848962567337125
-0.00625382052522872
-0.00271035289705518
0.00175601186609546
0.00663822069451259
0.0114271143518247
0.0156790473544126
0.0190258934543924
0.0211733233834675
0.0219370099606358
0.0213196667367101
0.019575563632038
0.0171945481114973
0.0147815117154551
0.0128763510261246
0.0117985634111093
0.0115809907374103
0.0120005730398608
0.0126689868743502
0.0131413051502372
0.0130218514041946
0.0120589598373042
0.0102112790212987
0.00765719346254507
0.00473049635717128
0.00179915156630113
-0.000864087474678645
-0.00316315566376563
-0.00517843418010343
-0.00709059493698606
-0.00907082937266352
-0.0111935948627751
-0.0134116349452814
-0.0155971677230478
-0.0176192917522869
-0.0194122407820733
-0.0209957565049041
-0.0224333609701468
-0.0237493084476028
-0.024855769488847
-0.0255456269868463
-0.0255696424244016
-0.024758184972788
-0.0231132692236673
-0.020819265568292
-0.0181824891354572
-0.0155549955911568
-0.0132881242020227
-0.0117142973863626
-0.0111226851365673
-0.0117053249795513
-0.0134867095351265
-0.0162719151927362
-0.0196396678625704
-0.0229859951599347
-0.0256146478007764
-0.0268694577967615
-0.026290845066113
-0.0237509803302235
-0.019506799407663
-0.0141340520769176
-0.00836039234308558
-0.00286282040563712
0.00189472247160751
0.00573081911129632
0.0087063495121317
0.0109946940573408
0.0127174709611665
0.0138240802747111
0.0140843168717027
0.0132115168447304
0.011058723506732
0.00777682251701775
0.00383164214587961
-0.000147990942007794
-0.00361670406794604
-0.00631443314987128
-0.0083072695361635
-0.00985251259896904
-0.0111849668024762
-0.0123636688505796
-0.0132635919253345
-0.0136921892072389
-0.0135356718353776
-0.0128424415725074
-0.0118137323938098
-0.010735009971927
-0.00989972561629359
-0.00955174095647778
-0.0098417125695175
-0.0107874414565064
-0.012247357340896
-0.0139338588365624
-0.0154853668850871
-0.0165817147108623
-0.0170502030477775
-0.0169008147730099
-0.0162647088279399
-0.0152737926016808
-0.0139670546056551
-0.0123001290911455
-0.0102647800904129
-0.00803856379064383
-0.00604494196325016
-0.00484668342352813
-0.00490015282848628
-0.00629760011239521
-0.00864848506104468
-0.0111771884254612
-0.0129904570720902
-0.0133785956937206
-0.0120165834088703
-0.00900895652183892
-0.00480645048749923
-5.62846872771971e-05
0.00456773188666358
0.00853187070582404
0.0115796348034387
0.0137942324236978
0.0155440206602215
0.0173145972554765
0.0194956014841553
0.0222189386970865
0.025309049736801
0.0283359769769055
0.0307197643991984
0.0318463513450533
0.0311872167272708
0.0284210746082694
0.0235329820672826
0.01685201606005
0.00900929010331718
0.000835336239293836
-0.00676862104627313
-0.0129677974137626
-0.0171396330449527
-0.0190131201261304
-0.0187478679885092
-0.0168881618911419
-0.0141788974220933
-0.0113160494442073
-0.00875320727911815
-0.00665160970023031
-0.00496669147024252
-0.00358118129648515
-0.00238511449988208
-0.00127001578452612
-8.92451856251103e-05
0.00133476544434097
0.00312702458213289
0.00525246993603916
0.00747174105123704
0.00940697047531994
0.0106893004870252
0.0111125683332871
0.0107223311057105
0.00980665657236999
0.00879734511082286
0.008123546626922
0.00807545048442254
0.00872466646372033
0.00991428384197091
0.0113006841575857
0.0124260366729794
0.0128202261893878
0.0121395465760372
0.0103196293893022
0.00766857035410089
0.00480976664946254
0.00244713667377913
0.00104438851263046
0.000594489798372192
0.000622779712585759
0.000425398923985656
-0.000601617830341746
-0.00272586152010313
-0.00582939470732832
-0.00951184554733545
-0.0132451798917518
-0.0165083563782734
-0.0188939499538504
-0.0202011395923327
-0.0204959463240687
-0.0200871925162536
-0.0193942857127703
-0.0187599055648166
-0.018312871378963
-0.0179556070777383
-0.0174592086223384
-0.016579944063561
-0.0151237424244325
-0.0129579674599511
-0.010024474592252
-0.00639121038083011
-0.00231516434057775
0.00175025977731664
0.00524129674360101
0.00763118020123274
0.00856348947540896
0.00791704125647838
0.0058060150709065
0.00255576434331688
-0.00132025946772579
-0.00515993548699468
-0.00824689552006814
-0.00997141815078505
-0.010011991034264
-0.00845021683964444
-0.00574395550219617
-0.0025512475099667
0.000518235723662042
0.00310204115705003
0.00513856889117315
0.00676462035185689
0.00813470064836812
0.00927579103871777
0.010054734894711
0.0102574098796369
0.00971558321972852
0.00840572012622332
0.00647777208713553
0.00421625652015354
0.00196071241067908
1.31598331740043e-05
-0.00144691661709751
-0.00241720468331645
-0.00306552851790616
-0.00363892046049098
-0.00430876673150959
-0.00502638405192516
-0.00548240312050208
-0.00521808149655971
-0.00384938251125554
-0.00129251161120233
0.0021309950267434
0.00577474944362886
0.00890525192892915
0.0109852018371456
0.0118608522085142
0.0117579254098919
0.0110952850306416
0.0102295351528547
0.00927742575966231
0.00810007553729587
0.00642008001473032
0.00396806093383065
0.000574423781336043
-0.00379638873533439
-0.00901802557775015
-0.0147587417255791
-0.0204703570291759
-0.0254746903194663
-0.0291408731112569
-0.0310575521172271
-0.0310969423217385
-0.0293570546930617
-0.0260644190849873
-0.0215280853838713
-0.0161570977963164
-0.0104737161893209
-0.0050500709878065
-0.000364319227803598
0.00335143439570447
0.00617742427262243
0.00843881098095376
0.0105356457934977
0.0127594783531118
0.0151869582641946
0.0176888654833704
0.0200269310587291
0.0219728596439029
0.0233900493805044
0.0242539496422776
0.0246241959902433
0.0245992829161419
0.0242775303320606
0.0237294030546108
0.0229776030235812
0.0219921075569593
0.0207196031591654
0.0191519185123577
0.0173951410964684
0.0156713273782202
0.0142138724785103
0.013100262345771
0.0121360454251306
0.0108918280627642
0.00889782402785588
0.00589146269723032
0.00197862218511171
-0.00237039102255773
-0.00647012072227774
-0.00963346130965484
-0.0113707311127376
-0.0115271590406983
-0.0103301381404624
-0.00832227189384031
-0.00617878642360466
-0.00446232383642761
-0.0034210984536429
-0.00293412029243181
-0.00263215431827369
-0.00212085149942062
-0.00117749238008488
0.00017681907066498
0.00174214283493284
0.00328019319254411
0.00464768821909176
0.00586433805236454
0.00709484104181556
0.00855585156428454
0.0103854736433333
0.0125346960556314
0.0147417567759693
0.0166142244948721
0.017779908591404
0.0180212875714619
0.0173217450755091
0.015819197941157
0.0137261986475099
0.0112806789477013
0.00874152428778134
0.00639403841515606
0.00452952368583159
0.00340133346626525
0.00318786054470652
0.00398084580707509
0.00578412644934305
0.00849394651112497
0.0118536141829289
0.0154130691004345
0.0185452820158362
0.0205557819537513
0.0208716586402915
0.0192400258470765
0.0158444821992442
0.0112842858136037
0.00643081567225033
0.00222452922665321
-0.000528022616506959
-0.00132812522839706
-0.000110124314735284
0.00272197969529545
0.00639209992394034
0.00998018756407603
0.0126970761702153
0.0140841566291806
0.0140639503300314
0.0128626643907095
0.0108847315460429
0.00860240438646805
0.00646942575733828
0.00484140263526641
0.0039055673177053
0.00365117162622091
0.00390629459453834
0.00442871309668935
0.00500579998581126
0.00552029164986372
0.00596718198112626
0.00643235985186576
0.0070480461834626
0.00793157294399391
0.0091131390180494
0.0104745168925344
0.0117399648984787
0.0125543388621719
0.0126375173320555
0.0119421780694216
0.0107142350056203
0.00939645594255259
0.00840762361379854
0.00791023029146771
0.00769405566112699
0.00724520610753085
0.00597951236501355
0.00354243170647285
4.19735822825889e-05
-0.00390337191838415
-0.00735093971356937
-0.0093961621348978
-0.00955284087057909
-0.00796554764709859
-0.00534533128537612
-0.00266574781150794
-0.000781176077195481
-0.000154337414731574
-0.000796026235277753
-0.00239275377107919
-0.00451282623008006
-0.00677949006096681
-0.00895714953170568
-0.0109565108045926
-0.0127878636296664
-0.0144835654716285
-0.0160044685288783
-0.0171616056089931
-0.0176058911936156
-0.0169246104099993
-0.0148204583858968
-0.0112788317845599
-0.00661795373349708
-0.00138709625416066
0.0038206475530703
0.00852544784657585
0.0124131313817607
0.0152992937538823
0.0170817139289171
0.0177386225893091
0.0173581646230504
0.0161343627728432
0.0142909216367412
0.0119750741607709
0.00921779454463174
0.00601844900930152
0.00250218270353855
-0.000984340112263695
-0.00394341916622827
-0.00594020173535805
-0.00681910906098561
-0.00677391712095881
-0.00622811432128508
-0.00561046975968834
-0.005163523527951
-0.00487691974273752
-0.00454932992490282
-0.00392184360185252
-0.00281561586887163
-0.00122526618940933
0.000659356129762299
0.00251103462372105
0.00398460707174972
0.00484961826491372
0.00507377012036325
0.00481679414274468
0.00434618710533497
0.0039308766271385
0.00376958952600597
0.00396940355183426
0.00454859211659511
0.00543533240212036
0.00646502469454325
0.00740281760235709
0.00800497494370197
0.0080969684234066
0.00762693540733924
0.00667078838081917
0.00540105258038512
0.00404976119063211
0.00288145312885619
0.00216549019428847
0.00213014532754359
0.00290302290748628
0.00446731372015591
0.00666026895506099
0.0092112278436026
0.0117939431921483
0.0140731126137482
0.0157440049814371
0.0165716755998453
0.016429227630792
0.0153276930026799
0.0134300913364786
0.011042552361577
0.00857394379529625
0.00646138857822986
0.00507700654932403
0.00464765801538177
0.00521435809693658
0.00663107378736209
0.00858088488735874
0.0105979151654443
0.012116865263241
0.0125850061329444
0.0116335935393248
0.00924061188022185
0.00578619207983733
0.00194465956371289
-0.00155099862357425
-0.00416075121206437
-0.00568596674215422
-0.00625840969352148
-0.00620521418767915
-0.00588731515561363
-0.00560152385877297
-0.00556757446215753
-0.00594761319583551
-0.00683060279769868
-0.00817044826602713
-0.00973796382315958
-0.011159466994467
-0.0120521924999194
-0.012187334293738
-0.0115884805257088
-0.0105209285143629
-0.0093945906256692
-0.00863312256455654
-0.00854731651788153
-0.00922909357436278
-0.0104865097543074
-0.0118604330256965
-0.0127579702875447
-0.0126815279532267
-0.0114569939189742
-0.00933785890693097
-0.00692171269738839
-0.00492463639778623
-0.00393552563920911
-0.00426262765212051
-0.00590758304632524
-0.00862570260827015
-0.0120082956390207
-0.0155523274922326
-0.0187233317608961
-0.0210320375017234
-0.0221274607461677
-0.021879792851611
-0.0204129635043062
-0.0180644407017429
-0.0152875823991937
-0.0125374408488709
-0.0101719483483108
-0.00837307578158241
-0.00708639449844562
-0.00600431516003153
-0.00463950041345583
-0.0025046300100654
0.000659786787923928
0.00472394275804627
0.00916957773412924
0.0132619282393094
0.0163064638955928
0.017863961049519
0.0178327089241956
0.0163889942326763
0.0138528648090672
0.010569948580952
0.00686268429267292
0.0030397001918076
-0.000588434085905485
-0.0037282007693704
-0.00615413393532233
-0.00775553922033934
-0.00854723138334947
-0.00864344614002091
-0.00821616134121985
-0.00745401125442218
-0.00652277176513528
-0.00552973304841286
-0.0045103401851588
-0.00345650699955222
-0.0023767208766887
-0.00134579420330342
-0.000507446315873208
-3.62317100128652e-05
-0.000100603246242564
-0.000856535898283022
-0.00245479508113452
-0.00501569466022068
-0.00854621405926655
-0.0128300471349847
-0.0173654745934548
-0.0214215425762365
-0.0242270326589487
-0.0252306962519234
-0.0243198483399341
-0.0218882621441205
-0.0187051231319221
-0.0156287382618538
-0.0132874072430237
-0.0118699981427827
-0.0111129491292232
-0.0104695564973038
-0.00936346927607401
-0.00740746360621379
-0.00450976712446516
-0.000856393370919164
0.00319026855678456
0.00721834211669473
0.0108728383814567
0.0139196877749715
0.0162628311136813
0.0179162822590084
0.0189402284014897
0.0193654394533164
0.0191423778077451
0.0181426409133863
0.0162108426073082
0.0132372230007527
0.00921716116205388
0.00428201253411514
-0.00129529446934564
-0.00711489723884855
-0.0126919051065871
-0.0175363026008258
-0.0212603232850555
-0.0236680072032778
-0.024770116615404
-0.0247070274089148
-0.0236343498616357
-0.0216690298914069
-0.0189545898431597
-0.0157982296842776
-0.0127466406244881
-0.0104891494338735
-0.00960608024498691
-0.0103132008922875
-0.0123700182453007
-0.0152007094906522
-0.0181277073069094
-0.0205709131403086
-0.0221471300449788
-0.0227133123407695
-0.0224154433339566
-0.0217252287993111
-0.0213770374293678
-0.0221552036525172
-0.0246026651520161
-0.0288058002886265
-0.0343708865566851
-0.0405799288656833
-0.0466115846806062
-0.0517135501417229
-0.0552917942329865
-0.0569537903815468
-0.0565480351744571
-0.0541950277288605
-0.0502670005782964
-0.0452888089474793
-0.0397869237822549
-0.0341557192563602
-0.028602665600694
-0.023184249038036
-0.0178913941454965
-0.0127227487363059
-0.00770653907985131
-0.00287844338409694
0.00174084735088403
0.00612741713642753
0.0101946810071146
0.0137372335739365
0.0164340641670775
0.0179338278958308
0.0179902808863591
0.016579061345493
0.013933698029871
0.0104853005372494
0.00674499496887372
0.0031918041243291
0.00020593254095384
-0.00195756513296693
-0.00318352556186278
-0.00351156981176031
-0.00313020523695336
-0.00232257229115037
-0.00136714817743386
-0.000435834006609353
0.0004563860735827
0.00141995720808314
0.00258968940905002
0.00400553339458434
0.00554430874385285
0.00695237642736334
0.0079718624936197
0.00848730090341556
0.00859711621491792
0.00856318926825668
0.00867889250597783
0.00914878211259464
0.0100476815598464
0.011352432215382
0.0129877333761189
0.0148389120001653
0.0167336818203138
0.0184275188128502
0.0196199261311325
0.0200037430744545
0.0193361955616647
0.0175195476471079
0.0146722081797935
0.0111542925799977
0.0075089952985269
0.00431667125205614
0.0020195491198815
0.000811963531349026
0.000661272609078026
0.00143852771126043
0.00305840187225867
0.00551933504291385
0.00880751097330918
0.0127290411495047
0.0167915813247582
0.0202335768740785
0.0222161013213228
0.0221020619931407
0.0196999767202704
0.015364170697387
0.00990540200401807
0.00434237833218727
-0.000415277954373301
-0.00383711320564726
-0.00589813823230164
-0.00702245372147915
-0.00787851472238475
-0.00911197006267944
-0.0111086488260178
-0.0138514650951384
-0.016900044538207
-0.0194965217099707
-0.0207754232504898
-0.0200191770516061
-0.0168701239959221
-0.0114192039955064
-0.00415110549954353
0.00420189897946959
0.0128164578514766
0.0208978344253917
0.0277710906896062
0.0329695814865529
0.0363118785739755
0.0379188269323371
0.038134537338644
0.0373774727186999
0.0359994093495801
0.0342183493397328
0.0321313979992308
0.0297670510789984
0.0271388943418525
0.0242897933544357
0.0213247492494713
0.0184179923590223
0.0157774701428212
0.0135741031493807
0.0118705095660913
0.0105841889767724
0.00949716377315179
0.00830659145559392
0.00671072573121202
0.00452292503196058
0.00178575665679601
-0.00116747348981287
-0.00375177557799686
-0.005273180072606
-0.00512237537287621
-0.00294340698156387
0.00127362788457865
0.00718123239859676
0.0141243908866558
0.0212394960335893
0.0276044058931371
0.0324275269599841
0.0352228422646263
0.0358939320079709
0.0346837165184693
0.0320239525791276
0.0283760266517699
0.0241424370501345
0.0196625114762872
0.0152490017751
0.0112160476918942
0.00787765261383632
0.00551696698595952
0.00432661265066404
0.00432416792761891
0.00527550969714016
0.006689608644272
0.00793485355723457
0.00845606118022157
0.00799221408891596
0.00667833302211291
0.00498188438825823
0.00352205791639112
0.00287271529011967
0.00342685751373712
0.00533699039675308
0.00849970759122196
0.0125541327976626
0.0168981734122655
0.0207542342261571
0.023305401256477
0.0238766100690386
0.022091467531559
0.0179377861906094
0.0117291863156513
0.00401275116252079
-0.00451047179896038
-0.0130274878755942
-0.0206540550277199
-0.0265319262105862
-0.0299979629094828
-0.0307652417429438
-0.0290146716271271
-0.0253325888758349
-0.0205235959194741
-0.0154021057339259
-0.0106572194679799
-0.00680625399453698
-0.00418196789359918
-0.00290327026901555
-0.00284178958040707
-0.0036386244994577
-0.00479794769458928
-0.00582075501764538
-0.00631419333830102
-0.00604410469564198
-0.00494704681242702
-0.00312953168152982
-0.000854115409035952
0.00151180937226351
0.00359269001656182
0.00511147718868515
0.00594538543681737
0.00609573784629409
0.00559961649168062
0.00445775454153835
0.00263966455393973
0.000161252991148835
-0.00283247308994786
-0.00605366260874439
-0.00914767253456262
-0.0118117114082605
-0.0138797619621305
-0.0153277986696009
-0.016216403702593
-0.0166300728550175
-0.0166570129820644
-0.0163974742366224
-0.0159536101732533
-0.0153815344794308
-0.0146480556189902
-0.0136569491449796
-0.0123562593459173
-0.0108556008583936
-0.00945469694957969
-0.00854476105622455
-0.00844020298377166
-0.00924468742407311
-0.0108194507457651
-0.0128471719655853
-0.0149396623129184
-0.0167445225370406
-0.0180307831703976
-0.0187384486977857
-0.0189679633310801
-0.0188995071128201
-0.0186795925299809
-0.0183524700544433
-0.0178939367166803
-0.0173251929268195
-0.0168089036429149
-0.0166303857092188
-0.0170524649122493
-0.0181349400854049
-0.0196430159338354
-0.0211078308861705
-0.022002276551451
-0.0219373632199684
-0.0207973224900359
-0.0187778316855511
-0.0163240285021586
-0.0139802971106732
-0.0121886485061196
-0.01110902278283
-0.0105466942947911
-0.0100295262516584
-0.00900044555220705
-0.00703225955330704
-0.00397131666878801
3.34937566111627e-05
0.0045986144677423
0.00921768063861771
0.0133678532662427
0.0165893536314047
0.01854480146892
0.0190725579227334
0.0182332531658568
0.0163274055426819
0.0138559586996469
0.0114128400746258
0.00952972669554493
0.00852220851795614
0.00840002056228756
0.00888990730668904
0.00957254461354077
0.0100722287805709
0.0102013854613241
0.00998623428674181
0.00957666707648274
0.0091190126432198
0.00868608035757875
0.00830031515703664
0.00800103462045836
0.00787029287189871
0.00797847714014456
0.00829739666645208
0.00867128191535366
0.00889011994343428
0.00881496677901189
0.00844923775769046
0.00788762384822149
0.00717606417700736
0.00619575379779179
0.00467316382427878
0.002323885700373
-0.000964040959579444
-0.00503259517733836
-0.00950674237717657
-0.0139589337315062
-0.0180728739923534
-0.0216981328309314
-0.0247649429646233
-0.0271320469041338
-0.0284996018574983
-0.0284836373389607
-0.0268329272278398
-0.0236560287231243
-0.0195044308939167
-0.0152438161036347
-0.0117702831888108
-0.00970445829232908
-0.00919088664265099
-0.00987074955884835
-0.0110245033994664
-0.0118212674645836
-0.0115771971692015
-0.00993025393629744
-0.00688633938601918
-0.00275587829009797
0.00196095665992537
0.00668951475587628
0.0108802585174327
0.0140988517278286
0.0161035355687686
0.0168845513487229
0.0166391889680094
0.0156855286455853
0.0143542050792061
0.012908219432043
0.011516119029744
0.0102646496448362
0.00917666556044811
0.00821532083275672
0.00728919856173472
0.00628754382363346
0.0051499412814688
0.00393304125741134
0.00282339938234083
0.00207858502046871
0.00192783179014243
0.00248314882753558
0.00369216458391601
0.00533609899710092
0.00706828862509372
0.00849198575264367
0.00926482013359201
0.009191855130283
0.00826212149229801
0.00661620608930368
0.00447999828460389
0.00211371188750351
-0.000209611349119079
-0.00222691555098921
-0.00374372658132627
-0.0047191779715739
-0.00532291142365619
-0.00590922332108151
-0.00689788449157927
-0.00860131252960141
-0.0110649054860076
-0.0139881629654412
-0.0167713071660423
-0.0186835656315091
-0.019088939818623
-0.0176325049524039
-0.0143167427216501
-0.00946616886052521
-0.00363291781466346
0.00250408984529369
0.00823202334941396
0.01290126320643
0.0160271729340473
0.0173684961321462
0.0169482429431201
0.0150094724288765
0.0119319927729453
0.00814711474559593
0.00407131359085459
5.48713946335917e-05
-0.00366781968599763
-0.00702286579578762
-0.01010393990217
-0.0131026002890321
-0.0161639192038858
-0.0192393579942473
-0.0220441244466685
-0.0241750833303916
-0.0253285103018153
-0.0254679004134256
-0.0248189765295042
-0.0237044826240575
-0.0223614238105728
-0.0208868767318552
-0.0193289329048431
-0.0178005872607051
-0.0164801258705005
-0.0154804157417882
-0.0146999830682042
-0.0137874612364158
-0.0122528814716979
-0.00964775968589895
-0.00570886208147356
-0.000420344846038671
0.00598082234785673
0.0130183560240569
0.0200111939620629
0.0261634695158845
0.0307222253767295
0.0331551974750258
0.0332653867883519
0.0311904406305249
0.0273095741365781
0.0221312685112894
0.0162187910159332
0.0101523721073224
0.00448837550476287
-0.000309367684355936
-0.00394544954076128
-0.00632781856806781
-0.00753025445682056
-0.00769771726491506
-0.006949948629142
-0.00534236629534631
-0.00290794708674113
0.000246781360688027
0.0038520224930611
0.00744945411987971
0.0104569956811961
0.0123075761011067
0.0126164963132658
0.0113233555594571
0.00876126813386827
0.00561879643851191
0.00277859059577619
0.00105161726955414
0.000879078326365477
0.0021194698496188
0.00403238302506676
0.00549447924651058
0.00537094487416166
0.00288686924487912
-0.00215093210236658
-0.00934556641440862
-0.0178718466964317
-0.026702938797023
-0.0348087394384298
-0.0412933052246469
-0.0454923797903357
-0.0470590092212025
-0.0460295419571659
-0.0428260644975202
-0.0381575471464184
-0.0328348139393417
-0.027571332162548
-0.0228504322709426
-0.0188907455758898
-0.0156832511500522
-0.0130602602794013
-0.0107864942479072
-0.00867823697529797
-0.00672300008749871
-0.00512815562166188
-0.00424013680679187
-0.00435444631818137
-0.00551473247953564
-0.00740939202293481
-0.0094148735763761
-0.0107589289659935
-0.0107343901274226
-0.00889504794507032
-0.00518726136058739
1.17979036161354e-05
0.00596858861188491
0.0117774745517587
0.0166067298842373
0.0199165753454666
0.0215654734913579
0.0217816044103139
0.0210445277126863
0.0199431875742445
0.0190460358164075
0.018781423991988
0.0193239327238591
0.0205138608384896
0.0218626943109276
0.0226784495801738
0.0222834806719766
0.0202384559047124
0.0164764015570835
0.0112956849843177
0.00522676522308293
-0.00116156657590621
-0.00743022206587965
-0.0133393160768115
-0.018793476574119
-0.0237024649288724
-0.027844337668743
-0.0308176859444133
-0.0321209368585971
-0.0313304180553599
-0.0282996187289934
-0.0232893352524287
-0.0169635950046979
-0.0102387612281993
-0.00403506664548258
0.000972640972557902
0.00449996404585398
0.00663364998963776
0.00767122967847993
0.00791923199636202
0.0075653241985595
0.00667760291669909
0.00528881524088096
0.0034715598697345
0.00134347013140399
-0.000976935586834487
-0.00339262556881278
-0.00578665797233032
-0.00795487169140368
-0.00960090542159624
-0.0104449525382885
-0.0103963115815388
-0.00966367368392957
-0.00870194894875321
-0.00800712504222408
-0.00787850022645017
-0.00828600078418046
-0.00890663279499221
-0.00929517286117222
-0.00909465581808433
-0.00818928249256761
-0.00673926579319917
-0.00509321532687039
-0.00362940483226292
-0.00260709064467812
-0.0020935136690591
-0.00198185499236366
-0.0020688452729721
-0.00214862385338377
-0.00209441262887306
-0.00191076557280143
-0.00173507800685956
-0.00177072550884595
-0.00216801277239337
-0.00291426104126785
-0.00380274833072336
-0.00450090011294486
-0.00467007985006633
-0.00406562334989359
-0.00258540396871908
-0.000290300107238448
0.00257223288887994
0.00555586646700416
0.00806821463384464
0.00951736820248631
0.00950266178527748
0.00794473326638222
0.00507827694503268
0.00132429117524812
-0.00286464625531406
-0.00709685230083279
-0.0110548492550888
-0.0144803272788202
-0.0171849340346529
-0.0190868017424047
-0.0202215727150984
-0.020682627683861
-0.0205055244864057
-0.0195715887835395
-0.0176100084855264
-0.0143195970926425
-0.00955345099198138
-0.00346576970526226
0.00346305990838058
0.0105404562502761
0.017055919684612
0.0224598926864389
0.0264582620800007
0.0290183224127065
0.0303266529766123
0.0307301859918659
0.0306550954491222
0.0304890211033005
0.0304496753211091
0.0305065641917764
0.0304150321956949
0.0298521954502623
0.0285679123091608
0.026454950501988
0.0235180587984295
0.0198138792240306
0.0154508555872932
0.0106608214751885
0.0058600621277033
0.00160502485207317
-0.00156697938457388
-0.00331891855148078
-0.00359877796285239
-0.00258327151963914
-0.000542099973245999
0.00226607919191545
0.00559877931813559
0.00916421818883327
0.0125763623700272
0.0153973958741839
0.0172489434111221
0.0179097456469379
0.0173356952396565
0.0156142166944337
0.0129175508493366
0.00949701389029367
0.00569428129365085
0.00191277920606533
-0.00147077854979798
-0.00420763606943618
-0.00621726593195667
-0.0075349404908267
-0.00820782908048028
-0.00822022877111184
-0.00750165034102973
-0.00600268924407604
-0.00376994853741838
-0.000954446497717545
0.00225654145522784
0.00573081353171588
0.00943157268614513
0.0133731367896193
0.0175293371544473
0.0217729380172742
0.0258967511663078
0.0296937519216055
0.0330236462252683
0.0358155841969047
0.0380266994881649
0.0396198083521321
0.0405949940251974
0.0410389992926161
0.0411178573307139
0.0409767257023454
0.0405977035155434
0.0397234518534095
0.0379243690816637
0.0347883279962914
0.0301254956576138
0.0240762482093736
0.0170840434572296
0.00978083602993265
0.00286502864104125
-0.00298283421523484
-0.00716502346651053
-0.00926415312644472
-0.00919060088378784
-0.00731311756962007
-0.00444886117271991
-0.00163425184011861
0.000261377912213599
0.00088537099802401
0.000513330316578393
-0.000141351638569129
-0.000301888828783725
0.000525657737040518
0.00239629279949812
0.00498631134236545
0.00778400010954918
0.0103009598855349
0.0122355180359877
0.0135612451363335
0.0145231265630491
0.0155277031492216
0.016949415065519
0.0189340960396171
0.0213068528200974
0.023644863520299
0.0254785179728036
0.0265060432872045
0.0267031557467568
0.0262792793723279
0.0255238331826351
0.0246405959774438
0.0236598388564076
0.0224649193392794
0.0209088712709656
0.0189529022076035
0.0167442600900382
0.0145754547804482
0.0127318677231099
0.0113103261964173
0.0101208555612775
0.00873610392486071
0.00666300501550312
0.00355091154671499
-0.000646200865302481
-0.00559981187155308
-0.0106511480114355
-0.0149781480240352
-0.0178584836703439
-0.0189422248473684
-0.0184105794380927
-0.0169300985427376
-0.0154056786900387
-0.0146311048867742
-0.0149789515383391
-0.016252279869954
-0.0177593671460453
-0.0185906905875925
-0.0179925297434478
-0.0156762677652049
-0.0119195008240762
-0.00741760570523871
-0.00298218265216356
0.000736571719189587
0.00336593392844243
0.00476052274961228
0.00490269801181785
0.00387939144811932
0.00195320479024152
-0.000376472029557626
-0.00244289748446168
-0.00362350568604488
-0.00357380074840262
-0.00233528609886429
-0.000266522822434828
0.0021267319723148
0.00434460106162938
0.00597481150358832
0.00673351903723135
0.00651312018717845
0.00543150493065041
0.00382809603115651
0.00216962669511576
0.000894249066190265
0.000265691746990809
0.000292299112263702
0.000721339957057095
0.00109917907349201
0.000896997237019311
-0.000302676362836029
-0.0026056497589878
-0.00568412581869103
-0.00881477714284557
-0.0110800385150495
-0.0116445262821131
-0.00998627804765798
-0.00600982389303493
-4.68195107846729e-05
0.00720767604052311
0.014792157335939
0.0216162594005226
0.0266531793896523
0.0291633925889479
0.0288805004721308
0.0260817335669144
0.02150541835115
0.0161387265022992
0.0109462161736195
0.00662565750977632
0.00346396419345461
0.00133130694393569
-0.000194441529161235
-0.00162472444550141
-0.00335703608201566
-0.00554677192250162
-0.00809516024466364
-0.0107399304544555
-0.0131870966968426
-0.0152087039269602
-0.0166630127886632
-0.0174499312822763
-0.0174560282572337
-0.0165418730358471
-0.0145856114492947
-0.0115540919602958
-0.00755722537598326
-0.0028569134086662
0.00216962885985491
0.00709215095075269
0.0114930570621642
0.0150260707140627
0.0174691285591001
0.0187702239219709
0.0190685700996089
0.0186632197347005
0.017918520123497
0.0171363076491821
0.0164553083926413
0.0158272093528957
0.0150708580269265
0.0139603963323408
0.012295986278447
0.00993687024293556
0.00681401360616138
0.00295156016761549
-0.00149459276331076
-0.00620708092442142
-0.0107286042228907
-0.0145560269764373
-0.0172800438671063
-0.0187039323994279
-0.0188783791006644
-0.0180378680548957
-0.0164835578587643
-0.0144842859646034
-0.0122427072427681
-0.00991854765163191
-0.00766006267888335
-0.00560051979830084
-0.00382060601439748
-0.00231722216107549
-0.00101731669184555
0.000163383888858067
0.00125485976742029
0.00220370025620774
0.002896141554806
0.00321408356515862
0.00308838842926642
0.00252453269046303
0.00160226571220954
0.000469303900132486
-0.00065830367917313
-0.00150200413791954
-0.00176019993470741
-0.00119198668181297
0.000279832488099055
0.00249320889976745
0.00503637338160148
0.00731350959240433
0.0086753488874868
0.0085889801174514
0.00680668872504118
0.00348293869676975
-0.000803685207679806
-0.00513879683238134
-0.00845448373568637
-0.00976711131866278
-0.00841699042848665
-0.00424722072845101
0.00233112212468929
0.0104054881556356
0.0187379530244935
0.0260100309984357
0.0310973549542112
0.0333313371113614
0.0326808767520713
0.0297699646550902
0.0256808821634597
0.0215854371233257
0.0183452232910076
0.0162508418130077
0.0150006667136265
0.0138993782369375
0.0121666614802865
0.00923293115575495
0.00494216482819528
-0.000370384238115394
-0.00593610088908004
-0.0107474435401345
-0.0138604895969136
-0.014722029570018
-0.0133921766127645
-0.0105476038099634
-0.00724163497484926
-0.00452312022610187
-0.00309408842886953
-0.00315538507734659
-0.00446657898665121
-0.00652264878294047
-0.00871778667197344
-0.0104381996617596
-0.0111233288646873
-0.0103655276768482
-0.00805958515189268
-0.00452823988437073
-0.000521367970925146
0.00295654095314473
0.00493824325893937
0.00478659642449821
0.00237622157472105
-0.00188579990597327
-0.00717924536735927
-0.0124693445311872
-0.0167237758784916
-0.0191097342928328
-0.0191531924795102
-0.0168462231638478
-0.0126796095175912
-0.00757416522074749
-0.00269931453045877
0.00079863551002367
0.00209587022298858
0.000925786223891917
-0.00234418907323102
-0.00684378251058758
-0.0115046433989718
-0.0154156905038856
-0.0180730974335212
-0.0194257426417323
-0.0197323386607128
-0.0193432493525094
-0.0185382151430398
-0.0174906348868134
-0.0163380730141242
-0.0152756090255035
-0.0145882023964571
-0.0145927705753639
-0.0155261581233159
-0.0174458619697291
-0.0201939398294776
-0.0234331919843901
-0.0267288894948398
-0.0296364862984258
-0.0317664645068071
-0.032819563191526
-0.032602904801696
-0.0310414818121058
-0.0281930188040253
-0.0242630111388528
-0.0196044373287802
-0.0146825863776804
-0.0100026406246205
-0.00602925148596061
-0.00313836836079416
-0.00160885153660379
-0.00161663348054622
-0.00319627165263513
-0.00619072913181688
-0.0102532213845845
-0.0149324706639833
-0.0197899032133808
-0.0244556768208779
-0.0285844201434554
-0.0317745705326923
-0.0335641537033979
-0.0335549506750534
-0.0315956258725108
-0.0278831317253573
-0.0228888001085344
-0.0171439114942277
-0.0110232582363039
-0.00466440727694176
0.00193702168323369
0.00873202274655805
0.0154538567555902
0.021582842685959
0.0264525746996754
0.0294335944645908
0.0301070919986812
0.0283688616987612
0.0244487948980335
0.0188625421157414
0.0123213999027928
0.00562104006270336
-0.00048119993895399
-0.00539609663367093
-0.00882451716285245
-0.0108350463992301
-0.0118517963800039
-0.012531063011107
-0.0135544508460536
-0.0154086002119592
-0.0182309453597181
-0.0217727101901504
-0.0254812217665964
-0.028660133590301
-0.0306497482452031
-0.0309818458682602
-0.0294851892804975
-0.0263288245482924
-0.0219897051080209
-0.0171374095781644
-0.0124569900183623
-0.00847118808473315
-0.00544116635308489
-0.00339134362328822
-0.00222947043735868
-0.00187133491708987
-0.0022845933892173
-0.00343882903781492
-0.00522709184022349
-0.00743741798935729
-0.00979207773548697
-0.0120028197031694
-0.0137860738417418
-0.0148448850882294
-0.0148797078318914
-0.0136701627344122
-0.0111910795832354
-0.00767198570142693
-0.00353841169768729
0.000739778639509471
0.00480186431896102
0.00846753102256836
0.0117063257835839
0.0145501757808238
0.0170150036465582
0.0190735627266718
0.0206788084482027
0.0218036718938982
0.0224572360799934
0.0226632722406012
0.0224280526206651
0.0217451240110606
0.0206593189162299
0.0193552912622339
0.0181965989993689
0.0176580118072002
0.0181565022536448
0.0198499154577935
0.0224973411250074
0.0254519535975488
0.0277999349218273
0.0285958043938023
0.0271070104477699
0.0229879644352542
0.0163462365634846
0.00771076031023558
-0.00206283835144036
-0.011917065368369
-0.0207328636874872
-0.0274858096009699
-0.0314163376211675
-0.0321914539795008
-0.0300111278783144
-0.025605989642763
-0.0200965787590589
-0.0147328588441575
-0.0105851743444638
-0.00828751011838069
-0.00792159441513895
-0.00907724345139597
-0.0110551245285584
-0.0131270705222515
-0.0147569781062604
-0.0157090771287225
-0.0160149253674547
-0.0158241567234869
-0.0152148390270828
-0.0140636685099947
-0.0120498711276606
-0.00879486530155378
-0.00406515062362694
0.00206451181830515
0.00916370397059592
0.0165308182226153
0.023368637705532
0.0289820920826269
0.0329350391000653
0.0351297391072408
0.0358017204654277
0.0354439364925192
0.0346869314210209
0.0341647569078308
0.034387771380788
0.0356323983865471
0.0378603053556842
0.0406943690225536
0.0434816512177217
0.0454443756477185
0.0458723390916983
0.0442832325517873
0.0404971190942124
0.034624993060439
0.0270173038201751
0.0182210174280498
0.0089529613633494
4.88307680075988e-05
-0.00766338719623178
-0.0135696850585505
-0.0174796219733239
-0.0197090193766633
-0.0209372490928141
-0.0218648380242046
-0.0228416905343717
-0.0236873423795488
-0.0238213389501388
-0.0226249832548815
-0.0198103266009857
-0.015585266007391
-0.0105541130352053
-0.00545951242207395
-0.000938645218159201
0.00259211483942617
0.00492921273073267
0.00603721057988554
0.00603940869986381
0.0052312049331057
0.00403892254164351
0.00287394131946065
0.00193099771955345
0.00105387276309142
-0.00023563140000245
-0.00255726440750237
-0.00644330873720258
-0.0121638456610437
-0.0196375268764459
-0.0283997049998556
-0.037608580091325
-0.0461197865741205
-0.0526764220145614
-0.0562035384259566
-0.0560974022976242
-0.0523507003756081
-0.0454438020817541
-0.0361479926879962
-0.0255153752467326
-0.0150605129962365
-0.00660383345380323
-0.00136316915595729
0.000960195355553174
0.00182682443142003
0.00246818959150954
0.00311883506602968
0.00351053307038897
0.00358771207334099
0.00358541029090739
0.00372760314702692
0.00405730319712124
0.00448565508608492
0.00491400418735433
0.00533941713572517
0.00591206320329642
0.00689845840007929
0.00853032598927035
0.0108195894110036
0.0134881401556276
0.0160954031366353
0.0182859487586404
0.019970197455452
0.0213010579290039
0.0224774354184756
0.023539342814122
0.0243010820839338
0.0244294710859119
0.0235581598472811
0.0213452538897579
0.0174921909299124
0.0118110025642051
0.00437209474193022
-0.00435497433494864
-0.0135061175017486
-0.0220288986460251
-0.0289992156402016
-0.0338747526031526
-0.0365614043415888
-0.0373013950528447
-0.0364924964542037
-0.0345456497329429
-0.0318134599323129
-0.0285591686215199
-0.0249316987113671
-0.0209427164395626
-0.016460932016122
-0.0112368418087861
-0.00496644866518197
0.0025990999679092
0.0115063726849687
0.0214593772548086
0.0317604367981661
0.0413925344740895
0.049240141307674
0.0543727829959208
0.05628368176831
0.0550017230276543
0.0510548588312796
0.0453185820579009
0.0388084458904292
0.0324682325533863
0.0269846366449573
0.0226510681858976
0.0193132827366491
0.0164333773303204
0.0132780944325569
0.00917919225196613
0.00377000149849274
-0.00289177561976237
-0.010354555975488
-0.0179330666730726
-0.024925306031639
-0.0307927670499005
-0.0352327558017986
-0.0381389268878816
-0.0395220019888499
-0.0394829903961951
-0.0382658583712971
-0.0363168692291813
-0.0342413632663925
-0.0326221238815259
-0.0317860008826549
-0.0316636428929806
-0.0318278859241016
-0.0316778842456272
-0.0306638412458953
-0.0284664334557409
-0.0251056466799107
-0.0209786955050312
-0.0168025260926193
-0.0134238588314864
-0.0115136418289029
-0.0112567990367404
-0.0121973575652685
-0.0133529815063681
-0.0135976332018238
-0.0121719530997829
-0.0090446266290704
-0.0048145569487002
-0.000133180573985573
0.00478491060629745
0.00987006762767489
0.0144602072897039
0.0173897368204443
0.0181132314785904
0.0173775077163322
0.0165549959304707
0.0166200644688318
0.0178714840662254
0.0202518197245346
0.0236237262118548
0.0277956925305823
0.0324464413039463
0.0370814242220034
0.041051676018381
0.0436479449651753
0.0442858014479319
0.042738677325614
0.0392966128105086
0.0347257914804514
0.0300061009212844
0.0259592273415559
0.0229479721968225
0.0207868687475226
0.0188941001485028
0.0166078022113046
0.0135324762563475
0.00977880629267447
0.00600266062854772
0.00322730977794852
0.0025231244747478
0.00467310099806107
0.00993224184275064
0.0179146249883332
0.0275873681998868
0.0373670647206749
0.045364610394202
0.0498130710956652
0.0495979139244656
0.0446720131072242
0.0361214040656836
0.025806329106318
0.0157342462688942
0.00745806346071396
0.00174587036591969
-0.00140858640850685
-0.00254100187335062
-0.00241438160692739
-0.00178948765309209
-0.00129768029025082
-0.00137761789520088
-0.00223779529759646
-0.00384624150134245
-0.00597031863153377
-0.00826950310196578
-0.0104075847746586
-0.0121369008433254
-0.0133278951402945
-0.0139522024489424
-0.014048292727029
-0.0136926218106387
-0.0129769988787833
-0.0119800279102961
-0.0107330238025485
-0.00920411979481404
-0.00732531430880202
-0.00505574696766785
-0.00244192235799251
0.00036118122939111
0.00311041454421467
0.0055149350655438
0.00728441566595527
0.00818920623981306
0.00812690563631202
0.00716052050896323
0.00548880153078925
0.00335404909833153
0.000951742706332786
-0.00158431833737921
-0.00410943582945135
-0.00637649316538544
-0.00801708209444274
-0.00863110124781496
-0.00793847689448088
-0.00590796316572212
-0.00280444093406937
0.000847434314761097
0.0043478183482811
0.00692118059811567
0.00782497019723457
0.00648357244409672
0.00265398299958706
-0.00341390733549052
-0.0109069605636964
-0.0185566161624325
-0.0249458814983048
-0.0289244510190808
-0.0299562683221044
-0.0282348082641771
-0.0245170387978044
-0.0197804912890777
-0.0148958300642248
-0.010466015374722
-0.00684476676329937
-0.00422157976687227
-0.00264745783949501
-0.00197801598843142
-0.00182989528518467
-0.00166583920378677
-0.00101612089080104
0.000294316348478855
0.00207674951783456
0.00391802789257478
0.00541967751869133
0.00636688710939733
0.0067388276965469
0.00660661346354024
0.00603168345855072
0.00503703415174778
0.00363838177295133
0.00187666069501848
-0.000184324001694504
-0.00247920695207916
-0.00493965590202308
-0.00745080686118666
-0.00979267429659474
-0.0116215628841682
-0.012529085952553
-0.012164700659289
-0.0103631598947958
-0.00721753975764066
-0.00307826679682179
0.00150082305024062
0.00584137109719928
0.00923787369219735
0.0110822323822585
0.0110079161080593
0.00901065830552089
0.00548464991237117
0.00113706990601088
-0.00320205879855659
-0.00680793048744158
-0.009242298513682
-0.0104237060034685
-0.0105713096192517
-0.0100642543443544
-0.00929192252778679
-0.00855434340393889
-0.00801904541378115
-0.00770167332381838
-0.0074524306069631
-0.00697800220651466
-0.00594459044213699
-0.00415621990153568
-0.00172238031032978
0.000901251057629929
0.00305662899937926
0.00415968274484986
0.00397502224809943
0.00275324168217959
0.00116812056389595
8.89549627048007e-05
0.000290140303772088
0.0022068867563339
0.00580328685527728
0.0105647732251147
0.0155957267361851
0.0197996468344105
0.0221203525323077
0.0218036064942915
0.0186037479125539
0.0128466127409494
0.0053061950754192
-0.00304999829898587
-0.0113118259031117
-0.0187529416824629
-0.0248230395067696
-0.0291082542020751
-0.0313665665895502
-0.0316340365762584
-0.0302823282076991
-0.0279111819875661
-0.0250897209639417
-0.0220997837272266
-0.0188542990415113
-0.0150466056530342
-0.0104316400464194
-0.00506226232976975
0.000656678553850817
0.00611949892694956
0.010782019235731
0.0143820202549815
0.0169934332061452
0.0188912837697452
0.0203166929514998
0.0212818639172228
0.0215175537344375
0.0205777378697663
0.01803879794256
0.0136983364010584
0.00769191635033176
0.000489132311870239
-0.00721740488933998
-0.01467854491864
-0.0212487260518792
-0.0264908385142734
-0.0302012815323989
-0.0323627733641108
-0.0330676233634913
-0.0324706591423499
-0.0308034895183831
-0.0284179457476672
-0.0257776866372566
-0.0233371938087021
-0.0213368622899238
-0.0196347346037481
-0.017707152829361
-0.0148577627294541
-0.0105386379861751
-0.00461033968729186
0.00259188158311938
0.0103930039068534
0.0180061202386473
0.0247190508635779
0.0299707197823912
0.0333393383206654
0.0345133458116144
0.0333064262208959
0.0297376736826649
0.0241548353869828
0.0173391371917951
0.0105024451640691
0.00510115168903532
0.0024709347436478
0.00340297995836635
0.00785178861080311
0.0149201083094279
0.0231269945980972
0.030825776095603
0.036591110548202
0.0394567689381413
0.0389985698450335
0.035331650497831
0.0290781579203699
0.0212907401112113
0.0132746508348839
0.00629453207610589
0.00124731421321856
-0.00156369174144337
-0.00246304623807914
-0.00225978045857884
-0.00201397600641278
-0.00279269108666603
-0.00543805178337218
-0.0103426886539202
-0.0172680555668175
-0.0253062011279333
-0.0330855338645999
-0.0392097782350622
-0.0427566703153619
-0.0435811638499664
-0.0422571630543
-0.0397080557098317
-0.0367632050978156
-0.0338923865979367
-0.0312076972432246
-0.0286231886751425
-0.0259891952219603
-0.0231115425937005
-0.019716414698891
-0.0154841664686423
-0.0102036657183582
-0.00397352546532749
0.0026857137271218
0.00889820865403735
0.0136625714005091
0.016147358047565
0.0159408119391189
0.0131815939477876
0.00854626563104967
0.00310353087434655
-0.0019331196776659
-0.00550169598355358
-0.0069631125518164
-0.00626621592933811
-0.0039456692696783
-0.000942796560598314
0.0016960657888987
0.0031396334938126
0.00299731356274592
0.00137709547498849
-0.00122735360312166
-0.00415650421182982
-0.00681572034695048
-0.00883514545688618
-0.0101236865604592
-0.0108329782290762
-0.0112763553169514
-0.0118449340255373
-0.0129361397286903
-0.0148809651980724
-0.0178490846312526
-0.0217378767277947
-0.0260986814287146
-0.0301808301122342
-0.0331390958622195
-0.034351852113756
-0.0336966083353669
-0.0316152633434584
-0.0289104544525566
-0.026380971767732
-0.0245011364863881
-0.0233000755203218
-0.0224510511344914
-0.0214650404332978
-0.019876141150489
-0.0173733831500705
-0.0138810122992637
-0.00957722845821562
-0.00481859169307926
3.06555746773539e-05
0.00478511432713798
0.00951390163743819
0.014431707286966
0.0196617011887586
0.0250318561419363
0.0300545500171049
0.0341126972324296
0.0367300150947188
0.0377487660229311
0.0373132089206868
0.0357020358572892
0.0331602049773391
0.0298690537552901
0.0260673709560667
0.0221903032017624
0.018852295837898
0.0166154421019163
0.0156715397337053
0.0156642868431139
0.0157941825782717
0.0151502246068607
0.0130694375408554
0.00934982345124724
0.0042839637915695
-0.00141362784470118
-0.00673103136551863
-0.0105579576481473
-0.0119863106862052
-0.0106417608005236
-0.0068864357709168
-0.00176459712022629
0.00330289542383333
0.00695157061354952
0.00828287765037844
0.00713199371773726
0.00411048112439385
0.000382365531037991
-0.00277908403956788
-0.00449013340416638
-0.00459332562818265
-0.00368736656662865
-0.00286066291651504
-0.00326685965192105
-0.00571497476567308
-0.0104068372050757
-0.0168883995684908
-0.0242084942584895
-0.0312047266157305
-0.0367923884157758
-0.0401574630479603
-0.0408383583349223
-0.0387509347211624
-0.0342029207017329
-0.0278750806764006
-0.0207049524843407
-0.0136541141251888
-0.00743449468770438
-0.00232062322927468
0.00186488909122699
0.00559753617534675
0.00940685889639645
0.0136403272490383
0.018314450471695
0.0230979633780595
0.0274293611041401
0.0307239404674847
0.0325903342077229
0.0329732529979217
0.0321703140719137
0.030719618998089
0.029202254344751
0.0280393252846735
0.0273748004081398
0.02710446598921
0.0270330898876816
0.0270567357177474
0.0272458059372596
0.0277787433592295
0.0287903557088406
0.0302538539382196
0.031970765859603
0.033652021306117
0.0350205209496642
0.0358796731992496
0.0361373031770809
0.0358010837404618
0.0349556757102437
0.0337149026036071
0.0321436217982164
0.0301701700870471
0.0275377989454169
0.0238398835313411
0.0186419138951974
0.0116450442489732
0.00283244808322985
-0.00743465687280895
-0.0183798250409888
-0.0288533727316781
-0.0375008290215454
-0.0430844851051551
-0.0448897192494794
-0.0430400279030017
-0.0385300381299233
-0.0329094769279151
-0.0277411109061695
-0.0240783784148886
-0.0221833366830919
-0.0215663229987329
-0.0212786686648323
-0.0203097971096028
-0.0179415645233488
-0.0139616251285581
-0.00869958260622912
-0.0029067771210596
0.00245908350423197
0.00646999837205158
0.00842281671239696
0.00795630129721558
0.00507703999777543
0.000104188673588614
-0.00643523677157091
-0.0139173209917275
-0.0217013471811839
-0.0291612620429953
-0.0356747890613613
-0.040600356564888
-0.043287439401417
-0.0431563174543336
-0.0398404531788745
-0.0333306589137377
-0.0240398699887263
-0.012748097280092
-0.000463836062909699
0.0117138637473902
0.0226749479979497
0.0313404153319769
0.0367438196850169
0.0382058238182629
0.0355681506520924
0.0293742275032551
0.0208762518488219
0.0118171088558666
0.00403286958273542
-0.00100712263156966
-0.00258287717674908
-0.000906171500415711
0.00297374991692948
0.0075353525907151
0.0113019080020038
0.013301351545901
0.0132716651421041
0.0115494564172744
0.0087527198313103
0.005455171994049
0.00199913586875837
-0.00152793365298773
-0.00521435289209733
-0.00920564816741815
-0.013566756965441
-0.0181282537057096
-0.0223561991463056
-0.025334553938282
-0.0259442388921915
-0.0232344359709547
-0.0168528184685928
-0.00732516999368879
0.0039745324698572
0.0151586039037845
0.0242931724678984
0.0297865145872209
0.0306005310437603
0.0263465683063307
0.0173773966242816
0.00488777678661324
-0.00910024950545128
-0.0220128315503626
-0.0312741704354834
-0.0349634725199052
-0.0323230059657173
-0.023921078040797
-0.0114279251848878
0.00288649164808462
0.0167425093450489
0.0283405794285822
0.036629162497163
0.0413260111099004
0.0427547103340121
0.0415966953479208
0.0386412106796816
0.034577615139037
0.0298631019159446
0.0247143476551282
0.0192563798572599
0.0137729446943014
0.00889096954564314
0.00551841656887275
0.00450180722401907
0.00618557999846716
0.0101597844463043
0.0153761536255694
0.020574845865886
0.0247778887627335
0.0275937956867659
0.029217065998199
0.0301761054371585
0.0309796600025371
0.0318138679482421
0.0323929674973828
0.0320123249947014
0.0297990792865715
0.0250868741327779
0.017767899712126
0.008451696710146
-0.00166766847610651
-0.0111886034902065
-0.0189441734467017
-0.0243003368616598
-0.0271940421309889
-0.0279525710515457
-0.0270542162823513
-0.0249884922065102
-0.0222570042901817
-0.0194226865676826
-0.0170779676330798
-0.0156864726850599
-0.0153762445712305
-0.0158199718121139
-0.0162948263426034
-0.0159180254558719
-0.0139691225353448
-0.0101679144755527
-0.00478367843562437
0.00148629937781827
0.00781903603519922
0.0135897605214809
0.0185349682531179
0.022673583154681
0.0260680517996152
0.0286080671820791
0.029963660932291
0.0297215111208726
0.0275996482789339
0.0236106234275292
0.0181027128966858
0.0116881665480204
0.00511332417673371
-0.000871956771319747
-0.00560792493270184
-0.00856592378507171
-0.00934342237502828
-0.00764902042354099
-0.00333724233749713
0.00346371207830566
0.0121633938705952
0.0215834354081699
0.030041240061943
0.0356956659172979
0.0370480191255694
0.0333835482827651
0.0249623633686749
0.0129014690791281
-0.00116581603994438
-0.0154965706238472
-0.0285758414909751
-0.0393191712462264
-0.0471378265603449
-0.0518967247287704
-0.0538004313310727
-0.0532384281126122
-0.05062432590838
-0.0462795482241821
-0.0404186524011759
-0.0332561200149433
-0.0251731954047083
-0.0168185650147816
-0.00904011632797156
-0.00265926152918235
0.00178074146593213
0.00413716655330146
0.00460321033894715
0.00353870613443736
0.00134220438536801
-0.00155533528200598
-0.00462822221642743
-0.0072565749343912
-0.00887343616398227
-0.00920918312563647
-0.00847945951318288
-0.00737332086227793
-0.00681346562361399
-0.00759182847209559
-0.0100464140127963
-0.01391895567988
-0.0184508652270404
-0.0226751116109745
-0.025771757503913
-0.0273114577094275
-0.0272572494221423
-0.0257339237758711
-0.0227327131045735
-0.0179785234854566
-0.0110798542302075
-0.00186944305634761
0.00931024548422405
0.0215865163548125
0.0338085594013831
0.0448798552888521
0.0539453899099288
0.0603563486303149
0.0635261157217661
0.0628691378885283
0.0579342380836214
0.0486844927381998
0.035752599443745
0.0204880286484196
0.00471700778692338
-0.00969935732402905
-0.0213036842556988
-0.0292871555932674
-0.0334914561800842
-0.0342665533529969
-0.0323131538739913
-0.0285518728036404
-0.0239779055272078
-0.0194775250251639
-0.0156665196521534
-0.0128457311582009
-0.0110974400609239
-0.0104310266646617
-0.0108430560798297
-0.012239273700722
-0.0143077314104461
-0.0164980427138324
-0.0181740415326998
-0.0188395055783088
-0.0182612765374904
-0.0164245055338597
-0.0134445831548474
-0.0096155977433
-0.00560669454452681
-0.00258181388057948
-0.00197528165400153
-0.00489935209278061
-0.0114985028766361
-0.0206869677555276
-0.0304744469608503
-0.0386813597918962
-0.0436087808981785
-0.0443411227426846
-0.0406831253802566
-0.0329617853901214
-0.0218907153049748
-0.00850272346811493
0.00596795416132581
0.0203182497226357
0.0336373887067286
0.0454244358064938
0.0554583623317556
0.0634934033037421
0.0690013716352674
0.0711803856045384
0.0692835525164315
0.0631057417269806
0.053350604140884
0.0416496739067093
0.0301752231387949
0.0209841367629597
0.0153667526541771
0.0134882563823663
0.0144749779531383
0.0168725427995641
0.0192257629056684
0.0205160518666311
0.0203279245702681
0.0187813433162969
0.0163514366719738
0.0136823821533149
0.0114392203273065
0.0101881642094761
0.0102820418426306
0.011753002728126
0.0142575706750062
0.0171410446291226
0.0196513908848199
0.0212350827143925
0.021749010980904
0.0214212552087914
0.0205399845945743
0.019067721101353
0.0164865805104623
0.0120444710781216
0.00526294933467306
-0.00365928381447774
-0.0138432872925387
-0.0241077380528896
-0.0334296328437523
-0.0411843375719584
-0.0470944100029677
-0.0510453679576458
-0.0529617829035127
-0.0528060737715334
-0.0506304395676175
-0.0465942717638385
-0.040930680510139
-0.0339080734746322
-0.0258264596197553
-0.0170372513767628
-0.00794354824065886
0.0010425542869623
0.00956433457551063
0.0173632540274463
0.0242755464724656
0.0301940237627778
0.0350273770244194
0.038681805665644
0.0410663787356796
0.0421099608000958
0.0417888664295411
0.0401824160210252
0.0375606748462234
0.0344584286803696
0.0316496860678407
0.0299627436920024
0.0299662403258928
0.0316533669353612
0.0342915395755334
0.0365613028258085
0.0369921568406136
0.0345549272345484
0.0291561676038819
0.021774068452394
0.0141160152525243
0.00792048009921346
0.00423786125231529
0.00305687088521309
0.00344602373209386
0.00407279183925106
0.00376397359878156
0.00181959796027994
-0.00197478817565631
-0.00748382633274113
-0.0143242971933464
-0.0218803108090456
-0.0293146570097979
-0.0356825493724639
-0.0401650981957522
-0.0423266035947459
-0.0422528646360292
-0.0404818923862231
-0.0377576444820942
-0.0347389330844168
-0.0318080222503566
-0.0290438780295691
-0.0263211903675247
-0.0234445995769722
-0.0202502062717438
-0.0166633401036854
-0.0127319033610415
-0.00863092258053934
-0.00459447109558766
-0.000752377221193694
0.00304620557646188
0.00724872724537615
0.0123419224323911
0.0184295222730105
0.0249482070314787
0.0307827378714902
0.0347600363315536
0.0362152080959975
0.0352743614540189
0.0327154747807023
0.029554424407098
0.0266365796930689
0.0244287436207997
0.0230149824874296
0.0221765516148755
0.0214635723416792
0.0202743361285286
0.0180055128784249
0.0142634773984861
0.00902124007254722
0.00260116087536692
-0.00451319498100277
-0.0118940819795792
-0.0192504189305048
-0.0263231139676551
-0.0327048354422584
-0.0377714215466841
-0.0408448136614387
-0.0415356785899424
-0.0400565570056957
-0.0372744031753651
-0.0344161923176145
-0.0325600845282498
-0.0321865714868929
-0.0330348883410853
-0.03433379490722
-0.0352641759544155
-0.0353874527837348
-0.0348098284954191
-0.0340280342375109
-0.033604051211681
-0.0338998509138909
-0.0350072342874494
-0.036821761115243
-0.039103468390203
-0.0414311995968112
-0.0431162641732622
-0.0432324590617084
-0.0408533264628437
-0.0354222710431307
-0.0270572746619635
-0.0166076855975744
-0.005421751294734
0.00505327170829271
0.0136420512055808
0.0196406366921278
0.0228326644812158
0.0234205214487861
0.0219845389235449
0.0194976244079871
0.0173042612016067
0.0169242485417382
0.0196274243843686
0.0259062306407144
0.0351152440367913
0.0455252741862158
0.0548427456843672
0.0609890941888154
0.0627812207270412
0.0602023636150259
0.0541780536142291
0.0460364992752402
0.0369714536331715
0.0277571011591819
0.0187520522883257
0.0100368309068665
0.00149684665127505
-0.00720207883882731
-0.0166284157782825
-0.0274285697504124
-0.0399690214952633
-0.0539414096137411
-0.068179799857668
-0.080834322612185
-0.089836143301117
-0.0934434218132215
-0.0906722809380447
-0.081537580133718
-0.0671223451598599
-0.0494875031600609
-0.0313759895844429
-0.0156675278164949
-0.00465130692063871
0.000660477122228639
0.000877819969015957
-0.00197510882210448
-0.0051925469545935
-0.00634556642608836
-0.00403936830961427
0.00183973203473824
0.010392986642929
0.0202144499145077
0.0297899794931076
0.0376364710020989
0.0423001957453668
0.0424582874116863
0.0372503872874636
0.0267212657620212
0.0120896848098551
-0.00439669821539681
-0.0200387724630935
-0.0324604998460379
-0.0402182573215871
-0.0429718077241011
-0.04121130805819
-0.0358065397538692
-0.0277096210366108
-0.0179382000456911
-0.00767130435805057
0.00181825759324305
0.00948677673059613
0.0148919744499747
0.0182915050047696
0.0203315635611609
0.0215186278246657
0.0218424383309731
0.0207880757265482
0.0176707775645123
0.0120254685251057
0.00383108981894728
-0.00645887523082041
-0.0179866158273695
-0.0295988154097214
-0.0400123823915008
-0.0480559355369293
-0.0529281413831211
-0.0543626481876775
-0.0526289705188802
-0.0483891423493511
-0.0424927735735161
-0.035792027399139
-0.0290084446966415
-0.0226278425504274
-0.0167893681288238
-0.0111951005144233
-0.00514530933440408
0.0022062997934912
0.0114259599541329
0.0224161299065255
0.0343063719988255
0.0456792125868704
0.0549814536723617
0.0609042995542663
0.0626157121106741
0.059864095609671
0.0530190858091649
0.0430691064795155
0.0315333000151118
0.0202289947358063
0.0108809060305824
0.00465393272647796
0.00179434094965617
0.00158727980957525
0.0027118095208501
0.00384621839457095
0.00421240809057682
0.00378440966839488
0.00309249074652652
0.00277442503144085
0.00313115433685952
0.00391414240291726
0.00444567405592041
0.00399981081374634
0.00222128648835841
-0.000672847513577158
-0.00403141265083305
-0.00714689937727983
-0.00962218497637171
-0.0115124482524508
-0.0132133000843888
-0.0152357314908075
-0.0180243331197191
-0.0218520160225022
-0.0267134610165489
-0.0321707576788742
-0.0372415057267427
-0.0404917103118427
-0.0403924250625248
-0.0358051506661321
-0.0263652222634552
-0.0126131273648873
0.00412542006205326
0.0220318461936717
0.0391885698976119
0.054003486866606
0.0655433798148191
0.0736266730220708
0.0786092644826201
0.0809689045674733
0.0809274163487233
0.0783347792669813
0.0728767753243399
0.0644695548792966
0.0536010191415698
0.0414217736883295
0.0295228729320437
0.0194730160050363
0.0122819914512349
0.00801033616563573
0.00573140194982324
0.00391904100993307
0.00110257474450568
-0.00355119207714585
-0.0100333991102484
-0.017707387085277
-0.0256889805966949
-0.0330631835412077
-0.0388250225789476
-0.0417559648084562
-0.040566796547987
-0.0344065608001264
-0.0234470570414957
-0.00908320608764525
0.00646592961138289
0.020920825601032
0.0325904824838246
0.0405892692362387
0.0446827494226239
0.0450579651938418
0.0422326098189622
0.037066386406839
0.0306881823344975
0.024232703744035
0.0184879887618244
0.0136888300578727
0.00963102458304691
0.0060682911724707
0.0031411514221886
0.00153316585085344
0.00221091253346041
0.00588267273689111
0.0125097238133572
0.0211727207229636
0.0303569593313987
0.0384579683857704
0.0442138317095799
0.0468855608664974
0.0462094584445546
0.0422722403009371
0.035439657220895
0.0263550633185782
0.0159260557784389
0.00521338906882053
-0.00477928731997777
-0.0133221972716641
-0.0200674411611277
-0.024996331142336
-0.0282477147387681
-0.0299271311362055
-0.0299968129727975
-0.0283047231043297
-0.0247481009863799
-0.0194978934979526
-0.0131581691403236
-0.00673754764020667
-0.00139423518873275
0.00194580308790242
0.00289660764189546
0.00167042059028877
-0.00113467007905937
-0.00486315668129617
-0.00903102778452725
-0.0133379171038669
-0.0175184544608789
-0.0211979433724183
-0.0238871564322763
-0.0251238842364077
-0.02465523353575
-0.0225343542151004
-0.0190738455487044
-0.014692072221556
-0.0097461583958165
-0.00444356538702887
0.00112415379675521
0.00684900130937549
0.0124563822256872
0.0174365123756925
0.0211161899917021
0.0228431364032238
0.02218107654932
0.0190161548552828
0.0135551178836334
0.00627680092100891
-0.00209827737812593
-0.0106261711138091
-0.0182135645142084
-0.0237977287577235
-0.0265986969164059
-0.0263393525672509
-0.0233351739872532
-0.0184284847633902
-0.0128132076330718
-0.0078070761675575
-0.00459392150134754
-0.00394973446642552
-0.00601708527006627
-0.0102428465335628
-0.0155524373909882
-0.0206963460502577
-0.0245825668776336
-0.0264232199320289
-0.0256829620716633
-0.0219943389186586
-0.0152397619295198
-0.00583695257847991
0.00497561874979225
0.0151626214099644
0.0223850460608755
0.0248085849488113
0.0218293905338105
0.0143302638767046
0.00433613690286512
-0.00574139822541808
-0.0138990207918858
-0.0190506257529761
-0.0211292262124304
-0.0208637319179061
-0.0193920436483909
-0.0178369808239572
-0.0169297212385726
-0.0167831570401108
-0.0169309547085149
-0.0166506435845179
-0.0154013336631458
-0.013098745237168
-0.0100594078189587
-0.00670401425749331
-0.00329449274577334
6.91224316741115e-05
0.00319947653098488
0.00554973242559958
0.00618832047420011
0.00413082067782036
-0.00109997272796911
-0.00898103023238962
-0.0178635600245463
-0.025357697838758
-0.0291143939394997
-0.0276592485336447
-0.0208733063981954
-0.009905689219193
0.00335949738925554
0.0169211158358593
0.0290504935840959
0.0384115496259278
0.0441023396983452
0.0457862671420534
0.0438555898833225
0.0394012969864679
0.0338489657538567
0.0283891870270064
0.0235234699995937
0.0189829455966878
0.0140263708315973
0.00790458102128501
0.000236789159651618
-0.00884695736353714
-0.0187994430507663
-0.0288917098103628
-0.0384610571528274
-0.0470605152787139
-0.0544621698619885
-0.0605528273947869
-0.0652203771069121
-0.0683173705684417
-0.0697081815936649
-0.0693209688288576
-0.0671137804311763
-0.0629485480060996
-0.0564833609960365
-0.0472356515160601
-0.0348779154191559
-0.0196515566265814
-0.00265208729136322
0.0142378020125066
0.0288096639871124
0.0392052662692434
0.0445099118102611
0.0450174263750775
0.042087426352156
0.0376863125698218
0.0337973528709345
0.0318860528999933
0.0325486380789535
0.0354021799512845
0.039222828791969
0.0422979636385351
0.042911444180756
0.0398345428435181
0.0326798401537527
0.0220134738109243
0.00919958777074893
-0.00396752271999608
-0.01573452491572
-0.0248353962176765
-0.0307878601564128
-0.0339338611545535
-0.0351739721466969
-0.0354614261487709
-0.0352669191468884
-0.0343010703852437
-0.0316896709475839
-0.0265470893180941
-0.0186341958628614
-0.00871155679357877
0.00161627529767527
0.010446211969765
0.0161698236366182
0.0178089288924436
0.0150286399520324
0.00799330827648864
-0.00272584708388036
-0.0161230069159809
-0.0307151900110731
-0.0446490092077846
-0.0560307773351083
-0.0633939014143689
-0.0661046704604855
-0.0645159754986007
-0.0597955294030343
-0.0535008461412301
-0.0470689956736925
-0.0414089128909583
-0.0367384393058361
-0.0327067321751041
-0.0287079190848851
-0.0241969149889198
-0.0188470062914931
-0.0125331582108257
-0.00526137389759442
0.00282976016625686
0.0113862504916948
0.0197785142584514
0.0271666109417523
0.0326914939345026
0.035695500491916
0.0358646706862003
0.0332518994066676
0.0282170966047251
0.0213543268871363
0.01345133746229
0.0054626573769142
-0.00157733943404566
-0.0067591158405079
-0.00957528732741051
-0.0101112221144133
-0.00898595812046164
-0.00703123095185522
-0.00489349174660291
-0.00281108765382478
-0.000686313136154006
0.00164717751472077
0.00418239122160057
0.00668663924625941
0.00884518669627366
0.0104791695901874
0.0116862445017571
0.0128104213752752
0.0142513757827031
0.0162247794787741
0.0186253068762256
0.0210797769653509
0.0231377972714406
0.0244400499656768
0.0247324916056545
0.0237458158181681
0.0211004164637253
0.0163940796741202
0.00947711397497649
0.000747074642114649
-0.00875198369390703
-0.0175286618173938
-0.0240682467184171
-0.0272941593376181
-0.0268797412670169
-0.0233010664768308
-0.0176208702112319
-0.0110910091228486
-0.00473971958650806
0.000874684011967883
0.00564956923948922
0.00972386257204855
0.0132378507210457
0.0162233741640062
0.0186482092005783
0.0204985950161204
0.0217520684719833
0.0222037490424579
0.0212822482179973
0.0180765789247101
0.0116906492660748
0.00179636693960577
-0.0109452493269403
-0.0249066231891615
-0.0380153421125397
-0.0485080223274844
-0.0554962758921008
-0.0590613689385873
-0.059921604719836
-0.0589804658661857
-0.0570570910369182
-0.0548500453833357
-0.0529397035629581
-0.0516357205066732
-0.0507154366687075
-0.0493177322164456
-0.0462082415881325
-0.0403387420893956
-0.0313584241649656
-0.019749214272673
-0.00654221965289333
0.0071237946252148
0.0202749964463084
0.0320878724286706
0.0417503727499783
0.0484639313708022
0.0516933611840316
0.0515021297097015
0.0486703990648577
0.0444128497313927
0.0398115052875554
0.0353253272946651
0.0307263272181789
0.0255237305160299
0.0195813558545229
0.0134922530556542
0.00846639323702677
0.00584830786984985
0.00660969002321011
0.0110919670947736
0.0190164973232248
0.0295935445337087
0.041596638126556
0.0534413951528186
0.0634046301472064
0.0700238876559773
0.0725233074427153
0.0710208615153579
0.0663863119987173
0.0598414682144763
0.0525328393744726
0.0452645750549664
0.0384298979831509
0.0320669553330035
0.025960313409333
0.0197661421941898
0.0131718851231465
0.00607444500129647
-0.0012905448688944
-0.00834980478529312
-0.014350078439251
-0.0186053697586343
-0.0207114740904027
-0.0206421625308101
-0.0187380217053132
-0.0156537959056878
-0.0122788915035442
-0.0095552273562692
-0.00813184952790817
-0.00796412935143226
-0.0081393583346552
-0.00717479179586207
-0.00374219279358226
0.00256682214829166
0.0109139719712615
0.0195408365068798
0.0265270542921752
0.0304910315008391
0.0308527124173977
0.0276541651949558
0.021250353397551
0.0121882487921148
0.00132418892076269
-0.0100478962823136
-0.020327276716755
-0.0280520523062128
-0.0324393621278404
-0.0336915924926888
-0.0328738336744736
-0.0314236261882461
-0.0305440669302682
-0.0307542817402166
-0.0317549680464779
-0.0326037162247734
-0.0320711438888984
-0.0290165775057382
-0.0226825193469617
-0.0128950319925061
-0.000180543130574759
0.0142485161391953
0.0287261452608395
0.041582824422616
0.0516346803904808
0.0584378628647168
0.0621509608831995
0.0631121014841591
0.0614375509359859
0.0569194525947312
0.0492648408553688
0.0384675230724808
0.0250396233458813
0.00998901042933661
-0.00534997450151807
-0.0194553085671129
-0.0306823620181965
-0.0373879888502892
-0.0382602011807202
-0.0328162482382707
-0.021813062015958
-0.00726164563387037
0.00807941844160022
0.0215461346390733
0.0313355530445484
0.0368138263492368
0.0382709853308371
0.0363834451097244
0.0318051520669843
0.0251426284055284
0.0172068257976797
0.00917602011207018
0.00237486202813473
-0.00227310017336336
-0.00472535757546969
-0.00582099333659151
-0.00673696453343775
-0.00827357433821052
-0.0104972508126494
-0.0129923813435258
-0.0154895209998762
-0.018344545214522
-0.0224687472371006
-0.0287326775929482
-0.0372535118183626
-0.0470565610150645
-0.0563445683242843
-0.0632093721110431
-0.0663561960219758
-0.0654520034790335
-0.0610012349418379
-0.0539581525551748
-0.045378553566692
-0.0362616172982545
-0.0275057905449139
-0.0198117884023201
-0.0134781323473701
-0.00822505056279967
-0.00325297921077711
0.00239513802307022
0.00933394119361394
0.017490596798427
0.0261134852772173
0.0341045259398459
0.040466983981024
0.0446461860782006
0.0466518625110213
0.0469735230065069
0.0463612589172685
0.0455510668759392
0.0450065298043643
0.0447448184780751
0.0443018039831671
0.0428552179923061
0.039475389291962
0.0334348265278712
0.0244949659237271
0.0130931619890494
0.00036641800744022
-0.0120199474007955
-0.0222105649467462
-0.0285731633868798
-0.0300757314623803
-0.0265583725127215
-0.0188796167003348
-0.00890542226253608
0.000749600756068558
0.00731376654947265
0.00870994678331511
0.00435818268575387
-0.00448390531194521
-0.015079048981689
-0.0241285402446964
-0.0288108376100184
-0.0274943824476725
-0.0199486779664211
-0.00718824326265888
0.00880411514435472
0.0253567250382753
0.0394700662524032
0.0483818416471344
0.0502790150838729
0.044857222161055
0.0333816801990261
0.0181579417224592
0.00169158065921317
-0.0140103659000708
-0.0277010277223475
-0.0387461184202016
-0.0468110885212503
-0.0516261771854076
-0.0529465392634723
-0.0506969021540152
-0.0451936395641049
-0.037269483279767
-0.0281389228370809
-0.0189939175970263
-0.0105473748718612
-0.00285366107334653
0.00441715552112843
0.011414249217831
0.0176663352930666
0.02212262172036
0.0236886800546641
0.0219176681881014
0.0174143906057227
0.0117059035720907
0.00665523457097047
0.00372217538060922
0.00340643036502766
0.00509156110313593
0.00733867628893958
0.00851071391131437
0.00746955792164156
0.00403732174561138
-0.000985201639740239
-0.00621960876706914
-0.0102913256483445
-0.0123028940125811
-0.0120426034106437
-0.00994880461550345
-0.00692515919645392
-0.00406260985884157
-0.00228315372788023
-0.00197232076463957
-0.00276892244875417
-0.00369196060089761
-0.00362363283923142
-0.00192208402067185
0.00119095909197954
0.00470497583167649
0.00730682341727926
0.00798728353271188
0.00645172718557146
0.00318792566959955
-0.000750162872650527
-0.00408360661038237
-0.0056461936333501
-0.00467408295630288
-0.00104270659926326
0.00459454174534157
0.0108738759564623
0.0160826144150925
0.0187573586369663
0.0182785667760788
0.0151533625710661
0.0108099228895876
0.00699142298668515
0.0050609721240656
0.00555770928259162
0.00816512304769946
0.0120074781444586
0.0160564388741879
0.0194649022857523
0.0217535166502779
0.0228400378375973
0.0229170185008568
0.0222240359904995
0.0208390487951666
0.0186367116843016
0.0154577298479629
0.0113710662627732
0.00683932608414625
0.00267946302108972
-0.0001426802856729
-0.000766519822446498
0.00135151468723692
0.00629654327695772
0.0136299855297893
0.0224305352847144
0.0314823770098943
0.0395971133325231
0.0459552135676459
0.0502950426274459
0.0528406257656007
0.0540191418162874
0.0541527896906222
0.0533081605237769
0.0513593687676246
0.0481792507138868
0.0438164178127279
0.0385592281512157
0.0328753554382747
0.0272820462285834
0.0222152555127649
0.0179394880815609
0.0145138584045825
0.0118231539248152
0.00967174257693295
0.0078968674828175
0.00641620022925403
0.00515120960344628
0.0038782736382262
0.00216400195689087
-0.000482437287275228
-0.00428009195729366
-0.00889836731382296
-0.0134766089611836
-0.0169813704571008
-0.0186747013172523
-0.0183838255899761
-0.0164446797133986
-0.0134584659936426
-0.0100917402003493
-0.00700341206178972
-0.00479014597630761
-0.00383186092949012
-0.00409799558854823
-0.00512523598883571
-0.00629788429592609
-0.00729303047143774
-0.00834739349153838
-0.0100806914195528
-0.0129402313926535
-0.016649898695257
-0.020086965599922
-0.0217266600746533
-0.020397603059303
-0.015876811025152
-0.00897334163531529
-0.00110438783819053
0.00631171356562465
0.0122630855470052
0.0161897405658483
0.0177995155762994
0.0169181411511728
0.0135310557203954
0.00796255252797819
0.0010013819729663
-0.00619821109057209
-0.0124655353904004
-0.0170521834946966
-0.0198913099597694
-0.0214870832843079
-0.0224989443598825
-0.0233242762708809
-0.0239799819551762
-0.0243208300941307
-0.0243482915328939
-0.0243182146084073
-0.0245724053372074
-0.0252787922699011
-0.0263334889695334
-0.0275159062217926
-0.0287562982414921
-0.0302748358273452
-0.032453666153448
-0.0355081240459914
-0.0391656856596008
-0.0425567691085871
-0.0444058390607809
-0.0434647939536888
-0.0390088505222702
-0.031161202186088
-0.0208762738108911
-0.00959359657764321
0.00123066892766945
0.0104525794354729
0.0173052800367036
0.0212909363642144
0.0221015300376267
0.0196929987091037
0.0144560701949396
0.00730833881912502
-0.000427098645879301
-0.00733738932933516
-0.0122762659382817
-0.0145896218589329
-0.0141358381217061
-0.0111571343312162
-0.00613263831654162
0.000280734360025096
0.00721336551043324
0.013551598623785
0.0180377451233115
0.0195493011405344
0.0174576980951292
0.0118640051644646
0.00355171189022526
-0.00632625368753185
-0.0166325647428901
-0.0264789653142995
-0.0352260333913839
-0.0423587279000644
-0.0474261793567005
-0.0501374868202441
-0.0505271396524682
-0.0490121712050175
-0.0462424933493632
-0.0428178035493889
-0.0390536818126855
-0.0349470314605618
-0.030365806193405
-0.0253638738117429
-0.0204498380776288
-0.0166327343542506
-0.0151466937160145
-0.0169232088062238
-0.0220591198057099
-0.0295849112357337
-0.0376924680978348
-0.0443162006878915
-0.0477752301491642
-0.0472116313702709
-0.0427290870126191
-0.0352618478537899
-0.0262374411737503
-0.017141903415545
-0.00914251353955641
-0.00286117877712228
0.00170570655608361
0.00512100466473628
0.00826709370469104
0.0119821490872646
0.0167320068078776
0.0224781850250104
0.028783758728393
0.0350660880535803
0.0408495317934651
0.0459014051046321
0.0502115510425509
0.0538580694053396
0.0568518262799553
0.0590453864870709
0.0601395080413343
0.0597661551005301
0.0576027696507696
0.0534734480751047
0.0474040837377423
0.0396204870153404
0.0305071106431926
0.0205547163181145
0.0103038321110483
0.000267583994960044
-0.00916352789396564
-0.0177810427051984
-0.025511952883063
-0.0322576251337699
-0.0377064138144984
-0.0412528177846686
-0.0421076428807478
-0.0395766573269582
-0.033386802334408
-0.0239015644446408
-0.012110243337254
0.000618872331872904
0.0129168195492596
0.0237568430182645
0.0326185723894498
0.0394271418143822
0.0443398033526497
0.0475263803282471
0.0490698494533661
0.0490094698663832
0.0474392199238668
0.0445465952863103
0.040546297943996
0.0355626781822588
0.0295669933706079
0.0224529104242951
0.0142500777872404
0.00536792225458327
-0.00330470646019732
-0.010573717486527
-0.0153576572942172
-0.0171418605418543
-0.0162004835434074
-0.0134350426769407
-0.00991145085841077
-0.00637769376341382
-0.00306417079384402
0.000129930040117499
0.00324926852978108
0.00603168236320409
0.00801265948693701
0.00890479021642264
0.00894622836233452
0.00894145271408924
0.00995436404734671
0.0128478323758907
0.0179273397895589
0.0248389267321219
0.0327114941642088
0.0404314585452531
0.0469260523946667
0.0513764895693302
0.0533317600233933
0.0527188477927625
0.0497552282944963
0.0447918061215141
0.0381523578379968
0.0300553683909113
0.0206713459705475
0.0102897789776164
-0.000507890396607517
-0.0107962076816817
-0.0194471591113831
-0.0254345577179258
-0.0281862082336647
-0.0278451812399906
-0.0253093035654639
-0.0219336135109794
-0.0189153922630475
-0.0167408347935729
-0.0152846321716094
-0.0145505993501005
-0.0151213090856163
-0.0177351808285055
-0.0226964171057255
-0.029842239551741
-0.0386812777593078
-0.0482050006101502
-0.0567120062515018
-0.0621643334305508
-0.0629768060354878
-0.0586888743462048
-0.0500976392212144
-0.0388546813151458
-0.0268476936299504
-0.0157212226065771
-0.00669434790277315
-0.000586200636347947
0.00215422714363082
0.00152677655234843
-0.00191736785530739
-0.00713909682873625
-0.0129235107561092
-0.0182918349825555
-0.0227330501537057
-0.0260936282216736
-0.0282502219622615
-0.028891739378127
-0.0276551081956337
-0.0245392275873472
-0.0202353745823206
-0.0160269309533226
-0.01324158077124
-0.0126118675583166
-0.0139891594987479
-0.0165845416579642
-0.0195216212198955
-0.0223068924700323
-0.0249586052346575
-0.0278126971527719
-0.0312079220448059
-0.0352565738866338
-0.0398014295703722
-0.044536690821701
-0.049179069406118
-0.0535484339728535
-0.0574888207448427
-0.0607089680467644
-0.0627349711986135
-0.063115381332365
-0.0617948947059797
-0.0593577571171507
-0.0568690173672667
-0.0553483771723041
-0.0552455313319582
-0.0563206496134576
-0.0580025194908241
-0.0598868959279964
-0.0619239665083464
-0.064133998180273
-0.066126156626363
-0.0668916322464245
-0.0651289006656269
-0.0599241319437684
-0.0513210869176193
-0.0403949189817963
-0.0287997952470124
-0.0180981995414668
-0.00926537317461785
-0.0025792401707761
0.00217559045534307
0.00543258817721451
0.00769720052014344
0.00953911102119771
0.0115718005878976
0.0142846289880519
0.0177682005649042
0.0215404252606507
0.0246704960714826
0.0261982308649775
0.0256187110769124
0.0231437134371342
0.0196119095335424
0.016151992647466
0.0138090222512554
0.0132729061655431
0.0147238149409773
0.0177698678286183
0.0214956974700691
0.0246609457789346
0.026028871624885
0.0247237738134736
0.0204942057558507
0.0138044652194005
0.00573666815729029
-0.00227157361672295
-0.00878936166792165
-0.0127474361880625
-0.0136681133881786
-0.0117083036836655
-0.00754898425959576
-0.00222340520618637
0.00304898133270046
0.00703282238796923
0.00870783059700676
0.00757803862502529
0.00397355044667286
-0.000827005917106689
-0.00480923295291753
-0.00578649834602295
-0.00213308600793553
0.00662292284908732
0.0196207158671893
0.034979885407548
0.0504415176112095
0.0640294909903826
0.0744592336895322
0.081199515747224
0.0842928152193247
0.0841371617476219
0.0813814302299879
0.076941681925573
0.072014972265424
0.0679348548699619
0.0658033453977877
0.0660050178589817
0.0678621286053926
0.0697055895970795
0.0694546700567555
0.0654980489117439
0.0574489455370882
0.0463787208997859
0.0344123766012598
0.0239127104059575
0.0166677395439355
0.0134277558113231
0.0138869073755949
0.0169546069745919
0.021083070499684
0.0245357228400385
0.0256526919918629
0.0232037311493306
0.0167721983326198
0.00694932729298296
-0.00485823713468474
-0.016967483308769
-0.0280067644746877
-0.0372032953957661
-0.0442324987820097
-0.0488086535943085
-0.0503835557984966
-0.0482343689791224
-0.0419173183373466
-0.0317618657785042
-0.0190145133466707
-0.00547417831493589
0.00717997960631799
0.0179562421027282
0.0266927029239173
0.0337634034777202
0.0396222796291821
0.0445133980772344
0.0484850765189269
0.0515808223065229
0.0539552293590911
0.0557683664961092
0.0569493905089789
0.0570800445908222
0.0555812557273762
0.0521365860152505
0.0470696760661794
0.0414009694847426
0.0365297294716
0.0337260754199734
0.0336947245222475
0.0363757254577003
0.0410004797842858
0.04633607735758
0.0510368747310644
0.054017384243601
0.054731648944603
0.0532408388822849
0.0500420355851334
0.0457886981018367
0.0411152136660941
0.0366713264456181
0.0332447535829704
0.0317170776474503
0.0327132712348149
0.0360947820774044
0.0406592376694691
0.0443428316195945
0.0449041128352703
0.0407456608782244
0.0314556246052822
0.0178660146931016
0.00173074523481486
-0.0147246089288145
-0.0292106949486087
-0.0397365445233166
-0.044982884263714
-0.0446498275568034
-0.0396200264279367
-0.0317788337888461
-0.0234834216163087
-0.0168645397536917
-0.01323854783053
-0.0128420681975798
-0.0149280289873517
-0.0180999081850401
-0.0207113895736457
-0.0212267030178981
-0.018531535016303
-0.0122051164558524
-0.00270091014077196
0.00867426283585044
0.0200530366474905
0.0295125577362081
0.0356133738877295
0.0377812245100119
0.0364336082914711
0.032864617486282
0.0289501023547126
0.0267206684911629
0.0278419054739904
0.0330924876885283
0.04200995115266
0.0528896281991889
0.0632131055962409
0.0703840817245201
0.0724806742679966
0.0687153747457359
0.0594546417196083
0.0458861002830321
0.0295687380834613
0.0120718546704367
-0.00523802478313405
-0.0213219001426315
-0.0355620703635007
-0.0477939916615752
-0.0581915417557669
-0.0669891652949633
-0.0741762065138536
-0.0793897814200406
-0.0821401551149658
-0.082257035385502
-0.0802357239728642
-0.0771875965145325
-0.0743793844444861
-0.072669935848619
-0.0722455084647416
-0.0728223113308363
-0.0741153200149601
-0.076172758078442
-0.07930469466012
-0.0836750546550625
-0.0889001791550035
-0.0939945153121465
-0.0977392058583471
-0.099233636649068
-0.0982615918287676
-0.0952471197342828
-0.0908679294238542
-0.0856139620658506
-0.0795764512045113
-0.072553494279376
-0.064327799945888
-0.0548848627847112
-0.0444452346460619
-0.0333755463056286
-0.0221475137888743
-0.0114382940555494
-0.00227277810562185
0.00402302654391338
0.00620797733474264
0.00373401275501512
-0.00277982230375729
-0.0115465260920986
-0.0201345262388182
-0.0262387249888044
-0.0283122794599921
-0.0258301631137414
-0.0192142561391083
-0.00960232870966172
0.00138602089604626
0.0118633603377538
0.0199373123599437
0.0240707581357361
0.0234874551551115
0.0184798676840183
0.0104610108499907
0.00167665600143552
-0.00537321060431246
-0.00862554111178509
-0.0070233191947639
-0.000779354792429849
0.0087206515882005
0.0193040224826081
0.0285483914955332
0.0343337678362098
0.035305969882734
0.0311786740503678
0.0228206711716603
0.0120982146341591
0.00148459131696417
-0.00649797997241982
-0.00989720676302132
-0.00787624183395169
-0.00102687539375656
0.0087104864865781
0.0185942540599847
0.0259687357186049
0.0291466347239068
0.0278896899153639
0.0232841029830704
0.0171325808807376
0.0112156862199504
0.00676794573974702
0.00431139433345424
0.00376135721296403
0.00462141882925358
0.00614868402793366
0.00750098463801661
0.00794237159601331
0.0071241120140282
0.00533249153324684
0.00352058852968054
0.00300638037893052
0.00491231430509281
0.00962088776228234
0.0165655213404758
0.0244934361498384
0.0320330752478136
0.0381989050230145
0.0425355536410869
0.0448966585772625
0.045141622376112
0.0430809013894165
0.0387630858975931
0.0328700038715748
0.0268481738606887
0.0225764933251054
0.0217062502700368
0.0250357214107032
0.0322363654499287
0.042001666295861
0.0524540942611767
0.0615829251407194
0.0675910284028349
0.0691617420185407
0.0656832662937169
0.0573878061550756
0.0453028414980005
0.0309797892335338
0.016116288070205
0.0022632670211282
-0.00928904958418508
-0.0175339313790726
-0.0218435428608645
-0.0221782534714166
-0.0192465936604323
-0.0143882264654787
-0.00912987616229094
-0.00464318627568512
-0.00145028197128593
0.00045317793884092
0.00121390859771686
0.000818723096598833
-0.000898319357071691
-0.00400760267645056
-0.0082566904355476
-0.0130521762470918
-0.0176038502715601
-0.0210481109849126
-0.0224662072329116
-0.0209180135258019
-0.0156715135866018
-0.00662319376192996
0.00535066047021379
0.0184219849411526
0.0302900366452818
0.0388651114103921
0.042802812709653
0.0417103908853651
0.0361026156825794
0.0272778488237345
0.0171788000589828
0.00816251547869505
0.00259398942684272
0.0023033296379638
0.00808471484200085
0.0194461873624625
0.0347168602585069
0.0514524641045648
0.0669601403435609
0.0787631234838567
0.0849306688111285
0.0843115682055874
0.0767328152110981
0.0631494215177077
0.045642354163671
0.0271502529267826
0.0109029737436809
-0.000349943061680718
-0.00511324155761628
-0.00366334498489631
0.00192265441674774
0.00832470954526179
0.0120020980999941
0.0103382601721629
0.00247026846780606
-0.0105297064545837
-0.0261812273243542
-0.0415850124325883
-0.0544422885908755
-0.0636915393819047
-0.0695608988940534
-0.0731247978281104
-0.0756684413663449
-0.0781861226622351
-0.0811695590290712
-0.0846158459197649
-0.0880827873699596
-0.0907142542540191
-0.0913310014282773
-0.0887300789462702
-0.0821825032494945
-0.0719010436381954
-0.0591786787126819
-0.0460531507675017
-0.0346237571970542
-0.0263440678060937
-0.0216158201907407
-0.0198264887729015
-0.0197313698036756
-0.0199357878233801
-0.0192624929671147
-0.0169394284289207
-0.0126804563553546
-0.00675842812716487
-8.96072673861677e-05
0.00576002526849011
0.00878247743767474
0.00701908630223148
-0.00075459429043664
-0.0144019812097288
-0.0321563717599516
-0.0508885122653308
-0.0668572344935932
-0.07668153054461
-0.0782048674040769
-0.0710053874498209
-0.0564520075453803
-0.0373303458548214
-0.0171531780147846
0.000647679501198492
0.0134052703795129
0.0195942722075761
0.018882589897046
0.0119908114278338
0.000505144359058617
-0.0133252414592071
-0.0268814699399705
-0.0376203773695662
-0.0436207150859452
-0.044071546972147
-0.0395222312070063
-0.0317801606832019
-0.0234547023714784
-0.0172590314645342
-0.0152681136194839
-0.0183686993915293
-0.0260948629078964
-0.0369004495426899
-0.0487218917348462
-0.0595542091415858
-0.0678127033182983
-0.0724537879372899
-0.0729973216817541
-0.0695658333623373
-0.062878705001047
-0.0540360306040696
-0.0440523141478247
-0.0333538003307221
-0.0215784549628025
-0.00787154072439852
0.00844209175773358
0.0271727191509783
0.0469546060395101
0.0655032593006443
0.0803388372923782
0.0896246805656481
0.0927101665379908
0.0901522439360819
0.0833134514792914
0.073864392027274
0.0634789114846148
0.0537475222921816
0.0460952208680714
0.0415010526237058
0.0400699226902793
0.0407554794590224
0.0415236591806103
0.0399687767847796
0.0340897058047594
0.0228581779276602
0.00639688415000262
-0.0141581879104458
-0.0369187750412544
-0.0595090597735835
-0.0793636530445651
-0.0941516787307369
-0.102319150433982
-0.103553518552938
-0.0988846831967765
-0.0902832234709707
-0.0799320722932678
-0.069581697981526
-0.0603342238083047
-0.052870584209744
-0.047806236143162
-0.045804155743408
-0.0473202253623595
-0.0521856382971415
-0.0593781353985421
-0.0672064419212769
-0.0738535322390128
-0.0779989926092574
-0.0791960135812973
-0.0778134663654288
-0.0745865686681439
-0.0700387966462663
-0.0641231173786733
-0.0563071846422121
-0.046047115410182
-0.033341215536861
-0.0190099603124079
-0.00453574400710636
0.00843427270979198
0.0186541692990206
0.0256632907376082
0.0298719559781228
0.0323685952552024
0.0345450469378926
0.0376696226443104
0.0425514925418599
0.0494143794490128
0.0580007166018269
0.067796781872213
0.0782108390772261
0.0886128043092036
0.0982882991072975
0.1064373035848
0.112297543931413
0.11535996223954
0.115572164555339
0.113435092885118
0.109951427266981
0.106431396865466
0.104191210510256
0.104209874589631
0.106846172398144
0.111726789336894
0.117863089173747
0.123952547469553
0.128739432099618
0.131304755239961
0.131215428505489
0.128525717282454
0.123651616798837
0.117149348298038
0.109460475914968
0.100731745852018
0.0908187300680669
0.0794948606657211
0.0667537516624471
0.05302140543541
0.0391544064181829
0.0262424774250259
0.0153404545436049
0.00725478865627642
0.00243591614024398
0.000960343453245355
0.00256452873045716
0.00669792274078795
0.0125697977383546
0.0191805880442224
0.0253683563483155
0.0299423374791046
0.0319611571440924
0.0311135593613175
0.0280282894993654
0.0242900957100993
0.022042951246081
0.0232734486476284
0.0290511793554381
0.0390430777875254
0.0515016602930269
0.063729523453976
0.0728418164959027
0.0765508376988894
0.0737073232286484
0.0644414306188708
0.0499123462026917
0.0318355715070039
0.0120401505563085
-0.00774228272091044
-0.0258403590489598
-0.0405623272319453
-0.0503518759290259
-0.0542709997586655
-0.0525520041213485
-0.0467592856306155
-0.0392854235178
-0.0323785749522824
-0.0272716946231086
-0.0239328718453922
-0.0215209112602859
-0.0191655666866285
-0.0165363221342358
-0.0138809361591616
-0.0116078619018644
-0.00978582904878534
-0.00796529500843264
-0.00548227228484049
-0.00204237714685369
0.00184775724139144
0.00494727006918318
0.00583041923087782
0.00354770532860858
-0.00202684105020777
-0.0103045681695583
-0.0203305172306706
-0.0310362212217563
-0.0412617230714939
-0.0497080022298986
-0.0550783426136853
-0.0564745854274288
-0.0538224053703451
-0.0479933954100506
-0.0404798192231572
-0.032794937988724
-0.0259416470175491
-0.0201924796126078
-0.0151867271927849
-0.0102011790760623
-0.00447285956334411
0.00246684271231758
0.0104866671724383
0.0186941959563576
0.0255578880322959
0.0293367925520503
0.0286562326111311
0.0229679805643354
0.0127088284523208
-0.000845581726742375
-0.0158983177109855
-0.0304866674507936
-0.0428276599156709
-0.0516542579455506
-0.0564954162600431
-0.0577747026425122
-0.056611254315328
-0.0543473961958337
-0.0520100076241032
-0.0499855066040664
-0.0480725309523702
-0.0458444527291344
-0.0430741428242313
-0.0399697715587907
-0.0371237647502088
-0.0352564723908935
-0.0349213611553207
-0.0363100602690348
-0.0392151313918012
-0.0431347230137005
-0.047448460724617
-0.0515586724017649
-0.0549053859448668
-0.0568557330476134
-0.0565970054539688
-0.0532176035076055
-0.0460596238720875
-0.0352130469168256
-0.021850017768252
-0.0081188220538422
0.00345281929811468
0.0108020582030257
0.0130266288868231
0.0106284058183488
0.00526359362085153
-0.000805916571029721
-0.00531035032582588
-0.00647774772503841
-0.00341980249921058
0.00363691549380855
0.0133879707116014
0.0238560553550569
0.0330814170474138
0.0397923704051036
0.0437021790529268
0.0452842949640382
0.0451949531525857
0.0437063919115084
0.040464333557259
0.0346623737357354
0.0255060128832879
0.0127388823488812
-0.00298009159721163
-0.0199962091020107
-0.0359489774396005
-0.0484011994219496
-0.0556268336365227
-0.0572488260908442
-0.0544220819318411
-0.049442815140993
-0.0449483051928088
-0.0430742768804289
-0.0449211683512924
-0.0504566599494714
-0.0587217298705132
-0.0681152494727401
-0.0766586256526049
-0.0823220145885218
-0.0835058477801991
-0.0795785558352068
-0.0711758728912037
-0.060005113648661
-0.0481863358956806
-0.0374683340012779
-0.0287212982613471
-0.0218899597318305
-0.0162939966719915
-0.011023407801464
-0.00525320002361263
0.00154152473038418
0.00941946318296757
0.0178670652450344
0.0258592925495778
0.0321885673113227
0.03601174065782
0.037365790609056
0.037331000415722
0.0376775031245294
0.0401386965020502
0.0456944174041728
0.0542310976625244
0.0646828850602714
0.0754538101199621
0.0848124257697081
0.0910999051596146
0.092841501541431
0.0889668456219692
0.0792219293319104
0.0645973492531506
0.0474273620545972
0.0309081597366531
0.0181247530001969
0.0110335714158642
0.00993278480927114
0.0136621584372497
0.0203143720167252
0.0279695317228016
0.0350839524607598
0.0405330054683309
0.0435792157036489
0.0439843879336045
0.0422055571181255
0.0394124813172571
0.0371420328175844
0.0366851533709713
0.0385316348697057
0.0421885840955825
0.0464583782841886
0.049990401345931
0.0517948672677731
0.0514879091450735
0.0492346611948062
0.0455208746984591
0.0409264038595466
0.0360133123121952
0.0313413179436329
0.0275306417079376
0.0252415676713967
0.0249752624480795
0.0267354544240425
0.0297477198304873
0.0324747160719915
0.0330232558866686
0.0297992649295207
0.0221062584970807
0.0104157926145834
-0.00377486658055582
-0.0183864398698077
-0.0313078967416822
-0.0408965253870044
-0.0463434156156347
-0.0478443028094552
-0.0465007381793595
-0.0439088976825308
-0.0415294975651799
-0.0401018075283129
-0.0394061623909105
-0.0385026598730652
-0.0362831259178847
-0.0319956576404143
-0.0254748481214218
-0.017058741487935
-0.00738544793059452
0.00271420056151607
0.0121644355664257
0.0195618503130477
0.0232716577385319
0.0218101725450101
0.0143979710506374
0.00139001791225336
-0.0156952768025815
-0.0346104725374567
-0.0530717211472362
-0.0693660050538329
-0.0826004726716522
-0.0925427882111342
-0.0992331564879704
-0.102655806662511
-0.102680107413631
-0.0992726911110294
-0.0927890136697592
-0.0841155095490058
-0.0745647285435798
-0.0655968082537123
-0.0585074595526382
-0.0541642048919786
-0.0527914824886505
-0.0538041069036034
-0.0557639092803099
-0.0565871170567933
-0.0540678531135121
-0.0466136211552297
-0.0339210159933
-0.0172786833684095
0.000683653943286793
0.016736091349218
0.0279854497546958
0.0326298785949086
0.0302689968163496
0.0217521742742237
0.00875611837388804
-0.00667457612193404
-0.0224976688514793
-0.0369525722650416
-0.0487812143592229
-0.0573792129898679
-0.0628291100380147
-0.0657860553270677
-0.067235015082961
-0.0681706161977951
-0.0692603636725585
-0.0705703523163734
-0.0714676165552032
-0.0708124479218662
-0.0674533833636147
-0.0608557077489892
-0.0515548543197941
-0.0411593343749316
-0.0318460004412354
-0.0255657645464629
-0.0233376744432436
-0.0249539226418201
-0.029181013834554
-0.0342719994593065
-0.0384793777902384
-0.0403570234425091
-0.0388656983690574
-0.0334471522756307
-0.0241778425682236
-0.0119242685489894
0.00169970813179673
0.0146895591381698
0.0252123859098506
0.0321076296455785
0.0351116444446054
0.0347970790421156
0.0323771437985127
0.0295034003604645
0.028044857661583
0.0297540821235752
0.0358055895106518
0.0463601426251993
0.060398292315949
0.0759771767069878
0.0908464278265226
0.103159875703353
0.111965000301926
0.117266807622641
0.119682511310242
0.119923588485511
0.118436415764495
0.11537673948097
0.11071126020015
0.104018535195553
0.0940554839102729
0.0790691938727614
0.0584831697754759
0.0344371899375292
0.0109106549461556
-0.00892365186617545
-0.0240419156114122
-0.034615754225635
-0.0407593707245913
-0.0424712947844593
-0.040196511979914
-0.035030617272505
-0.0284447079735109
-0.0219041290391389
-0.0166136411656973
-0.0133682079758098
-0.012424175633978
-0.0133860260550134
-0.0151965691542807
-0.0163416795975808
-0.0153043137028107
-0.0111494065097458
-0.00398160079769235
0.00499106250995562
0.0138821362605399
0.0208627625750249
0.0248354711260646
0.0257042098778497
0.024155276666561
0.0211669365923249
0.0175926126284792
0.0140336589867984
0.0109616448391406
0.00887831459308676
0.00832370034781244
0.00970280725316882
0.0130582530349181
0.0179622279624082
0.0236190298326455
0.0291254271261387
0.0337330031706061
0.0369685919526412
0.0385871492770396
0.0384616327123661
0.0365450583917912
0.0329422438784592
0.0279982207111064
0.0222820453140592
0.016448096472391
0.0110742829859179
0.00657582233112146
0.00318549937470529
0.000916144826361371
-0.00052511472552468
-0.00178087003585242
-0.00371483604919326
-0.00708350324743611
-0.0121477039458584
-0.0184507271488457
-0.0249198250618828
-0.0302641559257379
-0.0334678053208713
-0.034129065042994
-0.0325056003728473
-0.0293050047373606
-0.0253797736579233
-0.0214762645416086
-0.018092794670098
-0.0154230710728414
-0.0133573510098164
-0.0115587319373296
-0.00964805492547258
-0.00746735778527206
-0.00528475944886229
-0.00376060973110185
-0.0035985843325754
-0.00501813960479261
-0.00735435920612513
-0.00907059881946812
-0.00824327661001867
-0.00328857472953137
0.00645166888941886
0.0205538606606517
0.037804657765831
0.0567054988814098
0.0758802691984655
0.0941991038601661
0.110636808375178
0.124039069534805
0.133004467019325
0.136013292043277
0.131800422877758
0.119845304623594
0.100784757921917
0.0765602324655864
0.0501878472919042
0.0251736090359758
0.00474223890718871
-0.00887530787462918
-0.0148933689566427
-0.0140665324406923
-0.0084052367199972
-0.000553469893000643
0.00697747285928732
0.0124071136911144
0.0149526125018274
0.0148525470364254
0.0132297919148159
0.0117354778076994
0.0119869712119901
0.0150066973756098
0.0208981602398884
0.0288480043213586
0.0373854598262113
0.0447650282201289
0.0493585021420508
0.0499882658704466
0.0461616646980318
0.0381817431116196
0.0271270895466127
0.0146956472434291
0.00288702914421812
-0.0064888566772336
-0.0123827139078834
-0.0149184672215167
-0.0153871837095026
-0.0157478980663983
-0.01784668406631
-0.0227330941698701
-0.0303781506745135
-0.0398513122254327
-0.0497833308881324
-0.0588682831392354
-0.066234833059768
-0.0716324640471199
-0.0754401110182675
-0.0785105607390178
-0.0818686476635292
-0.0863217514097259
-0.0921050765369895
-0.0987223051375856
-0.105097900090832
-0.110013131900011
-0.112621665608297
-0.112767320799423
-0.110946106709374
-0.107998650424264
-0.104792149085917
-0.10210624866902
-0.100719850215465
-0.101497385191065
-0.105255348188932
-0.112361652649286
-0.122256337439783
-0.133220618738154
-0.142655625950433
-0.147870247601933
-0.147058397368914
-0.139980130302225
-0.127990836853985
-0.113431084582867
-0.0987483804994656
-0.0858166112953023
-0.0757034605751009
-0.0688098175032714
-0.0651252273604656
-0.0644007956729422
-0.0662131661507548
-0.0699956366463053
-0.0750794157718607
-0.08070891029057
-0.0859913733029444
-0.0898277542029855
-0.0909457505294826
-0.0881172908233206
-0.0805055516644078
-0.0679696639761618
-0.0511615094283253
-0.0313664457691745
-0.0101645729090904
0.0109621505790679
0.0309694536995926
0.0494530886935149
0.0666408536440291
0.0831460654324705
0.099566401141936
0.116130004675373
0.13259404432721
0.148443065529498
0.163221689433351
0.176744938993379
0.18904013727124
0.200096271436158
0.209654136071543
0.217246577707156
0.22250649698279
0.225527704363155
0.226970453018152
0.227774252347542
0.228681322682088
0.229926659270363
0.231145028952143
0.231196214633313
0.228000760008457
0.219122449630757
0.203194938485573
0.180946887380005
0.154867611664492
0.128103137040558
0.103554609476745
0.0833311142546656
0.0683331181046363
0.0580341413254703
0.0506861291567326
0.0439504782304508
0.0356744521469078
0.0244764102043405
0.00997514825423754
-0.0072782452210409
-0.0259996157147626
-0.0443838696425909
-0.0603312508942439
-0.0717567339554846
-0.0770122656180622
-0.0753521128541468
-0.0672972494214332
-0.0547461455252945
-0.0407247264093538
-0.0287581827451737
-0.0219867868943838
-0.0222970308080581
-0.0297918017911253
-0.0428001800664035
-0.0583871750207092
-0.0731313805731191
-0.0839100502394811
-0.0885289342947815
-0.0861298272320305
-0.077330967744798
-0.0640531593759574
-0.0490407015010577
-0.0351971238275123
-0.0249286826315213
-0.0196594116319904
-0.0195948177952018
-0.0237572583460414
-0.0303093136397696
-0.0371443558697208
-0.0426000473641745
-0.0460110278063412
-0.0478150591885897
-0.0491364002744491
-0.0510762119439874
-0.0541140797123397
-0.0579267755214067
-0.0616383768244881
-0.0642606238055363
-0.0650474734315566
-0.0636562189125622
-0.0601903309729395
-0.0552231505142875
-0.0497799163703982
-0.0451632244011375
-0.0425798503565602
-0.0427069712967587
-0.0454352170536483
-0.0499311338384682
-0.0549519540935691
-0.0592099113563895
-0.0616306855203523
-0.0615048407569304
-0.0586138445503383
-0.0533357022227835
-0.0466076925626443
-0.0396366074268304
-0.0334440970643198
-0.0285262188549606
-0.0248599640304041
-0.0222068471500555
-0.0204105366802004
-0.0194171119893591
-0.019031953069518
-0.0186861274163452
-0.0174814587623521
-0.0145438361757379
-0.00946351665951002
-0.00253515725381456
0.0053479726261127
0.0130643240521489
0.019662710025595
0.0245643298408316
0.0275027162388814
0.0283269903241754
0.0268829026392721
0.0231160249938822
0.0173548988183341
0.0105401713898747
0.0041218776719079
-0.000419854531155709
-0.00206413855654871
-0.000277398494815471
0.00524061587426924
0.0141983415949626
0.0246981028376102
0.0332657835076465
0.0368279465064451
0.0345983148470247
0.0277849303989885
0.0180764202404154
0.0069109381647579
-0.00428076692561255
-0.0138731926400532
-0.0203813959551607
-0.023027275983391
-0.0220330366035106
-0.01840199260063
-0.0133176105343659
-0.00753383693739559
-0.00111620210799849
0.00636177567390478
0.0153724193040823
0.0260749396775318
0.038247762687215
0.0514482756144507
0.0651599648593524
0.0787416774778564
0.0912262280322822
0.101221481183848
0.107149023298972
0.107794593071417
0.102845411302234
0.0930263877943229
0.0797114017644774
0.0642760753902354
0.0476464127612504
0.0303253338892409
0.0127962123891771
-0.00407801575748448
-0.0190109479702913
-0.0306574220121902
-0.0381149050125419
-0.0411837160162964
-0.0402013302270007
-0.0356108423887882
-0.0276483550283672
-0.0164469566476449
-0.00250385856898926
0.0128874168038487
0.0276810667467933
0.0397079729876458
0.0475334782833118
0.0509797250082129
0.05099274527651
0.0490326657600537
0.0464857587617761
0.0444728618356728
0.0440019523376583
0.0460856893720616
0.0515019941188762
0.060246076578788
0.0710718364925536
0.0815496202842407
0.0887481824957338
0.0902319122259342
0.0848669064386681
0.0730795872478482
0.0565631822109666
0.0377079392113297
0.0190703363725975
0.00303079056166834
-0.00841405087942781
-0.0138650002622822
-0.0128046842097664
-0.00585342761200537
0.00521298008408574
0.0178365302306315
0.0293762859493509
0.0378371506940161
0.0422767559266217
0.042731974619691
0.0398135887735603
0.0342959159718922
0.0269379676726995
0.0185126210020802
0.00983876392193962
0.00166457523991599
-0.00554703731477272
-0.0117484113480924
-0.0172313464977824
-0.022397813810992
-0.0275472781433426
-0.0328223264961983
-0.0383165211937257
-0.0442121914272406
-0.0507860030702222
-0.0582252780253881
-0.0663627253233598
-0.0745335134810773
-0.081707235783864
-0.086879226450048
-0.0895353882878369
-0.0899456913609987
-0.0891264215043085
-0.088474643863976
-0.0892188196685619
-0.0918914233743419
-0.0960194748792468
-0.100167516762237
-0.102357096931801
-0.100739316107036
-0.0942689649420345
-0.083101764459752
-0.068553448156816
-0.0526739992382857
-0.0376717675877187
-0.025439317090635
-0.0172750745257242
-0.0137152743479205
-0.0143772895509145
-0.0178818476194745
-0.0220606666312141
-0.0245573820409682
-0.0236355798785057
-0.0187929785836852
-0.0108599382215677
-0.00156427231864805
0.00718468002977599
0.0139750410188558
0.0183204399377569
0.0207578904781893
0.0226268277349952
0.0256027050615122
0.0311203404544505
0.0398684910318118
0.0515285637156866
0.0648492294178573
0.0780196267427889
0.0891853843406538
0.0969093257493216
0.100442357401472
0.0997982255848881
0.0957204360561408
0.0896126314484772
0.0833967365682804
0.079184280548488
0.0787064361993149
0.0826369890345151
0.0901187475926908
0.0988090916715707
0.105549636643648
0.107447953772512
0.102926793092424
0.0922931031651588
0.0776081231129565
0.0619617276145783
0.0484855606329223
0.0394758077963422
0.0358674841829497
0.0371237173454547
0.0414775828126305
0.0464151404736186
0.0492812453449904
0.0478912042594367
0.041041044109058
0.0288324625143374
0.012746250678368
-0.00460451390465947
-0.0200892785615961
-0.0309715478214674
-0.0358403861289199
-0.0351494723959884
-0.0310610718717671
-0.0266389298694466
-0.0247838901310129
-0.0273994583392697
-0.0350628771507794
-0.0471501030015177
-0.0621622668761851
-0.0780319914330084
-0.0923782813790505
-0.102853947778979
-0.107722503903424
-0.106573593812934
-0.100800813053977
-0.0933991689787413
-0.0879383192089667
-0.0870784011650109
-0.0913566360169965
-0.0988999643793917
-0.106224843970985
-0.109678794802462
-0.106758585461223
-0.0967195222380334
-0.0804213823870864
-0.0598191124917245
-0.0375449429014784
-0.0166704515074974
-0.00037346943112915
0.00875254829497435
0.00961664062585526
0.00325076962053828
-0.00738740926914813
-0.0184828874859945
-0.0267730828379804
-0.030536135450367
-0.0297025194949935
-0.0252290450857695
-0.0182815662876167
-0.00972395211310145
-5.06471183923782e-05
0.0104122559093606
0.0212677729295266
0.0318832643966786
0.0413245373412547
0.0484292069955141
0.0520791729943008
0.0516407297210141
0.0473770563473149
0.0405705971874931
0.0332308470211678
0.0275130951107238
0.0251258894419754
0.0269544686580368
0.0329670097160668
0.0423538974851087
0.0538195356119525
0.0659387928741587
0.077470835086865
0.0875337914426537
0.0956181159211882
0.101506614192968
0.105191855651432
0.106818345750724
0.106599581351362
0.104658565052577
0.100829876907873
0.0945639176810243
0.0850829313589142
0.071807423461242
0.0548635219330881
0.0353480133397805
0.0151084524407205
-0.00391343731029455
-0.0204196129325706
-0.0341433727757064
-0.0456889724473063
-0.0559901427224776
-0.0657677241118678
-0.0752852557522528
-0.0844262165594459
-0.092884321567139
-0.100241781804776
-0.105894052894719
-0.10898666174363
-0.108569480858537
-0.103998349541087
-0.0953650875852007
-0.0836374861323006
-0.0703543376661666
-0.0570356027977551
-0.0446757695968553
-0.0336117599806191
-0.0237686053579924
-0.0150394042649013
-0.00753694337487768
-0.0016230038715314
0.00220715419436715
0.00346488637640585
0.00177920059538824
-0.00300353578827498
-0.0107092219302672
-0.0207445715406224
-0.032101044318257
-0.0435207817447796
-0.0538145797108108
-0.062217735532092
-0.0686116351619074
-0.073487264309975
-0.0776655273012256
-0.0819211903435931
-0.086686967549179
-0.0919389821426833
-0.0972666053068781
-0.102077407169724
-0.105870761836568
-0.108484857394548
-0.110189486127527
-0.111533417040858
-0.112997877313444
-0.114670374625274
-0.116178355365048
-0.116946092014336
-0.116586233637134
-0.11512725942101
-0.112915028661728
-0.110297897156679
-0.107376107202769
-0.104019061614848
-0.100099491580528
-0.0956937241455314
-0.0910399709524389
-0.0862961543430451
-0.0813578721683483
-0.0759670777213107
-0.0700766157199271
-0.064174464544122
-0.0592581955279384
-0.0564085579010649
-0.05622197823437
-0.0584585202588665
-0.0620729447855228
-0.0655121403978128
-0.0670473372067573
-0.0650361245989602
-0.0581901965182554
-0.045931417452942
-0.0287419171078947
-0.00826810623812874
0.0129874455430521
0.0323040343310231
0.0474257435436089
0.0570075513922544
0.0607163086934707
0.0590651910167177
0.0531432971399956
0.0443728597912022
0.0343425374072766
0.0246868098365623
0.0169470596073818
0.0123718501801873
0.0116734717191748
0.0148138270428911
0.0209127686429894
0.0283543224521745
0.0351215434944285
0.0393152172998314
0.0397078744555644
0.0361084420648747
0.0293538197783398
0.0209239944971459
0.0123880832558192
0.00496649997669442
-0.000623428414727222
-0.00408032889502784
-0.0053607926396504
-0.00458913164271807
-0.00204564469980812
0.00185623179842883
0.006694962831118
0.0122706409837457
0.0188229131868738
0.0270571892074897
0.0378704123687454
0.0518676481743525
0.0689464510689547
0.0882122030335018
0.108248391889194
0.127507745115764
0.14455962284904
0.158144858827872
0.167216893109633
0.171152015860511
0.170096250391803
0.165204082570645
0.158523231349363
0.152492070829161
0.149256064384251
0.150088503883462
0.155094707042192
0.163218226918176
0.1724830217294
0.180405648896927
0.184517662293461
0.182903124547608
0.174614417558196
0.159843740619021
0.139814610960296
0.116470873706976
0.0921056724939637
0.0690439830143883
0.0493977892200536
0.0348423640994135
0.0263854262649128
0.0241887423695649
0.027545348543607
0.0350495064206591
0.0448876465906409
0.055152165872502
0.0641529502748845
0.0707475575587461
0.07463176915874
0.0764135485234993
0.0773183888341047
0.0785895074744798
0.0808817354356412
0.0839876554829515
0.0870361417605718
0.0890242658852043
0.0893789475811527
0.0882708956175769
0.0865616057478301
0.0854473238373615
0.0859904862412782
0.0887596316232085
0.093727022396065
0.100427634523101
0.108232561971856
0.11652697754662
0.12466795561389
0.131790769906483
0.136690529073299
0.137987146769679
0.134578938042114
0.126155628861459
0.113459693888142
0.0981169119445024
0.0821026890707639
0.0671042466971002
0.054071235570464
0.0431194384382091
0.0337522126126376
0.0252106756892297
0.0167390742842634
0.0076551953351209
-0.00273064615128542
-0.0151951764195177
-0.0305186788285932
-0.0491722932262985
-0.0708646638264884
-0.0941651249398867
-0.116437702529461
-0.134208546044927
-0.143920401872439
-0.142891756927901
-0.130224252337657
-0.107370879136053
-0.0781025248497764
-0.0477516718597865
-0.0218802623067185
-0.00479484139622891
0.00156400884704929
-0.00202337632914609
-0.0125358130885918
-0.0258102945729764
-0.0378571548305954
-0.0459429888552095
-0.0491070283386132
-0.048034484923843
-0.0444933323214286
-0.0406717808002528
-0.0386598615382241
-0.0401164363775097
-0.0460405890790272
-0.0566002011423175
-0.0710768324487942
-0.0880264657690709
-0.105666528830561
-0.122341638225222
-0.136832031166855
-0.148351843418806
-0.156300963416612
-0.160015328708071
-0.158751926309825
-0.151953875611208
-0.139628539969469
-0.122596316178687
-0.102453287804483
-0.0812421084990121
-0.0609440009076201
-0.0429650630523011
-0.0278108259094894
-0.0151153540202487
-0.00406917744214452
0.00592547980215792
0.0147295500999523
0.0214055190079717
0.024673805179367
0.0235955042600934
0.0180524490173696
0.00877241070619091
-0.00301990955269497
-0.0160239542624179
-0.0290915623820308
-0.0412243421018071
-0.0515125994863822
-0.0592079984721756
-0.0639463824878718
-0.0659397932580587
-0.0659399823636415
-0.0649712924236814
-0.0640485830201166
-0.0641018883432906
-0.0660942558024892
-0.0710752168741257
-0.0799294086123356
-0.0928705279930386
-0.109014677986991
-0.126363085018302
-0.142248102191872
-0.154019298293575
-0.159681879020641
-0.158310455840921
-0.150180753078937
-0.136617955552972
-0.11961105078815
-0.101330030157465
-0.0837392523229447
-0.0684318111312732
-0.0566394025971215
-0.0492487299850352
-0.0467024242513999
-0.0488354339106756
-0.0548193534692636
-0.0633311164778093
-0.0728874721343408
-0.0821689230402789
-0.0901994409626704
-0.0963825422735251
-0.100475675330399
-0.102557096782636
-0.10297261416632
-0.102231112968916
-0.100854060932774
-0.0992250524784066
-0.0975010954846996
-0.0956397738557176
-0.0935586503930018
-0.0913628558812405
-0.0894909520490752
-0.088629462656277
-0.0893845760119638
-0.0918953479194206
-0.0956579193429081
-0.0997082444696946
-0.103065114581615
-0.105161432242793
-0.106019840244406
-0.106117070681204
-0.106072848341744
-0.10636378373038
-0.107187305598513
-0.10847314065021
-0.109965742940828
-0.111319918157772
-0.112211603770191
-0.112481525609709
-0.112276522564858
-0.11209387246357
-0.112645269249727
-0.114546843539457
-0.11794543066389
-0.122241105538412
-0.126042362634972
-0.127413357004385
-0.124367117313991
-0.115447289200304
-0.100168068501115
-0.0791134704184452
-0.0536586104948488
-0.025483865251883
0.00385109947777788
0.0331098169182724
0.0614037173090625
0.0881999429919803
0.11339073665877
0.137328237142688
0.160666663578413
0.183989875435527
0.20740812899999
0.230374761422616
0.251827435125911
0.27053206459519
0.285401590384302
0.295650462423973
0.300821845593074
0.300821251577929
0.29603702221646
0.287492417356808
0.276878686908454
0.266337360805213
0.257980504873744
0.25328802896128
0.25261682534882
0.255041374832262
0.258620487550133
0.261009983595959
0.26020126523421
0.255123714401195
0.245916569107113
0.233813216843844
0.220718888813719
0.208644829090361
0.199174446565114
0.193099716675827
0.190298742500997
0.189839562564685
0.190220895957238
0.189646564186291
0.186290528092393
0.178580416217189
0.16551990463209
0.14697575914082
0.123776472811671
0.0975188194725679
0.0701480433048956
0.0435258068306792
0.0191850164238974
-0.00170509675433547
-0.018317617721245
-0.0302533045737501
-0.037723289298215
-0.0416329397419749
-0.0433632917111611
-0.0442524007599561
-0.0450308493959887
-0.0455422685026021
-0.0449091180281195
-0.0420298367705645
-0.0361356342517641
-0.0271812007564654
-0.0159875010202701
-0.00414057461621051
0.00635091377904614
0.0136173935148584
0.0165666597366057
0.0153155677670403
0.0111510164858427
0.00599717666071724
0.00166246512395963
-0.00075717532534233
-0.00110532229950201
-6.53885975410551e-05
0.00109467159782587
0.000809623095281234
-0.00248776322921128
-0.0100526521300767
-0.0225156680489484
-0.039629994895451
-0.0601530717503524
-0.0819369147663857
-0.10226647040854
-0.118398706076549
-0.12815336134294
-0.130372261565891
-0.12513410869126
-0.113719557188493
-0.0983698242841862
-0.081865027675963
-0.0669603425499638
-0.055814250502322
-0.0496284454658163
-0.0486435204957616
-0.0524057085773296
-0.0600447170202341
-0.0703687725600153
-0.0818342133973821
-0.0926288211507909
-0.101028518892833
-0.105905887191997
-0.107043008773675
-0.104958946736224
-0.100300553006528
-0.0932075161684095
-0.0831340703620855
-0.069295221811716
-0.0514400120205998
-0.0304155611532471
-0.00815810996267402
0.0128348579231713
0.0301810314924782
0.0420709999325205
0.0474010740110154
0.0457517355601011
0.0374548556226647
0.0238123739676955
0.00725358709352089
-0.0088901302914814
-0.0211085053531605
-0.0266674657328285
-0.0243083579367494
-0.0143562976733723
0.00169842412339648
0.0217871654169307
0.0436967235635624
0.0653000067778176
0.0847424011857616
0.100701078634182
0.11262967841662
0.120777776409628
0.125877348085829
0.128626951461899
0.129262026940787
0.127446092171517
0.12250815600625
0.113848231827686
0.101262731069684
0.0850265129973807
0.0657397353443391
0.0440954989560778
0.0207523229464357
-0.00361795484274364
-0.0281935230999656
-0.0519014028244918
-0.0733849463124034
-0.0910957871589948
-0.103703000749852
-0.110770923285983
-0.113104332084066
-0.112274869115857
-0.109731015474363
-0.106307933583966
-0.102375992034169
-0.0981880102526739
-0.093952174424832
-0.089597469619909
-0.0845833994800041
-0.0781031045283183
-0.0696599118619834
-0.0595875051178005
-0.0490235325334669
-0.0392478170458416
-0.0308394024140819
-0.0232935457809225
-0.0153767947532422
-0.00591219385502987
0.00559320440572029
0.0188347602134662
0.0330066480513903
0.047146302120641
0.0602670103931459
0.0712980430781116
0.0790391288948347
0.0823156085761959
0.0803567858376481
0.0732486108004122
0.0622354455436771
0.0496889616182978
0.0386837198069532
0.0322604869416629
0.032582888933627
0.0402699647231687
0.0541655872506249
0.0716503700743993
0.089366673938165
0.104053021262144
0.11318602583507
0.115290765002669
0.109973110277795
0.0978157929805029
0.0802284705548539
0.0592273435329582
0.0370615817962853
0.0156697022737176
-0.00389950390098035
-0.021847780084298
-0.0395374721744171
-0.0588977173982645
-0.0815244494239888
-0.107854158266573
-0.136790595863071
-0.165961577792879
-0.192481213455719
-0.213860483248687
-0.228675708013528
-0.236773438108364
-0.239040014540268
-0.23693785149064
-0.232027661993787
-0.22559798633339
-0.218420996449675
-0.210626044576202
-0.201721397767985
-0.190826423614849
-0.177129682666183
-0.160457165510731
-0.141702175621185
-0.122856409651969
-0.106545021525001
-0.09522316173866
-0.0903708881133095
-0.0920138742311153
-0.0987202076356453
-0.107999133286025
-0.116882973838987
-0.122470850189732
-0.122324009349153
-0.114734260904695
-0.0989487105330041
-0.0753972587258671
-0.0458694927027707
-0.0134900747510221
0.0176785575826235
0.0434606993521268
0.0606378210322243
0.0678656039050352
0.066019631472197
0.0578013633003296
0.0468207581587369
0.0366297013329365
0.0301027247700842
0.0291849687692893
0.0347084415395733
0.0461466968507285
0.0617050025189453
0.0791079153663599
0.0965072210577207
0.112555473844495
0.125864353729606
0.134952232198259
0.138840583729974
0.137403948455938
0.131070950836671
0.120385810393814
0.105917495269695
0.088441133749405
0.0690533504207043
0.0490349031368868
0.02952655038012
0.0112165570262981
-0.00577852895383001
-0.0217747187442677
-0.0372051676412579
-0.0522992799605822
-0.0668934487269725
-0.0803900341612527
-0.0917915463216719
-0.0997589205021933
-0.102735911730716
-0.0992332515223458
-0.0883048490952326
-0.0701006498585013
-0.0462446178604205
-0.019769698381288
0.00550127969071122
0.025963856936228
0.0392324783747428
0.0447166486753874
0.0435768846116475
0.0381724054006138
0.0312971281444784
0.0254742989087868
0.0224331076416466
0.0227816571286136
0.0258952421592877
0.0300953605279894
0.0331798545659127
0.0332221548362955
0.0293696013372069
0.0222979452397083
0.0141119147167689
0.00774294917670885
0.00610391495572636
0.0112980861603651
0.0240813757973827
0.0436627167970584
0.0678657527852387
0.0936312980219257
0.117753197493524
0.137625312870977
0.151732941614744
0.15972627084604
0.162123192185392
0.159860113821137
0.153926909990944
0.145201026231679
0.134452835253761
0.122426964002713
0.109910756983677
0.0977215420703176
0.0865588983384636
0.0767205991911893
0.0677965534477012
0.0585629169549093
0.0472747148863056
0.0323543772966552
0.0132033781707086
-0.00928164385910005
-0.0328005460472109
-0.0543498984159075
-0.0712158111909405
-0.0818268806634851
-0.0861663678605932
-0.0856844396135655
-0.0828217692232822
-0.0802952231914023
-0.0802801517325303
-0.0836403298217668
-0.0894111616763074
-0.0947693277718517
-0.0956485403057476
-0.0879532604288877
-0.0690309777109386
-0.0388405050610335
-0.000278794986647025
0.0415377742647462
0.0807540783036121
0.112384549483124
0.133416903197177
0.143107310262554
0.142575720187236
0.134050930127584
0.12010283005995
0.103044800301035
0.0845541521955701
0.0655133757548302
0.0460802058443298
0.0259804436229992
0.00495715211879218
-0.0167694062872087
-0.0382183901210543
-0.0576825779281016
-0.073087314328054
-0.0825335461719394
-0.084820049010107
-0.079789501493693
-0.0684419341936292
-0.0528229882190299
-0.0357054829729748
-0.0200897859030147
-0.00859639536661385
-0.00289890304088388
-0.00338394058959293
-0.00917144911889288
-0.0184881913807658
-0.0292311292511514
-0.0394803727616693
-0.0477797058144088
-0.0531667149042902
-0.0550951006356224
-0.0534314030171088
-0.0485968745577809
-0.0417504677866443
-0.034805300610549
-0.0301165356677277
-0.0298521987043268
-0.0352631239726753
-0.0461777108981839
-0.0609698012890042
-0.0770061101115253
-0.0913321829230146
-0.101288506894317
-0.104899592902236
-0.101086897639322
-0.0898148959493879
-0.0721549614766984
-0.0501238631693729
-0.0262163736108527
-0.00278329952120574
0.0184247845088969
0.0363194229131395
0.0502120077958834
0.059543598252175
0.0638988588159198
0.0633269670824741
0.0587136566705896
0.0518868444909499
0.045317416153413
0.0415264967495205
0.0424456567731014
0.0489490316880341
0.0606665132557446
0.0760904472767832
0.09293439292766
0.108662737214027
0.121056812845715
0.128640473053404
0.130820298083273
0.127732159297444
0.119955025491847
0.108318766898042
0.0939236282682144
0.0782844047493325
0.0633815348524091
0.0514485061637028
0.0444988702853302
0.0437522030357775
0.0491594854255034
0.05917706108623
0.0708767164290196
0.0804392453569668
0.084009793494417
0.0787456133436289
0.0637124710424394
0.0402310974942781
0.0114496517185891
-0.0187305509983245
-0.0469217688037816
-0.0711568234051224
-0.0910812345052459
-0.107453455990059
-0.121309012516308
-0.133233825289802
-0.143013284010777
-0.149655838243554
-0.151660445157311
-0.147459045549274
-0.136047460203508
-0.117728903678857
-0.0946629266591726
-0.0707918408281067
-0.0509246125506958
-0.0392271955227569
-0.0377691977779354
-0.0458005967787235
-0.060053921016619
-0.0758527598314392
-0.0884838173271576
-0.0943023980738717
-0.0912918813160251
-0.0790751397501966
-0.0585364284356547
-0.031255851246133
0.00104026504815956
0.0368190767245728
0.074743504289247
0.113377059769936
0.150840187784978
0.184762218943157
0.212732551940028
0.233123877601841
0.245854434989747
0.252610046148682
0.256322140411242
0.260115173360519
0.266203773443709
0.275168491316655
0.28576083411743
0.295138684844648
0.299388755054982
0.294296942742995
0.276372819082713
0.2439901926296
0.198264880571012
0.143197943991858
0.0848385486108722
0.029687632721657
-0.0170190466680787
-0.052427728155552
-0.0761823283338242
-0.0896642872508885
-0.0948929533251987
-0.0936782783493259
-0.0873147171242689
-0.0766888670160916
-0.062463090046211
-0.045131307199563
-0.0250514040379667
-0.00270732291796717
0.020742776193613
0.0429584903822871
0.0604604059417214
0.0694716728221986
0.0672431164285616
0.0531456799763574
0.0289305902735336
-0.00189369914914209
-0.0350985527793605
-0.0666321434207075
-0.0931550972161094
-0.112352534976587
-0.123196583273567
-0.126090310729278
-0.122656229142493
-0.115090368172281
-0.105347047192178
-0.0945829802615526
-0.0830938382277466
-0.070622900817055
-0.0567507388273203
-0.0411917142435831
-0.0240178037580158
-0.00585873484202566
0.0120062629950602
0.0278297361296759
0.0398902635623105
0.0471032898469704
0.0494339592539393
0.047914253872548
0.0443063210254992
0.0406015249010189
0.0385066600004167
0.0389555652263502
0.041671238386021
0.0449214224408198
0.0457026113036735
0.0404831941286406
0.0263500731611658
0.00213508638024372
-0.0309519511192088
-0.0694579997879323
-0.108551953471193
-0.143322495355679
-0.170084784238231
-0.187279404811867
-0.195665473863164
-0.197726289322634
-0.196484397819095
-0.194168560291589
-0.191265035049889
-0.186352098064691
-0.176799404865735
-0.160041496643931
-0.134870527659069
-0.102171673903445
-0.0647791197352257
-0.0265453841996862
0.00892631108476967
0.0393211718396663
0.0640134875482557
0.083727557965146
0.0996621735171932
0.112482422528787
0.121640381790839
0.125375984533857
0.121464562487161
0.108403363590348
0.086463099528321
0.0580611172794829
0.0272522728857072
-0.00141731905800149
-0.0241572171937713
-0.0387592345962353
-0.0447547552733225
-0.0429937445511668
-0.0349523720236011
-0.0220917763315274
-0.00546724025698917
0.0143543966008519
0.0370945177834409
0.0623421934218588
0.0890296844067321
0.11501910014286
0.137086554513217
0.151501518297834
0.155107556129556
0.146469204555927
0.126516575139924
0.0983315417537942
0.0661597623839668
0.0341173768920969
0.00515635502742916
-0.0193659070294002
-0.039521379715129
-0.0563170420297804
-0.0711755923031091
-0.0855587398382535
-0.100734495708514
-0.117611595891781
-0.136585954112749
-0.157402095906511
-0.179073569096977
-0.199925522281178
-0.217820297439347
-0.230573371116307
-0.236452508157017
-0.234552250470958
-0.224864596267306
-0.208048064541596
-0.185096381468871
-0.157139050520802
-0.125426920193848
-0.0913434278942132
-0.0562725380928567
-0.0213807311763374
0.0124126031984001
0.0440812285894894
0.0719367886415962
0.0933912369682389
0.105481194012322
0.106082101183381
0.0951575842302277
0.0752153120697425
0.0505578757941645
0.0256669967994208
0.00362457855932211
-0.0145500414128663
-0.0293731977478456
-0.0416665734936666
-0.0514896277770418
-0.0578699320629479
-0.0593581620324325
-0.0549253910874856
-0.0446305513750269
-0.0297626339530931
-0.0125101075859332
0.00461120798897457
0.019355537130026
0.030246529909129
0.0369229398244411
0.0402866401452724
0.0423880683937635
0.0459887062109215
0.0538305381082143
0.067803041121205
0.0883065875054944
0.114048139381682
0.142301826089966
0.169488778486491
0.191898357204963
0.206438198594579
0.21132545918032
0.206571047655558
0.194067720031556
0.17718782376932
0.159995346898739
0.146328133870389
0.139010360247326
0.139353385588962
0.146993633251152
0.160050092151779
0.1755574752552
0.190122079081991
0.200722748521
0.205507881897866
0.204345035531761
0.19885964963578
0.191840481904612
0.186157679275487
0.183582057063558
0.183964386320899
0.185103039079741
0.183374460009777
0.174919879826296
0.156953896084469
0.128678174984905
0.0914316270717424
0.0480657859314052
0.00192004904119074
-0.044052284685204
-0.0876063064976125
-0.126959005144895
-0.160333561086873
-0.185780370502209
-0.201544980286506
-0.206839380380058
-0.202561557525509
-0.191519695825313
-0.178004663142681
-0.166865608953473
-0.162377719543296
-0.167165683659255
-0.181407149753285
-0.202551362857075
-0.225757299620394
-0.24506760523625
-0.255016488656466
-0.252107801911955
-0.235602362630057
-0.20737635626338
-0.171070693704712
-0.131026156243728
-0.0914118508388975
-0.0556508924454887
-0.0260491698328516
-0.00358784389024479
0.0120148445506047
0.0218733761586487
0.027229956481386
0.0287695411671028
0.0262850964734215
0.0188690464533164
0.00555568857399373
-0.0138874790410236
-0.0384117304819379
-0.0656593053213415
-0.0924588078614209
-0.115588783488406
-0.132482464294105
-0.14166652574996
-0.142891802347425
-0.137000301396509
-0.125591248128579
-0.11056987384849
-0.0936973499316044
-0.0762666034852296
-0.0589928675731018
-0.0421540979280596
-0.0259514669272476
-0.0109672351823213
0.00150497234009471
0.00951531885546058
0.0110362982439139
0.00492639258284914
-0.00816622907150853
-0.0255207055535879
-0.0429991802623332
-0.0564345771473024
-0.0630786164763966
-0.0623878342300514
-0.0558396514008772
-0.0460344138607019
-0.0356497836142851
-0.0267202974228814
-0.0203958489535756
-0.0170689546996189
-0.0166728623770226
-0.0189719416853407
-0.023704626186204
-0.030508300663268
-0.0386919827827103
-0.0470667242096864
-0.0540599956661559
-0.0581666940290538
-0.058528879349709
-0.0552860936090988
-0.0494309161937196
-0.0422038965729797
-0.0343802897761201
-0.02591621884711
-0.0162261505295132
-0.00495587650804644
0.00723707745619976
0.0184234013098009
0.0258763163789338
0.0270522051914096
0.020590437602539
0.00690920973083003
-0.0117617383797287
-0.0318426906296056
-0.0492194394809116
-0.0602762128922502
-0.0629400285194494
-0.0573830227390664
-0.0459948505185459
-0.0324972066660404
-0.0205422051122085
-0.0124716544050922
-0.00882296878278106
-0.00870296481482016
-0.0106693718649509
-0.0135922843865169
-0.0171462141064857
-0.0218726371361593
-0.0289122747954632
-0.0395041941015741
-0.0543350769986724
-0.0729182628456242
-0.0933202232000216
-0.112529871329877
-0.127470455876247
-0.136228188815646
-0.138839571924515
-0.137165040559712
-0.133886090723208
-0.131149679660457
-0.129538742235706
-0.127830001656867
-0.123603454111228
-0.114413964323677
-0.0990338753288442
-0.0782494540487479
-0.0548537066159143
-0.0328036886733072
-0.0158817492798908
-0.00642041917371362
-0.00458889262476004
-0.00844414670985283
-0.0146100434564628
-0.0192444043410823
-0.018950717007966
-0.0114301090994205
0.00416527534432108
0.0271270164304329
0.0553026027259053
0.0854621674576729
0.113961229132003
0.137625495836576
0.154617358339962
0.164964854860359
0.170521654392364
0.174337393631869
0.179639647135507
0.188767951861179
0.202414430575309
0.219415513062378
0.237142047767276
0.252322695625478
0.261995474435648
0.264274287290058
0.258732901483163
0.246375360474675
0.229293877487777
0.210168335487755
0.191742190380496
0.176354053891907
0.165557607532638
0.159858050454777
0.158624099374246
0.160248562160069
0.162577353580513
0.163515632980676
0.161617299431684
0.156435988946837
0.148483094507228
0.138782761580153
0.128190136115331
0.116774217870195
0.103581023337876
0.0869541479855097
0.0653406016776748
0.038241633362619
0.00680320988185358
-0.0263618808951197
-0.0580662354391499
-0.0855124269201222
-0.106633113082234
-0.119867142922768
-0.124081779575203
-0.118950274214597
-0.105365988984942
-0.0855315507505148
-0.0627583413687885
-0.0409782609689772
-0.0238917142688843
-0.013971662412257
-0.0117893155889055
-0.0159307628894201
-0.0233868283404325
-0.0301606711953812
-0.0320210421553998
-0.0255149640306437
-0.00921951530377859
0.0152008714466913
0.0428483548777061
0.0668246857109021
0.0805625046579875
0.0802435493189707
0.0661543841662101
0.0424035735513355
0.0152813711147016
-0.00888885202464155
-0.0255369732203601
-0.0327697531025451
-0.0313698390703328
-0.0240974236853918
-0.0146258415013352
-0.00643082555762548
-0.00190066552384863
-0.0018668548664907
-0.00565256870842797
-0.011583739373724
-0.0177416366665722
-0.022642949336077
-0.0255885619330016
-0.0266182111487578
-0.0262293801433564
-0.0251058222383651
-0.0239871276662275
-0.0236050938212238
-0.0245154114639135
-0.0267643546813699
-0.0295514066917687
-0.0311741227094043
-0.0294378873879341
-0.0224312463003881
-0.00930798046480661
0.00931883068241461
0.0315397197193283
0.0547187733246041
0.0761460673912011
0.0935136551831559
0.105146160658571
0.110050761043422
0.107868946769358
0.0987826347793702
0.0834102852178864
0.0627104611424757
0.0378766233252891
0.0102013019376082
-0.0190567585349314
-0.0487097630709171
-0.0775244977941924
-0.104033331404446
-0.126479427764028
-0.143077260513488
-0.152569994973085
-0.154826122800336
-0.151129690619658
-0.143967305005857
-0.136397017002731
-0.131288452730119
-0.130718556787388
-0.135649396576724
-0.14586876273126
-0.160138919404117
-0.176525425558515
-0.192859976945629
-0.207201460030078
-0.218084539803285
-0.224399877109902
-0.224965763246069
-0.218122314633271
-0.2018022380692
-0.174335610926789
-0.135761743337937
-0.088942012124686
-0.039675728738145
0.00452850482208639
0.0366328351745983
0.0522692012857318
0.051022118917148
0.036323193081393
0.0140830530927187
-0.00933815450370197
-0.0289715696210572
-0.042193249048983
-0.0487362894676886
-0.0502670225748558
-0.0497869868886457
-0.0506268287015094
-0.0551076597331661
-0.0635870541192716
-0.0744583458978801
-0.084968482803476
-0.0923353264646825
-0.0946943327776669
-0.0915818803577674
-0.0838719618283165
-0.0733122686222785
-0.0619381280770451
-0.0515872865833747
-0.0435815047147061
-0.0385542596724215
-0.0364333139280701
-0.0366107964919955
-0.0382441747923499
-0.0404999293837691
-0.0425580251344459
-0.0434013731516884
-0.0416528979506976
-0.0357495942513308
-0.0244969301145638
-0.00772781373888247
0.0133316116352291
0.0362236217232074
0.0578870783330204
0.0754917146227532
0.0872083845873375
0.0927379744333473
0.0934842962917382
0.0922673526904183
0.092528949148876
0.0971571030154378
0.10729116510465
0.12161210577481
0.136538862191395
0.147413988981854
0.150284373422824
0.143514453160952
0.12847476826997
0.108988116158649
0.0898339984028301
0.0750174249367416
0.0664958776660506
0.0637426620242265
0.0641655441594107
0.064156409069196
0.0604208233352378
0.0511788049036178
0.036844284694979
0.019921565258928
0.00410917262548238
-0.00709144771122692
-0.0117282323106223
-0.0101439101024646
-0.00477827007874349
0.000888333105929933
0.00376534312440604
0.00232016495931183
-0.002963768420625
-0.00988939300404706
-0.0153178408975086
-0.0160337314785451
-0.00948470032533062
0.00562244731732278
0.0288348289775158
0.0576612175736788
0.0876882191474262
0.11327063765017
0.1287169330462
0.129624871580881
0.113940971413945
0.0824602350055854
0.0387092356426902
-0.0116887829242405
-0.0620095169395451
-0.105599349915549
-0.137013241509945
-0.152920347826709
-0.152641510522641
-0.138248069473507
-0.114180840123293
-0.086376547629838
-0.0609803419504528
-0.0428826992116198
-0.0344744242370397
-0.0350607016167667
-0.0412327493708145
-0.0481567334835434
-0.0513263326536383
-0.0480749289341972
-0.0382550383201447
-0.0239297786231822
-0.00839414995981066
0.00495419380135146
0.0135058821783885
0.0159712563204843
0.0126037879690981
0.00517443859821476
-0.00331221392554727
-0.00919261205579323
-0.00897199377413034
-0.000239737118690862
0.0175981956114682
0.0430425966037537
0.0728192656836212
0.102708163987322
0.12860335626911
0.14746472684673
0.157916980938404
0.160410588659428
0.156972674948596
0.150608675024106
0.144427763449496
0.140637998583892
0.139694168007824
0.13997166703461
0.138238023301403
0.130870195807467
0.115382701046879
0.0916369988673147
0.062224898921601
0.0318694116342951
0.00605856683910135
-0.0106338629014652
-0.0160149570670527
-0.0110640171287889
0.000233617850026677
0.0120027125622588
0.0181985510134818
0.0143402243234296
-0.00134222180965003
-0.0276794032114129
-0.0611710522123053
-0.0970154344429706
-0.13008494159948
-0.155609707950225
-0.169664746083506
-0.169697183899715
-0.155149790614259
-0.12791563912956
-0.0922319289486235
-0.0538412989811667
-0.0186363441241424
0.00874929893386562
0.0259647008927174
0.0333375872533678
0.0336061670634103
0.031097370025946
0.0305626876909041
0.0359546002732468
0.0494531750451569
0.0710008224732548
0.0984594861739874
0.128302930479244
0.156580110807162
0.179823969688821
0.195668306196919
0.203116586940272
0.202556367774801
0.195626920009846
0.184940096450422
0.173569298463613
0.164299078778472
0.158838772896629
0.157346941277864
0.158517228615065
0.160183113555377
0.160128958489575
0.156735980027069
0.149251013649526
0.137703734316595
0.122659687001747
0.105003034904354
0.0858175272235318
0.0662937169824407
0.0475743523218623
0.030583119763476
0.0160096076029472
0.00455294187363411
-0.00273330775105132
-0.00434818673454972
0.00125710439619608
0.0149188255221466
0.0360824922532428
0.0626284856193958
0.091304650088344
0.118527391694663
0.141180789205617
0.157139158739866
0.165427242343876
0.166083051539264
0.159855275456448
0.147866166823012
0.131334329564155
0.111407546451624
0.0891176359033004
0.0654311123643768
0.0413218848807771
0.0177585200045785
-0.00446642715964456
-0.0250117264857246
-0.0441711219834444
-0.0627462907577174
-0.0815638457875241
-0.100870998691091
-0.120007647908503
-0.137621463193425
-0.152316814741096
-0.16328917792128
-0.170486543079038
-0.174198201284351
-0.174428401264829
-0.170603600953933
-0.161931281041135
-0.148250663432977
-0.130846337814396
-0.112686332087372
-0.0978695759866509
-0.0904805207680662
-0.0933044514336086
-0.106869666300982
-0.129122437153814
-0.155821985697283
-0.181537237065738
-0.200961321524411
-0.210159974170609
-0.207386225267053
-0.193261263352272
-0.170385004540861
-0.142642179525269
-0.114468538214684
-0.0901636109902755
-0.0731800215811067
-0.0653676438595498
-0.0663744731085533
-0.0735674192684628
-0.082709231982457
-0.0892343870248848
-0.0895969857649266
-0.0821279002999515
-0.067170425369487
-0.0466794306940401
-0.0236391274313717
-0.00151221755854908
0.0162986112519785
0.0270603381535647
0.0293325611219087
0.0233810090468482
0.0111637111950175
-0.0041361577174664
-0.0188349185794545
-0.0294607654294077
-0.0332988085728821
-0.0287860631267931
-0.0158252580014935
0.00402549368399621
0.0276601027953027
0.0509734532983032
0.0697960417140438
0.0809423511216812
0.0830254039097666
0.0767802616659679
0.0648146599140643
0.0508753439474854
0.0388377158870657
0.0316843499106309
0.0307368133847078
0.0353477349780655
0.0431534772142093
0.0508471978854538
0.0552780077723214
0.0545482582384657
0.0487294288662732
0.0399146290634182
0.0315732242702535
0.0274594152510003
0.0304890504975856
0.0419533794212024
0.0612458743234668
0.0860763595604591
0.113026738345428
0.138264308441813
0.15823585369748
0.17020557355965
0.172573550094555
0.16499539483214
0.148372205690341
0.124765368950539
0.0972302086442143
0.0695064625074818
0.0455036869706274
0.028599343129195
0.0209020166576491
0.0227435886948631
0.0326497762547714
0.0478533479652081
0.0651468956276583
0.0817068577303638
0.0955810056413616
0.10575970208284
0.111965163907857
0.114358434899528
0.113291921735642
0.109132215022095
0.102132341640728
0.0923525084279773
0.0796604649496087
0.0638391724185406
0.0447919411901883
0.0227920494761083
-0.00131283423629533
-0.0260583174466166
-0.0495856790502668
-0.0701337176112529
-0.086645183024965
-0.0992160933408893
-0.109141987785931
-0.118485259315802
-0.129309025177285
-0.142882114115034
-0.159185623656539
-0.176935548204394
-0.19412252697559
-0.20883405074903
-0.219959377843437
-0.227384646041063
-0.231523952156578
-0.232423258066408
-0.228983389551542
-0.218836820321732
-0.199052459278602
-0.167369106949716
-0.123383406122219
-0.0691812773097895
-0.00919388959115491
0.0506379859421027
0.104128404067859
0.146207347939901
0.174017205283959
0.187393524886989
0.188508620049576
0.180752667980054
0.16729193368666
0.149956852671906
0.128986077438785
0.103700069811108
0.0736513445738899
0.0395357835183158
0.00332957520498833
-0.0323805704514391
-0.0654121938338576
-0.0947066301177277
-0.120336066758661
-0.142839733120607
-0.162328949605292
-0.177896989548209
-0.187632917129233
-0.189166951426649
-0.18043783778358
-0.160385166738491
-0.129412469932192
-0.0895472074276086
-0.0442044062164143
0.00250814383016141
0.0467989416917655
0.0860951562769478
0.119343486295203
0.146507329667755
0.167570332883718
0.181716489180114
0.187268763079324
0.182464201367705
0.166577080847564
0.14067814584177
0.107579161576399
0.0710373756868151
0.0347000831282211
0.00131920928630257
-0.0274842157045244
-0.0509488036357904
-0.0686538605825485
-0.0800735000216845
-0.0844501677028653
-0.081050460710983
-0.0696445241879615
-0.050921540441325
-0.026610842181516
0.000731818070189976
0.0281477152611522
0.0527468453219903
0.0721252138299609
0.0846778658975734
0.0897604847769528
0.0876525231420894
0.0793356574203292
0.0662068236214704
0.0498918279520703
0.0322281318149359
0.0152961443811993
0.00127280516419714
-0.00800944527352311
-0.0116550394691891
-0.0101130794675806
-0.00511332053448104
0.000894377580721219
0.00554524581749838
0.00726298440176911
0.00563410418066431
0.00142189197227364
-0.0036967262850619
-0.00758708864053495
-0.00824451382793756
-0.0044189917331852
0.00388962140357078
0.0152554110193455
0.0270791693624488
0.0362264690751746
0.0398595633667081
0.0361999268531282
0.0249879661260704
0.00751621727016132
-0.0137487337012895
-0.0358262974274236
-0.0559752893269756
-0.0723457534548108
-0.0843664434205471
-0.0927694064007357
-0.0992453067250947
-0.105823873688806
-0.114152085180953
-0.124878464378537
-0.137341261214891
-0.1496930983062
-0.159459341649245
-0.164340513244867
-0.16292241523014
-0.154976476698774
-0.141255990126451
-0.122993448781439
-0.101464377046121
-0.0778889683552336
-0.0536795129117833
-0.0307979507766868
-0.0118965970148505
-3.6323744249449e-06
0.0022527612955684
-0.00639480421913138
-0.0251541724165962
-0.0511010439989711
-0.0797891189145574
-0.106278317747831
-0.126193522027943
-0.13653310911878
-0.136140161141993
-0.125868554373978
-0.10847121843042
-0.0881743144784882
-0.0698846507101832
-0.0580777313124782
-0.0556111314545372
-0.0628766268541485
-0.0776764330100925
-0.0959237571131662
-0.112877924116726
-0.124399623578803
-0.127799678874367
-0.122145150358892
-0.108136088080485
-0.0877378333816839
-0.0637067657548911
-0.0391065011427772
-0.0169040879797221
0.000303829576982677
0.0104769542904427
0.0123270884374698
0.00555437575550836
-0.00897948749228735
-0.0292901823899545
-0.0525644927024297
-0.0756104647392326
-0.0953381860010268
-0.109218071623329
-0.115695786557265
-0.114478455974146
-0.106556961177146
-0.0939095818205013
-0.0789928301426502
-0.0642117024411924
-0.0515091032257571
-0.0421068582290347
-0.0363761178089348
-0.033829260486082
-0.0332554186366931
-0.0330208213217264
-0.0315081537073039
-0.0275894878995945
-0.0209658212625274
-0.0122271274171272
-0.00259796684202044
0.00653547210674022
0.0141448582802581
0.0199407439788863
0.0244565085045276
0.0287554608662195
0.033844270383269
0.0400773893255229
0.0469240003031473
0.0533017982318727
0.0583117193999908
0.0619002171421765
0.0649975927078906
0.0690390846688466
0.0751935073081521
0.0837920506627531
0.0942816982805047
0.105687261366801
0.117289585048444
0.129148310817394
0.142203997284356
0.157896474728121
0.177441800636289
0.201051179999178
0.227404156861663
0.253587589551592
0.275520544076236
0.288701913704626
0.289044778821976
0.273621574470363
0.241252190097303
0.192909619977887
0.131867274860828
0.0634535942853382
-0.00568035598056001
-0.0687146868689645
-0.119973462531652
-0.156020572554857
-0.176205245050652
-0.182502918857695
-0.178722990338091
-0.16933399331846
-0.158248048524787
-0.147912551797244
-0.138975894909423
-0.130611697011984
-0.121334568949054
-0.109934565065701
-0.0961285822504641
-0.0807025688840919
-0.0651828843812403
-0.0512650579532292
-0.040263252876785
-0.0327620307544754
-0.0285373448659806
-0.0267183002638089
-0.0260999634818474
-0.0254974261533388
-0.0240499542980346
-0.0214137556192117
-0.017798593814367
-0.01383059336283
-0.0103002246384917
-0.00794518192241838
-0.00740916966422517
-0.00935647830458216
-0.014531684513636
-0.0235411730426034
-0.0363608079823076
-0.051860557679992
-0.0677204957955137
-0.0809041850942109
-0.0885151645663718
-0.0886446698438035
-0.0808612756170743
-0.0662314386351619
-0.0470031502087662
-0.0261684508761334
-0.00702584868378492
0.00728023169049255
0.0143066396040686
0.0129112894527772
0.00373299444707295
-0.0106813887454236
-0.0262740288640573
-0.0384082453691243
-0.0431246259933842
-0.0382965790506765
-0.0241915537351136
-0.00315148793168857
0.0214468998252691
0.0463802319418228
0.0692999678323392
0.0887663294677518
0.103892156019378
0.11410407705454
0.119285198837071
0.120131464398135
0.118321452394372
0.116222757359983
0.116187902587536
0.119768478676273
0.127229073989163
0.137563336409943
0.148928646262117
0.159212872918264
0.166460025414096
0.169077545366277
0.165943224416938
0.156555791666146
0.14123403899029
0.121225934961793
0.0985873090099225
0.075818524858227
0.0553770235498259
0.0392177937050512
0.0284712197044581
0.0233139251601821
0.0230416394323613
0.0262953214665758
0.0313406321163871
0.0363109996352434
0.0394021390781287
0.0390745063528996
0.0343081929573553
0.0248827042428868
0.011593585093362
-0.00370200045394643
-0.0183085521107448
-0.0292258964632305
-0.0339060102452929
-0.0309958205875088
-0.0207797865337802
-0.00514959096227424
0.0128779869159779
0.0299384478728481
0.043201856060969
0.0511655033000472
0.0541326450983707
0.0541600419046398
0.0543993050579037
0.0580103421255103
0.0670334762234709
0.0816360834305826
0.0999932966587864
0.118800505386657
0.134157301423282
0.142443262763535
0.140924476014382
0.128110539195305
0.1040679093842
0.0707833500633718
0.0323559531816798
-0.0053836807517999
-0.0360228761913221
-0.0541926896215614
-0.0569896570701212
-0.0445511365439966
-0.01960065841512
0.013663726828105
0.05069049226958
0.0872253181290646
0.119463608054987
0.144058123548395
0.158357760417522
0.160927275181027
0.152025382435713
0.133629893904722
0.108860690083672
0.0810366888833775
0.0528163432040467
0.0257864037594518
0.000576706187290085
-0.0227023226035823
-0.0440082567990172
-0.0631081502737756
-0.079521748121308
-0.0925486419105294
-0.101298490548355
-0.104780806351991
-0.102178271318353
-0.0933100779945435
-0.0790682506074357
-0.0615052858751952
-0.0434120446164777
-0.0275444938773249
-0.0158653537039203
-0.00909710901727417
-0.00663938680492433
-0.00674496443751531
-0.00693398104960999
-0.00483040328507785
0.000488473552872383
0.00730080678467806
0.0118123007182862
0.0113750568031739
0.00769060561221177
0.00490892440655634
0.00311463812439212
-0.00372896205240412
-0.0208546590172536
-0.046082929571955
-0.0723151454044025
-0.0941541502684163
-0.110173098236932
-0.120866329793054
-0.126768419639783
-0.128353628661246
-0.126488350376991
-0.122393901919533
-0.117261846715533
-0.11202698729421
-0.107418482788867
-0.104074215719573
-0.102538238516502
-0.103149853777222
-0.105924118095621
-0.110495416908463
-0.116141559646473
-0.121866510970288
-0.126489009957577
-0.128686974957675
-0.127020051057961
-0.120054144918531
-0.10672652791104
-0.0869485248035086
-0.062217489335748
-0.0358709799798626
-0.0126950850739994
0.00211682444557257
0.0043272360428295
-0.00816060235104601
-0.0346991775292797
-0.0719867403411062
-0.11468821159667
-0.156340147509104
-0.19039037341191
-0.211324871442694
-0.2157751591846
-0.203309168473951
-0.176514190413883
-0.140185805823522
-0.0998850824673691
-0.0604981754087503
-0.0254134463869509
0.00349578917908287
0.0254138753879555
0.0402022428951823
0.0484234414238661
0.0516370405222242
0.0525176003125211
0.0544214121710274
0.0604330908639656
0.072336988437014
0.0900632712379496
0.111880824854059
0.135166317580652
0.1572909729742
0.176199642805012
0.190523026582301
0.199348682897796
0.20192611056478
0.197562683834508
0.185814304446549
0.166860923786151
0.141808465290442
0.112689745424532
0.0821276928904342
0.0528159535913655
0.0270310278689628
0.00633114332910973
-0.00849127211571152
-0.0172265479378159
-0.0199639697022105
-0.0169065091808393
-0.00841187195413953
0.00481314482405691
0.0215849580039825
0.0403299273059853
0.0593100157053484
0.0767859154688711
0.0910315538303303
0.100337021367237
0.103207212629269
0.0987866623976868
0.0872866479698073
0.0701071945652393
0.0495229010861739
0.0281013972527431
0.00820428696538465
-0.0081812105619942
-0.0193542391547716
-0.0238830989369226
-0.0208761659019768
-0.0103355001937301
0.00685492852015306
0.0293509860427743
0.0555713984316352
0.0833633361926115
0.109814783645478
0.131874667558436
0.147087729138265
0.153578358066474
0.149784663842613
0.134844181476041
0.109478168213832
0.0765627917103878
0.0409456503402097
0.00861677186471284
-0.0144619614365167
-0.0235946886639671
-0.0164188357547093
0.00642055308508959
0.0411616912818241
0.0814618157143348
0.119544463095691
0.14778698271546
0.160412539869144
0.154828053176889
0.132183274506634
0.0969615042011279
0.055752949596199
0.0156316339970762
-0.0173736311652925
-0.0393613254543982
-0.0490761836539838
-0.0479302920265166
-0.0396191804288995
-0.0293416554738116
-0.0226011800929485
-0.0237243881550393
-0.0345150561309279
-0.0536134903119872
-0.0769326855967958
-0.0990505776196205
-0.114971557901487
-0.121540954029297
-0.118048984948001
-0.105978425492845
-0.0881730565851254
-0.0678231212587059
-0.0476249115911702
-0.0293522555944003
-0.01390962149513
-0.00173655556272531
0.00673334133860984
0.0108831126931996
0.0101483996162863
0.00454224821286039
-0.0048985878003321
-0.0161109651817207
-0.0265547141370961
-0.0340754759418921
-0.0376416947364242
-0.037595036020077
-0.0353471432652583
-0.0327603491190786
-0.0315708240180196
-0.0330904208317762
-0.0381674222310752
-0.047198752469001
-0.0600128235131341
-0.0756488282760803
-0.0922513742058687
-0.107297090128605
-0.118168795701518
-0.122864030559652
-0.120548814147382
-0.11177906604539
-0.0983954400760983
-0.0832106548710669
-0.0696005077403674
-0.0610320171176907
-0.0605015021161864
-0.0698716560487615
-0.0891976597256683
-0.116267172032552
-0.146648607293224
-0.174450799361355
-0.193727383097697
-0.200113106682763
-0.1920517437152
-0.171055775678839
-0.140866247511749
-0.105950166804511
-0.0701133312006951
-0.0358610379356837
-0.00460716423690847
0.0226800510527372
0.0449386791584127
0.0608875971498916
0.0693432029681995
0.0698733118516078
0.0634659360389334
0.0524275468950919
0.0387888681459654
0.0222677676020953
0.000901627377818441
-0.0247999167960756
-0.0492933907222714
-0.0658194686547992
-0.072462952006884
-0.0728184874221097
-0.0714605707551998
-0.0703649844279917
-0.0689851102091458
-0.065905566083962
-0.05995609377784
-0.0506032294431981
-0.0380928350051658
-0.0234367660784519
-0.00814429963820994
0.00618698144174724
0.0181481821266423
0.0265455133860398
0.0303381840066165
0.0287496915670361
0.0216365757480323
0.00991316407731991
-0.00430532956750342
-0.0180525302014752
-0.0282877570874775
-0.0328155167539585
-0.0310152714069671
-0.0241352760499602
-0.0150390031736375
-0.00743858893271513
-0.00480136864080024
-0.0092373660219328
-0.0207069004953079
-0.0368060654260919
-0.0532322615240599
-0.0648528145318098
-0.0671226935145348
-0.0574546459426982
-0.0361070792829422
-0.00628172294942911
0.0266154418645724
0.056316884277494
0.0772251373419546
0.0856874317793064
0.0806822159454
0.0638027618786113
0.0386542018761266
0.00992502004433888
-0.0175933111489497
-0.0398413056268929
-0.0540724897741346
-0.0591359473644196
-0.0554642115957167
-0.0448111197070314
-0.0298045854700456
-0.0133749705877269
0.00187912439996164
0.0142823931345585
0.0234565064554427
0.0302897723317689
0.0364446606978482
0.0435778786875954
0.0526249159195311
0.063470980405983
0.0751025507404865
0.0860785444867564
0.0950505775137831
0.10112916575612
0.104033003308088
0.104055637157197
0.101907761285647
0.0984874709586685
0.0946340098035326
0.090923867628865
0.0875472402375007
0.0842689503471522
0.0804715124324468
0.0753095911387209
0.0680199640146917
0.058357132040975
0.0469684144129831
0.0354102938460526
0.025600608895594
0.0188276911949715
0.0148068964511015
0.0113909364719623
0.00524968032279299
-0.00671446324115155
-0.0258985361325995
-0.0512081820768057
-0.079299516553427
-0.105681112390868
-0.126155069292867
-0.13804649073805
-0.140840718939066
-0.136050979724968
-0.12639893149567
-0.114791452874561
-0.103810215561053
-0.0958323912804782
-0.0927427138818289
-0.0944958734681232
-0.0981644807612382
-0.0997049056633804
-0.0971321419758355
-0.0914308491238473
-0.0846140726717239
-0.0778267307004933
-0.0712555450788034
-0.0648542193924218
-0.0585550195590756
-0.0519475711065651
-0.0441246952638045
-0.0340897192194939
-0.0215232902215492
-0.00739484333119726
0.00603011734915282
0.0159315012397786
0.0201888744298576
0.0186018441584635
0.0134368466930805
0.00888599874698933
0.00952162198027029
0.0183682238455759
0.0354800741410173
0.0577168593142555
0.0798292437518521
0.0963189971890048
0.103196196531109
0.0989074820831082
0.0842314139570797
0.0614784167497967
0.0335672810305796
0.00340432755658342
-0.026341829947354
-0.0532359726532841
-0.0750727183188317
-0.0900252889320069
-0.0969738808949771
-0.0959147271621833
-0.0882456696753294
-0.0767041643504915
-0.0648588893204613
-0.056276046915237
-0.0536424922827544
-0.0581209042854442
-0.0690815178284682
-0.0842287398997373
-0.100080309273826
-0.112715116349833
-0.118631330965565
-0.115484366436053
-0.102491308058445
-0.0804203752327401
-0.051246979173395
-0.0176379450606862
0.0176031358434084
0.0520538268365535
0.0840856933975961
0.113077415499608
0.139349747966325
0.163830858224748
0.187564143536195
0.211221154931247
0.234759203971923
0.257291997750927
0.277161849634345
0.292152552242573
0.299788335371302
0.297713364745006
0.284180496099621
0.258637036580561
0.22227715756914
0.178315360157934
0.131737149676156
0.0884549543192023
0.0540644088273311
0.0325921939490906
0.0256268166935086
0.0320528040221657
0.0484041982922717
0.069720071099658
0.0907133640689533
0.106996999640121
0.116050829469495
0.117632896903505
0.113496336235922
0.106534933915867
0.0997211941490108
0.0952765094494395
0.0943594734949896
0.0972560346800591
0.103794668353287
0.113656437032847
0.126412814783238
0.141356168249099
0.157319677963329
0.172657305683863
0.1854352508932
0.193776312480882
0.196256039993546
0.192266170287618
0.182284096466716
0.167971198386751
0.151986304782818
0.137432007971264
0.127018088398747
0.12225345163003
0.123061337779948
0.12801235975089
0.134998856339655
0.141932226339057
0.147128966395218
0.149355090086689
0.14773578723606
0.141734996425689
0.131244334750868
0.116683040010122
0.099001321503688
0.0795573610895474
0.0599127381200118
0.0416162697169025
0.0260305760492779
0.0142230204880703
0.00690724174443865
0.00439384004124734
0.0065073644938288
0.0124667791216598
0.0207943674950403
0.0293678095210175
0.0357149759187561
0.037556303738947
0.033456162140398
0.0233273662949197
0.00853749428234674
-0.00846339075090228
-0.0248202511826734
-0.0379308636680996
-0.045837229403251
-0.047342087839248
-0.0420228128117523
-0.0302848685569084
-0.0134156418734862
0.00652860716914386
0.0271017309114075
0.0460013415187461
0.0614901163416739
0.0724915915083572
0.0783784799392198
0.0786886697629991
0.0730319851719963
0.0612801349508519
0.043904182506939
0.0221980045102634
-0.00182342635612065
-0.0258673393982631
-0.0479403683692211
-0.0667480769048723
-0.0817125096473246
-0.0926625477900941
-0.0994689012275811
-0.101897385290858
-0.0997514441994514
-0.0931560136798345
-0.0827786032796121
-0.0698896254450196
-0.0562834721605434
-0.0440968263341829
-0.0355037044265387
-0.0322610671204683
-0.0351860083236788
-0.0437872707159132
-0.0563019969699738
-0.0702275728478511
-0.0831658492512182
-0.0935955628129139
-0.101210610929701
-0.10670962211517
-0.111234866221232
-0.115820531558153
-0.121114088458328
-0.12737142339862
-0.13452202720179
-0.142124709136262
-0.149244500463522
-0.154457741331486
-0.156153111040719
-0.153077366787649
-0.144879031216753
-0.132390270413744
-0.117539188797107
-0.102964849518348
-0.0914961109441818
-0.0856301119143804
-0.0870751360902254
-0.0963986678178167
-0.112867621293929
-0.134594264137722
-0.158997895433866
-0.18338836816904
-0.205369275806466
-0.222912128397448
-0.234277080039159
-0.238134682957257
-0.234049377957489
-0.223052857804051
-0.207769948835268
-0.191751268062616
-0.178199562744976
-0.168729618097072
-0.162825716798898
-0.158257741206093
-0.152193743066547
-0.142439748580198
-0.128275505523182
-0.110628141167682
-0.0916294220874577
-0.0737986724220419
-0.0591649616495577
-0.0486296569190494
-0.0417915291731077
-0.0372987738297958
-0.0335760543271566
-0.0295966040953541
-0.0253505067332345
-0.0218325405396594
-0.020625032577611
-0.023311388104329
-0.0309456051213213
-0.043698368467785
-0.0607281716165418
-0.0803122835551446
-0.100233631898708
-0.118311339150053
-0.132876093158471
-0.14304242665064
-0.148780178040671
-0.150865102998704
-0.150710041758331
-0.149977744826336
-0.149950176479859
-0.150869765207764
-0.151630474868278
-0.150058695222503
-0.143654375502453
-0.130380803599501
-0.109144528884367
-0.0799157741098495
-0.0436929353165305
-0.00249840682729653
0.0406174056323255
0.081749819906011
0.116639443050064
0.141455593584281
0.153639830647456
0.15253021016291
0.139559991268873
0.117957330547191
0.0920077705211653
0.0660606547442046
0.0435458669894682
0.0262755208704842
0.0142090482482211
0.00570142802138223
-0.00187508733296419
-0.0112920144301884
-0.0245670621731703
-0.0421958300824733
-0.0627505953994379
-0.0830538790701513
-0.0989502433437332
-0.106436857465351
-0.102756439345398
-0.0871161620220581
-0.0608924946082009
-0.0273407228472342
0.00911714880738613
0.0439095766458327
0.0734064021837956
0.0957410185990622
0.111069796040752
0.121209710169312
0.128855824915987
0.136688060441908
0.146613874293571
0.159285364102795
0.173977354412099
0.188886657411016
0.201813922277552
0.211004853204712
0.215786531355965
0.216695056650874
0.215065725744171
0.212366301290229
0.209658020828724
0.20737996027149
0.205362164393298
0.2029353095826
0.19930287820481
0.194411919881844
0.189732692183877
0.187542149375687
0.188783604144358
0.192230758528097
0.196452023796462
0.201745358176713
0.209274107603681
0.219046950625488
0.229551921323108
0.238957031346957
0.246148518442987
0.250844852421333
0.253202474161234
0.253476638168936
0.251890354498847
0.248562805641709
0.243352379326008
0.235646910657205
0.224289556622766
0.207829361949602
0.185116543673266
0.156040359043635
0.122090272969902
0.0864696670831579
0.0536348419210077
0.0282819466700773
0.0139616066071046
0.0117065388281837
0.0192467584110481
0.0313571838053229
0.0414761165070704
0.0440754419568773
0.0367650234764731
0.0211580761005369
0.00212037328883375
-0.0142077978356718
-0.022731601088008
-0.0211303997375412
-0.0103736962772015
0.00609304969280484
0.0240642371180681
0.0403660753692967
0.0538739304543866
0.0653365895551328
0.0762684075538125
0.0876697753077423
0.0993228094480443
0.109924534277786
0.117758530557342
0.121381227901269
0.119995819814492
0.113530339562525
0.102594460083577
0.0883904486116828
0.0725010724748358
0.0564842454532629
0.0413661673324616
0.0272638837446622
0.0133476578820752
-0.0018044899329946
-0.0195907024442997
-0.0407585363940062
-0.0650381516524094
-0.0912069182194711
-0.117554433543119
-0.142506092851454
-0.165086413248503
-0.18502226035601
-0.202502886839546
-0.217761140058805
-0.230654325058069
-0.240384956307219
-0.245495701075515
-0.244253930009342
-0.235396906120155
-0.218951720337222
-0.196681848477874
-0.171859426246253
-0.148475834620819
-0.13035382064179
-0.120595146594547
-0.121418282934917
-0.134082345727496
-0.158602587371492
-0.193314049039628
-0.234672886754789
-0.277665973043784
-0.316831104718501
-0.347484333737783
-0.366632550325672
-0.373280431559517
-0.368198132049924
-0.353418359849237
-0.331690331853304
-0.30597721609099
-0.279026264593348
-0.253078353877239
-0.229759978293605
-0.210038672892244
-0.194048231075481
-0.180920304023935
-0.169175422488126
-0.157736058963533
-0.146464634794554
-0.135388156516775
-0.123600960246522
-0.109266263144696
-0.0904867518483568
-0.0659607972070393
-0.0352217489032293
0.00106685515324183
0.040678530769113
0.0797034294805291
0.113148392117078
0.136206863383728
0.145713315973013
0.14115541087862
0.124802379654735
0.100896228792334
0.0742452896682348
0.0487794013572029
0.0265987106292692
0.00781823189925896
-0.0088086230161459
-0.0247866565302828
-0.0407473882685726
-0.0557381806155288
-0.0672515400767342
-0.0720827134440727
-0.0677759765382644
-0.0540779546547438
-0.0336748171180641
-0.0117448901969151
0.00556197950695946
0.013062186396275
0.00808454620030046
-0.00889689179798103
-0.034603081015264
-0.0639894801527055
-0.0916078720097138
-0.112943376471417
-0.125423284465009
-0.128841826118683
-0.125064429777212
-0.117096428075678
-0.107850071590688
-0.0990814272236082
-0.0908961190147617
-0.0819628363791686
-0.0702655202491708
-0.054031829365873
-0.0324766675184132
-0.00615576967907391
0.023077051416259
0.0523840409731374
0.0783885777506343
0.0976775646508992
0.107349228879812
0.105583424734243
0.0921417709575876
0.0686523702591779
0.0385501499111113
0.00660816804991909
-0.0219322732409623
-0.0425272823613289
-0.0525235969855144
-0.0519430125511321
-0.043431680173333
-0.0312648591744755
-0.019792343058536
-0.0120372180622384
-0.00905424334817074
-0.0101779033008081
-0.0137917564367229
-0.0180681293220341
-0.0213276758037895
-0.0220365507232837
-0.0187080358629117
-0.0099695961579152
0.00513366169222188
0.02673253805247
0.0538454880777692
0.0843737085666966
0.115406420105236
0.14373587039177
0.166427735567864
0.181312721948602
0.187316004911865
0.184581543375921
0.174369691190652
0.158727627964336
0.139972353782418
0.120083815261058
0.100159221599384
0.080105006332887
0.0587238281152738
0.0342624527230662
0.0052821556452496
-0.0285563294818701
-0.0662731928571053
-0.105955564658338
-0.145120873811242
-0.180584758060618
-0.20849430367282
-0.22543189385932
-0.230007534337275
-0.223509116544962
-0.209367001082435
-0.19224539936662
-0.177079817533905
-0.167812481414763
-0.165998755292768
-0.170031175560999
-0.175575707724891
-0.177112910983586
-0.169882119032485
-0.151434741508973
-0.122339820766757
-0.0860150366296927
-0.0478990827177772
-0.0142017776919068
0.00956852483018605
0.02004321751304
0.0170233651214062
0.00372459819692317
-0.0139255890392446
-0.0287650649255853
-0.0342121473635032
-0.0259013124514219
-0.00270568552221598
0.0331010012281684
0.0765431264021065
0.1212524281648
0.160980750025976
0.190916053836091
0.208540079932333
0.213929372356622
0.209510929472495
0.199344485627024
0.188063376069275
0.179690525549657
0.176630493560819
0.179153880908784
0.185561846480975
0.192945842815227
0.198178306244658
0.198690797311389
0.192804773185946
0.179725871669947
0.159513612058123
0.133233900005543
0.103200070806202
0.0729889314206857
0.0469826551266678
0.0294855155335339
0.0237488814457011
0.031288469297353
0.0516859814869417
0.0828127471257306
0.121278936848176
0.162937548200543
0.203370204164147
0.238354813344931
0.264332042701051
0.278865581595878
0.281048009070911
0.271751051611911
0.253588598838181
0.230503483615026
0.207017945486279
0.187337198033438
0.174561140936888
0.170192728190665
0.173991990102261
0.184125187738135
0.197553922300911
0.210642526267916
0.219936244009009
0.222960299292938
0.218802140561281
0.20826610186609
0.193536067903111
0.177463893804172
0.162729778019099
0.151148535764463
0.14331457072387
0.138620826048845
0.135535529477664
0.131966636620979
0.125607827317437
0.11426642350404
0.0962242326867241
0.0706431602046813
0.0379413818109902
1.05344029657299e-06
-0.0399297843513418
-0.0777035376731691
-0.109049844088444
-0.130488957859036
-0.14014492771365
-0.138236607752315
-0.127106641262463
-0.110764423861751
-0.0940386406025528
-0.0815422751902667
-0.0767254204835345
-0.0812827698141523
-0.0950589457250969
-0.116395143918066
-0.142697295101091
-0.170976037794042
-0.198213031714598
-0.221564028786468
-0.238520026412591
-0.247149507806945
-0.24642738685848
-0.236490493411183
-0.218587718504748
-0.194630143157771
-0.166544464514126
-0.135860989142106
-0.103882473131893
-0.072362738391712
-0.0441520979654397
-0.0231279752084753
-0.0131102736057771
-0.0161638847764498
-0.0312335683760458
-0.0540093497020563
-0.0782455911518799
-0.0978855681280975
-0.108885063934168
-0.109901872598956
-0.101792263166589
-0.0865405662143183
-0.0663784993478679
-0.0434391942087131
-0.0197591865947893
0.00277431791997003
0.022734421398273
0.0395648587930761
0.0537368424703876
0.0664157161612855
0.0787188599442599
0.0909322599617955
0.102111589917161
0.110281949686999
0.113104888674546
0.108634547790281
0.0958043031288449
0.0745428660226857
0.0456996650104489
0.0110248194602929
-0.0267571217787894
-0.0640149470227142
-0.0966970942384899
-0.121222765016423
-0.135383619499274
-0.138765056075432
-0.132500723514345
-0.118603745890457
-0.099292383661797
-0.076560290647596
-0.0519882494149686
-0.0267158494910612
-0.00156426809473031
0.0226846701144894
0.0449778899544001
0.0638966280970275
0.0779510972908362
0.0861674688180864
0.088612069500886
0.0864728373027801
0.0815787618552784
0.0756205649391981
0.0695648684472752
0.0636357971637226
0.0578289222139404
0.0525229801899915
0.0486783071936211
0.047412347632325
0.0491787961696253
0.0530388700289226
0.056473849215813
0.0559308913972177
0.0479706937537926
0.0306069433408772
0.00427481297109352
-0.0280740704169068
-0.0619304781571773
-0.0929220858778246
-0.118498327550095
-0.138786894347013
-0.156189581965402
-0.173942626197728
-0.194409697008527
-0.217978776563949
-0.243048151281973
-0.266956312174397
-0.287203138892891
-0.302199377227359
-0.311118134253638
-0.313021600704888
-0.305962464740082
-0.286879600048311
-0.252690788361248
-0.202237186554698
-0.138112146794824
-0.0673108329530186
-0.000125308288717486
0.0524989850080536
0.0822180029491353
0.0858871291087764
0.0664255283746291
0.0315824858227798
-0.00880951314778835
-0.0458343244697534
-0.0734888993115562
-0.0890838628117248
-0.0923355762220326
-0.0840224810920659
-0.0650943800160545
-0.0366348771435452
-0.000414465654636002
0.0406383414077484
0.0826058768435367
0.121410501006732
0.153794053685677
0.177828985225196
0.192711337409596
0.198114200130753
0.193670788556752
0.179029672117978
0.154497962069843
0.121849025474074
0.084689998715223
0.0479755611076076
0.0167265871697064
-0.00549401451327891
-0.0175865235941164
-0.0208831127721535
-0.0181450269816174
-0.0122052483560479
-0.00501910416345554
0.00246801782556442
0.0098027854033843
0.0163930380566149
0.0212307398839674
0.0230606676703356
0.0207582687887373
0.0136342030800142
0.00156496034957976
-0.0149673287074183
-0.0348175344626427
-0.0561117894495646
-0.0763102011897603
-0.0925422533094263
-0.102213199596777
-0.10367974673028
-0.0967047429765076
-0.0825075072893749
-0.0634405403222078
-0.0424669510369047
-0.0225974961511425
-0.00634877844807275
0.00475370444051489
0.0105326732011789
0.0121940144025022
0.0118983723411679
0.0119448737150092
0.0139055799136357
0.0181350306608751
0.0238721110912256
0.0297824468131612
0.0345457203517924
0.0371616051635015
0.0369486671082665
0.0334705621023277
0.026624391508002
0.0168844670746067
0.00544020405899125
-0.00605694374206018
-0.016165261079091
-0.0244249440668102
-0.0317576579870218
-0.0401926513168894
-0.0520016660705551
-0.0686562955436247
-0.0900992629222779
-0.114633271971504
-0.139425617139045
-0.161380060363157
-0.178030147505572
-0.188146849865866
-0.191869042086305
-0.190309575873942
-0.184744006221387
-0.175659210495398
-0.162112156538963
-0.141895577843982
-0.112668346084967
-0.0734299994640234
-0.0252085579071612
0.0294150128459487
0.0870113838591701
0.143565814478092
0.195026642605637
0.238607720358104
0.273746001886768
0.301621317857412
0.323663010226533
0.340249784243545
0.350345895529345
0.352077204961164
0.343813461733692
0.32519504774412
0.297638613712305
0.264122552754028
0.228382414110891
0.19387994048848
0.162949280261786
0.136394080940503
0.113601663906566
0.0930381084678817
0.0728553919583403
0.0513412285951026
0.027093135157726
-0.000984475115284849
-0.0336347831253849
-0.0709934879158233
-0.112170787505197
-0.154918863189592
-0.195695213822598
-0.230305437302451
-0.25503065085722
-0.267828329992905
-0.269021472047477
-0.261032908755423
-0.247195218210714
-0.230230080413921
-0.211252479688249
-0.189874586298249
-0.165311380470551
-0.137779803944789
-0.109332941999319
-0.0836288553899004
-0.0647304873779085
-0.0555232295308005
-0.0564905784935037
-0.0653576669376706
-0.0776474535874165
-0.0877924451414512
-0.0903553463728193
-0.0811130457428486
-0.0579701151140807
-0.0216464023379754
0.0241159552043195
0.0731653532897001
0.118466034797402
0.154137594011723
0.177208871682451
0.188297593712499
0.190913609774965
0.189775584528693
0.188993255271076
0.19090940168888
0.195893689520647
0.202817722420767
0.209699802264303
0.214175899758149
0.213793418809855
0.206320825533541
0.190192359066567
0.164983462942415
0.131660886305266
0.092410115478967
0.0500763619009541
0.00748932149883035
-0.033004152511373
-0.0696436981221644
-0.101097417441787
-0.126296884461314
-0.14447326727542
-0.155419806410678
-0.159824704563092
-0.15943834074149
-0.156883943301787
-0.155068153510616
-0.156346222940063
-0.161764033372259
-0.170737240750174
-0.181373632708375
-0.191335003579525
-0.198828000495133
-0.203214889028329
-0.204940386422372
-0.204859959054493
-0.203379702004467
-0.199910819647152
-0.192994176436008
-0.181075345007694
-0.163338413621476
-0.139721396715177
-0.110065104700937
-0.0736867477725225
-0.0303037681923498
0.0187053212080775
0.0701219101637154
0.119633054618186
0.162604208966337
0.194701543860045
0.212607736442231
0.214756330950182
0.201792824689039
0.176623816969722
0.144087128789836
0.110274009443673
0.0815082647846968
0.0631004553798322
0.058185079625141
0.0670185185175152
0.086974769444709
0.113230445049455
0.139947665172837
0.16169317058691
0.174796636009263
0.178297578240362
0.174133766417481
0.166406688805995
0.159920004509856
0.158539472595265
0.164022805170532
0.175716244727341
0.191061717986982
0.206501803379659
0.218322848531432
0.223211089300924
0.218594227892998
0.202982314268068
0.176431340518377
0.141012215865197
0.100948580449546
0.0620641911246985
0.0304325801928038
0.0105513407064877
0.00372396909657002
0.00737842750088981
0.015713208247752
0.0215009128039872
0.018389721900173
0.00286855384718392
-0.0247416995821804
-0.0604864966666097
-0.0979679352148274
-0.130087711004648
-0.150847707274819
-0.156772587545244
-0.14764310928691
-0.12640431865616
-0.0983092871428892
-0.0695309218593315
-0.0456082335679927
-0.0301830178505005
-0.0244509132113612
-0.0274946406509701
-0.0372415226162816
-0.0514649421933442
-0.0682981284417153
-0.0861293783954529
-0.10319146279179
-0.117324598862151
-0.126204636261073
-0.127962751719898
-0.121843118931082
-0.108519984237675
-0.0899085727404357
-0.0685865071372995
-0.0471126325325218
-0.027524655192791
-0.011172233738379
0.00112064569348214
0.00872045136691929
0.010922066302208
0.00697276814956993
-0.00357757714638618
-0.0203838437784565
-0.0419764543234183
-0.0658248133486066
-0.0887932457925664
-0.107771346621017
-0.120207769756766
-0.124405361397276
-0.11961477709549
-0.106039499790326
-0.0848025791301115
-0.0578234667829581
-0.0275311888904977
0.00357660013821661
0.0334065039310452
0.0606070202025901
0.0846624593631247
0.105752379763608
0.124479281434142
0.141581104285505
0.157691713471778
0.173155219655549
0.187891285333275
0.201342233035655
0.212555345008338
0.220422500361662
0.2240255945996
0.222973143766666
0.217607029898292
0.20901175531403
0.198835694621317
0.188988094304278
0.181281974997235
0.177066778643311
0.176878617368242
0.180157130389748
0.185113891407463
0.18884300586558
0.187729856688259
0.17816634956925
0.157522313658619
0.125206883289454
0.0834736668510509
0.0375005805841983
-0.00560530604890807
-0.038806400610338
-0.0575214260478802
-0.0614417184447813
-0.0549236956627945
-0.0456640505152221
-0.0421185783582325
-0.0506817299272169
-0.073708005942747
-0.10902528193668
-0.150941736571963
-0.192218552792167
-0.22624244656279
-0.248673814329261
-0.258098302270869
-0.25560490303319
-0.243633235437905
-0.22469252223846
-0.200522525111427
-0.171978995759181
-0.139558089772001
-0.104199943698977
-0.0679137180764542
-0.0338526284787248
-0.00571206921763271
0.0133471731389713
0.0217858294127438
0.0202892034476155
0.0116388383433184
-3.09359668332888e-05
-0.010236854944886
-0.0150597480128128
-0.0117752709504885
0.000831783033096508
0.0224220606191495
0.0512483023354485
0.084413590082254
0.118193895421823
0.148446797185647
0.171176701319715
0.183280336896335
0.183344370144538
0.172200608984342
0.152904149885606
0.129967976552485
0.108010055419571
0.0902811431689658
0.0776701781042982
0.0686372001243406
0.0601294146652274
0.0490570276031784
0.0336051013074607
0.013754557660355
-0.00913994277190455
-0.0333145708916721
-0.0574449357206006
-0.0809156572506985
-0.103519620856732
-0.124978762486434
-0.144707941732038
-0.161959313147354
-0.176173379965854
-0.187278594461115
-0.195814716196544
-0.202891761640363
-0.209982381232808
-0.218459520781735
-0.228851240063979
-0.240080128192611
-0.249236769135978
-0.252234541587716
-0.244893912721826
-0.223452710467185
-0.184450709751708
-0.125740504386074
-0.0495916886415996
0.0351876278555218
0.11599675036179
0.182148378401349
0.227871836085575
0.251375982254271
0.253493832166395
0.237720340307565
0.210078429903357
0.177472042144477
0.145281689789987
0.115769146986387
0.0881195566194168
0.0598925102660523
0.0290467329719214
-0.00440445071101491
-0.0378173773254067
-0.066654990881867
-0.0861692249841998
-0.0932036847494081
-0.0872650801487156
-0.0704642572958767
-0.0465586627843338
-0.0197159956651521
0.00642901342792051
0.0291892311808321
0.0468161299622833
0.058335445697691
0.063459082812333
0.0626361332044533
0.0571198673434068
0.0488544540493498
0.0400852865058293
0.0327912252821315
0.0281708614609937
0.0263998557029895
0.0267438718853449
0.0279456292755687
0.0286847789008476
0.0279065247951929
0.0249484814976484
0.0195638035369621
0.0119761296019503
0.0029621980781554
-0.00620325697578687
-0.0140897084498276
-0.0196772131713353
-0.0228638966631088
-0.0246085477236009
-0.0265992349928616
-0.0305897646820653
-0.0376763958629752
-0.0477736027989695
-0.0594758289717593
-0.0704012408028595
-0.0779628058630017
-0.0803112383682838
-0.077067789287782
-0.0695249545812985
-0.0602100928405319
-0.0519609256829799
-0.0468663680153179
-0.0455284883767809
-0.0470200129076181
-0.0495949918377095
-0.0517808598164389
-0.0532278807732198
-0.0548379840848175
-0.058161911104651
-0.0645043130435459
-0.074296355236572
-0.0870422900115041
-0.101746962795461
-0.117466192466839
-0.133621969922734
-0.149928795857688
-0.166028226423143
-0.181086399239141
-0.19361760271023
-0.201678407774125
-0.203389342425272
-0.197553896802536
-0.18404796160259
-0.163733337029727
-0.137904266457136
-0.107566049128238
-0.0729757547473742
-0.0337489722680855
0.010480025776447
0.0591880513468404
0.11038730819919
0.160736734254545
0.206383971159783
0.244177692028877
0.272666354958229
0.292396117773796
0.30538765593006
0.314085690302765
0.320263926600059
0.324250047053777
0.324686309641978
0.3190877261175
0.305275403898996
0.282985782936516
0.254472261090698
0.223657458087136
0.194538810178842
0.169816396029988
0.150256827929458
0.13488742949444
0.121848902090181
0.109480440495027
0.0970895234251404
0.0850407332270031
0.0742146574043293
0.0652689285636308
0.0582282416710232
0.0526779622280633
0.0483967962912001
0.0459232556526741
0.0465427198289258
0.0515326719133546
0.0610056396378278
0.0730290515631365
0.0836495925606495
0.0880063890345963
0.0821295955179361
0.0646385963310191
0.0375922098073459
0.00614049636402811
-0.0228723353862984
-0.0428440554811177
-0.049255234105761
-0.0408629141821216
-0.0199164640428039
0.0086320155452988
0.0386234328054805
0.0643433797827769
0.0817398813913486
0.0888598969577949
0.0855730666078961
0.0729769687959835
0.0528971116681689
0.0276329597467451
-0.000191841227878467
-0.0278958461034262
-0.0531808811181168
-0.0745878180712105
-0.0917354840520055
-0.105223521902297
-0.116255321243109
-0.126139980803159
-0.135824660977975
-0.145544286405713
-0.154628865457027
-0.161513607271405
-0.164019862875161
-0.159937694299289
-0.147805452787178
-0.127626877798429
-0.101237352658418
-0.0721762078508314
-0.0451167442338613
-0.0249951328226642
-0.0159694194168094
-0.0203735518625253
-0.0379683985286082
-0.0658801505271541
-0.0994391977529161
-0.133677277230247
-0.164789671658106
-0.190792496158071
-0.211042114707821
-0.224999315629368
-0.231151445909886
-0.226973136770079
-0.210177877266304
-0.180645489164991
-0.141849293008969
-0.100744319403491
-0.065880884692867
-0.0445021591427514
-0.0399548107203605
-0.0505642556852395
-0.0703874799628443
-0.0914540543573045
-0.106621123994546
-0.112049471957269
-0.108436931563094
-0.100494007406573
-0.0947623406344739
-0.0966347842612928
-0.107924824077138
-0.126116011663952
-0.145497189971057
-0.159387242959802
-0.162392135082221
-0.152196844158056
-0.13072176724478
-0.103745715398207
-0.0779309205182441
-0.0568896175774497
-0.0404854695876092
-0.0282022029521391
-0.0218161834629066
-0.0240354611424701
-0.0356935413114174
-0.0549535075871467
-0.0783415001121478
-0.10185697518641
-0.121628223532907
-0.134549528926563
-0.13907869754589
-0.135820747400052
-0.127422614764876
-0.117652762762432
-0.109999471101528
-0.106394298604396
-0.106607974362319
-0.108515911752223
-0.109007833149978
-0.105081223372333
-0.0947155113142547
-0.0773527940154998
-0.0540054182511243
-0.0270695778444243
0.000100599071367124
0.0238133913088529
0.0407684984752509
0.0487523582495969
0.0471287672019623
0.0369759314443835
0.0208030501057338
0.00191327097822361
-0.0163808785916258
-0.0314160154631437
-0.0414977089328151
-0.0458418837327713
-0.044291166826165
-0.0370548026472088
-0.0246490631639206
-0.00801674709260659
0.0113745980613208
0.0316641250222715
0.0509833115102602
0.0678928205208327
0.0815935495059943
0.0917837785265192
0.0982894451555399
0.100759161575029
0.0986718555564506
0.0916881197593098
0.0801358759842241
0.0653199140352395
0.0494511433040915
0.0352188435435497
0.02519796296588
0.0212818285347801
0.0242219348459949
0.0332984940599531
0.046204675469292
0.0593059179227233
0.0683857128682066
0.0697746986501702
0.0615018027080678
0.0439920305186334
0.0199760977595476
-0.00638501783658067
-0.0308140673686088
-0.0501615558167711
-0.0631491254337975
-0.0704185095392585
-0.0739522446200793
-0.0761154982832755
-0.0786504504383154
-0.081960694606616
-0.0849620140520051
-0.0856121620086953
-0.0819539907458342
-0.0732198149771498
-0.0604482019766776
-0.0462773518953999
-0.0340029490209795
-0.0263584678415518
-0.0245698893320845
-0.0280377956560922
-0.0346753405730095
-0.0416743942879514
-0.0463760488017645
-0.0469703830913764
-0.0428805397262977
-0.0348208376130246
-0.0245840249091505
-0.014582909077694
-0.00711984839473552
-0.00343913942248558
-0.0029238589200487
-0.00311577092803816
-0.000980356791605152
0.00532730334913947
0.0158842175983661
0.0300101220846484
0.0468796112060365
0.0645325195389835
0.0793171145731745
0.0875444943106747
0.087670745264994
0.0806932667485513
0.0689756556575398
0.0550488268016575
0.0411371227833937
0.0291981359294861
0.0210652502876868
0.0184573189538675
0.0227652759734251
0.0346252467296344
0.0534330143404551
0.0770923614113667
0.102273893636667
0.12523605595894
0.142944937740811
0.154028988460429
0.159147997952803
0.16061090968731
0.161399797176798
0.16399802134739
0.169492992018646
0.177310773884461
0.18567464323084
0.192546021095127
0.196548212230606
0.197362547975301
0.19539934693336
0.191031783704041
0.184000102239674
0.173483087716186
0.158861068400303
0.140711747952109
0.121408110269782
0.104882731430735
0.0955287175994511
0.0966290699380774
0.108976678161589
0.130322613853935
0.155927106872985
0.179956357820753
0.197100810227295
0.203816336453282
0.198920170378956
0.183596104364871
0.160966580681929
0.135343234383667
0.111265205753441
0.0925240766874826
0.0814290609088233
0.0784875780453607
0.0825200662526606
0.0911052094376395
0.101195176853898
0.109724162520071
0.11406332027029
0.112271208686731
0.103199842319463
0.0865418167683554
0.0628236284724136
0.0332707220277898
-0.000496702976668386
-0.0368467167758093
-0.0744014925637096
-0.112011854054668
-0.148413369012296
-0.181727398980516
-0.209106325752206
-0.226823713688845
-0.230946281712348
-0.218450519089995
-0.18839932414098
-0.14270861273903
-0.0861516625180827
-0.0255070873024339
0.0319490948117242
0.0801700123717477
0.115743912818312
0.138522502848631
0.151265898210368
0.158427621775324
0.164488731052677
0.172398886200987
0.182642491094253
0.19320971162114
0.200387346740037
0.199973016988251
0.188442897352971
0.163784079088712
0.125953274308468
0.0770405208093907
0.0211656259396163
-0.0359554890534594
-0.0878296431063001
-0.128310395949082
-0.152772189706635
-0.159001470799784
-0.147574431621172
-0.121718939300946
-0.0868300148455007
-0.0497758541088024
-0.0179569182735232
0.00198720891423582
0.00571563186935594
-0.0075009099246268
-0.0343248388604508
-0.0681299579624879
-0.100839802040214
-0.125171880116072
-0.136499906385663
-0.133767203004669
-0.119264093997493
-0.0974298504272061
-0.0730984487703144
-0.0497893823220511
-0.0286932742450089
-0.00879033606597428
0.0119562961401417
0.0349542775290062
0.0597773331244412
0.0840530094475858
0.104450667896995
0.118140156079697
0.123873618034617
0.122166473587914
0.114659807791758
0.103198771687723
0.0891885235465842
0.0734696609520898
0.0565908105363971
0.0391896728318004
0.0222545949336037
0.00719906677848394
-0.00420719122778937
-0.0100128626736493
-0.00839624632490182
0.00185259497078411
0.0207644396324008
0.0467673093757304
0.0766448481727856
0.105959853376469
0.129833157073151
0.143865899555457
0.144993022672559
0.132096255061122
0.106253323713841
0.0705637894414633
0.0295661091095321
-0.0116732189230918
-0.0486475507166357
-0.0784255226276297
-0.100264314851832
-0.115553771289277
-0.127083672764651
-0.137937120239313
-0.150438171675471
-0.165452437466973
-0.182135504130431
-0.198145518918767
-0.210345669587374
-0.21591077081387
-0.213461343734998
-0.203629702842965
-0.18863670224626
-0.171032005461334
-0.152331095607385
-0.132400045103261
-0.109970408241602
-0.083942913911632
-0.054663326344673
-0.0244102811009899
0.00317262216000061
0.0243742391618521
0.0367531369454583
0.0398609619228132
0.035082175927093
0.0248094371032539
0.0114712642571247
-0.00311591566257855
-0.0178906014809102
-0.0323052909408082
-0.0459600631847174
-0.0583293425360904
-0.0686822118473561
-0.0761911487544171
-0.0801591579645912
-0.0802598442988313
-0.0766796303151648
-0.0700982385856707
-0.0615413699289563
-0.0522240222828348
-0.043487846599401
-0.0368136143717282
-0.0337710805359507
-0.0357866250578532
-0.0437740218071752
-0.0578392882108971
-0.0772663409180891
-0.100793373722791
-0.126963248600189
-0.154280306351294
-0.181087476355064
-0.205341537612208
-0.224586145361676
-0.236297982215863
-0.238511099508896
-0.230419871743018
-0.212670237830159
-0.187245823483739
-0.157073943253322
-0.125553529117271
-0.0961154502245372
-0.0717864246374212
-0.0546940677031815
-0.0455652091295412
-0.0434238412296168
-0.0457289469400837
-0.0490374363511763
-0.0500111464729687
-0.0463730810353819
-0.0374028331442962
-0.0237842759372595
-0.00696563737881969
0.0115639720008899
0.0307155351084641
0.0498729023130108
0.0687854270901484
0.0875017362030954
0.106365779969742
0.125900480254142
0.146439868906801
0.167627581673782
0.188136013391882
0.205923591311735
0.219007492359772
0.226325902597552
0.228125252054405
0.225578230800785
0.219847456687827
0.211197656401166
0.198751947656318
0.181091759932007
0.15737926149712
0.128363438625503
0.0966951564058905
0.0663576861950705
0.0414735531405645
0.0250216219525973
0.0179774303363206
0.019142758669962
0.0256249293000773
0.0337111246484496
0.0398180495402311
0.0412562607405289
0.0366644393108224
0.0260843700101972
0.0107406688059574
-0.00734035364160183
-0.0257082132983276
-0.041748426146206
-0.0528518900139254
-0.0566644666136959
-0.0515891046736805
-0.0375039915681686
-0.0163682543423356
0.00773673647430882
0.0293823679393793
0.0432102317924594
0.0454494409912461
0.0349254295006552
0.013221336411732
-0.0159293086809092
-0.0476386958973801
-0.0768450702241447
-0.0990767061042981
-0.11102360090644
-0.110995126008704
-0.0992206093175309
-0.0778294276869321
-0.0503893791037499
-0.0210593353489292
0.00643279285073687
0.029724270047183
0.0483999908065662
0.0639752042713712
0.0791553027891335
0.0965577707402954
0.117435444040517
0.141040616615507
0.164945574901965
0.186066090642074
0.201748281123668
0.210381262884956
0.211449063491781
0.205247333072828
0.192418785255579
0.173424816735157
0.14838773138256
0.117685500630084
0.0827792501641874
0.0462751724545472
0.0111293842685824
-0.0201511816800401
-0.0457690270423265
-0.0645782117410276
-0.076056655355569
-0.0803329348227557
-0.0781233907364184
-0.070540146114344
-0.0588823900566747
-0.0445494032606012
-0.0291140690281584
-0.0144542534355566
-0.00274310398727521
0.00387389881224793
0.00390007763376025
-0.00286709368179568
-0.0150571595827763
-0.030027543533808
-0.0445960522992327
-0.055823309751068
-0.0615542941424036
-0.0607089225457804
-0.0534666222289312
-0.0413777259348415
-0.0272333826943902
-0.0145090874705068
-0.0064261502699255
-0.0049587272435892
-0.0102227601583419
-0.0205400815626291
-0.0331594065736371
-0.0453016461732284
-0.055054630303811
-0.0617646026148118
-0.0658787542406749
-0.0684629432636925
-0.0706737697168029
-0.0733334516864351
-0.0766253162872286
-0.0799286394536524
-0.081890238209088
-0.0808305173432596
-0.0754284159695523
-0.0654152434490029
-0.0519130171039469
-0.0371910721971514
-0.0239257211252226
-0.0143319175952056
-0.0095992802801468
-0.00986476297707263
-0.0146281263778778
-0.0232768327670808
-0.035374242924591
-0.0505648600363073
-0.0682204344651187
-0.0871197482688027
-0.105426003754586
-0.121028046438758
-0.132079293508783
-0.137456255250132
-0.136934166580488
-0.131062739872938
-0.120861883834517
-0.107457153515329
-0.0917054517505244
-0.0738569982833664
-0.0533858925343536
-0.0291704435762889
-8.46931725518327e-05
0.0341870818483836
0.0724908884742486
0.112054102882396
0.148985211405025
0.179279383054597
0.199962730934155
0.209916278999685
0.210021641084779
0.202567072282461
0.190209300525468
0.174978901642573
0.157722418166532
0.138088935804438
0.114905884704679
0.0866896036613354
0.0520959785173839
0.0102481719895244
-0.0390082345087877
-0.0948428863790822
-0.155171390216671
-0.216516869092881
-0.274190976895069
-0.32282626346449
-0.357057109662178
-0.372232163634605
-0.365500089730355
-0.337486886154137
-0.293400126161785
-0.241692028164117
-0.190604553438146
-0.145443991443722
-0.108311049156204
-0.0791412993299465
-0.0565113594024868
-0.0381292746868102
-0.0214536698026483
-0.00436163543431912
0.0144829981724331
0.0356219959196767
0.0588917595432758
0.0833710481134781
0.107259966685545
0.128011370274858
0.142943612981245
0.150182127444381
0.149445940217512
0.142212634016213
0.13113996370692
0.119014450637742
0.107692359566785
0.0974623033433776
0.0870825141501106
0.0744946845615583
0.0579265986997361
0.0368744447965581
0.0124714806918024
-0.0129362503934706
-0.0367454353553497
-0.0570442081173526
-0.0730687577459765
-0.0849893897757466
-0.093205960407095
-0.0975732356720563
-0.0970164841458645
-0.0898210595395968
-0.0745451220738412
-0.0511575508810821
-0.0218262059420028
0.00911048113883575
0.0360955593658181
0.0538988932079717
0.0591425493396505
0.0512220745503106
0.0323530325713468
0.00685954006744491
-0.0199568998811782
-0.0430447668508836
-0.0587117611996277
-0.0654290689256648
-0.0640914799838497
-0.0575359394081185
-0.0493770175332924
-0.0425740963229004
-0.0383340430614288
-0.0358051750855771
-0.0326193129060845
-0.0259505180755106
-0.0136054210879098
0.00522275388792503
0.0296549368777539
0.0572094240586125
0.0841717348614653
0.106249233863014
0.119546902959562
0.12174796849058
0.113112204889758
0.0967745961341433
0.0780386309203837
0.0628347661226585
0.0559473248218652
0.0597172008275851
0.0736470549651559
0.0948600196935751
0.118997125307941
0.141104444141131
0.156326814348864
0.160516157397757
0.150906929730071
0.126804442823418
0.090020095390095
0.044788880027162
-0.00290133130313812
-0.0464308998440356
-0.0798767998563975
-0.099275282846475
-0.103527735093581
-0.0946709454929577
-0.0773524970016045
-0.0575968865372642
-0.0412190257955166
-0.0323827828922304
-0.0327196704597615
-0.0411673583375352
-0.0544267445705933
-0.0678198328712931
-0.0763620011111445
-0.0759113899099329
-0.0642140902096937
-0.0415614417265854
-0.0107619948362954
0.0236848088288497
0.0569861623037377
0.0854864072905848
0.107516993466681
0.123298307952543
0.133986218006565
0.140387592815946
0.142035027566241
0.137116682805615
0.123302544406057
0.0990383708125325
0.0646463030401603
0.0226856306515352
-0.022601975089284
-0.0665164594627737
-0.105261788115584
-0.136875661559499
-0.161373415908842
-0.180131665883546
-0.194878058050547
-0.206769947419513
-0.215907951191827
-0.221378168341612
-0.221707842624035
-0.215509706617527
-0.202062860416079
-0.181627911436189
-0.155426471644543
-0.125378629140442
-0.0937803203740076
-0.0630518859780301
-0.0355549116277231
-0.0133851374509271
0.00191963694705593
0.00971184322118706
0.0104883644861037
0.00596288181855706
-0.00108132375816292
-0.00714499296047576
-0.00854575945640126
-0.00209198593808401
0.0141875053653667
0.0404210426930586
0.0746002672259004
0.112808192041609
0.150015827012206
0.181266557438681
0.202870012438931
0.213186218411055
0.212746227423604
0.203747395999919
0.189213776603787
0.172184664934534
0.15516761252275
0.139872977316654
0.12709093518639
0.116580525617558
0.106993470333073
0.0960154875753081
0.0809107843774509
0.0594482145868055
0.0308996102152889
-0.00334259146307434
-0.0398512635893227
-0.0739566775926841
-0.100950344875567
-0.117287341564764
-0.121433631747267
-0.114153086517724
-0.0981909985248509
-0.0774585949052101
-0.0559456755884859
-0.0366717495787949
-0.0210031387646496
-0.00857250893744602
0.00218088242610082
0.0131061123546373
0.0254985434981171
0.0396914843721745
0.0551916921744636
0.0711716645253532
0.0869756001854283
0.102350756232231
0.11732143487206
0.131847441356344
0.145530101147847
0.157590827414169
0.167178513634745
0.173859370100183
0.178025052076555
0.180993718150204
0.184741445453927
0.191369484713403
0.202482925764531
0.218630933046887
0.238923668494893
0.260953320745297
0.28115689147138
0.295658783884162
0.301394873973908
0.297087485206277
0.283627089587846
0.263691015257568
0.240812049581461
0.218328999045502
0.198598911669701
0.182647478485562
0.170257768314011
0.160402746090054
0.151854495082029
0.143721746005325
0.13565356817364
0.127596338859108
0.119264858998371
0.109693722781006
0.0971961217922112
0.0798001829626495
0.0559631472572307
0.0252611692050596
-0.0111778978465392
-0.0506092883449428
-0.0890028967261784
-0.121752501465297
-0.144671060820058
-0.155071482753688
-0.152646907092994
-0.139868500083458
-0.12171025610753
-0.104647447140412
-0.095056138611386
-0.0973821155561635
-0.112667197224288
-0.138033752323525
-0.167425992722021
-0.193409453534068
-0.209405066437242
-0.211585347539347
-0.199819447701194
-0.177420247532254
-0.149865032239639
-0.122980287396322
-0.101203614240069
-0.0864488564621915
-0.0778600639122966
-0.0724303691606401
-0.0661773052332473
-0.0554082186703787
-0.0376558111951783
-0.01209936477045
0.0204296180954095
0.057619262675211
0.0958813519956868
0.130661711095343
0.157054360567083
0.170795721475509
0.169415940504886
0.153084378817924
0.124717913262166
0.0892349187085004
0.0522393937200425
0.0186617611198583
-0.00816389313531757
-0.0267876402666467
-0.0374253804801177
-0.0415339699316098
-0.0414081564791049
-0.039809363272502
-0.0394792899389948
-0.0424496806317226
-0.049300079006106
-0.0587376772296899
-0.0678675947835119
-0.0732290881906422
-0.0722348477635022
-0.0643334563426777
-0.051258566776273
-0.0361781935843888
-0.0221826895964621
-0.0109482972663554
-0.00229290799916839
0.00523079008334682
0.0131819302817012
0.0222431908485638
0.0318753040431464
0.0405995688661845
0.046547543368028
0.0479253298905395
0.0432907996294611
0.0317593456702187
0.0132663380198872
-0.0111309835019555
-0.0390807436507227
-0.0671099700517778
-0.0912715581982905
-0.108173688704016
-0.116040431144866
-0.115325037296992
-0.108546921143549
-0.099394710779655
-0.091487485655507
-0.087294225524086
-0.0875616782097885
-0.0913470115614052
-0.0965489526073249
-0.100730229610123
-0.101992687425637
-0.0996626678369924
-0.0945641986452317
-0.0887359297801813
-0.0846178406466391
-0.0839686019053107
-0.0869618877580731
-0.0919083291036913
-0.0958034007173341
-0.0955153731406454
-0.0891138427490007
-0.0767676246738089
-0.060829016629834
-0.0450598463736851
-0.0332995787616132
-0.0281045509237248
-0.0299093194570162
-0.0370473196972697
-0.0465975103033059
-0.0556687576136668
-0.0625644486736241
-0.0673537802041424
-0.0716531325452397
-0.0777524212799792
-0.0874647488951059
-0.101147561791796
-0.117241863359374
-0.132476825010894
-0.142678612250954
-0.143952001224728
-0.133881509888967
-0.112353100933473
-0.081694332053139
-0.0460952543820942
-0.0105868349882677
0.019998677649317
0.0417908223673224
0.0523414083143194
0.0509017973242305
0.0385519875968943
0.0180553527514869
-0.00670163241314672
-0.0316417051515177
-0.0535210485313992
-0.0706512089222756
-0.0830097716152981
-0.091686673176368
-0.0979382468509185
-0.102352610753187
-0.104595547993379
-0.10386271827077
-0.0997029625030452
-0.0926286873926085
-0.0840951496964312
-0.075892603593723
-0.0693995611736191
-0.0651941656989004
-0.0632058149986576
-0.0631752076993695
-0.0649906443963956
-0.0686098952708297
-0.0736332463265837
-0.0788969148544765
-0.0824926217557334
-0.0823652400373656
-0.0772644197653736
-0.0675641429499186
-0.0554680318693331
-0.0443839844271122
-0.0376519099922555
-0.0371602055453282
-0.0425104844888536
-0.0511822303230617
-0.0596680711692184
-0.0650345249034097
-0.0661151544760233
-0.0637382751349477
-0.0599401253259959
-0.0566884920305704
-0.0548776842515797
-0.054113878176292
-0.0532815115833844
-0.0514363751193372
-0.0484737068966785
-0.0452591141994826
-0.0432618143306282
-0.043952912355989
-0.0482335789240645
-0.0560248326373115
-0.0660458617479688
-0.0758207191384492
-0.0820177995344542
-0.0811939745620109
-0.0708217948947964
-0.0502404675950804
-0.0211002545658774
0.0129278940689983
0.0470481122285795
0.0764531876650095
0.097275069475652
0.107197287880742
0.105749498293862
0.0943513596262959
0.0761105895380214
0.0553308820004797
0.0367168288877434
0.0243607454523409
0.0207192980713267
0.0258889106757041
0.0374958780287139
0.0513596850415143
0.0627831953041616
0.068019121650637
0.0653565466840792
0.0554536158430584
0.0409033350962421
0.0253283211398951
0.0123906677732436
0.00498864121297875
0.004736168248268
0.0117144548064593
0.0244758936957195
0.0403111018551211
0.05578315246996
0.0674504866896663
0.0725780914174942
0.0695796120084019
0.0580348005532813
0.0383619215322145
0.011431529020231
-0.021584054047497
-0.0590407928669353
-0.0985167048891188
-0.136681082354396
-0.169552644241439
-0.19311876634725
-0.204078448710079
-0.20043013827338
-0.181755237994215
-0.149227307348536
-0.105464382040215
-0.0542945664652425
-0.000403352269972098
0.0512081336096938
0.0959545087907314
0.130457287839198
0.153166836945896
0.164588733458516
0.167009220339812
0.163804247447599
0.15857082166773
0.154343831254304
0.153055859881682
0.155262192816081
0.160090621973297
0.165393967789268
0.168115548427928
0.164876250113837
0.152762456149292
0.130240718364989
0.0980166876472485
0.0595009586044179
0.0204754798306074
-0.0122466198545997
-0.0328925770339378
-0.0387601481607658
-0.0312954570937155
-0.0156830104200355
0.000906130304911278
0.011669476644546
0.0121902994084872
0.0014249847038132
-0.0184926018172541
-0.0432596765816168
-0.0676460717442431
-0.0865728839071808
-0.0959765141584351
-0.0935559562041535
-0.0793349845770331
-0.0557368990785501
-0.0269228455996663
0.00244913110457445
0.0284598886626157
0.0485468508192544
0.0613443384523842
0.066159452804844
0.0627023462399787
0.0513724361149321
0.0338555755195655
0.0134603273422545
-0.00526574767891253
-0.0176705493790055
-0.0204667824289202
-0.0129028847292991
0.00289662244449765
0.0226025925309349
0.0411185630731
0.0542281244827904
0.0598305085840154
0.0583339163233642
0.0521333336065932
0.044467416814621
0.0381712061470523
0.0348291483546418
0.0346033618095196
0.0366781281176802
0.0399863350867931
0.0438077177365909
0.0479830333405888
0.0527565791783311
0.0584572402589938
0.0652476348024431
0.0730530184753572
0.0816504985151538
0.0908382886813098
0.100602851394202
0.111205256170626
0.123105242577243
0.136679261851588
0.151803571195601
0.167515517471282
0.182012591030981
0.193111953198085
0.199023461024285
0.199062099914581
0.193910017826233
0.185262566606191
0.175023492847372
0.164453664781564
0.153693486898281
0.141878678745915
0.127776948569272
0.110640529711787
0.0908869259169202
0.0702940680283769
0.0515831355049624
0.0375015813013798
0.0297345476001398
0.0280782085340943
0.030239312193526
0.0323839432752533
0.0302376807836669
0.0202988876560763
0.000711450954757271
-0.0284321902842287
-0.0652760407041229
-0.106603980305229
-0.148223048916163
-0.185271253007976
-0.212589243554029
-0.225373324406676
-0.220205169885385
-0.196247632645526
-0.156087505031499
-0.105660949697354
-0.0530284145734912
-0.0062955782385834
0.0286121338061012
0.0495192115022131
0.0583367241272618
0.0600409252813477
0.0607015622080871
0.0653489138964944
0.0764682212978318
0.0935174599856199
0.113361159337496
0.131243382083127
0.141980196600905
0.141224750312228
0.126687185646205
0.0990449476406505
0.0621594198388912
0.022329486359679
-0.0133314461286689
-0.0389004228412468
-0.0513099427180244
-0.0510402903914547
-0.0415958024382927
-0.0280436444346951
-0.0152841458346057
-0.00675625843044769
-0.00394691578293449
-0.00661068753714406
-0.0133325292820282
-0.0221095015381137
-0.0308409612632467
-0.0377556716965258
-0.0417687643707815
-0.0426629844471654
-0.0409920014817975
-0.037736318047772
-0.0338793584135838
-0.0300891214957126
-0.0265951648825136
-0.0232429986211473
-0.0196634871381222
-0.0155042934340899
-0.0106801621144048
-0.00557666552223599
-0.00110930288952159
0.00144229501014393
0.000798401036855202
-0.00392570584437564
-0.0130050378212501
-0.0261613709936
-0.0427886234851828
-0.0621474419700162
-0.0833922561916136
-0.105437951313401
-0.126796745251024
-0.145578399171882
-0.159820207532289
-0.168151632252863
-0.170533837354631
-0.168627047599864
-0.165433563205595
-0.164250324357166
-0.167394848396463
-0.175326571559618
-0.186548930872529
-0.198216565070388
-0.207018442815398
-0.209900296186289
-0.204490846126037
-0.189417103824432
-0.164727197156257
-0.132337159055042
-0.0960737463376119
-0.0608939882234019
-0.0313391376976077
-0.00989751597631593
0.00381454427850225
0.0125480405795346
0.0198761273903881
0.0285012243592442
0.0393167745340467
0.0515712496254711
0.0637874540458112
0.0747243810781205
0.0838179041579563
0.0910166058616539
0.0963568056008011
0.0997034100740781
0.100824523921595
0.0996379338064794
0.0963554897572449
0.0914144804180033
0.0853235022613572
0.07862031861615
0.0719883690672172
0.066375055292712
0.0629025473812925
0.0625062964285565
0.0654490024622443
0.07097604238897
0.0773365423737302
0.082235738237164
0.0835949038789932
0.0803482581880819
0.0729519915441925
0.0633513592540159
0.0543494378877654
0.0485856762109364
0.0475369852577415
0.0509683800058898
0.0570534862617243
0.0630736921432188
0.0663765909769445
0.0652433873104489
0.0594332387460226
0.0502952992628693
0.0403895253252601
0.0326138388261119
0.0290203854838427
0.0297769968068919
0.032846259763586
0.0346907962910592
0.0317472250914775
0.0219302969134491
0.00541433687573473
-0.0155834985804806
-0.037697717073731
-0.0574008202993394
-0.0716923594842852
-0.0784858830090354
-0.0768764989072472
-0.0673455447284278
-0.0517434874442604
-0.0328786238857118
-0.0137729592489358
0.0031035124161276
0.0162981836822256
0.0254611410258825
0.0312245274596397
0.0350668555068695
0.0391369623109437
0.0458234565501512
0.0569435485986306
0.0727624818866281
0.0913483138282139
0.108733832435644
0.119982886358741
0.120792572715599
0.108997632700465
0.0854026905615014
0.0536732184592368
0.0193907126525191
-0.0113426686493775
-0.0332749074019722
-0.0429790499718549
-0.0392748164160157
-0.0231428765493528
0.00270980913287492
0.0344559102037402
0.0677763061284347
0.098405126647919
0.122536361888151
0.137100049600726
0.139971708038956
0.130188709728449
0.108187292841597
0.0759687336403519
0.0370278096500997
-0.00408913432323383
-0.0425678923153441
-0.0742205078129575
-0.0961672037124359
-0.107100958375355
-0.107178991898497
-0.0977556900722235
-0.0811247707263223
-0.060264331332016
-0.0384883403599123
-0.0189885412141074
-0.00438269015158533
0.00358942835981986
0.00417977430161937
-0.00237571852095962
-0.0149000562148424
-0.0313439750134718
-0.048955242896994
-0.0646238110067092
-0.0753868073983176
-0.0789731873483651
-0.0742393835550799
-0.0614038115338093
-0.0420542366182314
-0.0189084388643169
0.00471340968451844
0.0256847225146187
0.0419254858394475
0.0529177723491409
0.0595496251637018
0.0633298958155197
0.0654648203298726
0.0664149591276836
0.0661946140721256
0.0650961883248963
0.0641962771766067
0.0651934093117257
0.0696609656776943
0.0782305679380153
0.0902403676285532
0.104040817589446
0.117747562366517
0.130026987478562
0.140548826852534
0.149942625225043
0.159323869895967
0.169617485876666
0.180951683639244
0.19233195494263
0.201689481470109
0.206285878730846
0.203371226825176
0.19094350660674
0.168447393461125
0.137256700365052
0.10077657918576
0.0640030390905703
0.0324791801804017
0.0108400091455096
0.00143147296803415
0.00359358281011747
0.0139605590680637
0.0276494496510405
0.0397818090305485
0.0466823466624374
0.0463618303890781
0.0383134439205995
0.0229564998160308
0.0011017063818007
-0.0263555993214183
-0.0585059047902574
-0.0943365092750692
-0.132530703211531
-0.171178590455207
-0.207510566279028
-0.237919624095998
-0.258562905398871
-0.266555815031609
-0.26128238321312
-0.245018964667971
-0.222280504673262
-0.198041119728979
-0.175767561844764
-0.156422990021856
-0.139023803529771
-0.122337428592888
-0.106587862836506
-0.0940756177137187
-0.0883504875006465
-0.0924603789415232
-0.107257726574952
-0.130573822915236
-0.157521095805048
-0.18167518624975
-0.196667007579478
-0.197740653589992
-0.182941480982349
-0.153693046448188
-0.114611812482441
-0.0725363119381348
-0.0349316787677567
-0.00805245217422885
0.00457819314479257
0.00283194017660067
-0.0104619266985352
-0.0308325512423988
-0.0537796879861321
-0.07605441906718
-0.0962315068174001
-0.11454599651684
-0.1322211505935
-0.150600431114491
-0.170353029533139
-0.190935302634939
-0.210420768478453
-0.225758510039224
-0.233436683441126
-0.23039015414316
-0.214859818261225
-0.186897837477807
-0.148361376007072
-0.102455962628553
-0.0530376863486185
-0.0039099856059763
0.0416947536615917
0.0813387490903318
0.113332493971004
0.136610988786771
0.150788546983183
0.156482880410959
0.155686363110961
0.151774906754936
0.148886181486606
0.150784440115027
0.159662261605329
0.175379693042837
0.195422525022262
0.21555684379079
0.230926389802636
0.237232438390693
0.231650326066227
0.213270362512507
0.183060774726871
0.143519218364634
0.0982008706385868
0.0512079851097579
0.00663209104565061
-0.0320467333988424
-0.0625129001234026
-0.0839726997217108
-0.0971896350744525
-0.104146521772917
-0.107379809042771
-0.109145864385674
-0.11068986890005
-0.111919365059027
-0.111659415680701
-0.108406363407518
-0.101244352745852
-0.0905021706050485
-0.077852284653662
-0.0658015956068312
-0.0567770446877694
-0.0521976321611678
-0.0519830088119131
-0.0547852889424771
-0.0588365561277058
-0.0628944217895771
-0.0666818287354919
-0.0705876991336695
-0.074949504502993
-0.0795193873363315
-0.0835112011070279
-0.0861517169328199
-0.0873133238596518
-0.0878022904867678
-0.0891292584402333
-0.0928800933511137
-0.0999914232423387
-0.110279167788942
-0.122466792737972
-0.134728927027574
-0.145496164563679
-0.154113379337992
-0.161008616757546
-0.167271116606606
-0.173814594981727
-0.180487767229842
-0.185531964699562
-0.185678025772928
-0.176955793019404
-0.156016023697247
-0.12151640022726
-0.0750057725547819
-0.0208580954590062
0.034818517639271
0.0858890510505697
0.127794197947179
0.158400814024123
0.177870731216666
0.187805641096629
0.190196199537279
0.186661491400658
0.178212808278569
0.165481906626058
0.149143977445918
0.130204080419268
0.109922469599868
0.0893904424842075
0.0690178194037268
0.0483013562599354
0.0261195845391498
0.00150002337817306
-0.0254908787081066
-0.0531980543548702
-0.0785042934948654
-0.0976758858430562
-0.107643628403205
-0.107200336199316
-0.0975594033714347
-0.0819462927185522
-0.0643378922759976
-0.0479152153229567
-0.0339730821043151
-0.021789652803776
-0.00943301516242934
0.00499066041171084
0.0222835270402888
0.0417285409886322
0.0613763461029305
0.0788561125784485
0.092362495677011
0.101410816202847
0.107010972880314
0.111141136295374
0.115756309524133
0.121840683441053
0.12899203371486
0.13569580845026
0.14003438699154
0.140372425710999
0.135676681605567
0.125438798258076
0.109432921244557
0.0875944169664338
0.0601550787972875
0.0279476651186615
-0.00734225421867964
-0.0431683398848023
-0.0764041447579991
-0.103820129996209
-0.122624595562193
-0.130975115829121
-0.128401431616291
-0.116056184339922
-0.0966599323606936
-0.0740242556405942
-0.0521812876203668
-0.0343668066527729
-0.0222438939351101
-0.0156801416911345
-0.0131200056998808
-0.0123087623253704
-0.011030153750403
-0.00765241129502666
-0.00146849911002585
0.00712912472605667
0.0166930281247552
0.0251074974425929
0.0303334821209265
0.0312894968390947
0.0284705102069386
0.0239550850174079
0.0207218853084327
0.0215323832773574
0.027832538404588
0.0390772769744997
0.052663273514271
0.0644454562342691
0.0697097913652762
0.0644197211042344
0.0464504911770318
0.0164107667990612
-0.022315694858745
-0.0643977491171021
-0.103940232806627
-0.135852488727694
-0.156713609507474
-0.164999199781552
-0.16088282217123
-0.145927101312038
-0.122824262969554
-0.0951248654413396
-0.0668061118131114
-0.0416289154205108
-0.022411246864708
-0.010449857018677
-0.00527919660058738
-0.00482741067274527
-0.00593325942037018
-0.00515596992912692
0.000242479172896669
0.0113945027331436
0.0273684188220378
0.0454404017044425
0.0620698600247212
0.07417643646088
0.0801322786329501
0.0800208205031951
0.0751026637920606
0.0668570121301446
0.056197053037419
0.0433449045588957
0.0284278311986372
0.0123525846166733
-0.00273640666278175
-0.0138841552270494
-0.0185048724780175
-0.0156173022577772
-0.00634681995086133
0.00661970955825305
0.0202471679870549
0.0322613714050564
0.0415616684414617
0.0479151480443256
0.0514034889088764
0.0521421394261511
0.0504188847048233
0.0469675367730164
0.0429750791400283
0.0396835702179269
0.0378236112992739
0.0372696960992206
0.0371382548748201
0.0362438871056462
0.0336502453860226
0.0290914146081489
0.0231787421587313
0.0173833466888174
0.0137634525017793
0.0143979849041393
0.0205988596217225
0.0321621538065594
0.0470122591973532
0.0614673820231633
0.0710714732336692
0.0716936585395466
0.0605349362671994
0.0367869089386079
0.00184900078597505
-0.0408589453340351
-0.0863879064148443
-0.128962940308697
-0.162858165021281
-0.183413137135566
-0.188049560469223
-0.176956903426882
-0.153034578282329
-0.120891756401508
-0.0851802328640286
-0.0489767013548269
-0.0129978945783381
0.0239724852663349
0.0637039929563959
0.106925446889219
0.152315940076881
0.196535235850746
0.235215798484723
0.264384980557204
0.281617781931315
0.286427177110425
0.279883898651728
0.263927095195285
0.240947430939811
0.213887841714932
0.186565460682774
0.163608041498357
0.14959039866338
0.147532725318623
0.157469582207658
0.175923052528564
0.196719031925166
0.212911382049683
0.219018539791029
0.212633656280603
0.194797515640807
0.169122735103338
0.140196516161238
0.112001157596178
0.0869278795395373
0.0655861823689315
0.0472610282050626
0.0306889042195573
0.0148219466962534
-0.000647429330733425
-0.0151070485299012
-0.0272016259907915
-0.0352981585080214
-0.0380833130192866
-0.0350626567550691
-0.0267594455102502
-0.0145762272838634
-0.000475848997742347
0.0133189370228706
0.0245569045333582
0.0312348644031273
0.0320068300491815
0.0266069037188656
0.0160106808483838
0.00214928955666856
-0.0127260911503156
-0.0266940595947341
-0.038500003165844
-0.0474993476985732
-0.0534160977689941
-0.0562302537457618
-0.0563385934892778
-0.0548246871777717
-0.053488387361928
-0.0543969525565644
-0.059062230639441
-0.0676646892251078
-0.0787980200389654
-0.0899536084057264
-0.0985603835446899
-0.10307540053213
-0.103556702095482
-0.101389246721827
-0.0982817096093707
-0.0950837134743515
-0.0911247029996348
-0.0845082846955959
-0.0732307625611366
-0.0564699971679256
-0.0352535648216771
-0.0120745610329644
0.01032854179747
0.0302818471284231
0.0477669493167541
0.0639423870715749
0.0799328917152189
0.095687621440499
0.109641715793164
0.119373713946944
0.122816760534846
0.119286137138586
0.109796916208128
0.0966566889696401
0.0827298243710189
0.070810618523608
0.0632666321961549
0.0618149823538658
0.0672351955638058
0.0790169128752624
0.0951769592353868
0.112526575689714
0.127466772934408
0.137074399149377
0.140023513655113
0.136908678678846
0.129803582171575
0.121267799696373
0.113294014714416
0.106690634164827
0.101113332391058
0.0955900889452809
0.08918106664075
0.0814691887677426
0.0727583683174568
0.0639803160874869
0.0563449598791427
0.0508238390803755
0.0476842558837311
0.0463683636742701
0.0458607459304675
0.0453352601292341
0.0446018553025158
0.0439804605227623
0.0436868831298444
0.043248195842832
0.0414867303663436
0.0371976545797128
0.0301336834146483
0.0216703452119016
0.0146717114347769
0.0124792612629722
0.017394761077059
0.0293303772366272
0.0453063560667741
0.0601364276545707
0.0680827387502466
0.0647805121087232
0.0486138405515563
0.0210328665299791
-0.0141691658916253
-0.0521664306825206
-0.088401188846947
-0.11942038449427
-0.143103628581703
-0.158456037389765
-0.16530684642986
-0.164176933438282
-0.156321685315212
-0.143735281473342
-0.128902700898681
-0.114287524670773
-0.101760919958999
-0.0922496978378346
-0.0857899083526871
-0.081984033521915
-0.0806425674138954
-0.0822281676568639
-0.0877436381980627
-0.097998889060916
-0.112637451492545
-0.12958162692101
-0.14539725246121
-0.156529082407109
-0.160775713017875
-0.158160221088479
-0.150660079509026
-0.140904302749399
-0.130545586456036
-0.119216812058926
-0.10465741573978
-0.0839320532382892
-0.0550680153791288
-0.0182734622705713
0.0237721541544902
0.0665195684217275
0.104633971390727
0.133139476407328
0.148419222744292
0.149031071683631
0.136249917798642
0.114094070743042
0.0885879888450828
0.0662843826275963
0.0524667596428498
0.0496783767623954
0.0571037138462665
0.0709668668742455
0.0857502127849386
0.0958258684761626
0.0970288152466523
0.0877432741486025
0.069217184036137
0.0450440013843444
0.0199866926079031
-0.00150492648842301
-0.0166457048019976
-0.0251183587432027
-0.029062290355935
-0.0322469405372683
-0.0387162937299184
-0.051379311030719
-0.071031580923408
-0.0961255985185777
-0.123327558569445
-0.148616320240913
-0.168504679106704
-0.180953369992548
-0.185694674567297
-0.183931313437278
-0.177645562021936
-0.168919459351365
-0.159597126632209
-0.151306582856911
-0.145520834747178
-0.143296345420833
-0.1446829006039
-0.148262070915355
-0.151382491749469
-0.151232454774648
-0.14622649645327
-0.136834566720359
-0.125270428765735
-0.114187435564289
-0.105164348244708
-0.0978635813859446
-0.0902967621538564
-0.0799889494414636
-0.0653886720782319
-0.0468108922102
-0.0264753156525284
-0.00764868311832968
0.00667147548511156
0.0148703447799862
0.0170871786966938
0.0147478168859088
0.00966376941159342
0.00330592731528363
-0.00339262916381923
-0.00984041515830143
-0.015629864345056
-0.0206961807428943
-0.0256298141633427
-0.0316932706163197
-0.0402652940359658
-0.0519329400474456
-0.0658209110852799
-0.0796461515953172
-0.0905014716774282
-0.0959131267538356
-0.0946199685075193
-0.0867811175317983
-0.0736692697498611
-0.0571009514862743
-0.0388498472148048
-0.0202016680695001
-0.00174839686905879
0.016518424094835
0.0348424129862722
0.0532349788757868
0.0711680307619195
0.087613449097154
0.101393115222209
0.111601789249501
0.117845856892334
0.120202158200877
0.118993201133653
0.114554844117646
0.107121411064119
0.0968532350418195
0.0839604017536397
0.0688453149632092
0.05216950253353
0.034747916465159
0.0172313175593359
-0.000320727155487835
-0.0187188712625728
-0.0395003601738163
-0.0642964211947953
-0.0939704217882771
-0.127973510992363
-0.16423738602242
-0.199580784755129
-0.23034380522232
-0.25298317178055
-0.264563135058497
-0.263186986126388
-0.248311738522588
-0.220752307758914
-0.182270948771484
-0.134966785960355
-0.080924953562307
-0.0224464797826278
0.0373156615961501
0.0939520263012574
0.142256170076991
0.177619744269988
0.197702978452889
0.20338976667238
0.198393538541186
0.187676559725466
0.17550901093711
0.164101476550203
0.15332094427384
0.141414112005353
0.126276007473163
0.106728082147372
0.0833885898426462
0.0588699130454879
0.0371798407285925
0.022406450292579
0.0170725643999884
0.020839572170908
0.0302711145954182
0.0399620044745776
0.0446324808034858
0.0412182978005411
0.0299691799727793
0.0141309897780523
-0.00146853482689161
-0.0121688998638009
-0.014847320427624
-0.00855782080112447
0.00554130096854836
0.0247406863450639
0.0455296562643119
0.0642970255998769
0.0778343229792045
0.0836303101172181
0.0800660476513005
0.066638894775316
0.0442359093784246
0.0153183537946904
-0.0162078876222179
-0.0455975934483264
-0.0683052521339465
-0.0811699766392759
-0.0833202190274516
-0.076452484906141
-0.064394406369131
-0.0521105793630125
-0.044412181741868
-0.0446468713539515
-0.0537074462694326
-0.0697646923980368
-0.0889825013796669
-0.107024157451114
-0.120671413576784
-0.128764712973659
-0.132074083411764
-0.132340329766164
-0.131139942218567
-0.129192419452819
-0.126349293735909
-0.122068138992122
-0.115940595321878
-0.107912561762916
-0.0981213049094799
-0.0865635610325189
-0.0729040871338942
-0.0566021137082109
-0.037308812585179
-0.015333710826654
0.00805127676786491
0.0306430194537957
0.0497370213962701
0.0628623904191487
0.0685608564435499
0.0668824665205491
0.0593965021941677
0.0487681494376781
0.038128745584322
0.0304376408456681
0.0278845989301569
0.0313230168677226
0.0398439848762155
0.0507593395226183
0.060237391952742
0.0645548824174269
0.0615460109576019
0.0516032630933415
0.0376953662278686
0.0243029257222396
0.0157228313105303
0.0145430214227051
0.0209941045518353
0.0333628343329631
0.0490398349981941
0.0655063361175532
0.0808164020045122
0.0936408507056798
0.103239351603194
0.109586295213942
0.113507359395755
0.116506692899578
0.120173244243559
0.125439185073899
0.132143100040028
0.139152880497374
0.144909005178492
0.147997355699843
0.147435900230172
0.142654332998941
0.133392342949953
0.119751755816023
0.102434330189458
0.0829672383319502
0.0636531596241608
0.0471343867865058
0.0357123435136763
0.0307250669149025
0.0322474460148035
0.0391934885002763
0.0497113853076316
0.06167813298066
0.0731256635876982
0.0825067560800798
0.0887874558450483
0.0914160478558581
0.090255304850254
0.085552812701748
0.0779579496057763
0.0685179737096319
0.0585722913173777
0.0495371554263453
0.0426660303207427
0.0388898221916967
0.0387691322093189
0.042502900147986
0.0499123934634787
0.0603610455465261
0.0726328440720165
0.0848448438348044
0.094509213643324
0.0988628213038527
0.0954978562046426
0.0831546170538126
0.0623775688567799
0.0357167784835909
0.00730870306491768
-0.0180989816526909
-0.0364161423616944
-0.0453926461547468
-0.0453080579574501
-0.0388653394807668
-0.0302583370915046
-0.0237578049144639
-0.0224229843990902
-0.027475594246482
-0.0384683138830042
-0.0539188411069974
-0.0719105887840321
-0.0903883230172454
-0.107264626438112
-0.120636990970867
-0.129237093242669
-0.132880636682283
-0.132516037411639
-0.12968423837764
-0.125655208542098
-0.120820166983089
-0.114793193146099
-0.107151987333824
-0.0982076813415161
-0.0890931161041436
-0.0809553888314819
-0.0738013037401821
-0.065959927491491
-0.0547975180317916
-0.0384342886934604
-0.0174193763230106
0.00478041036712627
0.0229323305278297
0.0322596431321114
0.0304900353455115
0.0186160848257262
8.96313753038591e-05
-0.0208736944215751
-0.040792059371688
-0.0574982633619305
-0.0698799627828839
-0.0774337859888397
-0.080232824133188
-0.0793331237302698
-0.0770738113839333
-0.07665731275856
-0.0809139648283508
-0.0908622248611729
-0.105004409749089
-0.119948457222428
-0.132118952899279
-0.139581572794409
-0.142882807449176
-0.144404846309264
-0.1466506827015
-0.150498234564074
-0.154421604379593
-0.155061158170628
-0.148758685492399
-0.133210016845741
-0.108434950167027
-0.076717041681198
-0.04171704390185
-0.0073089238429181
0.0233171884077241
0.0480284506222897
0.0656915514308288
0.0759510257731848
0.0790350453329774
0.0756004503246312
0.0665651569472258
0.0529766699554367
0.0360512144695554
0.0174070190341585
-0.000732429603357955
-0.0157099014912891
-0.0251356116352717
-0.0278762885633708
-0.0247902526105214
-0.0187021392773741
-0.0134785113973883
-0.0125479911284435
-0.0175287332903232
-0.0275967368153568
-0.0398561882958592
-0.050468339517853
-0.0559635984678816
-0.0541940769298533
-0.0447046068954119
-0.0286283718124965
-0.00831819410252824
0.0131696588708962
0.0327040120770617
0.0477220604070163
0.0566826651143955
0.0591592843954808
0.0556013304286996
0.0469799968335553
0.0345383686036137
0.0197010350644913
0.00402969895157657
-0.0109178196539418
-0.023846217010897
-0.0339604817314411
-0.0409966450030441
-0.0449943410551463
-0.0459886547370702
-0.0439173937770675
-0.0389049093686146
-0.0317644193780814
-0.0243084899940438
-0.0190973187565008
-0.0185889714781968
-0.0240568323917054
-0.0348332302219356
-0.0483040796215573
-0.0607071310040247
-0.0683956749685784
-0.0690420657531408
-0.0623627961653397
-0.0502285491748061
-0.0362341995414565
-0.0248249112940966
-0.0200478671253618
-0.0241415723812512
-0.0364610443918158
-0.0533637894334725
-0.0693787617849431
-0.0793234303724974
-0.0804266898424683
-0.0733883257675407
-0.0618004684300574
-0.0502195667012928
-0.0419106463437269
-0.0374461649454081
-0.0348204517298135
-0.0308534994937569
-0.0229632790734924
-0.0103076886108672
0.00617872781132834
0.024621210640117
0.0432662675055101
0.0611756084326999
0.0783172587416657
0.0951733834249632
0.112143878854953
0.128995543886128
0.144515614740811
0.156480184016613
0.162032331238314
0.158485760698925
0.144372802631212
0.120329620322171
0.0893459436704697
0.0561234051305733
0.0257058206362127
0.0019245849395394
-0.0136852768868815
-0.0220608976061348
-0.0258660485240505
-0.0282147466355471
-0.0314339517953792
-0.0363273903299062
-0.0421152027969585
-0.0469396808894274
-0.0486616949435118
-0.0456358234645886
-0.0372192373491393
-0.0239187855736249
-0.00724894747614211
0.0105540266585738
0.0268900109914252
0.0392620347945422
0.0458606324054655
0.046089870622825
0.0407220995762694
0.0314928239223602
0.020303265702495
0.00849684621053269
-0.00336074789856848
-0.0151249298938315
-0.0264466407033105
-0.0363051950220007
-0.0429620937179281
-0.0443395924552538
-0.0386463077992887
-0.0249982720544574
-0.00378857283430935
0.0233490513996012
0.0539503643006901
0.0852746667362336
0.114714397406433
0.139926586343897
0.158814619983997
0.169632782643105
0.171360637522509
0.164186352847053
0.149726171150441
0.130708464554418
0.110202726586074
0.0907877554994983
0.0740817161579984
0.0607963844287112
0.0511400690880174
0.0452191608241662
0.0431724086841337
0.0450129913777111
0.0503518565093629
0.058209660522951
0.0670353473130536
0.0749528217747282
0.0802002734806209
0.0816697422564279
0.0793744067241374
0.0746223878573213
0.0697318969206588
0.0672893798324021
0.0691570692548379
0.0755799358119061
0.0847553401875149
0.0931002088436744
0.0962206241443782
0.0903264487032509
0.0736244193699647
0.0471619679049226
0.0147468816745754
-0.0180896552411454
-0.0457215724120938
-0.0640206496013823
-0.071309690033828
-0.0683956107072129
-0.0578548597710959
-0.0430489673612622
-0.0273203009854902
-0.0135232905033541
-0.00375129501427099
0.000938986872580362
0.000813179805210629
-0.00247112904482451
-0.00627515872777672
-0.0079024519228358
-0.00571260185407281
0.000115911618848261
0.0076133106591355
0.0138772746784476
0.0163363780414524
0.0137594404399142
0.00653046750345823
-0.00380816246047321
-0.0153026422046584
-0.0261146831734297
-0.0346388323185471
-0.0394214829415129
-0.0392284137710115
-0.0334029064845508
-0.0223334297448909
-0.0076876645468886
0.00783050464163302
0.0211887894212646
0.0299511786665851
0.0330643726819966
0.0311876753029922
0.0264040059728351
0.0213885808075788
0.0183616057561205
0.0182938342740767
0.0207609003102835
0.0245398645970375
0.028633720571897
0.0331272963190724
0.0393326148335718
0.0490897207301536
0.0636017669275169
0.0824556693523223
0.103352233095216
0.122671722405961
0.136591699995259
0.142245478571867
0.138436711972263
0.125688425278532
0.105771719568097
0.0811078701099745
0.0543957069057473
0.0285197601096022
0.0064844429562062
-0.00894176036885373
-0.0159331935283986
-0.0143539763218142
-0.00605909212187167
0.00554711679743943
0.0165661526111037
0.0237991030333331
0.0255763705159321
0.0219891632796836
0.0146162515415417
0.00600009160381515
-0.00092188437386258
-0.00336378399805858
0.000754843984188946
0.0122248072624659
0.0300205893665082
0.0510774835115686
0.0706893882004962
0.0836756981965071
0.0860564646781
0.0765599654135661
0.0571980281363012
0.0325336372251944
0.00794106721804854
-0.0123045918568391
-0.0262284200854253
-0.0342328603903142
-0.0382709048602581
-0.0407038337323502
-0.0433549560388102
-0.0469440634366164
-0.0508573087575012
-0.053221796657612
-0.0513607964951798
-0.0426749456651782
-0.0257809272600279
-0.00150246805025098
0.0267545086564677
0.0535251081832691
0.0726361317587734
0.0789637528281337
0.0699914181814701
0.046607999016192
0.0128435416390445
-0.0253704834683513
-0.0619346219039358
-0.0921070439967573
-0.113234784925049
-0.124543153100676
-0.12635227864265
-0.119344819705137
-0.104338618269386
-0.0825762565429127
-0.0561682044856779
-0.0282553868873671
-0.00266684256767124
0.0168591122148644
0.0276210585924906
0.0287401410952553
0.0215059893040534
0.0091199781468991
-0.00415985539439811
-0.0142682560872912
-0.0185918463668424
-0.0167815591535227
-0.0107882730334436
-0.00411420359804984
-0.000635694539783199
-0.00351869833806114
-0.0145985296405226
-0.0342640244710373
-0.0616456681521142
-0.094906994258988
-0.131574345350579
-0.168897973018165
-0.204150615256718
-0.234699560059201
-0.257826449004925
-0.270568415310751
-0.27000944609346
-0.254204775279366
-0.223385395820633
-0.180702667102029
-0.131897093385169
-0.0838527817184823
-0.0426172627546374
-0.0117277029136963
0.00851304000635409
0.0206440470091828
0.0288455564130272
0.0374822628337041
0.0498830957110725
0.0676014044705529
0.0901862289166877
0.115446079719968
0.140201438722948
0.161395033545769
0.177138821440229
0.187105767655159
0.191944974205824
0.192063242665832
0.186680232316992
0.173998065498536
0.152574374760117
0.123063223546012
0.0890726944998118
0.0563211492040082
0.0303196683115539
0.0137981670341258
0.00534953070925956
7.7898731410904e-05
-0.00814502674873972
-0.0240833775269699
-0.0494863353812272
-0.0829396706631099
-0.120883271724525
-0.158967512848157
-0.193018690553681
-0.21937042037136
-0.234822440292113
-0.236697789448419
-0.223291390615311
-0.194610643149687
-0.153012387338245
-0.10334189635062
-0.0524140209611823
-0.00791734163872206
0.0230620474185502
0.035635034407045
0.0284364446906158
0.00419214891615175
-0.0308457057513877
-0.068553050260513
-0.101146810309066
-0.123187043724028
-0.132744271998773
-0.131489322004692
-0.12382573636103
-0.115390752911383
-0.11133572672889
-0.114841965574866
-0.12631481447831
-0.143526129738035
-0.162621180052225
-0.179529126409414
-0.191153515485261
-0.195884344979254
-0.193364038875166
-0.183821069679142
-0.167447020410874
-0.144169769350382
-0.113877253108726
-0.0768858811592838
-0.0343843909794527
0.0113058742777005
0.0567004811265961
0.0974089747774391
0.128805895329019
0.147175535577513
0.151101628716679
0.14252625351745
0.126802683381079
0.111393153216418
0.103490963111923
0.107427788960795
0.122931277691939
0.145011038852594
0.165602711556836
0.176371865383188
0.171592693317941
0.150007614381746
0.115058323332379
0.0735929483965637
0.0337029611897157
0.00248753014857267
-0.0156471807360048
-0.0198286476984606
-0.012595107067876
0.00111090343885303
0.015541958915331
0.0258415879984991
0.0292640768498508
0.0255082420139437
0.0161382995907498
0.00349021816829951
-0.0103222886859324
-0.0238258484537887
-0.0359546560249136
-0.0454919967587136
-0.0506697611032497
-0.0492688327537194
-0.0392492618074335
-0.019644681193137
0.00868370345735886
0.0427914362611699
0.0780642186866068
0.109217636746348
0.131568032213594
0.142148488818082
0.140321748085765
0.127765308840934
0.107923176990731
0.0851112916092245
0.0634607480478587
0.0459101382870197
0.0335425727186903
0.0255630225149245
0.0199918607588892
0.0147895754527192
0.00888652625362495
0.00266204842504099
-0.00226239530396594
-0.0037241979491084
0.000110627391667591
0.00996846663424773
0.0249255656802034
0.0422204151904619
0.0575713846709646
0.0660850482603904
0.0635943235674141
0.0479704901598662
0.0198641046164938
-0.0174299244285092
-0.0588652896790541
-0.098868437408237
-0.132460959231251
-0.156075889957676
-0.168077815833886
-0.169001225863863
-0.161369051360412
-0.148906234859699
-0.1352174685982
-0.122426775372853
-0.110491889173412
-0.0976274471867601
-0.0816268732751218
-0.0613228834417159
-0.0373737933744018
-0.0120255571759032
0.0118813586392403
0.0320443401604745
0.0474455882516699
0.0585362220645226
0.0669644358976926
0.0750154401466383
0.084865816296312
0.0977542187960511
0.11328574263643
0.129184067946974
0.141724298620334
0.146807439504264
0.141320559527115
0.124252349709992
0.0971104043270703
0.0634839304456641
0.0279587951987591
-0.0051654711542939
-0.0328815335844273
-0.0538874410042
-0.0683446546401946
-0.0771805247708293
-0.0813221682942633
-0.0812674105238396
-0.0772038826139411
-0.0695560366165885
-0.0595562163926758
-0.049386697995221
-0.0416852865804836
-0.0386134162512835
-0.0409841267516366
-0.0479227219367883
-0.0572059405738308
-0.0660468508185524
-0.0719271366063283
-0.0731815242293803
-0.0692497306438467
-0.060646231952442
-0.0487203767879514
-0.0352748038484832
-0.0221427386790778
-0.0108554535918919
-0.00248080006933832
0.00241403622184455
0.00380576138994075
0.00231338367188224
-0.000796112174036888
-0.00393718906414712
-0.00593418936299733
-0.00685458101895723
-0.00841993710165475
-0.0135961590176509
-0.0254067672770856
-0.0454813572602079
-0.0730425255118563
-0.104835075796053
-0.136041778348987
-0.161780578146687
-0.178566645315137
-0.185203691855905
-0.182834798094686
-0.174186000994446
-0.162294042151803
-0.149195576257338
-0.135115246043971
-0.118535766207944
-0.0971532779527117
-0.0692806992062236
-0.0350263384108618
0.00330245250318437
0.0417333026054957
0.0758575188563047
0.10227633361342
0.119751919095955
0.129649549193344
0.135453369955639
0.141431704356745
0.150877588382821
0.164620902462382
0.18051942131602
0.194284547926522
0.20137452179852
0.199099397580231
0.1879058026822
0.171223416771576
0.154041198348615
0.141031827950926
0.135141593323102
0.137113198417075
0.145800721010264
0.158799614041695
0.172994539305127
0.184939175911647
0.19122326244875
0.188980854035641
0.176503078453038
0.153729958567475
0.122369457511922
0.085543182745998
0.0470733530605367
0.0106676912036059
-0.0207369009311762
-0.0453175971327093
-0.0623850525959207
-0.072183190521781
-0.0756242257653411
-0.0740845092456071
-0.0692834776591008
-0.0631435827629016
-0.057483753725485
-0.0535072743713997
-0.0512607009809428
-0.0493961071597723
-0.0455048417800712
-0.0370031807466034
-0.0222153785747436
-0.0011494293961849
0.0243910913179061
0.0513606264557216
0.0763614983069197
0.0964387047811653
0.109508346939536
0.114424205933918
0.110876667953127
0.0993147093920469
0.0809343710740153
0.0576349104336678
0.0318325799287847
0.00613997588472239
-0.0169666188287439
-0.0353917168458115
-0.0476120800406732
-0.0529251687552166
-0.0517564706119516
-0.0458292847414876
-0.0379338989166949
-0.031207671018546
-0.0281358670082045
-0.029680291570115
-0.0349035400499665
-0.0412227464816334
-0.0451588632772747
-0.0432993428769933
-0.0332054873997316
-0.0140919675569995
0.0128183970619086
0.0443326150705321
0.0757564252372232
0.101764038126302
0.117545280366053
0.12001644812122
0.108810230890806
0.0867339746503585
0.0594467695438019
0.0342776653881505
0.0183679729825865
0.0166084900501937
0.0300505229107399
0.0554483499429003
0.0862391903488559
0.114670809155406
0.13423810547558
0.141416115119096
0.136020046672531
0.120231476099527
0.0970161570944895
0.068905970552383
0.0377567557905001
0.00536691512159327
-0.0257438185908857
-0.0521511203643911
-0.0702342785433959
-0.0774556012322594
-0.0735142611355233
-0.0607247052191061
-0.0433647572307637
-0.0262429657409046
-0.0130838369368968
-0.00536696721011231
-0.00201378868904469
3.08381236472108e-05
0.00455757366816988
0.0145973214348826
0.0311615014380195
0.0526892872029703
0.0754720104756921
0.0949309727382602
0.10720909520225
0.110366419255898
0.104684775475113
0.0920684578025585
0.0749826846764149
0.0555416799717403
0.0351709682657021
0.0148582064842502
-0.00436893764683756
-0.0212069195726722
-0.0343333900660228
-0.0430321761621217
-0.0477946411299106
-0.0505077586277976
-0.0540620242103276
-0.0614867106780914
-0.0749052936920904
-0.0946589576384675
-0.118895598169257
-0.143794649691034
-0.16441222116142
-0.175926069236458
-0.174916476361349
-0.160314397335261
-0.133782719339111
-0.0994779947206564
-0.0632612996026875
-0.0314693625926998
-0.00940966257082858
0.000106905116707805
-0.00230815798854913
-0.0127605998687587
-0.0254714302605558
-0.0350196165511081
-0.0384903905716042
-0.0365329138959651
-0.0328376518485509
-0.032325967316103
-0.0389486556803007
-0.0541082407155404
-0.076334186804019
-0.102173092889539
-0.127650896129535
-0.14945048400126
-0.165262189991756
-0.173406471850471
-0.17233921331394
-0.160647753187847
-0.13765310878115
-0.104177297585616
-0.0628764202253606
-0.0178779788041521
0.026037233853621
0.0642443353490697
0.0928138401256828
0.108895053778632
0.111208217044488
0.100685754629681
0.0809183850837157
0.057888056503836
0.0387104185315398
0.0296415211440708
0.0340762347666112
0.0513669947269008
0.0769659301622312
0.103843874738837
0.124644511507352
0.13378522240858
0.128792877189234
0.110521784139269
0.0823752690012044
0.0490085745412536
0.0150778358021864
-0.015562963631388
-0.040102345284637
-0.0566174397046498
-0.063864418949094
-0.0613180363039839
-0.049520872820572
-0.0304915251004317
-0.00778817175355799
0.0140380455321756
0.0305158776973419
0.0384446322959327
0.0367105033770222
0.0264330630379075
0.0104720180339566
-0.00743563333584521
-0.0235995326623268
-0.0351638289135743
-0.0406716089207692
-0.0403246273938155
-0.0358103039923379
-0.0296225222816662
-0.0240358009904261
-0.0201699113261917
-0.0176419056887837
-0.0150095822191989
-0.0107303308049938
-0.00404995645083132
0.00466316613627619
0.0142061426935784
0.0231241185842521
0.0301719111847299
0.0344676099469691
0.0354556805141839
0.0329148670687698
0.0271093557735945
0.0189531258655239
0.00996203430966297
0.00188551323146786
-0.00387332264114151
-0.0067966706452096
-0.00750967367500783
-0.00764653896877715
-0.00937416174265364
-0.0147361093211099
-0.0250134694320825
-0.040259380715425
-0.059094818951916
-0.078806566344473
-0.0957740947083577
-0.106219573349369
-0.107171284691799
-0.0973819865748019
-0.0778577938478265
-0.0517271536034779
-0.023415589551449
0.00261067326604969
0.0230672842167049
0.0366021222804919
0.0438873737451692
0.0471630396731364
0.0494622323693446
0.0536718442082848
0.0615110879234363
0.0726201680013105
0.0841518422512974
0.0912720125897821
0.0886421184966578
0.0724278788986114
0.0420092299790503
0.000622250025755466
-0.0453731939313877
-0.0883039966506714
-0.121349155267172
-0.140260103990178
-0.144094495807042
-0.134864171204876
-0.116426672237112
-0.093187141152711
-0.0691234582915293
-0.0473408045292679
-0.0300002110991967
-0.0183021732879563
-0.0123481107185001
-0.0109955232816195
-0.0119781494608371
-0.0124276968675745
-0.00963754744919417
-0.00173123036211505
0.0120003386423715
0.0310577073803612
0.0537852287447542
0.0774259598317265
0.0983644900105428
0.11285303026802
0.118235041586836
0.114174280158191
0.10313208679935
0.0896387999484504
0.0786139407400088
0.0735766375670616
0.0756231583834102
0.0835378621313073
0.0947328066680927
0.10632680516671
0.115781752918705
0.120968284970325
0.119972250655214
0.111073661411733
0.0930999970683361
0.0660055323053317
0.0313319338972242
-0.00773178471448907
-0.0467510624519324
-0.0807707418350191
-0.105152232555403
-0.116351604972284
-0.112538191346666
-0.0939898985240785
-0.0631940465002604
-0.024570698504099
0.0162268149942957
0.0533691312673897
0.0820520334823201
0.0995147895400433
0.105543403994381
0.102262999458554
0.0932744582202269
0.0824529553739957
0.0728576366385542
0.0661175294952741
0.062408998266957
0.0608765322527788
0.0602099584331328
0.0591198190649799
0.0565956747871529
0.0519859767053289
0.0450047746165287
0.0357206404704981
0.024489827084931
0.0117767539533218
-0.002100061534041
-0.0171450779827855
-0.0336387352474074
-0.0518688146274004
-0.0718191182610572
-0.0930457986139081
-0.114843831494073
-0.136581959761946
-0.157924020589603
-0.178691884605837
-0.198372383629168
-0.215579786219629
-0.227920322386176
-0.232516548984902
-0.22702998400699
-0.210671209847583
-0.18467355211232
-0.152025609225355
-0.116647862296665
-0.0823893571229779
-0.0521638774018041
-0.0274025465817373
-0.00792582243697209
0.0076895859171698
0.0212850208097944
0.0340949765160623
0.0459592631289883
0.0551554873850814
0.0589526102862586
0.0546572323100119
0.0407279426602123
0.0175184872596644
-0.0126549678608072
-0.0461734994831346
-0.0792333161091446
-0.108908995765253
-0.133657735667741
-0.153071505051786
-0.167125971079888
-0.17545593513658
-0.177120458546665
-0.170972670636079
-0.156374453961524
-0.133831269194747
-0.105220072234313
-0.0735175921190789
-0.0421419249513272
-0.0141243922045635
0.00863890473342265
0.0258055675576696
0.0384819782157383
0.0485699883019901
0.0577964897668523
0.0668614157530498
0.0751297106918866
0.0810281331185606
0.0829303684145819
0.0800613097071823
0.0729810510552048
0.0634751225884059
0.0539741155244614
0.0467714645444739
0.0432927713992112
0.0436134070784597
0.0463963250076046
0.0493632083707757
0.0502254518141682
0.0477382401622641
0.0423986150416356
0.0364352278723526
0.0330672677841258
0.0353241136308603
0.0448547087036677
0.0611240978726515
0.0812802575239092
0.10080688234996
0.114833199074029
0.11968753691137
0.114105026511473
0.0995874384630086
0.0797776027933611
0.0591720395754729
0.0417821405092643
0.0302887627161808
0.0258722392297198
0.0285000882948593
0.0372858957835636
0.0506625471472543
0.0663836079461579
0.0815581755080813
0.0929258611780466
0.0974257534018129
0.0929214374541451
0.0788293113532315
0.0564219174078617
0.0287147853443627
-1.01745889409564e-05
-0.0249334467436209
-0.041583557069196
-0.0467762502568979
-0.0394223588543296
-0.0209450183939876
0.0049015668973716
0.0328314179448324
0.0572471743563328
0.0735475284005746
0.0791610053191804
0.0740183375584366
0.0603403585191625
0.0418472712488704
0.0227050721223863
0.00660341894191258
-0.0037558085011186
-0.00673584715583865
-0.00162271448660006
0.011467530965177
0.0315254979917896
0.0565583047726765
0.0837016851559305
0.109644445922291
0.131248412619744
0.146103077873612
0.152796732573436
0.150866425841246
0.14056898846565
0.122676090759044
0.0984160800727902
0.0695375108161802
0.0383551356845822
0.00761883383674739
-0.0198786919417596
-0.0419035494233664
-0.0573989787210626
-0.0668536650694338
-0.0722047432147066
-0.0762346328686846
-0.0816371237255636
-0.0900742822622148
-0.101556924854979
-0.114373852059928
-0.125626991760057
-0.132242882263231
-0.132148521933535
-0.12517355499733
-0.113264412868396
-0.0998329929104546
-0.088453617589981
-0.0814725015585956
-0.0791800484639101
-0.0799314455103588
-0.0811250711105038
-0.0805380530906917
-0.0773854440689589
-0.0726367370245231
-0.0684713487882202
-0.0671305524151167
-0.0696907858060694
-0.0753338842756525
-0.081483577799611
-0.0847882463410113
-0.0825306279046037
-0.0738301252277834
-0.0600886406188329
-0.0444840626995475
-0.0307594195543542
-0.0218597374623253
-0.0189811557633548
-0.0213369504524456
-0.0265900072453106
-0.0316634642432815
-0.0336163025639513
-0.0303839883787595
-0.0212886014928129
-0.00724728467935685
0.00939450078855829
0.0254204754128802
0.0375824271772046
0.0435004744356494
0.0423793271939586
0.035341549354406
0.025245679365965
0.0159500199289723
0.011153322594666
0.01316609522853
0.0220870435426544
0.0357333576349373
0.0503456129415375
0.0617744034794545
0.066730939923587
0.0637331115941513
0.0534889021417021
0.0385923711234277
0.0226066728896997
0.00885260721653038
-0.000632859556251606
-0.00558518062048012
-0.00733540151969381
-0.00813466934957023
-0.0102851210567368
-0.0153715701351974
-0.0238089471140684
-0.0348225341194958
-0.046850767720537
-0.0581993764368979
-0.0676434979445552
-0.0746735789974889
-0.0792615877290151
-0.0813132935759067
-0.0801926449602366
-0.0746877622690637
-0.063514451951425
-0.0460963941035509
-0.023174379989764
0.00309249863430983
0.0295677508172079
0.0528906558606226
0.0702388433601814
0.0798901006011696
0.0815082583958196
0.0761601780596585
0.066082630001882
0.0542012256784514
0.0434279456703934
0.0358734256493536
0.0322515813255295
0.0317769240490547
0.0326548472843763
0.0329411134699978
0.0313484229425299
0.0276544389990698
0.0226129665596073
0.0174755786370769
0.0133170833585415
0.0104002549666305
0.00785056063881962
0.00384958073050498
-0.00367590793999345
-0.0161868563613923
-0.033937090488993
-0.0559442252038272
-0.0804694929932866
-0.105643873348478
-0.129818221446238
-0.151440137107645
-0.16863018838602
-0.178902151372796
-0.179443950823219
-0.168036955743502
-0.144254504863651
-0.110333059618288
-0.0711996597858659
-0.0334990887330181
-0.00389917641375312
0.0127325704755111
0.0146259219095744
0.00344562806142096
-0.0163617366523182
-0.0388712806590649
-0.0581319990333595
-0.069350463679859
-0.069608532557703
-0.0581246558113587
-0.0361745893335019
-0.00678478037108787
0.025756149852052
0.0565868942051423
0.0811703025629206
0.0962778802517206
0.100764014865994
0.0957634025811338
0.0841285817099499
0.0693126409276594
0.0542315755657399
0.0406383558085393
0.0291859288224785
0.0199218982867887
0.0127715518113806
0.00772653195699472
0.00477247988502885
0.00378087366573061
0.00453826974658841
0.00689587197567139
0.0108867803904111
0.0166825461762682
0.0244017801461664
0.033913910311261
0.0447941217671635
0.0564698693495565
0.0684446931712096
0.0804133865675484
0.0921531571475696
0.103240198372433
0.11278446760689
0.119397382649548
0.121485761275907
0.117769610979465
0.10777324990968
0.0920384530536703
0.0719601352695226
0.0493501549828395
0.025960414052801
0.00317280577951193
-0.0180738315613142
-0.037198035606894
-0.0538761537890421
-0.0680304362771773
-0.0798940629223936
-0.0900398561081684
-0.0992437823415222
-0.108157577489735
-0.116934852503392
-0.125064008178649
-0.1315909164416
-0.135667340194229
-0.137095084888609
-0.136465065651997
-0.134713037570226
-0.132305447642445
-0.12855520284058
-0.121537661246656
-0.108755175626817
-0.0883045825430504
-0.0600567132152627
-0.0263323414654755
0.00828966897063896
0.0381131312292046
0.0581088553134873
0.0656639614418108
0.0614946368180676
0.0492318392872613
0.033836980464487
0.0196085027954254
0.00871698159916051
0.000866150981998024
-0.00593538293508851
-0.0140247273615081
-0.0248663795346206
-0.0384834547590648
-0.0536580634006623
-0.068642297785252
-0.0819424417870289
-0.0928016532039662
-0.101220856710026
-0.107592660820618
-0.112188749066294
-0.11479131309338
-0.114668597884597
-0.110894633836333
-0.102828280849564
-0.0905316717185675
-0.0750153739942417
-0.0582870255429223
-0.0431373031254027
-0.0325258484683055
-0.0285483419506881
-0.0313097825547983
-0.0383236869503616
-0.044957893477247
-0.0459125329897903
-0.0370979142662812
-0.017033404732155
0.0128183459822133
0.0487656970661127
0.0861386956426967
0.12045442051865
0.148138053064527
0.166830395433819
0.175540499633529
0.174823941475594
0.166881486154473
0.155263870892596
0.143985286307157
0.136261514317463
0.133468001430855
0.134903617132841
0.138501801772885
0.142068891102138
0.144352359826514
0.145413447171188
0.146233663833206
0.147897351967342
0.150826729402787
0.154395546466622
0.156988796003064
0.1563967402611
0.150390471711913
0.137351314660409
0.116826480735557
0.089850996586304
0.0588859142490754
0.0273369416865542
-0.00120424192742452
-0.0237341138197403
-0.0383898679962879
-0.0446736325567143
-0.0433621697818871
-0.0361643824473181
-0.0252054169487693
-0.0124634273666578
0.000648458440663088
0.0133625344233986
0.025246707168258
0.0357015197512417
0.0436618682288977
0.0478517408303752
0.0475757123985219
0.0435562675476362
0.0381235047919303
0.0343827472892558
0.0346764253999218
0.0392278013442807
0.0458486739170036
0.0509693314740081
0.0514291371183822
0.046011684784626
0.0359021858548336
0.0239169804130069
0.0130517267972567
0.00520487351522612
0.000724335023581788
-0.0011251300215306
-0.00121803929349767
0.000192069414844889
0.00359991406589204
0.00975608254617507
0.0189569303601606
0.0305954247889072
0.0432264997839987
0.0550746006596579
0.0646854019219285
0.0713780797511251
0.0752706828576706
0.0768720272000104
0.0764690731862137
0.0736666107776076
0.0673672422446692
0.0562410839162333
0.0394651268982441
0.0173627294916123
-0.00838747473571572
-0.03510496152248
-0.0598836111794317
-0.0804309377386073
-0.0955685455595986
-0.10518463088777
-0.109754270961051
-0.109776129290731
-0.105447706268017
-0.0966648703525896
-0.083206233664143
-0.0649255243551039
-0.0418998483991951
-0.0145970350360804
0.0159000026236484
0.0477096038811645
0.0782022623608502
0.104412394562942
0.123725932374416
0.134559756228953
0.136722599850109
0.131315802043535
0.120265714240433
0.105719640279341
0.0895314663785142
0.07297382736627
0.0567211310480163
0.0410754574779183
0.026337542603094
0.0131570944410271
0.00266964465402971
-0.00371222534037193
-0.00483305853531855
-0.000451658757780488
0.00829260318521042
0.018882641976429
0.0279921974060686
0.0324660902680572
0.0303538389133058
0.0215843863622711
0.00801129053570532
-0.00716468770022588
-0.0203299975337955
-0.0283943314769347
-0.0294764656606285
-0.0232680415533704
-0.0111132163484611
0.00416713806433261
0.0187330863609894
0.0284832046648278
0.0300195860555956
0.0215796223824056
0.0036194214496536
-0.0211945760388106
-0.0486245634321883
-0.0739241124408569
-0.092956879434231
-0.103015458902062
-0.103155323619198
-0.0940723151647185
-0.0776820523200293
-0.0565717086981175
-0.0334512300190507
-0.0106993825322689
0.00991822763732209
0.0273231752976696
0.041026058448621
0.0509586216526264
0.0573563039217102
0.0607575325206083
0.0620749994223173
0.0625920896912902
0.0637402528564427
0.0666559270719691
0.0717040079026098
0.078229758604124
0.0846937820970863
0.0891413913793587
0.0898048530151487
0.0856113934593983
0.0764459483688031
0.0631236728860438
0.0471086709077876
0.0300603602842789
0.0133173829592226
-0.00254027261966102
-0.0178914796345504
-0.0339144877244941
-0.0520667658915829
-0.0733688941079612
-0.0977710459159887
-0.123863040744527
-0.149046155062263
-0.170098385439624
-0.183922780265432
-0.188220257917027
-0.181886821590681
-0.165076995296644
-0.139028016510861
-0.105807605629194
-0.0680922091149508
-0.0289652804845472
0.00834098569689971
0.0407973240643477
0.0659671444567049
0.0823335018360629
0.089498892210464
0.0882506626849113
0.0804894273433286
0.068981086750433
0.0568947642626066
0.0471726358928453
0.0418926829959677
0.0418405271497619
0.0464541489052559
0.0541658487059042
0.0630023959810846
0.071199170517704
0.0776058712044861
0.0818017955634428
0.083988597525295
0.0847703743174397
0.0848675225810952
0.0847605597959885
0.0843118971586641
0.0825185689444027
0.0775763810659369
0.0673167132918426
0.0498779528694452
0.0243398497964378
-0.00891783716618892
-0.0481976775405884
-0.0906936956471263
-0.132763912100867
-0.170211904419969
-0.198678569754738
-0.214279516987695
-0.214460290631087
-0.1987894688676
-0.169293920514361
-0.130103986378386
-0.086525880053656
-0.0439251605278413
-0.00678813291206098
0.0219089571933248
0.0410866219377608
0.0517304886234733
0.0566877920921778
0.0598941955681632
0.0650857202766802
0.0744478237254198
0.087844164527097
0.103028190656571
0.116701140505856
0.125825045236348
0.128541383151127
0.12438029961523
0.113895032343498
0.0981207979713723
0.0782202282805189
0.0554367693774032
0.031233689549546
0.00739750871770904
-0.0140623983515246
-0.0312715090210629
-0.0430468959534369
-0.0494790392685227
-0.0522511773914917
-0.0543932404132348
-0.0593580479578206
-0.0696645097051275
-0.0856618773140784
-0.105008025457941
-0.123174159875382
-0.134835682752273
-0.135616646559094
-0.12351640820515
-0.0995269309826812
-0.067337987985004
-0.032388505057025
-0.00065692241613747
0.0225087932837481
0.0333639318033879
0.0304277396721462
0.0146930025271228
-0.0107000255661333
-0.0412327249014233
-0.0719617524424776
-0.0983937282990262
-0.117151885758187
-0.126417933217688
-0.126121408493178
-0.117788189623194
-0.103998723717418
-0.0875847430557855
-0.070876932636959
-0.0553216766989013
-0.0415700428346942
-0.0298654580473196
-0.0204320550152905
-0.0136577796173214
-0.010050631073147
-0.0100635439694572
-0.0138899504730555
-0.0212915555557153
-0.0314954554390567
-0.0431946754207607
-0.0546819637522975
-0.064132453502943
-0.0700255655301489
-0.0716424889230778
-0.0694796066422425
-0.0653340818902503
-0.061867614700067
-0.0617033335971555
-0.0664319732247787
-0.0760347662417181
-0.0890217688553797
-0.103167752173118
-0.1164042837755
-0.127399351768983
-0.135596968393319
-0.140821872720261
-0.142795108758197
-0.140936996797225
-0.134631739369433
-0.123795836686119
-0.109342233332269
-0.0931561462052118
-0.0775059624250529
-0.0641932312139051
-0.0539262539767174
-0.0462622682030838
-0.0401199087413215
-0.0345573599433881
-0.0294161569280069
-0.0255434465772238
-0.0244990030558918
-0.0278220277001821
-0.0360777416468318
-0.048055355194922
-0.0605738362850235
-0.0692116459822442
-0.0698620940128131
-0.0605221065142714
-0.0424714218729852
-0.0201876437611611
9.52424988571047e-05
0.0126122860785981
0.0140783878132107
0.00456429456879187
-0.013080651576932
-0.0347748915324872
-0.0567472646678208
-0.07626096802162
-0.0913746373474769
-0.100271041120527
-0.100886705793432
-0.0912254539648531
-0.0701670500875781
-0.0382293502142749
0.00218614027993915
0.0471751385023785
0.0921020400219704
0.132410522482857
0.164242173882272
0.184839820170198
0.192837510782786
0.188501450719818
0.173839682216188
0.15239008045017
0.128553275345446
0.106560168225819
0.0894152880862762
0.0782559520970718
0.0724159631547489
0.070141770113501
0.0695700919405696
0.0694499213429587
0.069272757370516
0.0688612578763404
0.0678056285535862
0.0651946797587478
0.0598356249404375
0.0508036130483985
0.0379744492079153
0.0222605630099717
0.00546692135395593
-0.0101500735591657
-0.0224494264618227
-0.0298926155323465
-0.031776487343598
-0.0281669433255656
-0.0196666061305899
-0.00723364812532038
0.00784192300994514
0.0239254996592574
0.0392272903909494
0.0522747710757475
0.0624133931750671
0.0698971489538569
0.0753547360578804
0.0789265685175903
0.0797158016387569
0.0760283558409127
0.0662944313897523
0.0500477390304081
0.028308978366832
0.00317881534381412
-0.0229882147228546
-0.0482117275064454
-0.0709304903011228
-0.0895931413989691
-0.102323860743269
-0.107165744319832
-0.102952765907515
-0.0903169291164483
-0.0721170152253791
-0.0528543306891699
-0.037227541666702
-0.0284809622037615
-0.0273175175405779
-0.0318504091195236
-0.0385650439978736
-0.0438237797116434
-0.0452457485637919
-0.0423844747892039
-0.0364705579064063
-0.0294543293518339
-0.0229355478377052
-0.0175667717961707
-0.0131419010526494
-0.00911110487216555
-0.00506793793673185
-0.000948114955082561
0.0029896040811615
0.00620711103965018
0.00791987624971181
0.00727092664273344
0.00374724236772738
-0.0023253108453528
-0.0095711755522294
-0.0158974119181944
-0.0192717464440262
-0.0185269212641508
-0.0137452729298327
-0.00605686871536532
0.00296394952677992
0.0119565234896159
0.0202303910573322
0.0279487286579738
0.0360489308521644
0.0458696700418052
0.0584557436551081
0.0736964167264784
0.0897235419935229
0.103062421384729
0.109698913686547
0.106655423963767
0.0932754036552133
0.0715213737240313
0.0451363136753638
0.0181345080112675
-0.00659575500080669
-0.0279205813013002
-0.0461181334301772
-0.0618864655857414
-0.0753349853826615
-0.0855402347571145
-0.0908831148927975
-0.0899351418119696
-0.0823737181101272
-0.0694137708498314
-0.0535173780947511
-0.0375271196250073
-0.0236542803481833
-0.0127911298392654
-0.00441356470475069
0.00295404030293538
0.0109582239323435
0.0206386038235819
0.0319246612833261
0.0435663422265814
0.053517778983586
0.0596573049534929
0.0606198434504935
0.0564568973247454
0.048851661946561
0.0407409426222445
0.0354266728620315
0.0354959924685768
0.0419619006990324
0.053925679037052
0.068837613534591
0.0832402756920739
0.0937787431803902
0.0982109636641356
0.0961146745737626
0.0890175862032531
0.0798476394851904
0.0718805495234406
0.0676026483618724
0.0679512393205841
0.0722044453334279
0.0784755199692743
0.0844992620531906
0.0883186832435488
0.0886143985823563
0.0846686834160192
0.0761570487270154
0.0629959639430575
0.0453622139937848
0.0238573510373118
-0.000281791112971339
-0.0250373857281396
-0.0476529554596315
-0.0649922177608231
-0.0742508796430077
-0.0738348920725672
-0.0640018501084381
-0.046867493915523
-0.0256761963696095
-0.0036456912964902
0.0170605618236225
0.0357648748559043
0.0529872178792109
0.0696923037790391
0.0865118883601314
0.103294003787059
0.11907617199549
0.132356415971435
0.141472756502501
0.144974586432618
0.141956889928107
0.132339198879393
0.117018550320105
0.0977948794624212
0.0770215246495826
0.0570523461532804
0.0396603713545907
0.0256262619482632
0.0146345943026504
0.00551046890063355
-0.00328266310289254
-0.0130528030022488
-0.0244039169651337
-0.0370437003688507
-0.0499350691185477
-0.0617225776255159
-0.0712719746083639
-0.0781318937028501
-0.0827539753794482
-0.0863758443197579
-0.0905736698709293
-0.0966150584055259
-0.104846885579274
-0.114374523541771
-0.123193988914294
-0.128758636863894
-0.128784379055438
-0.122009990686178
-0.108665339441352
-0.0905215546984078
-0.0705266830795828
-0.0521176666067581
-0.0383539110690886
-0.0310732630020716
-0.0303215365602366
-0.0342903349130029
-0.0398569644157734
-0.0435773629671099
-0.0427598663044147
-0.0361922146284051
-0.0242623068648081
-0.00851085615277319
0.00909645746858511
0.0268190916572784
0.0434690702938736
0.0583716431350632
0.0710869337672558
0.0810954994472016
0.0876269335303921
0.0897235975406305
0.0865242209620299
0.0776638830724259
0.0636452194821384
0.0460400038342301
0.0274089587989015
0.0108772638458139
-0.000597972398551456
-0.00507810332910498
-0.0022882894613904
0.00625180916040069
0.0177098652205673
0.028828069926579
0.0368161074864321
0.039910920471702
0.0375247585593227
0.0301534985434955
0.0192668282219015
0.00723762870465368
-0.00284125104449085
-0.00765501473184439
-0.00450553529512229
0.00776372589377383
0.0281786538535338
0.0537176478497436
0.080101637689801
0.102992695992835
0.119135623961678
0.12705005079256
0.127114952155986
0.121130285477632
0.111580087433527
0.100841894155468
0.0905384332994015
0.0811599155827953
0.0720153962284003
0.0614985206454741
0.0475891619645464
0.0284778072009029
0.00318761860364137
-0.0279465558550211
-0.0630950327516393
-0.0991521875197919
-0.132328618794468
-0.15893024832308
-0.17607280114657
-0.182149315595479
-0.176997705602996
-0.161806996863167
-0.138837326577448
-0.111053580378117
-0.0817890553554954
-0.0545046716714412
-0.0325724661343562
-0.0188984529198161
-0.0152691968072942
-0.0215812476548684
-0.0353946887480386
-0.052267537621304
-0.0669774540932904
-0.0752124740379086
-0.0749698569463444
-0.0670022281684942
-0.0541567133717063
-0.0400386175025982
-0.0277074460115717
-0.0189275227595807
-0.0140509916800564
-0.0122763735376525
-0.012005842464349
-0.011212326068952
-0.00786973221393513
-0.000464207591107298
0.0115305332444241
0.0274083745687845
0.0453552436987664
0.0629320330897824
0.0777529178308505
0.0881157699594729
0.0933627932095247
0.0938567582874766
0.0906042398058413
0.0846865324076186
0.0767301904974855
0.0666435240965532
0.0537575873793122
0.0373454293570002
0.0172915649626527
-0.0054548385837777
-0.0289579023103648
-0.0509328499750592
-0.069588525758124
-0.0841179369398391
-0.0944795431074708
-0.100637471412387
-0.101891180077167
-0.0969118159101674
-0.0845674560728471
-0.0649804422288921
-0.0400494595699812
-0.0130505300568647
0.0124339189221548
0.0336240799177553
0.0491482613609014
0.0589983126092187
0.0640506359868051
0.0654970152964439
0.0644434540816625
0.0617597807326224
0.0581056080754851
0.0539819137038234
0.0496928852912449
0.0452285518179347
0.0402006994005349
0.0339699465181559
0.0259686034223941
0.016060258805276
0.00472494387582394
-0.00704143272952719
-0.0180587588446898
-0.0273525593797767
-0.0344096382456451
-0.0391800325843004
-0.0418457257090877
-0.0425305672880626
-0.0411927491141942
-0.0378318419868555
-0.0328937771520581
-0.0275523230375125
-0.0235703748877755
-0.0227094041844205
-0.0259698925640157
-0.0330727761785205
-0.0424416822333303
-0.051641409379096
-0.0580026615763191
-0.0591694219313972
-0.053491210945727
-0.0403425004166231
-0.0204252579963916
0.00405982978912875
0.0296047172437058
0.0520900341241044
0.0678658263507092
0.0748372450319781
0.0730911210749767
0.0647558372569536
0.0531170150327616
0.041351002620116
0.0314086535188844
0.0234958977644178
0.0163132655433589
0.00788957477615623
-0.00337837171246442
-0.0179190765350569
-0.0347312574565836
-0.0517529672163103
-0.0666455752571107
-0.0775924191600632
-0.0837200584284463
-0.0849700407679305
-0.0815705040445634
-0.0734948364659267
-0.0602953148019462
-0.0414485977895572
-0.0170025801806677
0.0118978228577808
0.0429607779553823
0.0732321837473712
0.0998586471428788
0.12075175809325
0.134906215386318
0.14236911842781
0.144016914779238
0.141280577823082
0.135849792485089
0.12932734466913
0.122852839248637
0.116803180712494
0.110703432313015
0.103410786411069
0.0935190245350315
0.079851697976572
0.0619064935087584
0.0401516541908286
0.0161044261761656
-0.00786902630210267
-0.0290512302914713
-0.0450672410443747
-0.0545233477323655
-0.057297358496148
-0.0543450750362236
-0.0471636838086534
-0.0372387182030347
-0.0257562755634732
-0.0136440018382221
-0.00179571512811145
0.00873452776876821
0.0167202424775955
0.0209715869464509
0.0207052661086099
0.015943465682543
0.00777416816702527
-0.00167943066705825
-0.00966137560499021
-0.0135266928648077
-0.0116622730123722
-0.00428626118316669
0.0062484620116282
0.0159378067685897
0.0203931392355061
0.0164835034552743
0.00367443686348798
-0.0155496585311243
-0.0364000309527196
-0.0533638102974734
-0.0620497888900055
-0.0606445619098273
-0.0504865261375019
-0.0355444296441554
-0.0209306144703028
-0.0109454184101716
-0.00741572235635206
-0.00906709105738223
-0.0122590305332945
-0.0127695983907456
-0.00779626061670112
0.00274268265752021
0.016135246070837
0.0279625551191102
0.0338021063579473
0.0308384308790076
0.0187955561204311
-9.00485549667073e-05
-0.0219530160221753
-0.0426093434099659
-0.0587840911518507
-0.0689204300779063
-0.0733984623966405
-0.0740741785381788
-0.0732815722719048
-0.072762300034641
-0.0730192610652964
-0.0732965726044982
-0.0720727895805402
-0.0677880581515413
-0.0595007278269912
-0.0472581167328704
-0.0321209686699731
-0.0159086319748448
-0.000772243335327845
0.0113045166976605
0.0189561452819905
0.0216730638640908
0.0196959339772197
0.0136034388927004
0.00383542574889307
-0.00954060827116935
-0.0266640808328682
-0.0474265307991912
-0.0710164312543946
-0.0957312513762512
-0.119160092536433
-0.138680898730841
-0.152140293563882
-0.15854533676819
-0.158533372070286
-0.154346433223361
-0.149144886747254
-0.145789353642325
-0.145553027675779
-0.147357779367032
-0.14792992033756
-0.14285291158423
-0.128111914347301
-0.101575680538794
-0.0639499061527399
-0.0189340361446529
0.0274870620151639
0.068490440153813
0.0982508417812508
0.113601968782505
0.114909549446017
0.105788041974563
0.0917781778463092
0.0785544442181621
0.0703648112817472
0.0691715552972514
0.0745774186608463
0.0843445819868277
0.0952325933907202
0.103913600573313
0.107771199297387
0.105435576357372
0.0969763630138741
0.0837596760184272
0.0680421865994734
0.052409052237017
0.0391842107996755
0.0299602222769567
0.0253780930073085
0.0251991460149465
0.0285778544444929
0.034359922974196
0.0412683403696177
0.0479709298044953
0.0531280134934238
0.0555089021508034
0.0541712858708757
0.0486297282188531
0.0389641555096462
0.0258856138535568
0.0107839172790528
-0.00429373421181374
-0.0168510800499321
-0.0244062380317245
-0.0251164816550879
-0.0183271127737243
-0.00481164250150206
0.0133816956271398
0.0333979632207176
0.0522074462438687
0.0672607481831582
0.0770351472423054
0.0813173694030391
0.0810756355710922
0.0778891015776461
0.0731147237201222
0.0671605738146188
0.0592522968858954
0.0478646577919689
0.0316308038820669
0.0102424873476348
-0.0151635680185122
-0.042289235914465
-0.0683102244566117
-0.0904416894752623
-0.106376506040522
-0.114743191278035
-0.115469175198486
-0.109806839105308
-0.100045420716465
-0.0890532586133858
-0.0796522455695006
-0.0738631885264847
-0.0723002990609232
-0.0740444676631098
-0.0770686264344406
-0.0789794967602808
-0.0777356300467098
-0.0721205476326158
-0.061934830082476
-0.0479757054965344
-0.0318670331563437
-0.0157518199938067
-0.0018466267402962
0.00808384942415029
0.0131864552757414
0.0137402965342266
0.011047991155721
0.00705605952076298
0.00387301206029493
0.00335184400872267
0.00680951816555125
0.014855768644017
0.027275751222793
0.0429698334081863
0.0600415336236826
0.0761473412955908
0.0891143411066328
0.0976282482789254
0.101646904560718
0.102265700353985
0.101060808817108
0.0992663369665463
0.0972500078347015
0.0945499176486364
0.0903715125795565
0.0841797210103668
0.0760261969176323
0.0664891358616757
0.0563722898511435
0.046409142940628
0.0371071572583689
0.0286917143259842
0.0210575693852776
0.0137450945309123
0.00607408823121964
-0.00249058367704952
-0.0118923476800863
-0.0212819313079444
-0.029301723835363
-0.0347655795523193
-0.0373333077964186
-0.0377542693532229
-0.0375401181711192
-0.0382882528113825
-0.0410448632926649
-0.0459949690328915
-0.0525373418184142
-0.0596259558953029
-0.0661977660938566
-0.0715119158202589
-0.075263794640599
-0.0774353966595494
-0.0780030539902755
-0.0767446035204196
-0.0733400953210173
-0.0677381051518148
-0.060527305624067
-0.0530056250845147
-0.0468262598500633
-0.0433824642420794
-0.0432662920216564
-0.0460885182834989
-0.0507262126998402
-0.0558246189494702
-0.060269469364693
-0.0634177982368535
-0.0650597487805815
-0.0652381175368256
-0.0640727819856495
-0.0616467185676672
-0.0579268243998081
-0.0527022339643247
-0.0455965164909726
-0.0362457241426668
-0.0246596125520214
-0.0116228798670695
0.00113868068281842
0.0112705663703045
0.0165808602461634
0.0159765654786915
0.0100295116932774
0.000808235021128504
-0.00896640356607249
-0.0169850439847918
-0.0220859780140542
-0.0243766863241875
-0.0248414707643286
-0.0247694147683524
-0.0253033121802065
-0.0272150703201055
-0.0308446758505816
-0.0361015499550961
-0.0424842401204442
-0.0491286650934091
-0.0548927652140979
-0.0584576125848928
-0.0584346264500716
-0.0535240554046922
-0.0428026042547124
-0.026155255486214
-0.00472253337428991
0.0188859374659773
0.0408522420917851
0.0569625555237119
0.0637920847199211
0.0598531864251778
0.0462262719793952
0.0263609323422833
0.00508735951816875
-0.012771946193358
-0.0236538195696001
-0.0259591330248102
-0.020095808688152
-0.00802212686178398
0.00743263339571667
0.0232527911151765
0.0368345805843262
0.0464656197294865
0.0516046947362042
0.0528185740346276
0.0512952599139263
0.0480764889083397
0.043395556871859
0.0365477292597772
0.0264560506468178
0.012661865082275
-0.00384126411120677
-0.020477333173071
-0.033841479305771
-0.0410373555351693
-0.0409720233282766
-0.0349723728223973
-0.0263899911198923
-0.019328027362827
-0.0170336833434219
-0.0206586337365089
-0.0289166300915831
-0.0387432107975401
-0.0466000744413199
-0.0498046538466827
-0.0473282247814324
-0.0398273335538853
-0.0290489668044009
-0.0169827587239234
-0.0051533793197378
0.00568976739173298
0.0154260689154816
0.024099162470739
0.0314275334825128
0.0366213945373866
0.038685755585093
0.0370813415434403
0.0323335389700513
0.0261443171012483
0.0208330013030692
0.0183366642026054
0.0192689855885403
0.0225087891894797
0.0255176522701487
0.025257643504385
0.0193615575650578
0.00714427587179073
-0.00990761277234883
-0.0283974995380489
-0.0440233706047997
-0.0529970860693866
-0.05329834583187
-0.0452021893155478
-0.0308660509508225
-0.0132493804827515
0.00504227881968313
0.0224356115849354
0.038378768593922
0.0528412084920909
0.0657565492146597
0.07677757727956
0.0854279102111644
0.0914428972534119
0.0949962370434645
0.0966497092995022
0.0970952443520513
0.0968807894764828
0.0962494259130709
0.0950836503391354
0.0928971830673962
0.0888903895684161
0.082156188840164
0.0720605438266547
0.0586533763758368
0.0428575204843344
0.0262628040987605
0.0105798765494096
-0.00298098281717839
-0.0140916564541078
-0.0232686054705996
-0.0314607401176211
-0.0394888511149118
-0.0476051861151473
-0.0553381119182588
-0.0616194582848768
-0.0650777787998191
-0.0643819867315461
-0.0585923238314405
-0.0475108263873989
-0.0319623033009662
-0.0138442240812069
0.0042067618522014
0.0195145891094089
0.0301833953876309
0.0356827810107281
0.0369539422908696
0.0360382014907975
0.035431757883428
0.0374100358050525
0.0434747536851747
0.0539811854108408
0.0679844673702547
0.0833740322543359
0.0973540478877551
0.107222153705386
0.111239043072292
0.109273610122578
0.102941170818382
0.0951278178900646
0.0890318235900227
0.0870520454279063
0.089939333746922
0.0965572418060999
0.104368955610085
0.110449049625736
0.11256509149721
0.109844377904975
0.102776797011829
0.0926727088615186
0.0809627193950436
0.0687280333228254
0.0566116156525384
0.0449785410180166
0.0340762897985764
0.0240474008031638
0.0148458181661625
0.00622659275120623
-0.00207418368739214
-0.0100263621391508
-0.0170702245529588
-0.0221698150002552
-0.0241934461083634
-0.0224352047932131
-0.0169908770248784
-0.00879938631682341
0.000635222156889551
0.00967390113954498
0.0169342598820768
0.0215214306930454
0.0230623640108876
0.0215774122085385
0.0172755327875505
0.0103881775515055
0.00113508937382675
-0.0101705211670449
-0.0229770743838468
-0.0364524002599486
-0.0496132490795861
-0.0615531985200269
-0.0716028040714952
-0.0793002413670155
-0.0842057335786141
-0.085731139012825
-0.0831554739375944
-0.0758560190828892
-0.063629331920741
-0.0469385028739653
-0.0270057147251246
-0.00575645366034412
0.0143762479432878
0.0308181446306518
0.0413872165198131
0.0448567735998121
0.041293466341967
0.0319603951576679
0.0187995775845904
0.00376208760007257
-0.0116587498662613
-0.0264926119427369
-0.0400422642385969
-0.0515994550237158
-0.0603736214592392
-0.0656714639318908
-0.0671664733377935
-0.0650562565999658
-0.0600186003856125
-0.0530237737692381
-0.0451264139584882
-0.037325549465406
-0.0305062261743335
-0.0254269644779352
-0.0227128034528711
-0.0228308224919215
-0.0260363601653296
-0.0322795392496923
-0.0410701269505538
-0.0513297219103369
-0.0613076264166311
-0.0686709865783703
-0.0708629133081435
-0.0657302585466712
-0.0522698831872733
-0.0311984051568199
-0.00502406541152015
0.0225317264524039
0.0475939160687655
0.0672163158345861
0.0799928205538577
0.0859854260131027
0.0861717667927683
0.0818478954123974
0.0743050958866935
0.0647711068286768
0.0543805321743401
0.0440043235760263
0.0340187224886886
0.0242579987741501
0.01430548674685
0.00401535937452826
-0.00604442695868491
-0.0145139381400306
-0.019595035461603
-0.0196636859715954
-0.0138614510148404
-0.00244496202486465
0.0131868347235177
0.0307441821784113
0.047477351463349
0.0606908537886387
0.0682643950767421
0.0690974073707184
0.0633624494307011
0.0524503796275735
0.0385744546797604
0.0241571198482407
0.0112494349286247
0.00121649263070669
-0.0052476031453505
-0.00791233972132772
-0.00682383185170597
-0.00225669351575866
0.00523594782289602
0.0147937964065799
0.0253150859046964
0.0355924750952877
0.044444858514681
0.0507985421358686
0.0537358955717353
0.0525693660987413
0.0469802677346348
0.0372006579031109
0.0241602267275075
0.0095040943587828
-0.00458871000998223
-0.0158060219796863
-0.0222646521175261
-0.0230769836084171
-0.0186991026583471
-0.0108807836616429
-0.00220216113136028
0.00462873078343808
0.00745950822575107
0.00516077981339764
-0.00220024758397984
-0.0134836760368378
-0.0268771877748227
-0.04049367898601
-0.0529707309935966
-0.0638054824998939
-0.073256985208343
-0.0818920075773179
-0.090060172085657
-0.0975977317932579
-0.103882383761363
-0.108142934137265
-0.10981242965074
-0.108740224030605
-0.105191312540785
-0.0996794359394341
-0.0927490307024491
-0.0848219270061138
-0.0761702434864575
-0.0670019282171205
-0.0575916809347268
-0.0483837721250168
-0.0400267467897049
-0.0333330791463066
-0.0291516206772213
-0.0281136139968676
-0.0302403583439359
-0.0345299050531721
-0.0387884173101291
-0.0399643660636797
-0.0350020619347331
-0.0219013267808658
-0.000513607363083692
0.0272516238739031
0.0578189417639839
0.086702568773294
0.109360673746117
0.122002801035244
0.122303303999038
0.109950914115284
0.0868757686550584
0.056981453107663
0.0253485486296344
-0.00290101840479126
-0.0237364697685882
-0.0350202016079084
-0.0367998909459301
-0.0310775890514012
-0.0211542613209573
-0.0107219495466668
-0.00294625251838275
0.000188019687376892
-0.00191414918657356
-0.00866540733457196
-0.0186946446057338
-0.0301883912829793
-0.0410926278756145
-0.0492912451016121
-0.0529283779413314
-0.0509101091919316
-0.0434282523299855
-0.0322394852156698
-0.0204641706085123
-0.0118227910964516
-0.00946357974765674
-0.0147791716823934
-0.0267267503327037
-0.0420206955993322
-0.0561696823960255
-0.0648990026081419
-0.065325062435315
-0.0564589283860539
-0.0390479304068901
-0.0150945630858537
0.0125965858704425
0.0407399064059832
0.0658972847738984
0.0849718206861991
0.095823114014345
0.097749087631936
0.0915697005622847
0.0792607432976413
0.0633417019403401
0.0463143584209952
0.0303281761141848
0.0170443652970231
0.00755697048709392
0.00227357529900035
0.000786844620894651
0.00185596945764837
0.00359754416204671
0.00388675442157041
0.000868787346772059
-0.0065653543025727
-0.018467113132452
-0.0337568721458028
-0.0504008596289042
-0.0657988166666002
-0.0773089951368054
-0.0828193007111366
-0.0812591056325633
-0.0729280998087158
-0.0595159147001909
-0.0437347032125678
-0.0285969641889263
-0.0165092147654735
-0.00846429751656136
-0.00364773442551708
0.000320970625326559
0.00652059454677554
0.0175198919424986
0.0342821551936828
0.0555932571275206
0.0782172601305951
0.0977409805846568
0.109868612244308
0.111777745365951
0.10307281123645
0.0859479360680496
0.0644436700180107
0.0430673212583284
0.0253494463393171
0.0129467878128224
0.00562902687454834
0.00203555488328553
0.000706516329821266
0.000802419517719754
0.00218213722633006
0.00494350565036236
0.00885711125801741
0.0131337384888437
0.0166809258693635
0.018651640842441
0.0189143109214784
0.018156693891765
0.0175652205295448
0.0182320472925684
0.0205493336562989
0.0238556920203598
0.0265173117650519
0.0264573620980659
0.0219361049572921
0.0122485067808065
-0.00194491228314377
-0.0187299936965664
-0.0353678412929935
-0.0488696450785472
-0.0566348109025078
-0.0571261424175165
-0.0504661183879059
-0.0386831344710786
-0.0253211841277445
-0.014369823009781
-0.00886532054923449
-0.00978662577698112
-0.0157983355653254
-0.0239857500373592
-0.0312239789633839
-0.035520073526727
-0.0367196373001211
-0.0363181329227947
-0.0365574106366531
-0.0392979813425516
-0.0452031109278596
-0.0535548021168698
-0.0626756143736572
-0.0706483503390347
-0.0759558981659308
-0.077811625048978
-0.0761784900946622
-0.0716142420658999
-0.0650678267755697
-0.0576618450886422
-0.0504443967825026
-0.0441290669761811
-0.0389148469202378
-0.0344988931803999
-0.0303132411169637
-0.0258661022375712
-0.0209592882059198
-0.015599140897292
-0.0096307900778241
-0.00236590347284306
0.00745772796055484
0.0212337767385704
0.039727797174896
0.0623812925218763
0.0870401554100954
0.110264966612179
0.128139163107297
0.137313012048521
0.135936674270263
0.124159270165332
0.104017770543559
0.0787724164002405
0.0519561241134072
0.026487944036206
0.00413339860019331
-0.0145655443588329
-0.0299510200808201
-0.0427130539830429
-0.0534346953678708
-0.0624221009695613
-0.0698259553595501
-0.0758630140885414
-0.0808950666563596
-0.0852532763503524
-0.0888992109329683
-0.0911431157485738
-0.090633766980716
-0.0857249522839885
-0.0751633065840245
-0.0588684736080661
-0.0384470441288407
-0.0170900700449168
0.00128274088406052
0.0133996324722848
0.0179610749072689
0.016254793391731
0.0116887148620994
0.00840285241668594
0.00960097349097034
0.0163734476289166
0.0274852874137343
0.0400763342265351
0.0507996321765237
0.0568435975360399
0.0565198239284919
0.0494198643612001
0.0363196681198983
0.0189820398526243
-0.000112105552481861
-0.0181422790635825
-0.0324435232180439
-0.0410370009701578
-0.0430451185166029
-0.0388380803578967
-0.0298369132585138
-0.0180322769228119
-0.00540855913263938
0.00648777203207265
0.0166746101192966
0.024572895764932
0.0297501702837224
0.0318100450038322
0.0305396239049209
0.0262037159742398
0.019730812278151
0.0125949147782777
0.00641528083505115
0.00249013613068638
0.00149376954866549
0.0034135942775517
0.00764512637603594
0.013133908257276
0.0185357765915558
0.0224369006823761
0.0236523055863571
0.0215400400594444
0.0162167737655802
0.00858876037658834
0.000192512692492301
-0.00709684614110648
-0.0114263817775453
-0.0113570428244322
-0.00623914177289249
0.00353306975123746
0.0165288438739414
0.0306215071598252
0.0435635019751672
0.0535487211772148
0.0595216313292613
0.0611683062210539
0.058732572723349
0.0528698163063896
0.0446337647861916
0.0355069546999775
0.0273027366369228
0.0218480002883264
0.0205169912908245
0.0237949866057252
0.0310438800959929
0.0405554429166436
0.0498842451069499
0.0563915902682363
0.0578988703678969
0.0533205399054526
0.0431136008964505
0.0293602657541102
0.0153393467833473
0.00458548283705567
-0.000330734001289129
0.0011439944765169
0.0071390973174172
0.0138577383350684
0.0168433966368746
0.0125301054756943
-0.000520653596881783
-0.0211236975474983
-0.0458197959765334
-0.0698886029475202
-0.0886887550202221
-0.0989473586989977
-0.0996347987221784
-0.09213394014568
-0.0795982381596819
-0.0656965345362131
-0.053249497850119
-0.0433740363608124
-0.0355236767670222
-0.0283163488115689
-0.0205829185523372
-0.0119858016707939
-0.00292125133942313
0.00604625982383397
0.0146696195703169
0.0230141200061896
0.0309841452517425
0.0377900272708449
0.0418298437829432
0.0411805160694779
0.0344763812273076
0.021687633275099
0.00436227123879178
-0.0147903671794184
-0.032739332590862
-0.0469825976314868
-0.0560699927010911
-0.0596818274745761
-0.0583502477503431
-0.0530062163697602
-0.0445413067869313
-0.0335396634483682
-0.0202711575413801
-0.00493234502733467
0.0119936362204902
0.0294503074963012
0.0457613936228694
0.0588983273323492
0.0670118532498349
0.0690518646998637
0.0652119143735195
0.0569569977029447
0.0465659211118886
0.0363692056488854
0.0280260919886379
0.0221445404930805
0.0183443799391259
0.0156444389928539
0.0129482899166292
0.00943818472311243
0.00480261889437386
-0.000674445226966667
-0.00611685687551342
-0.0101700751904188
-0.011299115820835
-0.00828955895592376
-0.000808319124108025
0.0102536045127981
0.0228930382672084
0.0345722744809527
0.0430157697752521
0.0468733724594495
0.0460069704362914
0.0413817648525206
0.0347107369446888
0.0280139892181167
0.0231653476465253
0.0214407220565584
0.0231273847571681
0.0273381907075745
0.0321792274775815
0.0352946162731326
0.0346273025003296
0.0291116921572933
0.0190330469120869
0.00593779182100081
-0.00783384088579541
-0.0198038850552359
-0.0280050816151146
-0.0314750794906903
-0.0304842254273496
-0.0264076942902194
-0.0212354221012042
-0.0168793938517819
-0.0145845106097883
-0.0147204569958813
-0.0169894286905002
-0.0207980122711446
-0.0254675593815323
-0.0301831375295579
-0.0338958957909401
-0.0354738411969761
-0.0341448675120197
-0.0299411482935402
-0.0237737514175425
-0.0170235987374082
-0.010893700312969
-0.0059226869802928
-0.00191095798637098
0.00178693065373068
0.00585390795215305
0.0107207136887212
0.0164633814522964
0.0228123312114052
0.0291882166583934
0.0347685979301298
0.0386491296441742
0.0401131845303221
0.0389118658736546
0.0354007252343324
0.0304435922640346
0.0251277165881353
0.020436836906832
0.0170414330507372
0.0152947507951302
0.0154040652626729
0.0176248465177096
0.0222697796945141
0.0294066468205266
0.0383402824004912
0.0472114290090783
0.0531063812813133
0.0528465324843053
0.0442165698636212
0.0270626071144706
0.00368287598851649
-0.0217380453387362
-0.0444379351815195
-0.0605812590533045
-0.0683610817000681
-0.0683187499430195
-0.0628526892603833
-0.0552010142706035
-0.0483309682049835
-0.0441162158902249
-0.0429950972998362
-0.0440991508362389
-0.0457165728016715
-0.0459217198132889
-0.0432071979502794
-0.0369568050341058
-0.0276092146550631
-0.0164316865174784
-0.00497110956985579
0.00557687157554997
0.0147583123575554
0.0227967853909342
0.0301304685727268
0.0368664824135809
0.0425221876252704
0.046217211958323
0.0471625954267113
0.0451025702476533
0.0404356522855706
0.0339987630610787
0.0267232412320786
0.019395183153526
0.0125929675461455
0.00670393297003735
0.00189520992961525
-0.0019708379599189
-0.00536579591088424
-0.00895832538720082
-0.0133160555150742
-0.018572015818969
-0.0242144491580218
-0.0291049641863325
-0.0317485741666623
-0.0307662050363815
-0.0254476460337725
-0.0161920780569658
-0.00462514797205114
0.00672532429585334
0.015122487853817
0.0184259410649693
0.0156918560257498
0.00734757798050043
-0.00508621711764168
-0.0195681577695065
-0.0341508877345859
-0.0474087445604149
-0.0585678965647184
-0.0673762966516925
-0.0738517706401361
-0.0780603289541093
-0.0800204640424877
-0.0797510440277257
-0.0774172383837903
-0.0734901005962506
-0.0688178129907318
-0.0645157472372951
-0.0616380038024409
-0.0607053307143182
-0.0612949861930688
-0.0619534563577597
-0.0605877015740211
-0.0552416063193292
-0.0449151743272706
-0.0300133980900924
-0.012192231380684
0.00630110539236739
0.0234275113411033
0.0378919113430739
0.049219687841361
0.0574781209070394
0.0629312386591275
0.0658645527562827
0.066594233996432
0.0654891288311419
0.0628533056168325
0.0587139991187525
0.0527304146762727
0.0443983543073029
0.0334897067415284
0.020438330648347
0.00637190349835955
-0.00728052550847326
-0.019381147698546
-0.0295223301401703
-0.038078016677826
-0.0458851478050508
-0.0537595679693746
-0.0620753474697372
-0.0705490108764732
-0.0782717800238165
-0.0839646005511617
-0.0863721440900332
-0.0846580241814172
-0.0786563184873536
-0.0689060187924824
-0.056504234909032
-0.0428742373855037
-0.0295164574513508
-0.0177486784621022
-0.00843382826046846
-0.00176042443422121
0.00279528969938951
0.00623265510776287
0.00956962796035604
0.0133751506634949
0.017533177223531
0.0213505176913324
0.0239177760678783
0.0245022633513978
0.0227757171080327
0.018818790835571
0.0129830500004379
0.00573701682341133
-0.00242540543591254
-0.0110040726121296
-0.0194534393280203
-0.0270937069552627
-0.0330086865058135
-0.0360353687216181
-0.0349685814074009
-0.0289854560379133
-0.0180945555284756
-0.00331671754566459
0.0135645438676975
0.0305661960227034
0.0460638222200683
0.0590614324390656
0.0691159853883391
0.0760852622492716
0.0799311674771148
0.0807004615353555
0.0786387747297819
0.0743037694840724
0.0685739073933375
0.0625403031001943
0.0573288376358965
0.0538957347309235
0.0528178527319849
0.0541134871767536
0.0571715738468794
0.0608741321892642
0.0639263165398633
0.0652899169344417
0.0645310343512781
0.061911274998476
0.0581776799503963
0.0541654556012678
0.0504160561741955
0.0469791651434081
0.0434509789947426
0.0391932544512494
0.0336346913396816
0.026564646662302
0.0183437568518646
0.00995928403195707
0.00286721659339073
-0.00138524517297731
-0.00167749491365212
0.00219194361081455
0.00924614892700998
0.0174730151159604
0.0244057236942726
0.0279750591211037
0.0272897629064198
0.0229641373474285
0.0167901726781053
0.0108867620124485
0.00675858417735901
0.00475538912969622
0.00418053853874989
0.00390718565845816
0.00308124542562069
0.00150351621217765
-0.000440076077332003
-0.0021087567233268
-0.00287957375992912
-0.00218890198174685
0.000565733231818744
0.00603135156706435
0.0146812725441386
0.0264693267399216
0.0405856427357284
0.055473347650852
0.0690883411014144
0.0792718223002007
0.0841264465092009
0.0823656080020388
0.0736294853751921
0.0587034928880329
0.0395068793019696
0.0187370837429503
-0.00080795670630019
-0.0170165467192117
-0.0290287299907759
-0.0373100248444429
-0.0431922324533986
-0.0481086022070086
-0.0528928355292131
-0.0574480138612992
-0.060879916877319
-0.0619673002654485
-0.0597236952511887
-0.053817339027861
-0.0447109660474533
-0.0335013958237035
-0.021546182821244
-0.0100415164278858
0.000266741043663443
0.00912173894518037
0.0165533102424428
0.0225658756373194
0.0269012875825962
0.0290244106052531
0.0283699439126993
0.0247481766622451
0.0186953657762007
0.0115401337409712
0.00507592675889579
0.000938300101612724
-3.02521614864436e-05
0.00189392413228276
0.00547331341789324
0.00906585943339084
0.0112840706760994
0.0114314640350944
0.0095615298077934
0.00624970543225134
0.00231428966038498
-0.00132649997857663
-0.0036608847378266
-0.00361720350010179
-0.000291299908605598
0.00663451380634442
0.0164909684561618
0.0275255634054612
0.0372655711054312
0.0432435095320823
0.0437892132945229
0.0385676512776487
0.0286752982178739
0.0162909668135159
0.00401552462070826
-0.00589203396325047
-0.0121488330364871
-0.0147424285259022
-0.0147731750438332
-0.0139045643042511
-0.0136569303442845
-0.014850012336565
-0.0174052630728254
-0.0205153542609572
-0.0230156513949497
-0.0237613187004649
-0.0219142384761294
-0.0171611411123934
-0.00990607673094327
-0.00139719223184321
0.00634237603173263
0.0108928546639494
0.0100915088699422
0.00274617836977345
-0.0108827100184945
-0.0290279422280596
-0.0487860802915934
-0.0667487657442985
-0.0797026204690435
-0.0852774526597618
-0.0824780581271946
-0.0720035517821069
-0.0561973887090078
-0.038509322837997
-0.0225409527882536
-0.010987872195315
-0.00490408421487376
-0.00359722347660532
-0.00517558633866271
-0.00747459192252199
-0.0089451131329987
-0.00915095166686411
-0.00874513694588133
-0.00904021962005296
-0.0114230473887548
-0.0168463501912563
-0.0255194263551728
-0.0368138559022351
-0.0493500848645624
-0.0612299369674999
-0.0703908085674922
-0.0750441683928421
-0.074115678657547
-0.0675562874325449
-0.0563939305434772
-0.0424744148648379
-0.0279713290295142
-0.0148515391420462
-0.00449177089567333
0.00245446580241919
0.00597247660192001
0.00649608547284175
0.00471199044757532
0.00139686296256995
-0.0027195576301789
-0.00706400223755809
-0.0112660172759594
-0.0151023862457047
-0.0183568243285002
-0.0206889324599288
-0.021630571158831
-0.0207599556997474
-0.0179812217921522
-0.0137478404186195
-0.00907940837777487
-0.00532693094557641
-0.00377039509931647
-0.00520641602827055
-0.0096760791448574
-0.0164231274633005
-0.0241006571391762
-0.0311720721188086
-0.0363757368273949
-0.0390674065409638
-0.0392784389791214
-0.0374650731488924
-0.0341188647781291
-0.0295212950634459
-0.0238360513153789
-0.0174663455888239
-0.0113588639990758
-0.00693331086282784
-0.00559237910901268
-0.00810297862792654
-0.0142463210007292
-0.0229240206578738
-0.0325780240657461
-0.0416226242893445
-0.0487002618565021
-0.0527998804823216
-0.0533788178164493
-0.050527953528152
-0.0450512527318851
-0.0382874178816309
-0.0316426493293659
-0.0260172903087487
-0.0214273292624359
-0.0170550405688779
-0.0117453267729395
-0.00471406403313117
0.00390762997120649
0.0130057507245057
0.0209451482624472
0.0263010272387604
0.0284417942710173
0.0276571711105481
0.0248294698959013
0.020917692646863
0.0165791237053874
0.0120905828639263
0.00750697872567691
0.00286886124909357
-0.00170630429072149
-0.00609713175325915
-0.0103386138778429
-0.014724965949997
-0.0197303454903679
-0.02572599130141
-0.0326116062236218
-0.0395723177375035
-0.0451457884100775
-0.0476298671181116
-0.0456663505048193
-0.0387334619863386
-0.0273436826722235
-0.0129206675179742
0.00252345103812463
0.0167723591106102
0.027794614577843
0.0341363830318116
0.0352705164572818
0.0317618772063323
0.0251009011783505
0.0171987089322587
0.00974191930378862
0.00370630039492886
-0.000765803553959723
-0.00413641042238835
-0.0070776819039157
-0.0101219715939878
-0.0134654905782607
-0.0169237384175079
-0.0199946838435737
-0.0220017362803255
-0.0223018156571121
-0.020521261250123
-0.0167464020166921
-0.0115873809783239
-0.00606863263908203
-0.0013601964418751
0.0015774758293447
0.00232677184369968
0.00121034215382693
-0.000736293558928013
-0.00205141029309795
-0.00134431119336727
0.00214369011254308
0.00813274698484727
0.0152551054847886
0.021433141621684
0.0245558929887999
0.0231762564790282
0.01695015135763
0.0066821351936144
-0.00597217533776081
-0.0189815156498283
-0.030425045072549
-0.0388888852656766
-0.043728384459365
-0.0451527762893846
-0.0440724270295178
-0.0416933551669221
-0.0389746403919507
-0.0361946278755679
-0.0328662755569832
-0.0280604622764075
-0.020959722373819
-0.0113539981664324
0.000129321324702852
0.0121004020753842
0.0227195430311544
0.0301693194080133
0.0332037589675885
0.0316232060876504
0.0264532391472983
0.0196637280317889
0.0134783940056028
0.00956112548687674
0.00844338925842348
0.00942009184113487
0.0108976009806399
0.0109956098174396
0.00817120623506706
0.00170423154702509
-0.00804692256248166
-0.0196888112659843
-0.0311810011217265
-0.0405092629211741
-0.0464151515281443
-0.0488494550662406
-0.0489062998049083
-0.0482608858358586
-0.0484053226341647
-0.0500644159836556
-0.0530247961578008
-0.056348693335278
-0.0587600996028824
-0.05899389892106
-0.0560319702472711
-0.0492609943821813
-0.0385803964090453
-0.0244193387805005
-0.00761332224223935
0.0108173014748778
0.0298493424673809
0.0484820752058785
0.0656272752269673
0.080022152320963
0.0903349019727823
0.0955028148437301
0.095165563955719
0.0899569555204065
0.0814694772842456
0.0718794297377936
0.0634003339935231
0.0577958812396515
0.0561013254236292
0.0585585499798732
0.0646777992937263
0.073341591530095
0.0829266252631148
0.091476501980103
0.0969710929408976
0.0976963943452168
0.0926420096629602
0.081791459391436
0.0661756254924772
0.047643609418745
0.0284226369180844
0.0106205832455252
-0.00416794996729338
-0.015048573523909
-0.0217909052537057
-0.0246362963283811
-0.0240659896325758
-0.0206373349211519
-0.0149317947775874
-0.00758353009209901
0.000678844641668131
0.00903488116914169
0.0166498604127556
0.0228293621258991
0.0272125224584733
0.0299188834044031
0.0315508739369217
0.0330049660701256
0.0351352353916797
0.0383879911486717
0.0425515779823801
0.0467400654353317
0.049657144721996
0.0500715807042675
0.047314615767281
0.0415608841521
0.0337413090301104
0.0251326577175683
0.0168529966282869
0.00953974892967093
0.00336787961139211
-0.00163873874191417
-0.00521770515190327
-0.006661699915163
-0.00496474553580024
0.000694995205120277
0.0103433489299461
0.0227780768533223
0.0355789870762992
0.0456416161010449
0.0500836163521957
0.047199975775957
0.0371071310435901
0.0218239952517239
0.00473780342863889
-0.0103780635377905
-0.020459169427434
-0.0239715786178925
-0.0211777443943642
-0.0137963680785921
-0.0042590965644621
0.00508881301050507
0.0125341964862926
0.0171652201593914
0.0187577984295369
0.0175844222943084
0.014298033764851
0.00988984622318396
0.00560347211116004
0.00270534739658076
0.00213690572495167
0.00419085510990524
0.00836685220706363
0.0134734031291931
0.0179320782906699
0.0201797824743855
0.0190629824914529
0.0141368848703235
0.00580131271605339
-0.00476034569955972
-0.0158135244031041
-0.0254016966541351
-0.0317006014510343
-0.0333664361695903
-0.029864045081714
-0.0217174229730872
-0.0105592470438784
0.00114575550695881
0.0107165291273528
0.0160415798581892
0.0162351821813902
0.0118882211395482
0.00481626929310855
-0.00256815266338493
-0.00799047582261221
-0.00988820071646734
-0.0076709401675996
-0.00166564978366563
0.00713952620973928
0.0174095335871837
0.0277418552411245
0.0368945579171608
0.0439827292111466
0.048636254779324
0.0510607175147422
0.0519301917462297
0.0520960714471667
0.0521955208592818
0.0523255141402264
0.0519509737761483
0.0501153070353737
0.0458668877143437
0.0387057851497995
0.0288644161259702
0.0173426370227354
0.00572946177410249
-0.00411224014085853
-0.0104366337302004
-0.0120333427069099
-0.00859861711756535
-0.000940978522794618
0.00909765154265023
0.0190451913080695
0.0264311826368404
0.0294329952789314
0.0272979572328462
0.0203983507190367
0.0099430555692067
-0.00248795923787886
-0.0153802691088839
-0.0275554515957986
-0.0382525163247125
-0.0470817239903243
-0.0539309884956388
-0.058873551297544
-0.0620838234659217
-0.0637507601801469
-0.0639953616219819
-0.0628315720093243
-0.0602199048335992
-0.0562230517212686
-0.0511951573005322
-0.0458752231050874
-0.0412692394304181
-0.0383103025079388
-0.0374293447567946
-0.0382578138404345
-0.0396450480975487
-0.0400134307025715
-0.0378876942519771
-0.0323456661501002
-0.023209936483834
-0.0109791794366714
0.00335399046094436
0.0184473076061834
0.0326933457299214
0.0443572390418681
0.0518846290093046
0.0543486686695941
0.051826139586959
0.0454475372048401
0.037017455830693
0.0283522656727746
0.0206523735374575
0.0141984379425885
0.00846372553312359
0.00251111433752081
-0.00456300492244338
-0.0133226959381946
-0.0238735302716154
-0.035875755771424
-0.0486131010460744
-0.0610717898536758
-0.0720215486376864
-0.0801217571561708
-0.0840992070436792
-0.0830289142443632
-0.076668790786992
-0.0656944783620525
-0.051655099145541
-0.0365856516009618
-0.0224060894689047
-0.0103704172466473
-0.000806518766968401
0.00676699192910089
0.0132405928715404
0.0194300259962433
0.0257051222288015
0.0318436804091136
0.0371180393449258
0.0405495524214249
0.0412454667421732
0.038741965433891
0.0332773975619461
0.0259006097496212
0.0183218689538081
0.0124906138008063
0.0100236663800324
0.0117113125670678
0.0172928836936716
0.0255286730725183
0.0344526606393563
0.0417261414600073
0.0451709090236894
0.0435279850863694
0.0370646281398942
0.0273635263732015
0.0163314320158427
0.00550189460586301
-0.00380805068611017
-0.010412504960087
-0.0139335373816762
-0.0153721060984585
-0.0165995510938901
-0.0191070468187811
-0.0230041860115736
-0.0268341120417581
-0.0281782504420598
-0.0247183930619054
-0.0153220324407296
-0.000721630283179755
0.0165076633497493
0.0327012924085935
0.0443201003987922
0.0491670409339106
0.0471484777898093
0.0403009349159136
0.0320700563819614
0.0260814286015252
0.0248139997956747
0.02864411774429
0.0356509977454439
0.0423422273706065
0.0450933754527146
0.0417288697150991
0.0325208139410981
0.0201054220712269
0.00834255484549907
0.000677664761385606
-0.00120853201342283
0.0021276786816972
0.00841762461471099
0.0148476592782325
0.0192695164938886
0.0209137889665678
0.0203617537726772
0.0189018106379151
0.017670648728094
0.0170366271810436
0.0165098320537096
0.0151598243568052
0.0122512563198026
0.00771027989578489
0.00215767582718736
-0.00348540370561887
-0.00855483387256427
-0.0130087239886764
-0.0173753742896607
-0.0223234761814212
-0.028122559822374
-0.0343173777619945
-0.039806101835973
-0.043287600338297
-0.0438613035466301
-0.0415065741435305
-0.0372358457766977
-0.0328507603969371
-0.0303723512462148
-0.0313285268943621
-0.0361451529054148
-0.0438790876762081
-0.0524329206893654
-0.0592143649179459
-0.0620121182848877
-0.0597477448880741
-0.0527993809755398
-0.0427760958827067
-0.0318672233781088
-0.0220711733550887
-0.0146276398447016
-0.00983692819353247
-0.00724640099508834
-0.00603442304647962
-0.00538509321477625
-0.00470482744230275
-0.00363593012198919
-0.00193227102696794
0.000661078689247735
0.00438757588582851
0.00928899631009543
0.014966240244802
0.0204891730979997
0.0245857034967125
0.0260720251627989
0.0243363084185373
0.0196467397806967
0.0131286804956274
0.00639796283124517
0.000989038569935724
-0.00218591212893822
-0.00312463624402799
-0.00267100602605384
-0.00215049467426162
-0.00283953361275812
-0.00544287515067159
-0.00983069918855957
-0.0152883120808393
-0.0211617609849909
-0.0272753127012869
-0.0336889437179626
-0.0401834607203361
-0.0460874613367463
-0.0504749076022416
-0.0524209451007038
-0.0512052542777408
-0.0465013034906053
-0.0385139050225466
-0.02798783064631
-0.0160830853583812
-0.00417867790419337
0.00634259390972248
0.0143168881571175
0.0190202906645092
0.0203342511086748
0.0187722929410002
0.0153271332383196
0.0111916474977619
0.00747329174498999
0.00500520493830342
0.00428154935195897
0.00547522820641385
0.00847493118780473
0.0129029466810864
0.0181203763583939
0.0232644491728893
0.0273679900252726
0.0295718028824293
0.0293751898336879
0.0268220347167863
0.0225271602176705
0.0175114222562768
0.0128993687098584
0.00959183463694858
0.00802510983759727
0.00807593485838672
0.00911230765889934
0.0101635383960381
0.0101813413779324
0.00834649045581221
0.00433009687802332
-0.00161071680640019
-0.00877836633871116
-0.016375748225797
-0.0238679540910527
-0.0311464949372003
-0.0383666439562546
-0.0455183938438303
-0.051983727179785
-0.0564042943115682
-0.0570532877966176
-0.0526071031054107
-0.042915238676713
-0.0292884162252718
-0.0140690662698829
0.000308710294859251
0.0122213760096144
0.0211970002710839
0.0275681008070308
0.0317885274091734
0.0339641924610837
0.0339237129049262
0.0317079322856297
0.0280424351597525
0.0243909785436436
0.0225017324315753
0.02369742400808
0.0282970919038794
0.0354385712936928
0.0433222803346633
0.0497060730460785
0.0524524070735087
0.0500172654461948
0.0418469402889268
0.0286368486133608
0.0123460062231733
-0.00414642072217724
-0.0177496150920578
-0.0260574603328223
-0.0281023103546861
-0.024626822533826
-0.0177137351071373
-0.00991277124876845
-0.00326357079165855
0.00132834368954656
0.00410239113029934
0.00592442452804513
0.00760255857755569
0.0094405507190664
0.0112187490026249
0.0124951495360407
0.0129591424276117
0.0126314956998454
0.0118554811764308
0.01108853295439
0.0105256043076953
0.00978817808716092
0.00813483216518971
0.00519276359800322
0.00128987412292162
-0.00323383935754983
-0.00876869980490119
-0.0159953709260785
-0.0247185343752596
-0.0333946857129768
-0.0398279096944492
-0.0423515199395004
-0.040667727168832
-0.0359736539043269
-0.030433249919821
-0.0262890674536034
-0.0249826748951073
-0.0266140492903628
-0.0299501446286986
-0.0330066016064922
-0.0339917237938765
-0.0321926777577614
-0.0283399788842632
-0.0242085715580711
-0.0216302275877231
-0.0214517685088146
-0.0230189330144932
-0.0244472005805153
-0.0234768669168647
-0.0184190567085799
-0.00874830700792254
0.00481514949726218
0.0206130445703355
0.0365293393192567
0.050483634887589
0.0608533315156628
0.0667497281583396
0.0680608073163294
0.0652282685175033
0.0588596962183096
0.0493927366491338
0.0370158357011467
0.0218951925396582
0.00456083719182789
-0.0138029732214494
-0.0313739177494335
-0.0460651351850155
-0.0561238241333298
-0.06070705034957
-0.0601864969368144
-0.0560425935330652
-0.050376533748374
-0.0452231547828789
-0.0419190058495339
-0.0407364270762906
-0.0408685559333355
-0.0407221774845812
-0.0384094503522661
-0.0323228371406888
-0.021681819071538
-0.00692712999190297
0.0101715154205388
0.0267950357119996
0.0397439752571658
0.0463486358414747
0.0453320405409832
0.0372996881711138
0.0246496013094332
0.0109256235159879
-0.000150576778288228
-0.00564433706850444
-0.00409500139773759
0.00421919594481
0.0174439764660789
0.032647203166646
0.0465179231630596
0.0561270621225977
0.0596090564269821
0.0566134383684504
0.0483860869825731
0.0374118733258853
0.0266830947855473
0.018798499840646
0.0151797529454141
0.0156754596408928
0.0186998103730979
0.0218517702680856
0.0227617283244987
0.0198292842749541
0.0126097615913741
0.00181120512599761
-0.0109739538521107
-0.0236550223877887
-0.0340722221162091
-0.0404436598905863
-0.0417705738379973
-0.0380788401589734
-0.0303827251213818
-0.0203650681083433
-0.00990325196570097
-0.000627378385534437
0.00636064022137831
0.0105881377293593
0.0121813069099393
0.0117454133739795
0.0101691161411874
0.00837500669562547
0.00707648193365842
0.00661233138428721
0.00689214594112424
0.0074394772377744
0.00751183231330312
0.00629361229107448
0.00314736571311326
-0.00214516955932141
-0.00926510702623259
-0.0174433015817653
-0.0257254851680959
-0.0332790080452823
-0.0395802469431699
-0.0444038170997169
-0.0476602961404243
-0.0492081299404708
-0.0487546766376521
-0.0458913852172502
-0.0402421743098674
-0.0316744130687885
-0.020509898518492
-0.00765316555084482
0.00545594452361984
0.0171114151194538
0.025764625858925
0.0304256089088219
0.0308558930804695
0.0274845886358839
0.0211439458687687
0.0128078949901915
0.00346493148536658
-0.00588260571760067
-0.0142082999330078
-0.0205502720817125
-0.0242105142461583
-0.0249759979455943
-0.0232401096862332
-0.0199443466969689
-0.0163384191207885
-0.0136346087135196
-0.0126844746657324
-0.013811076262155
-0.0168707614416414
-0.021504249807308
-0.0274214753246315
-0.0345309358592876
-0.0428207395197943
-0.0520788665867755
-0.0616743500035557
-0.0705935127138072
-0.0777419317901124
-0.0823216903323571
-0.0840360232923098
-0.0830055217543818
-0.0794916869406144
-0.0736466929440507
-0.0654604611363442
-0.0549175952276535
-0.0422374612292268
-0.0280358358971193
-0.0133082356411136
0.000767649160840953
0.0131318970581229
0.0231221449432254
0.030611072722254
0.0359318515334451
0.0396195279832049
0.0420969139745134
0.0434708305707504
0.0435389480943228
0.0419729627410273
0.0385380400998487
0.0332159108187244
0.0262090134576653
0.0179098173976071
0.00892100454602611
0.000112864336128392
-0.00739045320896952
-0.012395493064303
-0.013984613040804
-0.0118906218068721
-0.00672528558160097
6.54640102413791e-05
0.00654545526969443
0.0108486437617998
0.0117853089075232
0.0092800302783195
0.00445697795823591
-0.000697574999688906
-0.00399879172232463
-0.0038105281951145
0.000413239129146214
0.00799761145006016
0.0173513704286515
0.0265498468461033
0.0339499516237974
0.0386270384146039
0.0405341497293989
0.040389478006805
0.0393560380271027
0.038605385869943
0.0388862516115077
0.0402448616468391
0.0420238600354984
0.0431674202144371
0.0427078379883102
0.0401926868406837
0.035823932564864
0.0302395590921005
0.024087282461821
0.0176734998291132
0.0109163096489722
0.00361689593611333
-0.00415762003153051
-0.0118499072466373
-0.0184850895414189
-0.022973452155107
-0.0244605479466934
-0.0225735668062534
-0.0175154088710952
-0.0100265255419393
-0.00124327726766823
0.00752194945441023
0.0150340912330836
0.0203577195942972
0.0230012853054482
0.0229829091705902
0.0208445241380811
0.0176181972928106
0.0147022090172714
0.0135966291426925
0.0155121384658092
0.0209652674316133
0.0295275124309654
0.0398533528830914
0.0499965550416126
0.0579083066078879
0.0619552214547963
0.0613115952287047
0.0561377267355298
0.0475137828667877
0.0371405817307689
0.0268636172547098
0.0181449930552487
0.0116749964261657
0.0073116273300213
0.00441164865836934
0.00240616514544214
0.0013017151631264
0.00178863833285785
0.00484899936868818
0.0110655225709695
0.0200409149445638
0.030293343118871
0.0397138602871002
0.0463364615870602
0.0490052093876084
0.0476297119426231
0.0430051086559755
0.0364170898773867
0.0292921004182965
0.0230039118314308
0.0187694488507983
0.0175082193703875
0.0196227653864866
0.0247873955469534
0.0318942436603889
0.0392515118848871
0.0450006443816708
0.04760840930213
0.0462645042040271
0.0410706866857402
0.0329849284760515
0.0235392698418219
0.0143925833383872
0.00683670649313526
0.00142780677295351
-0.00209934739616242
-0.00459009925844449
-0.00701212832952273
-0.00998253368047163
-0.0134576741032619
-0.0166709456790825
-0.0183210024864282
-0.0169699160375835
-0.0115756627729539
-0.002024012902712
0.0105371466939189
0.0237588421489835
0.0346361674028495
0.0404245716645636
0.0396105062445993
0.0325354178445017
0.0213816677664408
0.00949583501995862
0.000312068662806896
-0.00370350786546647
-0.00170441082409097
0.00547604484663884
0.015793189111961
0.0267301892098591
0.0359896391406663
0.041910421940621
0.0435644336713376
0.0406497445357588
0.0333513503106876
0.022278343987606
0.00847020461794171
-0.00662037978917755
-0.0212617414044542
-0.0337114522367544
-0.042542191549546
-0.046910681336489
-0.046695374949527
-0.0425005176495374
-0.0355573931218959
-0.0275304941292477
-0.0202134938212171
-0.0151398709900629
-0.0132206119859508
-0.0145658927122862
-0.0185772666295107
-0.0242427787032515
-0.0304475222628562
-0.0361314260743939
-0.0402822185525295
-0.0419221568611448
-0.0402767035534701
-0.0351483012127526
-0.0272785778889049
-0.0183802754420642
-0.0106754869222288
-0.0060952568276762
-0.0055382591854094
-0.00856987240955726
-0.0136874638080017
-0.0189729372520932
-0.0227927453096223
-0.024247823346442
-0.0232467375184309
-0.0202610730747141
-0.0159436941177377
-0.0108127762432107
-0.00512796581340909
0.00104542690778237
0.00769081063399925
0.0147290555444399
0.0219822980401717
0.0291728407269877
0.0359056286002458
0.0416397728503497
0.0457084564223982
0.0474313687290991
0.0462893206491169
0.042071304231848
0.0349194460380045
0.0252698812196431
0.0137464652891878
0.00106401458587047
-0.0120370555693791
-0.0248198401083396
-0.0365319143265089
-0.0463422994514341
-0.053301434240993
-0.0564410217667777
-0.0550764937328342
-0.0492149230057652
-0.0398294036055269
-0.0287750445129701
-0.0183040538835872
-0.010364095925742
-0.00598986291080282
-0.00505910167937099
-0.00651132243248263
-0.00890616834121337
-0.0110365807846085
-0.0122984777132763
-0.0126686365560225
-0.0123714321261854
-0.0114870010721468
-0.00977059660769998
-0.00681331998531761
-0.00246138949570895
0.00275871315653269
0.00749500190595806
0.00986120500895462
0.00809201862525018
0.00128717766586354
-0.0100914471588294
-0.0241958113139942
-0.0382625902533828
-0.0494153849920901
-0.0555339891233786
-0.0559103814448778
-0.0514615810437674
-0.0443906380162445
-0.0373798481681129
-0.0326077024389258
-0.030987004826736
-0.0319349024141156
-0.0337357347824244
-0.0342917901402044
-0.0319244332045623
-0.0259274501410216
-0.0167175702968407
-0.00558821606586909
0.00579457267895408
0.0159355853619894
0.0238792308957168
0.0292914164772906
0.0322988287542139
0.033249678658498
0.0325643059196273
0.0307333740040268
0.0283819291520159
0.0262551041858277
0.0250389058372283
0.0250622076109025
0.026041840142111
0.0270540809276716
0.026820542845637
0.0242293028956277
0.0188671002055851
0.0113074615134367
0.00300973674893374
-0.00412830824441017
-0.00836889848560234
-0.00865042212782885
-0.00486097537466721
0.00217705265406604
0.0109701804044935
0.0197797031768098
0.0271004578626651
0.032060598678548
0.0346113911920639
0.0354318334461457
0.0355775782186204
0.0360054232736823
0.0371513617369473
0.0387181136974355
0.0397534673687781
0.0389963371268183
0.0353635442379948
0.0283913436204252
0.0184666661371897
0.00677471448803425
-0.00500080386862216
-0.0151158403690699
-0.0222155502998908
-0.0256839393665388
-0.025804439262383
-0.023668351185007
-0.020821294777169
-0.0187323033885975
-0.0182740239282152
-0.0194413697809565
-0.0214499325592667
-0.0231640160785238
-0.023617253162749
-0.0223395621978753
-0.019344749508261
-0.0148741557895003
-0.00915278485370495
-0.0023669615058839
0.00514061142222503
0.012658651468894
0.0190984125926565
0.023252987162577
0.024196025653048
0.0216035132828872
0.0158467463985873
0.00785847124711977
-0.00109877014242049
-0.00962373871312304
-0.0162967210169239
-0.0198228942464967
-0.019307440916847
-0.0146383727856418
-0.00677447462021101
0.00232142313614732
0.0102111053251828
0.0147986482383936
0.0150588456728215
0.0113294210486373
0.00507050773996054
-0.00172169073876506
-0.00714006675034367
-0.00981108972626237
-0.00911151248834724
-0.00521363804242052
0.000994780919288144
0.00811793526541379
0.0145835960403279
0.0190304019114695
0.0206266605265944
0.0192158715568971
0.015270852464205
0.00972441310517762
0.00376880670490845
-0.00132476351125502
-0.00437476286068329
-0.00448027999026426
-0.0012403193200242
0.00505517167374448
0.0133667340270549
0.0220670256403553
0.0293217821019461
0.0335774878964256
0.0339796620223344
0.0305686580647067
0.0241933325477584
0.0161992675754858
0.00803535973934031
0.000937140322687507
-0.004226962338021
-0.00697644280432694
-0.00720914921264602
-0.00523087422226186
-0.00178732229095838
0.00201155493231693
0.00494464722282007
0.00605232052929687
0.00496512247501275
0.00203261735601292
-0.00179218421798878
-0.00523693243068489
-0.00704371823235093
-0.00626873010873374
-0.0025101224211286
0.0039655744637605
0.0122400984694906
0.0209287927462291
0.028505193476232
0.0336775761549341
0.0357082886378805
0.0345860833928305
0.0310036410319992
0.0261416736868296
0.021312976288749
0.0175675014639407
0.0153822025758291
0.014533507724406
0.0141779892613186
0.0130897389630262
0.00997270771487638
0.00379074963841785
-0.00591281294292191
-0.018753636174037
-0.0334057296049644
-0.0477811586280745
-0.059527213397795
-0.0667208817317645
-0.0685052222398517
-0.0653956890882615
-0.0591114984295651
-0.0519934643345126
-0.0462443612618901
-0.0432832376381287
-0.0434281017665515
-0.0459712511293622
-0.0495686450192707
-0.0527768746434168
-0.0545451380972522
-0.0545005842594967
-0.0529508039700055
-0.0506430232933638
-0.0484094375829626
-0.0468440637412818
-0.0461062126226182
-0.0458814356451093
-0.0454910337211545
-0.0441191669793526
-0.0410990284471588
-0.0361694290699594
-0.0296088018489013
-0.0221907400190056
-0.0149674076711182
-0.00894851064555439
-0.00479069686677098
-0.00263045834422961
-0.00215072457817858
-0.00285351745551289
-0.00437734000668378
-0.00665923042745303
-0.00985066859963444
-0.0140730865008999
-0.0191944264678548
-0.0247548037966516
-0.0300407398322118
-0.034229745381951
-0.0365462772092575
-0.0364237806317742
-0.0336748944426674
-0.0286258029362106
-0.0221322192253667
-0.0154168675603039
-0.00974693995749379
-0.00605719036017316
-0.00466906517481483
-0.00522824760145703
-0.00688536569303091
-0.00862348603273382
-0.0095667057119796
-0.00914001926824507
-0.0070693045645078
-0.00331847385289592
0.00192932644482912
0.00822993204786667
0.0148616144532873
0.0209350971005338
0.0256393908212659
0.0285096144104239
0.0295565506131715
0.0291736018606091
0.0278802566362154
0.026064510619528
0.0238757741912159
0.0213058396977608
0.018361494581011
0.0151748220210775
0.0119600986858517
0.00886320390567588
0.00584764432011969
0.00272970261439478
-0.000664615654498883
-0.00436763106646918
-0.00829291499996306
-0.0124033407870091
-0.0168792090943325
-0.0221221293494781
-0.028530863629359
-0.0361291726489544
-0.0442347721464445
-0.0513841989011162
-0.0556431627609401
-0.0552476405716667
-0.0493236629538398
-0.0383539084549627
-0.0241651173648684
-0.00943549712600003
0.00307903657769629
0.0113219171014785
0.014469742552108
0.0130636546743973
0.00870055648704499
0.00340049287032636
-0.00109369344267526
-0.00379569573769132
-0.00456740044910685
-0.0038640084870018
-0.00233133638420774
-0.000476882717909003
0.00145332991013537
0.00338363830077204
0.00519307656495204
0.00651684012638736
0.00670200782741036
0.00498305207949251
0.000819880233863059
-0.00576985708103803
-0.014073628984048
-0.0228358875629549
-0.0306373479354655
-0.0363260614891973
-0.0393184036397674
-0.0396744887155984
-0.0379598958761405
-0.0349733064504542
-0.0314395583719647
-0.0277639734786509
-0.0239281989998371
-0.019568826617865
-0.0142131111995757
-0.00757526654518231
0.000219449196291704
0.00859236447516826
0.0166804669776017
0.023642408440175
0.028950605679414
0.0325184666906359
0.034598419984619
0.0355163042270701
0.0354037932200691
0.0340915168759434
0.0312288618344533
0.0265614142938829
0.0202042527142845
0.0127497564247282
0.00513844923087751
-0.0016499745402563
-0.00693118563453864
-0.0105113126083129
-0.0126594512032667
-0.0138972759097113
-0.0147318098913304
-0.0154600174198302
-0.0161083695499221
-0.0164953526250145
-0.0163669872013859
-0.0155537778504622
-0.0141004629714854
-0.0123145378579871
-0.0106907351371834
-0.00972084967798795
-0.00966882321372361
-0.0104219290035029
-0.0114890921293258
-0.012138584908673
-0.011609811253797
-0.00932610634323969
-0.00505816688722316
0.000991022839350256
0.00819915810870273
0.015645027319045
0.0223229861084689
0.0274023353143607
0.0304504827670686
0.0315356363320136
0.0311638841383272
0.0300716716465667
0.0289535502195824
0.0282309612676454
0.0279541761748518
0.0278772971451357
0.0276644302234618
0.027109400163975
0.0262373561666299
0.025230178280743
0.0242352150793998
0.0231938446210435
0.0218104215382862
0.0196941321384057
0.0166095729022757
0.0127154223368997
0.00866710250520048
0.00550357049639071
0.00432231361152027
0.00584932813117033
0.0100867632265128
0.0162165935597188
0.0228345405917483
0.0284280839697558
0.0318848113076255
0.0327988511180414
0.0314463826977779
0.0284704982852734
0.0244618497144592
0.0196667986480659
0.0139709278071581
0.0071364187210955
-0.000880763114728521
-0.00974389647233671
-0.0187857059573786
-0.0272378335522976
-0.0344726019011355
-0.040104672399982
-0.0439148431290153
-0.0456883774783929
-0.045121460224696
-0.0419031992265269
-0.0359528445923802
-0.0276628455607494
-0.0179596925499576
-0.00808665200425427
0.000813345824067734
0.00809423925566748
0.013754915603931
0.0182534519774016
0.0221034264328293
0.0254926343436188
0.0281338709964381
0.0294071024246813
0.0286915239150981
0.0257066014734258
0.0207033630330817
0.0144335716811558
0.00792404699043248
0.00215913436717631
-0.00219533463879753
-0.0049180074909929
-0.0061715640688757
-0.00630755666648193
-0.0056472854928063
-0.00434994329900034
-0.00242648678152399
0.000117397428877934
0.00309216047602266
0.00600906834233784
0.00814669693696511
0.00882789616550038
0.00780417977505993
0.00553437366849545
0.00315047517661063
0.00205457924249568
0.00330381124094395
0.00707745699481018
0.0124947525499466
0.017883651666275
0.0213890099791745
0.0216605953423592
0.0183406124336046
0.0121746817723511
0.00473846122416838
-0.00207970430685485
-0.00663195717199412
-0.00791597588206443
-0.00573483315064673
-0.000617434887835043
0.00641917858176804
0.0141605496920782
0.0214578397551933
0.0274274749393751
0.0315831121815658
0.03389715806638
0.0347749825892387
0.0349256045417349
0.035142087392903
0.0360454866265375
0.0378676789576941
0.0403375483773539
0.0427029859224125
0.0438886124818499
0.0427680853367433
0.0385137785355839
0.0309566948742764
0.0208416439825563
0.00983205161480582
0.000161328123560854
-0.00603604601010296
-0.00750432048966732
-0.00443532054503343
0.0014593776667009
0.00746825340823519
0.0108256642367889
0.00971508013784215
0.00392323817273836
-0.00511113403651714
-0.0148480426439989
-0.0225482492844043
-0.0261666058195375
-0.0249244105674333
-0.0194058370134566
-0.0112092854893814
-0.00233161704097789
0.00546705581681898
0.0110935366343812
0.0142298752105342
0.0151527740725096
0.0144169939696477
0.0125824234852693
0.0100902876951126
0.00727813491725805
0.00444649216659714
0.00189084434447979
-0.00013324161524874
-0.00148584230302915
-0.00220141683187022
-0.00247355578871236
-0.0025425027508581
-0.00252239817233366
-0.00226157678861812
-0.00133571641890407
0.000789506268454931
0.004485936662088
0.00970404204454248
0.0158461287802968
0.0218350921900632
0.0263754094889682
0.028342476906647
0.0271823577912408
0.0231717703616937
0.0174120497573072
0.0115268625220903
0.00716453479113415
0.00549655185781836
0.00689794362567866
0.0109015715457192
0.0163993923669607
0.0219831875777851
0.0262987190026763
0.0283164420653946
0.0274720659903931
0.0236802887320978
0.0172619888345074
0.00884058319143099
-0.000748191472005822
-0.0105236080832313
-0.0194325628394878
-0.0264661838265595
-0.0308295896187494
-0.0321245779016663
-0.0304723719464775
-0.0265099645627369
-0.0212361534368919
-0.0157429248196887
-0.0109193744347418
-0.00723510507806813
-0.0046852370604832
-0.00291660540816851
-0.00147997750624122
-9.90085109401369e-05
0.00116298182171622
0.00191787965714341
0.00165352691907946
3.88689788011758e-05
-0.00280930862150487
-0.00624103509747438
-0.009235902036817
-0.0107579994748905
-0.0101469189515606
-0.00737323301243573
-0.00306261788171758
0.00169684141187098
0.00567516845821504
0.00784456005438549
0.00765658100859733
0.00517725634245506
0.00103554212617909
-0.00379165599948608
-0.00825826953236782
-0.0114715112257447
-0.012799637702995
-0.0119006659245883
-0.00875444326333069
-0.00374366952525701
0.00226095450871102
0.00793085647262389
0.0117345257299788
0.0124078173035546
0.00946015515529428
0.00344427986698988
-0.00419610548320459
-0.0116536272519015
-0.0173991820832766
-0.0206409912903379
-0.0214471798635401
-0.0205679768367216
-0.0190957488232024
-0.0180965435449136
-0.0183033847042179
-0.0199319370769065
-0.022657276835963
-0.0257531993314866
-0.0283464283573395
-0.0296995253334213
-0.0294244327900513
-0.027552012155101
-0.0244438721775634
-0.0206091126030017
-0.0165300769863732
-0.0125718646161157
-0.00897514363240333
-0.00587926923800475
-0.00333386665775429
-0.00130448370154012
0.000297689216192646
0.00155507266969784
0.00248423421291761
0.00302053871917448
0.00306275597673389
0.00255816701510832
0.0015917205399152
0.000441223750181568
-0.000439294945817805
-0.00053710383282217
0.000510590400243205
0.0026913949867747
0.00549490687220133
0.00798622375202142
0.00907693594258923
0.00789278127832009
0.00409011151027897
-0.0019983075891481
-0.00942952748338377
-0.0168847049021453
-0.0229718127281859
-0.0264944012178594
-0.0266328010795867
-0.0230480892129486
-0.0159460048817709
-0.00610782934829099
0.005154969626088
0.016178741208153
0.0252712021017243
0.0311203030673455
0.0331647805576205
0.0317793318601166
0.0281674027878686
0.0239612427083828
0.0206588819992674
0.0191076939310633
0.0192311364682663
0.020104669325542
0.02035728574005
0.0187418549590946
0.0146421488030524
0.00834371334992263
0.00103767230096037
-0.0054527408534172
-0.00929829280112545
-0.00950983474947182
-0.0064988159679244
-0.00194768780093952
0.00186841878285195
0.00288265978258796
-0.000131966214948133
-0.00722733964979208
-0.0173017384994292
-0.0284557020846377
-0.0385490337632124
-0.0457681544464732
-0.0490452113251742
-0.0482556602766437
-0.0441945046151873
-0.0383551317451647
-0.0325302273129692
-0.0282826201044571
-0.026422389589225
-0.0267100650848164
-0.0279692124810476
-0.0285972639626185
-0.0272268212484203
-0.0231992862752422
-0.0166541635930709
-0.00830146617155148
0.000881441162576776
0.00983046815924745
0.0174484106246712
0.0226798514051643
0.0247283238864283
0.0233628084699726
0.0191078597956402
0.0131276099961622
0.00679935303906986
0.00118704034692443
-0.0032939137192224
-0.00684129092149042
-0.00990650732162601
-0.0127449260703747
-0.0151466088355222
-0.0164934332449786
-0.0160880741475989
-0.0135465021986511
-0.00902752080605244
-0.0031925558034321
0.00304251315756035
0.00880101158298735
0.0134438267418191
0.0166303888025321
0.0182826897252627
0.0185067702622805
0.0174982551862744
0.015448155010859
0.0124895611869823
0.00873960111478355
0.00444250554237477
0.00012378280237445
-0.003391003416153
-0.00517874002484947
-0.00457337358178623
-0.00147624330947838
0.0035612478664656
0.0095218971328549
0.0152593000046701
0.0198209089198031
0.0226482056313885
0.0236313731156504
0.0230476873317453
0.0214243484126111
0.0193617600804664
0.017348821413907
0.0156059466840563
0.0140079708101436
0.0121499454823011
0.00958408143010091
0.00615876164822563
0.0022828194088456
-0.00108089900713287
-0.00276319655282264
-0.0019362681692055
0.0014317895336585
0.00648185997424256
0.0117934588012978
0.0159608905735705
0.018110203826457
0.0181142203548697
0.0164591070126835
0.0139052282086823
0.0111490438627328
0.00861843240374695
0.00641229639868344
0.00433591593309818
0.00200900096152614
-0.000951820037084377
-0.00473137032675357
-0.00921641759465738
-0.0140185303464741
-0.0184481660670716
-0.0214110015492568
-0.0216114599616056
-0.0182627789859219
-0.0117050586198867
-0.00327060435719422
0.00536773892147775
0.0126968071983391
0.0175306756525366
0.0191049983185498
0.0172481738294185
0.0125029837272388
0.00601053645504594
-0.000869588537320323
-0.00702678585867237
-0.0119055636530505
-0.0155059763366378
-0.0181266242474324
-0.0200356552959784
-0.0212573104723996
-0.0215616813400649
-0.0206307104907417
-0.0182999060787951
-0.0147484317277225
-0.0105277082100699
-0.00639098815675314
-0.00300139050819237
-0.000686390751635293
0.000609169513011878
0.0011516164508058
0.00116221560770407
0.000661141407114542
-0.000492964306788517
-0.0024212669358505
-0.00504170561093847
-0.00800067035106592
-0.0107445538942673
-0.0126787492524715
-0.0133371530115482
-0.0125020044806101
-0.0102437894560197
-0.0068788348459293
-0.00286613998983561
0.00131614167294845
0.00526574275563881
0.0086835264876525
0.0113257880729182
0.012922028110456
0.0131337903071919
0.0116173206880354
0.00818546239806343
0.00298610176041758
-0.0034126258528438
-0.0100942473146808
-0.0160036999868145
-0.0202111148500522
-0.0221301292318086
-0.021618909325147
-0.0189422252387706
-0.0146266475396023
-0.00928088179220067
-0.00346051868176378
0.00237715824836649
0.00783842569196804
0.0125291355946113
0.0160146147807836
0.0178316955102373
0.0175556484900969
0.0149102039261798
0.00989639001313421
0.00289884399079466
-0.00528239563937418
-0.0135137016213907
-0.0205249209140044
-0.025180096664748
-0.0267515609290824
-0.0251195914378789
-0.0208312083628145
-0.0149828425259048
-0.00894402020306557
-0.00399998625362625
-0.00102932981169315
-0.00031981949490845
-0.00156435727780971
-0.00400687923252972
-0.00666738767120701
-0.00857655904103198
-0.0089702395169386
-0.00740910034117909
-0.00380127557641875
0.00166807117844647
0.00865706868369821
0.0167653935552268
0.0255459997657922
0.0344168261107075
0.0425364093461537
0.048772390715302
0.0518904617087816
0.0509766177009225
0.0458954622055342
0.0374473353382218
0.0270672462275908
0.0163370538965326
0.00670642078718129
-0.000579505601471269
-0.00463315840548355
-0.00519516732171611
-0.00276775428826488
0.00154292177794582
0.00638467877266232
0.0105378445391747
0.0131769345396743
0.0139577300362517
0.0129581980193599
0.0105566298018605
0.00731757023187397
0.00389827364587787
0.000948819557446797
-0.00101092041802587
-0.00171934302018009
-0.0012657213610667
-0.000106368145008456
0.00102491075753879
0.00131752333034463
0.000157413367636718
-0.00261894923099069
-0.00660566204862543
-0.0109171394940922
-0.0144608605474191
-0.0162718312216438
-0.0157628927925351
-0.0128075995814032
-0.00767174776201919
-0.000873062744642782
0.00695713120171858
0.0151837288214732
0.0232576859405115
0.0307883321259398
0.0375706860215574
0.0435294319655088
0.0485773386521259
0.0524538833856387
0.054656629137529
0.0545511111593661
0.051641018646434
0.0458624316895374
0.0377246351934754
0.0281991207222014
0.0184089159723466
0.00928543515961183
0.00136256836572107
-0.00521998221674917
-0.0105502226343737
-0.0147254317541738
-0.0176896328491643
-0.0191945461915106
-0.0189053695301799
-0.0166237296357255
-0.0125415772579176
-0.00739118790267297
-0.00236691071752729
0.00120628586386395
0.00233643689852764
0.000745741583471476
-0.00301576938675552
-0.0077776888549109
-0.0121844014178969
-0.0151749407749148
-0.016314368552857
-0.0158450670137621
-0.0144450057693336
-0.0128215905035692
-0.0113637860404257
-0.0100461719911896
-0.00861770399410568
-0.006913117883128
-0.00504181497569997
-0.00330755962062438
-0.00191835223386383
-0.000703656097649513
0.000941538667893941
0.00380583202799406
0.00840489397233064
0.0145406382879531
0.0211058869949744
0.0262664820198262
0.0279928822602322
0.0247587720651842
0.0161442014104305
0.00311235848715256
-0.0121463156326207
-0.0267538673324053
-0.0379001424511632
-0.0435949819975552
-0.0432120906506972
-0.0376732779486581
-0.0291976800855729
-0.0206375418406728
-0.014558093494716
-0.0123962172804681
-0.0141304732650855
-0.0186535963274822
-0.0244717230929098
-0.0301094520797643
-0.0341220109834864
-0.0351758422811282
-0.0324340699102285
-0.0259564568657522
-0.0167892616882336
-0.00671019255037857
0.00225624555402353
0.00841131456125336
0.010853729282436
0.00965920246096073
0.00570790453904661
0.000290164059485066
-0.00529083415913663
-0.00997724898770365
-0.013079522217431
-0.0143404579086293
-0.0139717880140923
-0.0126123862889476
-0.0111448408843918
-0.0103902548117994
-0.0108070372650443
-0.0123482017473944
-0.0145459458755061
-0.016751100563922
-0.0183672169967985
-0.0189532061867997
-0.0181935419549136
-0.0158447975997806
-0.0117701804023969
-0.00607088506057317
0.00079264757912383
0.00801910354956162
0.0146571614147614
0.0198680338060151
0.0231083847621078
0.0241587375021473
0.0230490669106087
0.0199914641547134
0.01537763249521
0.00980279471820247
0.00403345160281258
-0.00112318093462803
-0.00501178742897244
-0.00729707564623906
-0.00802622614262696
-0.00755130895141268
-0.00634175040128638
-0.00477729464310863
-0.00303471030137752
-0.00113196141985831
0.000915697844259353
0.00296227091348492
0.00474009340536362
0.0060170396203804
0.00679149160763745
0.0073918627794608
0.00841923446976317
0.0105625452410708
0.0143624709500634
0.0200012917432613
0.0271812413892796
0.0351352177654716
0.0427823901370374
0.0489939479326369
0.0528861827888128
0.0540340830477387
0.0525201520398466
0.0488041305632652
0.0434903708390417
0.0371238092984698
0.0301194792457327
0.0228371912633166
0.0157159603130161
0.00934535028552145
0.00439201132036774
0.00139038456341149
0.000495435153060239
0.00133563687932561
0.00307275168206131
0.00468064145543761
0.00533969345129343
0.00476535425085505
0.00329951988048099
0.00170348471119361
0.000752220564333052
0.000847893254278986
0.00186259693420298
0.00327899104428251
0.00451068490640618
0.00518128931457148
0.00519661161961108
0.00461314957190063
0.00345305583024842
0.00162917608336436
-0.000970184308270011
-0.00431883640095521
-0.00813930943854842
-0.0119112935998592
-0.0149915906320923
-0.0167905482832983
-0.0169527405400432
-0.0155038489087844
-0.0129222550948407
-0.0100841151671783
-0.00805257090295837
-0.00775258421239296
-0.00965431460428877
-0.0136079618884704
-0.0188973379785575
-0.0244595298818314
-0.0291503325988358
-0.0319648942586885
-0.0321990497181277
-0.0295719016307983
-0.0242985066016909
-0.0170614118537083
-0.00884925070377048
-0.000705592912453108
0.00650887795479897
0.0122496713243591
0.0162942369907636
0.0186596821890823
0.0194885659263321
0.0189402020479354
0.0171053243352152
0.0139595425650268
0.00937584216903976
0.00320777183551133
-0.00457405418862322
-0.0137422227984463
-0.0237301233941669
-0.0336466437910196
-0.0423927021654628
-0.048858927631548
-0.0521727005989185
-0.0519504099428005
-0.04848595347071
-0.0427842035557283
-0.0363641557051606
-0.0308359629440369
-0.0273780711020837
-0.0263311505587033
-0.0271038430369261
-0.0284403826839738
-0.0289196915027789
-0.0274610860803679
-0.023653081169677
-0.0178393660681433
-0.0109894880601059
-0.0044097142396493
0.000645726488609821
0.00336810404504686
0.00365018055157932
0.00207826483498212
-0.000351267538664168
-0.00265412724986366
-0.0042128200016949
-0.00491675254455408
-0.00507145952543091
-0.00516596001161278
-0.00561614508395682
-0.00657364937616189
-0.00784850399511781
-0.00896153474618123
-0.00931201166965247
-0.00840961245542677
-0.00608831718607769
-0.00261543311321761
0.00135639804394375
0.00498329713437939
0.00749789695391439
0.00845047531090049
0.00784206296448498
0.0061176446977198
0.00403616061327346
0.00245998968174027
0.00211173459411746
0.00334707183313374
0.00600054329996396
0.00936715359789332
0.0123604151635554
0.0138225694889926
0.0128826225698003
0.00922245079954245
0.00315686829227221
-0.0044712722686421
-0.0125078250664541
-0.0197344667930043
-0.0250950359827005
-0.0278722595212639
-0.0277904667069152
-0.025030578986358
-0.0201690309107321
-0.0140673387141316
-0.00772558545581096
-0.00209489223098801
0.0021400454680455
0.00474836218928684
0.00601855407943319
0.00664180247085662
0.00743866237886229
0.0090371543818545
0.0116344680370142
0.0149310340643369
0.0182477297024634
0.0207660480761546
0.0217923154995601
0.0209489235206174
0.0182363218493607
0.0139740613214259
0.00868552603912385
0.00300366441337164
-0.00236774696142151
-0.00667119815248874
-0.00916239861218365
-0.00926758159767314
-0.00679104200006959
-0.00206680145049193
0.0040497571191607
0.0103857438928353
0.0157943641811272
0.0195143448552458
0.0214021852279042
0.0219362248026344
0.0219883082444353
0.0224675595560792
0.0239917054063605
0.0266949611185245
0.0301792904120994
0.0335533438564192
0.0355335498051749
0.0346517329175748
0.0296167289638495
0.0197745735762681
0.00548520272429247
-0.0117911209565487
-0.0297841626279422
-0.0459823223049465
-0.0582569753600408
-0.0653219796921034
-0.0669063206899576
-0.0636388020155381
-0.0567314622648804
-0.0475870254013079
-0.0374523783075003
-0.0272066492976627
-0.0173211521848562
-0.00797233363914523
0.00076137952282611
0.00872231259217522
0.0156186768862134
0.0211362900601438
0.0251537631968681
0.0279091129321233
0.0299779838913798
0.0320486462128186
0.0346246523385175
0.0378323638472334
0.0414225620945944
0.0449159049556281
0.0477699929969162
0.0494851950949657
0.0496557537834311
0.0480181121317989
0.0445181605098583
0.0393638517883043
0.033015894641822
0.0261064866638348
0.0193173875306567
0.0132544396589155
0.00833774886181925
0.0047226395875979
0.0022838502370335
0.000699762028110886
-0.000367254665582473
-0.00106769498329916
-0.00125243492223115
-0.000529726847742857
0.00152507635097176
0.00511483899555441
0.0100534466316769
0.015766573144737
0.0214513693747881
0.0263106771289876
0.0297516493567168
0.0314727174475361
0.0314364271271692
0.0297900365307893
0.0268034058253352
0.022842822111625
0.0183425452224564
0.0137309560334009
0.00931978014064285
0.00521972508571994
0.00134743531034743
-0.00246764442492255
-0.00633309953807828
-0.0101779076236904
-0.0137184778591144
-0.0165075523556347
-0.0180434515508643
-0.0179177623428134
-0.015979250034906
-0.0124739532940204
-0.00809910194933595
-0.00391196742299245
-0.00108230090700034
-0.000553447341475882
-0.00273697201109609
-0.00736397747326209
-0.0135486732783363
-0.0200307650089558
-0.025508188662643
-0.0289667933126489
-0.0299301479521626
-0.0285630294652178
-0.0255787036210441
-0.0219550538324997
-0.0185548727152059
-0.0158157467353027
-0.0136628073636766
-0.0116913887869269
-0.00951860698665072
-0.00709893557477464
-0.00480949558830616
-0.00324387426148514
-0.00283485622507722
-0.00353832893794632
-0.00477377187538776
-0.00565627401792094
-0.00538549265514162
-0.0035920518330243
-0.000503634311444755
0.00309558111723697
0.00606915520627111
0.00724375739646421
0.00577893005072977
0.00149340046529112
-0.00499437631934369
-0.0124246275814012
-0.0193355394162263
-0.024601322409722
-0.0278094353444117
-0.0292937130862813
-0.0298270339863373
-0.0301549709813545
-0.030616541281105
-0.0310279499626917
-0.0308568260389179
-0.0295718188183317
-0.0269797108475453
-0.0233844403492468
-0.0195026376800854
-0.0161943907400702
-0.0141480940004433
-0.0136551665130094
-0.0145427061483012
-0.0162573907490162
-0.0180550991855326
-0.0192431424334923
-0.0194151130696809
-0.0186024872350933
-0.0172688387254158
-0.0161220684091257
-0.0158081102649511
-0.0166219928480414
-0.0183724547491063
-0.0204574299726431
-0.0221012605864428
-0.0226374648886373
-0.0217232267441393
-0.0194234075207801
-0.0161611807849884
-0.0125706034080584
-0.00930084470380255
-0.00682606232653995
-0.0053187384131557
-0.00463893589573471
-0.00445738701805483
-0.00446341699519338
-0.00454518860945309
-0.00482712825696159
-0.00553239095808518
-0.00675887538071722
-0.00832333536095922
-0.00978414760723457
-0.0106327680392974
-0.0105370462588082
-0.0094950717473855
-0.00781845557751216
-0.00596141676584386
-0.00429173982937738
-0.00292657314114913
-0.0017203470434552
-0.000407921920449135
0.00118681707113993
0.00301125776162949
0.0048044947437975
0.00625912076715636
0.00720783641522252
0.00770830706176974
0.00798158453040779
0.00826275375094216
0.00866653418199166
0.00913367956410042
0.0094549475780544
0.00933363457459747
0.00846236165386625
0.00661445580082567
0.00374140605663746
3.30514898691866e-05
-0.00411377991994234
-0.00822648811773954
-0.0119204779539633
-0.0149918945080426
-0.0173829921771288
-0.0190636375332081
-0.019939150347442
-0.0198670422980169
-0.0187662472697584
-0.016718807104395
-0.0139663975385593
-0.0107871904008766
-0.00733250810555835
-0.00353622788015744
0.000836318030198359
0.0060208636280715
0.0120573933062293
0.0186627699758875
0.0252275347910358
0.0309319096938433
0.0349358033058138
0.0365844787628153
0.0355746316418888
0.0320384674558854
0.0265266290313308
0.0198986724367848
0.0131501550813125
0.00721514534227541
0.00278916686729932
0.000220725470178956
-0.000492490818316874
0.000398055189386903
0.0025528887279339
0.00568678872734939
0.00961814906094713
0.0141982295965624
0.0191662770049386
0.0240367555891727
0.0281247479177323
0.0307370466247989
0.0314422488920135
0.0302663540110894
0.0276971288212982
0.0244980132512922
0.0214439435926373
0.0191163977463598
0.0178231776021283
0.0176078157038077
0.0182715361770136
0.0193774214292194
0.0202865568126019
0.0202992366385183
0.0189019553058569
0.0160087219054176
0.0120392347008862
0.00775469753430303
0.00392406375406487
0.0010008573577288
-0.00102633513293962
-0.00256257890180432
-0.00418673695737795
-0.00640230837173008
-0.00944895431411484
-0.0132070539296933
-0.0171902205114631
-0.0206189447866675
-0.0225812829193226
-0.0222768787920232
-0.0192919327355434
-0.0137957636162082
-0.00654551134349603
0.00133442245869821
0.00870940251760703
0.0147617587261716
0.0191451175067616
0.0219272783399779
0.0233965135124311
0.0238606809728053
0.023541229720177
0.0225838641653107
0.0211315727454827
0.019380005550339
0.0175654535587161
0.0158918495198558
0.0144479882498056
0.0131758384404014
0.0119196733561823
0.010529321313104
0.00894648319487784
0.00720872443198048
0.00536450232446354
0.00336259819476687
0.00100709950413018
-0.00196683967231593
-0.00571766108399814
-0.0101133220838557
-0.0146496472080015
-0.0185380833694186
-0.0209437337043073
-0.0212763479063041
-0.0194114727025027
-0.0157559781821964
-0.0111434532159825
-0.00660860093774961
-0.00311981681630991
-0.00134720649770072
-0.00152499276464007
-0.0034408780455573
-0.00654865853090145
-0.0101588808146422
-0.0136349010077178
-0.0165264067505862
-0.0186068580522129
-0.0198252500358701
-0.0202160980843919
-0.0198235260064096
-0.0186805598997131
-0.016845754978166
-0.0144555856272134
-0.0117351474933549
-0.00894078216609077
-0.00626610103859948
-0.00377773885851287
-0.00142613453265207
0.000879998425206413
0.00318640830825514
0.00543843313509814
0.00747230474451251
0.00904289087471843
0.0098724475446349
0.00970799769731661
0.00838088885462209
0.00586833455731187
0.00235399802807441
-0.00173249691749217
-0.00573392756068682
-0.00887134245896973
-0.0104327141190879
-0.0099982762495086
-0.00762842087125882
-0.00393362111592945
3.19239081018851e-05
0.0030522099793564
0.00412333720639693
0.00277577435395988
-0.00078676192480869
-0.00577798619182805
-0.0110909292584488
-0.0156136372422397
-0.0184901720954401
-0.0192696271549084
-0.0179388157380701
-0.0148639290390735
-0.0106712379063116
-0.0060913845190946
-0.00179242449558542
0.00176349196683625
0.00439968621213836
0.00621503688595031
0.00749275417693738
0.00857267197585486
0.00974789052490265
0.0112256012870125
0.0131416206594402
0.0155763709397381
0.0185276290705534
0.0218508928826072
0.025228449286609
0.0282181147560414
0.0303659144889087
0.031308732599151
0.0308059107281931
0.0287163457693478
0.0250033902861632
0.0198297534623556
0.0137043615196332
0.00755068597867523
0.00257164595218407
-0.000101168409023315
0.000154993606848176
0.0031322500458572
0.00775300053124038
0.0123647777991768
0.0152856234701321
0.015415403844774
0.012689743263671
0.00818918659339267
0.0038258755357408
0.00168824159383616
0.00327129762871903
0.00888115831676931
0.0174377313280831
0.0267415425351178
0.034102982898272
0.0371268752745742
0.0344211267883514
0.0260348471320489
0.0135053317895444
-0.000508403744097161
-0.0129196577685089
-0.0210534100022241
-0.0233885101224123
-0.0199622328883367
-0.0122858126056526
-0.00279155605099648
0.00597596919115379
0.0121039592575196
0.0147169657956279
0.0139502747313058
0.0106046059460065
0.00571588546569857
0.000254151693013569
-0.00496387553550722
-0.00921655021090748
-0.0118233820503144
-0.0122117648171395
-0.0101055034610565
-0.00572781719693896
0.000118856622719081
0.00618156414138805
0.0110888486279285
0.0137934836355523
0.0139677524731137
0.0121714214492783
0.00967258210122637
0.00795391697985459
0.00811370751391206
0.0104490949297696
0.0144132993514312
0.0189228933655482
0.0228078191725042
0.0251699339229082
0.0255393744209199
0.0238708757403134
0.0204828282297033
0.0159915274863405
0.0112153878172098
0.00701119748103549
0.00406681965259956
0.00273901188502394
0.00301807225639859
0.00462426956681703
0.0071618671166076
0.0102377765058696
0.0134986232638642
0.0166071530051507
0.0192159215884454
0.0209845763441304
0.0216457380647753
0.021087884471894
0.0194137105107988
0.0169471190526889
0.0141843362123212
0.0117001835344629
0.0100265817262377
0.00952269032683197
0.0102607522494229
0.0119596719018673
0.0140033235154396
0.0155696963307094
0.0158594251512168
0.0143559274025241
0.0110087297657221
0.00624753518111635
0.000815033318374999
-0.00449412150696147
-0.00905315192145648
-0.0124885423775734
-0.0146374292441037
-0.0154644117883685
-0.0150283859292381
-0.0135214512287914
-0.0113234096975873
-0.00899009313756699
-0.00713713093762545
-0.00625528620148132
-0.0065438686621023
-0.00784342920012385
-0.00969752068313073
-0.0115125426246394
-0.0127490977467108
-0.0130791736772577
-0.0124689045372142
-0.0111764558724787
-0.00967513363731312
-0.0085209552131362
-0.00818700947556075
-0.00889233613488179
-0.0104673418692313
-0.0123156947596892
-0.0135305820724396
-0.0131753970180284
-0.010651498382803
-0.00600015505158238
1.55540421457427e-05
0.00611304491803907
0.0109078923476883
0.0133793869014192
0.0132013849552458
0.0108198894163857
0.00726221374762206
0.00376108741651674
0.00133849762270122
0.000500834736050407
0.00114691293518281
0.00270081438248069
0.00438895477501629
0.00552942877845041
0.00571790485597162
0.00486496766820657
0.00311785991055605
0.000739175918739246
-0.00199450690512664
-0.00484521879494431
-0.00761815131893974
-0.0101350706406785
-0.0122015424458676
-0.0135929490541842
-0.0140705934833857
-0.0134174212579751
-0.0114729082532473
-0.00815951142824077
-0.00351213860441443
0.00228064853405504
0.00884278913891304
0.0156252260492942
0.0219941975226775
0.0273719735233203
0.0313713548590657
0.0338704168077157
0.035013518286049
0.0351602811922151
0.0348088113623278
0.0345018547047624
0.0347147576255958
0.0357378414126561
0.037589213726712
0.0400007211047601
0.0424976073837519
0.044551986354196
0.0457533758514167
0.0459266707572078
0.0451495694954119
0.0436696911006539
0.0417685182361264
0.0396352383223578
0.0372938958467821
0.0345964596603849
0.0312782004610203
0.0270687013442389
0.0218396325836422
0.0157408538448732
0.00925413252162983
0.00311303800001584
-0.00189785641587604
-0.0051800576648198
-0.00648413706748252
-0.0059302438939813
-0.00390056311052742
-0.000883124785098973
0.00265032916262738
0.006300607819661
0.00975374458678862
0.0127841143869603
0.0152538052314629
0.0170888160045398
0.0182258739924422
0.0185645583625044
0.0179798659461974
0.0164143733171567
0.0139967400413976
0.0110907812988562
0.00821571806170862
0.00586980786511731
0.00435748760480364
0.00370791737898304
0.00370114749026679
0.00395873213712703
0.00405456431588691
0.00363574924452825
0.0025540002676136
0.000973551092443539
-0.00061523068351757
-0.00152761713030479
-0.0011320733577648
0.000895503263275543
0.00442985852311221
0.00891882203537203
0.0135358982297581
0.0173864595817198
0.0197050255177446
0.0200143832388133
0.0182309406175513
0.0146923413094041
0.0100807722383906
0.0052416634344796
0.000946567142914871
-0.0023100503931517
-0.00439049371556227
-0.00543333711622229
-0.00566043826603171
-0.00518645097905029
-0.00394832860941404
-0.00180040266727193
0.00128224319829605
0.00501573113713633
0.00874909091028225
0.0115809106460804
0.0126140049210235
0.0112535706471544
0.00743472986120052
0.00168690773592294
-0.00499620381676542
-0.0114319702516734
-0.016564273530427
-0.0197157837796395
-0.020720951093174
-0.0199301039689619
-0.0180932509488802
-0.016139944285922
-0.0148992168691824
-0.0148462331875823
-0.0159779920369994
-0.0178751152485676
-0.019914742890546
-0.021519617886802
-0.0223193194158521
-0.0221709046853847
-0.0210854236357032
-0.0191573631366173
-0.0165580408159841
-0.0135668183873592
-0.0105577873394569
-0.00789092163267203
-0.00575180493641607
-0.00405502543615649
-0.00250020732977516
-0.000759449991231565
0.00132647220356641
0.00366955452273951
0.00600561533727206
0.00804138472377461
0.00957422705451398
0.0105321405451809
0.0109484759517792
0.0109127743023776
0.0105290620101359
0.00989834229582864
0.00913295558936812
0.00839107939265019
0.00788934214663214
0.00784510835475284
0.00834890920618598
0.00924612050049422
0.0101385612282626
0.0105492311423746
0.01016663069288
0.00900663478154108
0.00737589994478187
0.00566108678639699
0.00409116183854448
0.00263060130791542
0.00105851622327194
-0.000841414183196801
-0.0031163715673932
-0.00560233926799691
-0.00800982813247125
-0.0100707418645945
-0.0116648974278422
-0.0128741776514293
-0.0139535314751098
-0.015239296687155
-0.0170312911927262
-0.019488577239932
-0.0225734585480921
-0.0260650683176317
-0.0296415354745476
-0.033001219260421
-0.0359716973262215
-0.0385564628927541
-0.0408987552615782
-0.0431847590887982
-0.0455375015820423
-0.0479496489622533
-0.0502743072146766
-0.0522621590302577
-0.0536190289421268
-0.0540599024565186
-0.0533460815257111
-0.0513085289699281
-0.0478763706608799
-0.0431285034747561
-0.0373579716886248
-0.0311012197950797
-0.0250762371485308
-0.020017434095276
-0.016468271165423
-0.01463835544145
-0.0144043459402705
-0.0154436236866383
-0.0174029359205947
-0.0199915972835324
-0.0229612369355947
-0.0260307719304066
-0.0288570172267984
-0.0311075251054683
-0.0326015809016996
-0.0334193754606991
-0.0338875549392446
-0.0344265286880923
-0.0353374892736692
-0.0366492065937181
-0.0381052246093551
-0.0392813689411254
-0.0397509385581058
-0.0392097149978506
-0.0375229383721778
-0.0347096255327101
-0.0309004983874311
-0.0263007529123072
-0.0211788032051955
-0.0158885106805196
-0.0109044251056385
-0.006816687798628
-0.00423050957547271
-0.0035696528829589
-0.00486790103814056
-0.00767773364618199
-0.0111785826730735
-0.0144484947407372
-0.0167591605760846
-0.0177455350581718
-0.0173920447483541
-0.015894998904585
-0.0135201892341
-0.0105438011303822
-0.00727922371503737
-0.00412090887522991
-0.00153026893058742
5.48269627406032e-05
0.000338954242170395
-0.000751654609428615
-0.00306310098043507
-0.00626646990003595
-0.00993431222392705
-0.0136153681327817
-0.0168964211470363
-0.0194464058191573
-0.0210410839210041
-0.0215711459365756
-0.0210385558612031
-0.0195450592872875
-0.0172788534598741
-0.0145083422558712
-0.0115832908975157
-0.00892177394487469
-0.00694876221747755
-0.00597601686516532
-0.00606841611962763
-0.00698413418493544
-0.00825701628080122
-0.00940720142773914
-0.0101764586752383
-0.0106576219691099
-0.0112467259744063
-0.0124499775136613
-0.014653570242449
-0.0179667487402347
-0.022187849760351
-0.0268706897938759
-0.0314334675863931
-0.0352653080310402
-0.0378197478135583
-0.0387046592412366
-0.0377700373558748
-0.0351709211580327
-0.0313671025921248
-0.0270336516926182
-0.0228967462584293
-0.0195523480973909
-0.0173346224771572
-0.0162647609096154
-0.0160620499789225
-0.0161870566760628
-0.0159215851648033
-0.0145234192683714
-0.0114685907453824
-0.00671196492704714
-0.000829395667639272
0.00507390136072924
0.00969093622582312
0.0119492280498959
0.0113703777156394
0.00821056548580325
0.00334579567163416
-0.00202811980910082
-0.00675040935368162
-0.00997627055345618
-0.0113096285405127
-0.0107881918026444
-0.00877316249845281
-0.00580205257265996
-0.00244037826347303
0.00084665961144667
0.0037739721574753
0.00623372693567692
0.00820245497686199
0.00960476518170333
0.0102185890759695
0.00969070051289773
0.00766682898807348
0.00397438071988346
-0.00122836241892712
-0.00739825524552132
-0.0136651259255612
-0.018983125399746
-0.022341062744197
-0.0229892595782698
-0.0206325407203161
-0.0155373461358735
-0.00851667672993576
-0.000787483837114919
0.00627525029178448
0.0114447498111539
0.0139478647168728
0.0136825208961722
0.0112499948906325
0.00775172758430702
0.004405143148295
0.00213151847450199
0.00128562363606138
0.00161901657553759
0.00245660619016999
0.00299062091458765
0.00258106633233761
0.000973838605052081
-0.00162120539623149
-0.00461394782883761
-0.00725173601350678
-0.00888800141446466
-0.00918979031354913
-0.00820059598824662
-0.00625263061001269
-0.0037993258821576
-0.00126237888018678
0.0010488093564581
0.00294436742970104
0.00432215974610435
0.00513594076556801
0.00539118534458544
0.00517728904387182
0.00471605598345928
0.00437785257131767
0.00461526139482486
0.00580516186269244
0.00805389241485654
0.0110630598670594
0.0141434910194553
0.0164026484261226
0.0170468861623067
0.0156769098782008
0.0124482871227196
0.00802818506536983
0.00337630473808716
-0.000543305179836412
-0.00299879513870383
-0.00360655604332251
-0.00233155166883733
0.000578263181754464
0.00467416038395114
0.00938257382431715
0.0140751251694648
0.0181388803799307
0.0210451446966388
0.0224076863880367
0.0220252941857519
0.0199146415338008
0.0163400803974992
0.0118280347287643
0.00713088070462934
0.00310700523287557
0.000521601324430814
-0.000173104789817813
0.00101331031759888
0.00360639441594356
0.00682121536674572
0.00981260960602859
0.0119213862502484
0.0128322296282092
0.0126084764319175
0.0116170506539222
0.0103845271539746
0.00943324488404636
0.00913953938215131
0.00963881631302482
0.0107849510396795
0.0121667871607725
0.0131893353362272
0.0132210121347005
0.0117776328653976
0.00867705960422983
0.00409368989797794
-0.00151262201129372
-0.00755047051408065
-0.0134517143436991
-0.0187631639706221
-0.0231649025485823
-0.0264469889716667
-0.0284783505687403
-0.0291782246038902
-0.0284876938001811
-0.0263534564797957
-0.0227556759364839
-0.017798263405313
-0.0118251376419503
-0.00547323295704835
0.000417410360592862
0.00503082280656481
0.00783234828911063
0.00871591240992549
0.00796844573834773
0.00609276447554359
0.00360328036744568
0.000895496605110813
-0.0017819211354478
-0.00429075821508626
-0.0065598549444245
-0.00856552637820893
-0.0103267180871198
-0.0118854390552509
-0.0132562630290755
-0.0143639341674495
-0.0150141034414038
-0.0149305271329114
-0.0138458228604096
-0.0115918766165265
-0.0081407273174158
-0.0035933752882152
0.00184503935842888
0.00786874998802438
0.0140547975289916
0.0198544699148198
0.0246193043351321
0.0276748806097694
0.0284449320338997
0.0266092782470653
0.0222443410840179
0.0158721725228828
0.00837128804110818
0.000775039840850832
-0.0059555678787655
-0.0110995429085586
-0.0142562176220462
-0.0153649443137786
-0.0146940880973136
-0.0127897180537135
-0.0103488369779533
-0.00801670202992702
-0.00618439638754837
-0.00490465580230575
-0.00398913198226136
-0.00322426464370831
-0.0025493671846926
-0.00206726386121508
-0.00188955753460443
-0.00194737462005432
-0.00192224045041527
-0.00136150646838751
8.29304243705762e-05
0.00242656015546398
0.00525676387347318
0.00782294055512455
0.0092860153054434
0.00904173613460161
0.00700238080895814
0.00372340909635032
0.000299752271928964
-0.00196700148439153
-0.00203092195911927
0.000482133529739781
0.00508321818640672
0.0105460543343848
0.0153061957062576
0.0179754165264388
0.017773541090172
0.0147251964244707
0.00957305995548562
0.00347657610442001
-0.00235745210968831
-0.00696799652859348
-0.00978669768128232
-0.0106561369282495
-0.00977396586432965
-0.00759601099763109
-0.0047039903908719
-0.00165678326069269
0.00111947279537737
0.00335032195461792
0.00485642283553552
0.00550952366948024
0.00527881031020464
0.0043423366023731
0.00314019935886718
0.00226377006273777
0.00220909410179746
0.00315187533043173
0.00490219348659323
0.00706348728793797
0.00926813815467817
0.0113187910032101
0.0131583646968546
0.014735517081289
0.0159062854391046
0.0164648471807304
0.0162779765574574
0.015410307206701
0.0141352820942643
0.0128117572053209
0.0116972610936723
0.0108056547543676
0.00988854586921441
0.00855442546538112
0.00647319288407026
0.00357315638511434
0.000138636059779595
-0.00323901960704896
-0.00583561083808284
-0.0070162382604107
-0.00641459448128362
-0.00400869630751168
-8.45661283770291e-05
0.0048718984289685
0.0102890217958703
0.0155743682687566
0.0201218698691511
0.0233073300765925
0.0245396759082349
0.023398497733732
0.0198165497709407
0.014214326845634
0.00750187165349911
0.00092100071840321
-0.00423304460656899
-0.00693149905711133
-0.00668607640638254
-0.00370261407527851
0.00113560947457511
0.00647243239990514
0.0108447584608517
0.0131242197087972
0.0128905506441828
0.0105789160682689
0.00731429082150944
0.00448670391384227
0.00325116361872975
0.00416639139067614
0.00709761279362693
0.0113690650782056
0.0160548518924133
0.0202817783884039
0.0234562842884863
0.025372986358405
0.0261957122882394
0.0263299329096584
0.0262339070137677
0.0262371795527851
0.0264357464163571
0.0267043990993527
0.026813117150867
0.0265797576596132
0.025971252485399
0.0251004014528699
0.0241352198046147
0.0231917331380454
0.0222804067633044
0.0213289249452388
0.0202524562554161
0.0190216608507477
0.017690579526152
0.0163732596462505
0.0151843353321375
0.0141766160205559
0.0133106211742401
0.0124735348979349
0.011537625545613
0.0104292705717924
0.0091806402442826
0.00795060113311618
0.00701362554260504
0.00671685832884589
0.00740211389347919
0.00929435281237603
0.012378143265131
0.0163116163452748
0.0204404422660707
0.023945668258173
0.026087738955124
0.026438234185138
0.0249817760925676
0.022042224559756
0.0180903203657989
0.0135484395347699
0.00868702096754454
0.00363563734034598
-0.0015335372045176
-0.0067160367485869
-0.0117299935525555
-0.0163310254812577
-0.02026442359142
-0.023306967555762
-0.0252571540254096
-0.025876915266686
-0.0248438654772536
-0.0217903494895079
-0.0164552709051405
-0.00888828313060719
0.000405549396777087
0.0104666416360596
0.0200372285724831
0.0278193467621067
0.0327614476330928
0.0343073765226831
0.0325454140811535
0.0281992298740818
0.0224338089629031
0.0165169829892054
0.0114504443657174
0.00771310195018466
0.00521625659596269
0.00347299239053577
0.0018885960636283
3.81224134246489e-05
-0.00217451157867523
-0.00451438233041091
-0.00654626078277202
-0.00783869287843565
-0.00817022703779484
-0.00766816191620145
-0.00682489744400197
-0.00637123678902287
-0.00703848244223489
-0.00929362305528149
-0.0131544174191593
-0.0181617909918562
-0.0235136969294289
-0.0282889855049483
-0.0316607866527757
-0.0330338291080143
-0.0321074819516015
-0.0289091598173029
-0.023826616544376
-0.0176125983681665
-0.0113007038709171
-0.00600098212103659
-0.00262072240626807
-0.00161528882838528
-0.00286660927321185
-0.00572539810001925
-0.00919025235258195
-0.0121677397945516
-0.0137537676136468
-0.0134725339240073
-0.0114026924542095
-0.00813542015782993
-0.00456440014257262
-0.00158408870344628
0.000180758452706086
0.000512922564109688
-0.000416541694656307
-0.0021724520427461
-0.00420510692905781
-0.00597238411336257
-0.00702647901461814
-0.00708278951245286
-0.00608102953670417
-0.00422394485142451
-0.00196337562225561
8.76175523984856e-05
0.00130876050080174
0.00125274960943353
-0.000206697004804633
-0.00281255424240934
-0.00597490177319855
-0.00892308800535145
-0.010914914601754
-0.0114402775526154
-0.0103595742495644
-0.00793872375957273
-0.00477428795595836
-0.00163102882346831
0.000768904194625092
0.00195874684224082
0.00188852841406835
0.000975207927740064
-6.80121009627537e-06
-0.000193911321013813
0.00101944231160204
0.00369985456173372
0.00730364096235278
0.0108704801036822
0.0134022784315545
0.0142452072551889
0.01329054855627
0.0109129987229685
0.0077099979193581
0.0042031934191792
0.000658804507392021
-0.00290750239470325
-0.0065843976990892
-0.0103785054849727
-0.0140796443481142
-0.017228700481425
-0.0192060237706745
-0.0194319054259136
-0.0176262683570603
-0.0140172811358532
-0.00937071880455569
-0.0047809865634986
-0.00129715725945189
0.000438972273576188
0.000371986970933671
-0.00103182300357595
-0.00302583068032892
-0.00487126933779067
-0.00605919306094196
-0.00640596916849003
-0.00601079500697487
-0.00510531577329307
-0.00386808894760444
-0.00230145056852288
-0.000239774777111409
0.00252404090894408
0.00608582973709634
0.0103525243666442
0.0150741544268265
0.0199376230430185
0.0246441205260357
0.0289270742409496
0.0325257633615091
0.0351607762888452
0.0365450915625386
0.0364311787851646
0.0346732566756881
0.0312858492232498
0.0264882276848335
0.0207206640379819
0.014608444065003
0.00885606834692709
0.00408610542613015
0.000675592565322105
-0.00134198723628818
-0.00226248985344915
-0.00258417287384844
-0.00281399740853766
-0.00327849639503559
-0.00400597111289876
-0.00471790491662225
-0.00492933578637679
-0.00412459758198974
-0.00195294674916438
0.00161913041340679
0.00625168651710672
0.0112941450245577
0.0159499669311279
0.0194907406409527
0.0214487678211616
0.0217210227823424
0.0205474974378034
0.0183799601405903
0.0157095335096752
0.0129366713595514
0.0103287924381984
0.00804757554246748
0.00619226795812969
0.00482172292817373
0.00395765251558603
0.0035880677789271
0.00367290843704403
0.00413706162796186
0.00484913130986817
0.00561325237814184
0.00620613598602156
0.00645849539787189
0.00633949212382983
0.00599443047688937
0.00571583602019825
0.00586693980747127
0.00679171173306553
0.00873006770972634
0.0117334060687099
0.0155758342476577
0.0196901753428434
0.0231960235370341
0.0250805304377096
0.024519841807369
0.0212288046097489
0.0156733258867672
0.00902083939743193
0.00281985464079134
-0.0014775413106809
-0.00296912526345762
-0.00156507005642048
0.00202485454004205
0.00655384711319082
0.0106381145569987
0.0131538588133596
0.0135191285725225
0.0118018472915515
0.00864436435625384
0.00503442593206001
0.0019899789916295
0.000255974891663349
0.000114502364506277
0.00136948918200579
0.00349436592000001
0.00586153340704633
0.00794620343992132
0.00942972622653227
0.0101950071904105
0.0102617897875366
0.00972011061871078
0.00869211402174228
0.00731642456835235
0.005732006450276
0.00404795634106316
0.0023123340976091
0.000513654121772766
-0.00136215356278993
-0.00324148385359852
-0.00490664534907972
-0.00603811099266585
-0.00635879692255813
-0.00580606290588778
-0.0046241684423208
-0.00330802764955111
-0.00241416839082559
-0.00233495267321794
-0.00315821206535463
-0.00468522751134742
-0.00658089815285187
-0.00854718370111591
-0.0104063199709296
-0.012057883959409
-0.0133716642897674
-0.0141198249962468
-0.014009618767943
-0.0127930896441084
-0.0103735655309798
-0.00684119557718492
-0.00243311091590816
0.00252894720470179
0.00766619644220287
0.0125257834153146
0.016564270079272
0.0191908670756777
0.019891774107347
0.0183974054210288
0.0148152237435283
0.00965596424856316
0.00372591035434452
-0.00208186384740028
-0.00701980357745203
-0.0106574638512674
-0.0129398675467981
-0.0141302915010752
-0.0146765413116956
-0.0150543658219176
-0.0156295252551732
-0.0165584032047911
-0.0177375438089097
-0.0188200677693037
-0.0193200610387093
-0.0187974194031324
-0.0170595606292109
-0.0142786060627319
-0.0109499934017498
-0.00770589593421424
-0.00508195684751742
-0.00335402624929638
-0.00250490671202783
-0.00230056947997268
-0.00240907917467373
-0.00250183452125858
-0.00231317490067318
-0.00166790666700706
-0.000497749759086728
0.00114294375079368
0.00307076422639646
0.00499388686933307
0.00656793717069278
0.00747429913757684
0.00749324337971983
0.00654714107116401
0.00470656805805129
0.00217082559454252
-0.000758718458873754
-0.00370298844902688
-0.00623497184957573
-0.00793377799217398
-0.00847525888306655
-0.00774606254216817
-0.00593628384835857
-0.00355019333518459
-0.00129521757664339
0.000132979220289797
0.000286442519547455
-0.00088712346342953
-0.00305364391837794
-0.00564318324017458
-0.00805301638196333
-0.00980435699723778
-0.0106059695322508
-0.0103452881814424
-0.00905979896409671
-0.0069252409742867
-0.00425868948742077
-0.00150813132359408
0.000799923591055929
0.00216457257161612
0.00225137767688146
0.00103033307485538
-0.00114711326411972
-0.00358840320293229
-0.00543907728576502
-0.00596088844191249
-0.00481198165037034
-0.00221487757632806
0.00106731615881517
0.00395488250615318
0.00540597227121864
0.00477560252262454
0.00204196176075922
-0.0021914786525888
-0.00691939894234641
-0.0110905621797052
-0.0139510505888729
-0.0152429786609665
-0.0151953727692339
-0.0143348389968047
-0.0132176141542564
-0.0122088141815267
-0.0113973196412077
-0.0106558372004495
-0.0097810739895413
-0.00862269768925706
-0.0071421659300616
-0.0054019853128398
-0.00352575128527857
-0.00166651615569331
9.05995091265778e-06
0.0013378086589075
0.0021943063729715
0.00253639839008929
0.00243422367626249
0.00205258726765126
0.00157973066503557
0.00113190136484242
0.000687136777551964
9.17818329682426e-05
-0.000858809892114266
-0.00230971857898501
-0.00426641975961237
-0.00658269890261498
-0.00901343194991556
-0.0113009121214458
-0.0132597167907123
-0.0148356287634854
-0.0161227069958126
-0.0173266744115317
-0.018674419880534
-0.020295662854242
-0.0221290560094491
-0.0239054546195862
-0.0252273586587962
-0.02571588608821
-0.0251646449221692
-0.0236379827367857
-0.0214751296429537
-0.0191995897852708
-0.0173699471206551
-0.0164271975476784
-0.016584556339681
-0.0177767557068229
-0.0196614141653386
-0.0216640140232991
-0.023073001355426
-0.0231928243356396
-0.0215308382523944
-0.0179502785355339
-0.0127153015226188
-0.00640842042707097
0.00022343001534043
0.00640879884175148
0.0114366659770302
0.0147177666357024
0.0158784359344817
0.0148909837688636
0.0121643988940249
0.0084944591900774
0.00484124797766141
0.00201733083223969
0.000438230551464629
5.23326208628711e-05
0.000459599558406859
0.00113166365139232
0.00162166175004145
0.00169373387993585
0.00135760281833169
0.000823461467413765
0.00039840575546865
0.000351846450405284
0.000793149200716413
0.00161318008000757
0.00252101906361725
0.00316034412236232
0.00324675154548458
0.00265949696818943
0.00145369747105721
-0.00019455782136406
-0.00207032864543777
-0.00399147412025325
-0.00584930139124723
-0.0076122393010029
-0.00929557785714956
-0.0109096946778421
-0.012408473906533
-0.0136611952001455
-0.0144623256900333
-0.0145806295148507
-0.0138374088297703
-0.0121922782651943
-0.00980343357865243
-0.00702718231505206
-0.00434014448317255
-0.00220423374786381
-0.000927605732186605
-0.000580078504186821
-0.000994426071973511
-0.00184483766512349
-0.00276672720068262
-0.00347851066906731
-0.00387561810802026
-0.00407388398015374
-0.00438124727493107
-0.00518747000274844
-0.00679378381297595
-0.00924785117823811
-0.0122710067890838
-0.015333805870761
-0.0178564600614313
-0.0194305810585404
-0.019939869354776
-0.0195238502115651
-0.0184355338370933
-0.0169069303291637
-0.0151056959582366
-0.0131732997585186
-0.0112644340160567
-0.0095188884248332
-0.00797473100228009
-0.00650275744454252
-0.00484372941651547
-0.00275989439426188
-0.00022593255768529
0.00245380592117908
0.0046800811234849
0.00574273795292218
0.00507649723816812
0.0024833366958547
-0.00176043032046879
-0.00694479728496758
-0.0120998648627864
-0.0162546890833552
-0.018708846748055
-0.0192301166613303
-0.0181020981109585
-0.0159934712892542
-0.0136938384368862
-0.0118227384598863
-0.0106325422694945
-0.00998319882420524
-0.00948875599901779
-0.00876012914197596
-0.00763032195732527
-0.0062623495108739
-0.00509607768317604
-0.00466100038325179
-0.00533966432914164
-0.00718956865241957
-0.00990561720339684
-0.0129337447128113
-0.0156647589135907
-0.0176017394981094
-0.018433875091051
-0.0180306661422247
-0.016420214896937
-0.0137918751192408
-0.0104988679997677
-0.00700423409725794
-0.00375275168663393
-0.0010260382467179
0.00112723380649254
0.00283872155304443
0.00428715040700439
0.00558288225696812
0.00674527585712963
0.00776692865786465
0.00869109545293817
0.00962817079237266
0.0106973650700724
0.011944081172022
0.0132982463485926
0.0145984206805597
0.0156533332215261
0.0162942112342316
0.0163968216107964
0.0158882601393335
0.0147620540379236
0.0131015137094759
0.0110852781932595
0.00895024392535132
0.00691481574159596
0.00509425791259922
0.00344822918545569
0.0017863882702049
-0.000167833088197358
-0.00267949552084818
-0.00590605425505422
-0.00983138607205176
-0.0142392844517671
-0.0187209338175544
-0.0227127477445424
-0.0255744328336303
-0.0267205762225488
-0.0257934299113935
-0.0228182615590046
-0.0182557110897514
-0.0128975748686946
-0.00763744205524738
-0.00322620206596863
-0.000128749299536521
0.00147843375631192
0.00162787231179746
0.000497027064159726
-0.0015948235927053
-0.00416924318050456
-0.00662508423319466
-0.00835321675697854
-0.00887604906656514
-0.00793299993397876
-0.00548290513684307
-0.00166617527863947
0.0032071317532086
0.00862360144619776
0.013841481303505
0.0179638986024151
0.0201576834297503
0.0199652252720158
0.0175645405733809
0.0138169497514248
0.0100263970849318
0.00747868554270305
0.00695060076233661
0.00840700926590136
0.0110233958681572
0.0135272716592778
0.0147155011139233
0.0139331932275205
0.0113195858909288
0.00772949865150226
0.00438194534532361
0.00240223358302165
0.00245239856816145
0.00457741903653285
0.00827757838707943
0.0127218791372894
0.0169925344048944
0.0202913788897623
0.0220950239245178
0.022265179971209
0.021096702344944
0.0192596678847002
0.0176090383346782
0.0168992889664424
0.0175076036727948
0.0192864035753753
0.0216173936122326
0.0236507083812185
0.0246295865272326
0.0241627548147656
0.0223318487760439
0.0195995385945175
0.0165773078585069
0.013771121012657
0.0114181761155882
0.00946662942091495
0.00767327545891539
0.00574730218011673
0.0034716855406614
0.000771462916190014
-0.00226579964073226
-0.00540305533752336
-0.00830011512389523
-0.0106026072349512
-0.012064324579331
-0.0126550797783077
-0.0125867076377482
-0.0122231403246101
-0.0119138213279977
-0.0118462130934496
-0.0120019001406971
-0.0122271225617424
-0.0123526608984363
-0.0122810350954289
-0.0120077286999451
-0.011605311486461
-0.0112145160573001
-0.011044973158488
-0.0113416000676523
-0.0122805065344352
-0.0138250450626594
-0.015637292317425
-0.0171345408727744
-0.0176957804432794
-0.0169205217473222
-0.0147997476550624
-0.0117092855967517
-0.00824412709501242
-0.00500122274684746
-0.00242629795111998
-0.000769358989705534
-0.000109061467611927
-0.00037884101827524
-0.00136955998341278
-0.00274068889391888
-0.00408268202686508
-0.00502739101983992
-0.00534841315255776
-0.00498479292673262
-0.0039716369547862
-0.00233023354979943
-3.4326180767302e-06
0.00310567999631961
0.00700279637527144
0.0114558882912206
0.0159335340062491
0.0196946965934339
0.0220188028101832
0.0224806365952073
0.0211334817468318
0.0185011277692578
0.0153817891133072
0.0125692754300217
0.0106279106591293
0.00980288401011481
0.0100585099249273
0.0111786916871253
0.0128615884250734
0.0147749222881016
0.0165781071610458
0.0179412615671223
0.0185900625669101
0.018380624721184
0.0173740333579547
0.0158587085445767
0.0142794336646115
0.0130766332228388
0.0124981532745104
0.0124818342249097
0.0126874157932183
0.0126794166046619
0.0121713492107389
0.0111974904071264
0.0101145259359517
0.00943011636372775
0.00954952328808359
0.0105703008659343
0.0122222149625059
0.0139711345876457
0.0152285782612388
0.0155704073407294
0.0148786137485569
0.0133633612574051
0.011471757998567
0.0097235540863066
0.008525756561973
0.00801760550012086
0.00799578543819001
0.0079616774256627
0.00729821345174726
0.00552004301799351
0.00248349164124253
-0.00155404015443797
-0.0060551209441327
-0.0104249902712897
-0.0142017028521941
-0.017120426345385
-0.0190596199558737
-0.0199536958077084
-0.0197535412406107
-0.0184518722720974
-0.0161317809740432
-0.012991076884426
-0.00933037376784714
-0.00552287158851462
-0.00198057796780406
0.000889816573873172
0.00275487089719715
0.00343925983528797
0.00299377547231122
0.00170820108688494
5.54796978218462e-05
-0.00141415062456638
-0.00219692101556292
-0.00195457456420762
-0.000618111422294785
0.0015407650541048
0.00390796557262526
0.0056371917171016
0.00587756060121522
0.00405768044410228
0.000114463771300924
-0.00543691189912294
-0.0116271486378604
-0.0173003034996976
-0.0214216502999405
-0.0233262377278063
-0.0228489431396558
-0.020320441292977
-0.0164418180390333
-0.0120695869847374
-0.00796425119234466
-0.00457522717425234
-0.00193490560140146
0.000296552277559785
0.00264764692663723
0.00557874530100443
0.00924996604662667
0.0134097624555571
0.0174590662878674
0.0206724775315475
0.0224802622064151
0.0226777589768575
0.0214652613226848
0.0193177258301736
0.0167771724536501
0.0142860153663997
0.0121254913081204
0.0104425911465051
0.00930735627258533
0.00875892432441114
0.00883672828198235
0.00960665068901325
0.0111722244262265
0.0136401361864164
0.0170225266412896
0.0211070619183328
0.0253731710941421
0.0290356061820523
0.0312397817732661
0.0313454621681256
0.029171375051527
0.0250786520327275
0.0198478028423592
0.0144065609011314
0.00953274349640589
0.00565329676533774
0.00280082519920465
0.000714349196778573
-0.000979992373235301
-0.00258633314330479
-0.00421713119439906
-0.00576464054669148
-0.00696536307194513
-0.0075271736850198
-0.0072688663139923
-0.00621851241237674
-0.00463289084959887
-0.0029309052256568
-0.00156832729377325
-0.000904839069101124
-0.00111526348017813
-0.00217356817396935
-0.0039021712425181
-0.00604864293871706
-0.00834335480791264
-0.0105118701861103
-0.0122557260541175
-0.0132479122431763
-0.0131850880333463
-0.0118926085475214
-0.00942450657375486
-0.0060869766215306
-0.00235828400616107
0.00125321347013007
0.00433456903235831
0.00662247986668264
0.00799047861517265
0.00841520129352135
0.00796179247138211
0.0067909799723564
0.00516298267273863
0.00341869555717255
0.00194090043731247
0.0011081057591021
0.00124368658813581
0.00255312707780592
0.00505156436310674
0.00850699814161259
0.0124372590267268
0.0161835495243084
0.0190468063377826
0.0204413161404043
0.0200160906553578
0.0177184159702671
0.0138026418971035
0.0087966080665624
0.00342659023790881
-0.00150888939983612
-0.0053135867344591
-0.00757918114856165
-0.00831373776977247
-0.00794614980592238
-0.00718315183731032
-0.00676109724958591
-0.00718553050656554
-0.00855862266722383
-0.0105552649496997
-0.0125456082894175
-0.0138063767535188
-0.0137382595101938
-0.012017252876779
-0.0086426241355801
-0.00388567546875277
0.00182241974903065
0.00800889987607423
0.0142372974755889
0.0201291500118457
0.0253494388532378
0.0295933175673545
0.032601273151011
0.0342015481985187
0.0343537853895515
0.0331634708174219
0.0308545972863558
0.0277144471122693
0.0240413811602265
0.0201233267330787
0.0162517957460016
0.0127447536859493
0.00993310606735297
0.00808330812162341
0.00728290923668547
0.00736719086940809
0.00795973876651982
0.00862641677051881
0.00905630953874474
0.0091601166794522
0.00903678743596351
0.00884917909579521
0.00869678601879581
0.0085533906872447
0.00828291798313813
0.00770541613242432
0.00667662501719186
0.00515671185197905
0.00325539522140726
0.00124225827466728
-0.000491098194173791
-0.0015218441467771
-0.0015185823059829
-0.000346757896114454
0.00189396347824877
0.00491480253229103
0.00833062978680501
0.011744707263611
0.0147936949527683
0.0171650050731321
0.018621378684189
0.0190512094423828
0.01852581793239
0.0173209659326173
0.0158692189356142
0.014644663602114
0.0140183978381496
0.0141415267914304
0.0149038160113943
0.0159850970983487
0.0169778777024436
0.0175320894662545
0.0174680478443568
0.0168202561614662
0.0158033735672428
0.0147212444649319
0.0138585689306404
0.0133939643500272
0.0133556949947787
0.013621630129766
0.0139550013394423
0.0140655489447026
0.0136829455004896
0.0126242651596252
0.0108368572330891
0.00840729860608865
0.00554106388032398
0.0025252530148658
-0.000317512374431907
-0.00268558136560515
-0.00436737940409444
-0.00530916666683542
-0.00564651220280128
-0.00566505305740168
-0.00569133801127839
-0.0059629837977986
-0.0065468504476501
-0.00734316572218424
-0.0081562194209157
-0.00877560211293492
-0.00902194249791249
-0.00875139048151329
-0.00784578898354968
-0.00621751042864243
-0.00383677898825037
-0.000768140630330591
0.00280436678770967
0.00658049283070218
0.0101869389110483
0.0132613232325488
0.0155557599250339
0.0170134823338921
0.0177688665010675
0.0180569602295412
0.0180748531974517
0.0178705383689884
0.0173168240341864
0.0161727555984674
0.0141863920326163
0.0111835420999992
0.00711428842273841
0.00206338360816709
-0.00375521267236516
-0.0100090490113915
-0.0162687732000701
-0.0220509283277169
-0.0268835205402208
-0.0303843787621909
-0.0323351455298993
-0.0327291893655965
-0.031770268589105
-0.0298096471965779
-0.027237910059336
-0.0243794306646828
-0.021444025950513
-0.0185567460451809
-0.0158314241656983
-0.0134189900741377
-0.0114796248765793
-0.0100895350747068
-0.00915116333294066
-0.00838285780611553
-0.00741379437047693
-0.00594090948894985
-0.00386659862581544
-0.00135094009464885
0.00123681931085963
0.00343260824438542
0.00480236010597884
0.00503651531551317
0.00400480246266344
0.00178236676692229
-0.00134796459684163
-0.00493319480474925
-0.008447365977794
-0.0114386136786234
-0.0136720952337057
-0.0151957491775136
-0.0162831472705057
-0.0172673406589215
-0.0183378214801068
-0.0193990790436561
-0.0200677199458684
-0.0198203658642803
-0.0182271578345779
-0.015161180903783
-0.0108903454735071
-0.00602062016310471
-0.00132423713312949
0.00248001205857699
0.00492556503055037
0.0059190559668995
0.00574368962141707
0.00493607151908157
0.00407644610412852
0.00357858611068617
0.00357280312855364
0.00392681326841132
0.00437062289356372
0.00463582515294359
0.00452454816331033
0.00388439555322815
0.00254129897101863
0.0002795418021772
-0.00307410123050816
-0.00749174034905053
-0.0126197240189457
-0.0177992789835317
-0.0222559251045057
-0.0253651819171486
-0.0268500434471212
-0.0268171067375033
-0.0256451435817492
-0.0238156001639182
-0.0217730615258243
-0.0198499008004031
-0.0182402497865703
-0.0169977480567766
-0.0160496766258438
-0.0152359622683415
-0.0143755830072615
-0.0133422444133296
-0.0121187558124123
-0.0108099055454623
-0.00961818927048228
-0.00880226312762171
-0.00863107108071903
-0.00932884029597037
-0.011002530456943
-0.0135648839945789
-0.0166958420976277
-0.0198906481162277
-0.0226056361319567
-0.0244482469151396
-0.0253126747212038
-0.0253799533286993
-0.0249798046574959
-0.0243975844640907
-0.023738990008674
-0.0229174783029664
-0.0217441631507848
-0.0200420737824708
-0.0177135094826985
-0.014745089767772
-0.0111896146677616
-0.0071744844498085
-0.0029487144495314
0.00107303217328753
0.0043363954477165
0.006282063756299
0.00655755678147788
0.00520513246614971
0.00270828938986847
-0.000160568911126519
-0.00263820183019978
-0.00426839906723616
-0.00504442353460158
-0.00532802127496562
-0.00560677424992842
-0.00623925843051081
-0.00732625164653412
-0.00874682393502369
-0.0102835205060885
-0.0117159008396873
-0.01281781563502
-0.0132998867524905
-0.0128009417270426
-0.0109949802624237
-0.00777544999896954
-0.00339685630941299
0.00153510772613295
0.00623846227169138
0.0100046012002239
0.0123967727095206
0.0133214987518331
0.0129838041600508
0.0117906700252342
0.0102551110269136
0.00890437468513763
0.00816883448632256
0.00825430407359044
0.00905231437615309
0.0101610402102505
0.0110414649795936
0.0112479849666911
0.0106180812776971
0.00932877830707604
0.00781076754565247
0.00658821368458372
0.00612954257149779
0.00675550500632265
0.00860275337387807
0.0116229805269516
0.0156069300409122
0.0202305705360979
0.0251114434080914
0.0298512865346793
0.0340504289836653
0.0373095474398429
0.0392553042303023
0.0396109561492447
0.0382892843906616
0.0354520787618513
0.0314903464225563
0.0269269373862631
0.0222902404412656
0.0180179260103471
0.0144197450723733
0.0116863998933453
0.0099102790888426
0.00909343657384897
0.00914200068322477
0.00986101303769948
0.0109624898167847
0.0120935627415602
0.0128908684668255
0.0130649427132858
0.0125011214163152
0.0113364020806799
0.00996107990779087
0.00891965934875753
0.00873611625257995
0.00973029290725753
0.0118996218859452
0.0149125306689087
0.0182125502726148
0.0211863732157565
0.0233261187397329
0.0243288239837161
0.0241167544871355
0.0228023912517824
0.020635025236047
0.0179492314379569
0.0151115953884272
0.012456069886245
0.0102152867777827
0.00847742970003175
0.00720189549192565
0.00630050600830939
0.00574574129245678
0.00563472900549401
0.00615044843442166
0.00742478548271727
0.00938323606099394
0.0116790242631581
0.0137748234704205
0.0151331380922117
0.0154034626884444
0.0145028725216346
0.0125704188058479
0.00986521526810037
0.00669815862210253
0.00342548908838128
0.000452746736057518
-0.00182094089622986
-0.00312842299857744
-0.00346038756402465
-0.00309798482501985
-0.00251255354421906
-0.00217838334553183
-0.00239437719456247
-0.0031940762909986
-0.00436459873068486
-0.00554277840516752
-0.00634208271171335
-0.00647882479959908
-0.00588021112594293
-0.00475162715539021
-0.00356910857803201
-0.00297274567365196
-0.00357695005470735
-0.00576085035369363
-0.00952041012941365
-0.0144367851392411
-0.0197615544665885
-0.0245765056752435
-0.0279778795720386
-0.02925382970593
-0.0280400552285429
-0.0244331007846402
-0.0190236006214393
-0.0128101545555562
-0.00698498449762595
-0.00263444854261222
-0.000443059456668364
-0.00050439024996618
-0.00231553127106681
-0.00496735590605573
-0.007461854493619
-0.0090295073387851
-0.00932253078269109
-0.00842782434464384
-0.00673393830928061
-0.0047415373904798
-0.0029013111053265
-0.00151965765342563
-0.000731806262273711
-0.000524962063888798
-0.000791889773699091
-0.00139264509068145
-0.00219896922785867
-0.0031045653173356
-0.00400847180441876
-0.0048010518148222
-0.00537991274849638
-0.00569384631212173
-0.00578177166757427
-0.00577008021529903
-0.0058193910862928
-0.00604587566257478
-0.00645663776902822
-0.00692857647264218
-0.00723911245942106
-0.00713743990002754
-0.00643009000302053
-0.00504745462515961
-0.00306592197231563
-0.000685316497548196
0.00181205385533703
0.00409112878583939
0.00578085567865974
0.00651033981031026
0.00599814123965736
0.00418414596139433
0.00133626344418225
-0.00195236448441239
-0.00491136380595047
-0.00683809477863559
-0.0073322832004249
-0.00641938787119111
-0.00452355584290165
-0.0023210708985217
-0.000541283213785218
0.000222481178665906
-0.000348096804275259
-0.00222940909110035
-0.00507212481404969
-0.00829949962900631
-0.0112688429758962
-0.0134567065138531
-0.0146126893441728
-0.0148258693687741
-0.0144714768288343
-0.0140522118695329
-0.0139977880556724
-0.0145077557283603
-0.0155009087108648
-0.0166822573465753
-0.0176861437406959
-0.0182274102473573
-0.0181989595886462
-0.0176848086379156
-0.0168973704454013
-0.0160796953253491
-0.0154232643686969
-0.0150341304626607
-0.0149455250165782
-0.0151467197508226
-0.0155950261799702
-0.0162001195990811
-0.0167986391614901
-0.0171505081765916
-0.0169778576588685
-0.0160410922780096
-0.0142223170336506
-0.0115796457964352
-0.00835051275702925
-0.00490724911831695
-0.00168676399010273
0.000881808177436299
0.00243832289631204
0.00274009370043545
0.0016996355996972
-0.000590822297949128
-0.00385736824015349
-0.00767663141046031
-0.0115477903886787
-0.0149958979037789
-0.0176805071794242
-0.0194705209290786
-0.0204478848189901
-0.0208268367173141
-0.0208169640073846
-0.0204949833973215
-0.0197545814179859
-0.0183665977239218
-0.0161230080285781
-0.0129927599391718
-0.00921128878895471
-0.00525897058962032
-0.00173473652230236
0.00082766060765518
0.00213560105358136
0.00224412197325528
0.00154999924710701
0.000664194108316172
0.000199505120517281
0.000549942326427268
0.00174596124495565
0.00343772192809194
0.00500754988118001
0.00577115496108611
0.00520570297428084
0.0031353208125387
-0.000190957090198365
-0.00416660061728931
-0.00802334716714249
-0.0110781964786539
-0.0129289317151642
-0.0135253863013735
-0.0131085820021537
-0.0120661481974166
-0.0107723534197805
-0.00946948366584867
-0.00822362350891941
-0.00696174725431949
-0.00556687385054154
-0.00397914394427616
-0.00224392201993905
-0.000481365783299665
0.00118926067731451
0.00270114310609461
0.00402292721057707
0.00509673726713134
0.0058011285858426
0.00598740828866759
0.00556911525732241
0.00459397003950686
0.00323926456495473
0.00173014365343275
0.000233783879633015
-0.00120650608304286
-0.00266269688377383
-0.00424733775888269
-0.00601289697405996
-0.00787519255038514
-0.00959882463435853
-0.0108549163721195
-0.0113306670231441
-0.0108499172000833
-0.00946158224596768
-0.00746564017250213
-0.00536534546588567
-0.00375288849138552
-0.00315410557386045
-0.00387719892887579
-0.00592257141257446
-0.00899919931487947
-0.0126494906774564
-0.0164273422752164
-0.020041623790669
-0.0233977064962778
-0.0265323196747296
-0.0294975583870303
-0.0322662561375174
-0.0346979177663821
-0.0365559027348034
-0.0375443809262409
-0.0373496144839322
-0.0356970175377922
-0.0324365182187298
-0.0276373706259224
-0.0216411374473568
-0.0150256115562243
-0.00847787264064845
-0.00262726998890837
0.00209278485639248
0.00551253180877185
0.00772586489326944
0.0090492757346873
0.00995761850734189
0.0109939211669386
0.0126464437655043
0.0152066657234752
0.0186490327155708
0.0225822741652259
0.0263035949164045
0.0289529802529885
0.0297338533619917
0.0281466897355383
0.024171968039549
0.0183389339148205
0.011635796777279
0.0052610289228342
0.000275739240173997
-0.00272932345655085
-0.0038202637330126
-0.00366717178993221
-0.00325415392060456
-0.00346728876001275
-0.00474164740391439
-0.00692098218534335
-0.00937457069552222
-0.011292404822574
-0.0120139767313037
-0.0112612127021896
-0.0092124182842736
-0.00642335764101911
-0.00364533735395161
-0.00160705119295829
-0.000826115093138389
-0.00150153167184995
-0.003508770341084
-0.00648064878805488
-0.00992786382601123
-0.013351004380277
-0.01632093691776
-0.0185345811451445
-0.0198622767989127
-0.0203844739684438
-0.0203896692644833
-0.020302669057503
-0.0205440049636236
-0.0213676012358747
-0.0227493736558743
-0.0243831730732583
-0.0257902131850126
-0.0264930697069163
-0.026176848761058
-0.0247732478287315
-0.022447783507214
-0.0195175705766152
-0.0163491136483916
-0.0132757522862945
-0.0105492724997538
-0.00832247019937908
-0.00665670158892386
-0.00554995624799868
-0.00497508508368558
-0.0049078754999691
-0.0053246769405595
-0.00616637215885832
-0.00729050837019989
-0.00844814689058941
-0.00931413110365337
-0.00957209389925731
-0.00902468280091059
-0.00768239510355175
-0.00578875442119068
-0.00376275581123534
-0.00207407208620248
-0.00110039425274368
-0.00103016509370557
-0.00185039584447258
-0.00340441059653731
-0.00545707775742683
-0.00771002463150085
-0.00977065186663704
-0.0111440329378701
-0.0113200596451368
-0.00995635049413647
-0.00706864646905361
-0.00311085515984226
0.00111906037512067
0.0047167936947747
0.00695304212051453
0.00748785447802162
0.00644505200070782
0.00433059993192751
0.00183243595884824
-0.000422437517052502
-0.00206508410043255
-0.00306742894610918
-0.00368890309926561
-0.00431863796883878
-0.0052827533559008
-0.00669508781686025
-0.00840762627124751
-0.0100722789155797
-0.0112774424286915
-0.011695280223822
-0.0111831417705732
-0.00981573523524804
-0.00785768920713024
-0.00569955516993356
-0.00377548961418443
-0.00247248179519421
-0.00204063288808979
-0.00252194644402005
-0.00372242644116824
-0.00524793286538713
-0.00660429456206786
-0.00733553578333483
-0.00715672671487398
-0.00603924518005563
-0.00422222211227276
-0.00214496310522901
-0.000316045364050113
0.000844920787226859
0.00114104550129528
0.00065522388936581
-0.000296567332783003
-0.00129750153471999
-0.00198867267362538
-0.00218618939432148
-0.00191550005085126
-0.00136424407062642
-0.000786498935765861
-0.000400979503765065
-0.000317879129993662
-0.000512909631668736
-0.000850196754855897
-0.00114202627343325
-0.00122394847155553
-0.00101899022198137
-0.000566894118858441
-4.87095156874406e-06
0.00049677635673989
0.000821872251801442
0.000980555143399456
0.00112559412338555
0.0014921361432471
0.00228099194674538
0.0035429583631447
0.00512612406350923
0.00671346461589928
0.0079286334528761
0.00845588208415541
0.00812122787265526
0.00691096084138219
0.00494128914847584
0.00241585996393523
-0.0003986914286346
-0.0031783376556029
-0.00555432150570322
-0.00715992757985066
-0.00771240924084997
-0.00709812229688209
-0.00541437748493755
-0.00293843425957669
-3.37956473567196e-05
0.00296019009581053
0.00580427526479468
0.00837871984634161
0.0106615204653333
0.0126949841688368
0.0145549334885387
0.0163164676807167
0.0180115791366061
0.0195961965650531
0.0209587471362613
0.0219836531938342
0.0226395261528246
0.0230317944170152
0.0233751525667838
0.0238941321371864
0.0247072070587893
0.0257547861678674
0.0267981099112157
0.0274792373644136
0.0274183498587533
0.0263279188451165
0.0241225449253058
0.0209928873881082
0.0174087612427729
0.0140350814358809
0.0115773528528699
0.0106001018038022
0.0113708865437786
0.0137773521530259
0.0173485421417912
0.0213821038104009
0.0251396838044546
0.0280419038730064
0.0297940424469298
0.0304089429890874
0.0301433646435608
0.0293946763478939
0.0285987268926656
0.0281408284953131
0.0282732014609177
0.0290439442822043
0.0302699132593138
0.0315920603038193
0.0326151715123346
0.0330743912764929
0.0329377788204095
0.0323833560628698
0.0316666991124692
0.0309638831178766
0.030282259016445
0.0294765429692505
0.0283381216630258
0.0266936176622965
0.0244668475177893
0.0216959902558259
0.0185184878220648
0.0151332529970361
0.0117461133168209
0.00851799504356921
0.00555117166863696
0.00293474828929487
0.000821343685023318
-0.000536796628039095
-0.000852116562025858
4.59001781225624e-05
0.00206101932928211
0.00479042819126519
0.00763718794131314
0.0100183613292942
0.0115536093077896
0.0121415314167836
0.0119110662531302
0.0111084859022452
0.00999667911551031
0.00880513841567441
0.0077205372572442
0.00688801569365366
0.00640415569336389
0.00630108219185392
0.00653110161888255
0.00696370746586908
0.00740477751656952
0.00763820714886728
0.00747458050311447
0.00678378901696529
0.00550124937583154
0.00362217620695006
0.00120981305508938
-0.00157412823091715
-0.00444179191531268
-0.00699578913280648
-0.00881102131183262
-0.00955623466469189
-0.00909267622865931
-0.0074908324051498
-0.00495392106025286
-0.00169847453340345
0.00212683247516102
0.00642920902711897
0.0110787728396531
0.0158054297359184
0.0201644203780176
0.0236048480751963
0.0256143206836483
0.0258745457765182
0.0243620933350047
0.021355543209932
0.0173481155379315
0.0129015146414433
0.00850123991273881
0.00447278108915985
0.000985478228146141
-0.00187975410193081
-0.00405948187051494
-0.00549023491868933
-0.00615642216680606
-0.00616027110108655
-0.0057442653389661
-0.00522230340182979
-0.00484024531744027
-0.00464571804961787
-0.00445576306972287
-0.00395744811120206
-0.00289450667186612
-0.00123759850691707
0.00075706397441
0.00263405681571987
0.00392825800484929
0.00436908551304768
0.00400865886919615
0.0032165075612946
0.00253708986960452
0.00246495193446878
0.00323441053515596
0.00472038520238704
0.0064954347054335
0.00801101215377292
0.0088155264973753
0.0087182630488588
0.00784688555385669
0.00659340843893384
0.00547604410508799
0.00496335075694066
0.00531999962427191
0.00653287285711416
0.00834686966357586
0.0103855791898852
0.0122859475965843
0.0137752904419826
0.0146674820290715
0.0148151183393144
0.0140789239526226
0.0123511286524229
0.00962384105313666
0.0060627324983007
0.00204226993203057
-0.00188855775901821
-0.0051194126984247
-0.00714847079331796
-0.00775083442060346
-0.0070687034985822
-0.00556772073266587
-0.00386386187446411
-0.00249240308932304
-0.00172310454792365
-0.0015021923169332
-0.00153614043114505
-0.00146391170919207
-0.0010304412899011
-0.000187460432674565
0.000906556635465209
0.0019658685617506
0.00268598329314342
0.00283294239006943
0.00229080596909385
0.00107364820930617
-0.000679296498583469
-0.00271511738841299
-0.00469071997590681
-0.00621886107334414
-0.00693704226138283
-0.00658463371833328
-0.00506663670952733
-0.00248495962041075
0.000876285376341529
0.00461653118323883
0.00832285778139655
0.0116750611027029
0.0145023387941456
0.016762429581575
0.0184601894813297
0.0195623134191099
0.0199673273191749
0.0195523924678296
0.0182671123017918
0.0162129981941826
0.0136536062921788
0.0109387660915631
0.00837418258594698
0.006099646163239
0.00403927365398089
0.00195557190062171
-0.000409715854004456
-0.00316900824671645
-0.00617642386051437
-0.00903211627591856
-0.0112161738808436
-0.012301984945863
-0.0121538831167408
-0.0110140261470675
-0.00943438275267371
-0.00808591671744263
-0.00753441201371586
-0.00807796239971523
-0.0096976760286486
-0.0121150388593436
-0.0149125875478639
-0.0176689544166507
-0.0200700615743776
-0.0219696319007791
-0.0233845039047557
-0.0244315046013314
-0.025239530953037
-0.0258836147233754
-0.0263701652616642
-0.0266635882401407
-0.0267183553056996
-0.0264929808330666
-0.0259581500064372
-0.0251262839772772
-0.02410076166939
-0.0230990581235154
-0.0223990568363465
-0.0222098211700055
-0.0225344957794436
-0.0231112700039799
-0.0234703222307659
-0.0230744900377133
-0.0214780251362427
-0.0184555591298657
-0.0140855575940151
-0.00877948383340813
-0.00323185997650668
0.0017348621300425
0.00541510147767245
0.00747178794494544
0.00807365111470163
0.00783316594652104
0.00756082974933534
0.00794980591629124
0.0093317547821763
0.0115892319015144
0.0142253682534767
0.0165381079570722
0.0178375311384946
0.0176518865133509
0.0158683754305852
0.0127606594953059
0.00888939642563455
0.00491789199951637
0.00142278932386861
-0.00123198674204065
-0.00293909688570406
-0.00383216080613473
-0.00423486513652584
-0.0045739670585008
-0.00524706817139458
-0.00646780586382385
-0.0081561436485065
-0.00994776475788422
-0.0113416055736736
-0.011921779105772
-0.0115413703644228
-0.0103777456272781
-0.00884475892156731
-0.00742263167024922
-0.00649551776536
-0.00626294651378191
-0.00674076449112337
-0.00782243652684888
-0.00935278997733297
-0.0111779891198201
-0.0131660001431374
-0.0152155726890217
-0.0172674293164966
-0.0193055466019568
-0.0213224458246615
-0.0232457225440055
-0.0248689077040644
-0.0258520161084756
-0.0258230526536089
-0.0245389002128715
-0.0220111344877845
-0.0185181213398187
-0.0145004752637716
-0.0104106578444055
-0.00660111051790521
-0.00328845483831238
-0.000575152481245237
0.00150952998409901
0.00297171171446819
0.00382262554353893
0.00405963955356458
0.00366842499863967
0.00264990518576046
0.00105706082773612
-0.000984966605252942
-0.00329137025287561
-0.00565323901788286
-0.00787060541840434
-0.00976602435216524
-0.0111845070119248
-0.0119978715341759
-0.0121221541053887
-0.0115395109974625
-0.0103113300982956
-0.00857875505904465
-0.0065538556628948
-0.00449908535886865
-0.00268624333476405
-0.00133598147423772
-0.000560362976633229
-0.000339616351458451
-0.000546423780011081
-0.00100226343752255
-0.00153611436015552
-0.00202276610544922
-0.00239200224132841
-0.00260968480948359
-0.0026408753808442
-0.0024180398498685
-0.0018436993876761
-0.000840779555128447
0.000571723014655865
0.00222798948708185
0.00383278087896554
0.00505033617650326
0.00562583520514518
0.00548528307308187
0.00477479731810723
0.00382796566264022
0.00307392109573762
0.00291464876571937
0.00360789197772167
0.00519009834122669
0.00746204011937142
0.0100423113537289
0.012475243940467
0.0143621397740447
0.0154727804173584
0.0157968457205513
0.0155165847797091
0.0149139845272287
0.0142508059378137
0.0136673005221243
0.0131357356255571
0.0124833464337333
0.0114715148959836
0.00989354430628237
0.00764660923491978
0.00475162290571555
0.00132720422122494
-0.00245187895139214
-0.00638062525944471
-0.0102221455556494
-0.0136909848032489
-0.0164501790297511
-0.0181501433860735
-0.0185157912912665
-0.0174525888980569
-0.0151159476484506
-0.0118967023124027
-0.00831902435055153
-0.00489551520771988
-0.00200224386366158
0.000184031685726667
0.00168111087383196
0.00264904494747476
0.00331427409332782
0.003887518471937
0.00449035922479077
0.0051101674005219
0.00560346893670797
0.00575266724284032
0.00535450512805993
0.00429984265753932
0.00261028787103458
0.000426038362656623
-0.00203073461795729
-0.00448574782427854
-0.00662569448874131
-0.00811344983166791
-0.00863307411862379
-0.00797150952963183
-0.00611037112220486
-0.00328123133885047
5.52397395767215e-05
0.00331688510193698
0.00596787765894543
0.00768974807299031
0.0084886208400941
0.00869053957556984
0.00881941247465149
0.00939903712225698
0.0107508164264985
0.0128630081046607
0.0153871667377169
0.017775232428303
0.0195114768564241
0.0203386851200795
0.0203653141983351
0.0199941836649395
0.0197111315525324
0.0198511742185771
0.0204655702905489
0.0213451519762838
0.0221642474101954
0.0226534048495608
0.0227114557725322
0.0224125157778359
0.0219197349811614
0.0213592417223831
0.0207210890123732
0.019836419608539
0.0184406105369181
0.0162907603255456
0.0132837188018696
0.0095265217110782
0.00533565293954382
0.00116821239261862
-0.00249360036345152
-0.00527268548944355
-0.007003439623357
-0.0077766146123378
-0.00790141427299721
-0.007796528703074
-0.00785448738767301
-0.00833255447235543
-0.00930142369709873
-0.0106497714082611
-0.0121254837956867
-0.01339963657625
-0.0141486469203364
-0.0141444467305673
-0.0133256052713856
-0.0118158604365802
-0.00987597874010164
-0.00781123247758072
-0.00588217643352692
-0.00425915373556297
-0.0030271377164573
-0.00221591641426797
-0.00182471689853289
-0.00182787476781657
-0.00216903025177343
-0.0027596435317981
-0.0034915827715713
-0.00426059238975566
-0.00498756726315678
-0.00562583287162135
-0.00615536884956478
-0.0065781764149688
-0.00692773700527862
-0.00728603371839292
-0.00778052430993947
-0.0085363825461396
-0.00959412342056397
-0.0108438038216942
-0.0120333379152811
-0.012863852828808
-0.0131200605839577
-0.0127528593470763
-0.0118637274488383
-0.0106111712037287
-0.00911131614160068
-0.00739816066262712
-0.00545492493010223
-0.0032751980669136
-0.000903271499127427
0.00156393125404043
0.0039938901233976
0.00622875402035357
0.00808631416557199
0.00937238853151292
0.00992383593771637
0.00967654330940752
0.00872577328812658
0.0073387713463329
0.00589854862163107
0.00479315173510434
0.00429629723003726
0.00449405181210083
0.00529078755622852
0.00648530396938114
0.0078690454691347
0.00928921341188933
0.0106486760890641
0.0118613801246766
0.0128113644054691
0.0133554278874574
0.0133743170682323
0.0128427198546653
0.0118750379657842
0.0107140047656629
0.00965396700365964
0.00892177595097962
0.00856690001686824
0.00842139668344422
0.00816178005849747
0.00744521297894081
0.00604328431121195
0.00390199718947987
0.00111541193083925
-0.00213936500572179
-0.00564876543493565
-0.0091748778355402
-0.0124598156931063
-0.0152513676567649
-0.0173469127354443
-0.0186262734180118
-0.0190514670484676
-0.0186422738563446
-0.017458782631992
-0.0156136548107395
-0.0133046495495911
-0.0108298090662819
-0.00854873160612746
-0.00678606392026202
-0.00571576470403226
-0.00528682770332279
-0.00523655368487624
-0.00519394011387671
-0.00482901936186361
-0.00398070876398381
-0.00270798761600663
-0.00124855712851095
8.71805131410665e-05
0.0010338663442527
0.00145097858167854
0.00134022722380556
0.000807966100952256
3.86000473937891e-06
-0.000927252268077546
-0.00185937302493029
-0.00267405361839049
-0.00325486740460379
-0.00351265335686786
-0.00343377351111711
-0.00311285667677732
-0.0027331717347372
-0.00249322574912372
-0.00251806511429603
-0.00280666669318665
-0.00324519161783756
-0.00367628636976702
-0.00398181623440451
-0.00412942301669036
-0.00415696738694123
-0.00410954829152089
-0.00397460251846695
-0.00366007899026093
-0.00303076597251538
-0.00198236338726152
-0.000515805038893423
0.0012198054380165
0.00293130338332614
0.00423513838685869
0.00475428911649583
0.00424105547689188
0.00269192418601692
0.000405899273429949
-0.00206043427360292
-0.00405654996151988
-0.00507821568581778
-0.00498523898369459
-0.00408210506959478
-0.00299915671499107
-0.00241499195529225
-0.00275440120537258
-0.00401602168393379
-0.00581111515185296
-0.00757444832661316
-0.00881828505380786
-0.00929608487284413
-0.00901749145958929
-0.00815161215469741
-0.00690670224525001
-0.00545760890529531
-0.0039353458515058
-0.00244521271049994
-0.00107248014082201
0.00013653025942527
0.00119539746886057
0.00216797200605296
0.00311810864834941
0.00404395333895794
0.00483997184214476
0.00531610080860723
0.00526891237134683
0.00456958276365198
0.00322656864392077
0.00139772992360635
-0.000647640068799912
-0.00259819716986694
-0.00417761218085715
-0.0052086031917016
-0.00564815831668468
-0.00558485557527949
-0.00520033947141368
-0.00471063138946634
-0.00431044966650731
-0.00413759209222745
-0.00425788571301331
-0.00465823646968209
-0.00523870137994957
-0.00581210994336492
-0.00613334787043556
-0.00597146888702084
-0.00520734526799838
-0.00391092422436543
-0.00235065887074863
-0.000917270424534815
1.50014688022269e-05
0.000238191565006443
-0.000185402844631689
-0.000908139404617398
-0.00138734606254057
-0.00106159936291928
0.000444225457421951
0.00316481295455715
0.00675931015066627
0.0106147851223127
0.0140444139649233
0.0164951625028229
0.0176848489073718
0.0176332142138194
0.016603291644855
0.0149960810440562
0.0132364116125031
0.0116697831739094
0.0104817538737441
0.00965726360590931
0.00900081640434241
0.00822250456459956
0.00706221103982703
0.00539847591777316
0.00329277148187922
0.000954652409081498
-0.00134595171856191
-0.00337345331257894
-0.00499113719924473
-0.00618078446692139
-0.00702150255934481
-0.00764123623073825
-0.00815800142030871
-0.00862898652341627
-0.00902319538942058
-0.00922527350003273
-0.00906665714762062
-0.00837186818005091
-0.00700799745039418
-0.00493103851570684
-0.00222351681344093
0.000890703854395358
0.00407490716252813
0.00695815571173495
0.0092378402820723
0.010754508091047
0.0114985417215755
0.0115537216741862
0.011026276089032
0.0100126779657881
0.00862146038141346
0.00701579997252983
0.00542378870938964
0.00408648010720035
0.0031609282278622
0.00263230856154585
0.0022920343154805
0.00180720745509394
0.000859515589913632
-0.000706387201326044
-0.00279489390429895
-0.0050772283081834
-0.00711086186460141
-0.00850568258411161
-0.00905877432674564
-0.00879959834440783
-0.0079385852785687
-0.00676068366299894
-0.00552165253871466
-0.0043869660884705
-0.00342299925957204
-0.00262823196494946
-0.00198224073322218
-0.00148733010364996
-0.0011817928088309
-0.00111843454078308
-0.00132315191949039
-0.0017622080090343
-0.00234112605754695
-0.0029354189042908
-0.00343158706424586
-0.00375346450598338
-0.00386440035669249
-0.00375405438193253
-0.0034250920760102
-0.00288933020569199
-0.00217420100464716
-0.00133545643905012
-0.000469984355677818
0.00027983234413422
0.000740612857638749
0.000747194422553671
0.000198293981081968
-0.000895938008263375
-0.00240174648001781
-0.00409315942931854
-0.00570679830067928
-0.00698783647389279
-0.0077112006572775
-0.0076908480615505
-0.0068016295834933
-0.00502131915857981
-0.00247323277821003
0.000560416455079124
0.00367071944285506
0.00639475979553674
0.00831144395019965
0.00914080020089147
0.00882512216578297
0.00756468082545245
0.00578030245289337
0.00399380761383373
0.00265635377337769
0.00199246141275716
0.00193280026987463
0.00217020933248413
0.00231315638867033
0.00206635066721484
0.00136101960448167
0.000382137615153398
-0.000520138065636202
-0.00100371086179076
-0.000921731327200527
-0.000434295343276449
2.16886280280288e-05
-9.53071428470638e-05
-0.00119293477931012
-0.00335325425073554
-0.00627494734899032
-0.00936727442269491
-0.0119461529630182
-0.0134506360219845
-0.0136041249253061
-0.0124729184357098
-0.0104111790414188
-0.00791921350983077
-0.00547224407983848
-0.00338527911681376
-0.00175816307078383
-0.000503958454715634
0.000571772054651969
0.00168349666766524
0.00299757836969121
0.0045883495826635
0.00641344791493773
0.00831089538449605
0.0100292658471357
0.01129338064653
0.0118829613072303
0.0116859701940722
0.0107037377984205
0.00902120449056281
0.00677744028710698
0.00415687003632837
0.00138758934143109
-0.00128119003555502
-0.00362834240631068
-0.00550889811093651
-0.00686705102540806
-0.00770978195800828
-0.00807107031619183
-0.00799990750337011
-0.00757530644421106
-0.00692054730722472
-0.00618911171170993
-0.00552504102729684
-0.00502858980548063
-0.00475434615575413
-0.00473668938379115
-0.00500930246947033
-0.00559061277403605
-0.00644210718266594
-0.00743902299807508
-0.00839195699549694
-0.00912133191773165
-0.00954265597613826
-0.00970489841994604
-0.00975233897400852
-0.00983377977695726
-0.0100221541322011
-0.0103002394047791
-0.0106171623677225
-0.0109648707481517
-0.0114090988274161
-0.0120480598937539
-0.0129314968445825
-0.0140027437588167
-0.0151034817150054
-0.0160283254525915
-0.0165824689522366
-0.0166080892542734
-0.01598639627579
-0.0146489351048301
-0.0126185139726176
-0.0100613624105005
-0.00730431687230985
-0.0047782295744547
-0.00288718391030636
-0.00184918734694625
-0.00158195707232179
-0.00169922625722068
-0.00163659852672269
-0.000862019760816333
0.000918685123480584
0.00364775193839612
0.0069324661023755
0.0101739081644468
0.0127499755274338
0.014188270353639
0.0142798108853003
0.0131095189500639
0.0110058469852184
0.0084337409136671
0.00586717001565519
0.00367814715825453
0.00207093591246711
0.00107522628731471
0.000591777713985838
0.000464079307641912
0.000541345003230744
0.000709399215636014
0.000890531224130676
0.00103327232454382
0.00111309955595012
0.00114640734510936
0.00119999354257503
0.00137557565709057
0.00176702314153032
0.00241183101699244
0.00326733813569951
0.00422836417112679
0.00517671924319971
0.00603330122085739
0.00678309279120604
0.00746169922082198
0.00811688429046186
0.00877386280083927
0.00942907366613395
0.0100763781724272
0.0107452077848252
0.0115178880271135
0.0125028486520423
0.0137686747436328
0.0152746806693682
0.0168460413520704
0.018223662804781
0.0191772961094213
0.0196284668939526
0.0197157829840935
0.0197618138536345
0.020152627294613
0.021184991750489
0.0229474897515691
0.0252804856802228
0.0278238893114229
0.0301291951866577
0.0317930631015938
0.0325665209563726
0.0324059452519595
0.0314552794442504
0.0299755245887401
0.0282566665593329
0.0265492585168539
0.025035318118338
0.0238304657881021
0.0229901205484661
0.0224975114444785
0.0222377536349559
0.0219883157446655
0.0214577396836959
0.0203770677578346
0.018611639148142
0.0162406664864577
0.0135606509446893
0.0110005559755511
0.00897597795350971
0.00773886137180241
0.0072851894736149
0.00736179860935131
0.00757365747263512
0.00755161026573118
0.00711506226016282
0.00636484603511637
0.00566767237194987
0.00553389409406124
0.00642980671139902
0.0085917132947544
0.0119123786726342
0.0159469409526609
0.0200403405795333
0.0235296897040431
0.0259451147427817
0.0271348248578636
0.0272717623127936
0.0267456934379909
0.0259883445059521
0.0253042663652352
0.0247751933683278
0.0242702458959451
0.0235447123360701
0.0223733595908915
0.0206588249900381
0.0184776261641036
0.0160565095356332
0.0136956059021805
0.0116699792480248
0.0101481969178342
0.00916057988767161
0.00862723990818812
0.00842536372964598
0.00845482094709352
0.00866544775376418
0.00903678074589721
0.00953344978134443
0.0100738227791991
0.010535575736912
0.0107920200674719
0.0107525003829932
0.0103841971680665
0.00971309321192511
0.00881749423743179
0.0078258779010393
0.00691787745641333
0.00631731041375926
0.00626725754829503
0.00698602737327456
0.00861161801495183
0.0111469587572178
0.0144201712345553
0.0180752793966671
0.0216069380746071
0.0244430154485937
0.0260608665914535
0.0261054054626444
0.0244723563092166
0.0213335750120733
0.0171039648855428
0.012365453497335
0.00776555307960449
0.00390335506602326
0.00121617382062401
-0.000111333893846594
-0.000185432245828052
0.000636465331179668
0.0018649446799512
0.00304216880530706
0.00388642364988521
0.00435536064445126
0.00460286056759798
0.00485828601186911
0.00529332582054818
0.00593805923729558
0.00667092625718466
0.00726580528606696
0.0074600888896253
0.00701582025776142
0.00576619958259867
0.00365291836030145
0.000758629886591406
-0.0026709816580772
-0.00623097164650253
-0.00940610719662483
-0.0116766896909041
-0.0126688938389098
-0.0123026041188321
-0.0108662201003339
-0.0089621880161825
-0.0073247581494411
-0.00658192071077978
-0.00706687130712754
-0.00875379802936124
-0.0113209564963798
-0.0142842266476074
-0.017132881200712
-0.019427741080975
-0.0208550601001598
-0.0212439211616253
-0.0205557520148484
-0.0188582155386496
-0.0163042023053995
-0.013134192973174
-0.00969580249212919
-0.00644305915522765
-0.00387330070590191
-0.00239829226555191
-0.00220394586905719
-0.0031807903262219
-0.00497540129057465
-0.00713987695853461
-0.00929610260975302
-0.0112300190421247
-0.0128876277689209
-0.0143107832804709
-0.015573620461833
-0.0167502826576125
-0.0179015791769786
-0.0190565508911932
-0.0201867694027027
-0.0211920883511118
-0.0219115821666042
-0.0221538867863796
-0.0217331802910608
-0.0205066079281351
-0.0184184028407701
-0.0155492954935318
-0.0121517818251362
-0.00864138549532027
-0.00552484548757793
-0.00327524046502688
-0.00219535286374574
-0.0023252657756433
-0.00343660290683569
-0.00511735744384687
-0.00690869797876383
-0.00843574109795445
-0.0094899089791319
-0.010054763457188
-0.0102894421439834
-0.0104797064677594
-0.0109530982086321
-0.0119603800707347
-0.0135559107955459
-0.0155366391011483
-0.0174881974506878
-0.0189333206265535
-0.0195176235998635
-0.0191446849992088
-0.0180017473256724
-0.0164759824812692
-0.0150102591947483
-0.0139619558845626
-0.0135102112259638
-0.0136261297339485
-0.0140987352360467
-0.0146051307948528
-0.0148153037150914
-0.014512282405963
-0.0136855844910887
-0.0125444440693273
-0.0114243462790801
-0.0106212211254672
-0.010239610654842
-0.010139326510409
-0.0100057843763195
-0.00949553168879237
-0.00837286097006439
-0.0065743920644784
-0.00419191751643515
-0.00140915020346721
0.00155952076522114
0.00449836787245218
0.00718784161027255
0.00939284530731098
0.0108692466196122
0.0114033930102143
0.0108763414692519
0.00932302977049791
0.00694983409369185
0.00408927208101116
0.00110256598630275
-0.00172841956191887
-0.00426864851200881
-0.00652572659850856
-0.00858268600691746
-0.0105102757547433
-0.0123062418405618
-0.0138836571457437
-0.0150972689488484
-0.0157819346248873
-0.0157859197116206
-0.0149981222464319
-0.013374825348919
-0.010966058897185
-0.00793344580800776
-0.0045480076208934
-0.00115808796919419
0.00187654430698078
0.00427587755826932
0.00592878045201517
0.00693794164832574
0.00758418473370681
0.00820672146337263
0.00904184274318738
0.0100924684177269
0.0110928235183225
0.0115886397570032
0.0110994276989952
0.00929644373135027
0.00613261290172335
0.00188860000210095
-0.00287083104577316
-0.00741796484618059
-0.0110367075323897
-0.0132094412543578
-0.0137571882908531
-0.0128765507410054
-0.0110534949910009
-0.00889024867565533
-0.00692105611062769
-0.00548770303660375
-0.0047029040148104
-0.00448371894031128
-0.00461942580127297
-0.00484938590228039
-0.00494161532270573
-0.00476156683487321
-0.00430831411025446
-0.00369496839983239
-0.00307553552722011
-0.00255747334686572
-0.00215492396871013
-0.00181107502877773
-0.0014654906501884
-0.00110746737328052
-0.000771494297717272
-0.000483558681461131
-0.00021026260419059
0.000141982962283968
0.000676832484460696
0.00144954514941413
0.00244335707244408
0.00358494355157589
0.00476701574583127
0.00584996242345857
0.00665247483085736
0.00697010812426232
0.00664480669510339
0.00565689765124351
0.00417226305469164
0.00249329576983485
0.000926494124468436
-0.00035949653288368
-0.00140329916272958
-0.0024123908446902
-0.00364323056379354
-0.00526248019887548
-0.00725187005352034
-0.00939471578897381
-0.011347187700649
-0.0127631187760627
-0.0134189076505321
-0.0132855513827834
-0.0125205760483525
-0.0113926579236591
-0.0101836168248732
-0.00911532376555439
-0.00832185397198749
-0.00785343803217734
-0.00768643799040126
-0.00772853821147433
-0.00783031833919097
-0.00781948531987156
-0.00755767514865281
-0.00699743318641813
-0.00620808462050355
-0.00535178827721312
-0.00461763063614567
-0.00414478995445096
-0.00397064854834312
-0.00402474345997695
-0.00416614724260178
-0.00424400236814404
-0.00415519823886912
-0.00387838583279685
-0.0034744277726893
-0.00305471643452393
-0.00272791331254772
-0.00254224670047832
-0.00244392873953243
-0.00227041933207503
-0.00178825152398013
-0.00076941736488919
0.000917645650174383
0.00323803749794304
0.00597340775546718
0.00876981260959455
0.0112344771145351
0.0130451810674964
0.0140334737997876
0.0142174398837203
0.0137811116847434
0.0130141560131259
0.0122311354169216
0.011686768133665
0.0115003410193699
0.0116052589265045
0.0117452165325625
0.0115341896871188
0.0105750069135965
0.0085991275046762
0.00557049626827335
0.00170678614337521
-0.00259050058691129
-0.00686250932618732
-0.0107202477808839
-0.0139274346332396
-0.0164226512140119
-0.0182873468310633
-0.0196732159869435
-0.0207046088725675
-0.0213825714577855
-0.0215318928676914
-0.020830763737025
-0.0189314527691887
-0.0156311440135391
-0.0110150954394615
-0.00549740839724329
0.000268047463064442
0.00556775819842612
0.00981501947396113
0.0126611654474371
0.0140012205533539
0.0139093177081458
0.0125728005241455
0.0102705074634173
0.00738137934289355
0.00436758333434335
0.00169127326096655
-0.000315699879150706
-0.00155783281675058
-0.00218947057137639
-0.00252363472505885
-0.00288731742629984
-0.0034978752633381
-0.00440975191691831
-0.00553464286476652
-0.00670580775101479
-0.00775165868222519
-0.00855518140249372
-0.00908859899409967
-0.00942000991965676
-0.00969274630025068
-0.0100831482329626
-0.0107489892673912
-0.0117850415553413
-0.0131996306859648
-0.0149166549845715
-0.0167971632097827
-0.0186694425541659
-0.0203585290934355
-0.0217116983390174
-0.0226195616026667
-0.0230291058095125
-0.0229394928845103
-0.0223739947826
-0.0213373259346674
-0.0197865894278455
-0.0176455091206258
-0.0148654615963393
-0.0114988656196914
-0.00773268543206476
-0.00385158130106421
-0.00014853700364096
0.00316139940016341
0.00597166177695639
0.00824783746539839
0.00996012485775047
0.0110376148631833
0.0113768015608903
0.0108984345369356
0.00961905804919357
0.00769964582970484
0.00544684099087165
0.00325880185155493
0.00152280868472808
0.000490196793540279
0.000174673383705065
0.00032628047414301
0.000507585834051584
0.00024723148025257
-0.000797520375517532
-0.00273970501955086
-0.0054530523667117
-0.00863345541532005
-0.0118867651865766
-0.0148088372102706
-0.0170488633986993
-0.0183608112733918
-0.0186430336563339
-0.0179551477269988
-0.0164995730853167
-0.0145673254779106
-0.0124656172851072
-0.0104542536430365
-0.00870994932404881
-0.00731871388063693
-0.00628330195012079
-0.00553568990732097
-0.00495623165062662
-0.0044058278762647
-0.00376890869344983
-0.00299223044966209
-0.00210109603548974
-0.00118531856993939
-0.000363668298328328
0.000255250378120861
0.000600466467933104
0.000647419441882564
0.000407227166606856
-9.93043361191276e-05
-0.000870564851518403
-0.00193611126491788
-0.00333602103025457
-0.00507135341837081
-0.00705208058280171
-0.00907629514859788
-0.0108596376116131
-0.0121068938110496
-0.0125961731282974
-0.012241493315035
-0.011111744219545
-0.00940364219275226
-0.00738200440303182
-0.005306637382504
-0.00336461248004918
-0.00162606957880103
-4.01836795864318e-05
0.00152254470385367
0.003197061049501
0.00505419087852478
0.00706791207764896
0.00912820696966657
0.0110797430879413
0.0127568003371423
0.0139994453540214
0.0146603436719106
0.0146244040905863
0.0138531496783865
0.012438972711515
0.0106319104052012
0.00880362529301807
0.00734425952729829
0.00653034601356698
0.00642701856115908
0.00687560427622014
0.0075735296019633
0.00820476604960379
0.00855589804647697
0.00856755266652561
0.00831121025784274
0.00792089973605457
0.00752529252628298
0.00721285849722389
0.00703426019711341
0.00702277719267331
0.00720810604587804
0.00760922812920845
0.00820778257885685
0.00891662076134694
0.00956541448150889
0.00992245564749206
0.00975573258313477
0.00891188507499388
0.0073744860844444
0.00526943130986481
0.00281573803272699
0.000254812133082034
-0.00219675424327311
-0.00434795392625992
-0.00600538740412899
-0.00696106148551544
-0.00703044705984615
-0.00613419222046714
-0.00437635790104615
-0.00206377119760689
0.000358824801073758
0.00243661010260076
0.00384114893033259
0.00445811781702191
0.0043937962306834
0.00390522858863173
0.00328995726070619
0.00278196149941345
0.00248906922915375
0.00238400209001963
0.00234094545072607
0.0022005137996002
0.00184565560254193
0.00127044905863168
0.000618580403647068
0.000166360399578871
0.000239756800456914
0.00108802409801625
0.00276941998121432
0.00510976943646429
0.00776074111985021
0.010330181289256
0.0125182053401263
0.0141951084289192
0.0153949406295939
0.016243745466761
0.0168682753863024
0.0173314959169119
0.0176211814765284
0.0176877255350321
0.0175002030285149
0.0170811205062081
0.0164974066677366
0.0158166945483679
0.0150606079929058
0.0141859228109898
0.013105514888861
0.0117400116620596
0.0100780720953981
0.00821806401130709
0.00636560530533875
0.00477441701936362
0.00364471196499459
0.00302345729419872
0.00276263354557212
0.00256918082863987
0.0021308217236423
0.0012555252698492
-4.79811195652942e-05
-0.00158517276483222
-0.00306352458634756
-0.00419121804707467
-0.00473472197161246
-0.00453061278701985
-0.00348697203712014
-0.00160633935567171
0.000975615326853762
0.00397119399461238
0.00696870071819143
0.00950075953678875
0.0111236919070314
0.0114865749514372
0.0103908436787355
0.00784819492558817
0.00412629050872634
-0.000251687759318426
-0.00458753125218578
-0.00816968211552044
-0.0104703550095746
-0.0113020301732849
-0.0108638300967279
-0.00965101966290294
-0.00826060291390544
-0.00717424035535657
-0.00661059134208548
-0.00650374432683079
-0.00659996118042976
-0.0066084387378365
-0.00632632276941113
-0.00568943630329283
-0.00475269284364471
-0.0036416113406024
-0.00251743404257086
-0.00156898886750098
-0.00101083569918354
-0.0010562577203176
-0.00185300083018488
-0.00340287109961678
-0.00550774950034279
-0.0077800019553011
-0.00972873913252876
-0.010899386703948
-0.0110175945302125
-0.0100811734646744
-0.00836114283324652
-0.00631023648511595
-0.00441705010266602
-0.00306453702740102
-0.0024416023674921
-0.00252549132013483
-0.00312342757262999
-0.00395069917346222
-0.00472452909603258
-0.0052522092846966
-0.00548347855998669
-0.00549749261151184
-0.00542162662867971
-0.00532368474962323
-0.00514522521668337
-0.00472311976388113
-0.00388921042579634
-0.00258659705768187
-0.000933508269858755
0.000796324060273004
0.0022570618060381
0.00313192990942992
0.00321510929099396
0.00246093600319082
0.000999533227270315
-0.000884237356321315
-0.00281231575771329
-0.00440682869353116
-0.0053885616908171
-0.00564636844349549
-0.00525437626843501
-0.00443658748811058
-0.00349859172538925
-0.00275201763258087
-0.00244846001221364
-0.00272699688707576
-0.00357613435159104
-0.0048189000752388
-0.00613661179688174
-0.00713911769458596
-0.00746774716132645
-0.00689710080182877
-0.00539815751413204
-0.00314003153503424
-0.000432229730875834
0.00236690834040264
0.00493583252990554
0.00703468193973932
0.0085012017653358
0.00922234982300473
0.00911924890564652
0.00816413267694552
0.00641430901978462
0.00403003635202151
0.0012537658059506
-0.00164540323589629
-0.00443805081953672
-0.00698490756036027
-0.00925559908069498
-0.0113132709777233
-0.0132716150719791
-0.0152348812226835
-0.0172346911768889
-0.0191826865691833
-0.0208621900935996
-0.0219767034418666
-0.0222521390704363
-0.0215589491154549
-0.019998088228052
-0.01790008555261
-0.0157233952244109
-0.0138890755870796
-0.01262409988909
-0.0118832903971643
-0.011381065567963
-0.010712210420305
-0.00950529873356133
-0.00754967916349751
-0.00486104424213204
-0.00167996283147284
0.00158620206165308
0.00446532455060986
0.00655062472337985
0.00762821012632251
0.00775460714969142
0.0072412115280448
0.00653977400151201
0.00607493289077782
0.00609935490005374
0.00663098581090104
0.00748312424510472
0.00835375669114787
0.00892843469801755
0.00896737186714322
0.00836783697254579
0.00719870981175132
0.00569750617791506
0.00421681502821955
0.00311895963199135
0.00264337629529611
0.00279650198314199
0.00331977205860365
0.00376575503836479
0.00366220061530872
0.00269550241641725
0.00083041338608755
-0.00168533031115287
-0.00442298803489899
-0.00692249950305631
-0.00881862815984941
-0.00989906423680963
-0.010093436007102
-0.00942552661772098
-0.00796940040334431
-0.00583486107742606
-0.00318110117894895
-0.000235812788143948
0.00270715089215518
0.00532412437947412
0.00732351842562885
0.0085125255917097
0.00884994592973624
0.00847479367944639
0.00770411900347668
0.00699124235299441
0.00683694920433395
0.00766140885343018
0.00967151521731748
0.0127783451766
0.0166098160379824
0.0206205561579658
0.0242507107582127
0.0270656559175508
0.0288327625984206
0.0295335693858395
0.0293320184884597
0.028512422570208
0.0273901450579885
0.0262087662164934
0.0250613288797798
0.0238774894407738
0.0224863342259755
0.020718194980025
0.0184877309998845
0.0158221024426384
0.0128411297291883
0.0097237233957824
0.00668766852261755
0.00398092864003181
0.00186129032746616
0.000546668274061267
0.000145670314822106
0.000604494999912039
0.00170986361956034
0.0031615886337109
0.00468587907526591
0.00612967498007515
0.00748267847336697
0.00881829091702328
0.0101974771490945
0.0116011673175024
0.0129312115449558
0.0140686885048514
0.0149418415722378
0.0155589983071936
0.015995279796668
0.0163540986423682
0.0167309375205573
0.0171900754656407
0.0177470447200337
0.0183488418118348
0.0188580103317852
0.019058077327037
0.0186922123350363
0.0175272251593004
0.015418200800078
0.0123501677837416
0.00845054022533789
0.00398295118824568
-0.000665825134565036
-0.00500831452251743
-0.00850488340007167
-0.0106536833995115
-0.0111159132979617
-0.00983964675799039
-0.00712602146523001
-0.00359140079697173
-1.91599555944174e-05
0.00285557157582257
0.00455374385258076
0.00498069989039075
0.00443323935814305
0.00348607121515958
0.00279792866480328
0.00290346244801549
0.00406024347588328
0.00619730589299279
0.00897028872161578
0.0118874323156147
0.0144513430647582
0.016271540459357
0.0171300109414165
0.0170035509551186
0.0160499921362671
0.014558727923496
0.0128672518793083
0.0112610910670204
0.00989112887133096
0.00874040915677997
0.00764853532581356
0.00637408812814544
0.00466619875224335
0.00232814716481461
-0.000729699450008165
-0.004450275851638
-0.00861735600826751
-0.0128877804558725
-0.0168697975515178
-0.0202211511047585
-0.0227236419045342
-0.0243013175245951
-0.0249817186593668
-0.0248309345696564
-0.0239040067887067
-0.0222403509704023
-0.0199093912018537
-0.0170841293613869
-0.0140978427680603
-0.011434387748508
-0.0096282865095519
-0.00910088133747607
-0.0100028031269359
-0.0121382577023541
-0.0150083167303642
-0.017955181086289
-0.0203507717532261
-0.0217657369036646
-0.0220713876613264
-0.0214520375133207
-0.0203299378139883
-0.0192273505859649
-0.0186072043185124
-0.0187388568707406
-0.01962509090223
-0.0210053204999303
-0.0224285574994001
-0.023375505213748
-0.0234015647919542
-0.022266949631845
-0.0200168479720559
-0.0169812045574435
-0.0136861362034309
-0.0107012513855941
-0.00847291212106405
-0.00719923027669204
-0.0067871652000662
-0.00690360488193008
-0.00710046018174206
-0.00696801218422463
-0.00626123862262211
-0.00495717640423246
-0.00323284339164634
-0.0013862640697927
0.000260425235583779
0.00144327973377173
0.0020109291354907
0.00195211845896849
0.00139791495400542
0.000593400957769132
-0.00016505859905934
-0.000614806875878488
-0.000601899644584843
-0.000110538039299373
0.000764910467118962
0.00188095010901465
0.00309658274052123
0.00429013994386361
0.00535201932090524
0.00618402104843362
0.00672182904840757
0.00696558309587972
0.00698716309975234
0.00689757944498775
0.00678930189639993
0.00668785726841643
0.00653915488419892
0.00623397776741822
0.00565189162748623
0.00470581959572776
0.00337817389530727
0.0017447893814441
-2.06161653093342e-05
-0.00167178008539207
-0.0029469037234584
-0.00364039069255824
-0.00365792689769592
-0.00302861211425655
-0.00187217564442158
-0.00034503750367477
0.00140314434463165
0.00324400870265837
0.00505922940955175
0.0067218951684201
0.00809125331865504
0.00903081882563908
0.00944134024362334
0.00928550811504349
0.00858379540147303
0.00738202317082135
0.00571492580495337
0.00359502222160124
0.00103735580572151
-0.00189540842328739
-0.00505512057737148
-0.00819763070471186
-0.0110051168943444
-0.0131382762340008
-0.0143120225055105
-0.0143796918272789
-0.013395606516507
-0.011619552437015
-0.00944546563973648
-0.00727546159771948
-0.00539279166861152
-0.00388941634210041
-0.00267578211707873
-0.00156254763324746
-0.000376508451531375
0.000937346823962072
0.00227072835100802
0.00338785575728197
0.00403364046049103
0.00406836581034087
0.00356040114969931
0.00278046062175126
0.00208973327856849
0.00177553514614385
0.00192249820025748
0.00238827399245074
0.00289066288389565
0.00315074803472101
0.00301530586300229
0.00250784835667167
0.00180219062697326
0.00114263637579107
0.000743055942016294
0.000697632116029846
0.000937724210155138
0.00126061753116939
0.00142396767131336
0.00125805223298104
0.000731977969618208
-6.01605832939483e-05
-0.000972738122507857
-0.00188635287291634
-0.00274352970621102
-0.00353363917125734
-0.00425081944577925
-0.00485685804866451
-0.00527006455454078
-0.0053856357806531
-0.00512008951289707
-0.00446149750132103
-0.00349973230007632
-0.00241330871102434
-0.00140659269359062
-0.000618464162266564
-4.63763889096088e-05
0.000468521358010992
0.00117635743809083
0.00229912216418184
0.00391656536816406
0.00591512577462389
0.00801894669881107
0.00987610114288631
0.0111539766605714
0.0116123534291251
0.0111476608248924
0.00981185134186429
0.00780327698740706
0.0054233775170481
0.00300408407978044
0.000828360530288827
-0.000927110960428672
-0.00220903485483501
-0.00306536336206095
-0.00359871962942922
-0.00391439479973157
-0.00408025369978851
-0.00411124562131681
-0.00398237546872634
-0.00366133961435294
-0.00314207051749209
-0.00246079310458608
-0.00168713268110494
-0.000896283828709934
-0.000135651872477079
0.000601113039427333
0.00138357589169293
0.00233100239978237
0.00357212400772461
0.00518270094806726
0.00712048675858635
0.0091900101895314
0.0110663598866968
0.0123830681764396
0.0128552115425532
0.0123850220017925
0.0110998377881541
0.00930307807645755
0.00736213918241574
0.00558636489828277
0.00414552016825615
0.00304989288862048
0.0021808931109314
0.00134619926145862
0.000337949025290805
-0.00101601424354525
-0.00281059995493815
-0.00503375356230419
-0.0075527117289924
-0.0101211394567113
-0.0124105383432391
-0.0140660758183478
-0.0147814613658823
-0.014378511903614
-0.0128672418786644
-0.0104596970691686
-0.00752250031323173
-0.00447740697182562
-0.00168440416520459
0.000646381852949321
0.00247765629107613
0.00389506386904984
0.00501060065433842
0.00586749507038854
0.00639288012966579
0.00641975306298119
0.00576546385778159
0.0043281089793768
0.00215654151906624
-0.000535260358681599
-0.00341277162617855
-0.00610504979825038
-0.00829945355600275
-0.0098208333690785
-0.0106758541515348
-0.0110482035709398
-0.0112377065328519
-0.0115529478871712
-0.0121906849921614
-0.0131508061511472
-0.0142263735625141
-0.0150738281687873
-0.0153291008983597
-0.0147182109787292
-0.0131266886464051
-0.0106244808036002
-0.00746258406467628
-0.00405029726343343
-0.000902553840863764
0.00145637740338328
0.00262159691161262
0.00242329565705385
0.000974156654934104
-0.00137682984615119
-0.00415863880463966
-0.00690243059883537
-0.00922645587490181
-0.0108705900943747
-0.0117027310257975
-0.0117229847645249
-0.0110692792292618
-0.0100039082193946
-0.0088573581756164
-0.00792853266170297
-0.00737380634155468
-0.00713668327773787
-0.00695919275753462
-0.00647981446431639
-0.00538158915089974
-0.00353061079350828
-0.00104998700238456
0.00169738910714605
0.00420807398849185
0.00598311107857431
0.00667195436414264
0.00617181992042659
0.00465270073360564
0.00250131440762241
0.000206429319075199
-0.0017688688551619
-0.00308135853361746
-0.00354653774052028
-0.00313356302110471
-0.00194298845146411
-0.000181962157645384
0.00187040058310445
0.00392030638662518
0.00573342580859215
0.00719531953289312
0.00832254446290652
0.00921232095711288
0.00995431428536584
0.0105500306605946
0.0108808356499163
0.010741804087875
0.00993019190059439
0.00835420511462834
0.00611528488470733
0.00352080990029642
0.0010077445263351
-0.00100298659550116
-0.00226234678352524
-0.00278355945530393
-0.00281473892100641
-0.00270131640048712
-0.00271020181296498
-0.00291278876436515
-0.00318793141435907
-0.00333176159423457
-0.0032010250050165
-0.00280900011854146
-0.00233305406650527
-0.0020434774858086
-0.00219184625151965
-0.00289945635188085
-0.004078521079399
-0.00541285451618639
-0.00641605084134297
-0.00656329607692505
-0.00546019086860077
-0.00298675393021095
0.000643315187441619
0.00493565601174399
0.0092614358891251
0.0130404419386651
0.0158934279751166
0.0177127371392635
0.0186358262966575
0.0189453588613372
0.0189452267076736
0.0188632549816358
0.0188100021230715
0.0187926298977165
0.018759794680727
0.0186469834337171
0.0184006120047229
0.0179766129612249
0.0173266105473517
0.0163934290475133
0.0151316176944584
0.0135497344560326
0.0117507496408007
0.00993983534454602
0.00838193679592921
0.00731768678748055
0.00686921254624306
0.00697444333808824
0.00737849369940312
0.00769131493564186
0.00750034266720366
0.00650910853253775
0.00465929587349453
0.00218963417479413
-0.000400689938598244
-0.00248136251721707
-0.00346948948993675
-0.00299347186075114
-0.000992064904171975
0.00226746879912747
0.0062414312299214
0.010214862685853
0.0134451511116368
0.0153233427554299
0.0155171310625349
0.0140516163170762
0.0112976794505305
0.00786887761669536
0.00445797918037734
0.00165987793926461
-0.000171011137569139
-0.000988203251660076
-0.0010225635214081
-0.000663398329689091
-0.000299773585323633
-0.000191302420643192
-0.000420249108851723
-0.000929059604204986
-0.00160230184688854
-0.00233929649181323
-0.00308540775556916
-0.00382336905322507
-0.00454700789352805
-0.00524006971453611
-0.00586988542001302
-0.00639229360046827
-0.00675916297795452
-0.00692275465759872
-0.00683594657801987
-0.00644998124529149
-0.0057129350703904
-0.00457402365779093
-0.00299876541353793
-0.000994509921530771
0.0013632873025002
0.00391871241694569
0.00644666279813424
0.00868571093448774
0.0103820319363489
0.0113345543268209
0.0114364505116993
0.0107072351479589
0.00930146593713392
0.00747689566743962
0.00552075437854351
0.00366247307544883
0.0020187242779297
0.00060064687807127
-0.000628066300505111
-0.001686539387226
-0.00254808630507726
-0.00315849231266541
-0.00347985774216555
-0.00352970166109908
-0.00339728083850771
-0.00323305609056608
-0.00321149987717268
-0.00347000819487814
-0.00403962836054642
-0.00480140429055003
-0.00550382982547039
-0.00584882843195338
-0.00561070846650344
-0.00472816557693514
-0.0033240752892976
-0.00164943579668186
1.45506724331876e-05
0.00144941699623772
0.00255150666396408
0.00333024308557545
0.00386386440285828
0.00424079113992448
0.00451696706063532
0.00470552603656022
0.00479363949297935
0.00476669766609875
0.00462129380894907
0.00436224614648749
0.00399180810740073
0.00350066944838949
0.0028626469230665
0.0020301703704138
0.000933336352317073
-0.00050568433285737
-0.00233385638970347
-0.00451441379190193
-0.00689108695465618
-0.00920102020756089
-0.0111424508501844
-0.0124697925904199
-0.0130716772129201
-0.0129962496730091
-0.0124144208996858
-0.0115410646878529
-0.0105531439057425
-0.00954335267689935
-0.00852693179254833
-0.00748888936591835
-0.00643771411060113
-0.00543314611513567
-0.00457698982379086
-0.00398061386313018
-0.00373317706267445
-0.0038858604792651
-0.00444986478882656
-0.0053955719887341
-0.00664504119506702
-0.00806411009333
-0.00947016349163664
-0.0106669848086888
-0.0114999327481514
-0.011904856132692
-0.0119187251972694
-0.0116377174845076
-0.0111414828860651
-0.0104283424912966
-0.00940490715276143
-0.00794295988711259
-0.00597495718550258
-0.00357348712585287
-0.000966231301150393
0.00152698750260361
0.00360599173700123
0.00509709329663306
0.00600669811922142
0.00650196103963265
0.00683229822528458
0.00722820413028483
0.00781850087993767
0.0085944365339619
0.00942579030831593
0.0101123004662822
0.0104445964160838
0.0102548657315578
0.0094507525596183
0.00803561088000188
0.00611932911665711
0.00391908728260182
0.0017436618067339
-4.78912281965997e-05
-0.00111866793291855
-0.00124981983633304
-0.000432212163663364
0.00108890676792555
0.0028531260684954
0.0043122686415653
0.00500474388215497
0.00470517965502021
0.00348436561846809
0.00165683292510098
-0.000353807296754629
-0.00216879636880018
-0.00356650467530067
-0.00452071042118021
-0.0051663483437506
-0.00571733079108521
-0.00637128882236093
-0.0072364871709463
-0.0083051953083381
-0.00947431176395535
-0.010588734001715
-0.0114749020716795
-0.0119495901772763
-0.011818547557669
-0.010895334149105
-0.0090574183952134
-0.00632293175335289
-0.00290384841202685
0.000806616993630318
0.00432144188401087
0.00718930442042957
0.00911157752944493
0.0100025703758618
0.00997963931552016
0.009298841263482
0.00826573157918116
0.00715149441830509
0.00613846271639907
0.00530768913197802
0.00466399252371313
0.00417698324346429
0.00381170621206827
0.00353523481021049
0.00330704561141399
0.00307421306857065
0.00278636057581568
0.00242475069042142
0.00202256226583363
0.00165543733327618
0.00140270186483903
0.00130245547012735
0.0013280845660934
0.00139702326874731
0.00140202298596635
0.00124939554133831
0.000897299753339691
0.000392272654452851
-0.000108506569318969
-0.000356769318406762
-9.57604044154011e-05
0.000810339777858315
0.00226152855193714
0.00389587406098045
0.00518748810097946
0.00563468252045276
0.00495217967052616
0.00318053006394116
0.000671982433359128
-0.0020304640945952
-0.00436791459953603
-0.00593311908475742
-0.00657751817853829
-0.0064219732018326
-0.00576554929022657
-0.00492885623119605
-0.0041046415161062
-0.00329168710815553
-0.00234594772931427
-0.00111450414726317
0.000432514161782143
0.00215220279187875
0.00378425072666843
0.00506752675937811
0.00584538364267784
0.00610943269419728
0.00597727124677134
0.00563178294983774
0.0052539282198003
0.00496999744661304
0.00482545130329057
0.00479273742203549
0.00481019037020435
0.0048313524637823
0.00485306819420988
0.0049022740642476
0.00499231978765906
0.00508638164223588
0.00510430564067409
0.00497758536947109
0.00471775222012609
0.00444713267906954
0.00436237037246436
0.00464590067567136
0.00537577245304013
0.00648468605804736
0.00778692155719503
0.00905220541925177
0.0100849410700303
0.0107740625425886
0.0111018888532533
0.0111218322147924
0.0109237184687687
0.0106022869996129
0.0102360987546947
0.009876890139377
0.00954591583307454
0.00923385583136943
0.00890305577320026
0.00849327794020353
0.00793316227779194
0.00715889494095094
0.00613942102098848
0.00490361228127598
0.00355923100546476
0.00228941338636461
0.00131556052138044
0.000829229640691654
0.000914677379847555
0.00149565635755537
0.00233469162635812
0.00309185094017494
0.00342540348102866
0.00310127592885379
0.00207543120368891
0.000520041510515922
-0.00122125373855433
-0.00274103606074149
-0.00370417271630907
-0.00396026936581598
-0.00358594637199056
-0.00283996164006629
-0.00205324559422791
-0.00150311469055361
-0.0013227037151427
-0.00147540923142683
-0.00179454864032159
-0.0020652014763
-0.00211397529609522
-0.00187203924547735
-0.00138656103735601
-0.000776649709434225
-0.000157672250479379
0.000422194473931015
0.000994297922973831
0.00162450368820325
0.00234410245133137
0.00310570325094642
0.00379249896853222
0.00426976944925936
0.0044412340278309
0.00427764984966187
0.00381139937730516
0.00311447789493399
0.00228110154090674
0.00142133034430339
0.000654351784187476
8.6551468794252e-05
-0.000225492118421375
-0.000307032068382095
-0.000267266402395198
-0.000263727576223299
-0.00044671951336
-0.00091390535574894
-0.001694309783081
-0.00275794575898486
-0.0040332541024437
-0.00542032775934815
-0.00680359158027619
-0.00807392413308666
-0.00915914574876397
-0.0100450267966153
-0.0107657571418483
-0.0113604837349099
-0.0118188777237635
-0.0120527793371948
-0.0119205990812643
-0.0113012626314619
-0.0101821105405785
-0.00870924188629544
-0.00716161066632482
-0.00584981237991759
-0.00498650793576676
-0.00459726283800736
-0.00451967370177546
-0.00448694203946494
-0.00424595446812729
-0.00365058934173578
-0.00269795365672165
-0.00151080030078662
-0.000287888514903028
0.000756733949409364
0.00145104666622109
0.00170747388256926
0.00154045412988709
0.00105422624936601
0.000404571939657372
-0.000252760442880723
-0.000808671938978422
-0.00122552558866947
-0.00153337328282132
-0.00180534515393616
-0.00212945342392999
-0.00259128048315166
-0.00326911797849217
-0.00423023122249551
-0.00551393417218796
-0.00709706276563834
-0.0088551431227687
-0.0105472321225715
-0.0118517930477832
-0.012458849895928
-0.0121884786012377
-0.0110804950329211
-0.00940664270919291
-0.00759414924540076
-0.00609335862090807
-0.00524474012562818
-0.00519371586181806
-0.00587654087938917
-0.00707194573990813
-0.00849075070180526
-0.00986478615364817
-0.011001687659617
-0.0117930652788247
-0.0121901913557764
-0.012177331759328
-0.0117671448689339
-0.0110197384461918
-0.0100645512169321
-0.00909877999531988
-0.0083506712956258
-0.00801896312005149
-0.00821443642625016
-0.00892755178937164
-0.0100329900698143
-0.0113285943531133
-0.0125967560079585
-0.0136675466428467
-0.0144563902344728
-0.0149558057740977
-0.0151872763494464
-0.0151505313492628
-0.0148134509410249
-0.0141531683350462
-0.0132124974176756
-0.0121182733966911
-0.0110371373365735
-0.0100941159916539
-0.00930719450466131
-0.00857697156355835
-0.00773154381320314
-0.00659637465077314
-0.00505573992470876
-0.0030891321428674
-0.000783083377049702
0.00167647710470576
0.00403211834939147
0.00600896101624492
0.00739438104119075
0.00812330255997113
0.00832729235016671
0.0083026167873812
0.00838784953982512
0.00880981707010557
0.00959767363700822
0.010604944457211
0.0115726142171363
0.0121752948647192
0.0120942358567877
0.0111484779695324
0.00940049512988581
0.00714400428057026
0.00478792959861754
0.00271580498259294
0.00118188571798508
0.000264798240073503
-0.000126466090667264
-0.000210085817898516
-0.000268352401265079
-0.000574333858631349
-0.00131590230304675
-0.00253043977055887
-0.00407210355118209
-0.00563256635995078
-0.00681922374381298
-0.00726953681245856
-0.00676237578650459
-0.0052876798496764
-0.00305226482779962
-0.000421927408078397
0.00218073326440108
0.00439123566893725
0.00599621112533114
0.006976626666983
0.00748888241554397
0.00779115849422194
0.00813972245940633
0.00868868869530443
0.00942450349559179
0.0101557751409572
0.0105647629476556
0.0103114711992796
0.00916484218068031
0.00712025298338608
0.00445638087008083
0.00169678827540442
-0.000526295724906816
-0.00166749667065987
-0.00145362310901424
1.43580266808742e-05
0.00228612872616219
0.0047048616971784
0.00661015133041344
0.00752298905289494
0.00725242389992915
0.00590409040625568
0.00380884078870072
0.00140880586074686
-0.000861892251173817
-0.00267425181120568
-0.00386202773629552
-0.00443095645823519
-0.00452039733676278
-0.00433157600544348
-0.00404910294920508
-0.00378502252651621
-0.0035624160243562
-0.00333461818008221
-0.00302044992151507
-0.00253579659421403
-0.00181447420459137
-0.000823422039115245
0.000421897501919339
0.00184484967458835
0.00330810886003905
0.00463476429039453
0.00564610694943387
0.00620220856699045
0.00623146589833519
0.00574435797388652
0.00483510646304106
0.00367411793158905
0.00248649302413594
0.00150991420799958
0.000937022247503835
0.000864624384867619
0.00127609136739506
0.00206547861551518
0.00308553284069135
0.00419036025285051
0.00525667760905946
0.0061903791246355
0.00693443511210071
0.00748313108259529
0.00789100440368351
0.00826003255334852
0.00869933665371402
0.00927162358106374
0.00996190581762675
0.0107064698047419
0.0114678446623255
0.0122463566791266
0.0129218660595039
0.0130728733916837
0.0121711510127923
0.0101710573895834
0.00775382404235876
0.00573686012965051
0.00436636780305466
0.00336958905375646
0.00249071715861862
0.00174381990096133
0.00126488481922875
0.00112522713261324
0.00129606862765127
0.00168938692144728
0.00218013087046692
0.0026131445207045
0.00283909626492821
0.0027849876774875
0.00251374137760364
0.00221695426735582
0.00212157522768242
0.00234934316620363
0.00280914951429444
0.00319565131888758
0.00310970629060692
0.00224266813615566
0.000528244582863813
-0.00181218332056731
-0.00434334402023389
-0.00656614543131065
-0.00808097933682135
-0.00871136333138745
-0.00855466885092575
-0.00794466157366409
-0.00733149637644816
-0.00711398986235285
-0.00748692207955349
-0.00837098629451976
-0.00946066442463923
-0.0103673139939701
-0.0107852388775308
-0.0106000962786967
-0.00989730275957021
-0.00888625370797757
-0.00779492139902284
-0.00678769405442732
-0.0059289762605357
-0.00518585746362827
-0.00445368711289532
-0.00359344960979865
-0.00247461282748055
-0.00101660473407125
0.000778456108304816
0.0028070023894456
0.00486376605366248
0.00666696749872744
0.00791454162642178
0.00836492526768965
0.00791777515775416
0.00666078929924418
0.00485940873754318
0.00289119675797078
0.00114892733234115
-5.65035224427237e-05
-0.000567828764590585
-0.000411000923999859
0.000225462063824377
0.00105635158335779
0.00178829538668665
0.00219692403556923
0.00216532397474389
0.00167999438801035
0.000804014755737924
-0.00034770733832766
-0.00162139407538256
-0.0028351111145792
-0.00380163675736075
-0.00436504269549008
-0.00443620053755032
-0.00400958839060379
-0.00315708681948817
-0.00200963618541339
-0.000738784221964087
0.000462380582187865
0.00140873524845608
0.0019648620106907
0.00208209355474942
0.00180670824950502
0.00125204319090494
0.000554699007526825
-0.000154648865811743
-0.000753928033121715
-0.00112354763925526
-0.00115915777078409
-0.000809634120657766
-0.000116069846392649
0.000777511404282082
0.00164622240717222
0.00223029992404799
0.00232468868179042
0.00193973371419863
0.00143919564679372
0.00141466584374572
0.00225057024676082
0.00381708407947674
0.00569640527518252
0.00762836430298662
0.00958391087070655
0.0114905938790657
0.0130776032220194
0.0140085707505439
0.0140914119043449
0.013370848499804
0.0120883797336105
0.0105735801893414
0.00912099908355437
0.00789324280901757
0.00688651267043451
0.00597478710315924
0.00501095847067779
0.00393207009349615
0.00281276672714958
0.0018380316126819
0.0012089523403848
0.00103188404392035
0.00125165395027109
0.00166561672345305
0.00200987377771663
0.002068971480182
0.00175010449004433
0.00108739936011322
0.000184695797271521
-0.000860724389872862
-0.00200624502843249
-0.00326149164400765
-0.00464783239737335
-0.00615298789091753
-0.00771027166122071
-0.00921218515277109
-0.0105482837237161
-0.0116477731585433
-0.0125081947534949
-0.0131978846566458
-0.0138288246917996
-0.0145077534639573
-0.0152841489240152
-0.0161170550916704
-0.0168744134572021
-0.0173635188671815
-0.0173799988933337
-0.0167607314732717
-0.015429419615556
-0.013425840191937
-0.0109102724626475
-0.00813721236472237
-0.00540012726737299
-0.00296046017002006
-0.00098399609476959
0.000491356837475578
0.0015443471396798
0.00232315008599942
0.00298342169072031
0.00363261401062736
0.00429169682271965
0.0048781892422223
0.0052153763750938
0.00507500343851526
0.00425347336128061
0.00266228423567332
0.000394037326787327
-0.00227590279403712
-0.00496590442595347
-0.00731359067246698
-0.00908843239053596
-0.0102325337672081
-0.010812802302127
-0.0109218626080309
-0.0105928689894972
-0.00977622010993157
-0.00838058391727026
-0.00634236621138351
-0.0036812542028583
-0.000520961443919577
0.00291965869934498
0.00635024321268582
0.00944110718246466
0.0118694430022987
0.0133826343666213
0.0138644084553147
0.0133741119853405
0.0121342564537908
0.0104671256396412
0.00870879854002756
0.00713800717649388
0.00594335438838546
0.00522692843239122
0.00502084417253875
0.00528945276426822
0.00591436933529001
0.0067036980400592
0.00747949996789981
0.00821301480194443
0.0090490272965097
0.0101178246793958
0.0113271200268377
0.0124234350539876
0.0132474028564458
0.0138315404528826
0.0142604053289051
0.0145437123829722
0.0146495484626338
0.0145965264288877
0.014483359067533
0.0144524878407659
0.0146390735831367
0.0151324105786942
0.0159491017633704
0.0170183969323119
0.0181906666848978
0.0192763415528486
0.0201041123156131
0.0205711688740604
0.0206612401443226
0.0204278969038212
0.0199628364875751
0.0193720123616046
0.0187649728108333
0.0182432215096858
0.0178716598072826
0.0176350881109745
0.0174032936549697
0.0169352360849668
0.0159384116460527
0.0141707600494854
0.0115459568662768
0.00819538016466764
0.00445706969472237
0.000793317888754699
-0.00233334947374952
-0.00458252476828719
-0.00581597060801011
-0.00611094356131089
-0.00570830959913371
-0.00492364587015783
-0.00406197994024591
-0.00336532980554809
-0.00299503731711848
-0.00303016774329273
-0.00346459751157955
-0.0042035288708803
-0.00507546453985067
-0.00587273652152328
-0.00641374505550693
-0.00659951403078192
-0.00643440189392557
-0.00600039758818671
-0.00540219367473506
-0.00471540438267429
-0.00396344692859206
-0.00312780028906724
-0.00217795759342891
-0.00110234882531811
7.12421182065818e-05
0.00126728475194943
0.0023639883569417
0.00320609180478528
0.00363374505788277
0.00352739962200832
0.00285632977723863
0.00170907765281273
0.000287583558850577
-0.00113786508868497
-0.00229892333061437
-0.00300216815653384
-0.00318299422695133
-0.00292402877613805
-0.00242894901422623
-0.00195416509850478
-0.00171784677358112
-0.00182054432463126
-0.00221128195485431
-0.00271321904732026
-0.0030954801439874
-0.00316019143469289
-0.00281381171298235
-0.00210330497719545
-0.00120989687366824
-0.00040133404661979
4.90818655770873e-05
-4.28649143660251e-05
-0.000696487024597037
-0.00174503534605677
-0.00288768917021686
-0.00379825907474094
-0.00424249327419749
-0.00415106783460441
-0.00362206811959446
-0.00286481416667858
-0.00211906974534255
-0.0015802524794556
-0.00134571001575188
-0.00138831212151996
-0.00156492983509079
-0.0016659739494312
-0.0014975272938808
-0.000966622799589231
-0.000131233957657164
0.00080975179699365
0.00158231286666447
0.00192857785062556
0.00168517284472282
0.000822102868711018
-0.000562475653414292
-0.00227916284517737
-0.00409923005959901
-0.00580912266917435
-0.0072579696815205
-0.00838642473712056
-0.00922473227816703
-0.00985736021088025
-0.0103693886578057
-0.0108029721583013
-0.0111468294641008
-0.0113583610745773
-0.0113947296146688
-0.0112265761808823
-0.0108284172325058
-0.0101638445753199
-0.00918909007792095
-0.00788158970164158
-0.00627766970488032
-0.00449465968897119
-0.00272218373172599
-0.00118490949191002
-9.20747933712597e-05
0.000407847085097684
0.000254307877845478
-0.000520239894121629
-0.00180300470219963
-0.00342311945310176
-0.00517727396998475
-0.00685755106381839
-0.00828321419507138
-0.009335249158989
-0.00998556425207124
-0.0103079869918397
-0.0104604207417772
-0.0106371235748961
-0.0110033907602808
-0.0116354809899486
-0.0124894864802906
-0.0134118845272497
-0.0141877746045121
-0.0146098844880423
-0.0145470175546149
-0.0139924169904712
-0.0130769367954541
-0.0120391466405254
-0.011156827224913
-0.0106599664739444
-0.01065589448623
-0.0110934015942145
-0.0117749564557286
-0.012407013233352
-0.0126709306958733
-0.0123005470223922
-0.0111544073785293
-0.00926446959071203
-0.00683894155126496
-0.00420897373328886
-0.00173510978867341
0.000289918218772788
0.00170680343232844
0.0025082057677538
0.0028151015014949
0.0028245861277938
0.00274339216300601
0.00272333398725134
0.00281878341793278
0.00298298963884448
0.00310435968028577
0.00306430247400227
0.00279014464607974
0.00228548632145496
0.00163575551466888
0.000993807992419818
0.000546631299007391
0.000461659362211684
0.000821045492684854
0.00156914400187059
0.00250465633665991
0.00333329745122233
0.00376646578817329
0.0036249509888966
0.00290067858883682
0.0017485475306172
0.000414525261674209
-0.000864081214992451
-0.00194057161043621
-0.00278975221535405
-0.00347993027218678
-0.00410540316112012
-0.00471712400579888
-0.00528827683009344
-0.00572919652608197
-0.00593607084301415
-0.00584142217326252
-0.00544095280814953
-0.00479113805211984
-0.00398835668350968
-0.00314478772675548
-0.00237059647956049
-0.00176325399809299
-0.00140090029448761
-0.00133988416661161
-0.00162033451261564
-0.00227911113881675
-0.00335857117313329
-0.00489527264000547
-0.006884415435846
-0.00923686468300338
-0.011758223149387
-0.0141713012357521
-0.0161790930712975
-0.0175424252477285
-0.0181399424406605
-0.017989466675398
-0.0172287356660693
-0.0160686462352071
-0.0147380831248232
-0.0134367378061061
-0.0123043645233366
-0.0114062377414458
-0.0107298093813468
-0.0101891286315527
-0.00963936754563479
-0.00890753674632032
-0.00784119681100653
-0.00636497890692088
-0.00452322466514821
-0.00248608568000281
-0.000509195241716917
0.00114294759438432
0.00228340338854667
0.00286759351170873
0.0030122780092404
0.00295964214447333
0.00299498168852195
0.00334216688812726
0.00407124287411921
0.0050527928761394
0.0059803799805896
0.00645740736162445
0.00611831983723151
0.00473999752021844
0.00230529289341439
-0.000997006324572138
-0.00482578646328926
-0.00876856442601289
-0.012421873643217
-0.0154520704094972
-0.0176297490468016
-0.0188412989084442
-0.0190868844188368
-0.0184732114483789
-0.0172022468401585
-0.015549089786155
-0.0138213078659173
-0.0123012922471218
-0.0111868531838546
-0.0105526471386672
-0.0103487873293731
-0.0104355100734569
-0.010635143962836
-0.01077694178481
-0.0107205396277377
-0.0103617891929298
-0.00963577080432583
-0.00852713721388749
-0.00708318746191806
-0.00541512694644403
-0.0036776088837293
-0.00203147586666529
-0.000605883175597764
0.000525895539901483
0.00135402705989932
0.00192844499742184
0.00234704584724735
0.0027311711928222
0.00318319189175586
0.00373377378355989
0.00430441447546583
0.00471626719493771
0.00475696834832026
0.004281024916211
0.00329251086292788
0.00196487536929872
0.000589436765666307
-0.000516414791361602
-0.00109668016626545
-0.00101127624534236
-0.000254414443096613
0.00105297829549118
0.00268875566263922
0.00437086173690159
0.00581140222609034
0.00677359962735292
0.00711743634522986
0.00682281657771779
0.00598633905909081
0.00479371988384639
0.00347360357065267
0.00224279564260309
0.001257623160256
0.000586183813640154
0.00020873481642547
4.24721234170416e-05
-2.07811943101025e-05
-7.7044830022072e-05
-0.000182687597373157
-0.000341354936113659
-0.000504540901036452
-0.000582960418826146
-0.000467405974326221
-5.90354367726457e-05
0.000695051143110571
0.00177383860476565
0.00307951650056694
0.00446858857116012
0.00580611937708649
0.00701536698777405
0.00809470536772205
0.0090912547070785
0.0100451287148683
0.0109355173469616
0.0116604344708001
0.0120651412770574
0.0120086364401831
0.0114365357674139
0.0104228633844478
0.00915647431833148
0.00787536725783238
0.00678039630257897
0.00597130414094051
0.00543412471576578
0.00507937755291869
0.00480504447600265
0.00455076404506003
0.00431955682888807
0.00416171651392093
0.00413306744152436
0.00425000820509573
0.00446279637551738
0.00465748933318084
0.00468324405749147
0.00439403307686019
0.00369407035883627
0.00257790261605346
0.00115347759160838
-0.000366537489206914
-0.00171331567058046
-0.00263934710852157
-0.00299369352377507
-0.00275956465147437
-0.00203692857618469
-0.000982762776886841
0.000256961450319628
0.0015901411267405
0.00298244670237622
0.0044307351418089
0.00592542031786258
0.00742050630738961
0.00882499966889811
0.0100223632226954
0.0109117941531612
0.0114495005795993
0.0116637208957189
0.0116330175653071
0.0114427805279075
0.01114814162496
0.0107623049236844
0.0102683098510568
0.00963858058913221
0.00884926337171245
0.00788840284235023
0.00676516280136076
0.00552451896636566
0.00426160800023563
0.00312170211579257
0.00227419687797663
0.00186376813648434
0.00196019603830949
0.00253473319120417
0.00347621277829524
0.00463345390488153
0.00585409912333872
0.00699853186711939
0.00793308793581724
0.00852577040670523
0.00866319867543777
0.00828503466661419
0.00741288000910349
0.00615062684867148
0.00465029622582188
0.00305745215941833
0.00146144506015205
-0.000125708100256137
-0.00175046651805099
-0.00346667315565035
-0.00527741727624539
-0.00710015261625327
-0.00877276398110344
-0.0100953133251411
-0.0108851303716648
-0.0110224015409011
-0.0104748433632716
-0.00930034152149692
-0.00762902711148696
-0.00562642060785072
-0.00344500692259067
-0.00118212426276735
0.00113323933301676
0.00351301329960169
0.00595371450829976
0.00838290116547439
0.0106407554866439
0.0125096704686176
0.0137793807595704
0.0143196422177557
0.0141317270980806
0.0133594504039142
0.0122543030770758
0.0111042005517346
0.0101480931564694
0.00950518809162113
0.00914496709156235
0.00891154604776643
0.00859478877877334
0.00801881365755041
0.00710992005701338
0.0059188487213816
0.00459783530073429
0.00335127303097004
0.00237976336060982
0.0018297535567672
0.00175809629785845
0.00212210725431199
0.00280011389685263
0.00363271824898995
0.00446351342048565
0.00516232061112778
0.00563121500403958
0.00580765844242878
0.00567647767362564
0.00528500462734273
0.00474026486117483
0.00417191808194636
0.00367099253493912
0.00324072429741459
0.00279527621191321
0.00221036031891105
0.00139267684214773
0.00032543261405731
-0.000927798080716406
-0.00224500693012936
-0.00346764836813732
-0.00441541209744476
-0.00490905833397807
-0.00481583765820775
-0.00410786657417431
-0.00289990572978518
-0.00143352054424194
-2.95068693348079e-06
0.00114586393625669
0.00189431345769249
0.00227223217351002
0.00241735391053045
0.00249998425497549
0.00265272172706009
0.00293576989014779
0.00334388130664822
0.00383687827922244
0.00436733478943169
0.00488995450000177
0.00535608807192062
0.0057072960174144
0.00587706849415973
0.00579824366059634
0.00540953350213534
0.00466199146078336
0.00353434424151777
0.0020611393172083
0.000359798622757971
-0.00137091738536995
-0.00289946660711174
-0.00404458880388302
-0.00475053843407392
-0.00510910523103826
-0.0053119810883821
-0.00555822380859268
-0.00596662324974505
-0.00653607582575768
-0.00716562224042822
-0.00771200795515808
-0.00804768467389139
-0.00809244978258375
-0.00781599037755109
-0.00722650586275625
-0.00636026221073423
-0.00527431346808014
-0.00403619792904358
-0.0027090784819357
-0.00134098808245061
3.156644892184e-05
0.00136643851735274
0.00259893968752531
0.00364042290005489
0.00439543961524078
0.00478672198319625
0.00477464767968029
0.00436683113542964
0.00362200064782227
0.00265005809249417
0.00160092276706729
0.000632797988200431
-0.000135784009125896
-0.000666468550309914
-0.0010063642784707
-0.00125048440371986
-0.00148323874771836
-0.00173470725517821
-0.0019749194205788
-0.00214271578732294
-0.002186080454276
-0.00208950139606024
-0.0018769106357295
-0.00159420586345754
-0.00128395277394207
-0.00096490544327979
-0.000624313014941596
-0.000225544794758067
0.00027164878313604
0.000886233954089669
0.00159841787501663
0.00235112388818811
0.00307423185938412
0.0037226347128655
0.00430861792784636
0.00490815005629442
0.00563103018598401
0.00656188829799695
0.00769568318074756
0.00890016847909244
0.0099318721893577
0.0105094545797447
0.0104178768842576
0.00959674973777109
0.00817115584940012
0.00641180883968894
0.00464620911070281
0.00316260059839178
0.00214441337991678
0.00165139893551631
0.0016404518928347
0.00200587295140767
0.0026176394929126
0.00334338498565704
0.00405127157616319
0.00460311629556708
0.00485448555562407
0.00467495397046244
0.00398662694458526
0.00280136756645265
0.00123150653773333
-0.000537127127593848
-0.00229612450594364
-0.00386022840931751
-0.00508614101562735
-0.00586570360692631
-0.00611270893637452
-0.00576183305591221
-0.00478365551991823
-0.00320650069817916
-0.00113264455056594
0.00125960931910414
0.0037320787863288
0.00602195471301933
0.00789179476621706
0.0091818158638183
0.00984637965380555
0.00995950196430419
0.00968563963257759
0.00922564805214645
0.00875720193144503
0.00839067187109116
0.00815398969986507
0.0080052321088226
0.00785802656338935
0.00760360783057097
0.00712584241308432
0.00631862814988784
0.00511406058097807
0.00351512661478755
0.00161405764013479
-0.000419000244816853
-0.00237462257859356
-0.00405176061153568
-0.00529554284175211
-0.00601828130489902
-0.00620643585619596
-0.00591509901632242
-0.00524664680886628
-0.00431411223028163
-0.00320331955361249
-0.00195684088899213
-0.000593454697279176
0.000848195842151919
0.00227345243251143
0.00353112832746238
0.00445076696830135
0.00489406293176191
0.00479254163015273
0.00415954073137651
0.00308158440130495
0.00169837451687221
0.000176056270686014
-0.00132270330402424
-0.00266324356952574
-0.00374725935054021
-0.00450237411187565
-0.00486448094449568
-0.00477195754911127
-0.00418376772425933
-0.0031158630634841
-0.0016747892358845
-6.43048124692186e-05
0.00144866672049576
0.00260410785221362
0.00323172316817419
0.00331175877849773
0.00298197650040867
0.00247933019396677
0.00203648200710639
0.00177982018567912
0.00167904492807339
0.00157242437823461
0.00125062025841764
0.000552686690966394
-0.000570594666638099
-0.00204391980998031
-0.00369457733231447
-0.00529839363179416
-0.00663040724430647
-0.00751513279953389
-0.0078703272660351
-0.00773051568605659
-0.0072351233400744
-0.00657878163265429
-0.00594201579531914
-0.0054336279169525
-0.00507050748526978
-0.00479944177741414
-0.00454374644086353
-0.00424931714806669
-0.00391187135866232
-0.00358015532101551
-0.00333913209855772
-0.00328134489633404
-0.00347721800479925
-0.00395595788506665
-0.00470412969369479
-0.00567878074439309
-0.00682310294143735
-0.00807294914386437
-0.00935248664686192
-0.0105685378826673
-0.0116157342674446
-0.0123960830073943
-0.0128445823411108
-0.0129475638347831
-0.0127456918172416
-0.0123226542314819
-0.0117853183033573
-0.0112403392859323
-0.0107713851358565
-0.0104233117450933
-0.0102003196624658
-0.0100791554983036
-0.0100291875382257
-0.010028409026105
-0.0100716249635381
-0.0101752601046675
-0.010381384402846
-0.0107540494773212
-0.0113581154302824
-0.0122220390273664
-0.0133016956460566
-0.0144663543312949
-0.015516599282614
-0.016227733812545
-0.016402992185369
-0.0159216001426855
-0.0147718058193276
-0.0130621349944941
-0.0110048970657016
-0.00886986437101155
-0.00691714724003694
-0.00533176912823389
-0.00418671114548019
-0.0034495206091806
-0.00302641210325849
-0.0028212138993095
-0.00278319717357661
-0.00292570499505937
-0.00331010090543287
-0.00400301499757009
-0.00502685326142972
-0.00632902438497674
-0.00778839586980443
-0.00925868365538252
-0.010628120346701
-0.0118658812129305
-0.0130332032758855
-0.0142543828274352
-0.0156592109768128
-0.0173177915977251
-0.0191912725870339
-0.0211195495153883
-0.0228581782621914
-0.0241588790996069
-0.0248642830282321
-0.0249713478788746
-0.0246258215826904
-0.0240459120563134
-0.0234170444138499
-0.0228186580842116
-0.0222212045760837
-0.0215433347818797
-0.0207228725455741
-0.0197556031529919
-0.0186866012170884
-0.0175722085931224
-0.0164439134987569
-0.0152954725280997
-0.0140950211488521
-0.0128099104372889
-0.0114299442400411
-0.00998098854820269
-0.00852786966001414
-0.00716771984974414
-0.00601304382701373
-0.00516322170915281
-0.00466855400914617
-0.00450014271652575
-0.00454345469336697
-0.00462625171433278
-0.00457453380112738
-0.00427373857817709
-0.00370777127868846
-0.00295877571830291
-0.00216954143355323
-0.00148708621913702
-0.00101175696781108
-0.000769994855667092
-0.000716614487390547
-0.000761488124218643
-0.000809060032128406
-0.000796048855614029
-0.000712560063913235
-0.000596982389355765
-0.000506679481573453
-0.000479872166225867
-0.000510044960535628
-0.000546726896480048
-0.000519462649294126
-0.000367487635019711
-5.71410080951256e-05
0.00041782107764386
0.00104338320942127
0.00178770793448488
0.00259737260644251
0.00339816474952636
0.00411170891317705
0.00468592719859804
0.00512171972408023
0.00547547409402767
0.00583204715414408
0.00626455163190207
0.006807332593381
0.00745812997887367
0.00820327879866999
0.00904361796726737
0.00999972392341083
0.0110902945614833
0.0122955085403318
0.0135277856486403
0.0146312603440065
0.0154189246515071
0.0157371804374095
0.0155301865043288
0.0148712501319135
0.0139411270113769
0.0129591824959357
0.0120996345565592
0.0114358423166426
0.01094211621598
0.0105500459887563
0.0102234016298893
0.0100040022923639
0.0100000975707777
0.0103265387809781
0.0110358088135739
0.0120808710635896
0.0133268924630069
0.0145993671692377
0.0157409631756286
0.0166531349457626
0.0173113620886092
0.0177537982410018
0.0180496941352758
0.0182592827211772
0.018401204846847
0.0184424938454932
0.0183162741874551
0.0179579737809317
0.0173421305086906
0.0165046455411967
0.0155448188877561
0.0146088447215158
0.0138595426315674
0.0134403313255081
0.0134456302358984
0.0139088061750482
0.0148085238565016
0.0160817182620759
0.0176287473956322
0.0193080438096873
0.0209339360120583
0.0222962595251801
0.0232069221213014
0.0235563498101161
0.0233501467480421
0.0227044508791545
0.0218016577742045
0.0208291497604599
0.0199281384676683
0.0191676270081174
0.0185424475038923
0.017987025489753
0.0173989226174635
0.0166690437716945
0.0157125083922788
0.0144907356570198
0.0130193536325684
0.0113658680667847
0.00964457253893925
0.00800917606426649
0.00663526200551714
0.00568720905690102
0.00527728463741613
0.00543510527384988
0.00610236779939937
0.00715321037025135
0.00842738977893851
0.00976149329419267
0.0110114534224109
0.0120685684679865
0.0128732415464624
0.013425476200206
0.0137849906728392
0.0140532713126819
0.0143367217811847
0.0147005538070914
0.0151313208509662
0.0155270732761657
0.0157257520682385
0.0155667513909877
0.0149642078055245
0.0139615424852297
0.0127404914960163
0.011574589326873
0.0107408465014986
0.0104234025113269
0.0106488541471321
0.0112805962404181
0.0120736524210371
0.0127644755213767
0.0131562020626501
0.0131662881386797
0.0128257153362812
0.0122429252898486
0.0115570833731007
0.0109000394670727
0.0103730634798574
0.01003539712544
0.00990075101281435
0.00993961433014988
0.0100851375501759
0.0102408604734763
0.0102925981243459
0.0101300746797604
0.00967937485986357
0.00893618695440335
0.00798252617160315
0.00697402279970184
0.00609793177571085
0.00551488827326978
0.00530434453385022
0.00543352886420058
0.0057630783107179
0.00609045096039217
0.006218551895978
0.00602720246718832
0.00552281463655681
0.00484674867667226
0.00423378634656404
0.00392866353512952
0.0040886642446514
0.0047146678488271
0.00564792449600321
0.00663987440735572
0.00746160232664289
0.00799528007214638
0.00826106668964201
0.0083726778408158
0.00845542978745676
0.00857578964610266
0.0087160997265011
0.00879765939147028
0.00873020070630038
0.00845761687567215
0.00797854306649882
0.00733793600913767
0.00660109264783644
0.00582678007049454
0.00505116797074303
0.00428502498906575
0.00351987315014406
0.00273780082414455
0.00192261087659797
0.00107143085945055
0.000202681991887831
-0.000647075763441659
-0.00144062930439056
-0.00216321475631926
-0.00283368825123014
-0.00349117403130361
-0.00416195822640785
-0.0048278175872614
-0.00541877193451692
-0.00583788535142617
-0.00600376176219846
-0.00588368340786703
-0.00549674504937228
-0.00488766093686025
-0.00409210091860655
-0.0031183196957353
-0.00195611882228403
-0.00060495638507535
0.000898232554594824
0.00246930544423299
0.00399197454777371
0.00535075529606109
0.00646583961734278
0.00731366356548325
0.00792427689308563
0.00835655074167402
0.00866067834994266
0.00884284516542689
0.00884797726031704
0.00857092595984222
0.00789466564343175
0.00674141479099567
0.00511603475261894
0.00312359781132362
0.000952561674488255
-0.00117230895601767
-0.00305116766555397
-0.00456165371788951
-0.00568243527368544
-0.00647910461211061
-0.00706032380863463
-0.00752585218151757
-0.00793138170194273
-0.00828483701560295
-0.00857040788750391
-0.00878174229831113
-0.00894335362429777
-0.00910892437069275
-0.00933929243370171
-0.00967355272630729
-0.0101091559687449
-0.0106003585423111
-0.011073196201194
-0.0114473153349869
-0.0116553211884907
-0.0116554470136488
-0.0114366056563791
-0.0110147563668363
-0.0104202451984341
-0.00968023554767197
-0.00880555686057796
-0.00779150175074675
-0.00663507154238432
-0.00536100971895488
-0.00404266402101986
-0.00280523377682787
-0.0018067686034505
-0.00120179876811933
-0.00109958192405049
-0.00153143764802286
-0.00243885407278377
-0.00368680308075389
-0.00509771630795637
-0.00649458210069024
-0.00773907639593676
-0.00875289688139464
-0.00951692670913908
-0.0100519389686115
-0.0103924006359494
-0.0105666945068824
-0.0105912853989604
-0.0104771073426987
-0.0102399798456309
-0.0099062376562923
-0.00950876021674467
-0.00907479472149323
-0.00861318202678383
-0.00811126740368899
-0.00754710383601817
-0.0069115824627449
-0.00622574040223919
-0.00553957462669942
-0.00491125710123353
-0.0043801778097995
-0.003951378144063
-0.00359931734819509
-0.00328457742799746
-0.00297016927351663
-0.00262828672556736
-0.00223760563125223
-0.00177747265406659
-0.0012255272796251
-0.000561665045782145
0.000222934617463926
0.00111603717730528
0.00207883410935606
0.00304660888923821
0.00393250538065878
0.00463060148185487
0.00502174287899869
0.00499372102779984
0.00448303251786895
0.00352523767884756
0.00228063349128337
0.00100442873520335
-3.80402629192926e-05
-0.00067136773419694
-0.000870908029297696
-0.000753517110238745
-0.000511356960473187
-0.000331645251092923
-0.000341028614940455
-0.000586419509414257
-0.00104162809455675
-0.00162569608464157
-0.00222727947652742
-0.00273492189022358
-0.00307018647405809
-0.0032146922587244
-0.00321981493532906
-0.00319149451767995
-0.0032514690959976
-0.00348778078987684
-0.00391608968053432
-0.00447202360676308
-0.00504069097686338
-0.00550917385722207
-0.00581432071856602
-0.00596105526681045
-0.00600394392558673
-0.00600534127865546
-0.00599475513750771
-0.00595113223152512
-0.00581590027059107
-0.00552746153570205
-0.00505577094033889
-0.00441579427056578
-0.00365324312334586
-0.0028172081770641
-0.00194580264621187
-0.00108036118021061
-0.000296828065435554
0.000277550923656936
0.000488010644970637
0.000212371917384597
-0.000575429473475709
-0.00177531304155462
-0.00318041379938622
-0.00453520896746599
-0.00560753609259739
-0.0062497266775293
-0.00643082252551044
-0.00623039543027339
-0.00579612422108715
-0.00528202879500298
-0.00479476572557803
-0.0043719315841148
-0.00399830058609634
-0.00364504712697849
-0.0033070831767241
-0.00301890272190398
-0.00284341379181615
-0.00284192301428807
-0.00304111331864744
-0.00341307835320296
-0.00387778830250346
-0.00432606442190451
-0.00465061557622919
-0.0047696734737093
-0.00463466506212071
-0.00422501804486885
-0.00354108580251541
-0.00260534512506318
-0.00147330623502805
-0.000244102250806529
0.000945248684507323
0.00195057338960655
0.00266553589320103
0.00305366416024312
0.00314442978839513
0.00299642197233826
0.00265677708729961
0.00214741508830156
0.00148352653141882
0.000702023103146736
-0.000128011586324547
-0.000922732843950347
-0.00161568733220029
-0.00218200875400523
-0.00263902349786758
-0.00302323492439893
-0.00335844145075148
-0.00363649135849823
-0.00382548372104855
-0.00390095574066187
-0.0038758319745044
-0.00380188137777894
-0.00373569458477915
-0.00369233453520257
-0.00362528100161597
-0.00345657788137786
-0.00314384196362741
-0.00273818789999786
-0.00238625487925384
-0.00226511556600409
-0.00248637903870427
-0.00302904002254374
-0.00374164256776576
-0.00440899258707661
-0.00484206681962372
-0.00494551448294369
-0.00473999712702111
-0.00434283271979239
-0.00392231076420292
-0.00364059432651539
-0.00359984430171413
-0.00381008053429846
-0.00419527381082454
-0.00463702728800538
-0.00503076148018458
-0.00531844127507003
-0.00547776313527903
-0.00548107515012786
-0.0052624363152123
-0.00472680852356254
-0.00380268696839475
-0.00250331159458081
-0.000951348822110971
0.000653207354571428
0.0021021164124882
0.00324240275621479
0.00400270975844283
0.00438206425599613
0.00442350310101061
0.00419403255684083
0.00377591243581103
0.00326085683488647
0.00273815246989391
0.00227575607153937
0.00190053717291274
0.00158497468031151
0.0012452602268817
0.000754341275619584
-2.77642917627771e-05
-0.00120989272988406
-0.00282597739664935
-0.00481216034094541
-0.00701838509125023
-0.00924962096812185
-0.0113155080661573
-0.0130660267894294
-0.014404619493849
-0.0152857563746278
-0.0157080272088601
-0.0157059691699142
-0.015335617798588
-0.0146511466499279
-0.0136815110382783
-0.0124240256508983
-0.0108654680160011
-0.00902344436239334
-0.00698536930381545
-0.00492091675410333
-0.00305606201177187
-0.00161511539924511
-0.000753762324104186
-0.00051437940710203
-0.000827815164997456
-0.00156187262427298
-0.00258775280052651
-0.00382308164263756
-0.00522701763120793
-0.00675896211798097
-0.00833903047361136
-0.00984389963075677
-0.0111415191296541
-0.0121392746370505
-0.0128142723964566
-0.0132106533398749
-0.0134106421550292
-0.0134987027137468
-0.0135378661797521
-0.0135678862384248
-0.0136218451655972
-0.0137462046127938
-0.0140046650914017
-0.0144536983757931
-0.0150964913976079
-0.01584151845164
-0.0164965027552256
-0.016811225105258
-0.0165541008633108
-0.0155888034958841
-0.0139211835806655
-0.0117057879067303
-0.00921714043081366
-0.00679500231150684
-0.00477243754132027
-0.00339977282478367
-0.00278391486109789
-0.0028618519431516
-0.003417169809108
-0.00413555158081318
-0.00468562605844959
-0.00480580959784832
-0.00437527726758296
-0.00344951536387839
-0.00224922071692979
-0.00110327691252101
-0.000358130511776953
-0.000275008024831508
-0.000942968815911209
-0.00223796928511489
-0.00385025108584874
-0.00538012599604735
-0.0064717730160187
-0.00693336506495787
-0.00679525466984505
-0.0062854846368569
-0.00573703477541034
-0.0054653018723652
-0.00565925381676351
-0.00631946285762002
-0.00725919545029685
-0.00816624337784524
-0.00870529578263562
-0.00862718121547196
-0.00784874194278646
-0.00647832810696074
-0.00478140496831115
-0.00309907904054729
-0.00174439622053602
-0.000907817770886217
-0.00060431789164015
-0.000684977094266131
-0.000912014813466683
-0.00106587617259307
-0.00103499387281681
-0.000847611973896846
-0.000636813717752201
-0.0005644159675485
-0.000745415974915761
-0.00120546444346865
-0.00188031870668934
-0.00264593596914958
-0.00336089493486133
-0.00390730582904966
-0.00422385338526999
-0.00432769387522103
-0.00431924746825217
-0.00436135619704774
-0.00462972183606186
-0.00524558551365652
-0.00621484245161824
-0.00740090295098018
-0.0085503542740045
-0.00937031985230749
-0.0096269934015216
-0.00921940606320859
-0.00820289445919902
-0.00677093523630829
-0.00521395242869491
-0.00386168119179742
-0.00301003204820732
-0.00284409966990988
-0.00338328615992233
-0.00447607506064855
-0.00585420113068655
-0.0072268999654175
-0.00837373989817127
-0.00919502619427912
-0.00970335982871747
-0.00997305653906866
-0.0100836308581166
-0.0100878091778451
-0.0100114921182113
-0.009871966823679
-0.00969493000680412
-0.00951916173348627
-0.00938891340232258
-0.00933909825307424
-0.00937752064923783
-0.00946860565383477
-0.00952738349029304
-0.00943416726205004
-0.00907148031558733
-0.0083687185865964
-0.00733069290209749
-0.00603377383154943
-0.00459349278347227
-0.00312484673186567
-0.00171796294380034
-0.00043655782834897
0.000672793020382797
0.00158016646160885
0.00228924142456097
0.00285980782676352
0.00341185722557864
0.00409512230083893
0.00503043869779334
0.00624971985358025
0.00766582630650911
0.00909011837305981
0.01029228506591
0.0110767818657421
0.0113435365408379
0.0111102543268308
0.0104927745917959
0.00965727295123692
0.0087659210512977
0.0079351147818255
0.00721682322070533
0.00660420766563719
0.00605536980959174
0.00552453114165917
0.00498867041550221
0.00446072985639675
0.00398714530935097
0.0036337714601962
0.0034664213933316
0.00353046268133299
0.00383213931094958
0.00432568831362226
0.00491373631538538
0.00546877467244786
0.00587567823273208
0.00608033371436426
0.0061177926245839
0.00609796550950625
0.00614983718565614
0.00635199924223085
0.0066881670197129
0.00705325296602492
0.00730734718075366
0.00734860845312622
0.00716595896606852
0.00684422569092006
0.00652189038210293
0.00632830552204591
0.00633560885201352
0.006545960405591
0.00690987931243944
0.00735552930759433
0.00781090196658975
0.00821400164402433
0.00851641971031732
0.00868614355472621
0.00871055140232531
0.00859804286172705
0.00837791126279843
0.00809803325318696
0.00781687954131489
0.00758670489174427
0.00743490261135484
0.00735987997702204
0.0073446933836692
0.00736664121204435
0.00738830248111851
0.00734986357535093
0.00718439256335393
0.00684607293230593
0.00633149197103489
0.00568920623438277
0.00501758569700682
0.0044454503602269
0.00409463801319951
0.00403751106210043
0.00426965408575288
0.00471077713887946
0.0052313831344864
0.00569085610563058
0.00597121889936184
0.0059975701983278
0.00574330551453912
0.00522109887949048
0.00446226309563937
0.00349201281447348
0.00231407768608724
0.000917345211556759
-0.000694263441224374
-0.00246446916756853
-0.00426668536003703
-0.00592700486113422
-0.00728669086384338
-0.00827411588628691
-0.0089425308826819
-0.00944535807190234
-0.00995792692698267
-0.010588436399878
-0.0113270049473748
-0.0120562157270738
-0.0126093902270183
-0.0128403877921813
-0.0126724142741383
-0.0121128350558715
-0.0112382536020388
-0.0101613253682833
-0.00899246030856954
-0.00781030927841861
-0.00665226738539582
-0.00552686682812375
-0.00443718639527506
-0.00339675658454924
-0.00242381712841142
-0.00151559401239946
-0.000621518908842739
0.000360372950426523
0.00155162742130744
0.00303532851784139
0.0047978442155358
0.00669935859525161
0.00849121026350088
0.00987935608880329
0.0106146652675373
0.0105785598036711
0.00983125526923257
0.00860183956799737
0.00722167486585111
0.00602506204434361
0.00525231020081352
0.00498630195490765
0.00513948512316602
0.0054918923089711
0.00576715224202246
0.00572391198208262
0.00523521959608989
0.00432985074486748
0.00317964526509147
0.00203604636420825
0.0011416650669813
0.000656351713366713
0.000629836058831724
0.00102547438617776
0.00177023844042963
0.00279623879838733
0.00405331833861729
0.0054951726524117
0.00705524565932376
0.00862900197423488
0.0100728026984367
0.0112224630638583
0.0119275539551962
0.0120910167842749
0.0117006514772362
0.0108418146694774
0.0096871864093345
0.00846547441011869
0.00741487094519483
0.00673048989228775
0.00651844502673623
0.00677028208557242
0.00736738789587553
0.00811598776574549
0.00880293213636562
0.00925504517592481
0.0093831676001124
0.0091969646829626
0.00878703969768938
0.00828313263783324
0.00780529323966254
0.00742507627010034
0.00714768632033473
0.0069183205689017
0.00664956696237842
0.00626153250964189
0.00572187628764404
0.00507012981846385
0.00441264348858619
0.00388458760465222
0.0035923711564689
0.00356393714820817
0.00373331807036336
0.00396724559825617
0.00411803070387565
0.00407529285183732
0.0037957334268724
0.00330657516128253
0.0026906010535034
0.00206209530043055
0.00153811430051401
0.00120760139076196
0.00110492688715908
0.00119845482627604
0.00140114404723325
0.00159909390777514
0.00168407969568821
0.00157616026920934
0.00123167716867205
0.000641304091235681
-0.000174850204604036
-0.00117115198672181
-0.00227835628298538
-0.00340365294793767
-0.00443069857152605
-0.00522430689986562
-0.00564500507015132
-0.00557417238199722
-0.00494306586049749
-0.00375416547142503
-0.00208503156802258
-7.28870582278283e-05
0.00211233103537804
0.00429410567743182
0.0063061574615456
0.00800054705979926
0.00925401880260017
0.0099778717170393
0.0101299238543625
0.00972313153262314
0.00882776809458567
0.00756835605549503
0.00611630307219199
0.00467456998332446
0.00344894145663752
0.00260684729574415
0.00223508007843593
0.00231278876119784
0.00271171244797997
0.00322615171625027
0.00362628423136266
0.00372115481169363
0.00341204349588386
0.00271689513069327
0.00175645474026607
0.000710075921283148
-0.000236392560674227
-0.00092701161411963
-0.00124659390284916
-0.00111528805515332
-0.000485731976454298
0.000646559314786645
0.00222707247181879
0.00413827006232776
0.00621745424814388
0.00828823894861025
0.0101877848193678
0.0117797643441774
0.0129586803602799
0.0136579248560222
0.0138654695466638
0.0136369688483927
0.0130913466585458
0.0123838927032723
0.0116674896877772
0.0110599621003831
0.0106289798713496
0.0103923840378639
0.0103238557733372
0.0103582190678849
0.010401537059128
0.0103551413433582
0.0101525055853195
0.00979164801948132
0.00934068659839379
0.00890857164764448
0.0085963258248716
0.00845636742620564
0.00847855342000892
0.00860059250346071
0.008726572594918
0.00874132960617422
0.00852334047544825
0.00796786508839645
0.00702457090504337
0.00573521600830277
0.00424432340353728
0.00276383730613923
0.00149993506323843
0.000577181353845302
-8.35639988338052e-08
-0.000331650698732831
-0.000564789016793303
-0.000828440419648287
-0.00118538354665626
-0.00161501754051267
-0.00202759116275339
-0.00230321793868078
-0.00234180196556538
-0.00210413684161061
-0.00162640637501282
-0.00100294576439757
-0.00034898873886184
0.000235247115102067
0.000682270828513691
0.000954474413323599
0.00103115924714029
0.000898353771563305
0.000548530336911986
-9.38385753817082e-06
-0.000734061680081932
-0.00153925130116273
-0.00229808582004691
-0.00287388141518438
-0.00317210370591343
-0.00319006713191307
-0.00303430767275337
-0.00288865124502506
-0.00294268042152777
-0.00331395765091358
-0.00400263884686513
-0.00490046885589521
-0.00584783167214477
-0.00670922975028383
-0.00743125088072542
-0.00805807208348485
-0.00869928437434106
-0.0094643092041349
-0.0103915775927376
-0.0114047391856482
-0.0123187306511456
-0.0128973172377095
-0.0129404150073907
-0.0123656735137522
-0.0112501142651789
-0.00981287027699856
-0.00834438000310087
-0.00711225764293372
-0.00628651947043668
-0.00591612030912201
-0.00595806957955284
-0.00632941402377616
-0.00694328701278518
-0.00770921374927883
-0.00850947971167479
-0.00918300827147566
-0.00954181076241932
-0.0094196666549481
-0.00872922728739248
-0.00749922660130898
-0.00587764667373653
-0.00410436410801946
-0.00246388562689162
-0.00122600365150334
-0.000581562215778179
-0.000588441240514272
-0.00115080017927632
-0.00204841576325757
-0.00300984847324617
-0.00379800098845209
-0.00427004359579925
-0.00439243493880444
-0.00422050702496997
-0.00386702794052998
-0.00347592412184649
-0.0031988672327427
-0.00316404455863189
-0.00343538218318963
-0.00397622156901445
-0.00463825963946844
-0.0051879463430273
-0.00536499703652829
-0.00495396183963436
-0.00384775807493237
-0.00208831917175413
0.000124962236369781
0.00246612944913053
0.0045544235030543
0.00605367220889042
0.0067677681793456
0.00669349338638981
0.006006367969592
0.0049862487994663
0.00391781631189254
0.00300818085611899
0.00234759665506791
0.00191515019313365
0.00161583760744994
0.00133152415663764
0.000968894355325946
0.00048954864284192
-8.58286051594562e-05
-0.000695976306688383
-0.00126846392029667
-0.00174802845803159
-0.00211651517931686
-0.00240000319582865
-0.00265977783723115
-0.00296827321218108
-0.00337983699921337
-0.00391207903938581
-0.00454902841186745
-0.00526318116742906
-0.00603968048057266
-0.00688335204647632
-0.00780107420146782
-0.0087701535138216
-0.00971500632279274
-0.0105107153067634
-0.0110150380379803
-0.0111126572954388
-0.0107503783490152
-0.00995189064580352
-0.00881427770799069
-0.00749291864065114
-0.00617641038403641
-0.00504976328064866
-0.00425067941448326
-0.00383492651561614
-0.00376886778108651
-0.00395343840788245
-0.00426384685959179
-0.0045804307194511
-0.00479635145126575
-0.00480838812285187
-0.0045114626024453
-0.0038148413595923
-0.00267951312913441
-0.0011546268899733
0.000616782063404168
0.00243712115147712
0.00412350843839841
0.00557053141715653
0.00677323950387188
0.00780154164015729
0.00874430443513406
0.00965356574865181
0.0105121665088182
0.0112317960285815
0.0116768105704451
0.0117068065522625
0.0112305158716186
0.0102576569377442
0.00892773746385514
0.00749650333311405
0.00627607699932561
0.00554592861805761
0.00546650017569202
0.00602847071175004
0.00705806664577963
0.00827706761975922
0.00939387440141633
0.0101897507964058
0.010568741662497
0.0105584603283513
0.0102715167683231
0.00985164775123167
0.0094282834409004
0.00909162508066544
0.00888693410675195
0.00881993283984751
0.00886645050801349
0.00898392703242859
0.009124392120057
0.00924680491207369
0.00932496755072008
0.00934940313058149
0.00932597730627338
0.00927482495417738
0.00922796829602942
0.00921873744812856
0.00925924974458483
0.00931438582488961
0.0092914433513899
0.00906132381689735
0.00850790174620692
0.00758048395990862
0.006318449033415
0.00483394836723607
0.00326536140715757
0.00173002529398449
0.000299224452102894
-0.00100038366589658
-0.00217023608595678
-0.00322234270326154
-0.00416838034435921
-0.00501604650918263
-0.005770211171192
-0.00643531310085944
-0.00701440288923955
-0.00750110723945432
-0.00786597937930225
-0.00804591437174082
-0.00794830112430709
-0.00747641392049813
-0.0065715084268358
-0.00525645146756955
-0.0036613008830127
-0.00201570518384595
-0.00060465412939656
0.000302071369518455
0.000525539707265132
3.24222302239354e-05
-0.00105314593424461
-0.00248801676427919
-0.00398490316350126
-0.00529327747237569
-0.00625537183470846
-0.00682227221445999
-0.00703617477506768
-0.00699744726356214
-0.00683354399849979
-0.00667609434293078
-0.00664248576232079
-0.00681583787671931
-0.00722293991722644
-0.00781876169098331
-0.00849081577472225
-0.00909053694540268
-0.00948344762400822
-0.00959618619939332
-0.00943793552857877
-0.00908712173055757
-0.00865152304309774
-0.00822083962214336
-0.00783199654914696
-0.00746094629478838
-0.0070435032760874
-0.00651513865564877
-0.00585059494056771
-0.00508396068921881
-0.0043002140689796
-0.00360502058595918
-0.00309046823073286
-0.00281290914712457
-0.00278777689098707
-0.00299582128172745
-0.00339341591570603
-0.0039241389217917
-0.00453212597609616
-0.00517625792218425
-0.00584091820562745
-0.00653786855910873
-0.00729580795422675
-0.00813836642620017
-0.00905660213747612
-0.00998698185528752
-0.0108073040257087
-0.0113584917414174
-0.0114904600484268
-0.0111191933591287
-0.0102739393168641
-0.0091118390242905
-0.00788604701173235
-0.00687270619737635
-0.00628409205235742
-0.0062056847935744
-0.00658431453500207
-0.00726777171145471
-0.00807079832267981
-0.00883470164940551
-0.00946050465632156
-0.00991581045753662
-0.0102269881441647
-0.010465205493057
-0.0107261040395411
-0.0111011039741121
-0.0116456681216025
-0.012356768752072
-0.0131692178887451
-0.0139704791619994
-0.0146257936019493
-0.0150056952596221
-0.0150127716084391
-0.0146066330110139
-0.0138227168625662
-0.0127755680211302
-0.0116371215100751
-0.0105890981402436
-0.00976317371966949
-0.00919379762391743
-0.00880664967017334
-0.00844952942539171
-0.0079520062932337
-0.00718843083326833
-0.0061209984457225
-0.00481070405555681
-0.0033963784015807
-0.00205058952147053
-0.000925114717033283
-9.99882893310537e-05
0.000448957928928086
0.000850097010134249
0.00129716344050466
0.00198067460640873
0.00301494900217123
0.00439153457055276
0.00597889398522885
0.0075664646381122
0.00893164762348973
0.00990135781493989
0.0103870639862287
0.0103873317767595
0.00996586378489137
0.0092201772892611
0.00825564837258736
0.00717338531457116
0.0060703465415954
0.00504080472409163
0.00416708649711538
0.00349802332803059
0.00302860905856996
0.00270027005720107
0.0024304581400525
0.00215995295854233
0.00189228326518014
0.00170295952911291
0.00171358049774312
0.00204409530119445
0.00276426683619048
0.00386163625118531
0.00523486313982914
0.0067138319914497
0.0081011837416333
0.00922274630798168
0.00996992092611832
0.0103199653363324
0.0103293281062634
0.0101045600885841
0.00976062318072505
0.00937882628835345
0.00897813432728838
0.00851208939343309
0.00789547675884983
0.00705162449630911
0.00596033067281013
0.00468512693419999
0.00336773094509596
0.00219174620455648
0.00133024502058445
0.000897906372493898
0.000925057284282603
0.00135936009334673
0.00208801585410879
0.00296779758650882
0.00385351365276353
0.00462089425080981
0.00518127362059341
0.00548448545829463
0.00550902498997841
0.00524605260420165
0.0046898638460197
0.0038444670015546
0.00274396436525881
0.00147256043124756
0.000168043854091579
-0.000998097064436914
-0.00185776150157454
-0.00228631623093611
-0.00223121635161906
-0.00172007409514206
-0.000847131008394403
0.000254635735524778
0.00144349144599268
0.00259030362742089
0.00358826947271325
0.00435612765849126
0.0048421042965799
0.00503064011334368
0.0049466260041105
0.0046496764369206
0.0042165127154957
0.0037185164192289
0.00320685649102382
0.00271478580183759
0.00227603434409985
0.00194515491923782
0.00179985650433134
0.00191485235789393
0.00231864538697316
0.00296253564619701
0.00372734434376567
0.00446757584648583
0.00506583530381759
0.00546551834000306
0.00566972053324084
0.00571918470541269
0.00567042826034088
0.00558385918965674
0.00551595660691689
0.00550622213265977
0.00556073515475987
0.00564609755814091
0.00570513671335253
0.00568854442282227
0.0055807141498649
0.00540002342932441
0.00517373339633796
0.00490860228186343
0.00458219645837669
0.00416336057757585
0.00364683660195513
0.00307542199060547
0.0025321923857429
0.00210688545967113
0.00185669543481475
0.00178153613737029
0.00182225847584445
0.00187992542500739
0.00185024653469599
0.00166443229739336
0.0013215921268023
0.000893872824342445
0.000493959894670189
0.000216270495816646
8.38111029602845e-05
3.34210634711708e-05
-5.14003468973568e-05
-0.00028146374407402
-0.000711595285395404
-0.00132225395626612
-0.00203296797546018
-0.00273262815337045
-0.00331190729952217
-0.00368997756104733
-0.00383140421224188
-0.00374913480997828
-0.00349180275128821
-0.00312057240412246
-0.00268744840459709
-0.00222637351867474
-0.00175957606667691
-0.00131116552842615
-0.000915927223909894
-0.000615792586628816
-0.000445212352116922
-0.000413790552326913
-0.000496680257135789
-0.000639828281400718
-0.000779918493898055
-0.00087154969245109
-0.000910602976790977
-0.00094412426010094
-0.00106192633171187
-0.0013714773311564
-0.00196377054457759
-0.00288169301752326
-0.00410187443779229
-0.00553591424139118
-0.00704963560989628
-0.00849271893784224
-0.00972768204174366
-0.0106479850330841
-0.0111811333101079
-0.0112823784771365
-0.0109316274399276
-0.0101435142059698
-0.00898802374698895
-0.00760528960061269
-0.00619496680155259
-0.00497310131732072
-0.0041104164646234
-0.00367978659227502
-0.00363661630393148
-0.00383836422559031
-0.00409305216655293
-0.00422009194781326
-0.00410653725601443
-0.00374176539511189
-0.00321570618337311
-0.00267665067060623
-0.00226362832404249
-0.00204402754706693
-0.00198698883278345
-0.00198471854986311
-0.00190804472760117
-0.00166567096491093
-0.00123863307959915
-0.00067922627100993
-8.43852146354077e-05
0.000435675753946331
0.000776955362936691
0.000847078968235581
0.000567792271424492
-0.000111879403729404
-0.00118842913881118
-0.00257471712089475
-0.00409055106787482
-0.00549025125494453
-0.00652600711624477
-0.00702333536913207
-0.00693364857561049
-0.00633828452296837
-0.00540340422009023
-0.00430978332192264
-0.00319083837374039
-0.00210318104029597
-0.00103527064424702
5.70245319596333e-05
0.00120744990667092
0.00240771551041111
0.00359819702322415
0.0046810357430206
0.00554684261124636
0.00610345815735478
0.00629769044805133
0.00612484971265116
0.00562455395786385
0.00486585493382548
0.00392969612366736
0.00289780613670211
0.00185126120014219
0.000872780571997479
4.27761845309418e-05
-0.000574960800264908
-0.000951032660716007
-0.00109924280224931
-0.00106985508967386
-0.000932309767331985
-0.000758543210910557
-0.000614077314338824
-0.000555618322415257
-0.000629363218693112
-0.000866073133998248
-0.00127371790983855
-0.00183195770651059
-0.00249346182978265
-0.00319517402191918
-0.00387811370123926
-0.00450841378823887
-0.00508908167911793
-0.00565526019415894
-0.00625413572195089
-0.00691787381932624
-0.00763958380531024
-0.00835967446267095
-0.00896689316156306
-0.00931591920276288
-0.00925981851107029
-0.00869032042123482
-0.00757433818241254
-0.00597476145222365
-0.0040479572139518
-0.00201742641590549
-0.00012982180123338
0.00139609241588026
0.00241593982077732
0.0028917307744985
0.00290196282394172
0.00262528166099355
0.00229758562391201
0.00214946645515954
0.00233895035649614
0.00289994632141213
0.00372588065857638
0.00459869489620571
0.00525706770450237
0.00548057547115808
0.00515788447188894
0.00431333547194366
0.00308533683452912
0.0016721402314533
0.000274139798733281
-0.000941125415315696
-0.00184370754655909
-0.00233052401632308
-0.00232315661307904
-0.00178589554980124
-0.00075174570063095
0.00067005049995052
0.00232126716163224
0.00404589394644625
0.00573407054355038
0.00733203530021069
0.00881654098939743
0.0101566247847549
0.0112907130670912
0.0121319297398183
0.0125939989404908
0.0126205208259796
0.0122058069225696
0.0114062048308417
0.0103444172084736
0.0092035210355946
0.00820202389342822
0.00754671923036274
0.00737517826694336
0.00771190380024951
0.00845951793043179
0.00942923467271576
0.0103958135165269
0.0111542373592024
0.0115612118917594
0.0115566750190324
0.0111690241327578
0.0105079654215357
0.00974374905419393
0.00906928649295996
0.00864822510279512
0.0085641191890241
0.00879243038464429
0.00921035903528994
0.00964271844741816
0.00992579743157096
0.00996362522730087
0.0097542707591698
0.00937622734566416
0.00894261000818654
0.00854598657564544
0.008219961418223
0.00793239212890938
0.00760740219252195
0.00716148144633101
0.0065381104884316
0.00573057367558773
0.00478747145507324
0.00379972237589726
0.00287421052345533
0.00210519372014032
0.00155392224274005
0.00123945425681831
0.0011375839867632
0.0011860089969665
0.00129775812316413
0.00138346016602337
0.00137644385044928
0.00125061276728691
0.00102433030288219
0.000751147703770202
0.000503979294768086
0.000359961487791055
0.000389535976287037
0.000648542092354803
0.00116985810625104
0.0019529679490085
0.00295406351041386
0.00408261988830326
0.00521081188091289
0.00619925250119147
0.00693596161107617
0.00737640953916837
0.00756645410246279
0.00763376051925802
0.00774718029025853
0.00805933851061802
0.00865543847530674
0.00952720430886204
0.0105785158643968
0.0116558201292293
0.0125881794948115
0.01322176730411
0.0134407864190133
0.0131767200363288
0.0124137181852322
0.0111948791222772
0.00962501405250353
0.00785991848648584
0.00607723664733735
0.00443626413600616
0.00304312624981461
0.00193628882586696
0.00109653846094494
0.000473390558287943
1.45339392868041e-05
-0.000311880312027115
-0.000506297496103823
-0.000539704750009444
-0.000369713999186162
3.17913959338762e-05
0.000650482894057167
0.00141734092735336
0.00222263406302428
0.00295013920010451
0.00351169018600264
0.0038631651491038
0.00399901577964489
0.00393922262696823
0.00372449736090841
0.0034212012226993
0.00312168291290887
0.00292508504083068
0.00289981713827918
0.00304732187840338
0.00329083929540925
0.00349872400114738
0.00353073039356964
0.00328342158054068
0.00271500567497683
0.00184511250061922
0.000739302392176064
-0.000507398864903093
-0.00177958574801534
-0.00294524993457639
-0.00386347127983659
-0.00440431597723929
-0.00448080642051797
-0.00408213692816011
-0.00329139172870973
-0.00227492400554968
-0.00124341258077917
-0.000398744921439475
0.000113059183122243
0.000228020079842806
-3.36957470010623e-05
-0.00058325403255831
-0.0012869261886559
-0.00199158044808652
-0.00254893865068106
-0.00283684689108108
-0.0027750143546401
-0.00233264034269717
-0.00152738940503229
-0.000417575568593746
0.000910120838271999
0.00235641796551268
0.00382839935150119
0.00525958131740029
0.00662545118590189
0.00794647175677891
0.00927201066440554
0.0106452650978091
0.0120600038555675
0.0134296206128229
0.0145892637522953
0.0153382981476922
0.015508913290555
0.0150305896883998
0.0139602727208081
0.012465016288762
0.0107671486943238
0.00907763952336432
0.00754391292238691
0.0062274602260138
0.0051131437336313
0.00414168744122187
0.00325034306081904
0.00240478870162192
0.00161032057497283
0.000902015578040922
0.000325350706689871
-7.77970619226623e-05
-0.000270645418369638
-0.000216305491071663
0.000120969863852983
0.000760134848532476
0.00167950914645435
0.00280155104949857
0.0039996150286763
0.00512504588853514
0.00603980908735916
0.00663968481222056
0.00686398219098042
0.00669771951173842
0.00617219592879752
0.00536294575972394
0.00438026209863738
0.00335116924854709
0.00239779481845948
0.00161885134261484
0.00107748664037447
0.000794128407795441
0.000741334417167312
0.000840457798400348
0.000965064403407738
0.000958721114723412
0.000670480341043808
6.42302838953425e-07
-0.00106047809050455
-0.00241880579711366
-0.00389656600401053
-0.00528209260449678
-0.00639504189372833
-0.00714670175393854
-0.00757384124027996
-0.00783026662303784
-0.0081345690004989
-0.0086912896724679
-0.00961574676817292
-0.0108916196774137
-0.0123760068516672
-0.0138477289079376
-0.0150795593769814
-0.015907918212092
-0.016275802396835
-0.0162360706410474
-0.0159186645470352
-0.01547913513829
-0.0150499702962918
-0.014710177297069
-0.0144785263564113
-0.0143281077747953
-0.0142149008869206
-0.0141081207497243
-0.0140067413132252
-0.0139314408748887
-0.0138966576593468
-0.013884009478829
-0.0138407303322834
-0.013709146543112
-0.0134676211092166
-0.0131514000490546
-0.0128352089655797
-0.0125881708904121
-0.0124317808341465
-0.0123273727833129
-0.0121964964136754
-0.0119560470587247
-0.0115454516755967
-0.0109348699635072
-0.0101184629177078
-0.00910424109732211
-0.00791030874653682
-0.00657076009516097
-0.00514678204209727
-0.00373252567361836
-0.00244493011781876
-0.00139432816417828
-0.000645143296112876
-0.000185404259912763
7.68260566460433e-05
0.000283696693778684
0.000574759647847373
0.00103332955320767
0.00165461471418039
0.00234788010583547
0.00297062117965014
0.00338116639997732
0.00349053177258417
0.00329557060832512
0.00288294122191433
0.00240439403732669
0.00203355990546135
0.00191873983124019
0.00214462387955725
0.00271100509574673
0.00353138154526076
0.00445045144500375
0.00527708508636813
0.00582747363481505
0.00597038158690227
0.00566260562060266
0.00496100626513728
0.00400316547823605
0.00296299042434841
0.00200178645246914
0.0012365149127467
0.000732400505657086
0.000509872066146368
0.000551532027533357
0.000804246078687548
0.00118168068895176
0.00157376411310478
0.00186384860646213
0.00194916519193236
0.00175874661237548
0.00126464033348063
0.000485689235428542
-0.000513830607015651
-0.00162901712645603
-0.00272492923900377
-0.00365764350991826
-0.00430650341970691
-0.00460957502278609
-0.0045876256024915
-0.00434324318758837
-0.00403142513536764
-0.00381075888687497
-0.00379322161605895
-0.00401157469311915
-0.00441644304683288
-0.00490324836281987
-0.00535661505556366
-0.00569240344660265
-0.00588000198989045
-0.00593960904837069
-0.00592331898056453
-0.00589456511816097
-0.00591418770609873
-0.00603058137695817
-0.0062675509343234
-0.00661005533712682
-0.00699683955548981
-0.00732955309772889
-0.00749850231823902
-0.00741394549768717
-0.00702866995053268
-0.00634463610239558
-0.00540671997401375
-0.00429109948211644
-0.00309249768898856
-0.00190934409087531
-0.000825758978706351
0.000105742455078397
0.000872745384367938
0.00149655133642612
0.0020127026406967
0.00244838110932626
0.00280896612014382
0.00308064156346914
0.00324664193312788
0.00330759329389043
0.00329495082908623
0.00327008818426052
0.00330748012501489
0.0034666775291218
0.00376343342117966
0.00415364004606032
0.00454141404952725
0.0048127669036773
0.00488231005723959
0.00473098646886423
0.00441532834572624
0.00404307512518449
0.00372784788139876
0.00354575515713008
0.0035129824258846
0.00358941794652641
0.00370004198751658
0.0037612316659326
0.00370271626691657
0.00348179393671726
0.00308982610517195
0.00255110712322545
0.0019133761312669
0.00123055610467211
0.000542322602404051
-0.000140846022575706
-0.00083806445211086
-0.00158036157495616
-0.00238217291732077
-0.00321930593439583
-0.00403041089091919
-0.00474386115536839
-0.00531126272087852
-0.00572108815951387
-0.00598089726003798
-0.00608276271913246
-0.00598066056056529
-0.005598874554227
-0.00486741170933762
-0.00376397259018543
-0.00234132398104891
-0.000728140225055958
0.000897923182550084
0.00235590076013107
0.00350765208059763
0.00428411119770508
0.00468237778516291
0.00474308406489808
0.00452857263572776
0.00411615957945052
0.00360311752281252
0.00310669948798275
0.00274465649587755
0.00259731349648024
0.00266925657235912
0.00287477307524462
0.00306207569969175
0.00307167398233963
0.00280408141380263
0.00226330437694419
0.00155359153140164
0.000833620670284733
0.000256184224234565
-7.58462996515341e-05
-0.000124606069646906
8.88902890947384e-05
0.000498118032393853
0.00100466995799117
0.00149298189674636
0.00184783253033982
0.00197292822268658
0.00180754579455647
0.00134019555769588
0.000619563634183726
-0.000239918971417868
-0.00106560712244691
-0.0016555497650409
-0.00182866156706602
-0.00148255036908421
-0.000636244045438782
0.000563185273689714
0.0018787065524138
0.00305628335250709
0.0039055068932974
0.00435391236673302
0.00445156608191108
0.0043269859217261
0.00411940807883936
0.00392097021715125
0.00375225525330341
0.00357523801413119
0.00333118062362183
0.00298363336146232
0.0025483956969675
0.00210000858357423
0.00175370159856982
0.00162920595071439
0.00180789006247528
0.00229768225013143
0.003019513984503
0.00382249132651174
0.00452427634151963
0.00496318480928607
0.00504400282588113
0.00476274781351428
0.0042051801292323
0.00352414340287893
0.00290513291765005
0.00252685165224753
0.00252002949607753
0.0029295865794604
0.0036912119580987
0.00463629148955464
0.00553254125896203
0.00615246691984799
0.00634618635221146
0.00608944990398393
0.00548638357042118
0.00472529778049283
0.00400552687845995
0.00346508312444574
0.00313805062997135
0.00295701963748289
0.00279510122890852
0.0025243495877812
0.0020622961844169
0.00138847752847902
0.000531889097756601
-0.000453960385203475
-0.00150958292353101
-0.0025746431410826
-0.00358721468513564
-0.00448845636903405
-0.00523504549265485
-0.00581150761235512
-0.00623413915641056
-0.00654555513857655
-0.00680422180341543
-0.0070724799412244
-0.00740354762544891
-0.00782741247168718
-0.00833822767057186
-0.00888982031187032
-0.00940701604054897
-0.00981455738902445
-0.0100738914113495
-0.0102091588819985
-0.0103051095641132
-0.0104722098085623
-0.0107921143212437
-0.0112706422199846
-0.0118255883395635
-0.012319157036349
-0.012618379967064
-0.0126499671347311
-0.0124218554881891
-0.0120077207480378
-0.0115135252281868
-0.0110495396682814
-0.0107171836225169
-0.0106028370483567
-0.010765459255992
-0.0112136928011498
-0.0118819623972154
-0.0126225237451388
-0.0132258988284001
-0.0134687196695183
-0.0131744242598164
-0.01226619996488
-0.0107948763083847
-0.00893375629215705
-0.0069426819440531
-0.00511120474730047
-0.00369442280709734
-0.00285606537824181
-0.00263285604251807
-0.002930809038468
-0.00355586900502415
-0.00426949041536375
-0.00485020459788146
-0.00514124748343728
-0.00507303122287932
-0.00466172075830179
-0.00399281095791085
-0.00319751964880334
-0.0024242693542255
-0.00180517492189366
-0.00142157570069465
-0.00127948282919221
-0.00130814146383356
-0.00138800130043339
-0.00140052330374804
-0.00128007974650327
-0.00104592356524869
-0.000800966652510513
-0.000698474163421833
-0.000890711448515034
-0.00147988176806378
-0.00248922518505525
-0.00386242036370174
-0.00548703727538078
-0.00722834405867686
-0.00895750238007834
-0.0105640080076428
-0.0119529427948264
-0.0130370235321054
-0.0137355979662292
-0.0139860823387885
-0.0137628976693223
-0.0130929798780492
-0.012059413771965
-0.0107918235312694
-0.00944687615381986
-0.00818216190474673
-0.00712566484695495
-0.00634571977689403
-0.00583204501574535
-0.00550063717216536
-0.00522785763960555
-0.00490338932401295
-0.00447825304370949
-0.00398431445460048
-0.00351735376960932
-0.0031954185687472
-0.00311351518005062
-0.00331104690605696
-0.00375829615241309
-0.00436188331398786
-0.00498700219231136
-0.00549141728553135
-0.00576165854950677
-0.00574017566870635
-0.00543634817596287
-0.00492057871775208
-0.0043042313524698
-0.00370939277175061
-0.00323509920719378
-0.00293071173965336
-0.00278756493444078
-0.00275294692945805
-0.0027585019822713
-0.00274699233094123
-0.00268487300055691
-0.00256150164121411
-0.00238666390990173
-0.00219499994763204
-0.00205145804339803
-0.0020419077718045
-0.00224065959316132
-0.00266738029592052
-0.00326038582779616
-0.00388637950527888
-0.00438323651448811
-0.00461236624659578
-0.00449554609547598
-0.00402515985482392
-0.00325229512681887
-0.00226373879701135
-0.00115713883543664
-2.0075795584467e-05
0.00108244728375688
0.00210826116203319
0.00302629944053024
0.00380109995029212
0.00438776606406213
0.00474770764819469
0.00488023120506221
0.00484838568240423
0.00477425833337548
0.00479534378348862
0.00499974263736613
0.00537482853099889
0.00579924138759315
0.00608545354093186
0.00605529907448907
0.00561750529503511
0.00481716737649607
0.00383728862513425
0.00294801426253233
0.00241838797030701
0.00242282855184912
0.00297963092955353
0.00394562702276823
0.00506629030842852
0.00605885025000141
0.0066978857550938
0.00687764465294387
0.00663564181291107
0.0061327115200112
0.00559547521134644
0.0052387230983211
0.00519392310081042
0.00546946654560433
0.00595579626595056
0.00647013516263554
0.00682139699433706
0.00687209675422694
0.00657902049898188
0.00600291930610217
0.00528658277811763
0.00460979231488198
0.00413713112376035
0.00397656160024804
0.00416064548913825
0.00465073585062591
0.00535408057712126
0.0061412516459716
0.0068582411141057
0.00733806647052506
0.0074216054322615
0.00699206348332933
0.00601562426324119
0.00457080551645509
0.00284823913267888
0.00111334586801744
-0.00035833589661055
-0.00135026302476873
-0.00175522735151114
-0.00159473527833803
-0.00100707286511019
-0.000208460206200883
0.00056689961817777
0.00113541934336445
0.00141832326894073
0.00145678595903741
0.00137932716695516
0.00133763194066268
0.00144217806428166
0.00172461752198064
0.00213628109506333
0.00257564885667871
0.00293047702530768
0.00312044832854779
0.00312777603366976
0.00300473332243938
0.00285260721565931
0.00277832860703342
0.00284742107399385
0.0030552576168547
0.00332923909536596
0.00355900256705191
0.00364032985551517
0.00351571163585617
0.0031982171459325
0.00277171693622573
0.00236818820752869
0.002130565920704
0.00217415202535684
0.00255831432245807
0.00327440485623933
0.00424956775693962
0.00536248009546288
0.00646663351585436
0.00741809118086773
0.00810506179741723
0.00847405302007917
0.00854356536269686
0.00839691321146423
0.00815425479065907
0.00793549067053453
0.0078304900829868
0.0078866633057225
0.00811232958203073
0.00848758975793081
0.00897609321247698
0.00953633542854178
0.0101331717059431
0.0107473335692859
0.011377302984916
0.0120297320407963
0.0127022659019672
0.0133695272451941
0.0139815409194612
0.0144741428025654
0.0147818831525516
0.014844543982516
0.0146079553473062
0.0140281900783014
0.0130863436750331
0.0118106134988444
0.0102934131750669
0.00869102905936244
0.00720017961013068
0.00601468106863577
0.00527398030200912
0.00502197503463589
0.00519467248456949
0.00564502772005425
0.00619611116224782
0.00669940502640309
0.00707279136735517
0.00730488980387906
0.00743170569501552
0.0075051603090134
0.00757175710643349
0.00766629004104118
0.0078129573141899
0.00802495376595142
0.00830185423041872
0.00863102153039715
0.00899682584813414
0.00939238302999263
0.00982295495749288
0.0102952008961459
0.010798721135848
0.0112943705322485
0.0117191390390328
0.0120037315533984
0.0120893543948428
0.0119335325711232
0.0115066239547411
0.01078880609529
0.00977487245067441
0.00848560022793936
0.00697862347700017
0.00535228330773209
0.00373941608313368
0.00229019514314595
0.00114433099217007
0.000396695540450443
6.72184258259338e-05
9.00089043107755e-05
0.000331309532645194
0.000631818221312114
0.00085600487121287
0.000929229388599304
0.000852433763830626
0.00069456881265607
0.000567745969946667
0.000591527353939378
0.000855809119631785
0.0013951120449072
0.00218423460854058
0.00315397014792214
0.00421352135699317
0.00526446547228289
0.00620219180450646
0.00691439888732542
0.00728942856378207
0.00723776143637484
0.00671801737042068
0.00575487961805198
0.00444149477267242
0.00292644148434414
0.00138939959654276
9.76677761907707e-06
-0.00106788158948608
-0.00176567711646609
-0.00209296780313706
-0.00214694077277662
-0.0020903306739219
-0.00211132961659755
-0.0023769473591332
-0.00299288399519688
-0.0039809475986411
-0.00527987372657237
-0.00676770138393295
-0.00829635934966593
-0.00972619838116121
-0.0109514613828759
-0.0119134374829283
-0.0126014724724299
-0.0130429436475709
-0.013285318941174
-0.0133772924645779
-0.0133573597830374
-0.013253189402963
-0.0130866049903705
-0.0128748919692665
-0.01262409525263
-0.0123194432554528
-0.0119227722736124
-0.0113828337006202
-0.0106562598179448
-0.00973143374448903
-0.00864642310822519
-0.00749343766750996
-0.00640495578445144
-0.00552194016929879
-0.00495242151299413
-0.00473541635428173
-0.00482530607709988
-0.00510355391807446
-0.00541241341202693
-0.00559694338256284
-0.00554188548773029
-0.00519628135849493
-0.00458428509759708
-0.00380141338300611
-0.00299404174649509
-0.0023222259262663
-0.00191429532832357
-0.00183081301490376
-0.00205553405704593
-0.00251751994975074
-0.00313014402285871
-0.00382445800847784
-0.00456227169852235
-0.0053294740454261
-0.00612013446324058
-0.00692298455763053
-0.00771770956782967
-0.00848227548982138
-0.00920545072058985
-0.00989395862172702
-0.0105661123340383
-0.0112334842232197
-0.0118819834264036
-0.0124653007497573
-0.0129157081256671
-0.0131663155960236
-0.0131731157645572
-0.0129273736565258
-0.0124559836633427
-0.0118136438781543
-0.0110721090459555
-0.0103087231989609
-0.00959341415173382
-0.00897481397213854
-0.00847096895289503
-0.00807166558624876
-0.00775362375204221
-0.00750079023691102
-0.00731759758212063
-0.00722665038766842
-0.00725082682886817
-0.00738818890945883
-0.00759263017989511
-0.00777197127256811
-0.00780839029649531
-0.00759590137229118
-0.00708011206478223
-0.0062819327316492
-0.00529323669279415
-0.00424679888617496
-0.00327613558574847
-0.00248356772560374
-0.00192593280607139
-0.00161533703981781
-0.00152669335385279
-0.00160687657853828
-0.00178657302268784
-0.00199770186920766
-0.00219423613711936
-0.00236763742937757
-0.00254764258106657
-0.00278665235493987
-0.00313526774422696
-0.00361985645834197
-0.00422899767375915
-0.00490966248133663
-0.00557158474529896
-0.00609954411193224
-0.00637415336912326
-0.00629918028972372
-0.00582844506800677
-0.00498205567396359
-0.00384411869926696
-0.00254214758444355
-0.00121728922762781
2.10893326991999e-06
0.00101546852611192
0.00175380844424099
0.00217873673157176
0.00228255936938032
0.00209021425832715
0.00165861733670547
0.00106842910892395
0.000407610108425347
-0.00024829869483164
-0.00085176210284018
-0.0013891109013147
-0.0018753395761255
-0.00234081703742045
-0.00281556657161315
-0.00331671594064254
-0.00384182741616654
-0.00436683845436111
-0.00484564658748224
-0.00521132614656661
-0.00538401534876378
-0.00529057679964133
-0.00489254304874753
-0.00420835761128923
-0.00331525575136433
-0.00232839787901644
-0.00136965627137336
-0.00054253494267874
7.92068960182669e-05
0.000453579134553239
0.000571421761798012
0.000459658224025651
0.000182770334700718
-0.000163135608596473
-0.000465091134397513
-0.000613692204469342
-0.000525185211450243
-0.000162051689538713
0.000452500429881061
0.00123316813441401
0.00204956956654052
0.00275962110796764
0.00324926316257499
0.00346495660836109
0.0034272251979546
0.00321946582573615
0.00295515831130243
0.00273621214413042
0.0026204359096654
0.00261205037174322
0.00267645217980973
0.00276695802543145
0.00284664031763663
0.00289564316302334
0.00290684991662597
0.00287988127888615
0.00282038574668276
0.00274334735411623
0.00267419866013627
0.00264320038765827
0.00267343798976205
0.00276673699539252
0.00289385486502543
0.00299533293818074
0.00299595195215644
0.00282901557653366
0.00246092542558559
0.00190628840938021
0.00122879175294649
0.000528776799180985
-7.85417070385523e-05
-0.000489405695360395
-0.000636623089380195
-0.000506081386842246
-0.000137399442487347
0.000393791506956782
0.00100570591105224
0.00163906691012519
0.00227169806540599
0.00291411357347609
0.00359051341527867
0.00431471242006891
0.00507084921497666
0.00580615614628057
0.00643831766842514
0.00687382151665356
0.00702957224082779
0.00685079308246206
0.0063220094729073
0.00547037119278988
0.00436100538140954
0.00308538541767566
0.0017465267852217
0.000445805747098331
-0.000726765781832157
-0.00170078839398981
-0.00243433554480472
-0.00292172275505399
-0.00319495122329298
-0.00331429910072008
-0.0033489071288003
-0.0033547810411081
-0.00336015555258246
-0.00336375858517291
-0.00334315142401776
-0.00326516811777273
-0.00309320453658745
-0.00279354724395311
-0.00234649878447484
-0.00176260868913268
-0.00109444785112249
-0.000430751196030938
0.000131393825673115
0.000524671545814728
0.000738528873792247
0.000819403625977904
0.000846362362232388
0.000899834431385495
0.00104211296822449
0.00131525671217513
0.00174702676871023
0.00235118216627391
0.00311768365216441
0.00400226877571297
0.00493031090953083
0.00582064531261493
0.00661814953145284
0.00731429692640505
0.00794197830527279
0.00854904191800474
0.00916888388371649
0.00980526783440551
0.0104353735506621
0.0110225191321948
0.0115280285500804
0.0119189388645954
0.0121747800939007
0.0122952894547173
0.0123047573483663
0.0122469505571384
0.0121710085704766
0.0121167516927845
0.0121084272001884
0.0121583129328933
0.0122734404454525
0.0124570994411486
0.0127023337944467
0.01298261020794
0.0132490585904044
0.0134404472229164
0.0135032628071038
0.0134115747989214
0.0131757590030346
0.012835948615135
0.0124450173042231
0.0120506725203107
0.011684201650722
0.0113570332793554
0.0110609483517262
0.0107677563889535
0.0104290688268082
0.00998128871059152
0.00936007957048003
0.00852260218339906
0.00746953558809917
0.00625669162228251
0.00498890268535608
0.00379558038225271
0.00279561908061482
0.00206534414080194
0.00162265706518963
0.00143247994721815
0.00142789151031021
0.00153514444244154
0.00169231387056958
0.00185778442504646
0.00201064209282836
0.0021468731981013
0.00227361483268179
0.00240179346944766
0.00253809921075543
0.00267947504983709
0.00281309323312339
0.00292013696334364
0.00297666496300189
0.00294615616549722
0.00276755076448369
0.00235250178290503
0.00160544504949565
0.000465993684334858
-0.00104626900819253
-0.00281315126916318
-0.00464191938718647
-0.00632272005796792
-0.00768940852912773
-0.00865417995142682
-0.00920651513892645
-0.00939035694552733
-0.00928239153104332
-0.00898377410571979
-0.00861865950715378
-0.00832315717453157
-0.00821654241206095
-0.00836442418027429
-0.00875427383978704
-0.00929836338671404
-0.00986343204044441
-0.0103127165023833
-0.0105425727013439
-0.0105025751606646
-0.0101980996306516
-0.00968041773823978
-0.00902908066157366
-0.00832954456826823
-0.0076505920360815
-0.0070293455080979
-0.00647032866807589
-0.00595726540944506
-0.00546808890284792
-0.00498274680940331
-0.00448119626583674
-0.00393853959593985
-0.00332669364069853
-0.00262526064055942
-0.00183522490496898
-0.000986235920118302
-0.000132993286364405
0.000657238672082809
0.00132106656074192
0.00181467183304988
0.00212429887369059
0.0022671573089102
0.00228137937945805
0.00221009075757311
0.00208949865120287
0.0019481799681836
0.00181506461199589
0.00172534861789088
0.00171486024388745
0.00180346989758924
0.00197802285119831
0.00218680644158972
0.00235060345635667
0.00238630536501911
0.00223363193453227
0.00187489797734478
0.0013407236126603
0.000700082739031858
3.93093657189753e-05
-0.000561668927352947
-0.0010481766410966
-0.00139983446211771
-0.00162765839551365
-0.00176024517246107
-0.00182457572806955
-0.0018305241899531
-0.00176714544834441
-0.00161293514103622
-0.00135531059640354
-0.0010105558364363
-0.000635415482442783
-0.000324224476622947
-0.000189981085539523
-0.000333734798793242
-0.000812599954584373
-0.00161948980343964
-0.0026844175068004
-0.00389812974231829
-0.00514825173307129
-0.00635206188143733
-0.00747190692804512
-0.00850784319717727
-0.00947298553078455
-0.0103653182794861
-0.0111511706317515
-0.0117684921402279
-0.0121461391374782
-0.0122270245331912
-0.0119843182795912
-0.0114279338627003
-0.0106041893613917
-0.00958985384129356
-0.00847736971025801
-0.00734945280647773
-0.0062509786457468
-0.00517604683658112
-0.00408618244667585
-0.00295780599892853
-0.00183427284730533
-0.000848334546049778
-0.000194685118990461
-6.11036926768676e-05
-0.00055064406144328
-0.00163105815926696
-0.00313153394540616
-0.00478377297460181
-0.00628832817222181
-0.00738383633501364
-0.007902691621696
-0.00780398097638142
-0.0071786505474328
-0.00622478689310413
-0.00519673831269871
-0.00434093195833316
-0.00383844755578961
-0.00377290363356177
-0.00413058111058139
-0.00482516030399351
-0.00573200419677316
-0.0067196429026311
-0.00767325174577374
-0.00850983051057005
-0.00918621636716273
-0.00970080090144329
-0.0100887322753877
-0.0104092402726119
-0.0107247704125896
-0.0110760359663644
-0.0114622067258735
-0.0118365341802612
-0.0121223277300397
-0.0122442695588946
-0.0121609761651821
-0.0118826649548653
-0.0114655213963795
-0.0109876968868235
-0.0105215523787784
-0.0101160244728809
-0.00979364518753306
-0.00955731649862786
-0.00939935394872185
-0.00930852796549791
-0.00927346668225838
-0.00928019924652074
-0.00930269943580881
-0.00929234317082836
-0.0091794726153458
-0.0088964889026796
-0.00841537199841897
-0.00777667442157395
-0.00708769869349983
-0.0064865948450458
-0.00609200809677388
-0.00596656744024975
-0.00611049953379299
-0.00647938253339858
-0.00700582179203651
-0.00760910258984124
-0.00819365471653559
-0.00865034590624043
-0.00887288295879009
-0.00878765012683501
-0.00838197813083037
-0.007714121752416
-0.00689862909713646
-0.00607443130104001
-0.00536993711017716
-0.00487652087042047
-0.00463397254118822
-0.00462627553355371
-0.00478651584133435
-0.00501203859171699
-0.00518943832838178
-0.00522299376166505
-0.00505564185946405
-0.00467457765670683
-0.00410304784312958
-0.00338793877065363
-0.00259207565294662
-0.00179147218020017
-0.00106960338563642
-0.000501571230989316
-0.000130762887566644
4.97807011856836e-05
9.88510817960503e-05
0.000108578371846996
0.000174447712881425
0.000367082696931741
0.000715402882033518
0.00120316603833638
0.00177561904960222
0.00235277689535159
0.00284762991528733
0.00318621630593359
0.00332217522586227
0.00323792029488306
0.00293258064013778
0.00240751242361544
0.00166221322817839
0.000703895338281069
-0.000437687986585397
-0.00170165242677422
-0.00299933364081494
-0.00422823864151116
-0.0052921669835148
-0.00612286268074829
-0.00669822437203117
-0.00705101885230839
-0.00726199097345533
-0.0074345634423396
-0.00765589742883482
-0.00795829243420415
-0.00829940347601128
-0.00857406094286652
-0.00865574474583103
-0.0084502451451656
-0.00793738347012773
-0.00718307010762941
-0.0063191992196612
-0.0055032022024725
-0.00487460477058883
-0.0045222098819605
-0.00446821929445515
-0.00466991040128581
-0.00503591951708992
-0.00545108879068791
-0.00580194567749736
-0.00599656247314839
-0.00597700523370117
-0.00572561225001026
-0.00526588620906221
-0.00465747650092386
-0.00398523476606302
-0.00334361529703492
-0.00281813647713293
-0.00246630286405973
-0.00230240463964213
-0.00229192521965067
-0.00235923018712074
-0.00240736017907427
-0.00234430295397778
-0.00210843520279429
-0.00168657855804829
-0.00111951474954405
-0.000491456207351045
9.62607386335826e-05
0.000560244086321256
0.000865625484292019
0.00103883820454214
0.0011571304765744
0.00132020945089812
0.00161597875552873
0.00209172277064541
0.00273772049673245
0.0034868735649724
0.00423191488870994
0.0048578872324707
0.00528081275884573
0.00547811713958011
0.00549799082677919
0.00544388390980848
0.00544106268966438
0.00559813347626552
0.00597555031938638
0.00656791625455247
0.007301662133027
0.00804756723665115
0.00864813603373802
0.00895854915668187
0.00889271266339041
0.00845637650541651
0.00774813374507512
0.00692284790416885
0.0061331423296987
0.00547710503853938
0.00497547099367369
0.00458456871935048
0.0042343172535411
0.00387158414007592
0.00348952211164054
0.00313110067926421
0.00286689099748979
0.00275868867334698
0.00282676939244176
0.0030367101223456
0.00331230344505859
0.00356789840548401
0.00374343394250635
0.00382522179965329
0.00384533510920045
0.00386463275098228
0.00395083385044627
0.00416162545434125
0.00453668524972651
0.00509604842864619
0.00583900776486736
0.00673927345430552
0.00773717746878338
0.0087354574324716
0.00960827662081795
0.0102297027198251
0.0105162952390412
0.0104647402341988
0.0101615921174543
0.00975500122606438
0.00940052460890766
0.00920794950448131
0.00921242303911149
0.00937593807352578
0.00960948828044281
0.00980216754885371
0.00984866728947177
0.00967237176920722
0.00924289774046228
0.00858566456060864
0.0077796365912951
0.00693988773234735
0.00618590661787206
0.00560396003991861
0.00521743690468042
0.0049776807495444
0.00477961263926983
0.00449650724682618
0.00402146331213754
0.00330174927296918
0.00235634788823476
0.00127390675084035
0.000193577675016879
-0.000726650587827799
-0.00134775799006426
-0.00158382269673175
-0.00142097196209398
-0.000914773419136217
-0.000170112902175662
0.000685096775954521
0.00152274505269916
0.00223131467598279
0.0027283159536928
0.00296897131391282
0.00294989506611448
0.0027075717397655
0.00231319138108143
0.00186424817687063
0.00147058082893845
0.00123294067099444
0.00121722289172176
0.00143327931154404
0.00182861812997116
0.00230251291248156
0.00273732257408643
0.00303563434478259
0.00314884052289548
0.00308698906084589
0.00290836517022136
0.00269466157912801
0.00252071310041035
0.00242790539615065
0.00240969803120597
0.0024158674870397
0.00237687923316409
0.00224084452474021
0.00200703056347202
0.0017388059309787
0.00154822434325457
0.0015587849272563
0.00186265313370588
0.00248879036522347
0.00339181748278574
0.00446354437233415
0.00556249494109918
0.0065513217442868
0.00732876538360202
0.00784481667996008
0.00809622864672782
0.00811025588173996
0.00792961083658884
0.00760674509356652
0.00720506596558184
0.00679818215364173
0.00646093324028945
0.00625387302522397
0.00620833574852013
0.00631864700988322
0.00654371474154832
0.00681635019363183
0.00705747832892746
0.0071929432032523
0.00717018853224097
0.00696992622973838
0.00660732989812562
0.00612190549824598
0.00556262796924051
0.00497776006768873
0.00441320792691124
0.00391441299553353
0.00352322580964131
0.00326616860590522
0.00313965781647882
0.00310385633688608
0.00309468636349699
0.0030532064359975
0.00295930057571382
0.00285126619360353
0.00281860973312743
0.00296844273787762
0.00337873314063656
0.0040583410783791
0.00493175483097617
0.00585673360774885
0.00666987123419888
0.00724365884153241
0.00753261871281008
0.0075879566705781
0.00753184590645419
0.00750175622299838
0.00759239041883933
0.0078251572368773
0.00815865884376734
0.00852870101265742
0.00889006598464553
0.00923514457508864
0.00958283335121748
0.00995104004286491
0.0103342276819679
0.0107000340806716
0.0110041743556236
0.0112124330839502
0.0113177594714788
0.0113453285406074
0.0113430032298924
0.0113582101148919
0.0114077872204772
0.0114544114552645
0.0114055495632643
0.0111429030363367
0.0105744195556655
0.0096867168956657
0.00857228762987173
0.00741558053998142
0.00644043781293847
0.00583954434353621
0.00571515549938542
0.00605451307297051
0.00674612203249186
0.00762412557328044
0.00851788830839208
0.00928738563009937
0.00983797423680246
0.0101205543927325
0.0101269729173904
0.00988576848170236
0.00945688358613842
0.00892230031456293
0.00837278096305265
0.00789377391300923
0.00755260416122723
0.0073867161386421
0.0073932518974369
0.00752381765906059
0.00769086570425408
0.00778956241363727
0.00773073291418319
0.00747130614302314
0.00702690800834282
0.00646086499234577
0.00585841564188483
0.00530231189461201
0.00486053946263075
0.00458470781409984
0.00450991295259736
0.00464892009661525
0.00498136422332878
0.00544496120091093
0.00593672795891589
0.00632861165054728
0.00649597309734783
0.00635154028659515
0.00587416685827276
0.00512225831386617
0.00422568031087586
0.00335619647294002
0.00268345357603478
0.00232892074948019
0.00233169951841605
0.00263697859633968
0.00311098365501832
0.00357752385547057
0.00386392036301581
0.00384192911801386
0.00345325521071652
0.00271612954629353
0.0017148298274234
0.000576710341551377
-0.00055724873353333
-0.0015613902741554
-0.00234740928986764
-0.00287558582452001
-0.00315421191065515
-0.00322790719817751
-0.00315725073462157
-0.00299593399448219
-0.00277587312288292
-0.00250987419978505
-0.00221209529194998
-0.00192337178098333
-0.00172207140455505
-0.00170835730433074
-0.00196660270879565
-0.0025256227124916
-0.00333922200978837
-0.00429813245321004
-0.00526586860369858
-0.00611813265680612
-0.00676736913317143
-0.00716774887315328
-0.0073083428509291
-0.00720431745880517
-0.00689049621060983
-0.00641711995398909
-0.00584723824805677
-0.00525520416479516
-0.00472337004913624
-0.00433204472131344
-0.00414055567043451
-0.00416483298191205
-0.00436377601944981
-0.00464621724037076
-0.00490066099451669
-0.00503658158115538
-0.00501820712028713
-0.00487505782811605
-0.00468570972235248
-0.00454441066075911
-0.00452675211218785
-0.00466798571707715
-0.00495886722584998
-0.00535523939917389
-0.00579387576339172
-0.00620881989444123
-0.00654567157238763
-0.00677235322820795
-0.00688453370561102
-0.00690493819897024
-0.00687805959552116
-0.00686225339508509
-0.00691915228417201
-0.00709928676720095
-0.0074255635035359
-0.00788030109187408
-0.00840173349279395
-0.00889150307330765
-0.00923061469969112
-0.00930149715012757
-0.00901539898472422
-0.00834158176825207
-0.00732772457382656
-0.00609753557151061
-0.00481927706650421
-0.00365525895272132
-0.0027151388273429
-0.00203417199182801
-0.00158255013108221
-0.0012958205770386
-0.00111017121365835
-0.000990290584137402
-0.000943612662803226
-0.00101748367271029
-0.00127748749575164
-0.00177116868654874
-0.00249146094507606
-0.00336014465433732
-0.00424484259011178
-0.00500423326130736
-0.00553787236239038
-0.00581365085688531
-0.00586088850564624
-0.00573943537918276
-0.00550829679333537
-0.00521211246018143
-0.00488630526429472
-0.00456755082599536
-0.00429609673618979
-0.00410717729180971
-0.00401914104378275
-0.00402834515922351
-0.0041155845869628
-0.00426057200524058
-0.00445516448517564
-0.00470623162931263
-0.00502532778840757
-0.00541105512038428
-0.0058358238014976
-0.00624740349924424
-0.00658693262076131
-0.00681391138442402
-0.00692319463436553
-0.00694416858017533
-0.00692469164628409
-0.00691154507976323
-0.00693715384101777
-0.00701258124514071
-0.00712103360284355
-0.00721131275489267
-0.00720039632505826
-0.00699537519681339
-0.00653223254750824
-0.00581240074457703
-0.00491381937471615
-0.00396720880036036
-0.00310950507548176
-0.00243817325531099
-0.00198611783651599
-0.00172404423472616
-0.00158488856871366
-0.00149727990644228
-0.00141246851179535
-0.00131291147970881
-0.00120082942360154
-0.00107693781367633
-0.000925352457966862
-0.000715515540594407
-0.000419090869257673
-2.87350062499092e-05
0.000435260015771253
0.000935133304625011
0.0014354513068702
0.00191966725010384
0.00239404720999382
0.0028781241043328
0.00338769925109135
0.00391799192091401
0.00443270122344688
0.00486313162105913
0.0051204045948075
0.00512022540188825
0.00481310120239946
0.00420787287277161
0.00337800577074822
0.00244754145951685
0.00156113710694102
0.000846374481255158
0.000378102144579203
0.000156233652951414
0.000107722235758548
0.000116077580433406
6.90413620550372e-05
-9.52542632974875e-05
-0.000363921392671983
-0.000657355473997693
-0.000865378961180885
-0.000893964673093998
-0.000700297598675398
-0.000301402875168268
0.000242742885705629
0.000857522419470918
0.00147734900827903
0.00205698819436514
0.00257323368596664
0.00302432809758614
0.00343113285627459
0.00383648422453338
0.00429529381522421
0.00485314820949604
0.00552192612906394
0.00626726787546373
0.00701802573172959
0.00769492030159096
0.00824349263752115
0.00865338186327913
0.00895455157588463
0.00919585938150899
0.00942140088538861
0.00965767230704211
0.00991299395136649
0.0101812318923815
0.0104428021992731
0.0106641556934865
0.0108020016623107
0.0108142008857876
0.0106706184482144
0.0103553027372445
0.00986020193695968
0.0091813742053076
0.00832836369829884
0.00734370072214347
0.00631474512079754
0.00536014034723927
0.00459105016235234
0.00406890822799818
0.0037874736121546
0.00369107482441728
0.00371553934729152
0.00382411168758173
0.0040182272762375
0.00432373822648163
0.00476833825985876
0.0053648958192603
0.00610430589348657
0.00695385949369489
0.00785875342658764
0.00874919790316973
0.00955511457331564
0.0102238494539229
0.0107311099680997
0.0110786498465335
0.0112823738219415
0.0113617690440335
0.0113384589134717
0.0112414623634682
0.0111096264608875
0.0109839498514774
0.010891339799018
0.0108291754768239
0.0107611690576486
0.0106288587802553
0.0103740015104771
0.00996151872916514
0.00939410171592576
0.00871581474659891
0.00800702228525941
0.00737300922317065
0.00692597040221088
0.00675978066834559
0.00692127883016629
0.00738748949404036
0.0080598022309654
0.00878085788087566
0.009370174790424
0.0096664610126808
0.00956314407241487
0.00902858590189908
0.00810886937904545
0.00691510965293114
0.00559924704689555
0.00432363181043116
0.00323007720437775
0.00241329937869337
0.00190342705297207
0.00166303088168751
0.00160304119993118
0.00161613458182018
0.00161723237111912
0.00157431928460971
0.00151433124119495
0.00149963322111395
0.00158594566671755
0.00178343117011376
0.0020412200306957
0.00226216299278856
0.00233804039470192
0.00218613489696883
0.00177004727836696
0.00109820173199879
0.000206537669063357
-0.000859912460065462
-0.00205404247610176
-0.00332103613743229
-0.00459019857670617
-0.00577661897276619
-0.00679704668739517
-0.00759331279361201
-0.00815074339632851
-0.00850160485237501
-0.00871208191098483
-0.0088594477004905
-0.00900870313139304
-0.00919511645450035
-0.00941549494510386
-0.00962995156190634
-0.00977549509702247
-0.00978965999839114
-0.00963723803767695
-0.00932987781290134
-0.00892955645433029
-0.00853245841934383
-0.00823774438281188
-0.00811318663874982
-0.00817278736333777
-0.00837707500390565
-0.00865545447860297
-0.00893772020290869
-0.009176998117861
-0.0093534068130664
-0.00946202242549776
-0.00949896807285945
-0.00945751170667075
-0.0093349409677609
-0.0091414145247453
-0.00890165956706726
-0.00864773133553296
-0.00840857704368904
-0.00820389905562124
-0.00804563588815975
-0.00794452301291703
-0.00791596113211455
-0.00798023752666524
-0.00815593888409323
-0.00845008790309342
-0.00885141095387217
-0.00933156455951309
-0.00985335438957846
-0.0103794491671661
-0.0108748399921674
-0.0113018360142328
-0.0116132965093668
-0.0117525146804062
-0.0116641100870216
-0.0113121054698887
-0.0106954778306021
-0.00985258856441072
-0.00885251194413835
-0.00777757688750937
-0.00670338875875019
-0.00568127803483069
-0.00472714039535557
-0.00382112759826021
-0.00292154058541501
-0.00199030546014271
-0.00101875957429278
-3.8616997912314e-05
0.000890275949298589
0.0017090263153631
0.00238705136294383
0.00292994116602568
0.00336429050194626
0.00371212997869423
0.00397252828513392
0.00411930963674556
0.00411114038274311
0.00390435007648958
0.00346233452585356
0.00276232204907727
0.00180316015186503
0.000614283254903728
-0.000739539708059575
-0.00216428685395687
-0.00355471541838134
-0.00481720467871323
-0.00588586142065394
-0.00672348963307308
-0.00730795007982338
-0.00761378168261151
-0.00760320928714744
-0.00723631855094027
-0.00649781562308661
-0.00542436542003318
-0.00411295261752585
-0.00270227578301648
-0.0013376619299767
-0.000139700204383484
0.000809772979839603
0.00146563151795535
0.00181210210579886
0.00185894621485802
0.0016417710024344
0.00122063172273228
0.000671080091860792
6.775878785078e-05
-0.000532016906455987
-0.0010950705208284
-0.00160631424731112
-0.00205666772295706
-0.00243563765876369
-0.00273268764803437
-0.00294181472031952
-0.00306145685409436
-0.00308860975448962
-0.00301381732563174
-0.00282480775605881
-0.00252036481922157
-0.00212740820939261
-0.0017095066686816
-0.00135856908366946
-0.00117187369175326
-0.00122599195611837
-0.00155979824869847
-0.00217105512740326
-0.00302266649947786
-0.00405191749235491
-0.0051786829818054
-0.00631255739104805
-0.00736077213855108
-0.00823793165371869
-0.00887652342632334
-0.00923596485087321
-0.00930830928817107
-0.00911935373739011
-0.00872373542092493
-0.00819290289249591
-0.00759754141942197
-0.00699046095172082
-0.00639833676077999
-0.00582750817292752
-0.00528095359334696
-0.00477582766922105
-0.00434951613597253
-0.00404887396542227
-0.00390824029893603
-0.0039297296605167
-0.00407852349387664
-0.00429669053475637
-0.00452768782966699
-0.00473748367289545
-0.00492061339608231
-0.00508878835122416
-0.00525052979648679
-0.00539570759390819
-0.00549477971187953
-0.00551215828019699
-0.0054246344775081
-0.00523452977233626
-0.00497179678828337
-0.00468514015077051
-0.00442649145172099
-0.004235025636618
-0.00412618309071429
-0.00408867845904512
-0.00409000175923142
-0.0040890993375451
-0.00405273124591886
-0.00396940739670598
-0.00385407362766669
-0.00373971856743707
-0.00365792175906403
-0.00361643214409698
-0.0035853432828559
-0.00350176859675434
-0.00329511841205446
-0.00292386292721569
-0.00240635172305943
-0.00182878920286553
-0.00132341481091694
-0.00102360084513317
-0.001012563545006
-0.00128487137156417
-0.00173554940469451
-0.00218282199467103
-0.00241976271756187
-0.00227950529360283
-0.00169133261157213
-0.000705283679991831
0.00052615672539802
0.00180213761082263
0.00293952125296301
0.0038228006863979
0.00442019309381196
0.00476647132940848
0.00492795336901953
0.00496932748079141
0.0049356228495678
0.00485135952498082
0.00473011612699795
0.00458562806743491
0.00443867224207589
0.00431810430851676
0.00425686519686059
0.00428466237967224
0.00441917205467979
0.004657571663487
0.00497058285340158
0.00530197389440978
0.00557648447478974
0.00571707158077092
0.00566809328077058
0.00541621245950677
0.00499874399014067
0.00449303702014657
0.00398971096829971
0.00356140685452502
0.00324046285454799
0.00301261610688911
0.0028255666139178
0.00260748699910798
0.00229125202592032
0.00184022668958568
0.00126842666935103
0.000645264768523894
7.80189486233993e-05
-0.000325448897883004
-0.000499907057881082
-0.0004522826233862
-0.000262739707046202
-5.62808081685693e-05
4.2024955047236e-05
-5.08069886437332e-05
-0.000350892509000349
-0.000805487403853648
-0.00131106396343367
-0.00174411408324776
-0.00199519599719099
-0.00199638209482379
-0.0017346233290216
-0.00124871989732794
-0.000613352027624374
8.27926449836232e-05
0.000757646386364065
0.00135072363578355
0.00183132164266353
0.00220045229716793
0.00248689775020912
0.00273803882252084
0.00300728254478624
0.00334043942215335
0.00376300914758708
0.00427068098569509
0.00482629370519403
0.00536562988098878
0.00581126661437329
0.00609067763147109
0.00615355614211557
0.0059836916595166
0.00560269246949499
0.00506620006103579
0.00445550343456115
0.00386613892010942
0.00339215781474577
0.00310524698692713
0.0030330650087986
0.00314623754376303
0.00336274297468987
0.00357107476101912
0.00366435245073124
0.00357267298348662
0.00328275405022316
0.00283958034820316
0.00233075469711599
0.00185930854947452
0.00151398054621132
0.00134567253796631
0.00135511880691164
0.00149302675092579
0.00167247474236518
0.00179264238330508
0.00177017078483953
0.00156990645786318
0.00122398532557759
0.000830091959857354
0.000526189814540315
0.000447924266711285
0.00068335368642823
0.00124369781336346
0.00206419964684747
0.00303538531569053
0.00404833687774654
0.00502909932611425
0.00594466426777669
0.00678255864640083
0.0075236475849983
0.00812944363400711
0.00855050207909689
0.00874537529575449
0.0086948064774176
0.00840445990905544
0.00790014570795689
0.00722235856358146
0.00642282915548868
0.00556149699854543
0.00470166781055375
0.00390295527760243
0.00321355987329339
0.00266434759609951
0.0022666736104215
0.00201411938797088
0.00188660380899825
0.00185518433131442
0.00188672634965889
0.00194751886383619
0.00200406643337407
0.00202047323056552
0.00195574154806687
0.00176703189797998
0.00142227565383685
0.000918353242153117
0.000294859449857822
-0.000366573127341809
-0.000960723921355527
-0.00138914408281029
-0.00159064727626638
-0.00156045391044804
-0.0013515371631426
-0.00105815723878513
-0.000787456761728448
-0.000629258010255164
-0.000634756054385379
-0.000810209563950775
-0.00112457482038273
-0.00152523653235856
-0.00195539206334882
-0.00236799499566435
-0.00273259750472195
-0.00303369289034498
-0.00326282602645538
-0.0034101022024835
-0.00346144545876138
-0.00340512389497234
-0.00324547584125212
-0.0030160675506262
-0.0027827947973984
-0.00263227586984624
-0.00264967543389818
-0.00289618664090134
-0.00339522284042526
-0.00412995335154472
-0.00504913911760826
-0.00607685654589619
-0.00712347592200181
-0.00809741482445006
-0.00891818664073901
-0.00953043406925873
-0.00991584253751814
-0.0100969247374051
-0.0101273709878848
-0.0100699338680846
-0.00997148831352254
-0.00984918693857296
-0.00969674294601282
-0.00950743286226003
-0.00929804842773121
-0.0091150370969931
-0.00901482697422944
-0.00902894717062977
-0.00913726380725376
-0.00926907339599538
-0.00933450125100389
-0.00927024079410363
-0.00907539067708718
-0.00881808833369783
-0.00860828422673836
-0.00854943604001823
-0.00869345201349043
-0.00902184910574257
-0.00946169892836884
-0.00992595172765269
-0.0103558691259542
-0.0107450407017768
-0.0111367202842782
-0.0115999029411808
-0.0121971239659682
-0.0129568351149551
-0.0138585816310302
-0.0148340523168447
-0.0157831301966584
-0.0166003514845023
-0.0172027930123676
-0.0175479448548098
-0.0176340451410354
-0.0174854549411653
-0.0171345539810618
-0.0166116000058737
-0.0159453331496374
-0.0151677596781173
-0.0143140062231948
-0.0134135319199195
-0.0124777629848304
-0.0114947833929841
-0.0104392911632659
-0.00929622863575987
-0.00808593738631477
-0.00687533444713235
-0.00576647580530413
-0.00486670881895542
-0.0042548511503069
-0.00395866457214403
-0.00395053322131624
-0.00415787181552854
-0.00448025475296432
-0.00480812878239198
-0.0050425358128799
-0.005115054193202
-0.00500242489882279
-0.0047277841436434
-0.00434497429605925
-0.00391113620294737
-0.00345875726099158
-0.00297826313577249
-0.00241792842676213
-0.00170186608299197
-0.000760070248283764
0.000441344932347301
0.00188257318815469
0.00349171959856245
0.00516157913367059
0.00677080182713127
0.00820105847495764
0.00935031084362991
0.0101475805634648
0.0105709086348376
0.0106615952868066
0.0105237682474918
0.0103035677962961
0.0101525629859512
0.0101876064104823
0.0104602731951268
0.0109449688630162
0.0115489690098632
0.0121416285336639
0.0125944391481939
0.0128199750229951
0.012797732036754
0.0125789489161443
0.0122695583179811
0.0119977367816439
0.0118767545631056
0.0119733778298681
0.0122886809648983
0.012754879415919
0.013249538340122
0.0136253785885472
0.01374879920405
0.0135356249551299
0.0129726069884299
0.0121190633765327
0.0110910555699514
0.010035391223966
0.00910072075833102
0.00841055486757123
0.00804125098213836
0.00800771551506505
0.00826000543435479
0.00869400394369609
0.00917711581645988
0.00958436586932028
0.00983363451853334
0.00990615784630828
0.0098431997775161
0.00972010204915496
0.00960921836482435
0.00954827318238325
0.00952791947316368
0.00950274903465814
0.00941832760531348
0.00923937092780688
0.00896530929616232
0.00862818648707394
0.00827805999550849
0.00796611610467869
0.00773327780955437
0.00760566407181952
0.0075935757994783
0.00769061624948794
0.00787259647555005
0.00809871893373945
0.00831794877141387
0.00848107669988316
0.00855490870786953
0.0085318436857217
0.00842874690566153
0.0082743511436439
0.00809147883496738
0.00788406949861222
0.0076363184857319
0.00732404422984438
0.00693169129244529
0.00646607492876494
0.00596048986271725
0.00546772829695483
0.00504486410790351
0.00473476564834444
0.00454985963408216
0.00446421121149453
0.00441982476023063
0.00434872545078896
0.00420273827805068
0.0039744837551018
0.00369572148896268
0.00341381804291946
0.00316217580456766
0.00294304599548219
0.00273049864970832
0.00248825958767405
0.00219162260712854
0.00184483521254864
0.00148893288693007
0.00119662283783267
0.00105323713553563
0.00112871543145809
0.00145190417298036
0.00199903288608373
0.00270125595799347
0.00346627264779704
0.00420285324193338
0.00483818367075995
0.00532477726380833
0.00564058055854687
0.00578728396430914
0.00578768642664156
0.00567889280508547
0.0054994081038271
0.00527403007729792
0.00500475042861942
0.0046735790265236
0.00425567921197298
0.00373519961184131
0.00311688152104893
0.00243188577631167
0.0017393924246963
0.00112284046401032
0.000675880718342259
0.000475905160401912
0.000553127091734942
0.000871794884636791
0.00133730306964473
0.00182814533473546
0.00223555274666674
0.00248968080402219
0.00256308644440983
0.00245928716235916
0.00220087333542131
0.00182348589683259
0.00137032526983673
0.000880742341172702
0.000376302700115331
-0.000144534341179827
-0.000696612804458946
-0.00128900104800183
-0.00190931358400725
-0.0025194509115139
-0.0030615302254294
-0.00346875356894038
-0.0036784455588404
-0.0036470964359723
-0.00336554634715904
-0.00286896572294614
-0.00223585891561541
-0.00157403702943928
-0.000996794187557392
-0.000596553087881736
-0.000424149204991398
-0.000478853034717289
-0.000709113528150718
-0.00102141235371293
-0.00129644988648408
-0.0014136905928198
-0.00128187539586494
-0.000866584089884641
-0.000203708941649848
0.000607140858725062
0.00142715230384783
0.0021129021863419
0.00255108186926025
0.00268379458788576
0.00251787708700045
0.00211736505749319
0.00158403203719773
0.00103334376538153
0.000571373036185351
0.000275079720882887
0.000177457221666722
0.000260963804928674
0.000464146984055712
0.000703368675239364
0.000903665620449613
0.00102531480625747
0.00107299262509498
0.00108436832434578
0.00110714395289315
0.00117783880840892
0.00130984707231972
0.0014899723814552
0.00167994402404753
0.00182271614534596
0.00185617180030485
0.00173395896401431
0.00144652919998174
0.00103174147672167
0.000567715079838989
0.000148866940126627
-0.000146007942474288
-0.000281133419371492
-0.000275988104428895
-0.000197942691649661
-0.000138707891287699
-0.000184072964164768
-0.000388305823718859
-0.000762160617194615
-0.00127809169819945
-0.00188947106623287
-0.00255422540983167
-0.00325085833705998
-0.00397952312860919
-0.00475064113928459
-0.00557062329543019
-0.00643258717023364
-0.00731296242168176
-0.00817116525879855
-0.00895193054139528
-0.00959280545909764
-0.0100374100229941
-0.0102501915354188
-0.0102259792427452
-0.00998995731654764
-0.00958862102159227
-0.00907635339403726
-0.00850314819760975
-0.00790688873389903
-0.00731077063193569
-0.0067249823271595
-0.00615141193733525
-0.00558944687427151
-0.00503990174174119
-0.00450479967567716
-0.00398405115696291
-0.00347323830318988
-0.00296597464185039
-0.00246013153216283
-0.00196419547853535
-0.00150079365754801
-0.00110629850474355
-0.000825052596631374
-0.000696051924282636
-0.00073353962698902
-0.000910170100812485
-0.00115470825947529
-0.00137019915049261
-0.00146707041317723
-0.00139742036380387
-0.00117608010070956
-0.000879426149506914
-0.000621769854887488
-0.000518527665355965
-0.000650374328233684
-0.00104007860679467
-0.00164705346560403
-0.00237947850324084
-0.00312059641715902
-0.00376142248889592
-0.00422806945922555
-0.00449387978972826
-0.00457569719083036
-0.00452266834867558
-0.00440666048582862
-0.00431551623709175
-0.00434227594593311
-0.00456386833899266
-0.00501225675034839
-0.0056513915330103
-0.00637496956890842
-0.00703088043038044
-0.00746504662813204
-0.00756851092012429
-0.00731050614502423
-0.00674564967788533
-0.00599283742482414
-0.00519393787843556
-0.00446811929628807
-0.00387889858311386
-0.00342464446406637
-0.00305224942659171
-0.00268412534444265
-0.00224590446346293
-0.00168651403098829
-0.000988846801431911
-0.000172838824001367
0.000707779458415771
0.00157553763046049
0.00234626072442842
0.00295054432889535
0.00335414511451484
0.00357072853925067
0.00366202954901742
0.00372403960953958
0.00386210815950941
0.00416156293739797
0.00466223903976366
0.00534430798842467
0.00612972945253481
0.00690003841256475
0.00752729258641843
0.00791019486472491
0.00800314340880756
0.00782643799060835
0.00745360737324965
0.00698311192777592
0.00650840496458389
0.00609766681462552
0.00578602050886985
0.00557672731241035
0.00544768689956514
0.00536235038045708
0.00528462637451555
0.00519423449406894
0.00509569470600844
0.0050149735001856
0.00498364361370103
0.00501799221856414
0.00510465894879478
0.0052014276016482
0.0052527761351443
0.00521091163837003
0.00505084744271263
0.00477340775954706
0.00439778611167748
0.00395009574757536
0.00345457979539865
0.00293117366647357
0.00239929389775147
0.00188491205222582
0.0014265317516812
0.00107531763126213
0.000886216536939956
0.000901588715160891
0.00113455141865569
0.00156105275662345
0.00212541768560617
0.00275700914295509
0.00339077089411623
0.00398405799108605
0.00452524198828619
0.00503318566799072
0.00554829290055413
0.00611601878225444
0.00676555284889807
0.00749039959654665
0.00823955427725435
0.0089242796157135
0.00943838560757062
0.00968476605687931
0.00960004430247621
0.00917086855498625
0.00843779772127441
0.00748565199798025
0.00642286355113208
0.00535594795862417
0.00436703660115606
0.00350106053364446
0.00276509579351655
0.00213797750122134
0.00158578705055967
0.00107846365304103
0.000603526454659063
0.000173638892847443
-0.000174976986549753
-0.000395499512436777
-0.000453566611587924
-0.00035262254379164
-0.00014851627061224
5.76281676761917e-05
0.000149008101132825
3.37414295947183e-05
-0.000321125935312111
-0.000876578511333214
-0.00153413662650061
-0.00216766269793157
-0.00266132695770445
-0.00294014871788838
-0.00298455415035159
-0.00282728262235686
-0.00253658068142883
-0.00219302039360596
-0.00186829201607276
-0.00161216843366263
-0.00144879572269901
-0.0013786315123269
-0.00138154079103671
-0.00142008104319453
-0.00144583085521152
-0.00141139374025207
-0.00128627070744506
-0.00107024193231773
-0.000797543104598752
-0.000529559073468538
-0.000339524593307017
-0.000295506141637103
-0.000446401071400468
-0.000812406513689942
-0.00137994246647258
-0.00210210919533255
-0.00290667925384622
-0.00371133375167534
-0.00444096233338713
-0.00503908587829477
-0.00546902031150746
-0.00570820604991779
-0.00574362539920437
-0.00557280798468527
-0.00520786749295693
-0.00467733176250762
-0.00402412106544013
-0.00330214570190394
-0.00257328678176391
-0.00190279030992315
-0.00135045633732441
-0.000959443926455076
-0.000748904745770124
-0.000715226382994125
-0.000840410421004718
-0.00110143685399183
-0.00147543507018463
-0.00193988771063734
-0.00247033016700779
-0.00303849446090109
-0.00361309899833797
-0.00416433955591709
-0.00467087405689752
-0.00512550295166197
-0.00553579496541133
-0.005919630563545
-0.00629958881233356
-0.00670000937407244
-0.00714647617036533
-0.00766379006811193
-0.00826920676097658
-0.00896243714607484
-0.00971838192603688
-0.0104885980690741
-0.0112127231488668
-0.0118351718618351
-0.0123195142458094
-0.0126545155291973
-0.0128505406792424
-0.0129300877100334
-0.0129186075131151
-0.0128402027564321
-0.0127188331122179
-0.0125821100813917
-0.0124633357554249
-0.0123983105908102
-0.0124161407955555
-0.0125269554954732
-0.0127125607561506
-0.0129264488135626
-0.0131056838946232
-0.0131904156424782
-0.0131420118664832
-0.0129521809121232
-0.012641472840427
-0.0122506677245253
-0.0118296255620375
-0.0114268363070243
-0.0110817488158706
-0.0108211419502148
-0.0106593917360089
-0.0106007747305643
-0.0106411816560598
-0.010767444317268
-0.0109543550776901
-0.0111611637325239
-0.0113300257426274
-0.0113887779547597
-0.0112600517049959
-0.0108774904040389
-0.0102065309632569
-0.00926248179350819
-0.00811595386952268
-0.00687909224177618
-0.00567597332920714
-0.00461118644014302
-0.00375272189712803
-0.0031348118119924
-0.00277104764233302
-0.00266185006810402
-0.00278916931813228
-0.00310636061713058
-0.00353784120072877
-0.00399555311482058
-0.00440525713707438
-0.00472798473048875
-0.00496608488548683
-0.00515393233141709
-0.00534115329864024
-0.00557653128859696
-0.00589595336495125
-0.00631309364837135
-0.00681075591260629
-0.00733444126454146
-0.00779447322387396
-0.00808332728612639
-0.00810802416507441
-0.00782752130748644
-0.00727924429489886
-0.00658144643788995
-0.00590766135642527
-0.00544095797443905
-0.00532320952299473
-0.00561537905137842
-0.00628046294307307
-0.00719400971623873
-0.00817924937952393
-0.00905603317410694
-0.0096879420735494
-0.0100126628650942
-0.0100469051776088
-0.00986632061902127
-0.0095695778719385
-0.00924032491745884
-0.00891953347143749
-0.00859536586855597
-0.00821166049369368
-0.00769143230061224
-0.00696829993164617
-0.00601620425982924
-0.00486727154222916
-0.00361064533694373
-0.00237153981513516
-0.00127763305556426
-0.000425753047684162
0.000137982550231079
0.000418071885296131
0.000453528138162027
0.000297684270396459
5.85881046748221e-06
-0.000365319505571109
-0.000753357126649842
-0.00109058411795282
-0.00131542569092774
-0.00139031669477108
-0.00131662196383086
-0.00113811169116187
-0.000930155393564504
-0.000777720850145671
-0.000749242826633005
-0.000874857851103087
-0.00113602437790829
-0.00146946532676265
-0.00178349787618053
-0.00198139109066016
-0.00198536435217267
-0.00175570524276947
-0.00130116627832758
-0.000678398154542124
2.04245390690912e-05
0.000690598547980752
0.00124386831327435
0.0016347176362972
0.0018734888956741
0.00201902547731338
0.00215189195299017
0.00233902148376596
0.00260571243804684
0.002927136716818
0.00324119915203959
0.00347489127298616
0.00357239126228207
0.00351460284540744
0.00332412274243624
0.00305564698691532
0.00277794470946723
0.00255642461227476
0.00244299804979628
0.0024740172737757
0.00267146111150455
0.00304114057992
0.00356595232917141
0.00419900998768854
0.00486477115596168
0.00547272105237376
0.00594050844526156
0.00621741010139811
0.00629831120216736
0.00622279040877771
0.0060604483595232
0.00588875421778794
0.00577127144819017
0.00574258380544678
0.00580355928125366
0.00592792424022309
0.00607792091955794
0.00622289778963039
0.00635232613041594
0.00647695319658904
0.00661825423473398
0.00679277482682849
0.00700012750998764
0.00722049717631772
0.00742187587306549
0.00757230382302865
0.00765046443771359
0.00764920661441879
0.00756996008893177
0.0074109152444598
0.00715676837116027
0.00677898380960475
0.00624981816994387
0.00556338442104916
0.00475029807622171
0.00387461742822273
0.00301191999479383
0.0022191518123852
0.00151282281834317
0.000867594007599325
0.000234350831792628
-0.000435528016792764
-0.00117506078990715
-0.00200093138750758
-0.00291876256627016
-0.00392143872788543
-0.00497656426673128
-0.00601311438347436
-0.00692227745397642
-0.00757864995052164
-0.00787433368812928
-0.00775210520816033
-0.00722694432109692
-0.00639064144341305
-0.00539657797518059
-0.00442413424716676
-0.00362954001127883
-0.00309976060870386
-0.00282915445360177
-0.00272978516235327
-0.0026700474753231
-0.00252340193562732
-0.00220739144474778
-0.00170198396453209
-0.00104795516221371
-0.00033266959264539
0.000330101525751768
0.000824039093576125
0.00105730489199852
0.000988330549922945
0.00064035738823615
9.5671529485202e-05
-0.000529125147808247
-0.00111376877736855
-0.0015563504275224
-0.00178221555786653
-0.00174624164804774
-0.00143627273203483
-0.000877853231135855
-0.000133441362082733
0.000709769824240194
0.00156189601178291
0.00235371794761455
0.00305131999675611
0.00365610105069161
0.0041907646862154
0.00467780741627453
0.00512042406218029
0.00549486379908697
0.005757395296594
0.00586095074489756
0.00577167030323144
0.00547734575896327
0.00498625398580412
0.00432091136138989
0.00351291554791614
0.00260190459571734
0.00163652120440274
0.000672237914608798
-0.000237234316065239
-0.00105270601649881
-0.00175980386588792
-0.00237067059130904
-0.00291541225951581
-0.00342643731356931
-0.0039217723751481
-0.00439433327080316
-0.00481269681643603
-0.00513465905208137
-0.00532883809095111
-0.00539461891634871
-0.00536976326468515
-0.00531955951163663
-0.00531055325889041
-0.0053813234207487
-0.00552596802240713
-0.00569924934505671
-0.00583935637664813
-0.00589431291906458
-0.00583841970209196
-0.00567426002303268
-0.00542528068580986
-0.00512670865227245
-0.00481862855838036
-0.00453992876007261
-0.00432072506135649
-0.00417432398506454
-0.00409357406830905
-0.00405576875338191
-0.00403466078410416
-0.00401226600891853
-0.00398229911099354
-0.00394256450996155
-0.0038818465242969
-0.00377190177841043
-0.00357259566164356
-0.0032488806516587
-0.00278909775653593
-0.00221267248355654
-0.00156275220852021
-0.000889150033329607
-0.000231686347646096
0.000388194528437261
0.000965363747412285
0.00150139664631312
0.00199287255807809
0.00242329309448057
0.00276290806106482
0.00297789581439434
0.0030463543012815
0.0029747544703
0.00280694819956104
0.00261965890370244
0.0025032104190149
0.00253267248607827
0.00274019744200765
0.00310076707609762
0.00353886893569587
0.00395460882828948
0.00425931208294772
0.00440707329644811
0.00441093926837875
0.00433835978200912
0.00428750612735498
0.00435245168554919
0.0045897978295915
0.00499980309194063
0.00552948576421103
0.00609533100884594
0.00661471938734293
0.00703272427215154
0.00733484295292307
0.00754359301038923
0.00770388596466336
0.00786519625822676
0.00806665325811506
0.00832730801064856
0.00864225911489072
0.00898617764144995
0.00932494660911749
0.00963165290642558
0.00989888045563069
0.0101403766278972
0.0103817284493327
0.0106460859223077
0.0109419676742899
0.0112565400041756
0.0115548874883222
0.011786410635523
0.0118997102941282
0.0118626025112177
0.0116772611428701
0.0113803683370699
0.011027318453347
0.0106700185059242
0.0103399829100969
0.0100421405184682
0.00975821253264726
0.0094569986070789
0.00910963614730608
0.00870621889009076
0.00826694647998723
0.00784110303258402
0.00749252774353852
0.00727731858880395
0.00722352495862982
0.0073216303577543
0.00752966840692645
0.00779026098717925
0.00805186440694733
0.00828551572463636
0.00849114124228093
0.00869148239814575
0.00891522323459067
0.00917479733702051
0.00944908338289444
0.00968303228450758
0.00980943566674594
0.00978318029998537
0.00960660600300223
0.00932844734977449
0.00901741062322233
0.00872901710904547
0.00848604393018144
0.00827951903696499
0.00808268827183009
0.00786639330271009
0.00761004779816257
0.00730839413847426
0.0069741314211535
0.00663354314250981
0.00631370645644664
0.00602686992697297
0.00576284451389422
0.00549658193411647
0.00520739563374713
0.00489794110912157
0.00460200846841277
0.00437805003365582
0.00429240953843581
0.00439799057973968
0.00471298862182204
0.00520492566870829
0.00578770798750991
0.0063386085459069
0.00673396305698636
0.0068904914697996
0.00679274044683466
0.0064926381611665
0.00608208276208267
0.0056540870820745
0.00527257523883725
0.00496309521186241
0.00472302635282236
0.00454008418864809
0.00440707321375768
0.00432666065656642
0.00430710160873855
0.00435446584027299
0.00446728583192988
0.0046359056644775
0.00484428626499825
0.00507098156732468
0.00528931179360746
0.00547034039497667
0.00559153031561596
0.00564860506988746
0.00566248848031856
0.00567288687475282
0.00571744136836696
0.00580630887942616
0.00590797984404255
0.00595722186013122
0.00588297124437988
0.00564214580203063
0.00524236979523011
0.00474280194322717
0.0042328066270358
0.00379791566511529
0.00348754270093409
0.00329721064420324
0.00317108414730584
0.00302285084152239
0.00276789518974523
0.00235704933290332
0.0018006762697162
0.00117243417487409
0.000587393262296101
0.000159796333629087
-4.24588505770313e-05
-2.43378778561179e-05
0.000143718100267548
0.000363965169011444
0.000558981446286937
0.000701434856229095
0.000810112602790788
0.00091814394908637
0.00103644971378815
0.00113617771828494
0.00115931122515994
0.00104876816977462
0.000780268443731726
0.000381121149447251
-7.00416130355661e-05
-0.000461092779297821
-0.000676429519065152
-0.000631126784637815
-0.000298530753497625
0.000279302383704694
0.00100346893242719
0.00174857730156851
0.00240048804215802
0.00288839844475013
0.00320154184693816
0.00338665307784178
0.0035284513726058
0.0037204646581055
0.00403614119547863
0.00450870394712601
0.00512323531460116
0.00581990975965417
0.00650629963375218
0.00707759033828777
0.007442060792673
0.00754477212169677
0.00737989168604109
0.00698599469547562
0.00642763241600542
0.00577393369755826
0.00508504971078463
0.00440968359088701
0.00378822053087051
0.00325377096170839
0.00282888009336198
0.00252194773579846
0.0023277293231125
0.00223167394547471
0.00221485612388301
0.0022578408180675
0.00234419942294863
0.00246374899172675
0.00261377481652718
0.00279719024899554
0.00301900569191235
0.00328298683379714
0.00358857055775491
0.00392731850036776
0.00428031083740636
0.0046203918222403
0.00492186399688233
0.00517411933685822
0.00538941834201627
0.00559557987364582
0.00581385289910828
0.0060340885696165
0.00620333098054743
0.00623621418306811
0.00604252540525232
0.00555912247730408
0.00477396302353174
0.00373507500738805
0.00254196175737177
0.00132130066600198
0.000194537327809898
-0.000750396809104829
-0.00147240439257125
-0.00197268466443252
-0.00227840546670885
-0.0024245537732318
-0.00244152239797516
-0.00235062349980528
-0.00216557702724343
-0.00189695795879357
-0.0015575094467933
-0.00116681686597914
-0.000753163362952863
-0.000350110721018489
1.23177536725802e-05
0.000317836362048444
0.000569495484218746
0.000787353419196555
0.000999662899875779
0.00123156633555695
0.00149472129984822
0.0017799976201211
0.00205512779695893
0.00226939738755471
0.00236677752975017
0.00230629301879021
0.00208382845641396
0.00174534823872914
0.0013819729262949
0.00110456342685732
0.0010057901700305
0.00112463011664774
0.00142827074587828
0.00182033057541909
0.00217450784607979
0.00238178567775055
0.00239137236897559
0.00222625279416022
0.00196590790161491
0.00170602279972705
0.00151683368413206
0.00142001886167499
0.00139071246936605
0.00137690440276114
0.00132288982333272
0.00118742467117138
0.000954277323660738
0.000636697599339864
0.000277065284190074
-5.8466357707303e-05
-0.000290727040966227
-0.000342952218972797
-0.00015862842841124
0.000281937444604418
0.00095128320621014
0.00177563120433246
0.00264888168333962
0.00345614317033286
0.00409855716883975
0.00451135533494162
0.00467160967267787
0.00459641299182688
0.00433306566396747
0.00394214852955749
0.00347586645024654
0.00295786227509172
0.00237303359211679
0.0016733395286304
0.000798474451760618
-0.000297408827375527
-0.00162485289194243
-0.00315189121206348
-0.00480947239188182
-0.0065021020203062
-0.00811760201204614
-0.00953653186390871
-0.0106457534828427
-0.011357515164191
-0.0116293674292131
-0.011477577808212
-0.0109787043724273
-0.0102577076664783
-0.00946447059731861
-0.00874367966067145
-0.00820517072112163
-0.00790221644751633
-0.00782386086990318
-0.00790444626500787
-0.00804850847238888
-0.00816326777008374
-0.00818777044658692
-0.00811006056355829
-0.00796905141909057
-0.00784135061683192
-0.00781518191288216
-0.00795770638369587
-0.00828817144604678
-0.00877026082961098
-0.00932771981565077
-0.00987344008249738
-0.010335504770718
-0.0106693749317295
-0.0108569001515347
-0.0108997533297052
-0.0108133172185312
-0.0106216710157311
-0.0103520712676158
-0.0100299728957363
-0.0096784930840257
-0.00932398947707663
-0.00900289241506365
-0.00876081354083187
-0.00863898156322955
-0.0086535797580785
-0.00878193416265045
-0.00896735388412206
-0.00914184283430852
-0.00925266703266096
-0.00927625815780811
-0.0092135639359494
-0.00907536242257114
-0.00887177666552039
-0.00861362922334218
-0.00832203636303873
-0.00803648953893428
-0.00781336615385512
-0.0077130179975738
-0.00778036562474833
-0.00802808038662536
-0.00843008017280253
-0.00892670043587573
-0.00943704389472588
-0.00987351808504043
-0.0101565676498139
-0.0102286904794306
-0.0100650031295134
-0.00967703363027064
-0.00910935928881956
-0.00843200376500999
-0.00773131007383285
-0.00709917665526671
-0.0066191800658381
-0.00635040028526557
-0.00631388887863608
-0.00648857410075631
-0.00681993770319547
-0.00723753002317632
-0.00767244932731962
-0.00806805103500158
-0.00838372102392493
-0.00859532004219374
-0.00869389821808504
-0.00868083073621295
-0.00855825873868158
-0.00831886391322838
-0.00794325226908625
-0.00741080194223206
-0.00672040756465029
-0.00590833555523253
-0.00505041240278096
-0.00424609803268269
-0.0035936931567908
-0.00316924106857429
-0.00301564419941608
-0.00314013755968
-0.00351441393736443
-0.00407385284088389
-0.00471774987375903
-0.00531714607770964
-0.00573663206061927
-0.00586907980947143
-0.00567113613283517
-0.00518147933139037
-0.00451000891819317
-0.00380120689530491
-0.00318817861033792
-0.00275673192800553
-0.00253109591556597
-0.00248093650043993
-0.00254066844056942
-0.00263072858309743
-0.00267503301285769
-0.00261394538389437
-0.00241344279197426
-0.00206938145276759
-0.00160474977588864
-0.00105983663944741
-0.000478630765393477
0.000103659091457781
0.000668298701365618
0.00121481068372151
0.00175769079510676
0.00231933037473645
0.00291985603947341
0.00356522437138159
0.00423784078301737
0.00489627280583856
0.00548780722613827
0.00596967231440913
0.00632755029234139
0.00657989601659461
0.00676474753385185
0.00691712032951576
0.00705174378681608
0.00716236226894767
0.00723683017857444
0.00727558621552593
0.00729903324802612
0.00733850799931945
0.00741822354622031
0.00754137862981717
0.007688448893994
0.00782526027174376
0.00791267811453964
0.00791283084642435
0.00779372013664302
0.00753696568968177
0.00714961489448802
0.00667423033249386
0.00618781388356952
0.005783295101408
0.00553656574704334
0.00547213277694262
0.00554460199901575
0.00564768737068876
0.00564964507507637
0.00544135932464013
0.00497788744302052
0.00429756013122483
0.0035110952758993
0.00276331204398247
0.00218062778887526
0.00182532463588297
0.00167655250731547
0.00164585011157878
0.00161798747705006
0.00149689063670406
0.00123736124682456
0.000853569232928061
0.000406931634746887
-1.76116798088088e-05
-0.000337829729132717
-0.00049667276945996
-0.000477141327293196
-0.0003073148322872
-5.5041855196894e-05
0.000186490253445846
0.00031997941781361
0.000268357152788406
-3.97438171204707e-06
-0.000481146406320528
-0.00110245604525326
-0.00178296579229701
-0.00243767908556288
-0.00299853659507476
-0.0034209514760513
-0.00368471821515175
-0.00379552581628859
-0.00378768630687276
-0.00372237536623728
-0.00367532201590912
-0.00371472400766302
-0.00387906333201846
-0.00416783200176933
-0.00455181559726692
-0.00499691406493723
-0.00548597666588467
-0.00602475443471785
-0.00662953915383439
-0.00730582035592481
-0.00803113219008444
-0.00875117308217469
-0.00939139336590033
-0.00988007655630798
-0.0101741291109245
-0.0102764384817473
-0.0102360925263701
-0.0101302097358422
-0.0100348431133672
-0.00999745339365076
-0.0100224610495347
-0.0100751883625442
-0.0101008719885368
-0.0100485114106072
-0.00988801337104904
-0.00961409666348605
-0.0092385193654536
-0.00877861162498991
-0.00825105491517397
-0.00767445930097717
-0.00707609536610817
-0.00649365643620168
-0.00596646801622035
-0.00551990029922543
-0.00515418210279008
-0.00484731433531798
-0.00457158028393324
-0.00431263299948483
-0.00407847303491522
-0.0038938622115558
-0.00378610851574438
-0.00377226687700975
-0.00385404459372349
-0.00402004077276303
-0.00425097986713135
-0.00452404810953889
-0.00481542708941516
-0.00510271945731603
-0.00536905675338198
-0.00560807295249309
-0.00582591411796451
-0.00603634693367867
-0.00624907207827517
-0.00645706521520289
-0.00663148681667868
-0.00672926779439137
-0.00671042088144179
-0.00655519225601385
-0.00627091781388339
-0.0058855326198123
-0.00543374169516254
-0.00494558213612548
-0.00444285918809075
-0.00394134598227802
-0.00345253115870482
-0.00298050197374628
-0.00251469203446643
-0.0020239161173865
-0.00145854364343508
-0.000764372346829493
9.51074082855306e-05
0.00111751472366537
0.00225165711085751
0.00340365973545282
0.00445636112485804
0.00529474109490177
0.00583050102227175
0.00602147744023819
0.00588299898375982
0.00548805585754268
0.00495358450625204
0.00441370053072358
0.00398671100877068
0.00374704207051796
0.00371184556569177
0.00384553801320075
0.00407829980452602
0.00433043252666062
0.00453436673654234
0.00464899205957889
0.00466467354148592
0.0045995867124674
0.00448878018059457
0.00436877943777374
0.00426337230866687
0.00417783188753859
0.00410588271416162
0.00404623948190554
0.00401796154628061
0.00406217027141959
0.00422486296318285
0.00452822336879933
0.00494722008094525
0.00540660013738867
0.00580106137291892
0.00602785111660106
0.00601632992133551
0.00574451234434292
0.00524128055874738
0.00457809129184704
0.00385455122602813
0.00318080676711571
0.00265843648189717
0.00236139193193567
0.00231985232052958
0.00251178226820187
0.00286716455626742
0.00328644799300489
0.00366872542750228
0.00394020365837169
0.0040729247284104
0.00408767172518164
0.00404096725374154
0.00400117453256059
0.00402184173038204
0.00412178605941018
0.00428024053990128
0.00444995649575985
0.00458233335989593
0.00465164722922052
0.00466566138339399
0.00465764807018391
0.00466526156815856
0.00470845973510075
0.00477779434937953
0.00483698326103705
0.00483576313649918
0.00472637256530003
0.00447938016786201
0.00409690503684399
0.0036206175975089
0.00313039338040417
0.00273051751625493
0.00252465968580087
0.00258654030777418
0.0029369066964692
0.00353591304285727
0.00429326528441492
0.00509100708052646
0.00581055443182917
0.00635706671106718
0.00667696194568464
0.00676572172585625
0.00666410310070148
0.00644344481273129
0.00618423610560216
0.00595411690932568
0.0057912772091746
0.00569781636734164
0.00564510244493257
0.00558889622622503
0.00548760452935438
0.00531633817405356
0.00507369576346887
0.00478305556260225
0.00449037447430055
0.00425695463310144
0.00414467928561043
0.00419599891359407
0.00441685781659774
0.00477133612006045
0.0051913054776621
0.00559730093040139
0.00592227218260053
0.00612927906298571
0.00621705425124937
0.00621226348941497
0.00615238301696756
0.00606673170241486
0.00596407837935489
0.00583244929605774
0.00565073035159852
0.00540538763502829
0.00510311484129655
0.00477298232141061
0.00445759583047414
0.00419834248743849
0.00402231539301423
0.00393681823952202
0.00393248951342044
0.00399130458127302
0.00409407789526518
0.00422381239512267
0.00436441144206575
0.00449731990306376
0.00460060336982634
0.00465419963724476
0.00465056381917934
0.00460404731976356
0.00455040027101539
0.00453295152852821
0.00458111502931146
0.00469266027613994
0.0048292796619285
0.00492740930974845
0.00491852210485377
0.00474960661299277
0.00439645050874754
0.00386741643597415
0.00319951449365329
0.00244943555860598
0.00168136282198231
0.000953404097522531
0.000305461534812483
-0.000248317230704788
-0.000720184575020666
-0.001141619297684
-0.00154947529249591
-0.00196955766266263
-0.00240419212684
-0.00282982720708108
-0.00320659087328341
-0.0034963048663063
-0.00368157771752671
-0.00377755124542888
-0.00382998985658859
-0.00389872158930478
-0.00403246427918438
-0.00424618914824362
-0.00451203680643557
-0.00476885382919926
-0.00494613375717721
-0.00499029159896691
-0.00488010603258037
-0.00462547953498549
-0.0042543512268718
-0.00379865561473888
-0.00328808777243801
-0.00275318979300189
-0.00223224262541018
-0.00177327037610087
-0.0014250264519802
-0.00121876918521044
-0.00115100230487584
-0.00117867166698454
-0.00123046348151374
-0.00122776584102033
-0.00110529087589849
-0.000825625620513395
-0.000387874088206916
0.000168249531266891
0.000765392063474538
0.00130427101767384
0.001693649529472
0.00188489261920444
0.00189249381770359
0.00178566736491327
0.00165251176531857
0.00155571303440184
0.0015043672731754
0.00145690450201983
0.00135232905584118
0.00115167760840402
0.000866630310847217
0.000559804517288415
0.000317048011536876
0.000207098205109162
0.000250085157575887
0.000410763604023275
0.000618561437566174
0.000802270528051022
0.00092062067607368
0.000974245724135691
0.000995447788146471
0.00102272309809319
0.0010736198898188
0.00113108207239144
0.00115275955365254
0.00109942638969534
0.000964856304911137
0.000786646260920581
0.000629570576330713
0.000551431819618282
0.00057242470099201
0.000665869087523489
0.000774525039995477
0.000841831924479943
0.000839616832871516
0.000777087312673846
0.000688222419298047
0.000607871215132766
0.000551725197674565
0.000509639147654315
0.000452223086100618
0.000344871535484266
0.000162517473027609
-0.000100601880269468
-0.000429620307745986
-0.000795020188602473
-0.001160361160131
-0.00148690910665707
-0.00173609538986285
-0.00187487129639602
-0.00188613020284127
-0.00177925445429522
-0.00159212164915313
-0.00137991049755588
-0.00119517823562624
-0.00107057714731934
-0.00101393175752943
-0.00101613112651006
-0.00106343071571728
-0.00114441992559364
-0.00124780661080356
-0.00135482649665779
-0.00143438277222028
-0.00144741756404759
-0.00136024082342311
-0.00115942118562453
-0.000859411445608605
-0.000499293720806059
-0.000131371848662174
0.000193406630629469
0.000439079106847765
0.000593280179614297
0.000666138778191188
0.000677613632859472
0.000638794098454961
0.000538752476957789
0.000346454097035038
2.754979877314e-05
-0.000433577568609957
-0.00101848918861553
-0.00167335467922032
-0.00232179872530817
-0.00288656584744832
-0.00331175939598339
-0.00357728044847405
-0.00369995689772077
-0.00372149891679329
-0.00368991409828317
-0.0036446752354415
-0.00361327607214347
-0.00361780304002831
-0.00368062039831467
-0.00381769400250732
-0.00402053863259402
-0.0042434543029508
-0.00441401242589426
-0.00446607842961704
-0.00437269766858633
-0.00415388102462355
-0.00385552735899815
-0.00352045343138066
-0.00317742130579497
-0.00285474107510058
-0.00259968402683243
-0.00247788729266561
-0.0025456642682954
-0.00281488031729015
-0.00323883511919562
-0.00373074085382611
-0.0042012173384136
-0.00459035110884438
-0.00487891844177441
-0.00507966432865979
-0.00521870588549229
-0.00531663440434383
-0.00537535407354561
-0.00537483061686321
-0.0052818707973539
-0.00506781017367567
-0.00472574890053199
-0.00427681430016567
-0.00376171798077149
-0.00322413196347149
-0.00269774160399849
-0.00220454049616642
-0.00176175188744375
-0.00138799620600743
-0.00110191990891181
-0.000914924225396804
-0.000825126915063169
-0.000818054487349348
-0.000874210119129383
-0.000979520475720533
-0.0011330288422604
-0.00134671938715853
-0.00163580310395301
-0.00200371943982764
-0.00243044102913072
-0.00287128365167119
-0.00326713736540325
-0.00356073244788043
-0.00371113694429521
-0.00370066100796254
-0.00353314614041786
-0.00322766261491474
-0.00281354247000054
-0.00232938416381786
-0.00182249911300855
-0.00134219481343283
-0.00092453338886235
-0.000575297299240464
-0.000263605202578259
6.58215171158525e-05
0.000466360582941899
0.00096441454127179
0.00155019186916342
0.00218751527349392
0.00283330054112821
0.00345365556833316
0.0040298577988453
0.00455642430972587
0.0050374155840178
0.00548468295009906
0.00591702032653631
0.00635647972658732
0.00681930010644765
0.00730346228553447
0.00778022297182052
0.0081984732157802
0.00850449302030139
0.00866783164790632
0.00869628342780196
0.00862826795692152
0.00850715660561397
0.0083559284693115
0.00816996659012949
0.00793138105864875
0.00763204409380954
0.00728710710037577
0.00692922451921955
0.00658862757005716
0.00627455644969882
0.00597260490446404
0.00566124188603499
0.00533661317435266
0.0050273645930758
0.00478675292104863
0.00466515614562374
0.00468101742266521
0.00481013191772725
0.00499982567708037
0.00519673376863191
0.0053688852623437
0.00550984822708948
0.00562738104993033
0.00572906818003446
0.00581599960763818
0.005885995395289
0.0059396088344154
0.00598174510902554
0.00601740171456136
0.00604531205641826
0.00605459447198895
0.00602766403568028
0.00594899700427883
0.00581502157696553
0.00563847480577184
0.00544370441614491
0.00525536140887172
0.00508620770043736
0.00492850418870464
0.00475113648474449
0.00450399697256817
0.0041302312865879
0.00358348119661049
0.00284354751455564
0.00192433032607024
0.000872821587701677
-0.000237115091408818
-0.00131183843837915
-0.00224549207812438
-0.00293204582279913
-0.00328572182569892
-0.00326729230684997
-0.00290475172144642
-0.00229331222633401
-0.00156802342103492
-0.000859721534446416
-0.0002579767903911
0.00019950699667342
0.000510762411167611
0.000684115194170207
0.000722761434352538
0.000625932343943194
0.000398875628667576
5.95197808466496e-05
-0.000363850951615279
-0.000840433104726096
-0.00134353818988451
-0.00185341866019391
-0.00235882427578604
-0.00285936136295148
-0.00336567524444041
-0.00389249380293726
-0.00444525587751007
-0.005009272676957
-0.00555133585283032
-0.00603438555739828
-0.00643459331833242
-0.00674837231970345
-0.0069865781789961
-0.00716476438953542
-0.00730009604781158
-0.00741596959065145
-0.00754503371753452
-0.00772139893265475
-0.00796322635597122
-0.00825687415540372
-0.00855420904407737
-0.00878644819838361
-0.00888840977706817
-0.00882228502636266
-0.00859128631867864
-0.0082387663314544
-0.00783435941432736
-0.00745268370226692
-0.00715166201743213
-0.00695753639749774
-0.00686204854963886
-0.00683270307208205
-0.00683040062521683
-0.00682471942694457
-0.00679987858546325
-0.00675198158068526
-0.00668374152367343
-0.0066022373275281
-0.00652051213208428
-0.006459834187263
-0.00644845773981543
-0.00651434252501763
-0.00667278530690439
-0.00691396521444464
-0.00719725453066374
-0.00745694323775516
-0.00761915153075597
-0.00762491573511888
-0.00745120478373563
-0.00712108306430879
-0.00669810415549096
-0.00626757470108498
-0.00591334280317788
-0.0056982577749064
-0.00565108373234599
-0.00575913833850811
-0.0059676137468598
-0.00618942450940305
-0.00632755066064051
-0.00630457152240911
-0.00608715044820288
-0.00569334459619155
-0.00517911059382025
-0.00461168658186491
-0.00404394807361404
-0.00350173641438837
-0.00298793618709315
-0.0024983556026034
-0.00203986909467187
-0.00164169702994167
-0.001353954853655
-0.00123202610860502
-0.0013112685176291
-0.00158311771761044
-0.00198605193879487
-0.00241890028020665
-0.00277202504282946
-0.00296196758577742
-0.00295386207298797
-0.00276370519315012
-0.00244394977469696
-0.00206334516563252
-0.00169103399563388
-0.00138773054785441
-0.00120023657274815
-0.00115489782420728
-0.00124995570532817
-0.00145101202838971
-0.0016943125627646
-0.00189959911775779
-0.00199037937063407
-0.0019163906260215
-0.00167113108877218
-0.00129712972926273
-0.000874707821065294
-0.000496712671175909
-0.00023877164015915
-0.000137100431702624
-0.000182033176531995
-0.000327955120908348
-0.000513393056073953
-0.00068158022391201
-0.00079325343339049
-0.000829175994997208
-0.000786367899669102
-0.000674506601522625
-0.00051571944202975
-0.000345169097967145
-0.000206724514382494
-0.000140721448608118
-0.000167546739741401
-0.000275684268270925
-0.000421210071617802
-0.000539024392290424
-0.000560494117993149
-0.000431314067055047
-0.000125234279612602
0.000349381510174851
0.000952157355181292
0.00162199673889816
0.0022934944470745
0.00291327176828499
0.00345122737332508
0.0039030092295097
0.00428272334548401
0.00460904932424037
0.00489149738594406
0.00512369541098218
0.00528666395165323
0.00535961099325943
0.0053326362529467
0.0052162807948272
0.00504508219412991
0.00487376245355042
0.00476553013372626
0.00477409170432351
0.00492473683059529
0.00520268845613248
0.0055552020125388
0.00590711426229447
0.00618221956816286
0.00632119759044047
0.00629205033815688
0.00609521115200529
0.00576594792090192
0.00537181299483664
0.00499980906460091
0.00473214128835535
0.00461859682171196
0.00465967632329809
0.00481103501022238
0.00500767452859481
0.00519437121269096
0.00534588183625171
0.00546772600130332
0.00557981478250342
0.00569399601748908
0.00579868045033637
0.0058585325067035
0.00582827192798344
0.00567280588075048
0.00538451644954921
0.00499116507856535
0.00455151711617016
0.00413913031925812
0.00381824114625107
0.00361961711855663
0.00352688919903074
0.00348167333630177
0.00340711976338065
0.00323871241837708
0.00294653065375092
0.00253949264284716
0.00205485621494146
0.00154491611707141
0.00107025650001183
0.00069833418840134
0.00049846383774246
0.000527155782797987
0.000807859080788613
0.00131622345766492
0.00198009700402905
0.00269586051625902
0.00335598791704691
0.00387962010328365
0.00423690896103542
0.00445807878782484
0.00462179463888121
0.00482590919205247
0.00515285048032847
0.00564460432627552
0.00629579642145144
0.00706282158055404
0.00788005058283458
0.00867455284284331
0.0093759882202545
0.00992293367668072
0.0102677624572425
0.0103804723686979
0.0102506082182228
0.00988691343028818
0.00931525864714991
0.00857520768298559
0.00771494399159732
0.00678486547879091
0.00583161126541432
0.0048945361671082
0.00400511804083055
0.00318803022741363
0.00246207597504595
0.00184012252300006
0.00132895421743229
0.000930962368873222
0.000648232579537725
0.000486741671371663
0.000457054833979903
0.000569565836663175
0.00082523378838384
0.00120506484789883
0.00166316996768746
0.00212848575808021
0.00251734511968482
0.00275369246387583
0.00278987946338393
0.0026209918024889
0.00228773310050532
0.00186529202229825
0.00143951917509053
0.00107768443377149
0.000805627184164634
0.000601712114353581
0.000410342996149263
0.000168534715306176
-0.000166417544785362
-0.000599628925483494
-0.00109775754285462
-0.00160301813489483
-0.00205404799847795
-0.00240384781358574
-0.00262885787325353
-0.00272915293582689
-0.0027232177289756
-0.00264083406274888
-0.0025162144973797
-0.00238198001804793
-0.00226350323206923
-0.00217382215200399
-0.00211175928111675
-0.00206667862202499
-0.00202928431122821
-0.00200147339592379
-0.00199661709165622
-0.0020286343355028
-0.0020986569796794
-0.00219159611040842
-0.00228666796435018
-0.00237292496093841
-0.00245571148805853
-0.00254792247334192
-0.00265331703125587
-0.00275572127831675
-0.00282283579688023
-0.00282185385031544
-0.0027356441392806
-0.00256895875117483
-0.00234264935703381
-0.00208258439815323
-0.00181158481953676
-0.00154720605891956
-0.00130226754484069
-0.00108438847679727
-0.000894419074226347
-0.000726210014210201
-0.000568834067285927
-0.000409862033572642
-0.000238489771222162
-4.95496463525709e-05
0.000150530033444851
0.000338228878554518
0.000473228404361524
0.00050805029267743
0.000405083271982155
0.000154218635003575
-0.000216759559836948
-0.000644347878833448
-0.00104490797579232
-0.00133945644847336
-0.0014790086572929
-0.00146010371765476
-0.00132342431577618
-0.00113637313442276
-0.00096876003233079
-0.000873775593249279
-0.000881928167168024
-0.00100672484383163
-0.0012534947566513
-0.00162158838144145
-0.00209654920668957
-0.00263938367294349
-0.00318653235410423
-0.00366862809979932
-0.00404023084864463
-0.00430001805971518
-0.0044853045582592
-0.00464480136148934
-0.00481096928882173
-0.00499124849436556
-0.00517889648262894
-0.005368438745214
-0.00556122832197727
-0.00575818793578677
-0.00594621625981363
-0.00608673599980528
-0.00611354455774265
-0.00594544823489633
-0.00551403757703301
-0.00479668128316612
-0.00383657175843419
-0.00273563143323763
-0.00162204508365594
-0.000609596611283867
0.000230762264527003
0.000875928263940716
0.00133519758345685
0.00162830662181053
0.00177287713116232
0.00178800540574756
0.00170605268023894
0.00157664905769984
0.0014537207443144
0.00137240225538049
0.0013327852493775
0.00130259325881306
0.00123729257037073
0.00110651090160416
0.000914836663518741
0.000708799628029421
0.000566174212866972
0.000569777495120242
0.000776055364523777
0.00119378380990904
0.00178389567012908
0.00247870230168978
0.00320698672843499
0.00391022849513826
0.00454506493313438
0.00507876549932062
0.00548806206390719
0.00576539731146114
0.00592713491094946
0.0060137583649823
0.00607621533364392
0.0061524810073903
0.00624684044327178
0.00632455147529597
0.00632558157579833
0.00618957764795574
0.00587897789467089
0.00539128315139105
0.00475961720285734
0.00404521575144806
0.00332467185685746
0.00267336300234378
0.00214836985449594
0.00177692440237838
0.00155489509806583
0.00145392880745633
0.00143141313406491
0.00143892254309253
0.00142994425360474
0.00137015761685537
0.00125034294051597
0.00109642414463264
0.00096902627204978
0.000948765368071103
0.00111055584161625
0.00149559084486151
0.00209059573766517
0.00282153706707793
0.00356561919430399
0.00418142276640877
0.00455080393939146
0.00461850962337086
0.00441207685196976
0.00403121942137509
0.00361077331838114
0.00327460331532066
0.0031004717668353
0.003107346687737
0.00326440744231267
0.00351247315452685
0.00378601189573479
0.00402637031114081
0.00418341229451303
0.00421118922085918
0.00406819573800616
0.00372887156240157
0.00320161073010417
0.00253892369872157
0.00182724830560105
0.00115750347205014
0.000591978039423479
0.000146074405854315
-0.000207302726159938
-0.000517316967560906
-0.000831890985268839
-0.00118104652732954
-0.00156910385104078
-0.00197382426888128
-0.00235094133558229
-0.00264434811365084
-0.00280224129210984
-0.00279649916435325
-0.00263802449830833
-0.00237905123387183
-0.00209831702979285
-0.00187471862081529
-0.00176217571135767
-0.0017769086934014
-0.00189973770702694
-0.0020877903410053
-0.00228813990573198
-0.00244962049888098
-0.00253281566563142
-0.00251826885094238
-0.00241100652798394
-0.00223916841724557
-0.00204650557543711
-0.00188063553371816
-0.00178022659398206
-0.00176528120063811
-0.00183479735634622
-0.00197337233007914
-0.00216295076911486
-0.00239199570709347
-0.00265635981517642
-0.00295335027935007
-0.00327634086063513
-0.00361581215442797
-0.00396539426242062
-0.00432615389964989
-0.00470458035510994
-0.00510667835832318
-0.00553459387138798
-0.00598938135331456
-0.00647707317426982
-0.00701083902276425
-0.00760292074595833
-0.00824642310035664
-0.00889641641369485
-0.0094656984832926
-0.00984561656514714
-0.00994678561565098
-0.00973936580644302
-0.0092704717723463
-0.0086494772292546
-0.00801032732348761
-0.00747038539026622
-0.00710249132482678
-0.00692612294500665
-0.00691421515430313
-0.00700902441968458
-0.00714164981628401
-0.00725168733219041
-0.00730386634197082
-0.00729747627149208
-0.0072641246285068
-0.00725242861120476
-0.00730413948588723
-0.00743104890001434
-0.00760251218755444
-0.00774950937110217
-0.00778479364456278
-0.00763214384989446
-0.00725380525513046
-0.00666618316401284
-0.00593901313287912
-0.00517886205277464
-0.00450134714453975
-0.00399891569780844
-0.0037138415237975
-0.00362712185170845
-0.00366929056293254
-0.00374916817876766
-0.00378772116276867
-0.00374288763154599
-0.00361717922035473
-0.00344786845226708
-0.00328557976215982
-0.00317011372364658
-0.00311247802249574
-0.00308980616158076
-0.00305559371468387
-0.00296169279773494
-0.0027824296630754
-0.00252926562400297
-0.0022494353698027
-0.00201060112686463
-0.00187891144644456
-0.0018974422616911
-0.00206961493051633
-0.00235170309828456
-0.00265881048420935
-0.00288589468164601
-0.00293872136287031
-0.00276328346038185
-0.00236174036045695
-0.00178961754640962
-0.00113819725697467
-0.000511152743391521
-3.1081645740619e-06
0.000316499745295304
0.00041322748104939
0.00028988402539364
-1.93595721893511e-05
-0.000460545963129189
-0.000971921160682084
-0.00149191118320568
-0.00196261317248931
-0.00233162376947245
-0.00255512427808072
-0.00260297179204177
-0.00246456880518868
-0.00215365622606629
-0.00171026310826724
-0.00119793723442537
-0.000694225160455784
-0.000273596251981225
1.39835141616397e-05
0.00016025448159653
0.000201522342385635
0.000203376602405832
0.00023433209528009
0.000341900704412845
0.000541354817256157
0.000818298937130566
0.00113917664663257
0.00146297868465966
0.00175021460105463
0.00196764250168855
0.00208874225536824
0.00209211063120876
0.00196210674870763
0.00169495118156303
0.00130834323291751
0.000847604434044044
0.000381368320628945
-1.42630900481146e-05
-0.000276501165852151
-0.000371289618386997
-0.000296319538242823
-7.25409098522941e-05
0.000268439140776852
0.00069353387889578
0.00117161605758521
0.00167366484208483
0.00217216474351563
0.00263976073897433
0.00304691187612365
0.00336115846763078
0.00355214818074726
0.00360296616996217
0.00352195930256501
0.0033466024421091
0.00313529343889908
0.00295052664168687
0.00284105323012823
0.00282893511613108
0.00290337202268377
0.00302144972299542
0.00311680101625149
0.00311691360965623
0.00296610473214694
0.00264623480225485
0.00218550805619366
0.00164973609623649
0.00111891203396298
0.00065998253398827
0.000308508926764857
6.58079399844189e-05
-9.09191073553346e-05
-0.000193187532344013
-0.000267717706427644
-0.000328917612140954
-0.000378845481340043
-0.000413465711620682
-0.000430726316792759
-0.000434633409048977
-0.000432664923544557
-0.000429448719080849
-0.000422474833482579
-0.000403553435373938
-0.000365356381946104
-0.000309198398562479
-0.000249608804913858
-0.000212883273615728
-0.000229724029967654
-0.000325048102403731
-0.000509712734660522
-0.000778019701472738
-0.00111141986718286
-0.001485298814503
-0.0018750077639376
-0.00225913706638818
-0.00261963396207765
-0.0029389408456585
-0.00319570943542246
-0.00336294128706768
-0.0034123298885077
-0.00332405008740587
-0.00309571885649833
-0.00274390073675238
-0.00229786299290747
-0.00179239427799367
-0.00126687498392684
-0.000770493721522396
-0.000365625509001365
-0.000120962510858116
-9.38480007320314e-05
-0.00031038344296244
-0.000754574654244992
-0.00137246835963953
-0.00208837160912722
-0.00282400012534696
-0.00351173777270601
-0.00409940945723635
-0.00455056044974542
-0.00484528243543834
-0.00498191885767189
-0.00497555727741325
-0.00485069365865785
-0.0046314565195276
-0.00433627356169189
-0.00398034493474284
-0.00358226429226851
-0.00316790610692949
-0.00276775059156785
-0.00240902248694623
-0.00210695207644212
-0.0018597471226164
-0.00165063270037997
-0.0014573910074158
-0.00126554936087165
-0.001078567175238
-0.000919927299513485
-0.000827022970616249
-0.000840798477673245
-0.000995013584965187
-0.00130630513889359
-0.00176553936784991
-0.00233401746295123
-0.00295042294345245
-0.00355004431902709
-0.00408784675368633
-0.00455068790729087
-0.00494952045346931
-0.00529704691668298
-0.00558779274111709
-0.00579579799078663
-0.00589140923476179
-0.00586413400748416
-0.00573442098799355
-0.00554608375292557
-0.00534530888298012
-0.0051604421716351
-0.00499349255194573
-0.00482438791122272
-0.00462211082024681
-0.00435709346967428
-0.00401235268803188
-0.00359146981130161
-0.00312044905238469
-0.00264195802329571
-0.00220480133479651
-0.00185418102793149
-0.00162616361712607
-0.00154516012183577
-0.00162110970809403
-0.00184543092415319
-0.00218897709318632
-0.00260681570869622
-0.00305133684886081
-0.0034886072395129
-0.00390811276152176
-0.00431830468888827
-0.0047298620665829
-0.00513836646096259
-0.00551933249336395
-0.00583927988964956
-0.0060745283617461
-0.00622491596056334
-0.00631533333646689
-0.00638698568432265
-0.00648445632335491
-0.00664277874342718
-0.00687609767760035
-0.00717027167608225
-0.00748392180490439
-0.00776093812261245
-0.00795132673325327
-0.00803141069054545
-0.00801397113219097
-0.00794383980295207
-0.007880694121704
-0.00787549487280053
-0.00794969035881925
-0.00808608108732279
-0.00823544203641303
-0.00833494012470673
-0.00832839031883212
-0.00817901833889662
-0.0078716006893368
-0.00740724004111095
-0.00679638306321359
-0.00605420094930302
-0.00519974433260979
-0.00425799632118428
-0.00326246524958888
-0.00225560365336312
-0.00128511043954719
-0.000395724852999949
0.000381313821331395
0.00103583144610837
0.00157739702498098
0.00202408703393526
0.00238815024129593
0.00266886962159172
0.00285757906287541
0.00294970115290441
0.00295308837149916
0.00288590128758606
0.00276639074845785
0.00260281015941752
0.00239061496706924
0.00211889632294773
0.00178271107927642
0.00139474627918045
0.000989677634558356
0.000617970299601065
0.000331190114849172
0.000165308312371806
0.000129801549931044
0.0002078750161458
0.00036759686066788
0.000577648379868938
0.000818774130943196
0.00108548852541982
0.00137994265382588
0.00170489332726169
0.00206109769484022
0.00244813439295102
0.00286302766723213
0.00329301830372119
0.00370608689009602
0.00404843746542035
0.00425582706307995
0.0042764557252309
0.00409473643942216
0.00374406331586292
0.00330230841709823
0.00287126527642199
0.0025469475519947
0.00239103114242619
0.00241438870924918
0.0025796190632722
0.00282068700064289
0.00306925555297982
0.00327508583932701
0.00341274290114097
0.00347450038268927
0.0034559052121563
0.00334412495363293
0.00311794434799658
0.00276092905025858
0.00227949425608811
0.00171313796922232
0.0011294699832457
0.000607524232559379
0.000219489425358676
1.8500968553106e-05
3.32941177053634e-05
0.000267272887878583
0.000701323240145932
0.00130108385479581
0.00202680556648136
0.00284080781456227
0.00370896867217637
0.00459774845658552
0.00547133470834153
0.00629201737979152
0.00702367616676879
0.00763658115287396
0.00811181271113784
0.00844423213900926
0.00864339033352276
0.00873199671221571
0.00874179372759365
0.00870715649821082
0.00865747240979958
0.0086101161743203
0.00856623776300135
0.00851103537180554
0.00841854333836735
0.00825932397087583
0.00800905905632275
0.00765635208636482
0.00720765734834355
0.00668674337277856
0.00612774379035516
0.00556464680199826
0.00502255224636664
0.00451450077691129
0.0040439057401064
0.0036103255512435
0.00321634431521214
0.00287332852957427
0.00260262346014779
0.00242884251301688
0.00236595259200459
0.0024028412018109
0.0024975542136909
0.00258577491957017
0.00260183855596773
0.00250370471232794
0.00228991318510768
0.00199921939840966
0.00169280485740502
0.00142945072770595
0.00124743357750263
0.00116040514210857
0.0011645891381583
0.00124945692081551
0.0014053256598898
0.0016252875306466
0.00190235462821296
0.00222501346485394
0.00257513442394151
0.00293073401193227
0.00327305282156125
0.00359450235643436
0.00390260829143151
0.00421607445169254
0.00455305560785686
0.00491709699797304
0.00528896097319789
0.00562978892562947
0.00589431106794372
0.00604696791834602
0.00607278415437134
0.00597881380541271
0.00578771894209271
0.00552871273370248
0.00523098277684669
0.00492155485949874
0.00462542459621605
0.0043635153763125
0.00414607881078915
0.00396475985995827
0.00379077370982967
0.0035845902163304
0.00331470518643127
0.00297561287039429
0.0025942525307097
0.00222082283897984
0.00190885194002989
0.00169443782937542
0.0015832239686403
0.00154848682975142
0.0015388804458189
0.00149218341880653
0.00135152506244558
0.00108151120663722
0.000681834123817178
0.000194698245536284
-0.000298675798434382
-0.000695039855918497
-0.000896100193037107
-0.000835945748165074
-0.000498318801737214
8.21157345554879e-05
0.000833290328815743
0.00166750091257137
0.00250316470695297
0.00327993586649551
0.00396395581647956
0.00454368228843486
0.00501985229055307
0.00539494430662188
0.00566696579427138
0.00582950360495129
0.00587657483283532
0.00580888390641141
0.00563804507750685
0.00538657896002351
0.00508349604467681
0.00475740551354995
0.00443039013239093
0.00411561841225247
0.00381976920637617
0.00354864084291198
0.00331232023188761
0.00312625173587343
0.00300649278379825
0.00296053695322617
0.00297835646492737
0.00303005998209492
0.00307431689639312
0.00307516448525158
0.00301831161326543
0.00291742115766729
0.00280721095870826
0.00272842581252745
0.00271355352925247
0.00277976310041449
0.00292996016642027
0.00315830628412091
0.00345513479177604
0.00380760947359922
0.00419563448962374
0.00458622267019272
0.0049317072913014
0.00517571870377802
0.00526621791391454
0.00517051748124989
0.00488598821273586
0.00444183950012971
0.00389054898336386
0.00329167445261821
0.00269479221262657
0.00212916207245042
0.00160368324461452
0.00111471460827404
0.00065630073860962
0.000228544803355676
-0.000157599401288009
-0.000479625436366537
-0.00070717317577993
-0.000809534023503377
-0.000764309797016887
-0.000563215886201589
-0.000212601088477721
0.000269840577881642
0.000858067632815263
0.00151754215398945
0.00220285531284747
0.00285692486389672
0.00341544214219493
0.00381748993466906
0.00401963189658245
0.00400819206472284
0.00380416182862485
0.00345763234853487
0.00303344896778439
0.00259489375917751
0.0021936892412517
0.00186975496945167
0.00165592933390704
0.00157883627773858
0.00165150826562435
0.00186209414825128
0.0021678370972584
0.00250090139813924
0.00278575409740113
0.00296172171962853
0.0030016557309209
0.00291894712384477
0.00276009352362263
0.00258640479702927
0.0024526703453265
0.0023910416093679
0.00240592287685154
0.00248096492699087
0.00259277966920708
0.00272153542959728
0.00285165790928532
0.00296565723273527
0.00304129139896048
0.00305894388667721
0.00301566530867423
0.00293557666348238
0.00286888965053783
0.0028795395190399
0.00302724744360142
0.00335078456088005
0.00385677167023181
0.00451544175204449
0.00526363200548757
0.00601568120827935
0.00668205762160754
0.00719135875345075
0.00750660142336715
0.00762748353794163
0.00757859080125803
0.00739330398658861
0.00710537756670268
0.00675209685744179
0.00638171075188494
0.00605384935199422
0.00582820949821117
0.00574717152291112
0.00582268577384923
0.00603385874559497
0.00633449067714882
0.00666606320693178
0.00697241521104521
0.00721346360075523
0.0073741339979165
0.00746376549952222
0.00750459905479185
0.00751479205961927
0.00749607725426694
0.00743373799203065
0.00730791420608946
0.00710719100036594
0.00683485742123392
0.00650529814115228
0.00613579138921602
0.00574087449987613
0.00533231479717994
0.00492256983173872
0.00452757061485854
0.00416594541341625
0.00385436401966189
0.00360094624165267
0.00340024640281966
0.00323372692609065
0.00307765475866867
0.00291572954767941
0.00274926239065088
0.00259774336242419
0.00248832260132979
0.00243972537922493
0.00244874159063166
0.00248471745789499
0.00249328517825468
0.00240798539785368
0.00216689118059178
0.00172967740409057
0.00108975752626856
0.000277312469454627
-0.000648162335500395
-0.00161349670385982
-0.00254953221317294
-0.00340309001527704
-0.00413880811390524
-0.00473336702864389
-0.00516928641330673
-0.00543376901370016
-0.0055223487759893
-0.00544306733168182
-0.00521726682718263
-0.00487616633020764
-0.00445540336037521
-0.00399089879310657
-0.00351798500828828
-0.00307258378182785
-0.00269090963894392
-0.00240481298975244
-0.00223317143546522
-0.00217346612298163
-0.00219914032031524
-0.00226588548917597
-0.00232470796228025
-0.00233521833594919
-0.00227260829911337
-0.00212653893274902
-0.00189615693982996
-0.00158766798589565
-0.00121691939839545
-0.000812695300904232
-0.0004139813623354
-5.94850573436867e-05
0.000224918231414894
0.000433294749169328
0.000578996772924658
0.000689888930429094
0.000803390387477419
0.000960560783110134
0.00119546385680853
0.00151948397249443
0.00190729883169971
0.00229458567443571
0.00259322592301517
0.0027202191232214
0.00262786114041792
0.0023206937672126
0.00185146008773954
0.00129999937435087
0.000747153455248936
0.000254526585390692
-0.000146213137465208
-0.000455584447902019
-0.000701042165411053
-0.000924840620494149
-0.00116819429643569
-0.00145722290880507
-0.0017948358449689
-0.00215935464142889
-0.00250849527311096
-0.00278679734615863
-0.00293484518699154
-0.0028996645981571
-0.00264682979285161
-0.00217391942604359
-0.00152131857958146
-0.000773181187861846
-4.32423331716964e-05
0.000552306101122916
0.000924756755195035
0.00103356340985418
0.000890722235352147
0.000549410414733778
8.28173517630061e-05
-0.000439042829609083
-0.00096749978356259
-0.00148372500242342
-0.00199607721044437
-0.00252770870481548
-0.00309809201907926
-0.00370433521436256
-0.00431007069663034
-0.00484889428618346
-0.00524372775451758
-0.00543519444767117
-0.00540676134736617
-0.00519583540843272
-0.00488656645218622
-0.00458696164992958
-0.00439715747581027
-0.00437801910203347
-0.00453047535883839
-0.00479423396255405
-0.00506785270558364
-0.00524310626174355
-0.00524085098640792
-0.00503613362730405
-0.0046652093422681
-0.00421307956644376
-0.00378546287619089
-0.00347330806068505
-0.00332061742361857
-0.00330697998919251
-0.00335369728805223
-0.00335489663117698
-0.0032232142986346
-0.00292971754641791
-0.00251795956458939
-0.00208451734483427
-0.00173603713287051
-0.00154507324733009
-0.00152673441912656
-0.00164517689461778
-0.00184063593784396
-0.00205620954469988
-0.00224801745258072
-0.00237919535050962
-0.00241240816706383
-0.00231442314494055
-0.00207221913036929
-0.00170759608827462
-0.00127734954851713
-0.000856684451008943
-0.000514273030199931
-0.000290588972166361
-0.000187278913632988
-0.000169654386365951
-0.000180877802860139
-0.00016466275506708
-9.07587755096954e-05
2.61147538846075e-05
0.000124307648069428
0.000115171935847127
-8.14978878690758e-05
-0.000502782551127153
-0.00112536614369929
-0.00187253030749272
-0.00263993691708864
-0.00332783700448836
-0.00386749523242464
-0.00423396793416873
-0.00444348744170233
-0.00453971935124331
-0.00457626587264812
-0.00460146316295221
-0.00464810086268821
-0.00472881190743983
-0.00483780497550585
-0.00495851531574542
-0.00507369978814596
-0.00517262636925969
-0.00525219573401973
-0.00531328066300405
-0.00535613935680486
-0.00537826608514977
-0.0053761682434405
-0.00535011115322253
-0.00530815987489163
-0.00526543159185428
-0.00523846111241373
-0.00523953572927355
-0.0052757000790983
-0.00535175474682886
-0.0054726346703628
-0.00564253379988405
-0.00586277794795671
-0.00613177504531734
-0.00644711543648991
-0.00680607688835144
-0.0072010288119785
-0.00761130778928459
-0.00799859976415386
-0.0083125169685673
-0.00850592259800344
-0.00855204206338176
-0.00845425538023347
-0.00824457245053076
-0.00797298773972342
-0.00769321396253425
-0.00745011617833135
-0.00727179149829988
-0.00716646348670825
-0.00712273981407592
-0.00711191097450707
-0.00709229147269981
-0.00701677802461949
-0.00684429579019104
-0.00655303438890853
-0.00614998521826351
-0.00567073683457352
-0.00516778812873282
-0.00469230347222874
-0.00427790465612586
-0.00393301612426741
-0.00364290658510384
-0.0033782252856505
-0.00310540236491054
-0.00279514951120234
-0.0024275386557277
-0.00199473948545771
-0.00150355975973325
-0.000978164414385374
-0.000460379202904834
-4.26052671864667e-06
0.000335586729095773
0.000518612721362078
0.000530767995229374
0.000390461370264008
0.000145376601666706
-0.000140360089705993
-0.000405624421954393
-0.000611017899410273
-0.000747902453880276
-0.000832718572740398
-0.000889702447279853
-0.000932132726375076
-0.000952971145433492
-0.00092950259157286
-0.000837984941964366
-0.000669533111593178
-0.000439633981717884
-0.000187903310862457
3.16819921515008e-05
0.000167305498377391
0.000187032189127378
9.00025134466633e-05
-9.46981137151168e-05
-0.000320187012448548
-0.000536616529541165
-0.00070042953704921
-0.000776937990017308
-0.000741596770514811
-0.000584698867018515
-0.00031824038235441
2.09427340874504e-05
0.000376773495253131
0.000687881487868313
0.000904025275962046
0.000997961823270932
0.000969620562211461
0.000844168905677549
0.000666569985798931
0.000493129014848129
0.000379649639537183
0.000367958944667329
0.000474924165269857
0.00068773142730411
0.000966793613665045
0.00125568732196911
0.00149646331457345
0.00164695705086076
0.00169416353114786
0.00165701054644167
0.00157556886455495
0.00149076665185999
0.00142433593912818
0.00136871719285032
0.00129107385112333
0.00114876811113483
0.000909776994596789
0.000570834653744266
0.000166588712325558
-0.000235300920215769
-0.0005536676339104
-0.000721739660549466
-0.00071238245117466
-0.000550138529089664
-0.000304896352838553
-6.92511587635887e-05
7.22945931015616e-05
7.15184734156065e-05
-6.69394962368728e-05
-0.000284946668792512
-0.000486006121583553
-0.000562892012462505
-0.000431715872461189
-6.25645607004597e-05
0.000505790056476769
0.00117644843762737
0.00182863395730321
0.00236068093114601
0.00272089831699034
0.00291270157949963
0.0029759748620702
0.00295900522786419
0.00289668999889978
0.00280281784114468
0.00267479141614379
0.00250426996586102
0.00228754567095126
0.00203211846195355
0.00175824256902058
0.00149582759823753
0.00127863539754187
0.00113848527774105
0.00110070657277378
0.00117943085765593
0.00137113796833772
0.001648493330826
0.00196000014803271
0.00223941936466553
0.00242271353893484
0.00246502497827582
0.00235034095807383
0.00209111348519544
0.00172005637876342
0.00127876437158906
0.00080753802823651
0.000338972715873178
-0.000104277666946576
-0.000508493854622459
-0.000865843360458314
-0.00117059047117223
-0.0014162648278133
-0.00159513808646147
-0.00169955029310267
-0.0017230953433505
-0.00166077363841446
-0.00151011451921825
-0.00127589611041164
-0.000977177296730581
-0.000650473763652403
-0.000343303741055204
-9.93409544193312e-05
5.59904556306007e-05
0.00011972087177777
0.000102511771228247
1.32496376828635e-05
-0.000151939977149915
-0.000408655374602554
-0.000772107770064293
-0.00124198895064568
-0.00179329519618752
-0.00237769412057132
-0.00293446491854881
-0.00340630141458064
-0.003754117378764
-0.0039661977039464
-0.00405955841553902
-0.00407366835744759
-0.00405809181372715
-0.00405675325397829
-0.0040929051470448
-0.00415981078122098
-0.0042213343137509
-0.0042235690990491
-0.00411437080337287
-0.00386403632522327
-0.00347898547430504
-0.00300229362068925
-0.00250040917226043
-0.0020419916870595
-0.00167812164099512
-0.00143086058300193
-0.0012921005338272
-0.00123138262878111
-0.00121030881109235
-0.00119918721534931
-0.00118846279853785
-0.00118806102039704
-0.00121499989325663
-0.00127856426191749
-0.00137423267116038
-0.00148997280948017
-0.00161853997434415
-0.00176565060900743
-0.00194790600350288
-0.00218134320244221
-0.00246695891598855
-0.0027817932005734
-0.00308219577543836
-0.00331935195084754
-0.00345923326780629
-0.00349609151847413
-0.00345323998012719
-0.00337254155301405
-0.00329806365326562
-0.00325893396185754
-0.00325573083088525
-0.00325544036103135
-0.003199072781568
-0.00302134044073778
-0.00267584930812176
-0.00215605300358379
-0.00150345817347858
-0.000799437571563751
-0.000143255644313857
0.000376162833077497
0.000705204421293357
0.000838870118989003
0.000818201823629199
0.000714332269155843
0.000607483592993065
0.000569376661886572
0.000651537851744123
0.00087622301064222
0.00122777792392463
0.00164880131143374
0.00204880118622971
0.00232739367397605
0.00240380348544449
0.00223917539944063
0.00184264588103728
0.00126199716169228
0.000567313875920299
-0.000162979824832226
-0.000849336350837339
-0.00141422834387188
-0.00178785127279371
-0.00192059593512893
-0.00179941030248044
-0.00145934736200483
-0.000981889346014076
-0.000477477701463379
-5.64733410508796e-05
0.000202868945805962
0.000278627887297406
0.000210557439150993
8.05824530969391e-05
-2.44752792559472e-05
-4.73822036339924e-05
2.81209377083054e-05
0.000191648947965517
0.000429077782476413
0.000733940585296627
0.00110189588583864
0.00151845115529262
0.00195285929459764
0.00236296554757796
0.00270724404418129
0.00295715042813188
0.00310392964558614
0.00315674809533403
0.00313297583041496
0.00304567962081904
0.00289525851177847
0.00266996996185492
0.00235532474963434
0.00194803982985258
0.00146816126342164
0.000962988137799928
0.000498435195716405
0.000138320906352553
-8.04346344764549e-05
-0.000162762551711802
-0.00014914810744032
-8.98065546250425e-05
-1.57191130600502e-05
7.45752045997811e-05
0.000206190548343297
0.000406620205191965
0.000687062674029682
0.00103583124255554
0.00142453808952962
0.00182163727533721
0.00220532899722441
0.0025686278476121
0.00291379021707498
0.00323975670116868
0.0035311445506932
0.00375699065542172
0.00388104682325104
0.00387693128927221
0.00373797963986898
0.00347684700027821
0.00311884405165508
0.00269658012620906
0.00224866348670164
0.00181821866798919
0.00144594141065251
0.00115845325748897
0.000959463785829449
0.00083169023296522
0.000750389802838696
0.000700126597660154
0.000682880589246934
0.000711816695308879
0.000796651483465712
0.000933304559103467
0.0011057190442343
0.00129597602683602
0.00149185871956623
0.00168518650056119
0.00186404499351338
0.00200717503757607
0.00208549149272678
0.00206936313095644
0.00193769321554582
0.0016862819616788
0.00133353069274652
0.000919544651115029
0.00049493710107539
0.000102065536929768
-0.000240702120895349
-0.000540853061402961
-0.000818200597285207
-0.00108521350143064
-0.00133374165638448
-0.00153534462612149
-0.00165395108338157
-0.00166341245285559
-0.00156093193923497
-0.00137026337631431
-0.00113416777998891
-0.000900644129420946
-0.000709263990194915
-0.000582397328569216
-0.000522908026716389
-0.000516940669838295
-0.000539252266707634
-0.000559486177176278
-0.000549079129511437
-0.000488063594528829
-0.000369577331454705
-0.000200129702806208
3.86456011439094e-06
0.000220807801816245
0.000428176167831929
0.000606800388969891
0.000746165592857677
0.000849446476321056
0.000934714178353173
0.00102998412551454
0.00116385042167389
0.00135585527731486
0.00160927568868935
0.00190679598463749
0.00220990819983439
0.00246430207439123
0.00261240005357656
0.00261034996421566
0.00244319922767394
0.002131381342715
0.00172493412031784
0.00128765917915656
0.000878321316388772
0.000536989164954599
0.0002815231893712
0.000113867825162745
3.05305862093719e-05
2.91792498744281e-05
0.000106033950941797
0.000245932102367593
0.000413617625276335
0.000555214614032058
0.000611891609600568
0.000538615582210354
0.000316977895352173
-4.4443256967603e-05
-0.000519488853252365
-0.00107442999597248
-0.00167095253478572
-0.00226251292076836
-0.0027917089816356
-0.00319608454272345
-0.00342246603795889
-0.0034426739956838
-0.00326275205661879
-0.00292297924944899
-0.00249072604613612
-0.00204864138441219
-0.00167879051963482
-0.00144369000877358
-0.00136860243299519
-0.00143233801389854
-0.00157250834199445
-0.00170574917434983
-0.0017567329492881
-0.00168490125551767
-0.00149746926066566
-0.00124305059558737
-0.000990002184888869
-0.000800845697830569
-0.000713794835068617
-0.000736003914975818
-0.00084664699966614
-0.00100563446871104
-0.00116525934941376
-0.00128376332542919
-0.0013385248485723
-0.00133301644656407
-0.00129101633634108
-0.00123808601160444
-0.00118062794274106
-0.00109705312893352
-0.000947951968060244
-0.000698655324903026
-0.000340116281359905
0.000102397794703851
0.000574670727661746
0.00100895304334377
0.00134355255230746
0.00154010233262698
0.00159261635407711
0.00152622021462139
0.00138852871805906
0.00123810674948662
0.00113167910797488
0.00111015347576326
0.00118649543151057
0.00134180520047088
0.00153355215726838
0.00171282921791787
0.00184273423972601
0.0019115182043834
0.00193837576722328
0.00197132625934348
0.00207581979747268
0.00231430500591768
0.00272255620015967
0.00329307664476963
0.0039738556804793
0.00468311479676187
0.00533344390864501
0.00585612972081614
0.00621800519978893
0.00642636360908273
0.00652106661096051
0.0065567948836399
0.00658198771206478
0.00662276914605432
0.00667806457027839
0.00672615287789813
0.00673671692858993
0.00668107637913949
0.00653776211875766
0.00629605003646227
0.00596086804868957
0.00555844859328446
0.00513799720746506
0.00476454041673094
0.00450214830869453
0.00439248089687898
0.00443791710678964
0.00459826658640471
0.00480400704710351
0.00498007292863072
0.00506852469361946
0.00504024748931131
0.00489357483001413
0.00464525956736135
0.0043213513165084
0.00395219152975564
0.00357086207197785
0.00321183519949696
0.00290722153154878
0.0026805351351963
0.00254033014258504
0.00247686382063322
0.00246371536282528
0.00246429414248127
0.00244212630257189
0.00237347188338504
0.00225907463346605
0.00212884103182162
0.00203358964354909
0.00202501684637984
0.00213389990263569
0.00235835026329409
0.002666554348429
0.00300931456423353
0.0033346558569866
0.00359993328962928
0.00378071115524486
0.00387630543305974
0.00391051722330883
0.00392590853776708
0.00397186245925631
0.00408927655603125
0.00429677250894644
0.00458378892046331
0.00491373232789443
0.00523567833903076
0.00549873431521664
0.0056627516243929
0.00570343442940544
0.00561523023466983
0.00541619330004784
0.00515380859046603
0.00490453526725461
0.00475967524236592
0.00479811456338452
0.00505667688914836
0.00551257421245733
0.006086611520277
0.00666555964340769
0.00713478149855114
0.00741031682479264
0.00746124076881689
0.00731624246281696
0.00705253183067327
0.00676999926824114
0.00655831383744798
0.00646822633135737
0.00649825883716438
0.00660174897547587
0.00670894652036984
0.00675184189240974
0.00668112867927389
0.00647246174496615
0.00612547857341948
0.00566000815571655
0.00511159603744135
0.00452650719401146
0.00395599636372997
0.00345017103859142
0.00305216567397026
0.00279298528750291
0.00268670393023456
0.00272606255506788
0.00288031162250619
0.00309853480653152
0.00332031390581725
0.00349146963969936
0.00357842645694185
0.00357378181024605
0.0034896593398581
0.00334291514207481
0.00314217275859068
0.00288557935716605
0.0025698322918907
0.00220186878329409
0.00180246166038449
0.00139772515505292
0.00100452496323273
0.000621004606429648
0.000230053193627717
-0.000185789441901587
-0.000627881185690296
-0.00107447995740085
-0.00148710514114444
-0.00182473352964225
-0.0020565209742667
-0.00216815090600345
-0.00216395285881601
-0.0020688290965095
-0.00192946167284197
-0.00180973305900378
-0.00177681974857917
-0.00188041307496208
-0.00213269357967461
-0.00249986319979672
-0.00291587742264368
-0.00331626835679885
-0.00366695778573859
-0.00396242189543795
-0.00420322087080847
-0.00438599544987191
-0.00451424502717579
-0.00460834486544897
-0.00470049861855038
-0.00482165926263649
-0.00499095986052707
-0.00520949690035303
-0.00545649491942217
-0.00568923318770619
-0.00585084786272146
-0.00588692280978453
-0.00576505409789084
-0.00548796445762169
-0.0050937946056227
-0.00464416476836724
-0.00420626948653078
-0.00383697815217049
-0.00357489711504762
-0.0034414516678686
-0.00344607560493068
-0.00358793576514081
-0.00385101871405232
-0.00419778892228357
-0.00457019543056374
-0.00490117214321043
-0.00513098346468917
-0.00521998535595494
-0.00515397940732837
-0.00494381797072796
-0.0046220518105619
-0.00423741188086629
-0.00384654168300171
-0.00350293373980547
-0.00324457256717396
-0.00308361744204027
-0.00300278583812422
-0.0029620146473946
-0.00291428434818302
-0.00282376487800827
-0.00267788349555451
-0.00248954025395399
-0.00229207992681066
-0.00213159687621473
-0.00205811251063396
-0.0021145107571109
-0.00232401293779729
-0.00268093135045364
-0.00314974799568074
-0.00367297869308428
-0.0041835666879274
-0.00461709505552857
-0.00492190693365641
-0.00506740969712738
-0.00505073287847003
-0.004900720305019
-0.00467729936547527
-0.00446372214830713
-0.00434952009044051
-0.00440518428750064
-0.00465611889169783
-0.00506874506811515
-0.00555872868783694
-0.0060194209739555
-0.00635665920089514
-0.00651400362468887
-0.0064807576910467
-0.00628551283267067
-0.00598284985281039
-0.0056391110633836
-0.0053189241835882
-0.00507224787975807
-0.00492355942058982
-0.00486721294020832
-0.0048719165671025
-0.00489295913948156
-0.00488729686909797
-0.0048264525389327
-0.00470420644034945
-0.00453797233976847
-0.0043636772946668
-0.00422447224091659
-0.0041548270851582
-0.00416425222519206
-0.00422806713728667
-0.00429294663477327
-0.0042988860254532
-0.0042078677495148
-0.00402090640149226
-0.0037694617258223
-0.00348724713793422
-0.00319083493963317
-0.00289367511006437
-0.00263208095903201
-0.00243718258984199
-0.00224026456034788
-0.00184884691605308
-0.00113606310396658
-0.000277261149319982
0.000333227754539082
0.00046226297923339
0.000235512499341116
-6.50892748973604e-05
-0.00027964252630486
-0.000418728509985233
-0.000550714280383787
-0.00071602851735147
-0.000918617870781599
-0.00114473170310605
-0.00137312674274246
-0.0015800965494269
-0.00174936871372447
-0.00188266904335666
-0.00200037960643629
-0.00212986141514241
-0.0022896843918742
-0.00248030823818995
-0.0026856912449981
-0.00288271855360074
-0.00305190348401576
-0.00318433881748497
-0.00328350679798905
-0.00336296344050275
-0.00344125228330255
-0.00353543812901275
-0.00365540443050236
-0.00380100618759559
-0.00396234661016634
-0.00412190547483632
-0.00425785807943812
-0.00434899215630953
-0.00438074702842424
-0.00435013039647499
-0.00426727298698072
-0.00415305401786218
-0.00403341745307941
-0.00393128430650494
-0.00385786134394723
-0.00380699237817798
-0.00375686865084692
-0.00368063036359885
-0.00356195862935499
-0.00340775292740398
-0.00325089199740888
-0.00314114846139557
-0.00312781226434695
-0.00324071167573765
-0.00347673956231697
-0.00379708768115472
-0.00413652542691236
-0.0044214866093127
-0.00459048803323463
-0.00460980167019293
-0.00447932659306847
-0.00422754874122037
-0.00389896511713976
-0.00354008756455569
-0.00318924709830008
-0.00287167858012803
-0.00259808119607864
-0.00236447330822708
-0.00215279373186135
-0.00193294566911773
-0.00166716871295718
-0.00131754350245838
-0.000856773090185548
-0.000279972775236758
0.000388020708253637
0.00109572654044046
0.00177954073360012
0.00238313717245679
0.00287112052351052
0.00323019103516626
0.00346036005628486
0.00356543012669783
0.00355034385192455
0.00342550866824413
0.00321224956979365
0.00294366568109036
0.00265952087084093
0.00239767488231832
0.00218556943873721
0.00203460641739522
0.00193951771670703
0.00188337154934085
0.00184576852564649
0.00180925387585059
0.00176033097140101
0.00168599571913547
0.0015700262070339
0.00139289592280838
0.0011366034840549
0.000792899851612223
0.000371019157499433
-9.97885080235258e-05
-0.000575377378723888
-0.0010075356614257
-0.00135538944840747
-0.00159260037071733
-0.00170869993799705
-0.00170625355146495
-0.00159709789438519
-0.001400262029026
-0.00114224112350632
-0.000857994652235487
-0.000589194933880282
-0.000376412161516274
-0.000245621754769904
-0.000195202784314211
-0.000192531142395179
-0.000185652571548952
-0.000127246050390732
-5.83504291615762e-07
0.000165617194792529
0.000303211844688736
0.000331697576668843
0.000194234896559125
-0.000115838621698571
-0.000550586105872531
-0.00102418314032668
-0.001440245891291
-0.00171919351795616
-0.00181936663736841
-0.00174770053045896
-0.00155608754967275
-0.00132282166636617
-0.00112540514804179
-0.00101628613599283
-0.00101157637712328
-0.00109523695253357
-0.00123332977871948
-0.00138960054637708
-0.0015356954716941
-0.00165444407272675
-0.00173918703652924
-0.00179279947439128
-0.00182684019166047
-0.00185818875467132
-0.00190158641437958
-0.00196081566165607
-0.00202394380745151
-0.00206585531151088
-0.00205634623496992
-0.00196933840202411
-0.00179029573326226
-0.00152158044266791
-0.00118527627637388
-0.000820563846132018
-0.000472935148927102
-0.000177896820026933
5.21256129062501e-05
0.000229290229770865
0.000379480630420047
0.000526361480829217
0.000679366257673411
0.000830353148117794
0.000958142144181033
0.00103676503593034
0.00104281755043343
0.000959589101214312
0.000779093873003965
0.000504733010863768
0.000155443520104181
-0.00023130848789358
-0.000601972581843712
-0.000897140705011565
-0.00106752392465164
-0.00108950839319431
-0.000972838253777982
-0.000756033899610583
-0.000491590597818576
-0.000228850448648487
-3.20969391769565e-06
0.000164749119515145
0.000263335515609148
0.000283305768047212
0.000215321442393831
5.18253799628565e-05
-0.000208929388172624
-0.000559699811579832
-0.000983898962986062
-0.00145775322769652
-0.00195277370032262
-0.00243690287592725
-0.00287515035128284
-0.00323187846163403
-0.00347554067165198
-0.00358443084463184
-0.00355164701344884
-0.00338888808961041
-0.00312792922808912
-0.00281323452358752
-0.00247760350829293
-0.00211159062945191
-0.00167081684732673
-0.00115575448387837
-0.00069294922908036
-0.000458449570104364
-0.000454676187716917
-0.000442739111493961
-0.000190569743807475
0.000281070713265292
0.000772798550022689
0.0011406799050943
0.00138630445769047
0.00158595220549389
0.00181013395906776
0.00210057916866549
0.0024757410986022
0.00293395936882854
0.00345485055756706
0.00400764255283522
0.00456310552354293
0.00509844881332
0.00559095147469748
0.00600736010262339
0.00630112606730274
0.00642450158322638
0.00635130964521341
0.00609717824133038
0.00572406883199707
0.00532490204677481
0.00499505953738888
0.00480313466828959
0.00477155859767193
0.00487201712172742
0.00503502265669697
0.0051693651886985
0.00518559165466011
0.0050178860906187
0.00463975049155842
0.00406987637555666
0.00336637091758278
0.0026109734325028
0.00188840797702257
0.00126683911730393
0.000783598463665933
0.000438600932933377
0.000197373261471968
4.5081583307895e-06
-0.000195263775117935
-0.000436036078872432
-0.000719415552286865
-0.00101876426603308
-0.00129646861129049
-0.00152450234264223
-0.00169746414148121
-0.00183237041694988
-0.001956871478119
-0.00209304989179888
-0.00224508055508517
-0.00239567804111808
-0.00251104292900608
-0.00255050722746523
-0.00247669887815836
-0.00226367441215214
-0.00190246069317325
-0.0014045689779997
-0.000803482104920348
-0.000152372142953828
0.000484484366938692
0.00104699042563428
0.00149690625492038
0.00182958984554326
0.00207238317419861
0.00226921812485744
0.00245938382356934
0.00266132349433244
0.00286811815333765
0.00305455843855247
0.00319111426322605
0.00325855136873505
0.00325763957927474
0.00321081676022654
0.00315552613080362
0.00313092748535922
0.00316149509259404
0.00324358273631872
0.00334223170394028
0.00340210932358002
0.00336939794242621
0.00321567073216246
0.00295370055109136
0.00263810600648282
0.00234921916349136
0.00216567462228725
0.00213710628477945
0.00226844327931253
0.00252059593983753
0.00282382807479495
0.00309658268992439
0.00326597382366468
0.00329049701243343
0.00318049846770437
0.00299760196347877
0.00281477568003062
0.00266172086101273
0.00252671782783743
0.00242994180731946
0.00245597278917929
0.0026632334899417
0.00298387590360528
0.00325987389692367
0.00336583904612844
0.00327414537728377
0.00302864675675263
0.00269285714261054
0.00232202620544142
0.00195942107623177
0.00164061681063358
0.00139619928766204
0.0012505645484138
0.00121815700745129
0.00130102780344352
0.00149140775222002
0.00177861601729875
0.00215480136376455
0.00261403244036088
0.00314465678764361
0.00372062527557488
0.00429838769704227
0.00482183837367227
0.00523284773094029
0.00548266536712055
0.00554010053967087
0.00539453486610775
0.0050543993118145
0.00454358016772534
0.00389828774952739
0.00316554938983366
0.00240284517032324
0.0016769273213157
0.00105875553083083
0.000612197395287127
0.000377999631341774
0.000359657756817777
0.000519698249020273
0.0007909505153137
0.0010997950317882
0.00139192249225722
0.00164943600064106
0.00189195736371384
0.00216176857388838
0.00249991584884806
0.00292308014721571
0.00340959351882915
0.00389948751962078
0.00430935541042289
0.00455808381861689
0.00459493110322904
0.00441926386140166
0.00408336848774384
0.0036759767121817
0.00329217369290076
0.00300140722308395
0.00282602795935172
0.00273783509149864
0.00267257625765652
0.00255603652594416
0.00233211243311603
0.00198326273387084
0.00153674253616308
0.00105528078495421
0.000616298814992643
0.000287191075467253
0.000104963661989354
6.7077235134975e-05
0.00013666642942267
0.00025969323531165
0.000386376777296149
0.000487871087662379
0.000562824772107037
0.000634428546282083
0.000742326705246522
0.000932951144047911
0.00124841262081888
0.00171272607453466
0.00231746566893395
0.00301404834074402
0.00372054190349252
0.00434419297064107
0.00481092476848677
0.0050878430154581
0.00518867584087314
0.00516190402870691
0.00506970734343422
0.0049677119397174
0.00489165633074693
0.00485210805477751
0.00483598284770524
0.00481376307632911
0.00475136370789059
0.00462394402364483
0.00442675165440784
0.00417785205682981
0.00391092797987218
0.00366204783917466
0.00345821841542517
0.00331368958597255
0.00323337516682205
0.00321730176852085
0.00326048555547265
0.00334812939688393
0.00345147131926988
0.0035303564115582
0.00354382840035319
0.00346365854755613
0.00328343921697313
0.00301949820470748
0.00270526981421051
0.00238264907053069
0.00209215584428966
0.0018627703452134
0.00170415022453512
0.00160525375317942
0.00154045937738106
0.00147912351416752
0.00139295777907727
0.00125947539175988
0.00106427795459552
0.000804942014931674
0.000495447561286911
0.00016722259346587
-0.000136343025590742
-0.000371674711826555
-0.000509092038403931
-0.00054318502846364
-0.000494872102045307
-0.000404787359136057
-0.000321530645530592
-0.000289274259855474
-0.000338168760452903
-0.000479846357658352
-0.00070881336301653
-0.00100796837883054
-0.0013547481710828
-0.00172565336225192
-0.00209943111905843
-0.00245922028961375
-0.00279171926959691
-0.00308173613750139
-0.00330566662826891
-0.00343229496689731
-0.00343616268443194
-0.00331775849747427
-0.00311614435758503
-0.0029030899053054
-0.00276101413203676
-0.00275760519900216
-0.00292922099230445
-0.00327671439753436
-0.00377056497706692
-0.00436087332748137
-0.00498886423706133
-0.00559749565879334
-0.00614003793895377
-0.00658668012676944
-0.00692854627456827
-0.00717673882526179
-0.00735453076946478
-0.00748476270584555
-0.0075788268852567
-0.00763415985843599
-0.00764231963563122
-0.00760204310329827
-0.0075269412758367
-0.00744069401648476
-0.00736250379988967
-0.00729380576570132
-0.00721597815263765
-0.00709957400627833
-0.00691766619263367
-0.00665568698679433
-0.00631533661269798
-0.00591442592764781
-0.00548480176795277
-0.00506842194369715
-0.00471050871301263
-0.00445016706615682
-0.00431151577181055
-0.00429913067310398
-0.004399074306373
-0.00458339661094235
-0.00481519810299899
-0.0050532146133618
-0.00525640078921749
-0.00538859472711453
-0.00542246506942486
-0.0053419572973703
-0.00514306021953935
-0.00483354087274358
-0.00443319949041045
-0.00397570018053498
-0.00350988458973261
-0.00309527376201358
-0.00278813176936489
-0.00262171311702805
-0.00259130571592066
-0.00265462656196551
-0.00274983223766756
-0.00282223875479587
-0.00284489669913413
-0.00282254240188671
-0.00278032724587301
-0.00274819217350749
-0.00275077091876892
-0.0028039864111056
-0.00291349589455426
-0.00307252468988665
-0.0032621422748444
-0.00345734333574212
-0.00363682433210045
-0.00379000981571728
-0.00391668781134259
-0.00402028970551611
-0.00409991702767613
-0.00414612674003712
-0.00414252830613541
-0.00407178020952237
-0.00392231712750393
-0.00369203611029171
-0.00338721417055044
-0.00301811159733981
-0.00259534827672057
-0.00213106093021875
-0.00164476801702942
-0.00116821599556042
-0.000742155191114211
-0.000404125729997584
-0.0001749296452999
-5.36439328380757e-05
-2.41286366702712e-05
-6.67870761114435e-05
-0.000166471305119873
-0.00031263886033501
-0.000495342924788518
-0.000703248630482927
-0.000925806822916965
-0.00115603564815136
-0.00138960167082456
-0.00162068496972873
-0.00183939697929187
-0.0020339690309937
-0.00219542756104732
-0.00231947918798218
-0.00240305672814032
-0.00243832701460452
-0.00240962623272086
-0.00229657101271806
-0.00208189487230454
-0.00175959286189046
-0.00133952985153614
-0.000847027450159583
-0.000317767865056474
0.000210657052293176
0.000708254714407953
0.0011599765608328
0.00156783055358002
0.00194674080101153
0.00231639695999891
0.00269357260936591
0.00308850088032325
0.00350516284751463
0.00394190805022624
0.0043891284968703
0.00482472287574206
0.00521182213722073
0.0055029993496087
0.00565131929832961
0.00562429002175875
0.00541491961216791
0.00504578622741822
0.00456582596908512
0.00404174230324731
0.00354495476725855
0.00313446192580972
0.00283960491740078
0.00265132371777145
0.00252906885324881
0.00242178919021537
0.00229230812620061
0.00213249701483377
0.00196280223455621
0.00181860068432396
0.00173173222501265
0.0017159326767303
0.00176089590497181
0.00183466278422025
0.0018913751270405
0.00188189763079037
0.00176595649980189
0.00152380719632232
0.00116365254421107
0.000720937577177059
0.000248837408148134
-0.000196137005190789
-0.000567337305659956
-0.000836000229519317
-0.000993900035987262
-0.00105199032456242
-0.00103538690809522
-0.000974718224521613
-0.000895906451809714
-0.000812426698324079
-0.000723244324321322
-0.000616631771537358
-0.000477507776175039
-0.000294956932301029
-6.68023409214262e-05
0.000200600008672653
0.00049681266182351
0.000813240074344421
0.00114737689303773
0.00150381647175039
0.0018920652431531
0.00232149860809178
0.00279387525951842
0.00329535468122268
0.00379213881803098
0.00423395331454871
0.00456632812164564
0.00474776715011203
0.00476439411978167
0.0046347968070112
0.00440236573889404
0.00411960453089214
0.00383372297041115
0.00358064850235018
0.0033864389176249
0.00326839286051987
0.00323010428064822
0.00325391672693922
0.00330066037623241
0.00332205750128775
0.00327963877792803
0.00315769687844076
0.0029632875915916
0.00271719185030187
0.00244486836138759
0.00217233401313811
0.00192510126621872
0.00172623436156961
0.00159269133209038
0.00153235118307554
0.00154397125381191
0.00161998212564599
0.00175049483126516
0.0019271541711307
0.00214609739819045
0.00240887533051177
0.00271966881635375
0.00307868089216102
0.00347502217818254
0.00388427510426905
0.00427360315177394
0.00461241520061684
0.00488312286973425
0.00508664960057713
0.00524043033403738
0.00537044704754548
0.00550114553468872
0.00564723215863481
0.00581042097510169
0.00598257325483008
0.00615320724612123
0.0063151263582052
0.0064619947883849
0.00657891357157159
0.00663557860541665
0.00659167916814316
0.00641384366195126
0.00609217036898785
0.00564367945854448
0.00510109047267179
0.00449754486449156
0.00385971029998218
0.00321222333291848
0.00258553317204268
0.00201708436443651
0.00154319999278193
0.00118769179066103
0.00095491708949615
0.00082980088816478
0.000782111468778731
0.000771964967384826
0.000756170863158272
0.000695841124877735
0.000563683064328961
0.000347816682843611
5.03408313551984e-05
-0.000317899027642096
-0.000742773605102015
-0.00120969861221523
-0.0017035916097358
-0.002207679204943
-0.00270263418776057
-0.00316640658765851
-0.00357516659740069
-0.00390643003006387
-0.00414450860092069
-0.00428606775455412
-0.00434258361140875
-0.00433826663757607
-0.00430449074687819
-0.00427249934201698
-0.00426573060414032
-0.00429359282141345
-0.00434977744131817
-0.00441774126485128
-0.00448242349376287
-0.00454244566271111
-0.00461492664641271
-0.00472844676816436
-0.00490712927025643
-0.00515478983403606
-0.00544807769868269
-0.00574206781063529
-0.00598500027741674
-0.00613450346653046
-0.00616765992700344
-0.00608181775782976
-0.00588914727709147
-0.00561060695126299
-0.00527231813573813
-0.00490316139469577
-0.00453147034527348
-0.00418096861724261
-0.00386794932963809
-0.00360123485507109
-0.00338479879341338
-0.00322150514441055
-0.00311574811535494
-0.00307327528279172
-0.00309815005237671
-0.00318860066581159
-0.0033342721189876
-0.00351691203951919
-0.00371505317232404
-0.00391130258038349
-0.00409938587046419
-0.00428791009527405
-0.00449867500777875
-0.00475887309694489
-0.00508902265092108
-0.0054916015943376
-0.00594648718589867
-0.00641616394056787
-0.00685814389155986
-0.00723878163515337
-0.00754336341809104
-0.0077794190636858
-0.00797156181418241
-0.00814821144987911
-0.00832485233561033
-0.00849259601566538
-0.00861992919558123
-0.00866811265785974
-0.00861153981321346
-0.00845090990577165
-0.00821239244601272
-0.00793552375303737
-0.0076585124218455
-0.00740827234273944
-0.00719710207372141
-0.0070240806467996
-0.00687912065842132
-0.00674909450760676
-0.00662537474850777
-0.00650976398244343
-0.00641401515186328
-0.0063508395731699
-0.00632105033516835
-0.00630604752944685
-0.00627163560320123
-0.00618063309905518
-0.00600611166183933
-0.00573880434585885
-0.00538774182496533
-0.00497665728519977
-0.00453850092476176
-0.00410903557094958
-0.00372030810414947
-0.00339542923484848
-0.00314577735893551
-0.00297037671666194
-0.00285696525573094
-0.00278604554879208
-0.00273973018983267
-0.00271304077868354
-0.00271971628967527
-0.00278545087356717
-0.00293074078520814
-0.00315464137067085
-0.0034303596105462
-0.00371465509812315
-0.00396445778038657
-0.0041519486870695
-0.00427219273696788
-0.00434152626779207
-0.00438861861366528
-0.00444263772405173
-0.00452302709042422
-0.00463326024736266
-0.00475894907518424
-0.0048705300682256
-0.00493120804614848
-0.00490955432028461
-0.00479294810038783
-0.00459549513132147
-0.00435514483308505
-0.00411997936470732
-0.00392993011347772
-0.00380262168634218
-0.00372858546011548
-0.00367523340300837
-0.00359631815618152
-0.00344503105107786
-0.00318969996697828
-0.00282799367821685
-0.00239215020555897
-0.00193990125279801
-0.00153359966641572
-0.00121740164331773
-0.00100349617842545
-0.000872805316383246
-0.000787178279142552
-0.000704462772756803
-0.000588977779453795
-0.000416316784875675
-0.000176347743396776
0.00012313680243809
0.000454743260941371
0.000776450563530023
0.00104432447957246
0.00122846170854423
0.0013247948398682
0.00135668964463832
0.00136458199200196
0.0013876663113318
0.00144642999695867
0.00153514600630634
0.00162780946412678
0.00169275212795933
0.001706458824768
0.00165958304914772
0.00155533766137638
0.00140578921872315
0.00123079708280951
0.00105926668203621
0.000928477884548534
0.000877981997402044
0.000938828177564183
0.00112272622708086
0.00141601171651824
0.001780250752496
0.00215839443837639
0.00248535074595519
0.00270323179637138
0.00278013644927365
0.00272623608915133
0.00259740085148937
0.00248058367403549
0.00246560499598567
0.00261661900399579
0.00295605332750297
0.00346504512857967
0.00409511860084607
0.00478274322792771
0.00546142054981921
0.00607052514058727
0.00656269503053421
0.00691124815290206
0.00711661284333732
0.00720826432691585
0.00723904271854073
0.0072725096070693
0.00736788845568282
0.00756757135350568
0.00788954572602674
0.00832473193100929
0.00883889510814966
0.00937909130288514
0.00988380962382727
0.010294707603143
0.0105678190487302
0.0106831494500725
0.0106515219799839
0.0105156404960526
0.0103412261117415
0.0101971374297415
0.0101301777474317
0.0101456513307012
0.01020332124222
0.010230527003667
0.0101459013783326
0.00988406620748839
0.00941412935263115
0.0087489454838439
0.0079446127935937
0.00709016078888094
0.00628803178707749
0.00562908306086539
0.00517038261199128
0.00492519182761502
0.00486885323446013
0.00495527813422737
0.00513394011330228
0.00536001805583143
0.00559655893198048
0.00581184759647326
0.00597637369076641
0.00606302987319605
0.00605161666536849
0.00593502715947434
0.0057226555484422
0.00543876276447951
0.00511739062791165
0.00479660272086671
0.00451262709853031
0.0042926383080467
0.00414663667819029
0.00406244047976935
0.0040082911378085
0.00394284241140391
0.00382645544005929
0.0036273047362413
0.00332198134989562
0.00289640761289883
0.00235179318697954
0.00171299786150496
0.0010310465036225
0.000373810136966746
-0.000192710593688782
-0.000622737656418615
-0.00089875265395225
-0.00102621315554381
-0.00102051489004182
-0.000895871125247258
-0.000663236075566357
-0.000337510893165308
5.23867486644268e-05
0.000459229150449228
0.000823868713039099
0.00109002539861011
0.00121979294831715
0.00120252880201797
0.00105469439610175
0.000812675667664459
0.000521666177342156
0.000223297641000855
-5.44529139165113e-05
-0.000300794790239105
-0.000517294254267817
-0.000708016212380986
-0.000871213762116575
-0.00099742062676162
-0.00107396478641607
-0.00109231030820439
-0.00105430364079747
-0.000974770097632421
-0.000878967156020164
-0.000794599607067546
-0.000740688831924005
-0.000718386543132407
-0.000708948155740014
-0.000680740883704898
-0.000602709025250185
-0.000458717130361038
-0.000256378189866233
-2.55294642471538e-05
0.000193999020025791
0.000369360192635481
0.000486574581829888
0.000550380290095968
0.000573668889980395
0.000565379235728866
0.000525422689322687
0.000448272785735837
0.000329969494643154
0.000172113928815663
-1.91678598619667e-05
-0.000236290691932903
-0.00047141292277849
-0.000715074213534571
-0.000954641885030843
-0.00117481433190835
-0.00136026992982155
-0.00149920794824224
-0.00158675969146444
-0.00162758723884422
-0.00163628328282146
-0.00163340649774931
-0.00163643675309114
-0.00164908627440437
-0.00165585895449144
-0.00162732036221537
-0.00153540264661541
-0.00137169851579968
-0.00115906058754427
-0.000949009688248027
-0.000803871786792118
-0.000770930883141316
-0.00086152173881487
-0.00104644002199538
-0.00127041974110589
-0.00147795798981006
-0.00163695194679522
-0.00174877761111688
-0.0018417831315194
-0.00195401492272452
-0.00211480984380834
-0.00233252986146045
-0.0025908007128146
-0.00285234122068506
-0.00306868379737578
-0.00319377938646716
-0.00319812780809425
-0.00307859800153337
-0.00285972904970709
-0.00258582591013756
-0.00230748789702881
-0.00206814766743136
-0.00189485825941884
-0.00179501686065398
-0.00175900977245597
-0.00176759188710674
-0.00180106380747317
-0.00184593364818862
-0.0018961933976547
-0.00195055001133962
-0.00200983801997353
-0.00207699436056694
-0.00215784072171579
-0.00225994513641465
-0.00238984946014765
-0.00255124866160722
-0.00274512638878029
-0.00296984792237676
-0.00321886304501903
-0.0034766231930552
-0.00371674623098734
-0.00390698244748745
-0.00402166088010018
-0.00405591518942837
-0.00403208789321359
-0.00399189044654151
-0.00397735936729627
-0.00401206248417357
-0.00409354192725293
-0.0041986828312059
-0.00429451149220472
-0.00434655898829135
-0.00432421732095075
-0.00420786433626514
-0.00399927837164555
-0.00372918584979788
-0.00345353845788273
-0.00323704737943859
-0.00313215792209861
-0.00316484210542383
-0.00333268013303288
-0.00361140784528951
-0.00396193166898873
-0.00433429943825667
-0.00467288249998008
-0.00492855375113946
-0.0050759453988617
-0.00512496765156453
-0.00511624521479755
-0.00510099057531331
-0.005117098305174
-0.00517475319234117
-0.00525664439408031
-0.00532862714638129
-0.00535332306744394
-0.00530115431462726
-0.00515659290751458
-0.00491981734873066
-0.00460521633091092
-0.00423798734464192
-0.00384886502881876
-0.00346647455065195
-0.00310809713509516
-0.00277196881806169
-0.00243567192074101
-0.00206394620735856
-0.00162476789842695
-0.00110672054002182
-0.000527924618006893
6.91774083157682e-05
0.000633659069907844
0.00112226727883049
0.00150857458728509
0.00178798518116117
0.00198439585396035
0.00214913665601711
0.00232788787150299
0.00250076671184679
0.00256962594352318
0.00245608750615758
0.0022171259100611
0.00200340447264151
0.0018894436079015
0.0018067401935825
0.00165844630659675
0.00144182873869423
0.00124125206355069
0.00114488939566881
0.00118841226330989
0.0013521303072661
0.0015824063024703
0.00181208896295526
0.00197616875077831
0.00202675865287806
0.00194657244839306
0.00175488271284132
0.00150133008230471
0.00124926451603621
0.00105620697586543
0.000960226214169765
0.000976637083535964
0.00110260877621844
0.00132345499561182
0.00161655080660961
0.00195401284753145
0.00230751822321275
0.00265574849072327
0.0029906791060821
0.00331816658933462
0.00365177588711715
0.00400309366794236
0.00437323037156666
0.0047484339950683
0.00510029266701026
0.0053900431175206
0.00557652020521436
0.00562672197213945
0.00552674373718506
0.00528989762000473
0.00495854313875881
0.00459680593264608
0.00427391556487158
0.00404244712487386
0.0039200440784981
0.00388369330017112
0.00388039884602268
0.00384946402667526
0.00374547345792703
0.00355198349877461
0.00328240041311601
0.00297095715582172
0.00265930911248273
0.00238361747353564
0.00216546938025792
0.00200872821736672
0.00190286543968282
0.00183102095940526
0.00177900898336944
0.00174132647790904
0.00172202245047025
0.00173066318894623
0.0017755104576942
0.0018570852099542
0.00196503787580193
0.00207943613203251
0.0021753765464976
0.00222891773518466
0.00222265413141521
0.00214942243720176
0.00201282357725795
0.00182485544665753
0.00160300697564817
0.00136864943829754
0.00114564251187269
0.00095701879549013
0.000820409037377837
0.000745485056575904
0.00073475090803862
0.000784778297221229
0.000884754759168944
0.00101413451626283
0.00114480293498309
0.00124998960782091
0.00131539519582014
0.00134539385789698
0.00136111166895531
0.0013927297568018
0.00147032019856587
0.00161566488695167
0.00183517354978615
0.00211427870573464
0.0024163932961609
0.00269073579715561
0.00288928496455475
0.00298568304309945
0.0029849044126192
0.00291667366408567
0.00281573677775647
0.00270102237047075
0.00256643833349719
0.00238718284201787
0.00213527467918773
0.00179642060191761
0.00138402902114225
0.000945281109884657
0.000552242816091964
0.000277926955062472
0.000168836881035594
0.000229339658002282
0.00042546942864983
0.000703149006157105
0.00100794180486539
0.00129580513029438
0.00153398871937152
0.00169925843270658
0.00178037458527409
0.00178468690964775
0.00174207718185562
0.00169931837765272
0.00170438510029678
0.0017882618772116
0.0019549803472456
0.00218574811229489
0.00245305817648355
0.00273364804073166
0.00301155681334414
0.00327205984404526
0.00349470464810439
0.00365275523035911
0.00371980341505057
0.00367911917333819
0.00353090801769022
0.00329520942409412
0.00301033572548546
0.00272707062923029
0.00249858828546156
0.00236737054641324
0.00235331917274297
0.00244877361513087
0.00262340503286468
0.00283623693493224
0.00304807117053025
0.00322861842590974
0.00335728125726848
0.00342079262091777
0.00341193308467867
0.00333139835652251
0.00319158699340614
0.00301866942624193
0.00284894186538293
0.00271788176653046
0.00264529209549749
0.00262452004050501
0.00262333706158701
0.00259732803595901
0.00250831582208085
0.00233733713445479
0.00208638679891597
0.00177134284229156
0.00141344663236837
0.00103513431329252
0.000660267738995656
0.00031415957130676
1.90127816675421e-05
-0.000214694137841743
-0.000394872220242095
-0.000545790786260502
-0.000696245711004042
-0.000864385798216123
-0.0010483823511134
-0.00122781924749415
-0.00137374097720708
-0.00146145333976839
-0.00148050325173376
-0.0014379954988074
-0.00135328338995347
-0.00124558170162848
-0.00112096260271178
-0.000967331921054893
-0.000761603275635588
-0.000484577371824056
-0.000133364216703729
0.000276101546448436
0.00071559785716067
0.00115367482429995
0.00156221636725541
0.00192058164562583
0.00221951379175965
0.00246425008511123
0.00267286215401446
0.00286688672459483
0.0030571232875886
0.00323302933363103
0.00336372085399086
0.00341149779191615
0.0033504773968269
0.00317991550253311
0.00292592282932917
0.00263254146722945
0.00234788481820648
0.00211081724713295
0.00194078779805374
0.00183203659547088
0.0017544202282546
0.0016631829344931
0.00151603627179173
0.00128996326663259
0.00098815650982845
0.000632817699896554
0.000248849898634131
-0.000150548162292004
-0.000567322209635241
-0.00100993451016398
-0.00147939288801783
-0.0019592544046037
-0.00241552097394511
-0.00280600713989291
-0.00309370298814815
-0.00325762427801308
-0.00329746984354578
-0.00323243048645926
-0.00309670088896738
-0.00293360782719465
-0.00278837258887185
-0.00269893375596504
-0.00268600143724082
-0.00274604459765541
-0.00285140127372813
-0.00295866546051669
-0.00302175132762297
-0.00300361213046435
-0.00288267173984482
-0.0026542889613292
-0.00232988014105765
-0.00193526967773523
-0.00150753596138937
-0.00108891649606528
-0.000718132327700022
-0.000422111214141521
-0.000211885652167568
-8.43686397337204e-05
-2.8186333581799e-05
-2.9287761495815e-05
-7.26302729918608e-05
-0.000139957868366804
-0.000207800170270386
-0.000250279487761577
-0.000246971483447501
-0.00019065365144724
-8.85729730066599e-05
4.45379990934244e-05
0.0001968874203518
0.000365904663686215
0.000556132874812177
0.000770825927705704
0.00100341509598795
0.00123419706129322
0.00143349098174939
0.00156890398547229
0.0016136846345543
0.00155446710882892
0.00139724321659236
0.00116928399442099
0.000914194947994797
0.000679705787045987
0.000502364273081064
0.000396292993969735
0.000351384486250143
0.000340421676329129
0.000329321385710626
0.000284759328759898
0.000178396343851282
-8.99950767624584e-06
-0.000281546667351415
-0.0006228370355162
-0.000995361191423708
-0.00134600233053291
-0.00161494485910887
-0.00174520890669002
-0.00169296216124345
-0.00143967958929013
-0.00100358542871784
-0.000443622174541015
0.000149804025639789
0.000676592814085053
0.00105386359896713
0.00123833564313466
0.00123674344933522
0.00110133793010635
0.000912098960227628
0.000750809185229834
0.000674454287457434
0.000696574120349312
0.000784007599558292
0.000871280128457416
0.000886974621303023
0.000780921832768182
0.000542080422713738
0.000202916069684053
-0.000168646938321155
-0.000487084294148457
-0.000673974049895095
-0.000683743841404047
-0.00052078798613435
-0.000239131803525004
7.62364838529642e-05
0.000337540702659811
0.00047915509948147
0.000470356357435159
0.000314346145330513
3.81615900677454e-05
-0.000319493517382141
-0.000717150967069729
-0.00111512257955029
-0.00147830745091494
-0.00178029002303135
-0.00200875364526236
-0.00216869786680105
-0.00227938394181045
-0.00236427552972836
-0.00243800310253664
-0.00249698277561247
-0.00251889589329865
-0.0024715757638718
-0.00232677821523737
-0.00207214999929228
-0.00171686456917011
-0.00129072358050298
-0.000839081077432499
-0.000415234542987306
-7.03991959807545e-05
0.000158032443063417
0.00025688442372192
0.000241868538675176
0.000153680068354193
4.61297249192552e-05
-2.99401981191237e-05
-4.18450555324552e-05
1.54432588885944e-05
0.000118786333061004
0.000225942671266107
0.000291189736640014
0.000281599944640312
0.000187559018425601
2.32473612795411e-05
-0.000183181433111633
-0.00040517756227567
-0.000631055153737724
-0.000867535390517574
-0.00113190626001875
-0.00143841479573467
-0.00178769298892204
-0.00216457596515627
-0.00254279954663225
-0.00289082401424579
-0.00317475660878665
-0.00335968736550284
-0.0034141344584379
-0.0033201916421616
-0.00308587770880008
-0.00275120181703484
-0.00238041166305901
-0.0020405854294564
-0.00177635223658356
-0.00159452886425904
-0.00146702395319775
-0.00134932439605586
-0.00120336018059684
-0.00101286834023568
-0.000785609467218158
-0.000544775345314027
-0.000316507467368723
-0.000119881400664207
3.75995965773523e-05
0.000158554838912076
0.000249195861013516
0.000310438703308676
0.000331666071826732
0.000292035784360298
0.000170240613571853
-4.19178561921138e-05
-0.000329977528058129
-0.000657622093234246
-0.000978437852722454
-0.00125242778254525
-0.00145773000326171
-0.00159093635354562
-0.00165733898706121
-0.00165975178439569
-0.00159534997535695
-0.00146341542354424
-0.00127813871384205
-0.00107613639144226
-0.000910892093882254
-0.000834163661928383
-0.000872931265609523
-0.00101460105214566
-0.0012098288384762
-0.00139268391111261
-0.0015077658223172
-0.00153037914330454
-0.00147148165301501
-0.00136903537254128
-0.00127357446144113
-0.00123465096528126
-0.0012900985598889
-0.00145777153610033
-0.00173088643859885
-0.00207960676976809
-0.00245996017451216
-0.002827500081277
-0.00315013921106271
-0.00341418003400398
-0.00362054921230481
-0.00377396576934568
-0.00387279322855601
-0.00390705146431537
-0.00386567683981054
-0.00374673605066187
-0.00356250405575411
-0.00333637016557012
-0.00309512768336336
-0.00286238173455969
-0.00265588834030192
-0.00248758892577376
-0.002363773065321
-0.00228469440713218
-0.00224541905755724
-0.00223945351022016
-0.0022634252883627
-0.00231842865969004
-0.00240548586921584
-0.00251793296308102
-0.00263705083952118
-0.0027352653949486
-0.0027856241650162
-0.00277176255850352
-0.00269221961875601
-0.00255661644131315
-0.00237649003175908
-0.00215708143712773
-0.00189560396204809
-0.00158695981279973
-0.0012328404221799
-0.000848071550556379
-0.000460134829230757
-0.00010238133313511
0.000194961850879423
0.00041191024663515
0.000542276230631289
0.000593252369116799
0.000580393565233688
0.000518979086417492
0.000416829306120602
0.000274918597627037
9.62570815831413e-05
-0.000104941447405448
-0.000303254016795933
-0.00047232719482279
-0.000596692221407904
-0.000675166507398702
-0.000714171713323097
-0.000718142782813839
-0.00068521084981943
-0.000610089426424493
-0.000489943685221896
-0.000328501020308735
-0.00013739177445202
6.36975564942576e-05
0.000247685151934757
0.00038345399102811
0.000443331522231664
0.000413086694674414
0.000300215980894321
0.000135968150658635
-3.12117567298681e-05
-0.000149028127952023
-0.000176081788201904
-9.26123799261026e-05
9.49734711194729e-05
0.000355757910588761
0.000642689854350851
0.00090784764225522
0.00112025292430038
0.00127715485840609
0.0014014649508161
0.00152661662444522
0.00167817796998304
0.00186227582063828
0.00206502268820599
0.00226070063249197
0.00242362600630132
0.0025388452497779
0.00260809849004063
0.0026493860508368
0.00269089254572003
0.00276179809689541
0.00288296267465422
0.00306046086578339
0.00328464632133918
0.00353524766744115
0.00378891182961815
0.00402346079895198
0.00421636757123193
0.00434105834104238
0.00436718209314003
0.00426739781939064
0.00402760791812321
0.00365517195180483
0.00318133498136986
0.0026571722607134
0.00214435171679645
0.00170267224636898
0.00137693577004481
0.00118704518855374
0.00112568530156566
0.00116513342342973
0.00126960680732712
0.00140647163969412
0.00155126126158612
0.00168585302509703
0.00179303923592171
0.00185271075570933
0.00184435478426438
0.00175659886080122
0.00159846840841844
0.00140383824376494
0.00122394479563502
0.00111024216567667
0.0010952464612242
0.00117927850224502
0.00132798258114734
0.00148206119702622
0.00157743420041518
0.00157004443525821
0.00145538073036472
0.00127203615138661
0.00108502906176319
0.000956752396438358
0.000922536784894434
0.000984537945524404
0.00112312244290803
0.00131238467539029
0.00152767351113979
0.00174475213175324
0.00193855589126342
0.00208695165675028
0.00217747421175112
0.00221208360081341
0.00220769557349582
0.00219298744774773
0.00220162273878391
0.00226133284022658
0.00238072426080615
0.00253993367969151
0.00269230592838528
0.00277912874211074
0.00275103297589595
0.00258473453998171
0.00228678515268837
0.00188470329444537
0.00141338227646516
0.000905471488212204
0.000388837334731481
-0.000112068385363974
-0.00057547757382703
-0.000983382394275167
-0.00132261233323701
-0.00158492842993327
-0.00176755600306851
-0.00187550661151659
-0.00192410277304863
-0.00193781741844425
-0.0019431039936559
-0.00195769373978834
-0.00198261691382426
-0.00200221482264292
-0.00199246930734398
-0.00193339636421376
-0.00181992624191553
-0.0016670012417023
-0.00150688091370067
-0.00137938565359114
-0.00131903078329947
-0.00134528466398689
-0.00146077937372017
-0.00165651180680839
-0.00191736826083692
-0.00222205376521009
-0.00253904758640948
-0.00282681778551444
-0.00304447270202753
-0.00316940176839291
-0.00321048973265559
-0.00320717709584962
-0.00321466690730031
-0.00328473031093418
-0.00345216120503629
-0.00373026593378925
-0.00411248141279153
-0.0045761816733984
-0.00508696665709309
-0.00560323621067532
-0.00608102467281892
-0.00647935618695339
-0.00676666226244688
-0.00692778034710209
-0.0069688239586769
-0.00691589105379312
-0.0068056137529146
-0.00667092881447368
-0.00652997632015207
-0.00638458774333914
-0.00622772847306152
-0.00605311831827545
-0.00586054345161845
-0.00565543805980856
-0.00544550560587521
-0.00523753256213945
-0.00503553121189363
-0.00483971526694621
-0.00464593597602431
-0.00444622443768919
-0.00423117806526465
-0.00399370050267554
-0.00373250292502124
-0.00345391608674241
-0.00317143293395088
-0.00290302013799631
-0.00266643205145347
-0.00247309109906302
-0.00232210757670882
-0.00219730124773607
-0.00207003846311041
-0.00190806036226485
-0.00168654533168669
-0.00139587030888703
-0.00104301689215876
-0.000648170171082235
-0.000240229870205034
0.000146974851872482
0.00047883468256611
0.000725682057018401
0.000869089746675662
0.000906225628652145
0.000850425788696153
0.000728114806298701
0.000573978100675975
0.000426779544361385
0.000326657931728387
0.000311930714734426
0.00041247139929571
0.00063980536926567
0.000978657747921276
0.0013858443863993
0.00179897111587463
0.00215273379075497
0.00239744431571336
0.00251307731622044
0.00251323254925559
0.00243764358465604
0.00233708277828115
0.00225705889159309
0.00222589080253189
0.00225056156897393
0.0023208478773012
0.00241821201116737
0.00252328572008616
0.00261822806751319
0.00268651080398219
0.00271585876540571
0.00270569939585011
0.00267280138825814
0.00264662585082923
0.00265297495738712
0.00269504011542942
0.00274515751756736
0.00275423616539307
0.00267417410684324
0.00248095655366815
0.00218723553328954
0.00184005438716239
0.00150609705495506
0.00125047845935166
0.00111621004512949
0.00111090258891033
0.00120484334346968
0.00134059010803451
0.0014501818683962
0.00147387026730653
0.00137490628977853
0.00114753275993068
0.000817790246855644
0.000437682744764271
7.33956969456719e-05
-0.000210781830873582
-0.000368979484972261
-0.000384942514894357
-0.000272906085892568
-6.74650502012713e-05
0.000192661030998326
0.000478839232312158
0.000777576952099535
0.00108405269898743
0.00138838363286287
0.00166385720323492
0.00186585064739999
0.00194385828615614
0.00186125335388971
0.00161315011465972
0.00123386373798768
0.000790634684261331
0.000366478386261978
3.89797549332384e-05
-0.000138001880343796
-0.000145178885188087
6.43582037377167e-07
0.000254145975536605
0.000555737167214847
0.000847796369514344
0.00108742657480824
0.00125181557782913
0.00133569501122189
0.00134393764294671
0.00128401181642626
0.00116148907231068
0.000978428653922922
0.000732981221460505
0.000420694065783869
4.04030892315673e-05
-0.000394528650238421
-0.000845256105222512
-0.00124675310353418
-0.00152354564642949
-0.00161727015658732
-0.00151212694371289
-0.00124440184445271
-0.000891463124782608
-0.000546344852710326
-0.000289248794670193
-0.000166186836640376
-0.000180625075061048
-0.000298945472943406
-0.000466013608627519
-0.000624327305834003
-0.000730097854189178
-0.000761809581762931
-0.00072016294978732
-0.000621983316843138
-0.000493285537474321
-0.000365895319661925
-0.000277486098272912
-0.000270415441753111
-0.000384966437738736
-0.000647704190846615
-0.00106101247744169
-0.00160051735741572
-0.00222218437399185
-0.00287445241837766
-0.0035083009328761
-0.0040814714687078
-0.00455869276825268
-0.00491232941012775
-0.00512534790719901
-0.0051941809575757
-0.00512816409979221
-0.00494577027792734
-0.00467125723635134
-0.00433399689567044
-0.00396811106786283
-0.0036079562010511
-0.00327874258474783
-0.00298771369364072
-0.00272311798177892
-0.0024631148369673
-0.00218952729529977
-0.00189859508839738
-0.00160384438497771
-0.00133105766592023
-0.00110873505215241
-0.000958688057712887
-0.000890675039734223
-0.000902548763007016
-0.000984375417619412
-0.00112315347641592
-0.00130522482081346
-0.00151578892688997
-0.00173732612930335
-0.0019496360554964
-0.00213338278450974
-0.00227686206849369
-0.00238262402166086
-0.00246857495954977
-0.002560278945876
-0.00267725730367037
-0.00282105087778904
-0.00297182297927036
-0.00309461504035221
-0.00315154897456538
-0.0031152899213617
-0.00298007716879174
-0.00276699545035413
-0.00252042012849736
-0.00229515711265886
-0.00213885192353515
-0.0020779385806157
-0.00211365699961097
-0.00222833521959272
-0.00239647081264758
-0.00259387867434361
-0.00280066629660663
-0.00299804287695105
-0.00316327617608673
-0.00326858957384277
-0.00328622135288023
-0.00319624647703062
-0.00299215419275401
-0.00268259032928776
-0.00229059985503269
-0.0018504883405831
-0.00140060037852257
-0.000972639535374025
-0.000582701211556638
-0.00022961432967888
9.91829700241624e-05
0.000419399042743009
0.000744124836555391
0.00108094899310849
0.00142979294932868
0.00178093248858256
0.00211501239848098
0.00240627955846691
0.00262757610717959
0.00275444037270337
0.00276755606038554
0.00265551864566357
0.00242017946350224
0.00208393415230614
0.00169438271198493
0.00132008245659444
0.001034264714574
0.000890989429364408
0.000905188312204685
0.00104772160037657
0.00125766284485493
0.00146357047461604
0.00160243632034045
0.00163061423936606
0.00152808066308298
0.00129915905611097
0.000970246079818091
0.00058329894917859
0.000185288035826237
-0.000183365792702219
-0.000496996989376248
-0.000746540423109309
-0.000935334635033898
-0.00107231723669247
-0.00116677715685351
-0.0012266458016609
-0.00125904749954343
-0.00127041226592285
-0.00126514286216502
-0.00124455531391209
-0.00120810070579058
-0.00115613641998687
-0.00109136525211202
-0.00101773755434272
-0.000939110509114513
-0.000860397148216647
-0.000790327418677468
-0.000741698942102583
-0.000726291428688362
-0.000746401428912264
-0.000788450543405226
-0.00082329884320843
-0.000814206320153076
-0.000729958766299171
-0.000558561930416585
-0.000315770415735533
-4.35758684092579e-05
0.00020201416305691
0.000368836701787487
0.000424266688251526
0.000363437667631627
0.00020951788310968
8.17259749237019e-06
-0.000182297251946936
-0.000304700921694701
-0.000319007044293147
-0.000216263911172733
-2.42176193411578e-05
0.000199630197550214
0.000386336513922137
0.000478212839730489
0.000446547445392985
0.000297590199820092
6.62008213859858e-05
-0.000197205018214208
-0.000438802804315734
-0.000609187250189035
-0.000669921136603733
-0.000603179341096951
-0.000422575707019823
-0.000176142834274831
6.63253359046177e-05
0.000239051532908521
0.00030633127154477
0.000274946867251845
0.000187911783435665
0.000105795854592621
8.68087644167007e-05
0.000173038117603389
0.000383355855723875
0.000710642066413212
0.0011230414449006
0.00157100311627594
0.00200021829367756
0.00236686912544784
0.00264941635655692
0.00285196879396377
0.00299758715778421
0.00311453307499852
0.00322221679267472
0.00332339336292709
0.00340455490564295
0.00344155120047139
0.00340684138165795
0.00327766419875948
0.00304546941819745
0.0027238079457763
0.0023490376075064
0.00197101486155725
0.00163784556992379
0.00138286904386052
0.00121949319734566
0.00114330543567949
0.00113688856539957
0.00117386763985051
0.00122273549433201
0.0012530346594741
0.00124389675141454
0.00119071522538616
0.00110538740475707
0.00101041821644686
0.000932041526366871
0.000896610264291752
0.000928829388143694
0.00104698531649099
0.00125366498926811
0.0015270070487789
0.0018201984579854
0.00207303040093232
0.00223206377647557
0.00227027405577977
0.00219649398507449
0.00205046147667012
0.00188766238051546
0.00176321015183348
0.00172181600993864
0.00179416892265946
0.00199539379358609
0.00232244335710942
0.0027517630920775
0.00324077603749805
0.00373443883626298
0.00417474826922062
0.00451071045998514
0.0047078965049564
0.00475631682909461
0.00467297181708459
0.00449565199615325
0.00426943428132781
0.00403262544407156
0.00380918011387279
0.00360963460571014
0.00343700750071324
0.00329216664217917
0.00317523346469047
0.00308309966611293
0.00300547879453378
0.00292267111005039
0.00280828186641899
0.00263894067168107
0.00240885968565983
0.00214129795867821
0.00188754671800687
0.00171067900194823
0.00166149140869301
0.00175892700958551
0.00198344951726351
0.0022843487920645
0.00259683951285343
0.00286243471518055
0.003043928655668
0.00312651323037737
0.00310606152041251
0.0029836549060664
0.00278899122649517
0.00261499681876592
0.00259335952806724
0.00278528337914078
0.00310236805252718
0.0033818191653004
0.00353721901639853
0.00360177131008042
0.0036468759915979
0.00370886464215726
0.00378918806213645
0.00388094874922561
0.00397456722111929
0.00404819197008296
0.00406703918834298
0.00399909202070303
0.00383572743665421
0.00360153359473797
0.00334596037479016
0.00312184114185914
0.00296359879272014
0.00287669340015069
0.00284161819523416
0.00282700963439531
0.00280315689370761
0.00275032725208015
0.00266159102332644
0.00254237636431224
0.00240807926716512
0.00227956696339859
0.00217657271604317
0.0021103424975903
0.00207814361834363
0.00206273713125549
0.00203883671037171
0.00198505834510312
0.00189550981860213
0.00178419907132056
0.00167996319328022
0.00161602127726937
0.00162058441589168
0.00171164734590065
0.00189455926270931
0.00216007336419322
0.00248305009626493
0.00282394397974003
0.00313453219622093
0.00336722239246036
0.00348531882173573
0.00347050934604952
0.00332443148155638
0.00306403523871648
0.00271382751053553
0.0022990598756921
0.00184216007194377
0.00136248767347836
0.0008780944963874
0.000407166304950051
-3.31668447199419e-05
-0.000430581027293988
-0.000780492783143909
-0.00108460120016502
-0.00134570617480367
-0.00156381558616406
-0.00173740022722425
-0.00186744912889348
-0.00195791443274449
-0.00200983040374168
-0.00201429817697302
-0.00195253211508491
-0.0018054811144492
-0.00156708339143791
-0.00125231508831348
-0.000895442814572292
-0.000540098641652246
-0.000226243367577453
2.05205423269596e-05
0.000193249878741056
0.000300619211574078
0.00035934652525099
0.000386667020855323
0.000395992143023112
0.000396222103409269
0.00039356274055526
0.000394085467319758
0.000404918678497514
0.000432571251107371
0.00047910289444477
0.000538945942493974
0.00059871181973057
0.000639712329159185
0.000641262624496335
0.00058388314152698
0.000453616819452013
0.000248842374114268
-1.20002767137149e-05
-0.000287991390393331
-0.000526902861821116
-0.000690621902752117
-0.000775924735477224
-0.0008001048366928
-0.000754451916540079
-0.000593925108751026
-0.000316203072033329
-4.06880266520606e-05
5.93877301796474e-05
-7.5776908292291e-05
-0.000338347625395643
-0.000569828817221116
-0.000687099816310443
-0.00069593755337509
-0.000635716771241595
-0.000540162964790288
-0.000434970334452845
-0.000347783869247154
-0.000309995382404752
-0.00034882205330247
-0.000477147448896419
-0.000687043932362343
-0.000948968486955587
-0.00121676704876382
-0.00143802854469247
-0.00156790910517335
-0.00158245936289052
-0.00148687683360536
-0.00131584288165592
-0.00112548157417821
-0.00097808919773186
-0.00092266008762012
-0.000977166363226286
-0.00112020656525506
-0.00129701342557933
-0.00143851059945653
-0.0014860636534084
-0.00141211112174215
-0.00122864930647222
-0.00098057947014717
-0.000727408303357743
-0.00052177404677979
-0.000393683086505027
-0.000345008780309643
-0.00035338565728357
-0.000381939258254765
-0.000391356074907228
-0.000351219894442849
-0.000247662367460161
-8.54936406688767e-05
0.000114874587045402
0.000323777403098849
0.000509511797184508
0.000644380510186217
0.000708884089032574
0.000695075921097132
0.000609754351412955
0.000475227320066466
0.000323725828503669
0.00018510616696075
7.41276570467641e-05
-1.36952030144002e-05
-9.39877506357601e-05
-0.00017893386878754
-0.000267215855802451
-0.00034576395304186
-0.000401156181761984
-0.000431193675828778
-0.000447738063183272
-0.00046931840258145
-0.000509575998530331
-0.000569144812537457
-0.000634254235902923
-0.000680696287078956
-0.000680840370724287
-0.000612558861531075
-0.000468546660553328
-0.000262327766067714
-2.66919224981799e-05
0.000196342358785626
0.000369956509227582
0.000475001333884474
0.000515997295838026
0.000519459708302056
0.000525371935881144
0.000573681368785602
0.000689329269765081
0.000871116999577
0.00108940428035994
0.00129413894781392
0.00142989122825351
0.00145182525085578
0.00133760987988976
0.00109328528262612
0.000752686786810203
0.000369645781951646
3.01703228640501e-06
-0.000301237850528124
-0.000522345036079617
-0.00066403198347933
-0.000741317556540061
-0.000763817604631064
-0.000726864538461133
-0.000616129476921423
-0.000422496943649882
-0.000157666892802064
0.000139297233092437
0.000408988968843642
0.000589545495179911
0.000637686908787329
0.000544198994659265
0.000337368220072623
7.22584003419867e-05
-0.000190216610883685
-0.000404749747261538
-0.000552760803353838
-0.000638123900622377
-0.00067213234285719
-0.000658877443169642
-0.000590698928568609
-0.000455252851732354
-0.000247725690488997
2.01898584261689e-05
0.00031871741658063
0.000604682843123854
0.000829408530725497
0.000948217170361844
0.000931450076402698
0.000775503732488464
0.000508881135678198
0.000187327986329128
-0.000122664244246661
-0.000364532829324907
-0.000505777954250458
-0.000540056201737994
-0.000480138283982777
-0.000348442129317602
-0.000169602397270098
3.40539452626311e-05
0.000244549984198747
0.000448129987744465
0.000633769319971569
0.000791966201988955
0.000915038596415635
0.000998337292344225
0.00104051655199225
0.00104207304197042
0.00100395694355276
0.000929185828827133
0.000828065605548019
0.000723328826234464
0.000649297371700135
0.000641984688670804
0.000723466320522112
0.000888922921596497
0.0011042964020995
0.00131656153180407
0.0014714107324941
0.00152979361283971
0.00147709403662521
0.00132373096975486
0.00109917132813292
0.000841859467227223
0.000587950203729818
0.000363014777638447
0.000180485871769067
4.6374479502315e-05
-3.55840564550552e-05
-6.49546138321368e-05
-5.22680401198227e-05
-2.5782448003232e-05
-2.79597610296159e-05
-9.94328783238738e-05
-0.000258700731350115
-0.000490690639365758
-0.000752326291413904
-0.000991772800518153
-0.00116900172159681
-0.00126635698965425
-0.00128760511547254
-0.00125237209132053
-0.00119191109098498
-0.00114528201346682
-0.00115189581325112
-0.00124027557091864
-0.0014181851239053
-0.00167004517944198
-0.001963697977246
-0.00226343328099033
-0.0025427002372081
-0.00279012696937275
-0.0030068226650532
-0.00319867991179139
-0.00336994486392608
-0.00352170526531526
-0.00365385722091752
-0.00376632478822654
-0.00385723437916106
-0.0039200990944329
-0.00394414607700051
-0.00391967875270183
-0.00384629218526676
-0.00373941395608848
-0.00363104661716601
-0.0035626986156507
-0.00357147224502433
-0.0036739272418125
-0.00385560071253895
-0.00407400520520594
-0.00427679016998461
-0.00442655473230218
-0.00451733006732414
-0.00457169914139138
-0.00461989736075871
-0.00467407595403348
-0.00471443882139617
-0.0046972111169454
-0.00458097873816444
-0.00435580597443759
-0.00405707833507972
-0.00375522711152759
-0.00352673793064216
-0.00342180396245162
-0.00344461352894297
-0.00355448294266361
-0.00368497650330084
-0.00377034145311432
-0.00376787124972462
-0.00366946644122356
-0.00350084043044374
-0.00330989860199198
-0.00314797869733068
-0.00305035805868219
-0.00302411312979374
-0.0030487637418786
-0.00308817532087207
-0.00310621307856024
-0.00307877347356148
-0.00299962930933955
-0.00288105947208326
-0.00274995630730508
-0.00263933499002402
-0.00257712052458714
-0.00257694322718072
-0.00263548820671671
-0.00273701788326892
-0.00286109842793453
-0.00298799870976178
-0.0030991894936305
-0.00317558751637602
-0.00319865064275797
-0.00315622021517274
-0.00304926051085512
-0.00289364635724955
-0.00271530376192261
-0.00254306192063111
-0.00240507476219593
-0.00232979352048486
-0.0023463060795562
-0.00247833000279722
-0.00273238338534833
-0.00308742675103861
-0.00349372923336627
-0.0038827138665093
-0.00418309486231787
-0.00433692382386897
-0.00431179364401138
-0.0041083809958382
-0.00376287413707802
-0.00334222965831942
-0.00292982383487843
-0.00260263647517392
-0.00240724264783916
-0.00234521140962597
-0.00237510520838118
-0.0024301143282221
-0.00244304620917603
-0.00236792564122701
-0.00219027436673878
-0.00192422875696508
-0.00160090473037664
-0.00125557333707357
-0.000919445628810783
-0.000616596072841925
-0.00036233027645738
-0.000160078099147823
1.51037873149699e-06
0.00014669556004544
0.00030377323697435
0.000492183976137474
0.000711830423989115
0.000939864263921405
0.001136376242424
0.00125636170517597
0.00126322278453172
0.00113957271487523
0.000892872898021522
0.000554668371119031
0.000173162882263858
-0.000198873528799471
-0.000516179989858733
-0.000748522080924586
-0.0008828561855824
-0.000922771771999684
-0.000887313369155233
-0.000808396451800708
-0.000725066248868586
-0.00067487919398097
-0.000684914883849618
-0.000765183341661739
-0.000906294003170175
-0.00108237289249047
-0.00125863969674956
-0.00140043141309872
-0.00147916449793104
-0.00147321819883361
-0.00136635573037205
-0.00114832957440784
-0.000819279160863867
-0.000394371431606683
9.66430892559917e-05
0.000616553012523543
0.00113060993480735
0.0016137246794478
0.00205260003379277
0.00244414979404016
0.00279184559067751
0.00310007889862819
0.00336749655339005
0.0035836443987119
0.00373387873095936
0.00381192798304898
0.00383190598212673
0.00382985294112172
0.00385160269066572
0.00393351522150635
0.00408761018909671
0.00429952425381908
0.00453922523023859
0.00477659196648617
0.00499206850287225
0.00517767483697141
0.0053314087699261
0.00545192829444094
0.00553753606571118
0.00558776103317675
0.00560353837732254
0.00558491502739294
0.00552923675833296
0.00543325234772556
0.00529933185867248
0.00514228149670387
0.00499166631323294
0.00488600053499183
0.00485956414389295
0.00492797282278184
0.00508080263801519
0.00528589794397711
0.00550279272734247
0.00569739368894006
0.00585044081753216
0.00595749654047033
0.00602380258472441
0.00605876831720266
0.00607182022319682
0.0060680602749265
0.00604261720337883
0.00597595637277586
0.00583441941981884
0.00557827355522933
0.0051753555670602
0.00461548948351031
0.00392055041169469
0.00314626011444028
0.00237359585577587
0.00169046943927948
0.00116826121760047
0.000841124442041088
0.000696143794574473
0.000678780686593582
0.000712276298608802
0.000724084672860442
0.000669225769319177
0.000542006080500772
0.000373755356162614
0.000220430931527324
0.000145130017299111
0.000198046321036824
0.000396498854651023
0.000712189929225631
0.00107504292148216
0.00139589377081922
0.00159756822434843
0.00163767326123143
0.00151370538882256
0.00125461687275803
0.00090940573255826
0.000538310791229835
0.000204098696130869
-4.06204949042246e-05
-0.00016869425997466
-0.000189440803451604
-0.000147975228815826
-0.00010993425329947
-0.000135842732976173
-0.000256204108476856
-0.000460083260608734
-0.000702962420901916
-0.000927972067912046
-0.00108800108899988
-0.00115959951079911
-0.00114748212900466
-0.00108236602641175
-0.00101350107301304
-0.000995765441428487
-0.00107305562979513
-0.00126302786261067
-0.00154946991620374
-0.00188622197224478
-0.00221168859832696
-0.00246823027707048
-0.00261882684774508
-0.00265521049703923
-0.00259548216955972
-0.00247281374731536
-0.00231959278060179
-0.00215344093380935
-0.00197160367016962
-0.00175648491787352
-0.00148884221809084
-0.00116084792807357
-0.000782319790531503
-0.000378844335945951
1.43827969505415e-05
0.00035836874168904
0.000614420665273265
0.000748602990307295
0.000738726954463419
0.000582849618557437
0.000304899823945426
-4.72004009686381e-05
-0.000412114317962344
-0.000731119841387021
-0.000964067686584659
-0.00110011302136436
-0.00115947327898276
-0.0011845658619508
-0.0012228417691293
-0.00130852240306263
-0.00145202297059715
-0.00164120254489914
-0.00185084046564184
-0.00205269047747873
-0.00222130206797301
-0.00233669523560741
-0.00238755873328354
-0.00237599152796734
-0.00232083670940237
-0.00225593581483668
-0.00222257436947376
-0.00225896743902413
-0.00239105265452777
-0.00262751253920086
-0.00295906429746428
-0.0033597682577097
-0.00378830864453598
-0.00418984151565433
-0.00450139107315083
-0.0046628802863686
-0.00463187612692093
-0.00439656020771812
-0.0039814140293084
-0.00344330168330419
-0.00285935983671224
-0.00231027259389327
-0.00186287440529066
-0.00155550524835297
-0.0013891330200664
-0.00132710640609507
-0.00130535479304827
-0.0012516655848405
-0.00110837467202067
-0.000850675387284361
-0.000494645664887062
-9.30779953510639e-05
0.000279631466038272
0.000549966367822585
0.000668609647396833
0.000625652698006135
0.000450731662465465
0.000198529614696053
-7.19753225923336e-05
-0.000314080376226904
-0.00050034807330665
-0.000621723114636523
-0.000683806546610582
-0.000703442084304393
-0.000704944805453881
-0.000713788172283583
-0.000747864012571235
-0.000810043505927526
-0.00088657975009228
-0.000952593045046655
-0.000981554572913989
-0.000954114174435184
-0.000863172632201089
-0.000714546851582847
-0.000524264300785101
-0.000314177736973521
-0.000107507341733589
7.45013170669124e-05
0.000214355924053087
0.000299274325478885
0.000322704949672837
0.000286535106710066
0.000201895998193072
8.6137409100788e-05
-4.40129720554497e-05
-0.000180120305254315
-0.000326510364618067
-0.00049889415223094
-0.000717515965651863
-0.000998155216070899
-0.00134506337751363
-0.00174785050960708
-0.00218181834724564
-0.00261085007631661
-0.0029929264554789
-0.00328799500958009
-0.00346615680818906
-0.00351341029587185
-0.00343346609599381
-0.00324573168897918
-0.00298015999851496
-0.00266998106250049
-0.00234426959699994
-0.00202312263969416
-0.00171733371095362
-0.00143148572388837
-0.00116662028176277
-0.00091953585587801
-0.000680557932899846
-0.00043522398004788
-0.00017253602705284
0.000104809752055274
0.00037668004943095
0.000612671281297743
0.000786483269692937
0.00088891733385179
0.000932595913363101
0.00094721947977784
0.000969182163492242
0.00103077966634317
0.00115258861034733
0.00134031054382285
0.0015859896084365
0.00187264791702943
0.00218037075194394
0.00249127827561387
0.0027916202723422
0.00307113037500774
0.00332129288611625
0.00353438315057977
0.00370441037326958
0.00382995821581403
0.00391749879172686
0.00398264146160857
0.0040471307771181
0.00413155360813524
0.00424645047989634
0.00438600433174031
0.00452758970230931
0.00463773986476922
0.00468226158915453
0.00463667772974454
0.00449327829726796
0.00426268382692777
0.00397020325564818
0.00364882235269759
0.0033306889468624
0.00303893574589119
0.00278279168174802
0.00255917087336708
0.00236055749711621
0.00218379820357526
0.00203298479088977
0.00191440200060508
0.00182814189089102
0.00176317322172138
0.00169908425547899
0.0016124300275445
0.00148303533530756
0.00129698070583931
0.00104659738923268
0.000730449257906792
0.000355506026911037
-5.97140183386272e-05
-0.000484628600289717
-0.000881162496750082
-0.00121258201320173
-0.00145321753048535
-0.00159521642906284
-0.00164975268358193
-0.00164222879585729
-0.00160286253252515
-0.00155524493082817
-0.00150658639966154
-0.00144440791494189
-0.00134328478942258
-0.00118004662980859
-0.000949168308876203
-0.000668451111823068
-0.0003718206832292
-9.58865219153381e-05
0.000129575233914767
0.000283010373006866
0.000348781495827779
0.000317840872379516
0.000192498134633382
-9.87554795758087e-06
-0.000259489130729169
-0.000523049762478219
-0.000774126328536821
-0.000999800847941075
-0.00120120563312971
-0.00138855648698782
-0.00157337890080708
-0.00176127350882307
-0.00194744736301692
-0.00211564112884901
-0.00224083521703495
-0.00229637108740103
-0.00226420561422074
-0.00214331531023292
-0.00195027518486211
-0.00171064540281393
-0.00144652541161291
-0.0011679542076083
-0.000871709923169349
-0.00054521429392341
-0.000171584784254423
0.000265164193768452
0.000773263586959665
0.00134519023254756
0.00195344285712967
0.0025558142500333
0.00311034103643147
0.00359223720260536
0.00400197535269776
0.00435865264019052
0.00468240462596823
0.00497667968727953
0.00522080849887552
0.00537666131229768
0.00540558049892262
0.00528762037174436
0.0050350905738934
0.00469483620136087
0.00433730953020635
0.00403503095358681
0.0038379684181502
0.00375653267946402
0.00376116687360481
0.00379993654601748
0.00382573455580783
0.00381906069879608
0.00379493096992227
0.00379173773004152
0.00384953990554839
0.00398922167946846
0.00420113189098742
0.00444606703828135
0.00466695361319427
0.00480720077496208
0.00483010483683792
0.00473256847820397
0.00454727046965545
0.00433136317802719
0.00414546295571314
0.00403129267868979
0.00399740714106134
0.0040189288243853
0.00405032860220492
0.0040438484893489
0.00396443121280065
0.0037959990292465
0.00354035261351389
0.00321380611096913
0.0028450291473749
0.00247250124971164
0.00213742105671197
0.00187181873850474
0.0016887207579552
0.00158315620141862
0.00154524736966483
0.0015755901166852
0.00168979414012157
0.00190766418785733
0.00223513453163613
0.00265190093550479
0.00311147385573841
0.00355092108310667
0.00390394566691457
0.00411355268263032
0.0041430223155002
0.00398294278941148
0.00365113735264529
0.00318513804755436
0.00263139047797583
0.00203665978070127
0.00144366566002
0.000888460873001699
0.000396232738666498
-2.40946417563726e-05
-0.000381996837214407
-0.000700279099676178
-0.00100418489450419
-0.00131098258887159
-0.00162581307552804
-0.00194436008323768
-0.00225825943035663
-0.00255891480734316
-0.00283844529255099
-0.00308917749218068
-0.0033034578319423
-0.00347452310444863
-0.00359822348619552
-0.0036748323234895
-0.00370991232663869
-0.00371365099727849
-0.00369918362903887
-0.00368104001613577
-0.00367415436403965
-0.00369272699136631
-0.00374815920742741
-0.00384649788274656
-0.00398684862719393
-0.00416163841585232
-0.004358035907843
-0.0045594912247914
-0.00474790026567492
-0.00490778096331937
-0.00503184924945158
-0.00512457841964156
-0.00520058917125757
-0.00527815427090703
-0.00537111224752184
-0.00548283645379013
-0.00560473941311971
-0.00572057548170145
-0.00581601345814456
-0.00588977799385197
-0.00595960777414992
-0.00605681345788976
-0.00620936141161587
-0.00642222381832535
-0.00666794411755565
-0.00689483221105606
-0.00704848562421115
-0.00709429097268143
-0.00703005608899968
-0.006885268806299
-0.00670952110876989
-0.00655509694783625
-0.00645962528029962
-0.00643467061584612
-0.00646388082048723
-0.00651044851848184
-0.0065306450038673
-0.00648898298002812
-0.00637037681980098
-0.00618540670693294
-0.00596691471508395
-0.00575914406724158
-0.00560342062706429
-0.00552599829827044
-0.00553278692453398
-0.00561180708811622
-0.00574002606806969
-0.00589046488170791
-0.0060380853177288
-0.00616490800273334
-0.00626360312612579
-0.00633703725627939
-0.00639273288487267
-0.00643515530157078
-0.00646073133213543
-0.00645833328959951
-0.00641415221258175
-0.00631781886347584
-0.00616672364808042
-0.00596645894326736
-0.00572705720841103
-0.00545749015868622
-0.00516291734644681
-0.00484765959072797
-0.00452188332761734
-0.0042056371376949
-0.0039248818922074
-0.00370053000756667
-0.00353752786210279
-0.00342096688614476
-0.00332071805064078
-0.00320083776194978
-0.00302907857107718
-0.00278436536962599
-0.002462472479618
-0.00207978346260067
-0.00167260030500904
-0.00128871100809723
-0.00097191349692368
-0.000746616431898059
-0.000611634584120615
-0.000546247432359599
-0.000522472687657937
-0.000513982853410968
-0.000497092808745193
-0.000447449967311486
-0.000339972868399926
-0.000156317165641134
0.000103162004425357
0.00041136474722971
0.000717806363566922
0.000964009703559414
0.00110391951981458
0.00111980075347716
0.00102789093078968
0.000873891273922952
0.000721389078388579
0.000636011098686631
0.000667440783031517
0.00083267030224306
0.00110629049331789
0.00142403896196607
0.00170143357009985
0.00186157745056543
0.00186086159990717
0.00170256868148836
0.00143448062951833
0.00113259471739163
0.000876698861707036
0.000725605876119176
0.000700456786918644
0.000782396033814799
0.000925726758961134
0.00108112091849597
0.00121859903588211
0.00133974127910555
0.00147391492933175
0.00166150178633899
0.00193319384407151
0.00229519720327895
0.00272615950820701
0.00318539280766094
0.00362654520509069
0.00400916889490449
0.00430355970013568
0.00448938905454767
0.00455232426697233
0.00448317130298906
0.00428144790583273
0.00396134265056487
0.0035553620232401
0.00311189098577708
0.00268671537414333
0.0023318810346292
0.00208581353877304
0.00196721581236216
0.00197362711496465
0.00208430080413205
0.00226637956227871
0.00248321814305368
0.0027033353264651
0.00290726546945176
0.00308895537740625
0.00325052950799224
0.00339358090619554
0.00351272926592023
0.00359525574471954
0.00362602527006311
0.00359394489059943
0.0034968421040117
0.00334398665304505
0.00315662290638635
0.00296613917896674
0.00280858210014777
0.00271501501440195
0.00269990124807795
0.00275257729305456
0.00283746776463754
0.00290529482785132
0.00291117774171516
0.00283061723380176
0.00266562713001004
0.00244027571218996
0.00219118980091353
0.00195861523198344
0.00177928702456291
0.00167987832088113
0.00167144075814683
0.00174733197277494
0.00188603720506744
0.00205724342448116
0.00222819823564799
0.00236891845534336
0.0024567618277469
0.00248061652357152
0.00244292463543147
0.00235688751191675
0.00223857534623983
0.00209798856011452
0.00193549900586999
0.00174729579991561
0.00153641223200514
0.00132035470785038
0.00112816107031428
0.000988263908801859
0.000916098035067199
0.000909829420850767
0.000955058250891933
0.00103272615000567
0.00112429886620601
0.00121269170735914
0.00128114967063007
0.00131309072421189
0.00129461146962838
0.00121900994998591
0.00109043185441681
0.000923511244278422
0.000738399300711962
0.000553789834787585
0.000381693603040634
0.000226195702336973
8.57655967442027e-05
-4.32131743688224e-05
-0.000163877066952214
-0.000277434276263257
-0.000381316232679921
-0.000466488882661489
-0.000516417401111115
-0.000511036993917067
-0.000435740920341855
-0.000290688131551089
-9.45859555631162e-05
0.000118924831056084
0.000308853868045239
0.000433729470384247
0.000456818048227295
0.000352548478898244
0.000115666571286543
-0.000230586547264214
-0.000633946221750576
-0.00102409202163576
-0.00133285420930458
-0.00151644447623191
-0.00157068433169213
-0.00153180860075994
-0.00146070514095318
-0.00141623115149376
-0.0014293850993777
-0.00149027284299445
-0.0015537543477355
-0.00156117858834761
-0.00146859041564044
-0.00126844124249054
-0.000993984845777659
-0.000703868361146879
-0.00045533028805572
-0.000280704477151625
-0.000178935043565182
-0.000123986726043907
-8.26742630028519e-05
-3.13744049892113e-05
3.53542734163821e-05
0.000105309439426157
0.00015557165465973
0.00016212504116089
0.000108600665687451
-8.98267079196106e-06
-0.000182767618879879
-0.000397222482986465
-0.00063347245375924
-0.000871102603847585
-0.00108720811156682
-0.00125531133462555
-0.00134827120487408
-0.0013471782179515
-0.00125251289196054
-0.00108924939066906
-0.000899539337898269
-0.000724905307856601
-0.000587996020510063
-0.000484964261940297
-0.000392310979499519
-0.000282444665014824
-0.000137899761580373
4.25326881190512e-05
0.000246083333189179
0.000452837614314233
0.000642556644423624
0.000798504302316487
0.000908378600893355
0.000965217464031588
0.000970637109759873
0.000938854645523579
0.000896867785188763
0.000877731384551674
0.000908927769612403
0.00100160680127587
0.00114570388774048
0.00131192869386792
0.00145828522589971
0.00153842600043348
0.00151068479917942
0.00134750368616198
0.0010438626605891
0.000621567725753285
0.000126616833605773
-0.000379957915347835
-0.000834356416926729
-0.00118198237726526
-0.00138726415296843
-0.00143938233024072
-0.00135115129875919
-0.00115031665387852
-0.000866994563571882
-0.000523432003947525
-0.000130590194784835
0.000307516096962395
0.000784044581594103
0.00127920715178395
0.00175634242943169
0.00216849625722103
0.0024735474587447
0.00264954713019963
0.00270110195064155
0.00265392191798702
0.00254304100105499
0.00240330164923041
0.0022661277569855
0.00215947852986152
0.00210527024318254
0.00211261966673733
0.00217165755785252
0.00225483496028184
0.00232774215091353
0.00236334559727627
0.00234997720482948
0.00228851388521878
0.00218351303052383
0.0020376177529282
0.00185405632215625
0.00164328225578321
0.00142551160287741
0.00122523792855621
0.00106207140332059
0.000945582571903393
0.000876852703835757
0.000852353758333688
0.000864819631259406
0.000901024468048187
0.000940659054951376
0.000959204787092652
0.000933771832557979
0.000849265284996653
0.00070334506006071
0.000509316474131086
0.000295320316453423
9.83945125130597e-05
-4.5330323085244e-05
-0.000110080608444717
-8.53734745263156e-05
2.44334260849502e-05
0.000203494981122287
0.000427905961098788
0.000668874192067613
0.00089774582216014
0.00109436795323239
0.00125601354205752
0.00139965367507125
0.00155180257019919
0.0017294367396263
0.00192511668763524
0.00210861179785511
0.00224487538511074
0.0023153610766608
0.00232798922189861
0.00231071981350112
0.00229504514274686
0.00230009199134957
0.00232484627034722
0.0023504982602735
0.00235092583871993
0.0023066210437618
0.0022154007147888
0.00209411960403786
0.00197060695512112
0.00187100975144846
0.00180989069903286
0.00178766504606274
0.00179508347905958
0.00182075538543742
0.00185695918662248
0.00190144413317221
0.00195658754284339
0.00202844404883037
0.00212561661239497
0.00225531827909526
0.00241601724998851
0.00259125895311452
0.00275120967079349
0.00286369285385086
0.00290901382997722
0.00288967477738978
0.00282957048613725
0.00276371476291559
0.00272409322582569
0.00272798328490472
0.00277279305073033
0.00283797506401987
0.0028919883811274
0.00290158665906278
0.0028408307150764
0.00269713992918417
0.00247240884018003
0.00217963428927431
0.00183785163994991
0.0014681633822165
0.00109192883106202
0.000731005249805663
0.000409432418895169
0.000154919034293344
-2.47600018238295e-06
-3.62707107870103e-05
6.65674964297463e-05
0.000295176196786814
0.000609239306865162
0.00094391972979154
0.00122688438017115
0.00140150887941133
0.00144486948944657
0.0013711553454702
0.00121970656071905
0.00103526807360063
0.000850417861031541
0.00067646198191427
0.000503775158308494
0.000309440125656754
6.93561106326874e-05
-0.000228413488723748
-0.00057360820946916
-0.000932163741749626
-0.00125520547745297
-0.00149476295949528
-0.00161791105194378
-0.00161286250783218
-0.00148716600808579
-0.00126286836232047
-0.000972088353049947
-0.00065234990698408
-0.00034009907900956
-6.35212164417991e-05
0.00016204345551793
0.000333547901271454
0.000454987869455335
0.000531326680400035
0.000566642944414403
0.000567932648999396
0.000549647136079924
0.000531595341337524
0.000528002685079049
0.000533985078552121
0.00051961990717088
0.000437790846729212
0.000243457119694071
-8.49011603424162e-05
-0.000532302747002054
-0.00104931848539626
-0.00156860314964338
-0.00202833650427677
-0.0023915540645289
-0.00265286395339341
-0.00283132501766793
-0.0029555041875904
-0.00304945929217165
-0.00312587463426015
-0.00318732242587834
-0.0032319079338628
-0.00325780882447336
-0.0032633156412614
-0.00324356838842131
-0.00318870023283265
-0.00308703357391126
-0.0029316971102973
-0.00272478961730223
-0.00247514020554601
-0.00219236610114423
-0.0018839271006039
-0.00155835757109105
-0.00123060373321895
-0.00092258593881519
-0.000656906270235938
-0.00044879130736099
-0.00030312489702533
-0.000217888585505552
-0.000188679496070234
-0.000208736216902599
-0.00026516093690865
-0.00033727842107758
-0.000401344836270558
-0.000439510036199473
-0.000446988868699037
-0.000432972808392941
-0.000415359706496129
-0.000413066467008128
-0.000440368435115708
-0.000504909495089489
-0.000606915595018032
-0.000736363156777528
-0.0008692993147749
-0.000969208640338671
-0.000997610114854794
-0.000930436597207643
-0.000770901189402284
-0.000551482042897439
-0.000325098716025797
-0.000151056014970304
-8.07028212484687e-05
-0.000144228257500773
-0.000339492025823095
-0.000627112572447038
-0.000937913905266317
-0.00119431933561793
-0.00133814755138654
-0.00135124145504042
-0.00125864543325154
-0.00111452781791939
-0.000980074099616755
-0.000903800769732221
-0.000909687416130363
-0.000993328693304549
-0.00112486303432727
-0.00125839007641693
-0.00134697689751461
-0.00135885091682438
-0.00128762323474147
-0.00115167722726959
-0.000984059533219155
-0.000818822922703479
-0.000679884256392868
-0.000575998323830833
-0.000502591248077016
-0.000448140362224072
-0.000400545077009483
-0.000349772916412953
-0.000286856060589006
-0.000202692791621272
-9.0162623600146e-05
5.00666903960581e-05
0.000203532751509354
0.000340880343632495
0.00042448723934675
0.0004208510786151
0.000313269114753748
0.000109630117338591
-0.000156982949524951
-0.000434771855922331
-0.000665790838953382
-0.00080246831473543
-0.000823264085069455
-0.000740576209037479
-0.00059621843111749
-0.000446410547965041
-0.000344275546606966
-0.000327862969130535
-0.000415885933959785
-0.000607764908689946
-0.000884558072349561
-0.00121142112529056
-0.00154441546834389
-0.0018420053398464
-0.00207738281772998
-0.00224591650477419
-0.00236389550925066
-0.00245916289399402
-0.00255847018332496
-0.00267738808234334
-0.00281580919171681
-0.00295843752623701
-0.00307838462165528
-0.00314304386331312
-0.0031221519489897
-0.00299648995067549
-0.00276332285214838
-0.00243491940429034
-0.00203081720641551
-0.00156957286685528
-0.00106645074257866
-0.000538583133779998
-1.26342284113446e-05
0.000472503842965306
0.000872023656897275
0.00114863934395455
0.00128728548581456
0.0013033039378198
0.00123576714894638
0.00112460996215377
0.000989379360859662
0.000836402940464721
0.000687705513730739
0.000583884150931185
0.000544717885990248
0.000541024010933037
0.000518657286617382
0.000441390372918394
0.000306046377027312
0.000130184780764761
-6.42864937388829e-05
-0.000261517451509121
-0.000457718449586388
-0.000662402980193676
-0.000891836390748582
-0.00115606629406633
-0.00144726025815868
-0.00173733051403626
-0.001986200592916
-0.00215477470247916
-0.00221461188052563
-0.00215008438747314
-0.00195478201441434
-0.00162775860227255
-0.00117433124671108
-0.000611211513282852
2.9269404655161e-05
0.000701626745200436
0.00135713185007705
0.00195528127796801
0.00246882499688748
0.00287948348504331
0.00316994618989662
0.00332170147063916
0.00332321478669008
0.00318305489740345
0.00293709005397827
0.00264262079937998
0.00236094455289486
0.00213619977828333
0.00197993755123341
0.00186882171923479
0.00175758808232822
0.00160190038287765
0.00138025396747681
0.00110474020808825
0.000816512278954109
0.000568865966077956
0.000405781830615386
0.000345380194606624
0.000375246679234365
0.000460564978444746
0.000559867000695638
0.000640790332265983
0.00068982528782908
0.000713012116212354
0.000727367649104549
0.000746130040196441
0.000764560801792658
0.000754369531450506
0.000671327890595034
0.000473530149568494
0.000141654021739487
-0.000308513980168832
-0.000826960629177528
-0.00134322427259996
-0.00178740760297156
-0.00211024286886517
-0.00229473437147531
-0.00235585812546095
-0.00233047629510748
-0.00226360609430487
-0.00219660369170732
-0.0021588046889123
-0.00216143204127406
-0.00219405804849159
-0.00222663312366264
-0.00221901579938168
-0.00213504536097703
-0.00195463617553557
-0.00167862573067028
-0.00132552840494121
-0.000923398044394186
-0.00050158013663852
-8.57621152878846e-05
0.000303429702854525
0.000650296680633189
0.000943991789383591
0.0011784346961191
0.00135198411175404
0.00146793595617503
0.00153661167562769
0.00157638143959556
0.00160823770808231
0.00164273397283034
0.00166930551232176
0.00166379470653162
0.0016135120560439
0.00152617888572363
0.00138823379160622
0.00111441159962608
0.000602119009943992
-0.000112133853590077
-0.000809234340834881
-0.00127489396039339
-0.00148784823983482
-0.00157353602682737
-0.0016374922680066
-0.00170173378045159
-0.00175608775967383
-0.00180932353472498
-0.00188903538804888
-0.00201679884021123
-0.00219124721184508
-0.00238720792549722
-0.00256590487685285
-0.0026908384885124
-0.00274398748550945
-0.00273538113348122
-0.00270070659440335
-0.00268721495123199
-0.00273369102130012
-0.00285262954386477
-0.00302209894722606
-0.00319166388296948
-0.00330128847038255
-0.00330602363263237
-0.00319606464373379
-0.00300370063108586
-0.00279434658679374
-0.00264507338972161
-0.00261875988190822
-0.00274387954948611
-0.00300744365291919
-0.00336213638752423
-0.00374237532181972
-0.00408219047164294
-0.00432985773394431
-0.00445639110049304
-0.00445621727602074
-0.004340824283394
-0.0041299971306835
-0.00384647218999943
-0.00351591274567195
-0.00316855140290199
-0.00283743520610464
-0.00255191055525788
-0.00232952484968469
-0.00217106508966994
-0.00206179299493197
-0.00197865907206727
-0.00189995181365963
-0.00181229529189096
-0.00171162705856448
-0.00159891358263698
-0.00147477324699251
-0.00133735189732554
-0.00118499203714812
-0.00102177228811771
-0.000862047539510621
-0.000730352619995758
-0.00065489625284332
-0.000655811179836797
-0.000732912332324341
-0.000860220753531654
-0.000992827444499852
-0.00108473678612447
-0.00110834434081429
-0.00106411837844442
-0.000975573932320364
-0.000874508031365693
-0.000786290215090779
-0.00072187285987545
-0.000677035319410129
-0.000636304160378902
-0.00057968119548254
-0.0004911259598096
-0.00036630798150425
-0.000215370651210575
-5.80933654642227e-05
8.58199159100613e-05
0.000204525572637578
0.000295096165112621
0.000359493343918231
0.000401470548540162
0.000428474618528735
0.000456465846428972
0.000511264041581801
0.000621998938871673
0.000808944600899956
0.00107292388930783
0.00139206787182894
0.0017265895350971
0.00202896673361192
0.00225660456519068
0.00238343923052572
0.00240538509207582
0.00233589992318479
0.00219419003537407
0.00199469439526326
0.00174549439645035
0.00145521366710541
0.00114068212474909
0.000828081980124215
0.000546938027535861
0.00032179281803173
0.00016617352090103
7.97552615876511e-05
4.74844930902362e-05
4.08499691304074e-05
2.38492677080902e-05
-3.46954217245766e-05
-0.000145922146344514
-0.000291210993918311
-0.000425320448726697
-0.000492147898769519
-0.000444988410976007
-0.000261658433002714
4.99943078958456e-05
0.000454466188395492
0.000894993160080158
0.00130214909230238
0.00160536107355161
0.00174775124110995
0.00170147688677784
0.00147754963156124
0.00112459126364307
0.000715978686996703
0.000330748922511253
3.55503329017462e-05
-0.000127870990632762
-0.000148627994537806
-4.61133293490372e-05
0.000137174576477144
0.000348254283544353
0.000538347635574037
0.000674905282409059
0.000746916147491998
0.000761963861940414
0.000736998043872374
0.000687763542186941
0.00062242835389246
0.000542288694917198
0.000447766474245554
0.000344263305655021
0.000242645311922327
0.00015363187856954
8.10884954238839e-05
2.12761875076493e-05
-2.91690907785514e-05
-6.16592842265533e-05
-5.04778789453319e-05
3.93179396046876e-05
0.000234152183629952
0.000535884922143735
0.000918022818655225
0.00133539496779672
0.00173978722140543
0.00209303498417624
0.00237371551943065
0.00257725788898465
0.00271018217244683
0.0027806350970938
0.00279032720972259
0.00273349596259439
0.0026041551571432
0.00240677201980148
0.00216264185947936
0.00190667523619794
0.00167557131407955
0.00149442525297507
0.00136997447207923
0.00129352320611546
0.00124963972447723
0.00122427687312049
0.00120904191610021
0.00120225747739181
0.00120827568435477
0.00123524131172835
0.00129125399921492
0.00138023247665484
0.00149968035618844
0.00164158195914465
0.00179562927004537
0.00195256604379747
0.00210557459155392
0.0022492252826247
0.00237751286136994
0.00248329417393148
0.00256016420741089
0.00260554631277552
0.00262258113441361
0.00261915921584797
0.00260433727215924
0.00258403912662653
0.00255825599035049
0.00252053133648604
0.00245864792397294
0.00235564569345752
0.00219284942868909
0.00195758347785949
0.00165431331392177
0.00131227051141982
0.000982389666634873
0.000723400418519945
0.000584477834760458
0.000592783936917168
0.000749033628860772
0.0010293157674809
0.0013910016824327
0.00178238132947773
0.00215502688221206
0.00247473239021392
0.00272597087088847
0.00290858823113903
0.00303014161953416
0.00309827536620653
0.00311550026262149
0.00307739887618385
0.00297526937313959
0.00280293774375194
0.00256418464527418
0.0022753925570213
0.00196104003800002
0.00164556032009192
0.0013476643290133
0.00107968752250519
0.000849358070555669
0.000660592880757755
0.000513205185967084
0.0004034765814996
0.000326039285329815
0.000275510693226684
0.000246879614258423
0.000235561016938319
0.000238435951360656
0.000255753712162374
0.000292495921418323
0.000357803928926462
0.000461673705009107
0.000608969796427671
0.000792588512566153
0.000989756102657077
0.00116539099071907
0.00128283385526901
0.00131755955104569
0.00126765617774048
0.00115695845094796
0.00103043950245477
0.000944069133746411
0.000951968727705175
0.00109324016274697
0.00138073960114976
0.00179477325688357
0.00228499396013234
0.00278195233845281
0.00321576500909905
0.00353544516791847
0.00372137643161361
0.00378627635479045
0.00376535959016365
0.00370132540741209
0.00363159523347874
0.00358288921702912
0.00357299307080351
0.00361475985491292
0.0037166721430632
0.00387849155453053
0.00408609532065653
0.00431129184975623
0.00451841855170487
0.00467380785250643
0.0047526161781397
0.00474130818529217
0.00463844380796609
0.00445617864213133
0.00422074116815231
0.00396769599458528
0.00373086351287082
0.00352978656880405
0.00336338089180444
0.00321384448342026
0.00305831125991694
0.00288164792949807
0.00268422959724883
0.00248153970828364
0.00229587984224457
0.00214367333283848
0.00202410314392967
0.00191488550443333
0.00177832065613588
0.00157616958356391
0.00128711663629759
0.000917967847466554
0.000501624562457673
8.17763416962547e-05
-0.000307158709635945
-0.000652562449343818
-0.000961533659479339
-0.0012476219479339
-0.00151684452154727
-0.00176180400533133
-0.0019652147544223
-0.00210784229646141
-0.00217528124205655
-0.00216171487327284
-0.00207196791081305
-0.00192296010986921
-0.00174356655189513
-0.00157099027985396
-0.00144337944910488
-0.0013912242236858
-0.00143128634263837
-0.00156482448732162
-0.00177831281332829
-0.00204353574978523
-0.00231686326352238
-0.00254196905990363
-0.00266093087854385
-0.00263320798642174
-0.00245430926760565
-0.00216305362288987
-0.00183176712391279
-0.00154397797548246
-0.00137097103181689
-0.00135657868461407
-0.00151195562082816
-0.00181708495198224
-0.00222701069522913
-0.00268358849356654
-0.00313213877326143
-0.00353753747538345
-0.00389166820661148
-0.00420763866351946
-0.00450405856337781
-0.00478915361336882
-0.00505412612427486
-0.00527787746653669
-0.00543709372768014
-0.00551366316617256
-0.00549628806784733
-0.00537923145706073
-0.00516255949022493
-0.00485487054082036
-0.00447580096779662
-0.0040551655104692
-0.00362801769413989
-0.00322734907760873
-0.00287681770097931
-0.00258560581211325
-0.00234748321401924
-0.00214548463491226
-0.00196074764348176
-0.00178053118669384
-0.00160031475569712
-0.00141963128280848
-0.00123697258491274
-0.00104993334697615
-0.000861318832480929
-0.000685423146435037
-0.000547838182135821
-0.000477687222059268
-0.000496952874261253
-0.000612215280794405
-0.00081098383848803
-0.00106267428598908
-0.00132462977134927
-0.00155372700290298
-0.00172175738670968
-0.00182903847944941
-0.00190881777748687
-0.0020174344525866
-0.00221170867400245
-0.00252252356596099
-0.0029374002053939
-0.00340158999495397
-0.00383766509961695
-0.00417371224367117
-0.00436685545702359
-0.00441335867973487
-0.00434420318036354
-0.0042106199571999
-0.00406620729063282
-0.0039517614390027
-0.00388649863596477
-0.00386625281249676
-0.00386745286316829
-0.00385555040199834
-0.00379627035795892
-0.00366658154359751
-0.00346128843814963
-0.00319261894591958
-0.00288356416480605
-0.00255863245443348
-0.00223653172311088
-0.00192797464213964
-0.00163870348369272
-0.00137414506353122
-0.00114065647250757
-0.000941424741359614
-0.000770635995328503
-0.000611847552113158
-0.000442931923876965
-0.000244590511702389
-7.93367853940988e-06
0.000260822014573808
0.000538500433939605
0.000786952842087728
0.000961011204053844
0.00102212838322645
0.0009527056476594
0.000763875915230401
0.000492427766478384
0.000188583977872581
-9.87987070935551e-05
-0.000332516033267912
-0.000489798404605912
-0.000560429627636706
-0.000545785769112046
-0.000461102300598901
-0.000336891139900726
-0.000213080616955472
-0.000124788161754326
-8.68854592799866e-05
-8.74391880440449e-05
-9.47450576542863e-05
-7.36325618727848e-05
-1.24114813540895e-06
0.000125676391752611
0.000293028027270959
0.000476615776191058
0.00064931304034319
0.000786752053951664
0.000872837024710887
0.000905436043625318
0.000899752295533882
0.000886065086366314
0.000901154280211579
0.000976414048052408
0.00112743882037837
0.0013490619388168
0.0016175911428904
0.00189934365205385
0.00216215145530695
0.00238520917136964
0.00256333603359105
0.00270421382793396
0.00282032086106363
0.00291993064883064
0.00300246530361564
0.00306135477057805
0.00309247338232797
0.00310152647113473
0.00310403756969451
0.00311735432673901
0.00315007508214378
0.00319557271549958
0.00323372040949141
0.00324137196955835
0.00320769544086236
0.00314572552280371
0.00309087443954975
0.0030839319512109
0.00314684193852639
0.00326589301174453
0.00339323982637851
0.00346639262500743
0.00343478908366309
0.00327964587276763
0.00301865545355008
0.00269601368662055
0.00236474745290144
0.00206945396950346
0.00183484375238366
0.00166208881758634
0.00153254725686661
0.00141674465022296
0.00128528470086556
0.00111811436118053
0.000909604866235586
0.000668687558181192
0.000414818811174184
0.000171262196154059
-4.26271062532792e-05
-0.000218006715042767
-0.000359405637404998
-0.000481949050074386
-0.000603795462576239
-0.000737590877326741
-0.000885215752587369
-0.0010377184351057
-0.00117945869769621
-0.00129418705282461
-0.00137078689082848
-0.00140668168284783
-0.00140788983746785
-0.0013870734643188
-0.00136239628283545
-0.00135654856182555
-0.00138897481087685
-0.00145764846612146
-0.00152736260777916
-0.00155300964516839
-0.00152750115569119
-0.00149326631124465
-0.00149361333781456
-0.00152894361718716
-0.00157223203874796
-0.00160791197290959
-0.0016407274519565
-0.00167863370434648
-0.00172054455045926
-0.00175866424190808
-0.00178576737806322
-0.00179883727348021
-0.00179857838545166
-0.00178776723993699
-0.00177008906427699
-0.00174932957176134
-0.001728556196127
-0.001709481047215
-0.0016923759680623
-0.00167652735044829
-0.00166083319408849
-0.00164416963192582
-0.00162546682220187
-0.00160367984976037
-0.00157784223648097
-0.00154723099691553
-0.0015115329058954
-0.00147089234593359
-0.00142581716709285
-0.00137700910054953
-0.00132519399595135
-0.00127098567545885
-0.00121479706749874
-0.00115682126480075
-0.00109709364670703
-0.00103559968302207
-0.000972363148815072
-0.000907478485739234
-0.000841101929925453
-0.000773417806440971
-0.000704561200281277
-0.000634519743081889
-0.000563183747395655
-0.000490703237024357
-0.000417825802725658
-0.000345335042043889
-0.000272441686372051
-0.000196435387873068
-0.000116808585046547
-4.1513991036261e-05
1.4434783724917e-05
