-1.37904038237861e-06
-3.37511861931937e-06
-3.90672159336907e-06
-3.58485606519296e-06
-3.27896943175904e-06
-3.26105462762254e-06
-3.35487649750135e-06
-3.39219745946275e-06
-3.36567705573877e-06
-3.33244942583183e-06
-3.31921701200816e-06
-3.31680458016634e-06
-3.3118022868876e-06
-3.30184205270892e-06
-3.29072032158419e-06
-3.28088276961636e-06
-3.27200241729961e-06
-3.26306732469823e-06
-3.25376822567651e-06
-3.24433668073127e-06
-3.23498085134866e-06
-3.22570570692679e-06
-3.21643899748065e-06
-3.20714858609978e-06
-3.1978468360173e-06
-3.18855051404886e-06
-3.17926233369501e-06
-3.16997751497779e-06
-3.16069314545976e-06
-3.15140977805308e-06
-3.14212875760423e-06
-3.13285052366486e-06
-3.12357485132117e-06
-3.11430155935966e-06
-3.10503072245061e-06
-3.09576250735996e-06
-3.08649702810797e-06
-3.0772343435119e-06
-3.06797450792728e-06
-3.05871759349651e-06
-3.04946368137884e-06
-3.04021285010093e-06
-3.0309651737834e-06
-3.02172072555632e-06
-3.01247957962995e-06
-3.00324181094398e-06
-2.99400749427769e-06
-2.98477670399865e-06
-2.9755495142731e-06
-2.96632599924258e-06
-2.95710623302124e-06
-2.94789028962979e-06
-2.93867824296676e-06
-2.92947016681831e-06
-2.92026613487073e-06
-2.91106622071054e-06
-2.90187049781823e-06
-2.89267903956389e-06
-2.88349191920581e-06
-2.87430920988982e-06
-2.86513098464771e-06
-2.85595731639521e-06
-2.8467882779299e-06
-2.83762394192953e-06
-2.82846438095026e-06
-2.81930966742498e-06
-2.81015987366152e-06
-2.80101507184097e-06
-2.7918753340159e-06
-2.7827407321087e-06
-2.77361133790991e-06
-2.76448722307653e-06
-2.75536845913036e-06
-2.74625511745637e-06
-2.73714726930102e-06
-2.72804498577072e-06
-2.71894833783017e-06
-2.70985739630076e-06
-2.70077223185903e-06
-2.69169291503506e-06
-2.68261951621096e-06
-2.67355210561928e-06
-2.66449075334153e-06
-2.65543552930662e-06
-2.64638650328938e-06
-2.63734374490907e-06
-2.6283073236279e-06
-2.61927730874953e-06
-2.61025376941768e-06
-2.60123677461465e-06
-2.59222639315989e-06
-2.5832226937086e-06
-2.57422574475029e-06
-2.56523561460745e-06
-2.5562523714341e-06
-2.54727608321447e-06
-2.53830681776165e-06
-2.5293446427162e-06
-2.52038962554487e-06
-2.51144183353924e-06
-2.50250133381446e-06
-2.4935681933079e-06
-2.48464247877791e-06
-2.47572425680251e-06
-2.46681359377818e-06
-2.45791055591856e-06
-2.44901520925326e-06
-2.44012761962659e-06
-2.43124785269639e-06
-2.42237597393279e-06
-2.41351204861706e-06
-2.4046561418404e-06
-2.3958083185028e-06
-2.38696864331184e-06
-2.37813718078161e-06
-2.36931399523152e-06
-2.36049915078521e-06
-2.35169271136945e-06
-2.34289474071299e-06
-2.33410530234554e-06
-2.32532445959663e-06
-2.31655227559459e-06
-2.30778881326548e-06
-2.29903413533204e-06
-2.29028830431266e-06
-2.28155138252037e-06
-2.27282343206183e-06
-2.2641045148363e-06
-2.25539469253468e-06
-2.24669402663855e-06
-2.23800257841915e-06
-2.22932040893645e-06
-2.22064757903824e-06
-2.21198414935913e-06
-2.20333018031967e-06
-2.1946857321254e-06
-2.18605086476598e-06
-2.17742563801431e-06
-2.16881011142558e-06
-2.16020434433646e-06
-2.15160839586421e-06
-2.14302232490584e-06
-2.13444619013726e-06
-2.12588005001245e-06
-2.11732396276264e-06
-2.1087779863955e-06
-2.10024217869433e-06
-2.09171659721729e-06
-2.08320129929659e-06
-2.07469634203774e-06
-2.0662017823188e-06
-2.05771767678957e-06
-2.04924408187093e-06
-2.04078105375404e-06
-2.03232864839968e-06
-2.02388692153745e-06
-2.01545592866518e-06
-2.00703572504814e-06
-1.9986263657184e-06
-1.99022790547416e-06
-1.98184039887908e-06
-1.9734639002616e-06
-1.96509846371434e-06
-1.95674414309344e-06
-1.94840099201792e-06
-1.94006906386908e-06
-1.9317484117899e-06
-1.92343908868442e-06
-1.91514114721716e-06
-1.90685463981256e-06
-1.89857961865436e-06
-1.89031613568508e-06
-1.88206424260548e-06
-1.87382399087394e-06
-1.86559543170602e-06
-1.85737861607387e-06
-1.84917359470572e-06
-1.84098041808541e-06
-1.83279913645185e-06
-1.82462979979855e-06
-1.81647245787312e-06
-1.80832716017681e-06
-1.80019395596405e-06
-1.792072894242e-06
-1.78396402377007e-06
-1.77586739305951e-06
-1.76778305037297e-06
-1.75971104372408e-06
-1.75165142087703e-06
-1.74360422934618e-06
-1.73556951639565e-06
-1.72754732903894e-06
-1.71953771403854e-06
-1.71154071790557e-06
-1.70355638689939e-06
-1.6955847670273e-06
-1.68762590404413e-06
-1.67967984345195e-06
-1.67174663049969e-06
-1.66382631018287e-06
-1.65591892724324e-06
-1.64802452616852e-06
-1.64014315119205e-06
-1.63227484629253e-06
-1.62441965519373e-06
-1.6165776213642e-06
-1.60874878801703e-06
-1.60093319810958e-06
-1.59313089434319e-06
-1.58534191916301e-06
-1.57756631475769e-06
-1.56980412305919e-06
-1.56205538574254e-06
-1.55432014422566e-06
-1.5465984396691e-06
-1.53889031297587e-06
-1.53119580479127e-06
-1.52351495550264e-06
-1.51584780523926e-06
-1.50819439387211e-06
-1.50055476101377e-06
-1.4929289460182e-06
-1.48531698798066e-06
-1.4777189257375e-06
-1.47013479786608e-06
-1.4625646426846e-06
-1.45500849825204e-06
-1.44746640236796e-06
-1.43993839257247e-06
-1.43242450614611e-06
-1.42492478010972e-06
-1.4174392512244e-06
-1.40996795599142e-06
-1.40251093065214e-06
-1.39506821118794e-06
-1.38763983332018e-06
-1.38022583251014e-06
-1.37282624395895e-06
-1.3654411026076e-06
-1.35807044313687e-06
-1.35071429996733e-06
-1.34337270725928e-06
-1.33604569891278e-06
-1.32873330856765e-06
-1.32143556960341e-06
-1.31415251513937e-06
-1.30688417803457e-06
-1.29963059088783e-06
-1.29239178603779e-06
-1.28516779556291e-06
-1.27795865128153e-06
-1.27076438475193e-06
-1.26358502727233e-06
-1.25642060988099e-06
-1.24927116335626e-06
-1.24213671821666e-06
-1.2350173047209e-06
-1.22791295286806e-06
-1.22082369239756e-06
-1.21374955278936e-06
-1.206690563264e-06
-1.19964675278268e-06
-1.19261815004746e-06
-1.18560478350128e-06
-1.17860668132814e-06
-1.1716238714532e-06
-1.16465638154293e-06
-1.15770423900523e-06
-1.1507674709896e-06
-1.14384610438726e-06
-1.13694016583131e-06
-1.13004968169693e-06
-1.12317467810149e-06
-1.11631518090476e-06
-1.10947121570907e-06
-1.1026428078595e-06
-1.09582998244406e-06
-1.08903276429389e-06
-1.08225117798347e-06
-1.07548524783077e-06
-1.06873499789755e-06
-1.06200045198949e-06
-1.05528163365645e-06
-1.04857856619268e-06
-1.04189127263706e-06
-1.03521977577333e-06
-1.02856409813034e-06
-1.02192426198226e-06
-1.01530028934887e-06
-1.00869220199578e-06
-1.00210002143473e-06
-9.95523768923817e-07
-9.88963465467769e-07
-9.82419131818238e-07
-9.75890788474066e-07
-9.69378455681566e-07
-9.62882153434813e-07
-9.56401901475937e-07
-9.49937719295422e-07
-9.43489626132404e-07
-9.37057640974981e-07
-9.30641782560519e-07
-9.24242069375973e-07
-9.17858519658202e-07
-9.114911513943e-07
-9.05139982321921e-07
-8.98805029929611e-07
-8.9248631145715e-07
-8.86183843895888e-07
-8.79897643989097e-07
-8.73627728232321e-07
-8.6737411287373e-07
-8.61136813914474e-07
-8.54915847109055e-07
-8.48711227965686e-07
-8.4252297174667e-07
-8.36351093468775e-07
-8.30195607903609e-07
-8.24056529578009e-07
-8.17933872774424e-07
-8.11827651531315e-07
-8.05737879643544e-07
-7.99664570662776e-07
-7.93607737897883e-07
-7.87567394415347e-07
-7.81543553039678e-07
-7.75536226353828e-07
-7.69545426699608e-07
-7.63571166178114e-07
-7.5761345665015e-07
-7.5167230973666e-07
-7.45747736819163e-07
-7.39839749040188e-07
-7.33948357303717e-07
-7.28073572275632e-07
-7.2221540438416e-07
-7.16373863820328e-07
-7.10548960538415e-07
-7.0474070425641e-07
-6.98949104456481e-07
-6.93174170385438e-07
-6.87415911055202e-07
-6.81674335243276e-07
-6.75949451493222e-07
-6.70241268115142e-07
-6.64549793186158e-07
-6.58875034550902e-07
-6.53216999822003e-07
-6.47575696380576e-07
-6.41951131376724e-07
-6.3634331173003e-07
-6.30752244130065e-07
-6.25177935036886e-07
-6.1962039068155e-07
-6.14079617066622e-07
-6.08555619966694e-07
-6.03048404928897e-07
-5.97557977273427e-07
-5.9208434209406e-07
-5.86627504258684e-07
-5.81187468409823e-07
-5.75764238965172e-07
-5.70357820118134e-07
-5.64968215838352e-07
-5.59595429872255e-07
-5.54239465743596e-07
-5.48900326754001e-07
-5.43578015983513e-07
-5.3827253629115e-07
-5.32983890315454e-07
-5.27712080475049e-07
-5.22457108969203e-07
-5.17218977778384e-07
-5.11997688664828e-07
-5.06793243173104e-07
-5.01605642630685e-07
-4.96434888148517e-07
-4.91280980621598e-07
-4.86143920729552e-07
-4.81023708937211e-07
-4.75920345495192e-07
-4.70833830440483e-07
-4.65764163597031e-07
-4.60711344576325e-07
-4.55675372777994e-07
-4.50656247390397e-07
-4.45653967391217e-07
-4.40668531548063e-07
-4.35699938419067e-07
-4.30748186353487e-07
-4.25813273492308e-07
-4.20895197768853e-07
-4.15993956909388e-07
-4.11109548433735e-07
-4.06241969655886e-07
-4.01391217684615e-07
-3.96557289424098e-07
-3.91740181574525e-07
-3.86939890632726e-07
-3.82156412892794e-07
-3.77389744446704e-07
-3.72639881184946e-07
-3.67906818797153e-07
-3.63190552772728e-07
-3.58491078401479e-07
-3.53808390774247e-07
-3.49142484783548e-07
-3.44493355124206e-07
-3.39860996293995e-07
-3.35245402594283e-07
-3.30646568130671e-07
-3.26064486813635e-07
-3.21499152359177e-07
-3.16950558289468e-07
-3.124186979335e-07
-3.07903564427737e-07
-3.03405150716766e-07
-2.98923449553953e-07
-2.94458453502096e-07
-2.90010154934086e-07
-2.85578546033558e-07
-2.81163618795557e-07
-2.76765365027199e-07
-2.72383776348332e-07
-2.68018844192202e-07
-2.63670559806117e-07
-2.59338914252115e-07
-2.55023898407634e-07
-2.50725502966177e-07
-2.46443718437987e-07
-2.42178535150717e-07
-2.37929943250104e-07
-2.33697932700646e-07
-2.29482493286275e-07
-2.25283614611036e-07
-2.21101286099767e-07
-2.16935496998773e-07
-2.1278623637651e-07
-2.08653493124267e-07
-2.04537255956853e-07
-2.00437513413274e-07
-1.96354253857424e-07
-1.92287465478764e-07
-1.88237136293015e-07
-1.84203254142843e-07
-1.80185806698552e-07
-1.76184781458768e-07
-1.72200165751137e-07
-1.68231946733007e-07
-1.64280111392132e-07
-1.60344646547359e-07
-1.56425538849327e-07
-1.52522774781159e-07
-1.48636340659157e-07
-1.44766222633503e-07
-1.40912406688953e-07
-1.37074878645542e-07
-1.33253624159274e-07
-1.29448628722833e-07
-1.25659877666272e-07
-1.21887356157728e-07
-1.18131049204114e-07
-1.14390941651827e-07
-1.10667018187451e-07
-1.06959263338458e-07
-1.03267661473918e-07
-9.95921968052006e-08
-9.5932853386684e-08
-9.22896151164584e-08
-8.86624657370338e-08
-8.50513888360482e-08
-8.14563678469766e-08
-7.787738604984e-08
-7.43144265719149e-08
-7.07674723884418e-08
-6.72365063233347e-08
-6.37215110498915e-08
-6.02224690915064e-08
-5.67393628223824e-08
-5.32721744682422e-08
-4.98208861070401e-08
-4.63854796696727e-08
-4.29659369406907e-08
-3.95622395590131e-08
-3.61743690186423e-08
-3.28023066693778e-08
-2.94460337175292e-08
-2.61055312266291e-08
-2.27807801181474e-08
-1.94717611722079e-08
-1.61784550283035e-08
-1.29008421860111e-08
-9.63890300570444e-09
-6.39261770926945e-09
-3.16196638082002e-09
5.30710325852083e-11
3.25251472022693e-09
6.43638500701035e-09
9.60470235274977e-09
1.27574873514518e-08
1.58947607305994e-08
1.9016543350437e-08
2.21228562032546e-08
2.52137204126714e-08
2.82891572329198e-08
3.13491880481294e-08
3.43938343716118e-08
3.74231178451442e-08
4.0437060238253e-08
4.34356834474993e-08
4.64190094957636e-08
4.93870605315297e-08
5.23398588281688e-08
5.52774267832249e-08
5.81997869176993e-08
6.11069618753369e-08
6.39989744219123e-08
6.68758474445145e-08
6.97376039508326e-08
7.25842670684411e-08
7.54158600440869e-08
7.82324062429758e-08
8.10339291480597e-08
8.38204523593235e-08
8.65919995930737e-08
8.93485946812257e-08
9.20902615705899e-08
9.48170243221595e-08
9.75289071103997e-08
1.00225934222539e-07
1.02908130057859e-07
1.05575519126983e-07
1.08228126051167e-07
1.10865975561589e-07
1.13489092498641e-07
1.1609750181122e-07
1.18691228556019e-07
1.21270297896821e-07
1.23834735103791e-07
1.26384565552771e-07
1.28919814724575e-07
1.31440508204276e-07
1.33946671680509e-07
1.36438330944762e-07
1.38915511890676e-07
1.41378240513337e-07
1.43826542908578e-07
1.46260445272275e-07
1.48679973899644e-07
1.5108515518454e-07
1.5347601561876e-07
1.55852581791339e-07
1.58214880387852e-07
1.60562938189718e-07
1.62896782073502e-07
1.65216439010212e-07
1.67521936064613e-07
1.69813300394523e-07
1.72090559250119e-07
1.74353739973245e-07
1.76602869996714e-07
1.78837976843623e-07
1.81059088126654e-07
1.83266231547385e-07
1.85459434895602e-07
1.87638726048604e-07
1.8980413297052e-07
1.91955683711618e-07
1.94093406407617e-07
1.96217329279003e-07
1.98327480630338e-07
2.00423888849582e-07
2.02506582407407e-07
2.04575589856511e-07
2.06630939830939e-07
2.08672661045402e-07
2.10700782294593e-07
2.12715332452509e-07
2.14716340471776e-07
2.16703835382969e-07
2.18677846293935e-07
2.20638402389116e-07
2.22585532928877e-07
2.24519267248828e-07
2.26439634759157e-07
2.28346664943955e-07
2.30240387360543e-07
2.32120831638806e-07
2.33988027480522e-07
2.35842004658698e-07
2.37682793016899e-07
2.39510422468583e-07
2.4132492299644e-07
2.43126324651723e-07
2.44914657553586e-07
2.46689951888426e-07
2.48452237909219e-07
2.50201545934864e-07
2.51937906349522e-07
2.53661349601962e-07
2.55371906204904e-07
2.57069606734367e-07
2.58754481829007e-07
2.60426562189473e-07
2.6208587857775e-07
2.63732461816511e-07
2.65366342788469e-07
2.66987552435729e-07
2.68596121759137e-07
2.70192081817639e-07
2.71775463727637e-07
2.73346298662344e-07
2.74904617851143e-07
2.76450452578946e-07
2.77983834185553e-07
2.79504794065015e-07
2.81013363665e-07
2.82509574486153e-07
2.83993458081464e-07
2.85465046055635e-07
2.86924370064445e-07
2.88371461814126e-07
2.89806353060725e-07
2.9122907560948e-07
2.92639661314195e-07
2.94038142076614e-07
2.95424549845794e-07
2.96798916617487e-07
2.98161274433514e-07
2.99511655381146e-07
3.00850091592488e-07
3.02176615243857e-07
3.03491258555169e-07
3.04794053789327e-07
3.060850332516e-07
3.0736422928902e-07
3.08631674289765e-07
3.09887400682551e-07
3.11131440936027e-07
3.12363827558167e-07
3.13584593095661e-07
3.1479377013332e-07
3.15991391293466e-07
3.17177489235335e-07
3.18352096654478e-07
3.19515246282162e-07
3.20666970884773e-07
3.21807303263224e-07
3.22936276252356e-07
3.24053922720353e-07
3.25160275568147e-07
3.26255367728829e-07
3.27339232167061e-07
3.28411901878493e-07
3.29473409889172e-07
3.30523789254967e-07
3.31563073060979e-07
3.32591294420971e-07
3.33608486476781e-07
3.34614682397747e-07
3.35609915380133e-07
3.36594218646552e-07
3.37567625445396e-07
3.38530169050265e-07
3.39481882759394e-07
3.40422799895091e-07
3.41352953803163e-07
3.42272377852357e-07
3.43181105433792e-07
3.44079169960404e-07
3.44966604866378e-07
3.45843443606597e-07
3.46709719656079e-07
3.47565466509425e-07
3.48410717680261e-07
3.49245506700691e-07
3.50069867120741e-07
3.50883832507816e-07
3.51687436446148e-07
3.5248071253625e-07
3.53263694394375e-07
3.5403641565197e-07
3.54798909955133e-07
3.55551210964081e-07
3.56293352352605e-07
3.57025367807537e-07
3.57747291028214e-07
3.58459155725949e-07
3.59160995623493e-07
3.59852844454509e-07
3.60534735963044e-07
3.61206703903003e-07
3.61868782037623e-07
3.62521004138952e-07
3.63163403987322e-07
3.63796015370838e-07
3.6441887208485e-07
3.65032007931447e-07
3.65635456718932e-07
3.66229252261319e-07
3.66813428377813e-07
3.67388018892306e-07
3.67953057632864e-07
3.68508578431225e-07
3.69054615122292e-07
3.6959120154363e-07
3.70118371534967e-07
3.70636158937689e-07
3.7114459759435e-07
3.71643721348167e-07
3.72133564042533e-07
3.7261415952052e-07
3.73085541624391e-07
3.73547744195105e-07
3.74000801071837e-07
3.74444746091484e-07
3.74879613088189e-07
3.75305435892852e-07
3.75722248332653e-07
3.76130084230571e-07
3.76528977404908e-07
3.76918961668811e-07
3.77300070829801e-07
3.77672338689299e-07
3.78035799042155e-07
3.78390485676184e-07
3.78736432371692e-07
3.79073672901017e-07
3.79402241028061e-07
3.79722170507833e-07
3.80033495085984e-07
3.80336248498353e-07
3.80630464470508e-07
3.80916176717293e-07
3.81193418942372e-07
3.81462224837782e-07
3.81722628083482e-07
3.81974662346904e-07
3.82218361282507e-07
3.82453758531337e-07
3.82680887720579e-07
3.82899782463121e-07
3.83110476357111e-07
3.83313002985524e-07
3.83507395915723e-07
3.8369368869903e-07
3.8387191487029e-07
3.84042107947441e-07
3.8420430143109e-07
3.8435852880408e-07
3.84504823531073e-07
3.84643219058121e-07
3.84773748812247e-07
3.8489644620103e-07
3.85011344612178e-07
3.8511847741312e-07
3.85217877950589e-07
3.8530957955021e-07
3.8539361551609e-07
3.85470019130408e-07
3.8553882365301e-07
3.85600062321005e-07
3.85653768348357e-07
3.85699974925487e-07
3.85738715218873e-07
3.85770022370652e-07
3.85793929498221e-07
3.85810469693848e-07
3.85819676024274e-07
3.85821581530324e-07
3.85816219226521e-07
3.85803622100695e-07
3.85783823113597e-07
3.85756855198521e-07
3.85722751260916e-07
3.85681544178007e-07
3.85633266798418e-07
3.85577951941795e-07
3.85515632398432e-07
3.85446340928898e-07
3.85370110263663e-07
3.85286973102734e-07
3.85196962115281e-07
3.85100109939277e-07
3.84996449181129e-07
3.84886012415321e-07
3.84768832184047e-07
3.8464494099686e-07
3.84514371330308e-07
3.84377155627583e-07
3.84233326298166e-07
3.84082915717478e-07
3.83925956226527e-07
3.83762480131561e-07
3.83592519703723e-07
3.83416107178704e-07
3.83233274756405e-07
3.83044054600591e-07
3.82848478838553e-07
3.82646579560776e-07
3.82438388820595e-07
3.82223938633866e-07
3.82003260978636e-07
3.81776387794809e-07
3.81543350983818e-07
3.813041824083e-07
3.81058913891771e-07
3.80807577218302e-07
3.80550204132197e-07
3.80286826337676e-07
3.80017475498554e-07
3.79742183237928e-07
3.7946098113786e-07
3.79173900739067e-07
3.78880973540609e-07
3.78582230999577e-07
3.78277704530792e-07
3.77967425506496e-07
3.77651425256046e-07
3.77329735065619e-07
3.77002386177904e-07
3.76669409791809e-07
3.76330837062162e-07
3.75986699099414e-07
3.75637026969353e-07
3.75281851692805e-07
3.74921204245348e-07
3.74555115557024e-07
3.74183616512051e-07
3.7380673794854e-07
3.73424510658213e-07
3.73036965386119e-07
3.7264413283036e-07
3.72246043641806e-07
3.71842728423828e-07
3.71434217732017e-07
3.71020542073916e-07
3.70601731908746e-07
3.7017781764714e-07
3.69748829650875e-07
3.69314798232606e-07
3.68875753655603e-07
3.6843172613349e-07
3.67982745829982e-07
3.67528842858629e-07
3.67070047282558e-07
3.66606389114218e-07
3.66137898315128e-07
3.65664604795624e-07
3.65186538414609e-07
3.64703728979307e-07
3.64216206245012e-07
3.63723999914848e-07
3.63227139639523e-07
3.62725655017088e-07
3.62219575592696e-07
3.61708930858369e-07
3.61193750252755e-07
3.60674063160899e-07
3.60149898914007e-07
3.59621286789215e-07
3.59088256009359e-07
3.58550835742748e-07
3.58009055102938e-07
3.57462943148506e-07
3.56912528882828e-07
3.56357841253858e-07
3.55798909153908e-07
3.55235761419428e-07
3.54668426830795e-07
3.54096934112093e-07
3.53521311930902e-07
3.52941588898088e-07
3.52357793567594e-07
3.51769954436229e-07
3.51178099943461e-07
3.50582258471219e-07
3.4998245834368e-07
3.49378727827078e-07
3.48771095129495e-07
3.48159588400669e-07
3.47544235731796e-07
3.46925065155331e-07
3.46302104644802e-07
3.45675382114613e-07
3.45044925419856e-07
3.44410762356122e-07
3.43772920659314e-07
3.43131428005463e-07
3.42486312010543e-07
3.41837600230289e-07
3.41185320160018e-07
3.40529499234448e-07
3.39870164827524e-07
3.39207344252241e-07
3.38541064760467e-07
3.37871353542777e-07
3.37198237728275e-07
3.3652174438443e-07
3.35841900516907e-07
3.35158733069398e-07
3.34472268923464e-07
3.33782534898363e-07
3.33089557750897e-07
3.3239336417525e-07
3.31693980802824e-07
3.30991434202091e-07
3.30285750878431e-07
3.29576957273981e-07
3.28865079767487e-07
3.28150144674146e-07
3.27432178245461e-07
3.26711206669093e-07
3.25987256068715e-07
3.2526035250387e-07
3.24530521969822e-07
3.23797790397422e-07
3.23062183652963e-07
3.22323727538047e-07
3.21582447789439e-07
3.20838370078944e-07
3.20091520013262e-07
3.19341923133862e-07
3.18589604916853e-07
3.17834590772847e-07
3.17076906046838e-07
3.16316576018074e-07
3.15553625899931e-07
3.14788080839792e-07
3.14019965918922e-07
3.13249306152351e-07
3.12476126488752e-07
3.11700451810328e-07
3.1092230693269e-07
3.10141716604749e-07
3.09358705508596e-07
3.08573298259399e-07
3.07785519405284e-07
3.06995393427232e-07
3.06202944738972e-07
3.0540819768687e-07
3.04611176549831e-07
3.03811905539194e-07
3.03010408798628e-07
3.02206710404036e-07
3.01400834363452e-07
3.00592804616948e-07
2.99782645036536e-07
2.98970379426072e-07
2.98156031521167e-07
2.97339624989095e-07
2.96521183428699e-07
2.95700730370305e-07
2.94878289275634e-07
2.94053883537717e-07
2.93227536480811e-07
2.92399271360313e-07
2.91569111362681e-07
2.9073707960535e-07
2.89903199136658e-07
2.89067492935764e-07
2.88229983912574e-07
2.87390694907663e-07
2.86549648692205e-07
2.857068679679e-07
2.84862375366901e-07
2.84016193451746e-07
2.83168344715292e-07
2.82318851580641e-07
2.81467736401082e-07
2.80615021460025e-07
2.79760728970934e-07
2.78904881077271e-07
2.78047499852432e-07
2.77188607299689e-07
2.76328225352134e-07
2.7546637587262e-07
2.74603080653705e-07
2.73738361417602e-07
2.72872239816126e-07
2.7200473743064e-07
2.71135875772007e-07
2.70265676280541e-07
2.69394160325961e-07
2.68521349207341e-07
2.6764726415307e-07
2.66771926320807e-07
2.65895356797437e-07
2.6501757659903e-07
2.64138606670804e-07
2.63258467887084e-07
2.62377181051268e-07
2.61494766895784e-07
2.60611246082063e-07
2.59726639200502e-07
2.5884096677043e-07
2.57954249240081e-07
2.57066506986563e-07
2.56177760315825e-07
2.55288029462634e-07
2.5439733459055e-07
2.53505695791894e-07
2.52613133087732e-07
2.51719666427849e-07
2.50825315690725e-07
2.4993010068352e-07
2.49034041142051e-07
2.48137156730775e-07
2.47239467042776e-07
2.46340991599744e-07
2.45441749851961e-07
2.44541761178294e-07
2.43641044886174e-07
2.42739620211592e-07
2.41837506319087e-07
2.40934722301737e-07
2.4003128718115e-07
2.3912721990746e-07
2.38222539359323e-07
2.3731726434391e-07
2.36411413596904e-07
2.35505005782501e-07
2.34598059493407e-07
2.3369059325084e-07
2.32782625504529e-07
2.31874174632721e-07
2.30965258942178e-07
2.30055896668189e-07
2.29146105974571e-07
2.28235904953679e-07
2.27325311626413e-07
2.26414343942225e-07
2.25503019779135e-07
2.24591356943733e-07
2.23679373171201e-07
2.22767086125321e-07
2.21854513398491e-07
2.2094167251174e-07
2.20028580914748e-07
2.19115255985856e-07
2.18201715032092e-07
2.17287975289186e-07
2.16374053921596e-07
2.15459968022523e-07
2.14545734613941e-07
2.13631370646613e-07
2.12716893000124e-07
2.11802318482901e-07
2.10887663832243e-07
2.09972945714345e-07
2.09058180724332e-07
2.08143385386286e-07
2.07228576153278e-07
2.06313769407397e-07
2.05398981459788e-07
2.04484228550681e-07
2.03569526849426e-07
2.02654892454532e-07
2.01740341393702e-07
2.0082588962387e-07
1.9991155303124e-07
1.98997347431328e-07
1.98083288568997e-07
1.97169392118504e-07
1.9625567368354e-07
1.95342148797273e-07
1.94428832922393e-07
1.93515741451159e-07
1.9260288970544e-07
1.91690292936768e-07
1.90777966326381e-07
1.89865924985275e-07
1.88954183954254e-07
1.88042758203975e-07
1.8713166263501e-07
1.86220912077889e-07
1.85310521293158e-07
1.84400504971433e-07
1.83490877733453e-07
1.82581654130139e-07
1.81672848642646e-07
1.80764475682427e-07
1.79856549591287e-07
1.78949084641443e-07
1.78042095035589e-07
1.7713559490695e-07
1.76229598319348e-07
1.75324119267266e-07
1.74419171675909e-07
1.7351476940127e-07
1.72610926230194e-07
1.71707655880446e-07
1.70804972000777e-07
1.69902888170992e-07
1.69001417902018e-07
1.68100574635975e-07
1.67200371746243e-07
1.6630082253754e-07
1.65401940245985e-07
1.64503738039176e-07
1.63606229016262e-07
1.6270942620802e-07
1.61813342576922e-07
1.60917991017221e-07
1.6002338435502e-07
1.59129535348353e-07
1.58236456687262e-07
1.57344160993877e-07
1.56452660822492e-07
1.55561968659651e-07
1.54672096924224e-07
1.53783057967492e-07
1.52894864073227e-07
1.52007527457776e-07
1.51121060270149e-07
1.50235474592097e-07
1.49350782438203e-07
1.48466995755965e-07
1.47584126425883e-07
1.46702186261549e-07
1.45821187009732e-07
1.44941140350471e-07
1.44062057897161e-07
1.43183951196645e-07
1.42306831729306e-07
1.41430710909157e-07
1.40555600083935e-07
1.39681510535191e-07
1.38808453478391e-07
1.37936440063002e-07
1.37065481372593e-07
1.36195588424927e-07
1.35326772172058e-07
1.34459043500433e-07
1.33592413230983e-07
1.32726892119225e-07
1.3186249085536e-07
1.30999220064374e-07
1.30137090306135e-07
1.29276112075498e-07
1.28416295802405e-07
1.27557651851987e-07
1.26700190524666e-07
1.25843922056259e-07
1.24988856618083e-07
1.24135004317059e-07
1.23282375195815e-07
1.22430979232795e-07
1.21580826342364e-07
1.20731926374917e-07
1.19884289116982e-07
1.19037924291332e-07
1.18192841557092e-07
1.1734905050985e-07
1.16506560681765e-07
1.15665381541677e-07
1.14825522495223e-07
1.1398699288494e-07
1.13149801990385e-07
1.12313959028243e-07
1.11479473152443e-07
1.10646353454269e-07
1.09814608962477e-07
1.08984248643409e-07
1.08155281401106e-07
1.07327716077426e-07
1.06501561452159e-07
1.05676826243147e-07
1.04853519106397e-07
1.04031648636202e-07
1.0321122336526e-07
1.0239225176479e-07
1.01574742244654e-07
1.00758703153477e-07
9.99441427787638e-08
9.9131069347023e-08
9.83194910238874e-08
9.75094159142367e-08
9.67008520623195e-08
9.58938074518756e-08
9.508829000626e-08
9.42843075885658e-08
9.3481868001749e-08
9.26809789887527e-08
9.18816482326323e-08
9.10838833566812e-08
9.02876919245563e-08
8.9493081440405e-08
8.87000593489914e-08
8.79086330358242e-08
8.71188098272847e-08
8.63305969907544e-08
8.55440017347436e-08
8.47590312090203e-08
8.39756925047393e-08
8.31939926545726e-08
8.24139386328396e-08
8.16355373556385e-08
8.08587956809771e-08
8.00837204089038e-08
7.93103182816388e-08
7.85385959837061e-08
7.77685601420673e-08
7.7000217326254e-08
7.62335740485017e-08
7.5468636763883e-08
7.47054118704417e-08
7.39439057093273e-08
7.31841245649297e-08
7.24260746650145e-08
7.1669762180859e-08
7.09151932273872e-08
7.01623738633068e-08
6.94113100912453e-08
6.86620078578875e-08
6.79144730541125e-08
6.71687115151315e-08
6.64247290206256e-08
6.56825312948841e-08
6.49421240069434e-08
6.42035127707253e-08
6.34667031451763e-08
6.27317006344078e-08
6.19985106878354e-08
6.12671387003194e-08
6.05375900123056e-08
5.98098699099656e-08
5.90839836253378e-08
5.83599363364684e-08
5.76377331675535e-08
5.69173791890815e-08
5.61988794179755e-08
5.54822388177355e-08
5.4767462298581e-08
5.40545547175937e-08
5.33435208788613e-08
5.26343655336208e-08
5.19270933804027e-08
5.12217090651756e-08
5.05182171814905e-08
4.98166222706249e-08
4.91169288217274e-08
4.84191412719629e-08
4.77232640066588e-08
4.70293013594503e-08
4.63372576124266e-08
4.56471369962763e-08
4.49589436904337e-08
4.42726818232263e-08
4.35883554720215e-08
4.29059686633727e-08
4.22255253731669e-08
4.15470295267718e-08
4.08704849991839e-08
4.01958956151765e-08
3.95232651494474e-08
3.88525973267668e-08
3.81838958221271e-08
3.75171642608905e-08
3.68524062189384e-08
3.61896252228196e-08
3.55288247499e-08
3.48700082285123e-08
3.42131790381061e-08
3.3558340509397e-08
3.29054959245164e-08
3.22546485171619e-08
3.16058014727476e-08
3.09589579285545e-08
3.03141209738808e-08
2.96712936501928e-08
2.90304789512759e-08
2.83916798233859e-08
2.77548991654e-08
2.71201398289682e-08
2.64874046186647e-08
2.58566962921397e-08
2.52280175602714e-08
2.46013710873174e-08
2.39767594910671e-08
2.33541853429939e-08
2.27336511684073e-08
2.21151594466057e-08
2.14987126110287e-08
2.08843130494098e-08
2.02719631039295e-08
1.96616650713679e-08
1.90534212032576e-08
1.8447233706037e-08
1.78431047412037e-08
1.72410364254678e-08
1.66410308309052e-08
1.60430899851111e-08
1.54472158713533e-08
1.4853410428726e-08
1.42616755523034e-08
1.36720130932945e-08
1.30844248591964e-08
1.24989126139483e-08
1.19154780780853e-08
1.13341229288927e-08
1.07548488005605e-08
1.01776572843378e-08
9.60254992868699e-09
9.02952823943796e-09
8.45859367994285e-09
7.88974767123068e-09
7.32299159216203e-09
6.75832677958342e-09
6.19575452848172e-09
5.6352760921388e-09
5.07689268228662e-09
4.52060546926203e-09
3.96641558216156e-09
3.41432410899624e-09
2.86433209684661e-09
2.31644055201775e-09
1.7706504401943e-09
1.22696268659542e-09
6.85378176129811e-10
1.45897753550506e-10
-3.91477776390255e-10
-9.26747648785973e-10
-1.4599111384206e-09
-1.9909675596132e-09
-2.51991626606284e-09
-3.04675665069337e-09
-3.57148814549851e-09
-4.09411022138717e-09
-4.61462238802884e-09
-5.13302419369829e-09
-5.64931522511994e-09
-6.16349510731245e-09
-6.67556350343389e-09
-7.18552011462703e-09
-7.69336467986446e-09
-8.19909697579362e-09
-8.70271681658192e-09
-9.20422405376182e-09
-9.70361857607552e-09
-1.02009003093198e-08
-1.06960692161914e-08
-1.11891252961327e-08
-1.16800685851769e-08
-1.21688991557936e-08
-1.26556171167334e-08
-1.31402226128734e-08
-1.36227158250627e-08
-1.41030969699677e-08
-1.45813662999183e-08
-1.50575241027528e-08
-1.55315707016637e-08
-1.60035064550434e-08
-1.64733317563303e-08
-1.69410470338545e-08
-1.74066527506832e-08
-1.78701494044671e-08
-1.83315375272855e-08
-1.87908176854935e-08
-1.92479904795676e-08
-1.97030565439523e-08
-2.01560165469065e-08
-2.06068711903494e-08
-2.10556212097075e-08
-2.15022673737604e-08
-2.19468104844881e-08
-2.23892513769173e-08
-2.2829590918969e-08
-2.32678300113047e-08
-2.37039695871739e-08
-2.41380106122609e-08
-2.45699540845319e-08
-2.49998010340829e-08
-2.54275525229866e-08
-2.58532096451399e-08
-2.62767735261115e-08
-2.66982453229898e-08
-2.7117626224231e-08
-2.7534917449507e-08
-2.79501202495534e-08
-2.83632359060178e-08
-2.87742657313077e-08
-2.91832110684392e-08
-2.95900732908856e-08
-2.99948538024259e-08
-3.03975540369945e-08
-3.07981754585295e-08
-3.11967195608223e-08
-3.15931878673659e-08
-3.19875819312048e-08
-3.23799033347842e-08
-3.27701536897999e-08
-3.31583346370482e-08
-3.35444478462756e-08
-3.39284950160294e-08
-3.43104778735073e-08
-3.46903981744075e-08
-3.50682577027798e-08
-3.54440582708757e-08
-3.58178017189999e-08
-3.61894899153614e-08
-3.65591247559241e-08
-3.69267081642584e-08
-3.72922420913921e-08
-3.76557285156625e-08
-3.80171694425679e-08
-3.83765669046197e-08
-3.87339229611943e-08
-3.90892396983857e-08
-3.94425192288579e-08
-3.97937636916977e-08
-4.01429752522666e-08
-4.04901561020545e-08
-4.08353084585328e-08
-4.11784345650083e-08
-4.15195366904764e-08
-4.18586171294747e-08
-4.2195678201936e-08
-4.25307222530431e-08
-4.28637516530832e-08
-4.31947687973024e-08
-4.35237761057603e-08
-4.38507760231848e-08
-4.41757710188273e-08
-4.44987635863175e-08
-4.48197562435192e-08
-4.51387515323851e-08
-4.54557520188133e-08
-4.57707602925031e-08
-4.60837789668116e-08
-4.63948106786099e-08
-4.67038580881395e-08
-4.70109238788695e-08
-4.73160107573537e-08
-4.76191214530878e-08
-4.79202587183672e-08
-4.82194253281434e-08
-4.85166240798828e-08
-4.88118577934246e-08
-4.910512931084e-08
-4.93964414962907e-08
-4.96857972358869e-08
-4.99731994375467e-08
-5.02586510308545e-08
-5.0542154966921e-08
-5.08237142182428e-08
-5.11033317785627e-08
-5.13810106627297e-08
-5.16567539065598e-08
-5.19305645666958e-08
-5.22024457204689e-08
-5.2472400465759e-08
-5.27404319208561e-08
-5.30065432243216e-08
-5.32707375348507e-08
-5.35330180311348e-08
-5.37933879117229e-08
-5.40518503948847e-08
-5.43084087184731e-08
-5.45630661397873e-08
-5.48158259354358e-08
-5.50666914011995e-08
-5.5315665851896e-08
-5.5562752621244e-08
-5.58079550617275e-08
-5.60512765444594e-08
-5.62927204590467e-08
-5.65322902134552e-08
-5.67699892338753e-08
-5.70058209645873e-08
-5.72397888678267e-08
-5.74718964236508e-08
-5.77021471298049e-08
-5.79305445015889e-08
-5.8157092071724e-08
-5.83817933902195e-08
-5.86046520242405e-08
-5.88256715579753e-08
-5.90448555925034e-08
-5.92622077456636e-08
-5.94777316519222e-08
-5.96914309622422e-08
-5.99033093439521e-08
-6.01133704806146e-08
-6.03216180718969e-08
-6.05280558334396e-08
-6.07326874967276e-08
-6.09355168089596e-08
-6.11365475329189e-08
-6.13357834468444e-08
-6.15332283443018e-08
-6.1728886034055e-08
-6.19227603399376e-08
-6.21148551007253e-08
-6.23051741700077e-08
-6.24937214160617e-08
-6.26805007217235e-08
-6.28655159842621e-08
-6.30487711152525e-08
-6.323027004045e-08
-6.34100166996631e-08
-6.35880150466287e-08
-6.37642690488863e-08
-6.39387826876532e-08
-6.41115599576991e-08
-6.42826048672222e-08
-6.44519214377246e-08
-6.46195137038881e-08
-6.47853857134508e-08
-6.4949541527084e-08
-6.51119852182689e-08
-6.52727208731741e-08
-6.54317525905326e-08
-6.55890844815194e-08
-6.57447206696304e-08
-6.58986652905597e-08
-6.60509224920795e-08
-6.62014964339183e-08
-6.63503912876409e-08
-6.64976112365275e-08
-6.66431604754539e-08
-6.67870432107721e-08
-6.69292636601903e-08
-6.70698260526541e-08
-6.72087346282271e-08
-6.7345993637973e-08
-6.74816073438367e-08
-6.76155800185266e-08
-6.77479159453974e-08
-6.78786194183328e-08
-6.80076947416286e-08
-6.81351462298751e-08
-6.82609782078413e-08
-6.83851950103591e-08
-6.85078009822073e-08
-6.86288004779967e-08
-6.87481978620546e-08
-6.886599750831e-08
-6.8982203800179e-08
-6.90968211304508e-08
-6.92098539011738e-08
-6.93213065235421e-08
-6.94311834177824e-08
-6.95394890130409e-08
-6.96462277472707e-08
-6.97514040671198e-08
-6.98550224278192e-08
-6.99570872930712e-08
-7.00576031349382e-08
-7.01565744337314e-08
-7.02540056779004e-08
-7.03499013639233e-08
-7.04442659961964e-08
-7.05371040869245e-08
-7.06284201560117e-08
-7.07182187309521e-08
-7.08065043467215e-08
-7.08932815456684e-08
-7.09785548774068e-08
-7.1062328898708e-08
-7.11446081733932e-08
-7.12253972722269e-08
-7.13047007728096e-08
-7.13825232594717e-08
-7.14588693231674e-08
-7.1533743561369e-08
-7.16071505779615e-08
-7.16790949831376e-08
-7.17495813932928e-08
-7.18186144309211e-08
-7.18861987245105e-08
-7.19523389084396e-08
-7.20170396228742e-08
-7.20803055136641e-08
-7.21421412322409e-08
-7.22025514355147e-08
-7.22615407857728e-08
-7.23191139505771e-08
-7.2375275602663e-08
-7.24300304198391e-08
-7.24833830848856e-08
-7.25353382854545e-08
-7.25859007139688e-08
-7.26350750675233e-08
-7.26828660477846e-08
-7.27292783608928e-08
-7.27743167173619e-08
-7.28179858319825e-08
-7.28602904237226e-08
-7.29012352156307e-08
-7.29408249347377e-08
-7.29790643119607e-08
-7.30159580820056e-08
-7.30515109832713e-08
-7.3085727757753e-08
-7.31186131509469e-08
-7.31501719117546e-08
-7.31804087923886e-08
-7.32093285482772e-08
-7.32369359379704e-08
-7.32632357230458e-08
-7.32882326680145e-08
-7.33119315402276e-08
-7.3334337109784e-08
-7.33554541494376e-08
-7.3375287434505e-08
-7.33938417427731e-08
-7.34111218544081e-08
-7.34271325518636e-08
-7.34418786197904e-08
-7.34553648449451e-08
-7.34675960161005e-08
-7.34785769239551e-08
-7.34883123610438e-08
-7.34968071216488e-08
-7.35040660017105e-08
-7.35100937987384e-08
-7.35148953117237e-08
-7.35184753410509e-08
-7.35208386884109e-08
-7.35219901567136e-08
-7.3521934550001e-08
-7.35206766733602e-08
-7.35182213328375e-08
-7.35145733353524e-08
-7.35097374886126e-08
-7.35037186010286e-08
-7.3496521481629e-08
-7.34881509399757e-08
-7.34786117860801e-08
-7.3467908830319e-08
-7.34560468833518e-08
-7.34430307560367e-08
-7.34288652593478e-08
-7.3413555204293e-08
-7.33971054018323e-08
-7.33795206627958e-08
-7.33608057978023e-08
-7.33409656171781e-08
-7.33200049308762e-08
-7.32979285483963e-08
-7.32747412787046e-08
-7.32504479301543e-08
-7.32250533104059e-08
-7.31985622263482e-08
-7.31709794840197e-08
-7.31423098885306e-08
-7.31125582439841e-08
-7.30817293533992e-08
-7.3049828018633e-08
-7.30168590403042e-08
-7.29828272177168e-08
-7.29477373487829e-08
-7.29115942299475e-08
-7.2874402656112e-08
-7.28361674205602e-08
-7.27968933148822e-08
-7.27565851289008e-08
-7.27152476505963e-08
-7.26728856660332e-08
-7.26295039592865e-08
-7.25851073123683e-08
-7.2539700505155e-08
-7.24932883153147e-08
-7.24458755182352e-08
-7.23974668869517e-08
-7.23480671920754e-08
-7.22976812017227e-08
-7.22463136814433e-08
-7.21939693941503e-08
-7.21406531000502e-08
-7.2086369556573e-08
-7.20311235183027e-08
-7.19749197369078e-08
-7.19177629610723e-08
-7.18596579364277e-08
-7.18006094054842e-08
-7.17406221075635e-08
-7.16797007787305e-08
-7.16178501517272e-08
-7.15550749559045e-08
-7.1491379917157e-08
-7.14267697578557e-08
-7.13612491967829e-08
-7.1294822949066e-08
-7.12274957261128e-08
-7.11592722355467e-08
-7.1090157181142e-08
-7.10201552627601e-08
-7.09492711762853e-08
-7.0877509613561e-08
-7.08048752623269e-08
-7.07313728061559e-08
-7.06570069243917e-08
-7.05817822920864e-08
-7.05057035799392e-08
-7.04287754542344e-08
-7.03510025767803e-08
-7.02723896048484e-08
-7.01929411911126e-08
-7.0112661983589e-08
-7.00315566255761e-08
-6.9949629755595e-08
-6.98668860073304e-08
-6.97833300095714e-08
-6.96989663861535e-08
-6.96137997558998e-08
-6.95278347325633e-08
-6.9441075924769e-08
-6.93535279359567e-08
-6.92651953643241e-08
-6.91760828027702e-08
-6.90861948388388e-08
-6.89955360546632e-08
-6.89041110269096e-08
-6.88119243267221e-08
-6.87189805196674e-08
-6.86252841656805e-08
-6.85308398190102e-08
-6.84356520281652e-08
-6.83397253358598e-08
-6.82430642789606e-08
-6.81456733884332e-08
-6.80475571892902e-08
-6.79487202005384e-08
-6.78491669351269e-08
-6.77489018998948e-08
-6.76479295955199e-08
-6.75462545164671e-08
-6.74438811509379e-08
-6.734081398082e-08
-6.72370574816367e-08
-6.71326161224972e-08
-6.70274943660462e-08
-6.69216966684154e-08
-6.68152274791745e-08
-6.67080912412821e-08
-6.66002923910377e-08
-6.64918353580332e-08
-6.63827245651058e-08
-6.62729644282899e-08
-6.61625593567705e-08
-6.60515137528362e-08
-6.59398320118327e-08
-6.58275185221164e-08
-6.57145776650084e-08
-6.56010138147494e-08
-6.54868313384541e-08
-6.53720345960666e-08
-6.52566279403154e-08
-6.51406157166692e-08
-6.50240022632926e-08
-6.49067919110028e-08
-6.47889889832257e-08
-6.46705977959529e-08
-6.45516226576984e-08
-6.44320678694567e-08
-6.43119377246607e-08
-6.41912365091397e-08
-6.40699685010778e-08
-6.39481379709726e-08
-6.38257491815936e-08
-6.37028063879419e-08
-6.35793138372094e-08
-6.34552757687395e-08
-6.33306964139865e-08
-6.32055799964766e-08
-6.30799307317681e-08
-6.29537528274129e-08
-6.28270504829176e-08
-6.26998278897057e-08
-6.25720892310793e-08
-6.2443838682181e-08
-6.23150804099568e-08
-6.21858185731181e-08
-6.20560573221057e-08
-6.19258007990527e-08
-6.17950531377488e-08
-6.1663818463604e-08
-6.15321008936129e-08
-6.13999045363193e-08
-6.12672334917808e-08
-6.11340918515344e-08
-6.10004836985614e-08
-6.08664131072539e-08
-6.07318841433801e-08
-6.05969008640509e-08
-6.04614673176863e-08
-6.03255875439825e-08
-6.01892655738789e-08
-6.00525054295256e-08
-5.99153111242513e-08
-5.9777686662531e-08
-5.96396360399541e-08
-5.95011632431935e-08
-5.93622722499738e-08
-5.9222967029041e-08
-5.90832515401318e-08
-5.89431297339427e-08
-5.88026055521005e-08
-5.86616829271329e-08
-5.85203657824381e-08
-5.83786580322563e-08
-5.82365635816404e-08
-5.80940863264273e-08
-5.79512301532099e-08
-5.78079989393086e-08
-5.76643965527438e-08
-5.75204268522079e-08
-5.73760936870382e-08
-5.72314008971898e-08
-5.70863523132089e-08
-5.69409517562065e-08
-5.6795203037832e-08
-5.66491099602469e-08
-5.65026763160998e-08
-5.63559058885002e-08
-5.62088024509942e-08
-5.6061369767539e-08
-5.59136115924779e-08
-5.57655316705162e-08
-5.56171337366975e-08
-5.54684215163798e-08
-5.5319398725212e-08
-5.51700690691105e-08
-5.50204362442359e-08
-5.48705039369702e-08
-5.47202758238941e-08
-5.45697555717651e-08
-5.44189468374951e-08
-5.42678532681292e-08
-5.41164785008237e-08
-5.39648261628253e-08
-5.38128998714497e-08
-5.36607032340612e-08
-5.35082398480516e-08
-5.33555133008208e-08
-5.32025271697563e-08
-5.30492850222132e-08
-5.28957904154953e-08
-5.27420468968349e-08
-5.25880580033751e-08
-5.24338272621501e-08
-5.22793581900676e-08
-5.21246542938894e-08
-5.19697190702142e-08
-5.18145560054595e-08
-5.16591685758443e-08
-5.15035602473718e-08
-5.13477344758123e-08
-5.11916947066867e-08
-5.10354443752499e-08
-5.08789869064741e-08
-5.07223257150332e-08
-5.05654642052868e-08
-5.04084057712644e-08
-5.02511537966502e-08
-5.0093711654768e-08
-4.99360827085661e-08
-4.97782703106033e-08
-4.96202778030342e-08
-4.94621085175952e-08
-4.93037657755906e-08
-4.91452528878785e-08
-4.89865731548574e-08
-4.8827729866453e-08
-4.86687263021056e-08
-4.85095657307568e-08
-4.83502514108374e-08
-4.81907865902549e-08
-4.80311745063815e-08
-4.78714183860421e-08
-4.77115214455029e-08
-4.75514868904599e-08
-4.7391317916028e-08
-4.72310177067293e-08
-4.70705894364831e-08
-4.69100362685946e-08
-4.67493613557453e-08
-4.65885678399826e-08
-4.64276588527106e-08
-4.62666375146797e-08
-4.61055069359782e-08
-4.59442702160221e-08
-4.57829304435466e-08
-4.56214906965969e-08
-4.54599540425203e-08
-4.52983235379575e-08
-4.51366022288352e-08
-4.49747931503576e-08
-4.48128993269982e-08
-4.46509237724933e-08
-4.44888694898342e-08
-4.43267394712606e-08
-4.41645366982538e-08
-4.40022641415294e-08
-4.38399247610318e-08
-4.3677521505927e-08
-4.35150573145975e-08
-4.33525351146358e-08
-4.3189957822839e-08
-4.30273283452042e-08
-4.28646495769223e-08
-4.27019244023737e-08
-4.25391556951232e-08
-4.23763463179156e-08
-4.22134991226711e-08
-4.20506169504816e-08
-4.18877026316062e-08
-4.17247589854681e-08
-4.15617888206507e-08
-4.1398794934894e-08
-4.12357801150917e-08
-4.10727471372881e-08
-4.09096987666749e-08
-4.07466377575894e-08
-4.05835668535117e-08
-4.04204887870629e-08
-4.02574062800029e-08
-4.00943220432285e-08
-3.99312387767718e-08
-3.97681591697983e-08
-3.96050859006064e-08
-3.94420216366261e-08
-3.92789690344183e-08
-3.91159307396737e-08
-3.89529093872127e-08
-3.87899076009848e-08
-3.86269279940688e-08
-3.84639731686728e-08
-3.83010457161342e-08
-3.81381482169203e-08
-3.79752832406289e-08
-3.7812453345989e-08
-3.76496610808619e-08
-3.74869089822421e-08
-3.73241995762591e-08
-3.71615353781788e-08
-3.69989188924049e-08
-3.68363526124807e-08
-3.66738390210914e-08
-3.65113805900661e-08
-3.63489797803805e-08
-3.61866390421593e-08
-3.60243608146789e-08
-3.58621475263704e-08
-3.57000015948224e-08
-3.55379254267844e-08
-3.537592141817e-08
-3.52139919540612e-08
-3.50521394087113e-08
-3.48903661455495e-08
-3.47286745171844e-08
-3.45670668654087e-08
-3.44055455212035e-08
-3.42441128047427e-08
-3.4082771025398e-08
-3.39215224817434e-08
-3.37603694615612e-08
-3.35993142418461e-08
-3.34383590888109e-08
-3.32775062578922e-08
-3.31167579937558e-08
-3.29561165303033e-08
-3.27955840906775e-08
-3.26351628872695e-08
-3.24748551217238e-08
-3.23146629849457e-08
-3.21545886571069e-08
-3.19946343076535e-08
-3.18348020953124e-08
-3.16750941680984e-08
-3.15155126633216e-08
-3.13560597075947e-08
-3.11967374168403e-08
-3.10375478962988e-08
-3.08784932405366e-08
-3.07195755334538e-08
-3.05607968482923e-08
-3.04021592476444e-08
-3.02436647834613e-08
-3.00853154970613e-08
-2.99271134191384e-08
-2.97690605697713e-08
-2.96111589584324e-08
-2.94534105839973e-08
-2.92958174347539e-08
-2.91383814884119e-08
-2.89811047121124e-08
-2.88239890624373e-08
-2.866703648542e-08
-2.85102489165542e-08
-2.8353628280805e-08
-2.81971764926188e-08
-2.80408954559336e-08
-2.78847870641897e-08
-2.77288532003403e-08
-2.75730957368622e-08
-2.7417516535767e-08
-2.72621174486121e-08
-2.71069003165118e-08
-2.69518669701484e-08
-2.67970192297843e-08
-2.66423589052732e-08
-2.6487887796072e-08
-2.63336076912525e-08
-2.61795203695135e-08
-2.60256275991924e-08
-2.58719311382782e-08
-2.57184327344234e-08
-2.55651341249565e-08
-2.54120370368946e-08
-2.52591431869563e-08
-2.51064542815742e-08
-2.49539720169081e-08
-2.48016980788579e-08
-2.46496341430767e-08
-2.44977818749849e-08
-2.43461429297827e-08
-2.41947189524643e-08
-2.40435115778309e-08
-2.38925224305048e-08
-2.37417531249435e-08
-2.35912052654539e-08
-2.34408804462062e-08
-2.3290780251248e-08
-2.31409062545187e-08
-2.29912600198639e-08
-2.28418431010503e-08
-2.26926570417797e-08
-2.25437033757048e-08
-2.23949836264432e-08
-2.22464993075929e-08
-2.20982519227472e-08
-2.19502429655101e-08
-2.18024739195115e-08
-2.1654946258423e-08
-2.15076614459732e-08
-2.13606209359632e-08
-2.12138261722823e-08
-2.10672785889239e-08
-2.09209796100014e-08
-2.07749306497648e-08
-2.06291331126161e-08
-2.04835883931264e-08
-2.03382978760514e-08
-2.01932629363485e-08
-2.00484849391929e-08
-1.99039652399949e-08
-1.9759705184416e-08
-1.96157061083859e-08
-1.94719693381192e-08
-1.93284961901331e-08
-1.91852879712643e-08
-1.90423459786863e-08
-1.88996714999259e-08
-1.87572658128811e-08
-1.86151301858387e-08
-1.84732658774915e-08
-1.83316741369572e-08
-1.81903562037948e-08
-1.80493133080233e-08
-1.79085466701393e-08
-1.77680575011351e-08
-1.76278470025165e-08
-1.74879163663216e-08
-1.73482667751387e-08
-1.72088994021248e-08
-1.70698154110242e-08
-1.69310159561863e-08
-1.67925021825847e-08
-1.66542752258358e-08
-1.65163362122181e-08
-1.63786862586905e-08
-1.62413264729114e-08
-1.6104257953258e-08
-1.59674817888449e-08
-1.58309990595437e-08
-1.56948108360018e-08
-1.55589181796621e-08
-1.54233221427821e-08
-1.52880237684539e-08
-1.51530240906235e-08
-1.50183241341103e-08
-1.48839249146272e-08
-1.47498274388e-08
-1.46160327041872e-08
-1.44825416993001e-08
-1.43493554036226e-08
-1.42164747876316e-08
-1.4083900812817e-08
-1.39516344317019e-08
-1.3819676587863e-08
-1.36880282159507e-08
-1.35566902417094e-08
-1.34256635819985e-08
-1.32949491448126e-08
-1.31645478293019e-08
-1.30344605257935e-08
-1.29046881158116e-08
-1.27752314720983e-08
-1.26460914586349e-08
-1.25172689306622e-08
-1.23887647347019e-08
-1.22605797085776e-08
-1.21327146814361e-08
-1.20051704737684e-08
-1.1877947897431e-08
-1.17510477556668e-08
-1.16244708431263e-08
-1.14982179458899e-08
-1.13722898414888e-08
-1.12466872989266e-08
-1.11214110787008e-08
-1.09964619328244e-08
-1.08718406048481e-08
-1.07475478298816e-08
-1.06235843346151e-08
-1.04999508373416e-08
-1.03766480479783e-08
-1.02536766680889e-08
-1.01310373909058e-08
-1.0008730901352e-08
-9.88675787606318e-09
-9.76511898340969e-09
-9.64381488351896e-09
-9.52284622829759e-09
-9.40221366145358e-09
-9.28191781851871e-09
-9.16195932687096e-09
-9.04233880575698e-09
-8.92305686631463e-09
-8.80411411159555e-09
-8.68551113658765e-09
-8.56724852823756e-09
-8.44932686547336e-09
-8.33174671922738e-09
-8.21450865245895e-09
-8.09761322017713e-09
-7.98106096946364e-09
-7.86485243949577e-09
-7.74898816156908e-09
-7.6334686591202e-09
-7.51829444774984e-09
-7.40346603524589e-09
-7.28898392160655e-09
-7.17484859906335e-09
-7.06106055210436e-09
-6.9476202574975e-09
-6.83452818431369e-09
-6.7217847939498e-09
-6.60939054015187e-09
-6.49734586903851e-09
-6.38565121912449e-09
-6.27430702134421e-09
-6.16331369907495e-09
-6.05267166816013e-09
-5.9423813369328e-09
-5.8324431062391e-09
-5.7228573694619e-09
-5.61362451254431e-09
-5.50474491401333e-09
-5.39621894500353e-09
-5.28804696928075e-09
-5.18022934326551e-09
-5.07276641605656e-09
-4.96565852945461e-09
-4.8589060179863e-09
-4.75250920892813e-09
-4.64646842233029e-09
-4.54078397104043e-09
-4.43545616072739e-09
-4.33048528990507e-09
-4.22587164995614e-09
-4.12161552515596e-09
-4.01771719269668e-09
-3.91417692271132e-09
-3.81099497829771e-09
-3.70817161554239e-09
-3.60570708354456e-09
-3.50360162444024e-09
-3.40185547342646e-09
-3.30046885878527e-09
-3.1994420019078e-09
-3.09877511731826e-09
-2.99846841269814e-09
-2.8985220889104e-09
-2.79893634002364e-09
-2.69971135333624e-09
-2.60084730940064e-09
-2.50234438204757e-09
-2.40420273841032e-09
-2.30642253894883e-09
-2.20900393747399e-09
-2.11194708117181e-09
-2.01525211062766e-09
-1.91891915985067e-09
-1.82294835629811e-09
-1.72733982089978e-09
-1.63209366808236e-09
-1.53721000579365e-09
-1.44268893552695e-09
-1.34853055234534e-09
-1.25473494490597e-09
-1.16130219548446e-09
-1.06823237999935e-09
-9.75525568036461e-10
-8.83181822873285e-10
-7.91201201503316e-10
-6.99583754660509e-10
-6.08329526843875e-10
-5.17438556341987e-10
-4.26910875257261e-10
-3.36746509530249e-10
-2.46945478964076e-10
-1.57507797248866e-10
-6.84334719861264e-11
2.02774952867789e-11
1.08625109072054e-10
1.96609379886899e-10
2.84230324239013e-10
3.71487964602251e-10
4.58382329392292e-10
5.44913452942154e-10
6.31081375477644e-10
7.16886143092911e-10
8.02327807726052e-10
8.87406427134711e-10
9.72122064871683e-10
1.05647479026053e-09
1.14046467837111e-09
1.22409180999498e-09
1.3073562716208e-09
1.39025815540998e-09
1.47279755917245e-09
1.55497458634223e-09
1.63678934595285e-09
1.71824195261278e-09
1.79933252648115e-09
1.88006119324349e-09
1.96042808408749e-09
2.04043333567848e-09
2.12007709013491e-09
2.19935949500389e-09
2.27828070323691e-09
2.35684087316551e-09
2.43504016847683e-09
2.51287875818933e-09
2.59035681662849e-09
2.6674745234026e-09
2.74423206337846e-09
2.82062962665705e-09
2.89666740854918e-09
2.97234560955109e-09
3.04766443532011e-09
3.12262409665043e-09
3.19722480944905e-09
3.27146679471172e-09
3.34535027849852e-09
3.4188754919095e-09
3.49204267106052e-09
3.56485205705918e-09
3.63730389598077e-09
3.70939843884407e-09
3.7811359415872e-09
3.85251666504336e-09
3.92354087491658e-09
3.99420884175756e-09
4.06452084093985e-09
4.13447715263603e-09
4.20407806179373e-09
4.27332385811137e-09
4.34221483601397e-09
4.41075129462925e-09
4.47893353776382e-09
4.54676187387928e-09
4.61423661606826e-09
4.68135808203049e-09
4.74812659404891e-09
4.81454247896567e-09
4.8806060681581e-09
4.94631769751493e-09
5.01167770741281e-09
5.07668644269272e-09
5.14134425263611e-09
5.20565149094089e-09
5.26960851569761e-09
5.33321568936578e-09
5.39647337875026e-09
5.4593819549778e-09
5.5219417934734e-09
5.58415327393665e-09
5.64601678031801e-09
5.70753270079527e-09
5.76870142775016e-09
5.82952335774505e-09
5.88999889149933e-09
5.95012843386585e-09
6.00991239380746e-09
6.06935118437381e-09
6.12844522267788e-09
6.18719492987265e-09
6.24560073112763e-09
6.3036630556055e-09
6.36138233643884e-09
6.418759010707e-09
6.47579351941298e-09
6.53248630746033e-09
6.58883782362996e-09
6.64484852055698e-09
6.70051885470756e-09
6.75584928635574e-09
6.81084027956036e-09
6.86549230214214e-09
6.91980582566077e-09
6.973781325392e-09
7.02741928030472e-09
7.08072017303817e-09
7.133684489879e-09
7.18631272073837e-09
7.23860535912912e-09
7.29056290214303e-09
7.34218585042824e-09
7.39347470816667e-09
7.44442998305139e-09
7.49505218626373e-09
7.54534183245052e-09
7.59529943970153e-09
7.64492552952731e-09
7.69422062683677e-09
7.74318525991462e-09
7.79181996039881e-09
7.84012526325813e-09
7.88810170676988e-09
7.93574983249763e-09
7.98307018526883e-09
8.03006331315267e-09
8.07672976743792e-09
8.12307010261076e-09
8.16908487633243e-09
8.21477464941716e-09
8.26013998581009e-09
8.30518145256552e-09
8.34989961982486e-09
8.39429506079468e-09
8.43836835172457e-09
8.48212007188539e-09
8.52555080354742e-09
8.5686611319587e-09
8.61145164532308e-09
8.65392293477841e-09
8.69607559437484e-09
8.73791022105327e-09
8.77942741462385e-09
8.82062777774447e-09
8.86151191589913e-09
8.90208043737655e-09
8.94233395324871e-09
8.98227307734942e-09
9.0218984262528e-09
9.06121061925198e-09
9.10021027833787e-09
9.13889802817802e-09
9.17727449609526e-09
9.21534031204642e-09
9.25309610860135e-09
9.29054252092199e-09
9.32768018674147e-09
9.36450974634289e-09
9.40103184253832e-09
9.43724712064793e-09
9.47315622847915e-09
9.50875981630576e-09
9.54405853684704e-09
9.57905304524734e-09
9.6137439990555e-09
9.64813205820411e-09
9.68221788498853e-09
9.7160021440464e-09
9.74948550233729e-09
9.78266862912236e-09
9.81555219594379e-09
9.84813687660441e-09
9.88042334714727e-09
9.91241228583539e-09
9.94410437313136e-09
9.97550029167718e-09
1.00066007262741e-08
1.00374063638629e-08
1.00679178935035e-08
1.00981360063552e-08
1.01280613956563e-08
1.01576947567047e-08
1.01870367868375e-08
1.02160881854116e-08
1.02448496537835e-08
1.02733218952896e-08
1.03015056152262e-08
1.03294015208306e-08
1.0357010321261e-08
1.03843327275774e-08
1.04113694527219e-08
1.04381212114991e-08
1.04645887205569e-08
1.04907726983664e-08
1.05166738652036e-08
1.05422929431296e-08
1.05676306559719e-08
1.05926877293044e-08
1.06174648904286e-08
1.06419628683543e-08
1.06661823937812e-08
1.06901241990795e-08
1.07137890182714e-08
1.07371775870117e-08
1.0760290642569e-08
1.07831289238074e-08
1.08056931711674e-08
1.08279841266471e-08
1.0850002533784e-08
1.08717491376361e-08
1.08932246847632e-08
1.09144299232087e-08
1.09353656024809e-08
1.09560324735347e-08
1.09764312887536e-08
1.09965628019312e-08
1.10164277682531e-08
1.10360269442785e-08
1.10553610879219e-08
1.10744309584355e-08
1.10932373163907e-08
1.11117809236607e-08
1.1130062543402e-08
1.11480829400369e-08
1.11658428792355e-08
1.11833431278978e-08
1.12005844541363e-08
1.12175676272587e-08
1.12342934177494e-08
1.12507625972525e-08
1.12669759385538e-08
1.12829342155632e-08
1.12986382032984e-08
1.13140886778664e-08
1.1329286416447e-08
1.13442321972747e-08
1.13589267996223e-08
1.13733710037831e-08
1.13875655910542e-08
1.14015113437195e-08
1.14152090450322e-08
1.14286594791981e-08
1.14418634313592e-08
1.14548216875762e-08
1.14675350348122e-08
1.14800042609156e-08
1.14922301546036e-08
1.15042135054458e-08
1.1515955103847e-08
1.15274557410315e-08
1.15387162090261e-08
1.15497373006439e-08
1.15605198094676e-08
1.15710645298341e-08
1.15813722568171e-08
1.15914437862118e-08
1.16012799145177e-08
1.16108814389232e-08
1.16202491572895e-08
1.1629383868135e-08
1.16382863706189e-08
1.16469574645255e-08
1.1655397950248e-08
1.16636086287731e-08
1.1671590301665e-08
1.16793437710497e-08
1.16868698395999e-08
1.1694169310519e-08
1.1701242987526e-08
1.170809167484e-08
1.17147161771648e-08
1.17211172996736e-08
1.17272958479933e-08
1.17332526281893e-08
1.17389884467504e-08
1.1744504110574e-08
1.17498004269508e-08
1.17548782035501e-08
1.1759738248404e-08
1.17643813698934e-08
1.17688083767326e-08
1.17730200779549e-08
1.17770172828971e-08
1.17808008011857e-08
1.17843714427217e-08
1.17877300176669e-08
1.17908773364285e-08
1.17938142096447e-08
1.17965414481703e-08
1.17990598630625e-08
1.18013702655671e-08
1.18034734671036e-08
1.18053702792509e-08
1.18070615137335e-08
1.18085479824073e-08
1.18098304972455e-08
1.18109098703246e-08
1.18117869138108e-08
1.18124624399463e-08
1.18129372610347e-08
1.18132121894279e-08
1.18132880375117e-08
1.18131656176929e-08
1.18128457423851e-08
1.18123292239958e-08
1.18116168749126e-08
1.18107095074898e-08
1.18096079340347e-08
1.18083129667946e-08
1.18068254179437e-08
1.18051460995697e-08
1.18032758236606e-08
1.18012154020921e-08
1.17989656466139e-08
1.17965273688371e-08
1.17939013802211e-08
1.1791088492061e-08
1.17880895154741e-08
1.17849052613875e-08
1.17815365405251e-08
1.17779841633956e-08
1.17742489402795e-08
1.17703316812168e-08
1.17662331959942e-08
1.17619542941326e-08
1.17574957848751e-08
1.17528584771744e-08
1.17480431796799e-08
1.17430507007265e-08
1.1737881848322e-08
1.17325374301352e-08
1.17270182534838e-08
1.17213251253222e-08
1.17154588522294e-08
1.17094202403977e-08
1.17032100956204e-08
1.16968292232802e-08
1.16902784283369e-08
1.16835585153166e-08
1.16766702882992e-08
1.16696145509075e-08
1.16623921062956e-08
1.16550037571374e-08
1.16474503056151e-08
1.1639732553408e-08
1.16318513016812e-08
1.16238073510745e-08
1.16156015016904e-08
1.16072345530838e-08
1.15987073042502e-08
1.15900205536153e-08
1.15811750990239e-08
1.15721717377289e-08
1.15630112663807e-08
1.15536944810158e-08
1.15442221770464e-08
1.15345951492498e-08
1.15248141917574e-08
1.15148800980444e-08
1.15047936609193e-08
1.14945556725133e-08
1.14841669242701e-08
1.14736282069349e-08
1.14629403105446e-08
1.14521040244168e-08
1.14411201371407e-08
1.14299894365661e-08
1.14187127097939e-08
1.14072907431657e-08
1.13957243222541e-08
1.13840142318521e-08
1.13721612559637e-08
1.1360166177794e-08
1.13480297797392e-08
1.13357528433772e-08
1.13233361494572e-08
1.13107804778904e-08
1.12980866077408e-08
1.12852553172152e-08
1.12722873836545e-08
1.12591835835235e-08
1.12459446924022e-08
1.12325714849756e-08
1.12190647350249e-08
1.12054252154182e-08
1.11916536981014e-08
1.11777509540891e-08
1.11637177534554e-08
1.11495548653251e-08
1.11352630578646e-08
1.11208430982731e-08
1.11062957527733e-08
1.10916217866033e-08
1.10768219640072e-08
1.10618970482273e-08
1.10468478014949e-08
1.10316749850219e-08
1.10163793589918e-08
1.10009616825514e-08
1.09854227138026e-08
1.09697632097941e-08
1.09539839265128e-08
1.09380856188756e-08
1.0922069040721e-08
1.09059349448009e-08
1.08896840827726e-08
1.0873317205191e-08
1.08568350615003e-08
1.08402384000255e-08
1.08235279679654e-08
1.08067045113843e-08
1.07897687752042e-08
1.07727215031972e-08
1.07555634379775e-08
1.07382953209938e-08
1.07209178925219e-08
1.0703431891657e-08
1.06858380563059e-08
1.06681371231795e-08
1.06503298277861e-08
1.06324169044231e-08
1.06143990861706e-08
1.05962771048836e-08
1.0578051691185e-08
1.05597235744583e-08
1.05412934828403e-08
1.05227621432143e-08
1.05041302812027e-08
1.04853986211607e-08
1.04665678861687e-08
1.04476387980254e-08
1.04286120772412e-08
1.04094884430314e-08
1.03902686133097e-08
1.03709533046816e-08
1.03515432324374e-08
1.03320391105458e-08
1.03124416516469e-08
1.02927515670464e-08
1.02729695667088e-08
1.0253096359251e-08
1.02331326519363e-08
1.02130791506678e-08
1.01929365599821e-08
1.01727055830433e-08
1.01523869216367e-08
1.01319812761629e-08
1.01114893456313e-08
1.00909118276544e-08
1.00702494184417e-08
1.00495028127943e-08
1.00286727040983e-08
1.00077597843197e-08
9.9867647439979e-09
9.9656882722406e-09
9.94453105671767e-09
9.92329378365575e-09
9.90197713783251e-09
9.88058180257116e-09
9.85910845973497e-09
9.83755778972186e-09
9.81593047145894e-09
9.79422718239724e-09
9.77244859850633e-09
9.75059539426901e-09
9.72866824267626e-09
9.70666781522221e-09
9.68459478189883e-09
9.66244981119069e-09
9.6402335700699e-09
9.61794672399122e-09
9.59558993688722e-09
9.57316387116343e-09
9.55066918769362e-09
9.52810654581491e-09
9.50547660332275e-09
9.48278001646609e-09
9.46001743994294e-09
9.43718952689596e-09
9.41429692890773e-09
9.39134029599604e-09
9.36832027660939e-09
9.34523751762255e-09
9.32209266433217e-09
9.2988863604525e-09
9.27561924811123e-09
9.25229196784521e-09
9.22890515859602e-09
9.20545945770559e-09
9.18195550091214e-09
9.1583939223462e-09
9.13477535452672e-09
9.11110042835679e-09
9.0873697731196e-09
9.0635840164746e-09
9.03974378445386e-09
9.01584970145815e-09
8.99190239025299e-09
8.96790247196479e-09
8.94385056607731e-09
8.91974729042799e-09
8.89559326120428e-09
8.87138909294013e-09
8.84713539851248e-09
8.82283278913767e-09
8.79848187436784e-09
8.77408326208758e-09
8.74963755851069e-09
8.72514536817671e-09
8.70060729394756e-09
8.67602393700426e-09
8.65139589684387e-09
8.62672377127634e-09
8.60200815642139e-09
8.57724964670522e-09
8.55244883485734e-09
8.52760631190757e-09
8.50272266718324e-09
8.47779848830655e-09
8.45283436119161e-09
8.42783087004124e-09
8.402788597344e-09
8.37770812387153e-09
8.35259002867605e-09
8.3274348890878e-09
8.30224328071224e-09
8.27701577742715e-09
8.25175295138001e-09
8.22645537298557e-09
8.2011236109237e-09
8.17575823213686e-09
8.1503598018276e-09
8.12492888345593e-09
8.09946603873707e-09
8.07397182763915e-09
8.04844680838115e-09
8.02289153743065e-09
7.99730656950171e-09
7.9716924575525e-09
7.94604975278305e-09
7.92037900463313e-09
7.89468076078034e-09
7.86895556713824e-09
7.84320396785435e-09
7.81742650530812e-09
7.79162372010904e-09
7.76579615109476e-09
7.73994433532925e-09
7.71406880810107e-09
7.68817010292171e-09
7.66224875152385e-09
7.63630528385961e-09
7.61034022809893e-09
7.58435411062796e-09
7.55834745604736e-09
7.53232078717081e-09
7.50627462502367e-09
7.48020948884164e-09
7.45412589606924e-09
7.42802436235839e-09
7.40190540156691e-09
7.37576952575727e-09
7.34961724519549e-09
7.32344906834986e-09
7.29726550188967e-09
7.27106705068382e-09
7.24485421779958e-09
7.21862750450163e-09
7.19238741025114e-09
7.16613443270478e-09
7.13986906771364e-09
7.1135918093222e-09
7.08730314976731e-09
7.06100357947728e-09
7.03469358707106e-09
7.00837365935755e-09
6.9820442813349e-09
6.95570593618947e-09
6.92935910529496e-09
6.90300426821181e-09
6.87664190268667e-09
6.85027248465183e-09
6.82389648822447e-09
6.79751438570604e-09
6.77112664758161e-09
6.7447337425193e-09
6.71833613736994e-09
6.69193429716681e-09
6.66552868512517e-09
6.6391197626418e-09
6.61270798929465e-09
6.58629382284254e-09
6.55987771922472e-09
6.53346013256069e-09
6.50704151514998e-09
6.48062231747195e-09
6.45420298818563e-09
6.42778397412961e-09
6.40136572032195e-09
6.37494866996011e-09
6.34853326442089e-09
6.32211994326031e-09
6.29570914421353e-09
6.269301303195e-09
6.24289685429871e-09
6.21649622979836e-09
6.19009986014729e-09
6.1637081739785e-09
6.13732159810497e-09
6.11094055752017e-09
6.08456547539818e-09
6.05819677309376e-09
6.03183487014259e-09
6.00548018426189e-09
5.9791331313508e-09
5.95279412549057e-09
5.92646357894477e-09
5.90014190215989e-09
5.87382950376602e-09
5.84752679057743e-09
5.82123416759306e-09
5.79495203799708e-09
5.76868080315942e-09
5.74242086263631e-09
5.71617261417099e-09
5.68993645369438e-09
5.66371277532583e-09
5.6375019713738e-09
5.61130443233642e-09
5.5851205469023e-09
5.55895070195148e-09
5.5327952825564e-09
5.50665467198278e-09
5.48052925169037e-09
5.45441940133384e-09
5.42832549876366e-09
5.40224792002715e-09
5.37618703936954e-09
5.35014322923508e-09
5.32411686026793e-09
5.29810830131308e-09
5.27211791941752e-09
5.24614607983144e-09
5.22019314600926e-09
5.19425947961091e-09
5.16834544050299e-09
5.14245138676004e-09
5.11657767466582e-09
5.09072465871455e-09
5.06489269161222e-09
5.03908212427782e-09
5.01329330584456e-09
4.98752658366123e-09
4.96178230329362e-09
4.93606080852606e-09
4.91036244136285e-09
4.88468754202979e-09
4.85903644897559e-09
4.83340949887328e-09
4.80780702662172e-09
4.7822293653472e-09
4.75667684640496e-09
4.73114979938088e-09
4.7056485520932e-09
4.68017343059414e-09
4.65472475917152e-09
4.62930286035037e-09
4.60390805489462e-09
4.57854066180882e-09
4.55320099833998e-09
4.52788937997943e-09
4.50260612046451e-09
4.47735153178043e-09
4.4521259241621e-09
4.42692960609608e-09
4.40176288432235e-09
4.37662606383625e-09
4.35151944789048e-09
4.32644333799696e-09
4.30139803392856e-09
4.27638383372105e-09
4.25140103367527e-09
4.22644992835935e-09
4.20153081061086e-09
4.1766439715388e-09
4.15178970052559e-09
4.12696828522901e-09
4.10218001158444e-09
4.07742516380712e-09
4.0527040243944e-09
4.02801687412785e-09
4.0033639920753e-09
3.97874565559301e-09
3.95416214032787e-09
3.92961372021967e-09
3.90510066750358e-09
3.88062325271263e-09
3.85618174468006e-09
3.83177641054145e-09
3.80740751573687e-09
3.78307532401324e-09
3.75878009742698e-09
3.73452209634641e-09
3.71030157945418e-09
3.6861188037496e-09
3.66197402455107e-09
3.63786749549866e-09
3.61379946855671e-09
3.58977019401642e-09
3.56577992049829e-09
3.54182889495466e-09
3.51791736267224e-09
3.49404556727471e-09
3.47021375072529e-09
3.44642215332941e-09
3.42267101373739e-09
3.39896056894697e-09
3.37529105430595e-09
3.35166270351484e-09
3.32807574862982e-09
3.30453042006555e-09
3.28102694659778e-09
3.25756555536594e-09
3.23414647187586e-09
3.21076992000265e-09
3.18743612199353e-09
3.16414529847064e-09
3.14089766843382e-09
3.11769344926359e-09
3.09453285672396e-09
3.07141610496526e-09
3.04834340652699e-09
3.02531497234085e-09
3.0023310117337e-09
2.97939173243035e-09
2.95649734055647e-09
2.93364804064159e-09
2.91084403562221e-09
2.88808552684482e-09
2.86537271406866e-09
2.84270579546869e-09
2.82008496763863e-09
2.79751042559427e-09
2.7749823627766e-09
2.75250097105491e-09
2.73006644072975e-09
2.70767896053606e-09
2.68533871764618e-09
2.66304589767288e-09
2.64080068467242e-09
2.61860326114795e-09
2.59645380805281e-09
2.5743525047935e-09
2.55229952923272e-09
2.53029505769245e-09
2.50833926495752e-09
2.48643232427894e-09
2.46457440737718e-09
2.4427656844451e-09
2.42100632415112e-09
2.39929649364261e-09
2.37763635854932e-09
2.35602608298687e-09
2.33446582955989e-09
2.31295575936521e-09
2.29149603199512e-09
2.27008680554086e-09
2.248728236596e-09
2.22742048025995e-09
2.20616369014127e-09
2.18495801836108e-09
2.16380361555639e-09
2.14270063088342e-09
2.12164921202096e-09
2.10064950517363e-09
2.07970165507548e-09
2.05880580499361e-09
2.03796209673181e-09
2.01717067063408e-09
1.99643166558787e-09
1.97574521902737e-09
1.95511146693694e-09
1.93453054385478e-09
1.91400258287668e-09
1.89352771565962e-09
1.8731060724253e-09
1.85273778196357e-09
1.83242297163576e-09
1.8121617673781e-09
1.79195429370546e-09
1.77180067371518e-09
1.75170102909079e-09
1.73165548010555e-09
1.71166414562586e-09
1.69172714311475e-09
1.67184458863556e-09
1.65201659685573e-09
1.6322432810506e-09
1.61252475310706e-09
1.59286112352702e-09
1.57325250143089e-09
1.55369899456136e-09
1.53420070928719e-09
1.51475775060703e-09
1.49537022215311e-09
1.4760382261948e-09
1.4567618636422e-09
1.43754123404992e-09
1.41837643562096e-09
1.39926756521053e-09
1.38021471832966e-09
1.36121798914887e-09
1.3422774705019e-09
1.32339325388964e-09
1.30456542948396e-09
1.28579408613149e-09
1.26707931135732e-09
1.24842119136873e-09
1.22981981105893e-09
1.21127525401091e-09
1.19278760250126e-09
1.17435693750396e-09
1.15598333869419e-09
1.13766688445215e-09
1.11940765186695e-09
1.10120571674049e-09
1.0830611535914e-09
1.06497403565883e-09
1.0469444349062e-09
1.02897242202489e-09
1.01105806643826e-09
9.93201436305586e-10
9.75402598526113e-10
9.57661618742958e-10
9.39978561346855e-10
9.22353489479864e-10
9.04786465039249e-10
8.87277548681481e-10
8.6982679982625e-10
8.52434276660475e-10
8.35100036142166e-10
8.17824134004237e-10
8.00606624758429e-10
7.83447561699302e-10
7.66346996908121e-10
7.49304981256668e-10
7.32321564411175e-10
7.15396794836438e-10
6.98530719799919e-10
6.8172338537565e-10
6.64974836447977e-10
6.48285116715291e-10
6.31654268693977e-10
6.1508233372263e-10
5.98569351966326e-10
5.82115362420668e-10
5.65720402915582e-10
5.49384510119055e-10
5.33107719541053e-10
5.16890065537637e-10
5.00731581315001e-10
4.84632298933329e-10
4.6859224931068e-10
4.52611462227115e-10
4.36689966328903e-10
4.20827789132549e-10
4.05024957028685e-10
3.89281495285982e-10
3.73597428055182e-10
3.57972778373183e-10
3.42407568167057e-10
3.26901818257981e-10
3.11455548365263e-10
2.9606877711049e-10
2.80741522021533e-10
2.65473799536442e-10
2.50265625007453e-10
2.35117012705166e-10
2.20027975822628e-10
2.04998526479182e-10
1.90028675724282e-10
1.75118433541583e-10
1.60267808853234e-10
1.45476809524027e-10
1.30745442365301e-10
1.16073713138831e-10
1.0146162656084e-10
8.69091863061202e-11
7.24163950121588e-11
5.79832542831602e-11
4.36097646939994e-11
2.92959257942021e-11
1.50417361119743e-11
8.47193158307527e-13
-1.32877065688677e-11
-2.73629675805882e-11
-4.13785953928736e-11
-5.533459652279e-11
-6.92309784844643e-11
-8.30677497849626e-11
-9.68449199200837e-11
-1.10562499370324e-10
-1.24220499597079e-10
-1.37818933038707e-10
-1.51357813106265e-10
-1.64837154179273e-10
-1.78256971601764e-10
-1.91617281678372e-10
-2.04918101670269e-10
-2.18159449791163e-10
-2.31341345203396e-10
-2.44463808013829e-10
-2.57526859269585e-10
-2.70530520953962e-10
-2.83474815982522e-10
-2.96359768199168e-10
-3.09185402372185e-10
-3.21951744190214e-10
-3.34658820258089e-10
-3.47306658092684e-10
-3.59895286118882e-10
-3.72424733665652e-10
-3.84895030962102e-10
-3.97306209133492e-10
-4.0965830019714e-10
-4.21951337058247e-10
-4.34185353505759e-10
-4.46360384208443e-10
-4.58476464711053e-10
-4.70533631430409e-10
-4.82531921651297e-10
-4.94471373522352e-10
-5.06352026052016e-10
-5.18173919104535e-10
-5.29937093396006e-10
-5.41641590490477e-10
-5.53287452795992e-10
-5.64874723560524e-10
-5.7640344686793e-10
-5.87873667633989e-10
-5.99285431602383e-10
-6.1063878534056e-10
-6.21933776235698e-10
-6.3317045249087e-10
-6.4434886312119e-10
-6.55469057949815e-10
-6.66531087603895e-10
-6.77535003510568e-10
-6.88480857893003e-10
-6.99368703766471e-10
-7.10198594934358e-10
-7.20970585984129e-10
-7.3168473228334e-10
-7.42341089975705e-10
-7.52939715977212e-10
-7.63480667972257e-10
-7.73964004409665e-10
-7.84389784498693e-10
-7.94758068205111e-10
-8.05068916247254e-10
-8.15322390091969e-10
-8.25518551950587e-10
-8.35657464775071e-10
-8.45739192254236e-10
-8.55763798809865e-10
-8.65731349592783e-10
-8.7564191047902e-10
-8.8549554806589e-10
-8.95292329667888e-10
-9.05032323312682e-10
-9.14715597737371e-10
-9.24342222384798e-10
-9.33912267399666e-10
-9.43425803624516e-10
-9.52882902595746e-10
-9.6228363653972e-10
-9.71628078368896e-10
-9.80916301677971e-10
-9.90148380740095e-10
-9.99324390503057e-10
-1.00844440658535e-09
-1.01750850527226e-09
-1.02651676351205e-09
-1.03546925891233e-09
-1.04436606973628e-09
-1.05320727489866e-09
-1.06199295396182e-09
-1.07072318713179e-09
-1.07939805525453e-09
-1.08801763981219e-09
-1.09658202291927e-09
-1.10509128731893e-09
-1.11354551637923e-09
-1.12194479408934e-09
-1.13028920505565e-09
-1.13857883449796e-09
-1.14681376824583e-09
-1.15499409273475e-09
-1.16311989500235e-09
-1.1711912626844e-09
-1.17920828401107e-09
-1.18717104780346e-09
-1.19507964347002e-09
-1.20293416100276e-09
-1.21073469097329e-09
-1.21848132452894e-09
-1.22617415338911e-09
-1.23381326984181e-09
-1.24139876673997e-09
-1.2489307374975e-09
-1.25640927608533e-09
-1.26383447702767e-09
-1.27120643539863e-09
-1.27852524681876e-09
-1.2857910074513e-09
-1.29300381399833e-09
-1.30016376369706e-09
-1.30727095431633e-09
-1.31432548415299e-09
-1.32132745202802e-09
-1.32827695728272e-09
-1.33517409977513e-09
-1.34201897987662e-09
-1.34881169846852e-09
-1.35555235693838e-09
-1.36224105717624e-09
-1.36887790157086e-09
-1.37546299300601e-09
-1.38199643485687e-09
-1.3884783309867e-09
-1.3949087857435e-09
-1.40128790395636e-09
-1.40761579093158e-09
-1.41389255244897e-09
-1.42011829475832e-09
-1.42629312457593e-09
-1.43241714908129e-09
-1.43849047591347e-09
-1.44451321316753e-09
-1.45048546939089e-09
-1.45640735357981e-09
-1.46227897517599e-09
-1.46810044406308e-09
-1.47387187056309e-09
-1.47959336543287e-09
-1.48526503986061e-09
-1.49088700546241e-09
-1.49645937427869e-09
-1.50198225877082e-09
-1.50745577181769e-09
-1.51288002671232e-09
-1.51825513715835e-09
-1.52358121726657e-09
-1.52885838155165e-09
-1.53408674492877e-09
-1.53926642271002e-09
-1.54439753060091e-09
-1.54948018469696e-09
-1.55451450148037e-09
-1.55950059781665e-09
-1.56443859095116e-09
-1.56932859850575e-09
-1.57417073847537e-09
-1.57896512922465e-09
-1.58371188948455e-09
-1.58841113834915e-09
-1.59306299527234e-09
-1.59766758006462e-09
-1.60222501288961e-09
-1.60673541426055e-09
-1.61119890503692e-09
-1.61561560642124e-09
-1.61998563995588e-09
-1.62430912751979e-09
-1.62858619132512e-09
-1.63281695391395e-09
-1.63700153815504e-09
-1.64114006724067e-09
-1.64523266468334e-09
-1.64927945431247e-09
-1.65328056027106e-09
-1.65723610701244e-09
-1.66114621929714e-09
-1.6650110221899e-09
-1.66883064105644e-09
-1.67260520156014e-09
-1.67633482965867e-09
-1.68001965160079e-09
-1.68365979392339e-09
-1.68725538344842e-09
-1.69080654727961e-09
-1.69431341279915e-09
-1.69777610766456e-09
-1.70119475980569e-09
-1.70456949742165e-09
-1.7079004489776e-09
-1.71118774320159e-09
-1.71443150908146e-09
-1.71763187586174e-09
-1.72078897304048e-09
-1.72390293036618e-09
-1.72697387783483e-09
-1.73000194568683e-09
-1.73298726440391e-09
-1.73592996470618e-09
-1.73883017754916e-09
-1.74168803412064e-09
-1.74450366583738e-09
-1.74727720434195e-09
-1.75000878149989e-09
-1.75269852939699e-09
-1.75534658033637e-09
-1.75795306683534e-09
-1.76051812162234e-09
-1.76304187763392e-09
-1.76552446801174e-09
-1.76796602609976e-09
-1.77036668544129e-09
-1.77272657977602e-09
-1.77504584303706e-09
-1.77732460934796e-09
-1.77956301301993e-09
-1.78176118854894e-09
-1.78391927061277e-09
-1.78603739406809e-09
-1.7881156939475e-09
-1.7901543054566e-09
-1.79215336397128e-09
-1.7941130050351e-09
-1.7960333643563e-09
-1.79791457780472e-09
-1.79975678140898e-09
-1.80156011135381e-09
-1.80332470397726e-09
-1.80505069576772e-09
-1.80673822336114e-09
-1.8083874235382e-09
-1.80999843322153e-09
-1.81157138947317e-09
-1.81310642949191e-09
-1.81460369061053e-09
-1.81606331029274e-09
-1.81748542613035e-09
-1.81887017584054e-09
-1.82021769726332e-09
-1.82152812835889e-09
-1.82280160720499e-09
-1.82403827199407e-09
-1.8252382610304e-09
-1.82640171272738e-09
-1.82752876560497e-09
-1.82861955828715e-09
-1.82967422949942e-09
-1.83069291806616e-09
-1.83167576290788e-09
-1.83262290303836e-09
-1.83353447756189e-09
-1.83441062567078e-09
-1.83525148664282e-09
-1.8360571998387e-09
-1.83682790469938e-09
-1.83756374074369e-09
-1.83826484756596e-09
-1.83893136483334e-09
-1.83956343228312e-09
-1.84016118971996e-09
-1.84072477701344e-09
-1.84125433409562e-09
-1.84175000095855e-09
-1.84221191765173e-09
-1.84264022427971e-09
-1.84303506099958e-09
-1.8433965680184e-09
-1.84372488559048e-09
-1.84402015401494e-09
-1.84428251363339e-09
-1.8445121048276e-09
-1.84470906801709e-09
-1.84487354365671e-09
-1.84500567223405e-09
-1.84510559426689e-09
-1.84517345030086e-09
-1.8452093809072e-09
-1.84521352668044e-09
-1.84518602823589e-09
-1.84512702620712e-09
-1.84503666124363e-09
-1.84491507400865e-09
-1.84476240517683e-09
-1.84457879543188e-09
-1.84436438546412e-09
-1.84411931596801e-09
-1.84384372763996e-09
-1.8435377611762e-09
-1.84320155727045e-09
-1.84283525661134e-09
-1.84243899988006e-09
-1.84201292774831e-09
-1.84155718087621e-09
-1.84107189991014e-09
-1.84055722548027e-09
-1.84001329819814e-09
-1.83944025865451e-09
-1.83883824741717e-09
-1.83820740502878e-09
-1.8375478720046e-09
-1.83685978883032e-09
-1.83614329595997e-09
-1.83539853381373e-09
-1.83462564277573e-09
-1.83382476319185e-09
-1.83299603536739e-09
-1.83213959956496e-09
-1.83125559600255e-09
-1.83034416485154e-09
-1.82940544623457e-09
-1.82843958022335e-09
-1.82744670683631e-09
-1.82642696603633e-09
-1.82538049772878e-09
-1.82430744175972e-09
-1.82320793791393e-09
-1.82208212591274e-09
-1.82093014541183e-09
-1.8197521359992e-09
-1.81854823719316e-09
-1.8173185884403e-09
-1.81606332911348e-09
-1.81478259850983e-09
-1.8134765358488e-09
-1.8121452802702e-09
-1.81078897083224e-09
-1.80940774650939e-09
-1.80800174619033e-09
-1.80657110867592e-09
-1.8051159726774e-09
-1.80363647681463e-09
-1.80213275961407e-09
-1.80060495950689e-09
-1.799053214827e-09
-1.79747766380913e-09
-1.79587844458689e-09
-1.79425569519086e-09
-1.7926095535467e-09
-1.7909401574733e-09
-1.78924764468108e-09
-1.78753215277013e-09
-1.78579381922831e-09
-1.78403278142932e-09
-1.78224917663084e-09
-1.78044314197273e-09
-1.7786148144751e-09
-1.77676433103659e-09
-1.77489182843263e-09
-1.77299744331377e-09
-1.77108131220375e-09
-1.76914357149767e-09
-1.76718435746022e-09
-1.76520380622404e-09
-1.76320205378799e-09
-1.76117923601535e-09
-1.75913548863218e-09
-1.75707094722563e-09
-1.75498574724195e-09
-1.75288002398467e-09
-1.75075391261301e-09
-1.74860754814042e-09
-1.74644106543291e-09
-1.74425459920715e-09
-1.74204828402866e-09
-1.73982225431037e-09
-1.73757664431125e-09
-1.7353115881346e-09
-1.73302721972612e-09
-1.7307236728722e-09
-1.72840108119838e-09
-1.72605957816785e-09
-1.72369929707989e-09
-1.7213203710682e-09
-1.71892293309928e-09
-1.71650711597085e-09
-1.71407305231036e-09
-1.71162087457339e-09
-1.70915071504209e-09
-1.70666270582355e-09
-1.7041569788484e-09
-1.7016336658692e-09
-1.69909289845888e-09
-1.69653480800916e-09
-1.69395952572927e-09
-1.69136718264448e-09
-1.6887579095945e-09
-1.6861318372318e-09
-1.68348909602033e-09
-1.68082981623416e-09
-1.67815412795594e-09
-1.67546216107513e-09
-1.67275404528665e-09
-1.6700299100897e-09
-1.66728988478659e-09
-1.66453409848105e-09
-1.6617626800766e-09
-1.6589757582751e-09
-1.65617346157551e-09
-1.65335591827262e-09
-1.65052325645569e-09
-1.64767560400696e-09
-1.64481308860019e-09
-1.64193583769941e-09
-1.63904397855763e-09
-1.6361376382154e-09
-1.63321694349936e-09
-1.63028202102102e-09
-1.62733299717559e-09
-1.62436999814053e-09
-1.6213931498741e-09
-1.61840257811417e-09
-1.61539840837718e-09
-1.61238076595686e-09
-1.60934977592278e-09
-1.60630556311879e-09
-1.60324825216189e-09
-1.6001779674412e-09
-1.59709483311682e-09
-1.59399897311846e-09
-1.59089051114411e-09
-1.58776957065869e-09
-1.58463627489288e-09
-1.581490746842e-09
-1.57833310926495e-09
-1.57516348468307e-09
-1.57198199537884e-09
-1.5687887633946e-09
-1.56558391053129e-09
-1.56236755834737e-09
-1.5591398281579e-09
-1.55590084103332e-09
-1.55265071779819e-09
-1.54938957902992e-09
-1.54611754505764e-09
-1.54283473596128e-09
-1.53954127157049e-09
-1.53623727146343e-09
-1.53292285496573e-09
-1.52959814114949e-09
-1.52626324883222e-09
-1.52291829657554e-09
-1.51956340268408e-09
-1.51619868520441e-09
-1.51282426192413e-09
-1.50944025037089e-09
-1.50604676781125e-09
-1.50264393124965e-09
-1.49923185742741e-09
-1.49581066282177e-09
-1.49238046364471e-09
-1.48894137584175e-09
-1.48549351509126e-09
-1.48203699680373e-09
-1.47857193612074e-09
-1.47509844791368e-09
-1.47161664678261e-09
-1.46812664705542e-09
-1.46462856278701e-09
-1.46112250775843e-09
-1.45760859547575e-09
-1.45408693916915e-09
-1.45055765179218e-09
-1.44702084602089e-09
-1.44347663425289e-09
-1.43992512860622e-09
-1.43636644091841e-09
-1.43280068274555e-09
-1.42922796536144e-09
-1.42564839975672e-09
-1.42206209663822e-09
-1.41846916642815e-09
-1.4148697192632e-09
-1.41126386499335e-09
-1.40765171318105e-09
-1.40403337310051e-09
-1.400408953737e-09
-1.396778563786e-09
-1.39314231165225e-09
-1.38950030544901e-09
-1.3858526529972e-09
-1.38219946182461e-09
-1.37854083916498e-09
-1.37487689195731e-09
-1.37120772684511e-09
-1.36753345017564e-09
-1.36385416799912e-09
-1.36016998606805e-09
-1.35648100983652e-09
-1.35278734445932e-09
-1.34908909479112e-09
-1.34538636538574e-09
-1.34167926049544e-09
-1.33796788407017e-09
-1.33425233975704e-09
-1.33053273089962e-09
-1.32680916053719e-09
-1.32308173140392e-09
-1.31935054592826e-09
-1.31561570623217e-09
-1.31187731413053e-09
-1.30813547113039e-09
-1.30439027843028e-09
-1.30064183691959e-09
-1.29689024717798e-09
-1.29313560947469e-09
-1.28937802376792e-09
-1.28561758970406e-09
-1.28185440661718e-09
-1.27808857352844e-09
-1.27432018914544e-09
-1.27054935186148e-09
-1.26677615975499e-09
-1.26300071058906e-09
-1.25922310181089e-09
-1.25544343055107e-09
-1.25166179362278e-09
-1.24787828752131e-09
-1.24409300842358e-09
-1.24030605218774e-09
-1.23651751435251e-09
-1.23272749013668e-09
-1.22893607443855e-09
-1.22514336183534e-09
-1.22134944658251e-09
-1.21755442261316e-09
-1.21375838353774e-09
-1.20996142264362e-09
-1.20616363289461e-09
-1.20236510693034e-09
-1.19856593706569e-09
-1.19476621529035e-09
-1.19096603326819e-09
-1.18716548233672e-09
-1.18336465350682e-09
-1.17956363746235e-09
-1.17576252455963e-09
-1.1719614048268e-09
-1.16816036796333e-09
-1.16435950333979e-09
-1.16055889999748e-09
-1.156758646648e-09
-1.15295883167263e-09
-1.14915954312181e-09
-1.14536086871469e-09
-1.14156289583884e-09
-1.13776571154996e-09
-1.13396940257146e-09
-1.13017405529399e-09
-1.12637975577502e-09
-1.12258658973845e-09
-1.11879464257414e-09
-1.1150039993375e-09
-1.11121474474912e-09
-1.10742696319452e-09
-1.10364073872385e-09
-1.09985615505152e-09
-1.09607329555578e-09
-1.09229224327852e-09
-1.08851308092496e-09
-1.08473589086311e-09
-1.08096075512323e-09
-1.07718775539756e-09
-1.07341697304018e-09
-1.06964848906676e-09
-1.06588238415417e-09
-1.06211873864028e-09
-1.05835763252362e-09
-1.05459914546297e-09
-1.05084335677701e-09
-1.04709034544406e-09
-1.04334019010182e-09
-1.03959296904709e-09
-1.03584876023563e-09
-1.03210764128187e-09
-1.02836968945848e-09
-1.02463498169612e-09
-1.02090359458332e-09
-1.01717560436627e-09
-1.01345108694852e-09
-1.00973011789068e-09
-1.00601277241022e-09
-1.00229912538122e-09
-9.98589251334216e-10
-9.94883224455937e-10
-9.91181118589138e-10
-9.87483007232306e-10
-9.83788963539491e-10
-9.80099060320216e-10
-9.76413370039267e-10
-9.7273196481634e-10
-9.69054916425767e-10
-9.6538229629645e-10
-9.61714175511859e-10
-9.58050624809901e-10
-9.54391714582622e-10
-9.50737514875902e-10
-9.47088095389221e-10
-9.43443525475507e-10
-9.39803874141101e-10
-9.36169210045825e-10
-9.32539601502895e-10
-9.28915116478593e-10
-9.25295822591948e-10
-9.21681787114678e-10
-9.18073076971211e-10
-9.14469758738606e-10
-9.10871898646337e-10
-9.07279562576083e-10
-9.03692816061638e-10
-9.001117242889e-10
-8.96536352095763e-10
-8.92966763972018e-10
-8.89403024059379e-10
-8.85845196151517e-10
-8.82293343693959e-10
-8.78747529783911e-10
-8.75207817170083e-10
-8.71674268252544e-10
-8.68146945082651e-10
-8.64625909363067e-10
-8.61111222447754e-10
-8.57602945341895e-10
-8.54101138701867e-10
-8.50605862835292e-10
-8.47117177700988e-10
-8.43635142908831e-10
-8.40159817719646e-10
-8.36691261045197e-10
-8.33229531448238e-10
-8.29774687142528e-10
-8.26326785992782e-10
-8.22885885514624e-10
-8.19452042874579e-10
-8.1602531489004e-10
-8.12605758029229e-10
-8.09193428411266e-10
-8.05788381806319e-10
-8.0239067363564e-10
-7.99000358971404e-10
-7.95617492536603e-10
-7.92242128705198e-10
-7.88874321502399e-10
-7.85514124604762e-10
-7.8216159134004e-10
-7.78816774687035e-10
-7.75479727275687e-10
-7.72150501387252e-10
-7.68829148954344e-10
-7.65515721560917e-10
-7.62210270442237e-10
-7.58912846484826e-10
-7.55623500226604e-10
-7.52342281857181e-10
-7.49069241218004e-10
-7.45804427802342e-10
-7.42547890755328e-10
-7.39299678874064e-10
-7.36059840607752e-10
-7.32828424057795e-10
-7.29605476977816e-10
-7.26391046773655e-10
-7.23185180503478e-10
-7.19987924877926e-10
-7.16799326260232e-10
-7.1361943066632e-10
-7.10448283764947e-10
-7.0728593087783e-10
-7.04132416979706e-10
-7.00987786698439e-10
-6.97852084315232e-10
-6.94725353764833e-10
-6.91607638635663e-10
-6.88498982169935e-10
-6.85399427263786e-10
-6.82309016467352e-10
-6.79227791984814e-10
-6.76155795674578e-10
-6.73093069049587e-10
-6.70039653277595e-10
-6.66995589181235e-10
-6.63960917238028e-10
-6.60935677580534e-10
-6.5791990999657e-10
-6.54913653929457e-10
-6.51916948478236e-10
-6.48929832397786e-10
-6.45952344098953e-10
-6.42984521648796e-10
-6.40026402770864e-10
-6.37078024845356e-10
-6.34139424909228e-10
-6.3121063965632e-10
-6.28291705437666e-10
-6.25382658261879e-10
-6.22483533795344e-10
-6.1959436736228e-10
-6.16715193944908e-10
-6.13846048183701e-10
-6.10986964377561e-10
-6.08137976484016e-10
-6.05299118119544e-10
-6.02470422559932e-10
-5.99651922740494e-10
-5.9684365125614e-10
-5.94045640361462e-10
-5.91257921970983e-10
-5.88480527659561e-10
-5.85713488662755e-10
-5.82956835877052e-10
-5.80210599860079e-10
-5.77474810830891e-10
-5.74749498670159e-10
-5.72034692920294e-10
-5.69330422785752e-10
-5.66636717133434e-10
-5.63953604492874e-10
-5.61281113056357e-10
-5.58619270679266e-10
-5.55968104880564e-10
-5.53327642843185e-10
-5.50697911414314e-10
-5.48078937105532e-10
-5.45470746092981e-10
-5.42873364217662e-10
-5.40286816985862e-10
-5.37711129569473e-10
-5.35146326806121e-10
-5.32592433199286e-10
-5.30049472918694e-10
-5.27517469800873e-10
-5.24996447349604e-10
-5.22486428736146e-10
-5.19987436799399e-10
-5.17499494046168e-10
-5.15022622651453e-10
-5.12556844458677e-10
-5.1010218098006e-10
-5.07658653397185e-10
-5.05226282561463e-10
-5.02805088994286e-10
-5.00395092887102e-10
-4.97996314101717e-10
-4.95608772170749e-10
-4.93232486298138e-10
-4.9086747535963e-10
-4.88513757903171e-10
-4.86171352149116e-10
-4.83840275990401e-10
-4.81520546992874e-10
-4.79212182395685e-10
-4.76915199111653e-10
-4.74629613727653e-10
-4.72355442505089e-10
-4.70092701380317e-10
-4.67841405964965e-10
-4.65601571546205e-10
-4.63373213087046e-10
-4.61156345226668e-10
-4.58950982280879e-10
-4.56757138242578e-10
-4.54574826782061e-10
-4.52404061247259e-10
-4.50244854664133e-10
-4.48097219737263e-10
-4.45961168850432e-10
-4.4383671406699e-10
-4.41723867130037e-10
-4.39622639462632e-10
-4.37533042168229e-10
-4.35455086031258e-10
-4.33388781517534e-10
-4.31334138774527e-10
-4.29291167631805e-10
-4.27259877601654e-10
-4.25240277879571e-10
-4.23232377344507e-10
-4.21236184559044e-10
-4.19251707769839e-10
-4.17278954908238e-10
-4.15317933590741e-10
-4.13368651119385e-10
-4.11431114482174e-10
-4.09505330353493e-10
-4.07591305094503e-10
-4.05689044753597e-10
-4.03798555066849e-10
-4.01919841458438e-10
-4.00052909041094e-10
-3.9819776261655e-10
-3.96354406675918e-10
-3.9452284540002e-10
-3.92703082659841e-10
-3.90895122017074e-10
-3.89098966724578e-10
-3.87314619726806e-10
-3.85542083660316e-10
-3.83781360854263e-10
-3.82032453330751e-10
-3.80295362805141e-10
-3.78570090686564e-10
-3.76856638078603e-10
-3.7515500577985e-10
-3.73465194284225e-10
-3.71787203781283e-10
-3.7012103415673e-10
-3.68466684993021e-10
-3.66824155569813e-10
-3.65193444864342e-10
-3.63574551551956e-10
-3.6196747400673e-10
-3.60372210301818e-10
-3.58788758209672e-10
-3.57217115202573e-10
-3.55657278453485e-10
-3.54109244836765e-10
-3.52573010928485e-10
-3.51048573006647e-10
-3.49535927051563e-10
-3.48035068746419e-10
-3.4654599347784e-10
-3.45068696336404e-10
-3.43603172117142e-10
-3.4214941532011e-10
-3.40707420150946e-10
-3.39277180521323e-10
-3.37858690049351e-10
-3.36451942060057e-10
-3.35056929585863e-10
-3.33673645367191e-10
-3.3230208185318e-10
-3.30942231202221e-10
-3.29594085282277e-10
-3.2825763567123e-10
-3.26932873657441e-10
-3.25619790240412e-10
-3.24318376131345e-10
-3.23028621753581e-10
-3.21750517243096e-10
-3.20484052449082e-10
-3.19229216934523e-10
-3.17985999976701e-10
-3.16754390567607e-10
-3.15534377414424e-10
-3.14325948940207e-10
-3.1312909328453e-10
-3.11943798303927e-10
-3.1077005157233e-10
-3.09607840381689e-10
-3.08457151742608e-10
-3.07317972384823e-10
-3.06190288757617e-10
-3.05074087030381e-10
-3.03969353093283e-10
-3.02876072557835e-10
-3.01794230757433e-10
-3.00723812747987e-10
-2.99664803308501e-10
-2.98617186941485e-10
-2.97580947873406e-10
-2.96556070055314e-10
-2.95542537163538e-10
-2.94540332600274e-10
-2.93549439494029e-10
-2.92569840700136e-10
-2.91601518801373e-10
-2.90644456108561e-10
-2.89698634661139e-10
-2.88764036227705e-10
-2.87840642306555e-10
-2.86928434126271e-10
-2.86027392646367e-10
-2.85137498557821e-10
-2.84258732283582e-10
-2.83391073979105e-10
-2.82534503532926e-10
-2.81689000567296e-10
-2.80854544438907e-10
-2.80031114239497e-10
-2.79218688796319e-10
-2.78417246672689e-10
-2.77626766168669e-10
-2.76847225321687e-10
-2.76078601907085e-10
-2.75320873438707e-10
-2.74574017169511e-10
-2.73838010092081e-10
-2.73112828939114e-10
-2.72398450184092e-10
-2.71694850042028e-10
-2.71002004470082e-10
-2.7031988916806e-10
-2.69648479578944e-10
-2.6898775088956e-10
-2.68337678031235e-10
-2.67698235680352e-10
-2.67069398258914e-10
-2.66451139935183e-10
-2.65843434624438e-10
-2.65246255989628e-10
-2.64659577441817e-10
-2.6408337214064e-10
-2.63517612995031e-10
-2.62962272664028e-10
-2.6241732355734e-10
-2.61882737835785e-10
-2.61358487411914e-10
-2.60844543950841e-10
-2.60340878870901e-10
-2.59847463344098e-10
-2.59364268296575e-10
-2.5889126440931e-10
-2.58428422118967e-10
-2.57975711618642e-10
-2.575331028585e-10
-2.57100565546294e-10
-2.566780691478e-10
-2.56265582887369e-10
-2.55863075748773e-10
-2.55470516476034e-10
-2.55087873573927e-10
-2.54715115308378e-10
-2.54352209707107e-10
-2.53999124560439e-10
-2.53655827422074e-10
-2.53322285609719e-10
-2.52998466205666e-10
-2.5268433605741e-10
-2.52379861778262e-10
-2.52085009747944e-10
-2.5179974611324e-10
-2.5152403678872e-10
-2.5125784745752e-10
-2.51001143572066e-10
-2.50753890354636e-10
-2.50516052797889e-10
-2.50287595665494e-10
-2.50068483492765e-10
-2.49858680587308e-10
-2.49658151029801e-10
-2.49466858674787e-10
-2.49284767151293e-10
-2.49111839863335e-10
-2.4894803999053e-10
-2.48793330488836e-10
-2.48647674091325e-10
-2.48511033308932e-10
-2.48383370431136e-10
-2.48264647526528e-10
-2.48154826443373e-10
-2.48053868810267e-10
-2.47961736036865e-10
-2.47878389314619e-10
-2.47803789617524e-10
-2.47737897702825e-10
-2.47680674111677e-10
-2.47632079169776e-10
-2.47592072987989e-10
-2.47560615463059e-10
-2.47537666278393e-10
-2.47523184904756e-10
-2.47517130600795e-10
-2.4751946241366e-10
-2.4753013917975e-10
-2.47549119525449e-10
-2.47576361867997e-10
-2.47611824416493e-10
-2.47655465172549e-10
-2.47707241930457e-10
-2.47767112277517e-10
-2.47835033594981e-10
-2.47910963059225e-10
-2.47994857642529e-10
-2.48086674113507e-10
-2.48186369037666e-10
-2.48293898778193e-10
-2.48409219496709e-10
-2.48532287153932e-10
-2.48663057510445e-10
-2.48801486127618e-10
-2.48947528368349e-10
-2.49101139397569e-10
-2.49262274182813e-10
-2.49430887494992e-10
-2.49606933909232e-10
-2.49790367805632e-10
-2.49981143369893e-10
-2.50179214593923e-10
-2.50384535276569e-10
-2.50597059024486e-10
-2.50816739252957e-10
-2.51043529186591e-10
-2.51277381859963e-10
-2.51518250118246e-10
-2.51766086617871e-10
-2.52020843827393e-10
-2.52282474028467e-10
-2.52550929316498e-10
-2.52826161601077e-10
-2.53108122606708e-10
-2.5339676387374e-10
-2.53692036759181e-10
-2.53993892437369e-10
-2.54302281900724e-10
-2.5461715596053e-10
-2.5493846524759e-10
-2.55266160212849e-10
-2.55600191128193e-10
-2.55940508087269e-10
-2.56287061006204e-10
-2.5663979962433e-10
-2.56998673505025e-10
-2.57363632036558e-10
-2.57734624432779e-10
-2.58111599733734e-10
-2.58494506806337e-10
-2.58883294345167e-10
-2.59277910873383e-10
-2.59678304743587e-10
-2.60084424138496e-10
-2.60496217071564e-10
-2.60913631387755e-10
-2.61336614764432e-10
-2.61765114712156e-10
-2.62199078575388e-10
-2.62638453533186e-10
-2.63083186600027e-10
-2.63533224626681e-10
-2.63988514300939e-10
-2.64449002148216e-10
-2.64914634532244e-10
-2.6538535765596e-10
-2.6586111756251e-10
-2.66341860136062e-10
-2.66827531102376e-10
-2.67318076029451e-10
-2.67813440328404e-10
-2.68313569254354e-10
-2.68818407907157e-10
-2.69327901232163e-10
-2.69841994021063e-10
-2.70360630912742e-10
-2.70883756394068e-10
-2.71411314800621e-10
-2.71943250317456e-10
-2.72479506979909e-10
-2.73020028674389e-10
-2.73564759139177e-10
-2.74113641965246e-10
-2.74666620597026e-10
-2.7522363833312e-10
-2.75784638327132e-10
-2.76349563588583e-10
-2.76918356983722e-10
-2.77490961236283e-10
-2.78067318928279e-10
-2.78647372500772e-10
-2.79231064254613e-10
-2.79818336351264e-10
-2.80409130813683e-10
-2.81003389527189e-10
-2.81601054240342e-10
-2.82202066565842e-10
-2.82806367981368e-10
-2.834138998303e-10
-2.84024603322391e-10
-2.84638419534481e-10
-2.85255289411301e-10
-2.85875153766426e-10
-2.86497953283242e-10
-2.87123628515797e-10
-2.87752119889537e-10
-2.88383367702054e-10
-2.89017312123889e-10
-2.8965389319936e-10
-2.90293050847444e-10
-2.90934724862739e-10
-2.91578854916352e-10
-2.92225380556677e-10
-2.92874241210125e-10
-2.93525376181906e-10
-2.9417872465696e-10
-2.94834225700918e-10
-2.95491818260972e-10
-2.96151441166644e-10
-2.9681303313057e-10
-2.97476532749395e-10
-2.98141878504656e-10
-2.98809008763457e-10
-2.99477861779107e-10
-3.00148375692068e-10
-3.00820488531107e-10
-3.01494138214296e-10
-3.02169262549757e-10
-3.0284579923638e-10
-3.03523685864617e-10
-3.04202859917438e-10
-3.04883258771287e-10
-3.0556481969695e-10
-3.06247479860409e-10
-3.0693117632371e-10
-3.07615846045767e-10
-3.08301425883176e-10
-3.08987852591084e-10
-3.09675062824114e-10
-3.10362993137329e-10
-3.11051579987136e-10
-3.1174075973208e-10
-3.12430468633598e-10
-3.13120642856834e-10
-3.13811218471576e-10
-3.14502131453277e-10
-3.15193317684087e-10
-3.15884712953786e-10
-3.16576252960542e-10
-3.17267873311628e-10
-3.17959509524291e-10
-3.18651097026797e-10
-3.19342571159475e-10
-3.20033867175577e-10
-3.2072492024197e-10
-3.21415665439859e-10
-3.22106037765758e-10
-3.22795972132619e-10
-3.23485403370873e-10
-3.24174266229285e-10
-3.24862495375756e-10
-3.25550025398182e-10
-3.26236790805389e-10
-3.26922726028048e-10
-3.27607765419553e-10
-3.28291843256924e-10
-3.28974893741752e-10
-3.29656851001112e-10
-3.30337649088483e-10
-3.31017221984719e-10
-3.3169550359902e-10
-3.32372427769801e-10
-3.33047928265566e-10
-3.33721938785906e-10
-3.343943929625e-10
-3.35065224359987e-10
-3.35734366476791e-10
-3.36401752746011e-10
-3.37067316536421e-10
-3.3773099115354e-10
-3.38392709840597e-10
-3.39052405779345e-10
-3.39710012090867e-10
-3.40365461836594e-10
-3.41018688019446e-10
-3.41669623584822e-10
-3.42318201421373e-10
-3.42964354361837e-10
-3.43608015184061e-10
-3.44249116612039e-10
-3.44887591316835e-10
-3.45523371917431e-10
-3.46156390981653e-10
-3.46786581027238e-10
-3.47413874522916e-10
-3.48038203889429e-10
-3.48659501500471e-10
-3.49277699683535e-10
-3.49892730720725e-10
-3.50504526849697e-10
-3.51113020264758e-10
-3.51718143117983e-10
-3.52319827520237e-10
-3.52918005542118e-10
-3.53512609214865e-10
-3.54103570531205e-10
-3.54690821446276e-10
-3.55274293878694e-10
-3.55853919711583e-10
-3.56429630793539e-10
-3.57001358939611e-10
-3.5756903593233e-10
-3.58132593522764e-10
-3.58691963431546e-10
-3.59247077349849e-10
-3.59797866940365e-10
-3.60344263838294e-10
-3.60886199652286e-10
-3.61423605965394e-10
-3.61956414336107e-10
-3.62484556299428e-10
-3.63007963367927e-10
-3.6352656703274e-10
-3.64040298764514e-10
-3.64549090014323e-10
-3.6505287221463e-10
-3.65551576780348e-10
-3.66045135109898e-10
-3.66533478586192e-10
-3.67016538577658e-10
-3.67494246439451e-10
-3.67966533514563e-10
-3.68433331134668e-10
-3.68894570620933e-10
-3.69350183285053e-10
-3.69800100430397e-10
-3.70244253353174e-10
-3.70682573343583e-10
-3.71114991686791e-10
-3.71541439663722e-10
-3.71961848551986e-10
-3.72376149627104e-10
-3.72784274163737e-10
-3.73186153436558e-10
-3.73581718721053e-10
-3.73970901294736e-10
-3.7435363243858e-10
-3.7472984343808e-10
-3.75099465583997e-10
-3.7546243017319e-10
-3.75818668509698e-10
-3.76168111905976e-10
-3.76510691684046e-10
-3.76846339176515e-10
-3.77174985727646e-10
-3.77496562694502e-10
-3.77811001448031e-10
-3.78118233374032e-10
-3.78418189874036e-10
-3.78710802366305e-10
-3.78996002287082e-10
-3.79273721091864e-10
-3.79543890256424e-10
-3.79806441277725e-10
-3.80061305674989e-10
-3.80308414990858e-10
-3.80547700792432e-10
-3.80779094672279e-10
-3.81002528249645e-10
-3.81217933171682e-10
-3.81425241114526e-10
-3.81624383784302e-10
-3.81815292918163e-10
-3.81997900285352e-10
-3.82172137688237e-10
-3.82337936963457e-10
-3.82495229983196e-10
-3.82643948656377e-10
-3.82784024929639e-10
-3.82915390788249e-10
-3.83037978257162e-10
-3.83151719402239e-10
-3.83256546331435e-10
-3.83352391195892e-10
-3.83439186191011e-10
-3.83516863557617e-10
-3.83585355583133e-10
-3.83644594602688e-10
-3.83694513000126e-10
-3.83735043209021e-10
-3.83766117713869e-10
-3.83787669051406e-10
-3.83799629811879e-10
-3.83801932640136e-10
-3.83794510236524e-10
-3.83777295357872e-10
-3.8375022081875e-10
-3.83713219492765e-10
-3.8366622431363e-10
-3.83609168276154e-10
-3.83541984437403e-10
-3.83464605918048e-10
-3.83376965903642e-10
-3.83278997645705e-10
-3.83170634462738e-10
-3.83051809741326e-10
-3.82922456937325e-10
-3.82782509577022e-10
-3.82631901258299e-10
-3.82470565651826e-10
-3.82298436502171e-10
-3.8211544762877e-10
-3.81921532926978e-10
-3.81716626369507e-10
-3.81500662008007e-10
-3.81273573974255e-10
-3.8103529648093e-10
-3.80785763822566e-10
-3.80524910376897e-10
-3.80252670606186e-10
-3.79968979058399e-10
-3.79673770368354e-10
-3.79366979258841e-10
-3.79048540541674e-10
-3.78718389118852e-10
-3.78376459983911e-10
-3.78022688223231e-10
-3.7765700901716e-10
-3.77279357641062e-10
-3.76889669466472e-10
-3.76487879962414e-10
-3.76073924696768e-10
-3.75647739337481e-10
-3.75209259653625e-10
-3.74758421516495e-10
-3.74295160900852e-10
-3.73819413886267e-10
-3.73331116658371e-10
-3.72830205509877e-10
-3.72316616841668e-10
-3.71790287164141e-10
-3.71251153098575e-10
-3.70699151378269e-10
-3.70134218849605e-10
-3.6955629247318e-10
-3.68965309325088e-10
-3.68361206598316e-10
-3.67743921604059e-10
-3.67113391772921e-10
-3.66469554656116e-10
-3.65812347926735e-10
-3.65141709380953e-10
-3.64457576939159e-10
-3.63759888647131e-10
-3.63048582677279e-10
-3.62323597329853e-10
-3.61584871034126e-10
-3.60832342349702e-10
-3.60065949968e-10
-3.59285632713661e-10
-3.58491329545718e-10
-3.57682979558541e-10
-3.56860521982834e-10
-3.56023896186957e-10
-3.55173041678479e-10
-3.54307898105575e-10
-3.53428405258163e-10
-3.52534503069034e-10
-3.51626131615099e-10
-3.50703231118677e-10
-3.49765741948763e-10
-3.48813604622373e-10
-3.47846759805873e-10
-3.4686514831619e-10
-3.45868711121917e-10
-3.44857389344498e-10
-3.43831124259624e-10
-3.42789857298695e-10
-3.41733530050138e-10
-3.40662084260656e-10
-3.39575461836464e-10
-3.38473604844504e-10
-3.3735645551367e-10
-3.36223956236044e-10
-3.35076049568163e-10
-3.33912678232308e-10
-3.32733785117841e-10
-3.31539313282582e-10
-3.30329205954153e-10
-3.29103406531239e-10
-3.27861858584827e-10
-3.26604505859448e-10
-3.25331292274474e-10
-3.24042161925439e-10
-3.22737059085387e-10
-3.21415928206235e-10
-3.20078713920112e-10
-3.18725361040553e-10
-3.17355814563605e-10
-3.15970019669136e-10
-3.145679217223e-10
-3.13149466274937e-10
-3.11714599066867e-10
-3.10263266027212e-10
-3.08795413275651e-10
-3.07310987123566e-10
-3.05809934075405e-10
-3.04292200830286e-10
-3.02757734283379e-10
-3.01206481526961e-10
-2.99638389851595e-10
-2.9805340674762e-10
-2.96451479906611e-10
-2.94832557222569e-10
-2.93196586793077e-10
-2.91543516920717e-10
-2.8987329611451e-10
-2.88185873091199e-10
-2.86481196776515e-10
-2.84759216306592e-10
-2.83019881029455e-10
-2.81263140506381e-10
-2.79488944513055e-10
-2.77697243040786e-10
-2.75887986297869e-10
-2.74061124710991e-10
-2.72216608926642e-10
-2.70354389812518e-10
-2.68474418458865e-10
-2.6657664617975e-10
-2.64661024514313e-10
-2.62727505228053e-10
-2.60776040314243e-10
-2.588065819954e-10
-2.56819082724664e-10
-2.54813495187049e-10
-2.52789772300749e-10
-2.50747867218599e-10
-2.48687733329519e-10
-2.46609324259805e-10
-2.44512593874424e-10
-2.4239749627845e-10
-2.40263985818486e-10
-2.38112017084036e-10
-2.35941544908855e-10
-2.33752524372231e-10
-2.31544910800176e-10
-2.29318659766723e-10
-2.27073727095435e-10
-2.24810068860962e-10
-2.22527641390471e-10
-2.20226401264989e-10
-2.17906305320645e-10
-2.15567310649892e-10
-2.13209374602849e-10
-2.1083245478878e-10
-2.08436509077591e-10
-2.06021495601285e-10
-2.0358737275528e-10
-2.01134099199578e-10
-1.98661633860036e-10
-1.96169935929859e-10
-1.93658964871191e-10
-1.91128680416535e-10
-1.88579042569981e-10
-1.86010011608495e-10
-1.83421548083382e-10
-1.80813612821805e-10
-1.78186166928152e-10
-1.75539171785267e-10
-1.72872589055748e-10
-1.70186380683428e-10
-1.67480508894989e-10
-1.64754936201432e-10
-1.62009625399309e-10
-1.59244539571904e-10
-1.56459642090593e-10
-1.53654896616374e-10
-1.50830267101399e-10
-1.47985717790387e-10
-1.45121213221862e-10
-1.42236718229363e-10
-1.39332197942864e-10
-1.36407617790345e-10
-1.33462943499287e-10
-1.30498141098016e-10
-1.27513176917018e-10
-1.24508017590304e-10
-1.21482630056843e-10
-1.18436981562038e-10
-1.15371039659186e-10
-1.1228477221087e-10
-1.09178147390283e-10
-1.06051133682576e-10
-1.02903699886228e-10
-9.97358151144547e-11
-9.65474487966637e-11
-9.33385706798305e-11
-9.01091508298924e-11
-8.68591596332904e-11
-8.35885677984334e-11
-8.02973463568832e-11
-7.69854666645475e-11
-7.36529004031875e-11
-7.02996195820414e-11
-6.6925596539252e-11
-6.35308039431619e-11
-6.01152147936999e-11
-5.66788024238491e-11
-5.32215405010551e-11
-4.97434030285616e-11
-4.62443643467691e-11
-4.27243991346867e-11
-3.91834824114436e-11
-3.56215895377296e-11
-3.20386962171128e-11
-2.84347784973725e-11
-2.48098127719682e-11
-2.11637757815231e-11
-1.74966446151688e-11
-1.38083967118506e-11
-1.00990098617384e-11
-6.36846220769342e-12
-2.61673224671112e-12
1.15620116860467e-12
4.95035882854326e-12
8.76576116493387e-12
1.26024282498892e-11
1.64603797944188e-11
2.033963514697e-11
2.42402132920669e-11
2.81621328489582e-11
3.21054120701629e-11
3.60700688400121e-11
4.00561206732548e-11
4.40635847136414e-11
4.80924777324589e-11
5.21428161271603e-11
5.62146159201472e-11
6.0307892757475e-11
6.4422661907282e-11
6.85589382580791e-11
7.2716736317239e-11
7.68960702098335e-11
8.10969536775285e-11
8.53194000771678e-11
8.95634223791355e-11
9.38290331658461e-11
9.81162446304725e-11
1.0242506857571e-10
1.06755516412316e-10
1.11107599157499e-10
1.15481327433447e-10
1.19876711466076e-10
1.24293761083835e-10
1.28732485716353e-10
1.33192894392908e-10
1.37674995740863e-10
1.42178797984269e-10
1.46704308942619e-10
1.51251536029541e-10
1.55820486251348e-10
1.60411166205622e-10
1.65023582079854e-10
1.69657739649976e-10
1.74313644278829e-10
1.78991300914885e-10
1.83690714091075e-10
1.88411887923422e-10
1.93154826109458e-10
1.97919531926651e-10
2.02706008231054e-10
2.07514257456127e-10
2.12344281611536e-10
2.17196082281779e-10
2.22069660624654e-10
2.26965017369701e-10
2.31882152816833e-10
2.36821066835156e-10
2.41781758861693e-10
2.4676422789992e-10
2.51768472518237e-10
2.567944908486e-10
2.61842280585297e-10
2.66911838983606e-10
2.72003162858274e-10
2.77116248582014e-10
2.82251092084217e-10
2.87407688849771e-10
2.92586033917785e-10
2.97786121880174e-10
3.03007946880274e-10
3.08251502611582e-10
3.13516782316441e-10
3.18803778784459e-10
3.24112484350854e-10
3.29442890895174e-10
3.34794989840328e-10
3.40168772151428e-10
3.45564228334284e-10
3.50981348433848e-10
3.56420122032884e-10
3.61880538250808e-10
3.67362585742392e-10
3.72866252696262e-10
3.78391526833392e-10
3.83938395405813e-10
3.89506845195432e-10
3.9509686251272e-10
4.00708433195277e-10
4.06341542606489e-10
4.11996175634297e-10
4.1767231669001e-10
4.23369949707007e-10
4.29089058139306e-10
4.34829624960208e-10
4.40591632661057e-10
4.46375063249932e-10
4.52179898250247e-10
4.58006118699421e-10
4.63853705147687e-10
4.69722637656783e-10
4.75612895798435e-10
4.81524458652953e-10
4.87457304808152e-10
4.93411412358342e-10
4.99386758903074e-10
5.05383321545731e-10
5.11401076892076e-10
5.17440001048847e-10
5.23500069622498e-10
5.29581257718102e-10
5.35683539938118e-10
5.41806890380951e-10
5.47951282639687e-10
5.54116689800998e-10
5.60303084443891e-10
5.66510438638274e-10
5.72738723943543e-10
5.78987911407343e-10
5.85257971564492e-10
5.91548874435896e-10
5.97860589527239e-10
6.0419308582751e-10
6.10546331807691e-10
6.16920295419725e-10
6.23314944095473e-10
6.29730244745426e-10
6.36166163757274e-10
6.42622666994603e-10
6.49099719795803e-10
6.55597286972969e-10
6.62115332810547e-10
6.68653821063943e-10
6.75212714958381e-10
6.81791977187847e-10
6.88391569913945e-10
6.95011454764708e-10
7.01651592833369e-10
7.08311944677032e-10
7.14992470315308e-10
7.21693129229077e-10
7.28413880359506e-10
7.35154682107125e-10
7.41915492330678e-10
7.48696268345738e-10
7.55496966923392e-10
7.62317544289153e-10
7.69157956121995e-10
7.76018157553207e-10
7.82898103165039e-10
7.89797746989412e-10
7.96717042506871e-10
8.03655942645576e-10
8.10614399780141e-10
8.17592365730431e-10
8.24589791760486e-10
8.31606628577396e-10
8.38642826330034e-10
8.45698334607916e-10
8.52773102440205e-10
8.59867078294656e-10
8.66980210076463e-10
8.74112445127198e-10
8.81263730223669e-10
8.88434011576576e-10
8.95623234829342e-10
9.02831345057323e-10
9.10058286767002e-10
9.17304003894798e-10
9.24568439805677e-10
9.31851537291977e-10
9.39153238572464e-10
9.46473485291426e-10
9.53812218517726e-10
9.61169378743762e-10
9.6854490588428e-10
9.75938739275197e-10
9.83350817672574e-10
9.90781079251675e-10
9.98229461605961e-10
1.00569590174604e-09
1.01318033609857e-09
1.02068270050518e-09
1.02820293022141e-09
1.0357409599159e-09
1.04329672366946e-09
1.05087015497407e-09
1.05846118673176e-09
1.06606975125348e-09
1.0736957802582e-09
1.08133920487202e-09
1.08899995562731e-09
1.09667796246159e-09
1.10437315471668e-09
1.11208546113784e-09
1.11981480987289e-09
1.12756112847098e-09
1.13532434388148e-09
1.1431043824531e-09
1.15090116993323e-09
1.15871463146725e-09
1.16654469159747e-09
1.17439127426183e-09
1.18225430279283e-09
1.19013369991691e-09
1.19802938775379e-09
1.20594128781547e-09
1.21386932100521e-09
1.22181340761669e-09
1.22977346733322e-09
1.23774941922694e-09
1.24574118175786e-09
1.25374867277295e-09
1.26177180950524e-09
1.2698105085731e-09
1.27786468597941e-09
1.28593425711069e-09
1.29401913673622e-09
1.30211923900737e-09
1.31023447745683e-09
1.31836476499758e-09
1.32651001392186e-09
1.33467013590053e-09
1.34284504198255e-09
1.35103464259437e-09
1.35923884753901e-09
1.36745756599514e-09
1.37569070651637e-09
1.38393817703032e-09
1.39219988483784e-09
1.40047573661219e-09
1.40876563839844e-09
1.417069495613e-09
1.42538721304294e-09
1.4337186948451e-09
1.44206384454524e-09
1.45042256503738e-09
1.45879475858328e-09
1.46718032681172e-09
1.47557917071766e-09
1.48399119066141e-09
1.49241628636813e-09
1.50085435692727e-09
1.50930530079204e-09
1.51776901577859e-09
1.5262453990653e-09
1.53473434719204e-09
1.54323575605972e-09
1.55174952092964e-09
1.56027553642294e-09
1.56881369652003e-09
1.57736389456012e-09
1.58592602324057e-09
1.59449997461611e-09
1.60308564009817e-09
1.61168291045425e-09
1.62029167580753e-09
1.62891182563636e-09
1.63754324877379e-09
1.64618583340699e-09
1.65483946707681e-09
1.66350403667719e-09
1.67217942845457e-09
1.68086552800737e-09
1.68956222028553e-09
1.69826938959009e-09
1.70698691957264e-09
1.71571469323482e-09
1.72445259292781e-09
1.73320050035194e-09
1.74195829655623e-09
1.75072586193792e-09
1.75950307624222e-09
1.76828981856182e-09
1.77708596733648e-09
1.78589140035242e-09
1.79470599474195e-09
1.80352962698322e-09
1.81236217289984e-09
1.82120350766051e-09
1.83005350577853e-09
1.83891204111152e-09
1.84777898686104e-09
1.85665421557233e-09
1.86553759913389e-09
1.87442900877711e-09
1.88332831507605e-09
1.89223538794721e-09
1.90115009664919e-09
1.91007230978229e-09
1.91900189528828e-09
1.92793872045023e-09
1.93688265189224e-09
1.94583355557904e-09
1.95479129681576e-09
1.96375574024775e-09
1.97272674986043e-09
1.98170418897914e-09
1.99068792026885e-09
1.99967780573399e-09
2.00867370671829e-09
2.0176754839046e-09
2.0266829973145e-09
2.03569610630819e-09
2.04471466958432e-09
2.05373854518003e-09
2.06276759047082e-09
2.07180166217047e-09
2.0808406163308e-09
2.08988430834137e-09
2.09893259292951e-09
2.10798532416042e-09
2.11704235543721e-09
2.12610353950081e-09
2.13516872842971e-09
2.14423777363978e-09
2.15331052588435e-09
2.16238683525435e-09
2.1714665511784e-09
2.18054952242277e-09
2.18963559709129e-09
2.19872462262538e-09
2.20781644580402e-09
2.21691091274371e-09
2.22600786889853e-09
2.23510715906026e-09
2.24420862735867e-09
2.25331211726166e-09
2.26241747157505e-09
2.27152453244244e-09
2.28063314134546e-09
2.28974313910416e-09
2.29885436587735e-09
2.30796666116266e-09
2.31707986379635e-09
2.32619381195341e-09
2.33530834314774e-09
2.34442329423261e-09
2.35353850140094e-09
2.36265380018547e-09
2.37176902545899e-09
2.3808840114346e-09
2.38999859166588e-09
2.39911259904705e-09
2.40822586581318e-09
2.41733822354047e-09
2.42644950314669e-09
2.43555953489148e-09
2.44466814837668e-09
2.4537751725466e-09
2.46288043568834e-09
2.47198376543213e-09
2.48108498875166e-09
2.49018393196456e-09
2.49928042073275e-09
2.50837428006271e-09
2.51746533430594e-09
2.52655340715942e-09
2.53563832166616e-09
2.54471990021556e-09
2.55379796454381e-09
2.56287233573431e-09
2.57194283421823e-09
2.58100927977491e-09
2.59007149153247e-09
2.5991292879684e-09
2.60818248691022e-09
2.61723090553581e-09
2.6262743603738e-09
2.63531266730402e-09
2.6443456415583e-09
2.65337309772125e-09
2.66239484973083e-09
2.6714107108789e-09
2.68042049381158e-09
2.68942401052986e-09
2.69842107239041e-09
2.7074114901064e-09
2.71639507374823e-09
2.72537163274412e-09
2.73434097588069e-09
2.74330291130371e-09
2.7522572465189e-09
2.76120378839282e-09
2.77014234315352e-09
2.77907271639114e-09
2.78799471305847e-09
2.79690813747191e-09
2.80581279331254e-09
2.81470848362699e-09
2.82359501082826e-09
2.83247217669633e-09
2.84133978237879e-09
2.85019762839181e-09
2.85904551462128e-09
2.86788324032386e-09
2.87671060412772e-09
2.8855274040332e-09
2.89433343741377e-09
2.90312850101709e-09
2.91191239096612e-09
2.92068490276013e-09
2.92944583127573e-09
2.93819497076785e-09
2.94693211487065e-09
2.9556570565984e-09
2.96436958834655e-09
2.97306950189282e-09
2.98175658839842e-09
2.99043063840905e-09
2.99909144185605e-09
3.00773878805744e-09
3.01637246571916e-09
3.02499226293635e-09
3.03359796719438e-09
3.04218936537004e-09
3.05076624373258e-09
3.05932838794498e-09
3.0678755830651e-09
3.07640761354696e-09
3.08492426324182e-09
3.09342531539954e-09
3.10191055266985e-09
3.1103797571038e-09
3.11883271015505e-09
3.12726919268115e-09
3.13568898494483e-09
3.14409186661534e-09
3.15247761676983e-09
3.16084601389473e-09
3.16919683588714e-09
3.17752986005633e-09
3.18584486312509e-09
3.19414162123103e-09
3.20241990992801e-09
3.21067950418762e-09
3.21892017840082e-09
3.2271417063795e-09
3.23534386135807e-09
3.24352641599482e-09
3.25168914237328e-09
3.25983181200375e-09
3.26795419582498e-09
3.27605606420587e-09
3.28413718694706e-09
3.29219733328259e-09
3.3002362718814e-09
3.30825377084902e-09
3.31624959772921e-09
3.32422351950572e-09
3.33217530260391e-09
3.34010471289248e-09
3.34801151568509e-09
3.35589547574227e-09
3.36375635727323e-09
3.37159392393754e-09
3.37940793884691e-09
3.38719816456686e-09
3.39496436311856e-09
3.40270629598066e-09
3.41042372409123e-09
3.41811640784953e-09
3.42578410711802e-09
3.43342658122427e-09
3.44104358896291e-09
3.44863488859753e-09
3.45620023786262e-09
3.4637393939655e-09
3.4712521135882e-09
3.4787381528894e-09
3.48619726750647e-09
3.49362921255752e-09
3.50103374264365e-09
3.50841061185105e-09
3.51575957375309e-09
3.52308038141211e-09
3.53037278738149e-09
3.53763654370782e-09
3.54487140193333e-09
3.55207711309799e-09
3.55925342774155e-09
3.56640009590562e-09
3.57351686713597e-09
3.58060349048483e-09
3.58765971451311e-09
3.5946852872927e-09
3.60167995640856e-09
3.60864346896112e-09
3.61557557156855e-09
3.62247601036908e-09
3.62934453102342e-09
3.63618087871732e-09
3.64298479816383e-09
3.64975603360542e-09
3.65649432881642e-09
3.66319942710572e-09
3.66987107131925e-09
3.67650900384237e-09
3.68311296660222e-09
3.68968270107018e-09
3.69621794826439e-09
3.70271844875232e-09
3.70918394265339e-09
3.71561416964163e-09
3.72200886894832e-09
3.72836777936444e-09
3.73469063924304e-09
3.74097718650183e-09
3.74722715862594e-09
3.75344029267073e-09
3.75961632526449e-09
3.7657549926112e-09
3.77185603049326e-09
3.77791917427417e-09
3.78394415890127e-09
3.78993071890853e-09
3.79587858841924e-09
3.80178750114874e-09
3.80765719040736e-09
3.81348738910355e-09
3.81927782974658e-09
3.82502824444929e-09
3.83073836493078e-09
3.8364079225195e-09
3.84203664815625e-09
3.84762427239726e-09
3.85317052541726e-09
3.85867513701234e-09
3.86413783660281e-09
3.86955835323597e-09
3.8749364155892e-09
3.88027175197333e-09
3.88556409033594e-09
3.89081315826445e-09
3.89601868298896e-09
3.90118039138526e-09
3.90629800997784e-09
3.9113712649433e-09
3.91639988211361e-09
3.92138358697945e-09
3.92632210469329e-09
3.93121516007247e-09
3.93606247760239e-09
3.94086378143993e-09
3.94561879541683e-09
3.95032724304312e-09
3.95498884751045e-09
3.95960333169537e-09
3.96417041816251e-09
3.96868982916792e-09
3.97316128666273e-09
3.97758451229665e-09
3.98195922742127e-09
3.98628515309331e-09
3.99056201007808e-09
3.99478951885316e-09
3.99896739961205e-09
4.00309537226782e-09
4.00717315645666e-09
4.01120047154129e-09
4.01517703661441e-09
4.01910257050211e-09
4.02297679176767e-09
4.02679941871533e-09
4.03057016939407e-09
4.03428876160119e-09
4.03795491288603e-09
4.04156834055376e-09
4.04512876166913e-09
4.04863589306015e-09
4.05208945132174e-09
4.05548915281959e-09
4.05883471369411e-09
4.06212584986414e-09
4.06536227703081e-09
4.06854371068144e-09
4.07166986609347e-09
4.07474045833836e-09
4.07775520228552e-09
4.08071381260625e-09
4.08361600377782e-09
4.08646149008742e-09
4.08924998563617e-09
4.09198120434295e-09
4.09465485994842e-09
4.09727066601919e-09
4.09982833595199e-09
4.10232758297783e-09
4.10476812016604e-09
4.10714966042836e-09
4.10947191652323e-09
4.11173460105991e-09
4.11393742650258e-09
4.1160801051745e-09
4.11816234926242e-09
4.12018387082096e-09
4.12214438177675e-09
4.12404359393262e-09
4.12588121897189e-09
4.12765696846273e-09
4.12937055386258e-09
4.13102168652237e-09
4.13261007769085e-09
4.13413543851915e-09
4.1355974800654e-09
4.13699591329916e-09
4.13833044910568e-09
4.1396007982904e-09
4.14080667158352e-09
4.14194777964439e-09
4.14302383306593e-09
4.14403454237931e-09
4.14497961805868e-09
4.14585877052593e-09
4.14667171015533e-09
4.14741814727806e-09
4.14809779218669e-09
4.14871035513984e-09
4.14925554636691e-09
4.14973307607283e-09
4.15014265444268e-09
4.15048399164649e-09
4.15075679784403e-09
4.15096078318973e-09
4.15109565783757e-09
4.15116113194588e-09
4.15115691568211e-09
4.15108271922762e-09
4.15093825278251e-09
4.15072322657048e-09
4.15043735084392e-09
4.1500803358889e-09
4.14965189203013e-09
4.14915172963595e-09
4.14857955912341e-09
4.14793509096332e-09
4.14721803568519e-09
4.14642810388213e-09
4.14556500621588e-09
4.14462845342212e-09
4.14361815631577e-09
4.14253382579608e-09
4.14137517285152e-09
4.1401419085648e-09
4.13883374411807e-09
4.13745039079838e-09
4.135991560003e-09
4.13445696324484e-09
4.13284631215754e-09
4.13115931850072e-09
4.12939569416522e-09
4.12755515117845e-09
4.12563740170963e-09
4.12364215807533e-09
4.12156913274494e-09
4.11941803834606e-09
4.11718858766988e-09
4.11488049367647e-09
4.11249346950029e-09
4.11002722845575e-09
4.10748148404276e-09
4.10485594995216e-09
4.10215034007128e-09
4.09936436848953e-09
4.09649774950394e-09
4.09355019762482e-09
4.09052142758142e-09
4.08741115432761e-09
4.08421909304742e-09
4.08094495916063e-09
4.07758846832845e-09
4.07414933645928e-09
4.07062727971443e-09
4.06702201451384e-09
4.06333325754179e-09
4.05956072575273e-09
4.05570413637738e-09
4.05176320692853e-09
4.04773765520676e-09
4.0436271993061e-09
4.03943155761995e-09
4.03515044884715e-09
4.03078359199799e-09
4.02633070640003e-09
4.02179151170389e-09
4.01716572788919e-09
4.01245307527069e-09
4.00765327450447e-09
4.00276604659379e-09
3.99779111289496e-09
3.99272819512355e-09
3.98757701536066e-09
3.98233729605926e-09
3.97700876004998e-09
3.97159113054705e-09
3.9660841311544e-09
3.96048748587199e-09
3.95480091910209e-09
3.94902415565558e-09
3.94315692075814e-09
3.93719894005644e-09
3.93114993962437e-09
3.92500964596939e-09
3.91877778603875e-09
3.91245408722575e-09
3.90603827737596e-09
3.89953008479372e-09
3.89292923824867e-09
3.88623546698217e-09
3.87944850071353e-09
3.87256806964639e-09
3.86559390447528e-09
3.85852573639227e-09
3.85136329709339e-09
3.84410631878518e-09
3.8367545341911e-09
3.82930767655802e-09
3.82176547966276e-09
3.81412767781866e-09
3.80639400588239e-09
3.79856419926056e-09
3.79063799391631e-09
3.78261512637572e-09
3.77449533373439e-09
3.7662783536642e-09
3.75796392442002e-09
3.74955178484648e-09
3.74104167438472e-09
3.7324333330792e-09
3.72372650158455e-09
3.7149209211722e-09
3.70601633373709e-09
3.69701248180442e-09
3.68790910853653e-09
3.67870595773994e-09
3.6694027738723e-09
3.65999930204912e-09
3.65049528805058e-09
3.64089047832847e-09
3.63118462001323e-09
3.62137746092082e-09
3.6114687495597e-09
3.60145823513791e-09
3.59134566757013e-09
3.58113079748465e-09
3.57081337623022e-09
3.56039315588289e-09
3.54986988925324e-09
3.53924332989369e-09
3.52851323210576e-09
3.51767935094707e-09
3.50674144223831e-09
3.49569926257032e-09
3.48455256931115e-09
3.47330112061343e-09
3.46194467542163e-09
3.45048299347933e-09
3.4389158353365e-09
3.42724296235658e-09
3.41546413672362e-09
3.40357912144965e-09
3.39158768038212e-09
3.37948957821116e-09
3.36728458047692e-09
3.35497245357678e-09
3.34255296477264e-09
3.33002588219831e-09
3.31739097486705e-09
3.30464801267908e-09
3.29179676642884e-09
3.27883700781229e-09
3.26576850943425e-09
3.25259104481604e-09
3.23930438840304e-09
3.22590831557222e-09
3.21240260263972e-09
3.19878702686829e-09
3.18506136647467e-09
3.17122540063707e-09
3.15727890950277e-09
3.14322167419584e-09
3.12905347682481e-09
3.11477410049015e-09
3.10038332929181e-09
3.08588094833682e-09
3.07126674374712e-09
3.05654050266726e-09
3.04170201327213e-09
3.02675106477456e-09
3.01168744743293e-09
2.99651095255887e-09
2.98122137252501e-09
2.96581850077261e-09
2.9503021318194e-09
2.93467206126744e-09
2.91892808581093e-09
2.90307000324393e-09
2.88709761246834e-09
2.87101071350172e-09
2.85480910748507e-09
2.8384925966904e-09
2.82206098452857e-09
2.80551407555737e-09
2.78885167548966e-09
2.7720735912014e-09
2.75517963073935e-09
2.7381696033289e-09
2.72104331938196e-09
2.70380059050496e-09
2.68644122950681e-09
2.66896505040671e-09
2.65137186844216e-09
2.63366150007718e-09
2.61583376301048e-09
2.59788847618353e-09
2.57982545978849e-09
2.561644535276e-09
2.54334552536314e-09
2.5249282540416e-09
2.50639254658608e-09
2.48773822956241e-09
2.46896513083553e-09
2.45007307957743e-09
2.43106190627523e-09
2.4119314427394e-09
2.392681522112e-09
2.37331197887497e-09
2.35382264885834e-09
2.33421336924828e-09
2.31448397859522e-09
2.29463431682204e-09
2.27466422523238e-09
2.25457354651894e-09
2.23436212477156e-09
2.21402980548537e-09
2.19357643556914e-09
2.17300186335395e-09
2.15230593860139e-09
2.13148851251163e-09
2.11054943773149e-09
2.0894885683628e-09
2.06830575997088e-09
2.04700086959303e-09
2.02557375574672e-09
2.00402427843783e-09
1.98235229916892e-09
1.96055768094777e-09
1.93864028829582e-09
1.91659998725661e-09
1.89443664540413e-09
1.87215013185109e-09
1.84974031725724e-09
1.82720707383783e-09
1.80455027537222e-09
1.78176979721231e-09
1.75886551629084e-09
1.73583731112981e-09
1.7126850618488e-09
1.68940865017355e-09
1.66600795944446e-09
1.64248287462517e-09
1.61883328231101e-09
1.59505907073741e-09
1.57116012978832e-09
1.54713635100481e-09
1.52298762759364e-09
1.49871385443588e-09
1.47431492809555e-09
1.44979074682806e-09
1.4251412105886e-09
1.40036622104063e-09
1.37546568156447e-09
1.35043949726592e-09
1.3252875749848e-09
1.30000982330351e-09
1.27460615255574e-09
1.24907647483508e-09
1.22342070400346e-09
1.19763875569954e-09
1.17173054734739e-09
1.14569599816523e-09
1.11953502917413e-09
1.09324756320657e-09
1.06683352491492e-09
1.04029284078e-09
1.01362543911994e-09
9.86831250098818e-10
9.59910205735118e-10
9.32862239910248e-10
9.05687288377397e-10
8.78385288770368e-10
8.50956180612196e-10
8.23399905323654e-10
7.95716406231823e-10
7.6790562857885e-10
7.39967519530719e-10
7.11902028185924e-10
6.83709105584007e-10
6.55388704714027e-10
6.26940780523212e-10
5.98365289925932e-10
5.69662191812598e-10
5.40831447058228e-10
5.11873018530943e-10
4.82786871100641e-10
4.53572971647758e-10
4.24231289071899e-10
3.94761794300474e-10
3.65164460297504e-10
3.3543926207246e-10
3.05586176688935e-10
2.75605183273202e-10
2.45496263022857e-10
2.15259399215607e-10
1.84894577218065e-10
1.54401784494468e-10
1.23781010615344e-10
9.30322472662003e-11
6.21554882561986e-11
3.11507295268379e-11
1.79691606792318e-14
-3.12427926098757e-11
-6.26315533938595e-11
-9.41483086331557e-11
-1.257930515939e-10
-1.57565773357703e-10
-1.89466462812849e-10
-2.21495106645651e-10
-2.53651689331789e-10
-2.85936193127554e-10
-3.18348598061099e-10
-3.50888881923803e-10
-3.83557020261661e-10
-4.16352986366559e-10
-4.49276751267472e-10
-4.82328283721679e-10
-5.15507550206153e-10
-5.48814514909104e-10
-5.82249139721443e-10
-6.15811384228031e-10
-6.4950120569883e-10
-6.8331855908016e-10
-7.17263396986073e-10
-7.51335669689766e-10
-7.85535325114987e-10
-8.19862308827372e-10
-8.54316564025689e-10
-8.88898031533143e-10
-9.23606649788823e-10
-9.58442354839125e-10
-9.93405080329048e-10
-1.02849475749348e-09
-1.06371131514862e-09
-1.09905467968337e-09
-1.13452477505081e-09
-1.17012152275955e-09
-1.20584484186528e-09
-1.24169464896215e-09
-1.27767085817412e-09
-1.31377338114621e-09
-1.35000212703595e-09
-1.38635700250494e-09
-1.42283791171031e-09
-1.45944475629617e-09
-1.49617743538511e-09
-1.53303584556971e-09
-1.57001988090408e-09
-1.60712943289521e-09
-1.64436439049421e-09
-1.68172464008774e-09
-1.71921006548971e-09
-1.75682054793294e-09
-1.79455596606077e-09
-1.83241619591845e-09
-1.87040111094459e-09
-1.90851058196285e-09
-1.94674447717349e-09
-1.98510266214476e-09
-2.02358499980444e-09
-2.06219135043147e-09
-2.10092157164766e-09
-2.13977551840935e-09
-2.17875304299888e-09
-2.21785399501611e-09
-2.25707822137016e-09
-2.29642556627119e-09
-2.33589587122192e-09
-2.37548897500925e-09
-2.41520471369596e-09
-2.45504292061245e-09
-2.49500342634857e-09
-2.53508605874533e-09
-2.57529064288654e-09
-2.61561700109043e-09
-2.65606495290141e-09
-2.69663431508195e-09
-2.73732490160451e-09
-2.77813652364327e-09
-2.81906898956581e-09
-2.86012210492488e-09
-2.90129567245022e-09
-2.9425894920404e-09
-2.98400336075466e-09
-3.02553707280496e-09
-3.06719041954789e-09
-3.10896318947662e-09
-3.15085516821271e-09
-3.19286613849789e-09
-3.23499588018607e-09
-3.27724417023515e-09
-3.31961078269913e-09
-3.36209548872016e-09
-3.40469805652073e-09
-3.44741825139556e-09
-3.49025583570361e-09
-3.53321056886004e-09
-3.57628220732844e-09
-3.61947050461297e-09
-3.66277521125048e-09
-3.70619607480242e-09
-3.74973283984708e-09
-3.79338524797187e-09
-3.8371530377655e-09
-3.88103594481003e-09
-3.92503370167306e-09
-3.96914603790012e-09
-4.013372680007e-09
-4.05771335147191e-09
-4.10216777272767e-09
-4.14673566115399e-09
-4.19141673106996e-09
-4.23621069372644e-09
-4.28111725729841e-09
-4.32613612687724e-09
-4.37126700446318e-09
-4.4165095889578e-09
-4.4618635761565e-09
-4.50732865874096e-09
-4.55290452627151e-09
-4.59859086517962e-09
-4.64438735876054e-09
-4.69029368716603e-09
-4.73630952739694e-09
-4.78243455329569e-09
-4.82866843553882e-09
-4.87501084162975e-09
-4.92146143589142e-09
-4.968019879459e-09
-5.01468583027265e-09
-5.06145894307021e-09
-5.10833886937988e-09
-5.15532525751292e-09
-5.20241775255658e-09
-5.24961599636724e-09
-5.29691962756332e-09
-5.34432828151806e-09
-5.39184159035211e-09
-5.43945918292646e-09
-5.48718068483568e-09
-5.53500571840109e-09
-5.58293390266367e-09
-5.63096485337693e-09
-5.67909818300013e-09
-5.7273335006914e-09
-5.77567041230081e-09
-5.82410852036329e-09
-5.87264742409181e-09
-5.92128671937082e-09
-5.97002599874963e-09
-6.01886485143564e-09
-6.06780286328759e-09
-6.11683961680883e-09
-6.16597469114061e-09
-6.21520766205549e-09
-6.26453810195088e-09
-6.31396557984254e-09
-6.36348966135799e-09
-6.41310990872973e-09
-6.46282588078875e-09
-6.51263713295847e-09
-6.56254321724848e-09
-6.61254368224813e-09
-6.66263807311983e-09
-6.71282593159266e-09
-6.76310679595615e-09
-6.8134802010542e-09
-6.86394567827897e-09
-6.91450275556466e-09
-6.96515095738133e-09
-7.01588980472861e-09
-7.06671881512952e-09
-7.11763750262441e-09
-7.16864537776501e-09
-7.21974194760859e-09
-7.27092671571204e-09
-7.32219918212588e-09
-7.37355884338828e-09
-7.42500519251926e-09
-7.47653771901506e-09
-7.52815590884236e-09
-7.57985924443243e-09
-7.63164720467542e-09
-7.68351926491468e-09
-7.73547489694117e-09
-7.78751356898769e-09
-7.83963474572329e-09
-7.89183788824788e-09
-7.94412245408683e-09
-7.99648789718555e-09
-8.04893366790412e-09
-8.1014592130118e-09
-8.15406397568164e-09
-8.20674739548507e-09
-8.25950890838674e-09
-8.31234794673939e-09
-8.36526393927859e-09
-8.41825631111757e-09
-8.47132448374231e-09
-8.52446787500656e-09
-8.57768589912679e-09
-8.63097796667703e-09
-8.68434348458382e-09
-8.73778185612121e-09
-8.79129248090592e-09
-8.84487475489272e-09
-8.89852807036969e-09
-8.95225181595341e-09
-9.00604537658431e-09
-9.05990813352211e-09
-9.1138394643413e-09
-9.1678387429264e-09
-9.22190533946725e-09
-9.27603862045454e-09
-9.33023794867566e-09
-9.3845026832104e-09
-9.43883217942639e-09
-9.49322578897467e-09
-9.54768285978542e-09
-9.60220273606385e-09
-9.65678475828607e-09
-9.71142826319509e-09
-9.76613258379679e-09
-9.82089704935577e-09
-9.87572098539134e-09
-9.93060371367358e-09
-9.98554455221939e-09
-1.00405428152885e-08
-1.00955978133798e-08
-1.01507088532274e-08
-1.02058752377972e-08
-1.02610962662832e-08
-1.0316371234104e-08
-1.03716994328994e-08
-1.04270801505266e-08
-1.0482512671057e-08
-1.0537996274772e-08
-1.059353023816e-08
-1.06491138339131e-08
-1.07047463309246e-08
-1.07604269942849e-08
-1.08161550852791e-08
-1.08719298613832e-08
-1.09277505762614e-08
-1.09836164797625e-08
-1.10395268179174e-08
-1.10954808329365e-08
-1.11514777632064e-08
-1.12075168432876e-08
-1.12635973039112e-08
-1.13197183719763e-08
-1.13758792705475e-08
-1.14320792188525e-08
-1.14883174322789e-08
-1.15445931223726e-08
-1.16009054968348e-08
-1.16572537595197e-08
-1.17136371104321e-08
-1.17700547457253e-08
-1.18265058576985e-08
-1.18829896347951e-08
-1.19395052616005e-08
-1.19960519188402e-08
-1.20526287833778e-08
-1.21092350282127e-08
-1.2165869822479e-08
-1.22225323314426e-08
-1.22792217165006e-08
-1.23359371351784e-08
-1.23926777411288e-08
-1.24494426841304e-08
-1.25062311100857e-08
-1.25630421610202e-08
-1.26198749750805e-08
-1.26767286865331e-08
-1.2733602425763e-08
-1.27904953192726e-08
-1.28474064896806e-08
-1.29043350557209e-08
-1.29612801322414e-08
-1.30182408302034e-08
-1.30752162566798e-08
-1.31322055148554e-08
-1.31892077040253e-08
-1.32462219195945e-08
-1.3303247253077e-08
-1.33602827920953e-08
-1.34173276203793e-08
-1.34743808177667e-08
-1.35314414602018e-08
-1.35885086197358e-08
-1.36455813645262e-08
-1.37026587588363e-08
-1.37597398630354e-08
-1.38168237335983e-08
-1.38739094231057e-08
-1.3930995980244e-08
-1.39880824498054e-08
-1.40451678726882e-08
-1.41022512858967e-08
-1.41593317225414e-08
-1.42164082118399e-08
-1.42734797791168e-08
-1.43305454458046e-08
-1.43876042294442e-08
-1.44446551436852e-08
-1.45016971982871e-08
-1.45587293991196e-08
-1.46157507481637e-08
-1.46727602435121e-08
-1.47297568793707e-08
-1.47867396460591e-08
-1.48437075300119e-08
-1.49006595137802e-08
-1.49575945760323e-08
-1.50145116915553e-08
-1.50714098312562e-08
-1.51282879621635e-08
-1.51851450474289e-08
-1.52419800463288e-08
-1.52987919142662e-08
-1.53555796027717e-08
-1.54123420595059e-08
-1.54690782282611e-08
-1.55257870489636e-08
-1.55824674576752e-08
-1.56391183865955e-08
-1.56957387640637e-08
-1.57523275145613e-08
-1.58088835587145e-08
-1.58654058132966e-08
-1.59218931912301e-08
-1.59783446015893e-08
-1.60347589496028e-08
-1.60911351366562e-08
-1.61474720602955e-08
-1.62037686142293e-08
-1.62600236883319e-08
-1.63162361686456e-08
-1.63724049373848e-08
-1.64285288729388e-08
-1.6484606849875e-08
-1.65406377389424e-08
-1.65966204070745e-08
-1.66525537173925e-08
-1.67084365292093e-08
-1.67642676980329e-08
-1.68200460755704e-08
-1.68757705097321e-08
-1.69314398446344e-08
-1.69870529206046e-08
-1.7042608574184e-08
-1.70981056381328e-08
-1.7153542941434e-08
-1.72089193092974e-08
-1.7264233563164e-08
-1.73194845207102e-08
-1.73746709958524e-08
-1.7429791798752e-08
-1.74848457358198e-08
-1.75398316097208e-08
-1.75947482193789e-08
-1.76495943599813e-08
-1.77043688229841e-08
-1.77590703961167e-08
-1.78136978633874e-08
-1.78682500050887e-08
-1.79227255978026e-08
-1.79771234144058e-08
-1.80314422240754e-08
-1.80856807922941e-08
-1.81398378808565e-08
-1.81939122478739e-08
-1.82479026477811e-08
-1.83018078313414e-08
-1.83556265456531e-08
-1.84093575341557e-08
-1.84629995366353e-08
-1.85165512892316e-08
-1.85700115244436e-08
-1.86233789711367e-08
-1.86766523545486e-08
-1.87298303962958e-08
-1.87829118143807e-08
-1.88358953231981e-08
-1.88887796335422e-08
-1.89415634526135e-08
-1.8994245484026e-08
-1.90468244278143e-08
-1.90992989804408e-08
-1.91516678348027e-08
-1.92039296802393e-08
-1.92560832025396e-08
-1.93081270839497e-08
-1.93600600031809e-08
-1.94118806354171e-08
-1.94635876523232e-08
-1.95151797220524e-08
-1.95666555092544e-08
-1.96180136750833e-08
-1.96692528772057e-08
-1.97203717698095e-08
-1.97713690036119e-08
-1.98222432258682e-08
-1.98729930803801e-08
-1.99236172075047e-08
-1.99741142441626e-08
-2.00244828238474e-08
-2.00747215766345e-08
-2.01248291291897e-08
-2.01748041047785e-08
-2.02246451232752e-08
-2.02743508011727e-08
-2.03239197515919e-08
-2.03733505842908e-08
-2.04226419056743e-08
-2.04717923188032e-08
-2.05208004234049e-08
-2.05696648158833e-08
-2.0618384089328e-08
-2.06669568335252e-08
-2.07153816349675e-08
-2.07636570768642e-08
-2.08117817391515e-08
-2.0859754198503e-08
-2.090757302834e-08
-2.0955236798843e-08
-2.10027440769619e-08
-2.10500934264269e-08
-2.10972834077595e-08
-2.11443125782832e-08
-2.11911794921351e-08
-2.1237882700277e-08
-2.12844207505066e-08
-2.13307921874692e-08
-2.13769955526689e-08
-2.14230293844808e-08
-2.14688922181622e-08
-2.15145825858645e-08
-2.15600990166453e-08
-2.16054400364801e-08
-2.16506041682749e-08
-2.1695589931879e-08
-2.17403958440965e-08
-2.17850204186989e-08
-2.18294621664373e-08
-2.18737195950556e-08
-2.19177912093027e-08
-2.19616755109462e-08
-2.20053709987847e-08
-2.2048876168661e-08
-2.20921895134755e-08
-2.21353095231989e-08
-2.21782346848862e-08
-2.22209634826893e-08
-2.22634943978714e-08
-2.23058259088208e-08
-2.23479564910638e-08
-2.23898846172793e-08
-2.24316087573124e-08
-2.24731273781887e-08
-2.25144389441288e-08
-2.25555419165623e-08
-2.25964347541425e-08
-2.26371159127604e-08
-2.26775838455595e-08
-2.27178370029506e-08
-2.27578738326266e-08
-2.27976927795773e-08
-2.28372922861046e-08
-2.28766707918375e-08
-2.29158267337479e-08
-2.29547585461651e-08
-2.29934646607917e-08
-2.30319435067193e-08
-2.3070193510444e-08
-2.31082130958823e-08
-2.31460006843869e-08
-2.31835546947627e-08
-2.32208735432835e-08
-2.32579556437074e-08
-2.32947994072936e-08
-2.33314032428189e-08
-2.33677655565936e-08
-2.34038847524789e-08
-2.34397592319029e-08
-2.34753873938782e-08
-2.35107676350186e-08
-2.35458983495564e-08
-2.35807779293593e-08
-2.36154047639483e-08
-2.36497772405141e-08
-2.36838937439354e-08
-2.37177526567959e-08
-2.37513523594028e-08
-2.37846912298042e-08
-2.38177676438074e-08
-2.38505799749968e-08
-2.38831265947516e-08
-2.39154058722652e-08
-2.39474161745629e-08
-2.39791558665207e-08
-2.4010623310884e-08
-2.40418168682855e-08
-2.40727348972654e-08
-2.41033757542894e-08
-2.41337377937683e-08
-2.41638193680772e-08
-2.41936188275746e-08
-2.42231345206218e-08
-2.42523647936023e-08
-2.42813079909415e-08
-2.43099624551266e-08
-2.4338326526727e-08
-2.43663985444134e-08
-2.43941768449786e-08
-2.4421659763357e-08
-2.44488456326456e-08
-2.4475732784124e-08
-2.45023195472752e-08
-2.45286042498062e-08
-2.45545852176689e-08
-2.45802607750808e-08
-2.46056292445467e-08
-2.46306889468789e-08
-2.46554382012189e-08
-2.46798753250585e-08
-2.47039986342615e-08
-2.47278064430856e-08
-2.47512970642034e-08
-2.47744688087252e-08
-2.47973199862199e-08
-2.48198489047371e-08
-2.48420538708299e-08
-2.48639331895768e-08
-2.48854851646043e-08
-2.49067080981094e-08
-2.4927600290882e-08
-2.49481600423279e-08
-2.49683856504915e-08
-2.49882754120791e-08
-2.50078276224817e-08
-2.50270405757978e-08
-2.50459125648574e-08
-2.50644418812451e-08
-2.50826268153236e-08
-2.51004656562575e-08
-2.51179566920374e-08
-2.51350982095033e-08
-2.51518884943691e-08
-2.51683258312464e-08
-2.51844085036689e-08
-2.52001347941164e-08
-2.52155029840401e-08
-2.52305113538865e-08
-2.5245158183122e-08
-2.52594417502586e-08
-2.52733603328779e-08
-2.52869122076571e-08
-2.53000956503934e-08
-2.53129089360302e-08
-2.53253503386817e-08
-2.53374181316592e-08
-2.5349110587496e-08
-2.53604259779737e-08
-2.53713625741475e-08
-2.53819186463723e-08
-2.53920924643295e-08
-2.54018822970528e-08
-2.54112864129551e-08
-2.54203030798542e-08
-2.54289305650001e-08
-2.54371671351011e-08
-2.54450110563514e-08
-2.54524605944573e-08
-2.54595140146648e-08
-2.54661695817864e-08
-2.54724255602287e-08
-2.547828021402e-08
-2.54837318068378e-08
-2.54887786020359e-08
-2.54934188626727e-08
-2.54976508515388e-08
-2.55014728311854e-08
-2.55048830639524e-08
-2.55078798119964e-08
-2.55104613373195e-08
-2.55126259017977e-08
-2.55143717672088e-08
-2.55156971952621e-08
-2.55166004476266e-08
-2.55170797859605e-08
-2.55171334719402e-08
-2.55167597672894e-08
-2.55159569338078e-08
-2.55147232334011e-08
-2.55130569281107e-08
-2.55109562801433e-08
-2.55084195519013e-08
-2.55054450060115e-08
-2.55020309053563e-08
-2.54981755131029e-08
-2.5493877092734e-08
-2.54891339080784e-08
-2.54839442233409e-08
-2.54783063031336e-08
-2.54722184125061e-08
-2.5465678816977e-08
-2.54586857825645e-08
-2.54512375758176e-08
-2.54433324638472e-08
-2.54349687143572e-08
-2.54261445956766e-08
-2.54168583767907e-08
-2.54071083273729e-08
-2.53968927178163e-08
-2.53862098192659e-08
-2.53750579036507e-08
-2.53634352437154e-08
-2.5351340113053e-08
-2.53387707861372e-08
-2.5325725538355e-08
-2.53122026460391e-08
-2.52982003865011e-08
-2.52837170380639e-08
-2.52687508800949e-08
-2.52533001930389e-08
-2.52373632584516e-08
-2.52209383590328e-08
-2.52040237786598e-08
-2.5186617802421e-08
-2.51687187166501e-08
-2.51503248089593e-08
-2.51314343682732e-08
-2.51120456848632e-08
-2.50921570503815e-08
-2.50717667578953e-08
-2.50508731019212e-08
-2.50294743784595e-08
-2.50075688850294e-08
-2.49851549207034e-08
-2.4962230786142e-08
-2.49387947836288e-08
-2.49148452171051e-08
-2.48903803922058e-08
-2.48653986162947e-08
-2.48398981984997e-08
-2.48138774497489e-08
-2.47873346828052e-08
-2.47602682123027e-08
-2.47326763547823e-08
-2.47045574287276e-08
-2.46759097546015e-08
-2.46467316548828e-08
-2.46170214541017e-08
-2.45867774788765e-08
-2.45559980579502e-08
-2.45246815222267e-08
-2.44928262048083e-08
-2.44604304410326e-08
-2.44274925685093e-08
-2.43940109271573e-08
-2.43599838592422e-08
-2.43254097094134e-08
-2.42902868247414e-08
-2.4254613554756e-08
-2.42183882514831e-08
-2.41816092694835e-08
-2.41442749658901e-08
-2.41063837004464e-08
-2.40679338355446e-08
-2.4028923736264e-08
-2.39893517704086e-08
-2.39492163085463e-08
-2.3908515724047e-08
-2.38672483931219e-08
-2.38254126948615e-08
-2.37830070112754e-08
-2.37400297273305e-08
-2.36964792309906e-08
-2.36523539132558e-08
-2.36076521682017e-08
-2.35623723930189e-08
-2.35165129880526e-08
-2.34700723568426e-08
-2.34230489061625e-08
-2.33754410460598e-08
-2.33272471898953e-08
-2.32784657543842e-08
-2.32290951596361e-08
-2.31791338291951e-08
-2.31285801900808e-08
-2.30774326728279e-08
-2.30256897115276e-08
-2.2973349743868e-08
-2.29204112111751e-08
-2.28668725584541e-08
-2.28127322344303e-08
-2.27579886915901e-08
-2.27026403862221e-08
-2.26466857784585e-08
-2.25901233323171e-08
-2.25329515157427e-08
-2.2475168800649e-08
-2.24167736629599e-08
-2.23577645826517e-08
-2.22981400437956e-08
-2.22378985345989e-08
-2.2177038547448e-08
-2.21155585789499e-08
-2.20534571299749e-08
-2.19907327056994e-08
-2.19273838156486e-08
-2.18634089737386e-08
-2.17988066983203e-08
-2.17335755122219e-08
-2.16677139427916e-08
-2.1601220521941e-08
-2.15340937861881e-08
-2.14663322767007e-08
-2.13979345393399e-08
-2.13288991247039e-08
-2.12592245881712e-08
-2.11889094899443e-08
-2.11179523950937e-08
-2.10463518736019e-08
-2.09741065004073e-08
-2.09012148554481e-08
-2.08276755237071e-08
-2.07534870952559e-08
-2.06786481652989e-08
-2.06031573342184e-08
-2.05270132076181e-08
-2.04502143963689e-08
-2.03727595166532e-08
-2.029464719001e-08
-2.02158760433793e-08
-2.01364447091473e-08
-2.00563518251919e-08
-1.99755960349278e-08
-1.98941759873523e-08
-1.98120903370903e-08
-1.97293377444399e-08
-1.96459168754176e-08
-1.95618264018046e-08
-1.94770650011923e-08
-1.93916313570286e-08
-1.93055241586633e-08
-1.92187421013941e-08
-1.91312838865131e-08
-1.90431482213529e-08
-1.89543338193328e-08
-1.88648394000058e-08
-1.87746636891046e-08
-1.86838054185881e-08
-1.85922633266883e-08
-1.85000361579567e-08
-1.84071226633116e-08
-1.83135216000847e-08
-1.82192317320682e-08
-1.81242518295621e-08
-1.80285806694208e-08
-1.79322170351012e-08
-1.78351597167095e-08
-1.77374075110489e-08
-1.76389592216667e-08
-1.75398136589024e-08
-1.74399696399347e-08
-1.73394259888298e-08
-1.7238181536589e-08
-1.71362351211964e-08
-1.70335855876675e-08
-1.6930231788097e-08
-1.68261725817063e-08
-1.67214068348922e-08
-1.66159334212753e-08
-1.65097512217487e-08
-1.64028591245258e-08
-1.62952560251891e-08
-1.61869408267386e-08
-1.60779124396407e-08
-1.59681697818771e-08
-1.58577117789931e-08
-1.57465373641466e-08
-1.56346454781568e-08
-1.55220350695538e-08
-1.54087050946275e-08
-1.52946545174766e-08
-1.51798823100584e-08
-1.50643874522375e-08
-1.49481689318357e-08
-1.4831225744681e-08
-1.47135568946575e-08
-1.45951613937545e-08
-1.44760382621167e-08
-1.4356186528093e-08
-1.42356052282872e-08
-1.41142934076067e-08
-1.39922501193132e-08
-1.38694744250732e-08
-1.37459653950076e-08
-1.3621722107742e-08
-1.34967436504566e-08
-1.33710291189359e-08
-1.32445776176196e-08
-1.31173882596529e-08
-1.29894601669367e-08
-1.28607924701781e-08
-1.27313843089409e-08
-1.26012348316964e-08
-1.24703431958737e-08
-1.23387085679106e-08
-1.22063301233044e-08
-1.20732070466624e-08
-1.19393385317531e-08
-1.18047237815568e-08
-1.16693620083168e-08
-1.15332524335905e-08
-1.13963942883001e-08
-1.12587868127845e-08
-1.11204292568492e-08
-1.09813208798189e-08
-1.08414609505876e-08
-1.0700848747671e-08
-1.05594835592569e-08
-1.04173646832572e-08
-1.02744914273586e-08
-1.01308631090749e-08
-9.98647905579852e-09
-9.84133860485157e-09
-9.69544110353795e-09
-9.54878590919488e-09
-9.40137238924459e-09
-9.25319992124607e-09
-9.10426789294697e-09
-8.9545757023357e-09
-8.8041227576933e-09
-8.65290847764513e-09
-8.50093229121259e-09
-8.34819363786508e-09
-8.19469196757236e-09
-8.0404267408568e-09
-7.88539742884557e-09
-7.72960351332257e-09
-7.57304448678054e-09
-7.41571985247317e-09
-7.25762912446738e-09
-7.09877182769579e-09
-6.93914749800902e-09
-6.77875568222811e-09
-6.61759593819674e-09
-6.45566783483358e-09
-6.29297095218485e-09
-6.1295048814768e-09
-5.96526922516839e-09
-5.80026359700358e-09
-5.63448762206381e-09
-5.46794093682042e-09
-5.30062318918746e-09
-5.13253403857443e-09
-4.96367315593896e-09
-4.7940402238392e-09
-4.62363493648648e-09
-4.45245699979798e-09
-4.28050613144961e-09
-4.10778206092877e-09
-3.93428452958706e-09
-3.76001329069298e-09
-3.58496810948463e-09
-3.40914876322264e-09
-3.23255504124314e-09
-3.05518674501059e-09
-2.87704368817035e-09
-2.69812569660138e-09
-2.51843260846918e-09
-2.33796427427886e-09
-2.15672055692808e-09
-1.97470133175979e-09
-1.79190648661506e-09
-1.60833592188616e-09
-1.42398955056965e-09
-1.2388672983192e-09
-1.05296910349823e-09
-8.66294917232618e-10
-6.78844703463868e-10
-4.90618439002189e-10
-3.01616113579537e-10
-1.11837729902535e-10
7.8716696294764e-11
2.70047136198163e-10
4.62153547860475e-10
6.55035876148528e-10
8.4869405269006e-10
1.04312799582063e-09
1.23833761053076e-09
1.4343227884134e-09
1.63108340761108e-09
1.8286193327629e-09
2.02693041495141e-09
2.22601649164994e-09
2.42587738666994e-09
2.62651291010823e-09
2.82792285829401e-09
3.03010701373598e-09
3.23306514506979e-09
3.43679700700535e-09
3.64130234027394e-09
3.84658087157516e-09
4.0526323135242e-09
4.25945636459938e-09
4.46705270908986e-09
4.67542101704304e-09
4.8845609442117e-09
5.09447213200127e-09
5.3051542074172e-09
5.51660678301254e-09
5.72882945683556e-09
5.94182181237728e-09
6.15558341851892e-09
6.37011382947938e-09
6.58541258476275e-09
6.80147920910616e-09
7.01831321242744e-09
7.23591408977293e-09
7.45428132126526e-09
7.6734143720511e-09
7.893312692249e-09
8.1139757168971e-09
8.33540286590103e-09
8.55759354398182e-09
8.78054714062408e-09
9.00426303002413e-09
9.228740571038e-09
9.45397910712938e-09
9.67997796631784e-09
9.90673646112701e-09
1.01342538885328e-08
1.03625295299116e-08
1.0591562650989e-08
1.08213525017881e-08
1.10518983165779e-08
1.12831993138216e-08
1.1515254696126e-08
1.17480636501891e-08
1.19816253467493e-08
1.2215938940534e-08
1.24510035702084e-08
1.26868183583247e-08
1.2923382411271e-08
1.31606948192196e-08
1.33987546560764e-08
1.363756097943e-08
1.38771128305013e-08
1.41174092340925e-08
1.43584491985365e-08
1.46002317156459e-08
1.48427557606621e-08
1.5086020292206e-08
1.53300242522267e-08
1.55747665659518e-08
1.58202461418366e-08
1.60664618715139e-08
1.63134126297439e-08
1.65610972743646e-08
1.68095146462421e-08
1.705866356922e-08
1.73085428500701e-08
1.75591512784423e-08
1.78104876268154e-08
1.80625506504471e-08
1.8315339087325e-08
1.85688516581167e-08
1.88230870661214e-08
1.90780439972197e-08
1.93337211198255e-08
1.95901170848363e-08
1.98472305255849e-08
2.01050600577898e-08
2.03636042795072e-08
2.06228617710819e-08
2.08828310950989e-08
2.11435107963352e-08
2.14048994017114e-08
2.16669954202434e-08
2.19297973429942e-08
2.2193303643026e-08
2.24575127753523e-08
2.27224231768904e-08
2.29880332664134e-08
2.32543414445028e-08
2.35213460935004e-08
2.37890455774616e-08
2.40574382421078e-08
2.43265224147797e-08
2.45962964043896e-08
2.48667585013751e-08
2.51379069776524e-08
2.54097400865696e-08
2.56822560628599e-08
2.59554531225953e-08
2.62293294631401e-08
2.65038832631049e-08
2.67791126823009e-08
2.70550158616935e-08
2.73315909233561e-08
2.76088359704251e-08
2.78867490870543e-08
2.81653283383698e-08
2.84445717704247e-08
2.87244774101534e-08
2.90050432653272e-08
2.92862673245088e-08
2.95681475570085e-08
2.98506819128387e-08
3.013386832267e-08
3.04177046977865e-08
3.07021889300416e-08
3.09873188918148e-08
3.12730924359672e-08
3.15595073957978e-08
3.18465615850006e-08
3.21342527976205e-08
3.24225788080102e-08
3.27115373707873e-08
3.30011262207905e-08
3.32913430730379e-08
3.35821856226839e-08
3.38736515449768e-08
3.41657384952168e-08
3.44584441087133e-08
3.4751766000743e-08
3.50457017665083e-08
3.53402489810956e-08
3.56354051994339e-08
3.59311679562533e-08
3.62275347660437e-08
3.65245031230141e-08
3.68220705010518e-08
3.71202343536816e-08
3.74189921140253e-08
3.77183411947613e-08
3.80182789880847e-08
3.83188028656676e-08
3.86199101786189e-08
3.8921598257445e-08
3.92238644120107e-08
3.95267059314991e-08
3.98301200843733e-08
4.01341041183373e-08
4.04386552602977e-08
4.07437707163254e-08
4.10494476716167e-08
4.13556832904558e-08
4.16624747161764e-08
4.19698190711239e-08
4.22777134566188e-08
4.2586154952919e-08
4.28951406191828e-08
4.32046674934321e-08
4.35147325925157e-08
4.38253329120723e-08
4.41364654264948e-08
4.44481270888938e-08
4.47603148310625e-08
4.50730255634404e-08
4.53862561750787e-08
4.57000035336044e-08
4.60142644851856e-08
4.63290358544962e-08
4.66443144446816e-08
4.69600970373244e-08
4.72763803924105e-08
4.75931612482957e-08
4.79104363216715e-08
4.82282023075314e-08
4.85464558791378e-08
4.88651936879895e-08
4.91844123637887e-08
4.95041085144082e-08
4.98242787258595e-08
5.014491956226e-08
5.04660275658022e-08
5.07875992567217e-08
5.11096311332657e-08
5.14321196716617e-08
5.17550613260872e-08
5.20784525286384e-08
5.24022896893011e-08
5.27265691959195e-08
5.30512874141666e-08
5.33764406875143e-08
5.37020253372045e-08
5.40280376622198e-08
5.43544739392545e-08
5.46813304226865e-08
5.50086033445485e-08
5.53362889144998e-08
5.56643833197986e-08
5.59928827252743e-08
5.63217832733e-08
5.66510810837661e-08
5.69807722540533e-08
5.73108528590061e-08
5.76413189509064e-08
5.79721665594473e-08
5.83033916917075e-08
5.86349903321263e-08
5.89669584424782e-08
5.92992919618483e-08
5.96319868066072e-08
5.99650388703865e-08
6.02984440240553e-08
6.06321981156963e-08
6.09662969705823e-08
6.13007363911533e-08
6.16355121569931e-08
6.19706200248068e-08
6.23060557283986e-08
6.26418149786502e-08
6.29778934634985e-08
6.33142868479143e-08
6.36509907738811e-08
6.39880008603743e-08
6.4325312703341e-08
6.46629218756795e-08
6.50008239272193e-08
6.53390143847015e-08
6.56774887517593e-08
6.60162425088995e-08
6.63552711134836e-08
6.66945699997093e-08
6.70341345785925e-08
6.73739602379492e-08
6.77140423423785e-08
6.80543762332456e-08
6.83949572286644e-08
6.87357806234816e-08
6.90768416892602e-08
6.94181356742635e-08
6.975965780344e-08
7.01014032784078e-08
7.04433672774399e-08
7.07855449554497e-08
7.1127931443977e-08
7.14705218511735e-08
7.181331126179e-08
7.21562947371627e-08
7.2499467315201e-08
7.28428240103743e-08
7.31863598137002e-08
7.35300696927325e-08
7.38739485915495e-08
7.42179914307435e-08
7.45621931074092e-08
7.49065484951338e-08
7.52510524439864e-08
7.55956997805089e-08
7.59404853077066e-08
7.6285403805039e-08
7.6630450028411e-08
7.69756187101649e-08
7.73209045590716e-08
7.76663022603234e-08
7.80118064755271e-08
7.8357411842697e-08
7.87031129762486e-08
7.90489044669919e-08
7.93947808821261e-08
7.97407367652345e-08
8.00867666362787e-08
8.04328649915949e-08
8.07790263038888e-08
8.11252450222325e-08
8.14715155720602e-08
8.18178323551653e-08
8.21641897496978e-08
8.25105821101617e-08
8.28570037674131e-08
8.3203449028659e-08
8.35499121774562e-08
8.38963874737097e-08
8.42428691536732e-08
8.45893514299484e-08
8.4935828491486e-08
8.52822945035857e-08
8.56287436078982e-08
8.59751699224261e-08
8.63215675415262e-08
8.6667930535912e-08
8.70142529526561e-08
8.73605288151943e-08
8.77067521233281e-08
8.80529168532295e-08
8.83990169574452e-08
8.87450463649013e-08
8.90909989809088e-08
8.9436868687169e-08
8.97826493417796e-08
9.01283347792413e-08
9.04739188104646e-08
9.08193952227775e-08
9.11647577799331e-08
9.1510000222118e-08
9.18551162659607e-08
9.2200099604541e-08
9.25449439073989e-08
9.2889642820545e-08
9.32341899664708e-08
9.35785789441593e-08
9.39228033290969e-08
9.42668566732838e-08
9.46107325052474e-08
9.4954424330054e-08
9.52979256293225e-08
9.56412298612377e-08
9.59843304605641e-08
9.63272208386604e-08
9.66698943834939e-08
9.70123444596562e-08
9.73545644083785e-08
9.76965475475479e-08
9.80382871717238e-08
9.83797765521553e-08
9.87210089367987e-08
9.90619775503355e-08
9.9402675594191e-08
9.9743096246553e-08
1.00083232662391e-07
1.00423077973477e-07
1.00762625288404e-07
1.01101867692609e-07
1.01440798248393e-07
1.01779409994941e-07
1.0211769594835e-07
1.02455649101645e-07
1.02793262424805e-07
1.03130528864788e-07
1.03467441345553e-07
1.03803992768085e-07
1.04140176010423e-07
1.0447598392768e-07
1.04811409352073e-07
1.05146445092951e-07
1.05481083936818e-07
1.05815318647363e-07
1.06149141965486e-07
1.06482546609331e-07
1.0681552527431e-07
1.07148070633134e-07
1.07480175335846e-07
1.07811832009847e-07
1.08143033259932e-07
1.08473771668315e-07
1.08804039794669e-07
1.09133830176151e-07
1.09463135327442e-07
1.09791947740774e-07
1.10120259885969e-07
1.10448064210472e-07
1.10775353139386e-07
1.11102119075505e-07
1.11428354399355e-07
1.11754051469229e-07
1.12079202621221e-07
1.1240380016927e-07
1.12727836405192e-07
1.13051303598722e-07
1.13374193997554e-07
1.13696499827379e-07
1.14018213291925e-07
1.14339326573001e-07
1.14659831830535e-07
1.14979721202616e-07
1.15298986805541e-07
1.15617620733852e-07
1.15935615060384e-07
1.16252961836309e-07
1.16569653091176e-07
1.16885680832962e-07
1.17201037048113e-07
1.17515713701595e-07
1.17829702736938e-07
1.18142996076281e-07
1.18455585620428e-07
1.18767463248885e-07
1.19078620819921e-07
1.19389050170608e-07
1.19698743116876e-07
1.20007691453566e-07
1.20315886954473e-07
1.20623321372408e-07
1.20929986439242e-07
1.21235873865964e-07
1.21540975342733e-07
1.21845282538932e-07
1.22148787103221e-07
1.22451480663597e-07
1.22753354827445e-07
1.23054401181597e-07
1.23354611292389e-07
1.23653976705716e-07
1.23952488947092e-07
1.24250139521711e-07
1.24546919914503e-07
1.24842821590193e-07
1.25137835993365e-07
1.25431954548522e-07
1.25725168660145e-07
1.26017469712757e-07
1.26308849070988e-07
1.26599298079633e-07
1.26888808063722e-07
1.27177370328581e-07
1.27464976159897e-07
1.27751616823785e-07
1.28037283566855e-07
1.28321967616278e-07
1.28605660179851e-07
1.2888835244607e-07
1.29170035584196e-07
1.29450700744324e-07
1.29730339057455e-07
1.30008941635564e-07
1.30286499571672e-07
1.3056300393992e-07
1.30838445795638e-07
1.31112816175418e-07
1.31386106097192e-07
1.31658306560301e-07
1.31929408545573e-07
1.32199403015398e-07
1.324682809138e-07
1.32736033166523e-07
1.33002650681097e-07
1.33268124346926e-07
1.33532445035359e-07
1.33795603599772e-07
1.3405759087565e-07
1.34318397680662e-07
1.34578014814749e-07
1.34836433060198e-07
1.3509364318173e-07
1.35349635926582e-07
1.35604402024588e-07
1.35857932188266e-07
1.361102171129e-07
1.36361247476629e-07
1.36611013940529e-07
1.36859507148703e-07
1.37106717728367e-07
1.37352636289938e-07
1.37597253427122e-07
1.37840559717005e-07
1.38082545720142e-07
1.38323201980647e-07
1.38562519026284e-07
1.38800487368559e-07
1.39037097502815e-07
1.39272339908321e-07
1.39506205048369e-07
1.39738683370366e-07
1.39969765305933e-07
1.40199441270995e-07
1.40427701665882e-07
1.40654536875425e-07
1.40879937269052e-07
1.41103893200887e-07
1.41326395009851e-07
1.4154743301976e-07
1.41766997539425e-07
1.41985078862753e-07
1.42201667268851e-07
1.42416753022126e-07
1.42630326372388e-07
1.42842377554952e-07
1.43052896790749e-07
1.43261874286421e-07
1.43469300234437e-07
1.4367516481319e-07
1.43879458187112e-07
1.44082170506774e-07
1.44283291909001e-07
1.44482812516977e-07
1.44680722440356e-07
1.4487701177537e-07
1.45071670604947e-07
1.45264688998814e-07
1.45456057013613e-07
1.45645764693016e-07
1.45833802067836e-07
1.46020159156142e-07
1.46204825963375e-07
1.46387792482461e-07
1.46569048693933e-07
1.46748584566041e-07
1.46926390054875e-07
1.47102455104483e-07
1.47276769646986e-07
1.47449323602703e-07
1.47620106880269e-07
1.47789109376758e-07
1.479563209778e-07
1.48121731557709e-07
1.48285330979606e-07
1.48447109095537e-07
1.48607055746606e-07
1.48765160763094e-07
1.48921413964588e-07
1.49075805160108e-07
1.49228324148232e-07
1.49378960717226e-07
1.49527704645172e-07
1.496745457001e-07
1.49819473640113e-07
1.49962478213523e-07
1.50103549158981e-07
1.50242676205608e-07
1.50379849073129e-07
1.50515057472006e-07
1.50648291103573e-07
1.50779539660173e-07
1.5090879282529e-07
1.51036040273687e-07
1.51161271671547e-07
1.51284476676602e-07
1.51405644938282e-07
1.51524766097848e-07
1.51641829788532e-07
1.51756825635682e-07
1.51869743256897e-07
1.51980572262174e-07
1.52089302254051e-07
1.52195922827749e-07
1.52300423571313e-07
1.52402794065764e-07
1.52503023885238e-07
1.52601102597139e-07
1.52697019762278e-07
1.52790764935029e-07
1.52882327663471e-07
1.5297169748954e-07
1.53058863949181e-07
1.53143816572495e-07
1.53226544883891e-07
1.53307038402239e-07
1.53385286641026e-07
1.53461279108501e-07
1.53535005307839e-07
1.53606454737287e-07
1.53675616890327e-07
1.53742481255827e-07
1.53807037318202e-07
1.53869274557569e-07
1.53929182449906e-07
1.53986750467212e-07
1.54041968077666e-07
1.54094824745791e-07
1.54145309932609e-07
1.54193413095809e-07
1.54239123689905e-07
1.54282431166405e-07
1.54323324973968e-07
1.54361794558576e-07
1.54397829363696e-07
1.54431418830446e-07
1.54462552397763e-07
1.54491219502573e-07
1.54517409579954e-07
1.54541112063311e-07
1.54562316384543e-07
1.54581011974212e-07
1.54597188261719e-07
1.54610834675473e-07
1.54621940643063e-07
1.54630495591434e-07
1.54636488947061e-07
1.5463991013612e-07
1.5464074858467e-07
1.54638993718824e-07
1.54634634964929e-07
1.54627661749744e-07
1.54618063500617e-07
1.54605829645663e-07
1.54590949613949e-07
1.54573412835671e-07
1.54553208742333e-07
1.54530326766936e-07
1.54504756344154e-07
1.54476486910524e-07
1.54445507904624e-07
1.54411808767262e-07
1.5437537894166e-07
1.54336207873641e-07
1.54294285011817e-07
1.54249599807775e-07
1.54202141716267e-07
1.54151900195398e-07
1.54098864706817e-07
1.5404302471591e-07
1.53984369691985e-07
1.53922889108472e-07
1.53858572443109e-07
1.53791409178139e-07
1.53721388800507e-07
1.53648500802049e-07
1.5357273467969e-07
1.53494079935643e-07
1.53412526077605e-07
1.5332806261895e-07
1.53240679078937e-07
1.53150364982899e-07
1.53057109862451e-07
1.52960903255684e-07
1.52861734707374e-07
1.52759593769177e-07
1.52654469999837e-07
1.52546352965386e-07
1.52435232239351e-07
1.52321097402955e-07
1.52203938045329e-07
1.5208374376371e-07
1.51960504163657e-07
1.5183420885925e-07
1.51704847473306e-07
1.51572409637584e-07
1.51436884992995e-07
1.51298263189813e-07
1.51156533887889e-07
1.51011686756857e-07
1.50863711476354e-07
1.50712597736227e-07
1.50558335236751e-07
1.50400913688842e-07
1.50240322814271e-07
1.50076552345885e-07
1.49909592027818e-07
1.49739431615714e-07
1.49566060876941e-07
1.49389469590812e-07
1.49209647548803e-07
1.49026584554776e-07
1.48840270425198e-07
1.48650694989362e-07
1.48457848089612e-07
1.48261719581564e-07
1.48062299334329e-07
1.4785957723074e-07
1.47653543167577e-07
1.47444187055789e-07
1.47231498820725e-07
1.47015468402359e-07
1.46796085755516e-07
1.46573340850105e-07
1.46347223671345e-07
1.46117724219996e-07
1.4588483251259e-07
1.45648538581658e-07
1.45408832475968e-07
1.45165704260755e-07
1.44919144017953e-07
1.4466914184643e-07
1.44415687862224e-07
1.44158772198774e-07
1.43898385007161e-07
1.43634516456343e-07
1.43367156733388e-07
1.4309629604372e-07
1.4282192461135e-07
1.4254403267912e-07
1.42262610508939e-07
1.41977648382026e-07
1.41689136599153e-07
1.41397065480882e-07
1.41101425367813e-07
1.40802206620823e-07
1.40499399621309e-07
1.40192994771438e-07
1.39882982494385e-07
1.39569353234587e-07
1.39252097457982e-07
1.38931205652259e-07
1.38606668327107e-07
1.3827847601446e-07
1.37946619268749e-07
1.37611088667149e-07
1.37271874809832e-07
1.36928968320215e-07
1.36582359845216e-07
1.36232040055499e-07
1.35877999645734e-07
1.35520229334846e-07
1.35158719866272e-07
1.34793462008211e-07
1.34424446553883e-07
1.34051664321786e-07
1.33675106155947e-07
1.33294762926185e-07
1.32910625528365e-07
1.32522684884658e-07
1.321309319438e-07
1.31735357681349e-07
1.31335953099952e-07
1.30932709229595e-07
1.30525617127876e-07
1.30114667880257e-07
1.29699852600333e-07
1.29281162430093e-07
1.28858588540183e-07
1.28432122130172e-07
1.28001754428816e-07
1.27567476694323e-07
1.27129280214621e-07
1.26687156307621e-07
1.2624109632149e-07
1.25791091634913e-07
1.25337133657365e-07
1.24879213829378e-07
1.24417323622814e-07
1.2395145454113e-07
1.23481598119656e-07
1.23007745925857e-07
1.22529889559613e-07
1.22048020653488e-07
1.21562130873003e-07
1.21072211916909e-07
1.20578255517463e-07
1.20080253440702e-07
1.19578197486717e-07
1.19072079489929e-07
1.18561891319367e-07
1.18047624878944e-07
1.17529272107735e-07
1.17006824980252e-07
1.16480275506727e-07
1.15949615733387e-07
1.15414837742737e-07
1.14875933653838e-07
1.14332895622588e-07
1.13785715842001e-07
1.13234386542494e-07
1.12678899992163e-07
1.12119248497072e-07
1.1155542440153e-07
1.1098742008838e-07
1.10415227979279e-07
1.09838840534986e-07
1.09258250255644e-07
1.0867344968107e-07
1.08084431391038e-07
1.07491188005567e-07
1.06893712185206e-07
1.06291996631327e-07
1.05686034086405e-07
1.05075817334316e-07
1.04461339200619e-07
1.0384259255285e-07
1.0321957030081e-07
1.02592265396854e-07
1.01960670836188e-07
1.01324779657155e-07
1.00684584941527e-07
1.00040079814803e-07
9.9391257446494e-08
9.87381110504224e-08
9.80806338850138e-08
9.74188192535912e-08
9.67526605046702e-08
9.60821510322537e-08
9.54072842761277e-08
9.47280537221574e-08
9.40444529025835e-08
9.3356475396319e-08
9.2664114829247e-08
9.19673648745185e-08
9.12662192528498e-08
9.05606717328219e-08
8.98507161311792e-08
8.91363463131287e-08
8.84175561926401e-08
8.7694339732746e-08
8.69666909458425e-08
8.623460389399e-08
8.54980726892147e-08
8.4757091493811e-08
8.40116545206429e-08
8.32617560334469e-08
8.25073903471348e-08
8.17485518280967e-08
8.09852348945054e-08
8.02174340166205e-08
7.94451437170925e-08
7.86683585712675e-08
7.78870732074922e-08
7.71012823074197e-08
7.63109806063151e-08
7.55161628933622e-08
7.47168240119696e-08
7.39129588600778e-08
7.31045623904666e-08
7.2291629611062e-08
7.14741555852447e-08
7.06521354321577e-08
6.98255643270152e-08
6.89944375014112e-08
6.81587502436293e-08
6.73184978989514e-08
6.64736758699682e-08
6.56242796168884e-08
6.4770304657849e-08
6.39117465692265e-08
6.30486009859475e-08
6.21808636018006e-08
6.13085301697471e-08
6.04315965022333e-08
5.95500584715018e-08
5.86639120099043e-08
5.77731531102143e-08
5.68777778259395e-08
5.59777822716357e-08
5.50731626232196e-08
5.41639151182825e-08
5.32500360564038e-08
5.23315217994653e-08
5.14083687719651e-08
5.0480573461333e-08
4.95481324182448e-08
4.86110422569374e-08
4.76692996555237e-08
4.67229013563079e-08
4.57718441661011e-08
4.48161249565377e-08
4.3855740664391e-08
4.28906882918894e-08
4.19209649070327e-08
4.09465676439088e-08
3.99674937030105e-08
3.89837403515524e-08
3.79953049237882e-08
3.7002184821328e-08
3.6004377513455e-08
3.50018805374438e-08
3.39946914988779e-08
3.29828080719674e-08
3.19662279998672e-08
3.09449490949953e-08
2.9918969239351e-08
2.88882863848335e-08
2.78528985535604e-08
2.68128038381857e-08
2.57680004022195e-08
2.47184864803463e-08
2.36642603787448e-08
2.26053204754063e-08
2.1541665220454e-08
2.04732931364623e-08
1.94002028187758e-08
1.83223929358296e-08
1.72398622294679e-08
1.61526095152643e-08
1.50606336828411e-08
1.39639336961891e-08
1.28625085939878e-08
1.17563574899249e-08
1.0645479573016e-08
9.52987410792454e-09
8.40954043528137e-09
7.28447797200531e-09
6.15468621162305e-09
5.02016472458906e-09
3.88091315860552e-09
2.7369312389422e-09
1.58821876875666e-09
4.34775629414366e-10
-7.23398219191321e-10
-1.88630273831928e-09
-3.05393781006069e-09
-4.22630323701907e-09
-5.40339874199041e-09
-6.5852239676432e-09
-7.77177847619851e-09
-8.96306174911017e-09
-1.01590731867451e-08
-1.1359812108064e-08
-1.25652777503014e-08
-1.37754692686463e-08
-1.49903857359224e-08
-1.6210026142269e-08
-1.74343893948214e-08
-1.86634743173919e-08
-1.98972796501507e-08
-2.11358040493069e-08
-2.23790460867897e-08
-2.36270042499296e-08
-2.48796769411394e-08
-2.61370624775959e-08
-2.73991590909218e-08
-2.86659649268674e-08
-2.99374780449923e-08
-3.12136964183475e-08
-3.24946179331578e-08
-3.37802403885037e-08
-3.5070561496005e-08
-3.63655788795025e-08
-3.76652900747413e-08
-3.89696925290533e-08
-4.02787836010408e-08
-4.15925605602601e-08
-4.2911020586905e-08
-4.42341607714912e-08
-4.55619781145402e-08
-4.68944695262639e-08
-4.82316318262487e-08
-4.95734617431403e-08
-5.09199559143285e-08
-5.22711108856329e-08
-5.36269231109885e-08
-5.49873889521316e-08
-5.6352504678286e-08
-5.77222664658489e-08
-5.9096670398078e-08
-6.04757124647781e-08
-6.18593885619883e-08
-6.32476944916699e-08
-6.46406259613943e-08
-6.60381785840306e-08
-6.74403478774347e-08
-6.88471292641372e-08
-7.02585180710333e-08
-7.1674509529072e-08
-7.3095098772946e-08
-7.45202808407819e-08
-7.59500506738306e-08
-7.73844031161581e-08
-7.88233329143373e-08
-8.02668347171394e-08
-8.17149030752257e-08
-8.31675324408404e-08
-8.46247171675031e-08
-8.60864515097025e-08
-8.75527296225894e-08
-8.9023545561671e-08
-9.04988932825054e-08
-9.19787666403967e-08
-9.34631593900903e-08
-9.49520651854686e-08
-9.64454775792479e-08
-9.79433900226746e-08
-9.94457958652228e-08
-1.00952688354291e-07
-1.02464060634902e-07
-1.039799057494e-07
-1.0550021663715e-07
-1.07024986134237e-07
-1.08554206973169e-07
-1.10087871782574e-07
-1.11625973086904e-07
-1.13168503306136e-07
-1.14715454755472e-07
-1.16266819645046e-07
-1.17822590079624e-07
-1.19382758058308e-07
-1.20947315474244e-07
-1.22516254114323e-07
-1.24089565658891e-07
-1.25667241681449e-07
-1.27249273648367e-07
-1.28835652918587e-07
-1.30426370743332e-07
-1.32021418265817e-07
-1.33620786520952e-07
-1.35224466435061e-07
-1.36832448825586e-07
-1.384447244008e-07
-1.4006128375952e-07
-1.41682117390819e-07
-1.43307215673738e-07
-1.44936568877001e-07
-1.46570167158732e-07
-1.48208000566166e-07
-1.49850059035367e-07
-1.51496332390948e-07
-1.53146810345781e-07
-1.54801482500722e-07
-1.56460338344328e-07
-1.58123367252574e-07
-1.5979055848858e-07
-1.61461901202323e-07
-1.63137384430366e-07
-1.64816997095581e-07
-1.66500728006865e-07
-1.68188565858875e-07
-1.69880499231744e-07
-1.71576516590812e-07
-1.7327660628635e-07
-1.7498075655329e-07
-1.76688955510951e-07
-1.78401191162771e-07
-1.80117451396033e-07
-1.818377239816e-07
-1.83561996573645e-07
-1.85290256709383e-07
-1.87022491808805e-07
-1.88758689174415e-07
-1.90498835990959e-07
-1.92242919325169e-07
-1.93990926125494e-07
-1.95742843221841e-07
-1.97498657325313e-07
-1.99258355027949e-07
-2.01021922802466e-07
-2.02789347001999e-07
-2.04560613859844e-07
-2.06335709489203e-07
-2.08114619882927e-07
-2.09897330913263e-07
-2.11683828331599e-07
-2.13474097768216e-07
-2.15268124732029e-07
-2.17065894610345e-07
-2.18867392668607e-07
-2.20672604050151e-07
-2.22481513775953e-07
-2.24294106744389e-07
-2.26110367730987e-07
-2.2793028138818e-07
-2.2975383224507e-07
-2.31581004707179e-07
-2.33411783056214e-07
-2.35246151449822e-07
-2.37084093921356e-07
-2.38925594379636e-07
-2.4077063660871e-07
-2.42619204267624e-07
-2.44471280890183e-07
-2.4632684988472e-07
-2.48185894533867e-07
-2.5004839799432e-07
-2.5191434329661e-07
-2.5378371334488e-07
-2.55656490916652e-07
-2.57532658662603e-07
-2.5941219910634e-07
-2.61295094644181e-07
-2.63181327544926e-07
-2.65070879949642e-07
-2.66963733871438e-07
-2.68859871195252e-07
-2.7075927367763e-07
-2.72661922946512e-07
-2.74567800501016e-07
-2.76476887711227e-07
-2.78389165817983e-07
-2.80304615932663e-07
-2.82223219036985e-07
-2.84144955982788e-07
-2.86069807491832e-07
-2.8799775415559e-07
-2.89928776435045e-07
-2.91862854660487e-07
-2.93799969031312e-07
-2.95740099615821e-07
-2.97683226351023e-07
-2.9962932904244e-07
-3.01578387363904e-07
-3.03530380857372e-07
-3.05485288932727e-07
-3.07443090867587e-07
-3.09403765807122e-07
-3.11367292763853e-07
-3.13333650617478e-07
-3.15302818114678e-07
-3.17274773868934e-07
-3.19249496360349e-07
-3.21226963935464e-07
-3.23207154807077e-07
-3.25190047054066e-07
-3.27175618621215e-07
-3.29163847319035e-07
-3.31154710823593e-07
-3.33148186676341e-07
-3.35144252283943e-07
-3.37142884918108e-07
-3.39144061715424e-07
-3.41147759677188e-07
-3.43153955669249e-07
-3.45162626421839e-07
-3.47173748529416e-07
-3.49187298450505e-07
-3.51203252507538e-07
-3.53221586886703e-07
-3.55242277637784e-07
-3.57265300674012e-07
-3.59290631771915e-07
-3.61318246571168e-07
-3.63348120574442e-07
-3.65380229147265e-07
-3.67414547517872e-07
-3.69451050777067e-07
-3.71489713878079e-07
-3.73530511636427e-07
-3.75573418729781e-07
-3.77618409697826e-07
-3.7966545894213e-07
-3.81714540726011e-07
-3.83765629174409e-07
-3.85818698273755e-07
-3.87873721871847e-07
-3.89930673677726e-07
-3.91989527261553e-07
-3.94050256054486e-07
-3.96112833348563e-07
-3.98177232296585e-07
-4.00243425912001e-07
-4.02311387068793e-07
-4.04381088501366e-07
-4.06452502804438e-07
-4.08525602432931e-07
-4.10600359701868e-07
-4.1267674678627e-07
-4.14754735721048e-07
-4.1683429840091e-07
-4.1891540658026e-07
-4.20998031873101e-07
-4.23082145752943e-07
-4.2516771955271e-07
-4.2725472446465e-07
-4.29343131540246e-07
-4.31432911690132e-07
-4.33524035684009e-07
-4.3561647415056e-07
-4.37710197577374e-07
-4.39805176310865e-07
-4.41901380556198e-07
-4.43998780377214e-07
-4.46097345696359e-07
-4.48197046294617e-07
-4.50297851811436e-07
-4.52399731744668e-07
-4.54502655450505e-07
-4.56606592143417e-07
-4.58711510896092e-07
-4.60817380639382e-07
-4.62924170162246e-07
-4.65031848111699e-07
-4.67140382992761e-07
-4.69249743168406e-07
-4.71359896859521e-07
-4.73470812144861e-07
-4.75582456961006e-07
-4.77694799102322e-07
-4.79807806220925e-07
-4.81921445826645e-07
-4.84035685286994e-07
-4.86150491827136e-07
-4.8826583252986e-07
-4.90381674335552e-07
-4.92497984042171e-07
-4.94614728305232e-07
-4.96731873637784e-07
-4.98849386410396e-07
-5.00967232851138e-07
-5.03085379045578e-07
-5.0520379093676e-07
-5.07322434325209e-07
-5.0944127486892e-07
-5.11560278083355e-07
-5.13679409341447e-07
-5.15798633873601e-07
-5.17917916767699e-07
-5.20037222969105e-07
-5.22156517280678e-07
-5.24275764362782e-07
-5.26394928733302e-07
-5.28513974767661e-07
-5.3063286669884e-07
-5.32751568617398e-07
-5.348700444715e-07
-5.3698825806694e-07
-5.39106173067174e-07
-5.4122375299335e-07
-5.43340961224345e-07
-5.454577609968e-07
-5.4757411540516e-07
-5.4968998740172e-07
-5.51805339796662e-07
-5.5392013525811e-07
-5.56034336312177e-07
-5.58147905343019e-07
-5.60260804592888e-07
-5.62372996162192e-07
-5.64484442009554e-07
-5.66595103951878e-07
-5.68704943664409e-07
-5.70813922680807e-07
-5.72922002393217e-07
-5.75029144052341e-07
-5.77135308767516e-07
-5.79240457506795e-07
-5.81344551097022e-07
-5.83447550223926e-07
-5.85549415432203e-07
-5.87650107125604e-07
-5.89749585567036e-07
-5.91847810878647e-07
-5.93944743041934e-07
-5.96040341897838e-07
-5.98134567146851e-07
-6.00227378349122e-07
-6.02318734924563e-07
-6.0440859615297e-07
-6.06496921174126e-07
-6.08583668987932e-07
-6.10668798454519e-07
-6.12752268294375e-07
-6.14834037088471e-07
-6.16914063278389e-07
-6.1899230516646e-07
-6.21068720915892e-07
-6.23143268550912e-07
-6.25215905956906e-07
-6.27286590880565e-07
-6.29355280930028e-07
-6.31421933575034e-07
-6.33486506147078e-07
-6.35548955839561e-07
-6.3760923970795e-07
-6.39667314669946e-07
-6.41723137505638e-07
-6.43776664857682e-07
-6.45827853231464e-07
-6.47876658995273e-07
-6.49923038380485e-07
-6.51966947481736e-07
-6.54008342257109e-07
-6.56047178528316e-07
-6.58083411980892e-07
-6.60116998164381e-07
-6.62147892492538e-07
-6.6417605024352e-07
-6.66201426560095e-07
-6.68223976449838e-07
-6.70243654785344e-07
-6.7226041630444e-07
-6.74274215610394e-07
-6.76285007172135e-07
-6.78292745324474e-07
-6.80297384268322e-07
-6.82298878070922e-07
-6.84297180666077e-07
-6.86292245854382e-07
-6.88284027303463e-07
-6.90272478548211e-07
-6.92257552991029e-07
-6.94239203902077e-07
-6.96217384419518e-07
-6.98192047549774e-07
-7.00163146167779e-07
-7.02130633017238e-07
-7.0409446071089e-07
-7.06054581730775e-07
-7.08010948428496e-07
-7.099635130255e-07
-7.11912227613346e-07
-7.13857044153986e-07
-7.15797914480048e-07
-7.1773479029512e-07
-7.19667623174039e-07
-7.21596364563183e-07
-7.23520965780764e-07
-7.25441378017131e-07
-7.27357552335069e-07
-7.29269439670105e-07
-7.31176990830815e-07
-7.33080156499141e-07
-7.34978887230704e-07
-7.36873133455123e-07
-7.38762845476336e-07
-7.4064797347293e-07
-7.42528467498467e-07
-7.44404277481816e-07
-7.46275353227495e-07
-7.48141644416003e-07
-7.50003100604172e-07
-7.51859671225507e-07
-7.53711305590537e-07
-7.55557952887176e-07
-7.57399562181071e-07
-7.59236082415968e-07
-7.61067462414077e-07
-7.62893650876437e-07
-7.6471459638329e-07
-7.66530247394455e-07
-7.68340552249709e-07
-7.70145459169165e-07
-7.71944916253663e-07
-7.73738871485155e-07
-7.75527272727102e-07
-7.77310067724866e-07
-7.79087204106115e-07
-7.80858629381225e-07
-7.82624290943686e-07
-7.84384136070517e-07
-7.8613811192268e-07
-7.87886165545494e-07
-7.89628243869064e-07
-7.91364293708703e-07
-7.93094261765362e-07
-7.94818094626064e-07
-7.9653573876434e-07
-7.98247140540674e-07
-7.9995224620294e-07
-8.01651001886856e-07
-8.03343353616435e-07
-8.05029247304438e-07
-8.0670862875284e-07
-8.08381443653284e-07
-8.10047637587556e-07
-8.11707156028052e-07
-8.1335994433825e-07
-8.15005947773196e-07
-8.16645111479978e-07
-8.18277380498216e-07
-8.1990269976055e-07
-8.21521014093138e-07
-8.23132268216148e-07
-8.24736406744261e-07
-8.26333374187179e-07
-8.27923114950129e-07
-8.2950557333438e-07
-8.31080693537755e-07
-8.32648419655159e-07
-8.34208695679096e-07
-8.357614655002e-07
-8.37306672907768e-07
-8.38844261590296e-07
-8.40374175136017e-07
-8.41896357033447e-07
-8.43410750671931e-07
-8.44917299342196e-07
-8.46415946236909e-07
-8.47906634451232e-07
-8.49389306983389e-07
-8.50863906735232e-07
-8.52330376512813e-07
-8.53788659026958e-07
-8.55238696893849e-07
-8.56680432635606e-07
-8.58113808680874e-07
-8.59538767365417e-07
-8.60955250932711e-07
-8.62363201534541e-07
-8.63762561231613e-07
-8.65153271994151e-07
-8.66535275702515e-07
-8.67908514147818e-07
-8.69272929032539e-07
-8.70628461971153e-07
-8.71975054490754e-07
-8.73312648031688e-07
-8.7464118394819e-07
-8.75960603509023e-07
-8.77270847898121e-07
-8.7857185821524e-07
-8.79863575476611e-07
-8.8114594061559e-07
-8.82418894483324e-07
-8.83682377849413e-07
-8.84936331402579e-07
-8.8618069575134e-07
-8.87415411424684e-07
-8.88640418872754e-07
-8.89855658467527e-07
-8.91061070503508e-07
-8.92256595198421e-07
-8.93442172693911e-07
-8.94617743056238e-07
-8.9578324627699e-07
-8.96938622273789e-07
-8.98083810891005e-07
-8.99218751900478e-07
-9.00343385002237e-07
-9.01457649825229e-07
-9.02561485928047e-07
-9.03654832799667e-07
-9.04737629860189e-07
-9.05809816461576e-07
-9.06871331888406e-07
-9.07922115358624e-07
-9.08962106024296e-07
-9.09991242972367e-07
-9.11009465225432e-07
-9.12016711742502e-07
-9.13012921419773e-07
-9.13998033091411e-07
-9.14971985530329e-07
-9.15934717448972e-07
-9.1688616750011e-07
-9.17826274277632e-07
-9.18754976317343e-07
-9.19672212097768e-07
-9.20577920040958e-07
-9.21472038513303e-07
-9.22354505826346e-07
-9.23225260237606e-07
-9.240842399514e-07
-9.24931383119675e-07
-9.25766627842837e-07
-9.26589912170588e-07
-9.27401174102772e-07
-9.28200351590216e-07
-9.28987382535583e-07
-9.29762204794225e-07
-9.30524756175046e-07
-9.31274974441362e-07
-9.32012797311765e-07
-9.32738162461003e-07
-9.33451007520847e-07
-9.3415127008098e-07
-9.34838887689876e-07
-9.35513797855692e-07
-9.3617593804716e-07
-9.36825245694487e-07
-9.37461658190254e-07
-9.38085112890326e-07
-9.38695547114762e-07
-9.39292898148727e-07
-9.39877103243418e-07
-9.40448099616982e-07
-9.4100582445545e-07
-9.41550214913663e-07
-9.42081208116217e-07
-9.42598741158398e-07
-9.43102751107132e-07
-9.43593175001933e-07
-9.44069949855859e-07
-9.44533012656471e-07
-9.44982300366797e-07
-9.45417749926298e-07
-9.45839298251843e-07
-9.46246882238681e-07
-9.46640438761429e-07
-9.4701990467505e-07
-9.47385216815848e-07
-9.47736312002459e-07
-9.48073127036853e-07
-9.48395598705336e-07
-9.48703663779556e-07
-9.48997259017518e-07
-9.49276321164595e-07
-9.49540786954555e-07
-9.49790593110579e-07
-9.50025676346295e-07
-9.50245973366812e-07
-9.50451420869758e-07
-9.50641955546322e-07
-9.50817514082303e-07
-9.50978033159157e-07
-9.5112344945506e-07
-9.5125369964596e-07
-9.51368720406648e-07
-9.51468448411827e-07
-9.51552820337183e-07
-9.51621772860464e-07
-9.51675242662565e-07
-9.51713166428612e-07
-9.51735480849053e-07
-9.51742122620755e-07
-9.51733028448103e-07
-9.51708135044104e-07
-9.51667379131501e-07
-9.5161069744388e-07
-9.51538026726789e-07
-9.51449303738865e-07
-9.51344465252957e-07
-9.51223448057259e-07
-9.51086188956441e-07
-9.50932624772794e-07
-9.50762692347372e-07
-9.5057632854114e-07
-9.50373470236131e-07
-9.50154054336599e-07
-9.49918017770181e-07
-9.49665297489067e-07
-9.49395830471165e-07
-9.49109553721283e-07
-9.48806404272305e-07
-9.48486319186375e-07
-9.48149235556086e-07
-9.47795090505673e-07
-9.47423821192207e-07
-9.470353648068e-07
-9.46629658575813e-07
-9.4620663976206e-07
-9.45766245666027e-07
-9.45308413627091e-07
-9.44833081024742e-07
-9.44340185279812e-07
-9.43829663855706e-07
-9.43301454259638e-07
-9.42755494043878e-07
-9.42191720806989e-07
-9.41610072195081e-07
-9.41010485903065e-07
-9.40392899675911e-07
-9.3975725130991e-07
-9.39103478653941e-07
-9.38431519610745e-07
-9.37741312138201e-07
-9.37032794250602e-07
-9.36305904019943e-07
-9.35560579577209e-07
-9.34796759113669e-07
-9.34014380882172e-07
-9.3321338319845e-07
-9.32393704442422e-07
-9.31555283059508e-07
-9.30698057561943e-07
-9.29821966530094e-07
-9.28926948613786e-07
-9.28012942533628e-07
-9.27079887082343e-07
-9.2612772112611e-07
-9.25156383605901e-07
-9.24165813538826e-07
-9.23155950019484e-07
-9.22126732221313e-07
-9.21078099397952e-07
-9.20009990884599e-07
-9.18922346099379e-07
-9.17815104544719e-07
-9.16688205808713e-07
-9.15541589566511e-07
-9.14375195581694e-07
-9.13188963707668e-07
-9.11982833889053e-07
-9.10756746163076e-07
-9.09510640660976e-07
-9.08244457609405e-07
-9.06958137331841e-07
-9.05651620249996e-07
-9.04324846885235e-07
-9.02977757859995e-07
-9.01610293899214e-07
-9.00222395831757e-07
-8.98814004591853e-07
-8.97385061220532e-07
-8.95935506867065e-07
-8.94465282790411e-07
-8.9297433036067e-07
-8.91462591060529e-07
-8.89930006486731e-07
-8.8837651835153e-07
-8.86802068484163e-07
-8.85206598832317e-07
-8.83590051463605e-07
-8.81952368567046e-07
-8.80293492454546e-07
-8.7861336556239e-07
-8.76911930452728e-07
-8.75189129815071e-07
-8.73444906467793e-07
-8.7167920335963e-07
-8.69891963571192e-07
-8.68083130316469e-07
-8.66252646944353e-07
-8.64400456940152e-07
-8.62526503927119e-07
-8.60630731667972e-07
-8.58713084066432e-07
-8.56773505168754e-07
-8.54811939165269e-07
-8.52828330391924e-07
-8.50822623331834e-07
-8.48794762616829e-07
-8.46744693029011e-07
-8.4467235950231e-07
-8.42577707124051e-07
-8.40460681136518e-07
-8.38321226938527e-07
-8.36159290086996e-07
-8.33974816298528e-07
-8.31767751450991e-07
-8.29538041585104e-07
-8.27285632906029e-07
-8.25010471784961e-07
-8.22712504760727e-07
-8.20391678541386e-07
-8.18047940005839e-07
-8.15681236205434e-07
-8.13291514365579e-07
-8.10878721887357e-07
-8.08442806349149e-07
-8.05983715508255e-07
-8.03501397302523e-07
-8.00995799851982e-07
-7.98466871460472e-07
-7.95914560617286e-07
-7.93338815998814e-07
-7.90739586470184e-07
-7.88116821086916e-07
-7.85470469096572e-07
-7.82800479940415e-07
-7.80106803255071e-07
-7.77389388874187e-07
-7.74648186830103e-07
-7.71883147355524e-07
-7.69094220885192e-07
-7.66281358057566e-07
-7.63444509716506e-07
-7.60583626912952e-07
-7.57698660906618e-07
-7.54789563167683e-07
-7.51856285378485e-07
-7.48898779435225e-07
-7.45916997449662e-07
-7.42910891750828e-07
-7.39880414886729e-07
-7.36825519626066e-07
-7.33746158959943e-07
-7.30642286103595e-07
-7.27513854498108e-07
-7.24360817812141e-07
-7.21183129943662e-07
-7.1798074502168e-07
-7.14753617407976e-07
-7.11501701698849e-07
-7.08224952726855e-07
-7.04923325562557e-07
-7.01596775516268e-07
-6.98245258139813e-07
-6.94868729228274e-07
-6.91467144821759e-07
-6.88040461207157e-07
-6.84588634919908e-07
-6.8111162274577e-07
-6.77609381722589e-07
-6.74081869142075e-07
-6.70529042551581e-07
-6.66950859755883e-07
-6.63347278818963e-07
-6.59718258065798e-07
-6.56063756084148e-07
-6.52383731726353e-07
-6.48678144111125e-07
-6.44946952625347e-07
-6.41190116925877e-07
-6.37407596941354e-07
-6.33599352874001e-07
-6.29765345201443e-07
-6.25905534678514e-07
-6.22019882339075e-07
-6.18108349497838e-07
-6.14170897752182e-07
-6.10207488983983e-07
-6.06218085361435e-07
-6.02202649340891e-07
-5.98161143668686e-07
-5.94093531382979e-07
-5.8999977581559e-07
-5.85879840593843e-07
-5.81733689642408e-07
-5.7756128718515e-07
-5.73362597746977e-07
-5.69137586155691e-07
-5.64886217543846e-07
-5.60608457350602e-07
-5.56304271323588e-07
-5.5197362552076e-07
-5.47616486312272e-07
-5.43232820382339e-07
-5.38822594731106e-07
-5.34385776676524e-07
-5.29922333856223e-07
-5.25432234229389e-07
-5.20915446078643e-07
-5.16371938011924e-07
-5.11801678964375e-07
-5.07204638200225e-07
-5.02580785314683e-07
-4.97930090235826e-07
-4.93252523226493e-07
-4.8854805488618e-07
-4.83816656152943e-07
-4.79058298305292e-07
-4.74272952964095e-07
-4.69460592094485e-07
-4.64621188007764e-07
-4.59754713363313e-07
-4.54861141170502e-07
-4.49940444790605e-07
-4.4499259793871e-07
-4.40017574685642e-07
-4.35015349459879e-07
-4.29985897049473e-07
-4.24929192603973e-07
-4.1984521163635e-07
-4.14733930024925e-07
-4.09595324015295e-07
-4.04429370222264e-07
-3.99236045631777e-07
-3.94015327602853e-07
-3.88767193869521e-07
-3.83491622542757e-07
-3.78188592112424e-07
-3.72858081449211e-07
-3.6750006980658e-07
-3.62114536822707e-07
-3.56701462522427e-07
-3.51260827319187e-07
-3.45792612016989e-07
-3.40296797812343e-07
-3.34773366296223e-07
-3.29222299456014e-07
-3.23643579677473e-07
-3.18037189746682e-07
-3.12403112852008e-07
-3.06741332586062e-07
-3.01051832947659e-07
-2.95334598343782e-07
-2.89589613591543e-07
-2.83816863920151e-07
-2.78016334972875e-07
-2.72188012809014e-07
-2.66331883905863e-07
-2.60447935160684e-07
-2.54536153892677e-07
-2.48596527844954e-07
-2.42629045186506e-07
-2.36633694514186e-07
-2.30610464854673e-07
-2.2455934566646e-07
-2.18480326841822e-07
-2.12373398708798e-07
-2.06238552033173e-07
-2.00075778020451e-07
-1.93885068317842e-07
-1.87666415016239e-07
-1.81419810652206e-07
-1.75145248209954e-07
-1.68842721123331e-07
-1.62512223277805e-07
-1.56153749012449e-07
-1.49767293121928e-07
-1.43352850858485e-07
-1.36910417933928e-07
-1.30439990521618e-07
-1.23941565258459e-07
-1.17415139246884e-07
-1.10860710056849e-07
-1.04278275727819e-07
-9.76678347707567e-08
-9.10293861701201e-08
-8.43629293858474e-08
-7.76684643553509e-08
-7.09459914955084e-08
-6.4195511704655e-08
-5.74170263645754e-08
-5.06105373424965e-08
-4.37760469930795e-08
-3.69135581604131e-08
-3.00230741800062e-08
-2.31045988807807e-08
-1.61581365870648e-08
-9.18369212058539e-09
-2.18127080246151e-09
4.8491215448031e-09
1.19074785953272e-08
1.89937935178595e-08
2.61080589737862e-08
3.32502671151386e-08
4.04204095826007e-08
4.76184775035173e-08
5.48444614899028e-08
6.20983516364501e-08
6.93801375185397e-08
7.66898081902489e-08
8.4027352182362e-08
9.13927575003807e-08
9.87860116225348e-08
1.06207101497794e-07
1.13656013543879e-07
1.21132733645275e-07
1.28637247151246e-07
1.36169538873845e-07
1.43729593085933e-07
1.51317393519191e-07
1.58932923362138e-07
1.66576165258147e-07
1.74247101303464e-07
1.81945713045225e-07
1.89671981479476e-07
1.97425887049195e-07
2.05207409642312e-07
2.1301652858973e-07
2.20853222663353e-07
2.28717470074108e-07
2.3660924846997e-07
2.4452853493399e-07
2.52475305982324e-07
2.60449537562261e-07
2.68451205050256e-07
2.76480283249958e-07
2.84536746390247e-07
2.92620568123269e-07
3.0073172152247e-07
3.08870179080633e-07
3.17035912707921e-07
3.25228893729916e-07
3.3344909288566e-07
3.41696480325702e-07
3.49971025610138e-07
3.58272697706666e-07
3.66601464988629e-07
3.74957295233069e-07
3.83340155618779e-07
3.91750012724358e-07
4.00186832526265e-07
4.08650580396881e-07
4.17141221102567e-07
4.25658718801727e-07
4.34203037042873e-07
4.42774138762691e-07
4.51371986284109e-07
4.59996541314367e-07
4.68647764943095e-07
4.77325617640384e-07
4.86030059254863e-07
4.94761049011783e-07
5.03518545511095e-07
5.12302506725538e-07
5.21112889998724e-07
5.2994965204323e-07
5.38812748938686e-07
5.47702136129875e-07
5.56617768424828e-07
5.65559599992923e-07
5.74527584362992e-07
5.8352167442142e-07
5.9254182241026e-07
6.01587979925342e-07
6.10660097914384e-07
6.19758126675112e-07
6.28882015853382e-07
6.38031714441295e-07
6.47207170775334e-07
6.56408332534483e-07
6.65635146738369e-07
6.74887559745388e-07
6.84165517250851e-07
6.93468964285121e-07
7.02797845211763e-07
7.12152103725687e-07
7.21531682851304e-07
7.30936524940681e-07
7.40366571671698e-07
7.49821764046209e-07
7.59302042388213e-07
7.68807346342022e-07
7.7833761487043e-07
7.87892786252895e-07
7.97472798083718e-07
8.07077587270227e-07
8.16707090030967e-07
8.26361241893891e-07
8.36039977694555e-07
8.45743231574319e-07
8.5547093697855e-07
8.65223026654834e-07
8.74999432651181e-07
8.8480008631425e-07
8.94624918287566e-07
9.04473858509743e-07
9.14346836212717e-07
9.24243779919973e-07
9.34164617444789e-07
9.44109275888479e-07
9.54077681638634e-07
9.64069760367379e-07
9.74085437029625e-07
9.84124635861331e-07
9.94187280377771e-07
1.0042732933718e-06
1.01438259691213e-06
1.02451511234161e-06
1.03467076027551e-06
1.04484946059983e-06
1.05505113246953e-06
1.06527569430691e-06
1.07552306379988e-06
1.08579315790023e-06
1.09608589282203e-06
1.10640118403987e-06
1.11673894628721e-06
1.12709909355474e-06
1.13748153908868e-06
1.14788619538913e-06
1.15831297420842e-06
1.16876178654946e-06
1.17923254266409e-06
1.18972515205147e-06
1.2002395234564e-06
1.21077556486774e-06
1.22133318351677e-06
1.23191228587557e-06
1.24251277765543e-06
1.25313456380523e-06
1.26377754850985e-06
1.27444163518857e-06
1.2851267264935e-06
1.295832724308e-06
1.30655952974509e-06
1.3173070431459e-06
1.32807516407812e-06
1.33886379133439e-06
1.34967282293083e-06
1.36050215610546e-06
1.37135168731664e-06
1.38222131224159e-06
1.39311092577484e-06
1.40402042202672e-06
1.41494969432185e-06
1.42589863519764e-06
1.4368671364028e-06
1.44785508889584e-06
1.45886238284358e-06
1.46988890761972e-06
1.48093455180331e-06
1.49199920317735e-06
1.50308274872726e-06
1.51418507463952e-06
1.52530606630017e-06
1.53644560829341e-06
1.54760358440013e-06
1.55877987759656e-06
1.56997437005278e-06
1.58118694313141e-06
1.59241747738611e-06
1.60366585256027e-06
1.61493194758561e-06
1.62621564058077e-06
1.63751680885e-06
1.64883532888177e-06
1.66017107634741e-06
1.67152392609981e-06
1.68289375217203e-06
1.69428042777603e-06
1.7056838253013e-06
1.71710381631358e-06
1.72854027155356e-06
1.73999306093555e-06
1.75146205354625e-06
1.76294711764341e-06
1.77444812065462e-06
1.785964929176e-06
1.79749740897097e-06
1.80904542496901e-06
1.82060884126442e-06
1.83218752111507e-06
1.84378132694123e-06
1.85539012032429e-06
1.86701376200562e-06
1.87865211188537e-06
1.89030502902125e-06
1.90197237162737e-06
1.9136539970731e-06
1.92534976188189e-06
1.93705952173012e-06
1.94878313144597e-06
1.96052044500827e-06
1.97227131554543e-06
1.98403559533427e-06
1.99581313579894e-06
2.00760378750983e-06
2.01940740018252e-06
2.03122382267662e-06
2.04305290299479e-06
2.05489448828166e-06
2.06674842482276e-06
2.07861455804351e-06
2.09049273250818e-06
2.1023827919189e-06
2.11428457911464e-06
2.12619793607018e-06
2.13812270389518e-06
2.15005872283318e-06
2.16200583226063e-06
2.17396387068592e-06
2.18593267574847e-06
2.19791208421777e-06
2.20990193199247e-06
2.22190205409944e-06
2.23391228469289e-06
2.24593245705347e-06
2.2579624035874e-06
2.27000195582557e-06
2.28205094442267e-06
2.29410919915641e-06
2.30617654892658e-06
2.31825282175432e-06
2.3303378447812e-06
2.3424314442685e-06
2.35453344559638e-06
2.36664367326305e-06
2.37876195088408e-06
2.39088810119157e-06
2.40302194603343e-06
2.41516330637262e-06
2.42731200228643e-06
2.43946785296577e-06
2.45163067671444e-06
2.46380029094846e-06
2.47597651219538e-06
2.48815915609358e-06
2.50034803739167e-06
2.51254296994776e-06
2.52474376672888e-06
2.53695023981036e-06
2.54916220037517e-06
2.56137945871335e-06
2.57360182422142e-06
2.58582910540179e-06
2.59806110986222e-06
2.61029764431524e-06
2.62253851457762e-06
2.63478352556982e-06
2.64703248131552e-06
2.65928518494108e-06
2.67154143867505e-06
2.68380104384771e-06
2.69606380089058e-06
2.70832950933599e-06
2.72059796781662e-06
2.73286897406508e-06
2.7451423249135e-06
2.7574178162931e-06
2.76969524323385e-06
2.78197439986403e-06
2.79425507940993e-06
2.80653707419545e-06
2.81882017564178e-06
2.83110417426709e-06
2.8433888596862e-06
2.85567402061029e-06
2.8679594448466e-06
2.8802449192982e-06
2.89253022996367e-06
2.9048151619369e-06
2.91709949940687e-06
2.92938302565739e-06
2.94166552306693e-06
2.9539467731084e-06
2.96622655634902e-06
2.97850465245013e-06
2.99078084016704e-06
3.00305489734888e-06
3.01532660093854e-06
3.0275957269725e-06
3.03986205058077e-06
3.05212534598681e-06
3.06438538650746e-06
3.07664194455289e-06
3.08889479162659e-06
3.10114369832531e-06
3.11338843433908e-06
3.12562876845122e-06
3.13786446853836e-06
3.15009530157046e-06
3.1623210336109e-06
3.17454142981653e-06
3.18675625443774e-06
3.19896527081855e-06
3.21116824139679e-06
3.22336492770413e-06
3.23555509036631e-06
3.24773848910324e-06
3.2599148827292e-06
3.27208402915301e-06
3.28424568537827e-06
3.29639960750352e-06
3.30854555072254e-06
3.32068326932455e-06
3.33281251669449e-06
3.34493304531332e-06
3.35704460675829e-06
3.36914695170326e-06
3.38123982991904e-06
3.39332299027374e-06
3.40539618073307e-06
3.4174591483608e-06
3.42951163931909e-06
3.44155339886894e-06
3.45358417137057e-06
3.4656037002839e-06
3.47761172816898e-06
3.48960799668647e-06
3.50159224659813e-06
3.51356421776732e-06
3.52552364915953e-06
3.53747027884291e-06
3.54940384398884e-06
3.56132408087246e-06
3.5732307248733e-06
3.58512351047588e-06
3.59700217127031e-06
3.60886643995293e-06
3.62071604832698e-06
3.63255072730325e-06
3.64437020690082e-06
3.65617421624768e-06
3.66796248358153e-06
3.67973473625048e-06
3.69149070071381e-06
3.70323010254274e-06
3.71495266642127e-06
3.72665811614692e-06
3.73834617463159e-06
3.75001656390241e-06
3.76166900510258e-06
3.77330321849227e-06
3.78491892344949e-06
3.79651583847101e-06
3.80809368117334e-06
3.81965216829358e-06
3.83119101569051e-06
3.84270993834546e-06
3.85420865036339e-06
3.86568686497389e-06
3.8771442945322e-06
3.88858065052029e-06
3.89999564354792e-06
3.91138898335374e-06
3.9227603788064e-06
3.9341095379057e-06
3.94543616778367e-06
3.95673997470585e-06
3.96802066407236e-06
3.97927794041919e-06
3.99051150741936e-06
4.00172106788421e-06
4.01290632376462e-06
4.02406697615232e-06
4.03520272528116e-06
4.04631327052846e-06
4.05739831041628e-06
4.06845754261287e-06
4.07949066393395e-06
4.09049737034417e-06
4.10147735695845e-06
4.11243031804349e-06
4.12335594701916e-06
4.13425393645999e-06
4.14512397809667e-06
4.15596576281752e-06
4.16677898067005e-06
4.17756332086251e-06
4.1883184717654e-06
4.19904412091314e-06
4.20973995500559e-06
4.22040565990972e-06
4.23104092066126e-06
4.24164542146634e-06
4.25221884570318e-06
4.26276087592379e-06
4.27327119385571e-06
4.28374948040372e-06
4.29419541565164e-06
4.30460867886408e-06
4.31498894848826e-06
4.32533590215584e-06
4.33564921668473e-06
4.34592856808101e-06
4.35617363154074e-06
4.36638408145193e-06
4.37655959139643e-06
4.38669983415188e-06
4.39680448169366e-06
4.40687320519692e-06
4.41690567503853e-06
4.42690156079914e-06
4.43686053126524e-06
4.44678225443117e-06
4.45666639750129e-06
4.46651262689201e-06
4.47632060823396e-06
4.48609000637414e-06
4.4958204853781e-06
4.50551170853209e-06
4.51516333834533e-06
4.52477503655221e-06
4.53434646411456e-06
4.54387728122392e-06
4.55336714730384e-06
4.56281572101218e-06
4.57222266024349e-06
4.58158762213135e-06
4.59091026305075e-06
4.60019023862048e-06
4.60942720370559e-06
4.61862081241983e-06
4.62777071812809e-06
4.63687657344894e-06
4.64593803025707e-06
4.65495473968591e-06
4.66392635213011e-06
4.67285251724817e-06
4.68173288396501e-06
4.69056710047459e-06
4.69935481424255e-06
4.70809567200891e-06
4.7167893197907e-06
4.72543540288474e-06
4.73403356587028e-06
4.74258345261184e-06
4.75108470626192e-06
4.75953696926384e-06
4.76793988335453e-06
4.77629308956738e-06
4.7845962282351e-06
4.79284893899261e-06
4.80105086077996e-06
4.80920163184523e-06
4.81730088974749e-06
4.8253482713598e-06
4.83334341287218e-06
4.84128594979464e-06
4.84917551696021e-06
4.85701174852804e-06
4.86479427798644e-06
4.87252273815602e-06
4.88019676119283e-06
4.88781597859147e-06
4.89538002118831e-06
4.90288851916469e-06
4.91034110205011e-06
4.91773739872552e-06
4.92507703742656e-06
4.93235964574687e-06
4.93958485064138e-06
4.94675227842968e-06
4.95386155479934e-06
4.96091230480933e-06
4.96790415289341e-06
4.97483672286359e-06
4.98170963791352e-06
4.98852252062201e-06
4.99527499295656e-06
5.00196667627681e-06
5.00859719133814e-06
5.01516615829523e-06
5.02167319670562e-06
5.02811792553339e-06
5.03449996315272e-06
5.04081892735163e-06
5.0470744353356e-06
5.05326610373135e-06
5.05939354859049e-06
5.06545638539335e-06
5.07145422905273e-06
5.07738669391768e-06
5.08325339377739e-06
5.08905394186496e-06
5.09478795086136e-06
5.10045503289924e-06
5.10605479956694e-06
5.11158686191236e-06
5.11705083044699e-06
5.12244631514987e-06
5.1277729254716e-06
5.13303027033842e-06
5.13821795815625e-06
5.14333559681475e-06
5.1483827936915e-06
5.15335915565606e-06
5.15826428907419e-06
5.16309779981199e-06
5.16785929324017e-06
5.17254837423822e-06
5.1771646471987e-06
5.18170771603149e-06
5.18617718416814e-06
5.19057265456614e-06
5.19489372971334e-06
5.19914001163228e-06
5.20331110188459e-06
5.20740660157547e-06
5.21142611135805e-06
5.21536923143796e-06
5.21923556157774e-06
5.22302470110142e-06
5.22673624889903e-06
5.23036980343123e-06
5.23392496273381e-06
5.23740132442242e-06
5.2407984856971e-06
5.24411604334704e-06
5.24735359375521e-06
5.25051073290311e-06
5.2535870563755e-06
5.25658215936518e-06
5.25949563667776e-06
5.26232708273648e-06
5.26507609158703e-06
5.26774225690247e-06
5.27032517198805e-06
5.27282442978616e-06
5.27523962288125e-06
5.27757034350481e-06
5.27981618354031e-06
5.28197673452827e-06
5.28405158767125e-06
5.28604033383894e-06
5.28794256357322e-06
5.28975786709326e-06
5.29148583430069e-06
5.29312605478473e-06
5.29467811782736e-06
5.29614161240855e-06
5.29751612721148e-06
5.29880125062779e-06
5.29999657076287e-06
5.30110167544116e-06
5.30211615221149e-06
5.3030395883524e-06
5.30387157087756e-06
5.30461168654112e-06
5.30525952184321e-06
5.30581466303532e-06
5.30627669612581e-06
5.30664520688542e-06
5.30691978085277e-06
5.30710000333991e-06
5.30718545943794e-06
5.30717573402254e-06
5.30707041175966e-06
5.30686907711111e-06
5.30657131434029e-06
5.30617670751782e-06
5.30568484052733e-06
5.30509529707117e-06
5.30440766067618e-06
5.30362151469951e-06
5.30273644233439e-06
5.30175202661606e-06
5.30066785042754e-06
5.29948349650559e-06
5.29819854744663e-06
5.29681258571265e-06
5.29532519363719e-06
5.29373595343133e-06
5.29204444718972e-06
5.29025025689661e-06
5.28835296443191e-06
5.28635215157729e-06
5.2842474000223e-06
5.28203829137051e-06
5.27972440714566e-06
5.27730532879783e-06
5.27478063770972e-06
5.27214991520279e-06
5.26941274254361e-06
5.26656870095011e-06
5.26361737159787e-06
5.26055833562649e-06
5.25739117414593e-06
5.25411546824289e-06
5.25073079898724e-06
5.24723674743842e-06
5.24363289465191e-06
5.23991882168571e-06
5.23609410960685e-06
5.23215833949791e-06
5.22811109246359e-06
5.22395194963727e-06
5.21968049218759e-06
5.21529630132514e-06
5.21079895830905e-06
5.20618804445369e-06
5.20146314113533e-06
5.19662382979894e-06
5.19166969196486e-06
5.18660030923559e-06
5.18141526330261e-06
5.17611413595318e-06
5.17069650907718e-06
5.16516196467397e-06
5.1595100848593e-06
5.15374045187219e-06
5.1478526480819e-06
5.14184625599488e-06
5.13572085826173e-06
5.12947603768426e-06
5.12311137722246e-06
5.11662646000161e-06
5.11002086931933e-06
5.10329418865269e-06
5.09644600166533e-06
5.08947589221462e-06
5.08238344435883e-06
5.07516824236433e-06
5.0678298707128e-06
5.0603679141085e-06
5.0527819574855e-06
5.04507158601499e-06
5.03723638511259e-06
5.0292759404457e-06
5.02118983794084e-06
5.01297766379105e-06
5.00463900446327e-06
4.99617344670582e-06
4.9875805775558e-06
4.97885998434659e-06
4.97001125471536e-06
4.96103397661056e-06
4.9519277382995e-06
4.94269212837587e-06
4.9333267357674e-06
4.9238311497434e-06
4.91420495992244e-06
4.90444775628e-06
4.89455912915615e-06
4.88453866926323e-06
4.87438596769363e-06
4.86410061592748e-06
4.85368220584047e-06
4.8431303297116e-06
4.83244458023102e-06
4.82162455050787e-06
4.81066983407813e-06
4.79958002491249e-06
4.7883547174243e-06
4.77699350647745e-06
4.76549598739431e-06
4.75386175596377e-06
4.74209040844917e-06
4.73018154159631e-06
4.71813475264153e-06
4.70594963931974e-06
4.69362579987251e-06
4.68116283305615e-06
4.66856033814986e-06
4.65581791496385e-06
4.64293516384754e-06
4.62991168569769e-06
4.61674708196668e-06
4.60344095467067e-06
4.58999290639789e-06
4.57640254031691e-06
4.56266946018492e-06
4.54879327035605e-06
4.5347735757897e-06
4.5206099820589e-06
4.50630209535868e-06
4.49184952251449e-06
4.47725187099058e-06
4.46250874889846e-06
4.44761976500537e-06
4.43258452874272e-06
4.41740265021466e-06
4.4020737402065e-06
4.38659741019334e-06
4.37097327234859e-06
4.35520093955253e-06
4.33928002540097e-06
4.3232101442138e-06
4.30699091104369e-06
4.2906219416847e-06
4.274102852681e-06
4.25743326133554e-06
4.24061278571879e-06
4.22364104467748e-06
4.20651765784333e-06
4.18924224564183e-06
4.17181442930108e-06
4.15423383086054e-06
4.13650007317993e-06
4.11861277994803e-06
4.10057157569157e-06
4.08237608578414e-06
4.06402593645506e-06
4.04552075479835e-06
4.02686016878164e-06
4.00804380725517e-06
3.98907129996073e-06
3.96994227754072e-06
3.95065637154711e-06
3.93121321445051e-06
3.91161243964922e-06
3.8918536814783e-06
3.87193657521866e-06
3.85186075710619e-06
3.83162586434086e-06
3.81123153509587e-06
3.79067740852683e-06
3.76996312478092e-06
3.74908832500608e-06
3.72805265136026e-06
3.70685574702062e-06
3.68549725619276e-06
3.66397682412003e-06
3.6422940970928e-06
3.62044872245771e-06
3.59844034862705e-06
3.57626862508804e-06
3.55393320241223e-06
3.53143373226479e-06
3.50876986741395e-06
3.48594126174037e-06
3.46294757024656e-06
3.4397884490663e-06
3.41646355547409e-06
3.39297254789458e-06
3.36931508591209e-06
3.34549083028008e-06
3.32149944293063e-06
3.29734058698398e-06
3.27301392675808e-06
3.24851912777809e-06
3.22385585678601e-06
3.19902378175019e-06
3.17402257187498e-06
3.14885189761031e-06
3.12351143066129e-06
3.09800084399792e-06
3.07231981186464e-06
3.04646800979007e-06
3.02044511459666e-06
2.99425080441038e-06
2.96788475867042e-06
2.94134665813894e-06
2.91463618491076e-06
2.88775302242313e-06
2.86069685546545e-06
2.83346737018913e-06
2.80606425411726e-06
2.7784871961545e-06
2.75073588659682e-06
2.72281001714136e-06
2.69470928089625e-06
2.66643337239048e-06
2.63798198758371e-06
2.60935482387619e-06
2.5805515801186e-06
2.55157195662198e-06
2.52241565516758e-06
2.49308237901686e-06
2.46357183292132e-06
2.43388372313253e-06
2.404017757412e-06
2.3739736450412e-06
2.34375109683149e-06
2.31334982513413e-06
2.28276954385023e-06
2.2520099684408e-06
2.22107081593675e-06
2.18995180494887e-06
2.15865265567791e-06
2.12717308992462e-06
2.09551283109975e-06
2.06367160423417e-06
2.03164913598889e-06
1.99944515466518e-06
1.96705939021463e-06
1.93449157424924e-06
1.90174144005156e-06
1.86880872258474e-06
1.83569315850272e-06
1.80239448616032e-06
1.76891244562338e-06
1.73524677867891e-06
1.70139722884524e-06
1.66736354138218e-06
1.63314546330119e-06
1.59874274337556e-06
1.56415513215055e-06
1.52938238195364e-06
1.49442424690469e-06
1.45928048292613e-06
1.42395084775321e-06
1.38843510094417e-06
1.35273300389046e-06
1.31684431982701e-06
1.28076881384243e-06
1.24450625288922e-06
1.20805640579408e-06
1.1714190432681e-06
1.13459393791703e-06
1.09758086425153e-06
1.06037959869745e-06
1.0229899196061e-06
9.85411607264458e-07
9.47644443905538e-07
9.09688213718599e-07
8.71542702859456e-07
8.33207699460755e-07
7.94682993642269e-07
7.55968377521183e-07
7.17063645222397e-07
6.77968592888819e-07
6.38683018691667e-07
5.99206722840773e-07
5.59539507594888e-07
5.19681177271991e-07
4.79631538259594e-07
4.39390399025059e-07
3.98957570125908e-07
3.58332864220136e-07
3.17516096076529e-07
2.76507082584976e-07
2.35305642766792e-07
1.93911597785032e-07
1.5232477095481e-07
1.10544987753618e-07
6.8572075831641e-08
2.64058650220792e-08
-1.5953812648537e-08
-5.85071229500288e-08
-1.01254229438253e-07
-1.44195293444787e-07
-1.87330474066614e-07
-2.30659928155812e-07
-2.7418381030924e-07
-3.17902272858233e-07
-3.61815465858289e-07
-4.05923537078769e-07
-4.50226631992594e-07
-4.94724893765941e-07
-5.39418463247947e-07
-5.84307478960419e-07
-6.29392077087538e-07
-6.74672391465576e-07
-7.2014855357261e-07
-7.65820692518242e-07
-8.11688935033324e-07
-8.57753405459687e-07
-9.04014225739874e-07
-9.50471515406878e-07
-9.97125391573885e-07
-1.04397596892402e-06
-1.09102335970011e-06
-1.13826767369443e-06
-1.18570901823847e-06
-1.23334749819271e-06
-1.28118321593643e-06
-1.3292162713574e-06
-1.37744676184179e-06
-1.42587478226388e-06
-1.47450042497591e-06
-1.52332377979785e-06
-1.57234493400729e-06
-1.6215639723292e-06
-1.67098097692579e-06
-1.72059602738636e-06
-1.77040920071715e-06
-1.82042057133121e-06
-1.87063021103826e-06
-1.92103818903455e-06
-1.9716445718928e-06
-2.02244942355207e-06
-2.07345280530765e-06
-2.12465477580102e-06
-2.17605539100975e-06
-2.22765470423748e-06
-2.2794527661038e-06
-2.33144962453429e-06
-2.38364532475045e-06
-2.43603990925972e-06
-2.48863341784541e-06
-2.54142588755681e-06
-2.59441735269913e-06
-2.64760784482358e-06
-2.70099739271739e-06
-2.7545860223939e-06
-2.80837375708261e-06
-2.8623606172193e-06
-2.91654662043609e-06
-2.9709317815516e-06
-3.02551611256105e-06
-3.08029962262643e-06
-3.13528231806663e-06
-3.19046420234765e-06
-3.24584527607278e-06
-3.30142553697279e-06
-3.35720497989619e-06
-3.41318359679943e-06
-3.46936137673718e-06
-3.52573830585261e-06
-3.58231436736766e-06
-3.63908954157336e-06
-3.69606380582014e-06
-3.75323713450821e-06
-3.81060949907786e-06
-3.8681808679999e-06
-3.92595120676602e-06
-3.98392047787925e-06
-4.04208864084433e-06
-4.10045565215821e-06
-4.15902146530053e-06
-4.21778603072411e-06
-4.27674929584545e-06
-4.33591120503526e-06
-4.39527169960906e-06
-4.45483071781771e-06
-4.51458819483805e-06
-4.57454406276348e-06
-4.63469825059465e-06
-4.6950506842301e-06
-4.75560128645695e-06
-4.81634997694159e-06
-4.87729667222046e-06
-4.93844128569076e-06
-4.99978372760128e-06
-5.06132390504316e-06
-5.12306172194074e-06
-5.18499707904243e-06
-5.24712987391154e-06
-5.30946000091724e-06
-5.37198735122546e-06
-5.43471181278984e-06
-5.49763327034272e-06
-5.56075160538615e-06
-5.62406669618295e-06
-5.6875784177477e-06
-5.7512866418379e-06
-5.81519123694503e-06
-5.87929206828575e-06
-5.94358899779301e-06
-6.0080818841073e-06
-6.07277058256785e-06
-6.13765494520389e-06
-6.20273482072594e-06
-6.26801005451716e-06
-6.33348048862463e-06
-6.39914596175076e-06
-6.46500630924473e-06
-6.53106136309386e-06
-6.59731095191513e-06
-6.66375490094665e-06
-6.73039303203921e-06
-6.79722516364785e-06
-6.86425111082342e-06
-6.93147068520426e-06
-6.99888369500781e-06
-7.06648994502234e-06
-7.13428923659868e-06
-7.20228136764198e-06
-7.27046613260347e-06
-7.33884332247236e-06
-7.40741272476763e-06
-7.47617412353001e-06
-7.54512729931384e-06
-7.61427202917912e-06
-7.68360808668346e-06
-7.75313524187414e-06
-7.8228532612802e-06
-7.89276190790457e-06
-7.96286094121622e-06
-8.03315011714234e-06
-8.10362918806059e-06
-8.17429790279136e-06
-8.24515600659009e-06
-8.31620324113964e-06
-8.38743934454264e-06
-8.45886405131391e-06
-8.530477092373e-06
-8.60227819503664e-06
-8.67426708301129e-06
-8.74644347638578e-06
-8.81880709162387e-06
-8.89135764155702e-06
-8.96409483537699e-06
-9.0370183786287e-06
-9.11012797320299e-06
-9.18342331732949e-06
-9.25690410556946e-06
-9.33057002880877e-06
-9.40442077425084e-06
-9.47845602540969e-06
-9.55267546210301e-06
-9.62707876044527e-06
-9.70166559284087e-06
-9.77643562797733e-06
-9.85138853081857e-06
-9.92652396259815e-06
-1.00018415808127e-05
-1.00773410392152e-05
-1.01530219878086e-05
-1.02288840728391e-05
-1.03049269367899e-05
-1.03811502183743e-05
-1.04575535525302e-05
-1.05341365704128e-05
-1.06108988993893e-05
-1.06878401630317e-05
-1.07649599811114e-05
-1.08422579695928e-05
-1.09197337406272e-05
-1.09973869025467e-05
-1.10752170598586e-05
-1.11532238132391e-05
-1.12314067595277e-05
-1.13097654917212e-05
-1.13882995989681e-05
-1.1467008666563e-05
-1.15458922759406e-05
-1.16249500046703e-05
-1.17041814264511e-05
-1.17835861111052e-05
-1.18631636245734e-05
-1.19429135289093e-05
-1.20228353822744e-05
-1.21029287389322e-05
-1.21831931492436e-05
-1.22636281596616e-05
-1.23442333127259e-05
-1.24250081470584e-05
-1.25059521973579e-05
-1.25870649943953e-05
-1.26683460650088e-05
-1.27497949320989e-05
-1.28314111146238e-05
-1.29131941275951e-05
-1.29951434820725e-05
-1.30772586851599e-05
-1.31595392400004e-05
-1.32419846457724e-05
-1.33245943976847e-05
-1.34073679869727e-05
-1.3490304900894e-05
-1.35734046227239e-05
-1.36566666317519e-05
-1.37400904032772e-05
-1.38236754086049e-05
-1.39074211150422e-05
-1.39913269858944e-05
-1.4075392480461e-05
-1.41596170540324e-05
-1.42440001578859e-05
-1.43285412392822e-05
-1.44132397414621e-05
-1.44980951036428e-05
-1.45831067610146e-05
-1.46682741447377e-05
-1.47535966819389e-05
-1.48390737957083e-05
-1.49247049050966e-05
-1.50104894251116e-05
-1.50964267667156e-05
-1.51825163368222e-05
-1.5268757538294e-05
-1.53551497699392e-05
-1.54416924265096e-05
-1.55283848986975e-05
-1.56152265731335e-05
-1.57022168323838e-05
-1.57893550549481e-05
-1.5876640615257e-05
-1.59640728836701e-05
-1.60516512264736e-05
-1.61393750058783e-05
-1.62272435800178e-05
-1.63152563029462e-05
-1.64034125246366e-05
-1.64917115909793e-05
-1.65801528437797e-05
-1.66687356207573e-05
-1.67574592555438e-05
-1.68463230776818e-05
-1.69353264126233e-05
-1.70244685817283e-05
-1.71137489022641e-05
-1.72031666874036e-05
-1.72927212462244e-05
-1.73824118837082e-05
-1.74722379007394e-05
-1.75621985941046e-05
-1.76522932564917e-05
-1.77425211764894e-05
-1.78328816385868e-05
-1.79233739231725e-05
-1.80139973065344e-05
-1.81047510608597e-05
-1.81956344542342e-05
-1.82866467506424e-05
-1.83777872099676e-05
-1.84690550879917e-05
-1.85604496363954e-05
-1.86519701027585e-05
-1.874361573056e-05
-1.88353857591789e-05
-1.89272794238941e-05
-1.90192959558854e-05
-1.91114345822341e-05
-1.92036945259236e-05
-1.92960750058404e-05
-1.93885752367748e-05
-1.94811944294222e-05
-1.95739317903841e-05
-1.96667865221693e-05
-1.97597578231951e-05
-1.98528448877889e-05
-1.99460469061895e-05
-2.00393630645486e-05
-2.01327925449329e-05
-2.02263345253254e-05
-2.03199881796275e-05
-2.04137526776607e-05
-2.05076271851693e-05
-2.06016108638215e-05
-2.06957028712128e-05
-2.07899023608673e-05
-2.08842084822411e-05
-2.0978620380724e-05
-2.10731371976427e-05
-2.11677580702631e-05
-2.12624821317937e-05
-2.1357308511388e-05
-2.14522363341478e-05
-2.15472647211263e-05
-2.16423927893314e-05
-2.17376196517289e-05
-2.18329444172459e-05
-2.19283661907746e-05
-2.20238840731758e-05
-2.21194971612826e-05
-2.22152045479043e-05
-2.23110053218305e-05
-2.24068985678348e-05
-2.25028833666794e-05
-2.25989587951191e-05
-2.26951239259059e-05
-2.27913778277933e-05
-2.28877195655407e-05
-2.29841481999187e-05
-2.30806627877134e-05
-2.31772623817314e-05
-2.32739460308051e-05
-2.33707127797975e-05
-2.34675616696078e-05
-2.35644917371762e-05
-2.36615020154901e-05
-2.3758591533589e-05
-2.38557593165709e-05
-2.39530043855972e-05
-2.40503257578995e-05
-2.4147722446785e-05
-2.4245193461643e-05
-2.43427378079511e-05
-2.44403544872814e-05
-2.45380424973071e-05
-2.46358008318093e-05
-2.47336284806832e-05
-2.48315244299456e-05
-2.49294876617413e-05
-2.50275171543502e-05
-2.5125611882195e-05
-2.52237708158479e-05
-2.53219929220384e-05
-2.54202771636606e-05
-2.55186224997809e-05
-2.56170278856461e-05
-2.5715492272691e-05
-2.58140146085461e-05
-2.59125938370465e-05
-2.60112288982396e-05
-2.61099187283936e-05
-2.62086622600062e-05
-2.6307458421813e-05
-2.64063061387964e-05
-2.65052043321942e-05
-2.66041519195091e-05
-2.67031478145172e-05
-2.6802190927278e-05
-2.69012801641429e-05
-2.70004144277656e-05
-2.70995926171111e-05
-2.71988136274657e-05
-2.72980763504467e-05
-2.73973796740128e-05
-2.74967224824737e-05
-2.7596103656501e-05
-2.76955220731379e-05
-2.77949766058104e-05
-2.78944661243375e-05
-2.79939894949423e-05
-2.80935455802626e-05
-2.81931332393621e-05
-2.82927513277419e-05
-2.83923986973512e-05
-2.84920741965993e-05
-2.85917766703667e-05
-2.86915049600175e-05
-2.87912579034104e-05
-2.88910343349114e-05
-2.89908330854058e-05
-2.90906529823099e-05
-2.91904928495841e-05
-2.92903515077452e-05
-2.93902277738788e-05
-2.94901204616526e-05
-2.95900283813289e-05
-2.96899503397781e-05
-2.97898851404913e-05
-2.98898315835943e-05
-2.9989788465861e-05
-3.00897545807267e-05
-3.01897287183022e-05
-3.02897096653875e-05
-3.03896962054864e-05
-3.04896871188197e-05
-3.05896811823408e-05
-3.06896771697492e-05
-3.07896738515057e-05
-3.08896699948469e-05
-3.09896643638004e-05
-3.10896557191994e-05
-3.11896428186986e-05
-3.1289624416789e-05
-3.13895992648139e-05
-3.1489566110984e-05
-3.15895237003937e-05
-3.16894707750368e-05
-3.17894060738227e-05
-3.18893283325928e-05
-3.19892362841364e-05
-3.20891286582081e-05
-3.21890041815435e-05
-3.22888615778769e-05
-3.2388699567958e-05
-3.24885168695688e-05
-3.25883121975415e-05
-3.26880842637752e-05
-3.27878317772543e-05
-3.28875534440658e-05
-3.29872479674174e-05
-3.30869140476554e-05
-3.31865503822833e-05
-3.32861556659798e-05
-3.33857285906175e-05
-3.34852678452818e-05
-3.35847721162894e-05
-3.36842400872075e-05
-3.37836704388733e-05
-3.38830618494126e-05
-3.39824129942599e-05
-3.4081722546178e-05
-3.41809891752774e-05
-3.42802115490369e-05
-3.43793883323232e-05
-3.44785181874113e-05
-3.45775997740052e-05
-3.46766317492583e-05
-3.47756127677944e-05
-3.48745414817283e-05
-3.49734165406872e-05
-3.50722365918319e-05
-3.5171000279878e-05
-3.5269706247118e-05
-3.53683531334427e-05
-3.54669395763632e-05
-3.5565464211033e-05
-3.56639256702702e-05
-3.57623225845802e-05
-3.5860653582178e-05
-3.5958917289011e-05
-3.60571123287822e-05
-3.61552373229729e-05
-3.62532908908664e-05
-3.63512716495711e-05
-3.64491782140443e-05
-3.65470091971161e-05
-3.66447632095129e-05
-3.6742438859882e-05
-3.68400347548158e-05
-3.6937549498876e-05
-3.70349816946187e-05
-3.71323299426187e-05
-3.72295928414949e-05
-3.73267689879351e-05
-3.7423856976722e-05
-3.75208554007579e-05
-3.76177628510911e-05
-3.77145779169412e-05
-3.78112991857254e-05
-3.79079252430849e-05
-3.8004454672911e-05
-3.81008860573719e-05
-3.81972179769393e-05
-3.82934490104152e-05
-3.83895777349596e-05
-3.84856027261171e-05
-3.85815225578447e-05
-3.86773358025397e-05
-3.87730410310671e-05
-3.88686368127875e-05
-3.89641217155863e-05
-3.90594943059007e-05
-3.91547531487493e-05
-3.92498968077607e-05
-3.93449238452017e-05
-3.94398328220074e-05
-3.95346222978097e-05
-3.96292908309675e-05
-3.97238369785956e-05
-3.98182592965954e-05
-3.99125563396844e-05
-4.00067266614263e-05
-4.0100768814262e-05
-4.01946813495398e-05
-4.02884628175462e-05
-4.03821117675369e-05
-4.04756267477683e-05
-4.05690063055282e-05
-4.06622489871682e-05
-4.07553533381347e-05
-4.08483179030011e-05
-4.09411412255002e-05
-4.10338218485562e-05
-4.11263583143172e-05
-4.1218749164188e-05
-4.13109929388631e-05
-4.14030881783596e-05
-4.14950334220505e-05
-4.15868272086982e-05
-4.16784680764883e-05
-4.17699545630633e-05
-4.18612852055569e-05
-4.19524585406278e-05
-4.20434731044947e-05
-4.21343274329706e-05
-4.22250200614977e-05
-4.23155495251824e-05
-4.24059143588308e-05
-4.2496113096984e-05
-4.25861442739536e-05
-4.26760064238576e-05
-4.27656980806566e-05
-4.285521777819e-05
-4.29445640502121e-05
-4.30337354304292e-05
-4.31227304525364e-05
-4.32115476502542e-05
-4.33001855573663e-05
-4.33886427077569e-05
-4.3476917635448e-05
-4.35650088746376e-05
-4.36529149597377e-05
-4.37406344254125e-05
-4.3828165806617e-05
-4.39155076386354e-05
-4.40026584571204e-05
-4.40896167981321e-05
-4.41763811981769e-05
-4.42629501942476e-05
-4.43493223238629e-05
-4.44354961251071e-05
-4.45214701366704e-05
-4.46072428978894e-05
-4.46928129487874e-05
-4.47781788301151e-05
-4.48633390833916e-05
-4.4948292250946e-05
-4.5033036875958e-05
-4.51175715025002e-05
-4.52018946755796e-05
-4.52860049411793e-05
-4.53699008463014e-05
-4.54535809390089e-05
-4.55370437684687e-05
-4.5620287884994e-05
-4.5703311840088e-05
-4.57861141864866e-05
-4.58686934782022e-05
-4.59510482705674e-05
-4.60331771202789e-05
-4.61150785854417e-05
-4.61967512256132e-05
-4.62781936018484e-05
-4.6359404276744e-05
-4.64403818144837e-05
-4.65211247808836e-05
-4.66016317434375e-05
-4.66819012713623e-05
-4.67619319356445e-05
-4.68417223090856e-05
-4.69212709663492e-05
-4.70005764840069e-05
-4.70796374405851e-05
-4.71584524166125e-05
-4.72370199946667e-05
-4.73153387594219e-05
-4.73934072976968e-05
-4.7471224198502e-05
-4.75487880530882e-05
-4.76260974549949e-05
-4.77031510000983e-05
-4.77799472866607e-05
-4.78564849153789e-05
-4.7932762489434e-05
-4.80087786145402e-05
-4.80845318989951e-05
-4.81600209537292e-05
-4.82352443923558e-05
-4.83102008312221e-05
-4.83848888894586e-05
-4.84593071890311e-05
-4.85334543547907e-05
-4.86073290145259e-05
-4.86809297990135e-05
-4.87542553420702e-05
-4.88273042806052e-05
-4.89000752546715e-05
-4.89725669075188e-05
-4.90447778856462e-05
-4.91167068388546e-05
-4.91883524203001e-05
-4.92597132865471e-05
-4.9330788097622e-05
-4.9401575517067e-05
-4.94720742119936e-05
-4.95422828531376e-05
-4.96122001149128e-05
-4.96818246754664e-05
-4.97511552167331e-05
-4.9820190424491e-05
-4.98889289884167e-05
-4.99573696021407e-05
-5.00255109633036e-05
-5.00933517736117e-05
-5.01608907388941e-05
-5.02281265691585e-05
-5.02950579786483e-05
-5.03616836858998e-05
-5.04280024137989e-05
-5.04940128896393e-05
-5.05597138451795e-05
-5.06251040167016e-05
-5.06901821450687e-05
-5.07549469757839e-05
-5.08193972590488e-05
-5.08835317498221e-05
-5.09473492078795e-05
-5.10108483978722e-05
-5.10740280893873e-05
-5.11368870570072e-05
-5.11994240803698e-05
-5.12616379442289e-05
-5.13235274385149e-05
-5.13850913583953e-05
-5.14463285043363e-05
-5.15072376821636e-05
-5.15678177031241e-05
-5.16280673839478e-05
-5.16879855469098e-05
-5.17475710198925e-05
-5.18068226364481e-05
-5.18657392358615e-05
-5.19243196632133e-05
-5.19825627694428e-05
-5.20404674114118e-05
-5.20980324519679e-05
-5.21552567600091e-05
-5.22121392105477e-05
-5.22686786847753e-05
-5.23248740701262e-05
-5.23807242603415e-05
-5.24362281555362e-05
-5.24913846622687e-05
-5.25461926936067e-05
-5.2600651169182e-05
-5.26547590152426e-05
-5.27085151647335e-05
-5.27619185574209e-05
-5.28149681399845e-05
-5.28676628659567e-05
-5.29200016955653e-05
-5.29719835958957e-05
-5.30236075416993e-05
-5.30748725160685e-05
-5.31257775091496e-05
-5.31763215149163e-05
-5.32265035311485e-05
-5.3276322568612e-05
-5.33257776621156e-05
-5.33748678580407e-05
-5.34235921688995e-05
-5.34719495548621e-05
-5.35199390292878e-05
-5.35675598349275e-05
-5.36148113565058e-05
-5.36616925250137e-05
-5.37082013605478e-05
-5.37543361002507e-05
-5.38000978063019e-05
-5.38454902836988e-05
-5.38905126881499e-05
-5.39351510466428e-05
-5.39793889450948e-05
-5.4023243840873e-05
-5.4066779950616e-05
-5.41100218570107e-05
-5.41528166662149e-05
-5.4194913268285e-05
-5.42364413162627e-05
-5.42782538567548e-05
-5.43209911637081e-05
-5.43630192655432e-05
-5.44006198213886e-05
-5.44339804601247e-05
-5.44737215915186e-05
-5.45318292202314e-05
-5.45927121598371e-05
-5.46044530765447e-05
-5.45493908451725e-05
-5.45513098979848e-05
-5.48015191020717e-05
-5.51547050705682e-05
-5.47527580119143e-05
-5.23610616834761e-05
-4.73777649196288e-05
-4.04149385116606e-05
-3.27174521166369e-05
-2.51536753478403e-05
-1.78789842340898e-05
-1.07115430526508e-05
-3.53629999414185e-06
3.62000954710035e-06
1.06929108903333e-05
1.76465473519165e-05
2.44634464025776e-05
3.11215905304943e-05
3.7599653757038e-05
4.38994217903256e-05
5.00576141677392e-05
5.61321604792484e-05
6.21638911049764e-05
6.81243447936225e-05
7.38721495794212e-05
7.91553847632281e-05
8.3694656530783e-05
8.73405625794705e-05
9.0236330177144e-05
9.2881470154079e-05
9.60174466213108e-05
0.000100326247227239
0.000106016265854639
0.000112458782558518
0.000118120097347667
0.000121026584794078
0.00011977464795498
0.000114665831824321
0.000108210752636036
0.000104404232771863
0.000106874226824428
0.000116771859151004
0.000131509451371658
0.000145030601333004
0.000149620268220248
0.000138810633296875
0.000110696824961937
7.04600406961909e-05
3.00267307352083e-05
2.93307202229254e-06
-4.2887342873807e-06
2.60276613879933e-06
1.10800174522492e-05
1.43059911112054e-05
1.36458878224167e-05
6.23352940996992e-06
-1.87189950879702e-05
-5.97551076507722e-05
-8.79056160635733e-05
-6.61236945590075e-05
1.58698720766853e-05
0.000129257273915466
0.000223420107772817
0.000253955024385741
0.000204224183326678
9.35022296124609e-05
-2.96859206821322e-05
-0.000107303268992031
-9.85058032205093e-05
-2.64764643252139e-06
0.000133395406109811
0.000230774992576745
0.000213558367560257
4.78560625775527e-05
-0.000234635754350431
-0.000542362941985825
-0.000758711588313359
-0.000791511303325781
-0.000615224802680889
-0.000285955248372732
7.95034529492026e-05
0.000353640595434151
0.000456059713968603
0.000391626180462574
0.000248080387723334
0.000151945316760647
0.000204584360410123
0.000431386216417413
0.000768325940542606
0.00108914038625255
0.00125846883266616
0.00118949868166473
0.000885067923946531
0.000444322679844544
2.66482922542932e-05
-0.000215895395113291
-0.000206309431215035
2.47646319316809e-05
0.000358631566918101
0.000648474881581228
0.00078765234769253
0.000753589034309513
0.000609841691140684
0.000469633016324288
0.000440393340883896
0.000574923325726147
0.000849592450605936
0.00117705555682128
0.00144657183569999
0.00157416648278134
0.00154001328177067
0.00139389182619179
0.00122361994229816
0.00110227701410887
0.0010451227175716
0.00100317935404086
0.000897391033921192
0.000671082296116056
0.000328304880158954
-6.25232692872934e-05
-0.000397885804087371
-0.000583398904485233
-0.000572672262142463
-0.000386875028236379
-0.000108273941225783
0.000152619368796004
0.000307326831682757
0.000335777831830459
0.000301067945158571
0.000315887374099874
0.000472132486900145
0.000773239912585912
0.0011136418216922
0.00132336621807293
0.00125463623042515
0.000860641428403328
0.000222915914786203
-0.000484035180593628
-0.00106867907631485
-0.0014019499317037
-0.0014682748998059
-0.00136946907391877
-0.00127704651416779
-0.00134596926184807
-0.0016245276266211
-0.00200840814173681
-0.00227386933689963
-0.00218371604324995
-0.00161454217566374
-0.000636399487914591
0.000500194740898325
0.00146530037996696
0.00198905651434041
0.00197403826843865
0.00153133747193917
0.000926102551914874
0.0004548214670037
0.000305001057852109
0.000460798350659825
0.000705778790512797
0.000732299793276078
0.000311085671706899
-0.000564170739294415
-0.00163733279306606
-0.00248553988792693
-0.00271062319008689
-0.0021345855649164
-0.000900825337860273
0.000573597520195197
0.00177672484909928
0.00232906651621972
0.0021533423322036
0.0015071255945132
0.000860769512744868
0.000671696647108698
0.00115478813629136
0.00215782162410237
0.00321111462493017
0.00374002966751661
0.00334286095501172
0.00199594382304454
8.33426224560269e-05
-0.00175968180685044
-0.00290957409543084
-0.00300340790003765
-0.00207215469211599
-0.000512255896744644
0.00108559254822004
0.0021783953232853
0.00248620456433217
0.00209496117451823
0.00140491069322042
0.000943027543143427
0.00111417174629596
0.00199766294136389
0.0032860632427519
0.00440576609310742
0.00477341639057649
0.00407032546741215
0.00240172999545052
0.000262557948227724
-0.00167257559336359
-0.00283402312170091
-0.00298704224788894
-0.00231052349467967
-0.00129708836369885
-0.000520426474687839
-0.00036964466572699
-0.000868628351651085
-0.00166896217845066
-0.00222859392014884
-0.002092878161316
-0.00113311586873752
0.000383115430337818
0.00191972919275802
0.00291881366783303
0.00303753837775595
0.00227571086246929
0.000960201267901465
-0.00039445534356895
-0.00129960795786245
-0.00150637279369543
-0.00112914823095
-0.000606695569164197
-0.000498943097973725
-0.00120791081683726
-0.00276008667118534
-0.00475882067369021
-0.00652913597520366
-0.00738835733516936
-0.0069264358188555
-0.00517983697202729
-0.00262506786808128
9.05896790365694e-06
0.00203124544760996
0.00305194695729039
0.00310629080942058
0.00258578677659713
0.00201373942674725
0.0017665941649286
0.00186977426047513
0.00196967060507008
0.0015059762878415
9.56457168792811e-06
-0.00261735680196819
-0.00597612091538277
-0.00925962802728101
-0.0115100468466836
-0.0119388985007392
-0.0101970631948618
-0.00651203079995252
-0.0016467617084108
0.00332202924556302
0.00734883896584657
0.00976771256291587
0.0104977084034799
0.0100040065818832
0.00902318360160535
0.00817989723741388
0.00767768678612481
0.00720741303126559
0.00611264302727138
0.00373911846663462
-0.000181452502970646
-0.00528271718856053
-0.0105722670058792
-0.0147157714262764
-0.016496000252892
-0.0152663376966683
-0.0112116312591801
-0.00529878157549884
0.00107498120635674
0.00659295863813979
0.0104673971912283
0.0126311464272593
0.0136017266568403
0.0141011950671393
0.0146217442406152
0.0151386948363527
0.015093157566043
0.0136432303206757
0.0100755638609031
0.00421457325208484
-0.0033348666120343
-0.0112309255608385
-0.0177489924691945
-0.0213377797372697
-0.0211600375186637
-0.0173917197451345
-0.0111568185054865
-0.00412851158107186
0.0020441751342503
0.00626284630176132
0.00825896121677709
0.00852964252698583
0.00798427704641537
0.00747713636467003
0.00742971382153954
0.00768212287214348
0.00760758772970454
0.00642813563166075
0.00360306448821031
-0.00086826323609511
-0.00636483171364162
-0.0118304116198343
-0.0161468597717655
-0.0185185534773533
-0.0186977304744266
-0.016980379448458
-0.0140195127451693
-0.0105631543266906
-0.00721825013133448
-0.00430628489869745
-0.00184096834770283
0.000375618361487713
0.00257821413202346
0.00485414849741837
0.00702766407453206
0.00867077775659122
0.00925028553291196
0.00835715515990827
0.00591647734372454
0.00227553865372602
-0.00187822578508933
-0.00573605243356896
-0.00862585435704875
-0.010198431271744
-0.0104714571955522
-0.00972994432311431
-0.00834507044009275
-0.00660478979881925
-0.00463722605265454
-0.00245416210083866
-7.14048526825622e-05
0.00238286002769801
0.00465009162699879
0.00643159664408077
0.00753363152027363
0.00797706164659569
0.0080007339912645
0.00795034338643467
0.00810746694550399
0.00853770773446448
0.00902147340286687
0.00910274723658072
0.00826111743570002
0.00616438991797192
0.00289662211352796
-0.000968846275923045
-0.00452047270635351
-0.0068309103043119
-0.00730524370742077
-0.00590782885988256
-0.00318691738812243
-8.90513119187661e-05
0.00238885894875928
0.00360268794414765
0.00355222352974543
0.00289128411850459
0.00260178207039843
0.00347067556541274
0.00564977638264022
0.00854590210801155
0.0110933953086473
0.0122433497645962
0.0114104902360544
0.00868300282015213
0.00474425196377426
0.00058089848153706
-0.00288587754169268
-0.00510665765726745
-0.00604544986040448
-0.00611469461473113
-0.00593182875857048
-0.00599380376521785
-0.00641096550885505
-0.00683283597060684
-0.00661816384664083
-0.00517639762017099
-0.00230753010215198
0.00163809235939342
0.00585662715556894
0.00937732934363703
0.0113849632757684
0.0114439478732137
0.00957630911131127
0.00621409534172257
0.00206115993534319
-0.00210476181009938
-0.00563997882430286
-0.00817900227825183
-0.00965892589861705
-0.0102316799808551
-0.0101302119520772
-0.00956045351071748
-0.00865018863113486
-0.00744422834613292
-0.005926789071745
-0.00406807981284054
-0.00189665380734459
0.000428002959065382
0.00260145518446105
0.00426604017535035
0.00518193362711129
0.00536992025422914
0.00511254385773338
0.00479316857357814
0.00467208964911548
0.00474445080767126
0.00476191864422534
0.00438745477488445
0.00338186446797549
0.00173327669264845
-0.00030219264415293
-0.00224421759042563
-0.00351306509705881
-0.00362772692044192
-0.0024278151597058
-0.000219748424100191
0.00225217865286129
0.00404041354481894
0.0043632867067305
0.00295678688092746
0.000239533677523588
-0.00281183270610663
-0.00504569275771227
-0.00561160927751244
-0.00431236813124907
-0.00167701186510671
0.00126684041089468
0.00341599598799479
0.00403700239316821
0.00306297328739209
0.00112654978338508
-0.000697278000773105
-0.00135596421531465
-0.000306684135619433
0.00220057981735685
0.00519766797272124
0.00741034451211769
0.00781374650228503
0.00607451337449147
0.00269703406752468
-0.0011683906298495
-0.00417474060736085
-0.0053251326598512
-0.00441101684487475
-0.00213639424557272
0.000178910757278991
0.00122198774054441
0.000337991928765646
-0.00213558876109706
-0.00502733458454468
-0.00688251268870216
-0.00661674864198272
-0.0039859857336142
0.00028285493012592
0.00472355216685508
0.00765896938869676
0.00787004490222724
0.00514709914797414
0.000444881308542765
-0.00448376949852349
-0.00782761215046163
-0.00847365297629401
-0.00642760383324991
-0.00274044619644477
0.00097475972083599
0.00319850478579521
0.00307011976470153
0.000666497224537076
-0.0030885026984844
-0.00683290052557432
-0.00932020371249073
-0.00988673632477573
-0.00864758692143767
-0.00636249615698341
-0.00405101750370601
-0.00252924267136108
-0.00206610409752612
-0.00230888282632333
-0.00251223722731382
-0.00196426928501308
-0.000404092463448729
0.00177910482571635
0.00367622476218193
0.00426614717599214
0.00290718064378654
-0.000321052788419139
-0.0045750213219914
-0.00851422701554156
-0.0107738016463798
-0.0104741042757042
-0.00757294207940953
-0.00289774117250705
0.00218517181040072
0.00633205458035708
0.00875610244093537
0.00948718336205879
0.00924945095035344
0.00903390026993328
0.00957734921591723
0.0109894742805347
0.0126933075138021
0.0137006137898651
0.0130922504242049
0.0104780399647074
0.00621727180085529
0.00129617548762874
-0.00306942276363106
-0.00590583620882548
-0.00681328517695452
-0.00604178953468449
-0.00432126924720809
-0.00253246399265299
-0.00133232363346981
-0.00086620372413447
-0.000704338183129737
-7.26623410839032e-05
0.00170789289819783
0.0048074483071287
0.00873620231113033
0.0125279393663169
0.0151241208491169
0.015740714339515
0.0140709894525805
0.0103040447040233
0.00501842114264628
-0.00097451877557246
-0.00678100588074586
-0.0115470985541519
-0.0145701209823147
-0.0154281742943814
-0.0141154694693169
-0.0111105894129779
-0.00729532835378636
-0.00371085979711204
-0.00123325306628219
-0.000295656099559158
-0.000756986734096323
-0.0019574102582432
-0.00295394198616428
-0.00289065302107306
-0.00139613627089204
0.0011677860658107
0.00377665619075631
0.00516585060240126
0.00442841286457904
0.00148596408317314
-0.00280787706249425
-0.00697266842518832
-0.00946703618546181
-0.0092886557150976
-0.00639676100534313
-0.00179511006695452
0.00280693413148309
0.00568776850955514
0.00589254861964753
0.00370422398057768
0.000512626159640148
-0.00188436995436611
-0.00216258014830816
-4.98742887065791e-05
0.00365098694480651
0.00748628313174281
0.00992969853488124
0.00990005157938759
0.00714424034407979
0.00241760684178498
-0.00267583238171517
-0.00625424877209609
-0.0069569798926038
-0.00456328287652216
-7.19965337518402e-05
0.00479711842977662
0.00838542934361595
0.00976242596348819
0.00902014847207713
0.00714898402103925
0.00558588203128363
0.00559217442433184
0.00767389816121431
0.0112850627130349
0.0149751251643303
0.0169489323911048
0.0158109313483001
0.0111840377652069
0.00394607624620723
-0.0040344581439849
-0.010587822739968
-0.014073432508338
-0.0139620615848028
-0.0109045957543228
-0.00632816383558988
-0.00184999831424416
0.00120653440149255
0.00210843552129132
0.000879416476168142
-0.00166262610673243
-0.00411888240913041
-0.00504871540205673
-0.00365830635248603
-0.000250570130723277
0.00386813984869415
0.00698285069391323
0.00771643197652063
0.00555184951471136
0.000962527590443707
-0.00480518361875163
-0.0101726111020246
-0.0137599793851852
-0.0148494291591595
-0.0136018235464822
-0.0109228462433493
-0.00803389114361686
-0.00594045051676914
-0.00502195621430837
-0.00490517166716789
-0.00467459267110959
-0.00333954272392074
-0.000352726856667523
0.00406285695019768
0.00892310707744941
0.0128022221145572
0.0143212004850377
0.0126492347239155
0.00787681531485261
0.00111243577900773
-0.00580725265640065
-0.01093961518518
-0.0129232864292448
-0.0114035198594917
-0.00704392573986713
-0.00121807755656485
0.00443275071060546
0.00846280147951928
0.0100526016116156
0.0092927664372651
0.00714001409751782
0.00496717083601493
0.00388544143064809
0.00421125573618772
0.00538940571107074
0.00639451337124505
0.00633195547146163
0.00486996722214653
0.00230525799905886
-0.000666050518333304
-0.00325754820082866
-0.00483018542809817
-0.0050460646498928
-0.00396834836924035
-0.00207037013988128
-8.07202828582072e-05
0.0013218548084169
0.00181724408133084
0.00157709322586606
0.00114674668774814
0.00114480724332929
0.00193026611261675
0.00338658739962174
0.00492117423465831
0.00569444341709307
0.00498955861292193
0.00255968451487082
-0.00120484812598503
-0.00536857153037615
-0.00878110808878116
-0.0105345183924186
-0.0103657114170035
-0.00880876778412485
-0.00699685036932506
-0.00618614625003006
-0.00720843168649897
-0.0100729834946949
-0.0138664213046968
-0.017011818339917
-0.0178483497374748
-0.0153496820973142
-0.0096689943846515
-0.00221564454438906
0.00481576321237298
0.00926159917684668
0.00979811953521953
0.00643425544222327
0.000522407119043182
-0.00572931848322432
-0.0100997724409712
-0.0112360038113984
-0.00917911407430487
-0.00527772386354165
-0.00153473449194883
0.000302577474193966
-0.000478496109651715
-0.00321645392819979
-0.00613893952103518
-0.00718811963524942
-0.00508945340881211
-0.000129629760240755
0.00581861031080249
0.0100902266539988
0.0104472378806784
0.00612668147765332
-0.00175457518001601
-0.0106036691931054
-0.0173951795894837
-0.0199050360459871
-0.0175681437235381
-0.0115622012645501
-0.00413752693947727
0.00239254768239318
0.00649356227864775
0.00779676423187413
0.00702961055394255
0.00562264687078487
0.00512221671423973
0.00654931389808963
0.00992196435486545
0.0141850099968468
0.017644926998823
0.0187354515888712
0.0167330020554061
0.0120550644270535
0.00600482013089291
0.000127586644286919
-0.00445999145823677
-0.00742763752852891
-0.00914254510824015
-0.0102474887597172
-0.0111641592055366
-0.0117818534687341
-0.0114871080102274
-0.00951952842198316
-0.00545791150096089
0.000444849296883134
0.00726463101169679
0.0137173868576849
0.0185899435767486
0.0211059854733987
0.0211406422338761
0.0192534733036257
0.0165081355490532
0.0140857512796079
0.0128172588077552
0.0128530460275407
0.0136378370503046
0.0141920494537274
0.013553802685097
0.0111907498784178
0.00722037177532114
0.00234146552451122
-0.00250694817084334
-0.00658613485331833
-0.00963183581111361
-0.0117913210496628
-0.0132973427222408
-0.0141401464103778
-0.0139663426646961
-0.0122427550387845
-0.00856561174770943
-0.00296431290149468
0.0039187338835285
0.0108655435612669
0.0163820768984131
0.0191857276404586
0.0186743896448666
0.0151460520108281
0.00966029271293117
0.00361384039027983
-0.00177640747508106
-0.00587263405603764
-0.00874796193403467
-0.0110018357326511
-0.0133314732509818
-0.0160514179971706
-0.0188137742264352
-0.0207129531238133
-0.0207510678025087
-0.0184006683852783
-0.0139073253745672
-0.00813044935157151
-0.0020412014850904
0.00375860024098748
0.00916365043891807
0.0142873004213297
0.0190257806521547
0.0228000346477651
0.024662025882876
0.0237118557174752
0.0195938423191005
0.012795418514451
0.00457232770435423
-0.00347251986119364
-0.00993288957447063
-0.0139890323050731
-0.0154928759931506
-0.0147931235382371
-0.0124591393000035
-0.00904655868459565
-0.00496946518223594
-0.000488307094962153
0.00419786392950302
0.00879589096065772
0.0127982709227203
0.0155272054861997
0.0163970516893645
0.0152775230587401
0.0127084101949755
0.00977242353309426
0.0076595670982367
0.00716218506025376
0.00835226096886822
0.0105400142115072
0.0124716377142656
0.0127003718485259
0.0100839329186434
0.00429824807068023
-0.00386081523296689
-0.01261541004636
-0.0197952925477186
-0.0236058353620945
-0.0232032145747332
-0.0188716292091737
-0.0118410242229482
-0.00388866240153342
0.00316833048108635
0.00800581319551109
0.0102095008782006
0.0103922978226806
0.00990833121407428
0.010235430794119
0.01225600224286
0.0157312403516445
0.0192226329622511
0.0205666333810545
0.0177696852422175
0.00995661279156871
-0.00207114252389575
-0.0159504682131232
-0.0285155455072079
-0.0368911300269329
-0.0394946957581138
-0.0365791414655759
-0.0301101375664814
-0.0229860588383677
-0.017851407467103
-0.0159673030232532
-0.0166538676693111
-0.0176074938174188
-0.0159921217852988
-0.00983579370875552
0.000872148986331114
0.0138664616569948
0.0252666253405056
0.0310304253560865
0.0286475033818291
0.0183165469939554
0.00299784875226747
-0.0127494023607494
-0.0246078128800588
-0.0301401837684719
-0.0295046118531004
-0.0250416023216594
-0.0200427888256905
-0.0172697384737967
-0.0177888370334595
-0.0205346543154596
-0.0227700981182713
-0.0212942458492263
-0.0139340698658486
-0.000692219644158237
0.0159744735309198
0.0319154922363359
0.0427959284054658
0.0457159766331122
0.0402458638758126
0.0284595482081137
0.0140199226439262
0.000772041886177189
-0.00856337507111894
-0.0131447851390518
-0.0140222112105769
-0.0134506813561187
-0.0137414930289062
-0.0160765696509986
-0.0198249718477683
-0.0227704854504242
-0.022223466891226
-0.0164644795868794
-0.0057326936365365
0.00776251907230518
0.020745156168101
0.0301521897219398
0.0341696571780593
0.0326656925726092
0.0269891363522022
0.019305649377669
0.0117325932072614
0.00558467712195191
0.00102846232768581
-0.00271498162343052
-0.00674816428240268
-0.0117901421312448
-0.0177234841306822
-0.0235688823098467
-0.0278579957002649
-0.02922835316523
-0.0269920446450987
-0.0214393378878755
-0.0137486944873226
-0.00555914075128903
0.00158333667567202
0.00666757350595461
0.00941124453580557
0.0102026036575008
0.00985508059174203
0.00924547532197407
0.00891520644752782
0.00876873398451166
0.00805029963440813
0.00570843642783498
0.00103818027099193
-0.00573449857504942
-0.0132854859132231
-0.0195719754083804
-0.0225810063536046
-0.0211107164304815
-0.015288151955975
-0.00664792750222871
0.00229589852410783
0.00891793177321905
0.0115116810206039
0.0100163116936917
0.00601733763119563
0.00195270174860475
-8.22269424365005e-05
0.000689440714837777
0.00342057258418625
0.00606355849869302
0.00627011458264189
0.00241667161298392
-0.00557297860978087
-0.0159039797435605
-0.0253046175998835
-0.0301333908817542
-0.0278422910118624
-0.0181602036526063
-0.00339357357402602
0.0123548089465872
0.0247005107796943
0.0305407108572928
0.0290368587016854
0.0217110295793606
0.0116960562038031
0.00243777710635253
-0.00365951556297145
-0.00607311313762385
-0.00609617724078989
-0.00592819767263165
-0.00743740743653442
-0.0112277066082259
-0.0163733907678825
-0.020807018193692
-0.0221346052055236
-0.0186096757877968
-0.0099622991330298
0.0022722721917028
0.0151779345724178
0.0255338713852177
0.0310335265543668
0.0310230972973144
0.0264516503188019
0.0192237811592014
0.0114225024939672
0.00475756046250144
0.00030525785609975
-0.00154666460062586
-0.000998495605693392
0.0013990300998603
0.0050172339561223
0.00929858064659003
0.0137436670366054
0.0178792131272443
0.0213469171096426
0.0240447427408225
0.0261113419654033
0.027681353802772
0.0286043879856039
0.0283826161331996
0.0263600497399067
0.0219681877718426
0.0148718400305518
0.0050800944441028
-0.00683785414339062
-0.0194978016992061
-0.0307083556877324
-0.0379817314271602
-0.0394286936308793
-0.0345906649071667
-0.0247510255587316
-0.0125518679598195
-0.00108879522991238
0.0071328220021805
0.0109737138390217
0.010884816238154
0.00850504415932667
0.00579960676507207
0.00410190601396669
0.0034742311398904
0.00266534535977395
-0.000312144529084067
-0.00720541238330454
-0.0185218322957176
-0.0329278442027545
-0.0473667310497825
-0.0579377826407957
-0.0612204197839056
-0.0555021862033606
-0.0414247522302242
-0.0218336332860198
-0.000920865091231692
0.0170353091094457
0.0289131815886759
0.0335355549508328
0.0317080372824199
0.0255372842400884
0.0174176598776077
0.00920325180129001
0.00186723872463355
-0.00440045293849207
-0.00987506482535032
-0.014903589279963
-0.0195006488338963
-0.0230748263532933
-0.0245099684237813
-0.0226768597062631
-0.0171171029833394
-0.00845347028040828
0.00174165564100845
0.0115101906665149
0.0191671531810014
0.0237734338155278
0.0253086296655064
0.0245206826723026
0.0224797417970096
0.0199942459727571
0.0172000083869732
0.0136055583325247
0.00860358410884881
0.00213506451906382
-0.00491895480722996
-0.0108700791723814
-0.0138231945085756
-0.012451915542955
-0.00659798811435137
0.0025624228935131
0.01287421938523
0.0219699796168145
0.0281409824479152
0.030909076918245
0.0310122235205584
0.0298260774027977
0.0285484761350604
0.0275662527177481
0.0262799865843165
0.0234257245802918
0.0177408863752754
0.00870492384486303
-0.00296536091391174
-0.0153296318610536
-0.0258026176886761
-0.0320653149346939
-0.0328969250082587
-0.0285771510580932
-0.0207460320764862
-0.011831913709186
-0.0042575246239742
0.000342832119165793
0.00164365250689986
0.000662595377332625
-0.000751539844264
-0.000775500651613601
0.0015682788903499
0.00596994946872173
0.0109112219689297
0.0142093054252763
0.0138462257807616
0.0088144321097029
-0.00035162885096201
-0.0116283712030055
-0.0221709290981083
-0.0293209296300278
-0.031519914237547
-0.0287784583015851
-0.0225765756483476
-0.0152752845992966
-0.00924606183178125
-0.00601179955858306
-0.00573468479837239
-0.0072966225500674
-0.00895596838220359
-0.00925220323253005
-0.00768530182346648
-0.00484103373528501
-0.00197380070633499
-0.000351567453079901
-0.000720020579479658
-0.00307269458496742
-0.00670788231568684
-0.0104665015207641
-0.0130656951108627
-0.013466387726697
-0.0111940339917746
-0.00651434402104228
-0.000394023680433815
0.00576325309737166
0.0105566240850031
0.013097557279805
0.0134155142919645
0.0125439471814177
0.0121393148754508
0.0137050137205521
0.0177593647656009
0.0233965564776545
0.0285182557575068
0.0306613235070366
0.0280547447418173
0.0204645781394394
0.00949777972806234
-0.00177809003472245
-0.00983005401016641
-0.0119603001205744
-0.00740232472642774
0.00230093391636167
0.0138623005593721
0.0235208345868268
0.028429000020406
0.0275635365443583
0.0218793188563926
0.013787946087451
0.0062167703368887
0.00151151202971066
0.000478745753872485
0.00196447910570288
0.00330907186335854
0.00162421900022814
-0.00469819287028984
-0.0150569302410492
-0.0267809587341186
-0.0362128102342011
-0.0401670072850036
-0.0371441695827684
-0.0278925583646028
-0.0151560770396879
-0.00267184989619212
0.00625640394271889
0.0100296865794283
0.00926228787032339
0.00626162504328714
0.00376506155877017
0.0036094072208617
0.00597987237926674
0.00950537233993694
0.0120288693407426
0.011631537983905
0.00747155146077486
0.000126414802909978
-0.0086663314787919
-0.0167262126033624
-0.0222547256661934
-0.0243864669900074
-0.023268397104769
-0.019734819543216
-0.0148039474459457
-0.00921636546952153
-0.00316332752535512
0.00369836588180953
0.011908059003973
0.021635265752345
0.0321511666307501
0.0416748703891619
0.0478019326339397
0.0484233519976368
0.0427364159333597
0.0318217265535097
0.0184134042454695
0.00587767636954458
-0.00314530289914725
-0.00775081537905085
-0.00891038324419823
-0.00872140057953008
-0.00923551300604881
-0.0114788442056028
-0.0150379948793244
-0.0182478173322619
-0.0188414785554651
-0.014884432160467
-0.00573431096972751
0.00736134244788673
0.0213936391764658
0.0325039008621603
0.0373175263374463
0.0341375458976826
0.0235681525781782
0.00840869502264066
-0.00715938458221225
-0.0189390329471194
-0.0242434586835798
-0.0229262097241915
-0.0173221124387944
-0.011040549776923
-0.00722061905178877
-0.00713571327540453
-0.00975956865073376
-0.0123782007135674
-0.0119175685919143
-0.00645000922779291
0.00372500686531389
0.0159330482030407
0.0260670442790074
0.0302645956555596
0.0265884972045454
0.01597133498873
0.00200828597690314
-0.0103666755820573
-0.0168577164025548
-0.015649464775418
-0.00825078914740887
0.00116969107539847
0.00772122880783352
0.00804648870664576
0.00176279179132542
-0.00853980065196814
-0.0185722463596819
-0.0241606502254288
-0.0228002993763044
-0.0144473647923214
-0.0014254298590037
0.0124167629696642
0.0230246710347511
0.0275418456922262
0.0252874120298685
0.017848234667849
0.00819001613098082
-0.00077957989689498
-0.00744043045319331
-0.0118608562033243
-0.0152374159151583
-0.0187606555778479
-0.0225724699942281
-0.0254135174856333
-0.0251802283236023
-0.0200937916675324
-0.00982564033513167
0.00403355867572867
0.0183747347994654
0.0296031859717404
0.0348427487398118
0.0328855009360236
0.0246000403858496
0.0126469874381711
0.000522810109913921
-0.00877281038104466
-0.0138737217089358
-0.0153929344813932
-0.0152640645765491
-0.01545287710597
-0.0167739334925871
-0.0184255224072207
-0.0184096412842686
-0.0145911812720758
-0.00594446308148035
0.0065402993376059
0.0197957754984601
0.0296921451894416
0.0327839138727211
0.0279200012741923
0.0168509201301433
0.00354035325732178
-0.00744239437172895
-0.0127502020014259
-0.0116215654660249
-0.00623361413096143
-0.000775169709500182
0.000487827397600451
-0.00472591402981299
-0.0155757210425803
-0.0284373427481311
-0.0384608991846573
-0.0415572498505668
-0.0359831440293345
-0.0229728149800171
-0.00623975982306198
0.00942149951088103
0.019845134559313
0.0228063948396438
0.0184727114085312
0.00899554038034387
-0.00240123662011216
-0.0124484709752006
-0.0187591418167283
-0.0205292240477182
-0.0187983410686816
-0.0160280107678603
-0.0150195655566932
-0.0176170899452115
-0.0238343208106834
-0.031821012302925
-0.0386425539936294
-0.0414965123353664
-0.0388543942995381
-0.031061623811682
-0.0201324701597558
-0.00882828520345762
0.000524666194223884
0.00687209602472282
0.0105232494209155
0.0125448774442846
0.0138975485428026
0.014833591424796
0.0148330867394988
0.0130201883454944
0.00880469730229127
0.00245157136311272
-0.00470889871170256
-0.0106477042712472
-0.0135490419851974
-0.0128370488218832
-0.00964616211302948
-0.00630231985700231
-0.00503214656943523
-0.00668540079598669
-0.0102584862095458
-0.0134422339183008
-0.0137719048151534
-0.00972554722073002
-0.00134364935933495
0.00972088701839643
0.0206578640182119
0.0283705273306385
0.0305778671828022
0.0267808916391393
0.0186457561586667
0.00953400595495452
0.0032785925282484
0.00265656945747451
0.00817655191997246
0.0177235370874881
0.0272979633677828
0.0326177156329765
0.0309057945689601
0.0220439976946762
0.00858638723421405
-0.00529355400871104
-0.0153930786054484
-0.0189646143099517
-0.0155865032118316
-0.00714081183793763
0.00307875202434499
0.011747709703894
0.0167675505040385
0.0178749337973192
0.0164317164823668
0.0145759933002516
0.0141070798211176
0.0155506369369678
0.017831053750488
0.0187717171378946
0.0162282614824718
0.0092611689271302
-0.00131089123544881
-0.0132753352417826
-0.0240600768714887
-0.0318286796221905
-0.0360584790296527
-0.0373743310610926
-0.0368281086601576
-0.0350730596121392
-0.0318962748297313
-0.0263708237415973
-0.0175611658985601
-0.00540069654051674
0.00877360695762268
0.0223940741150625
0.0325309110682805
0.0370498460846681
0.0354694552144853
0.0290713985217004
0.020215304906065
0.0112384400780789
0.00352027293186739
-0.00284644925355805
-0.00868915766485208
-0.0149374630114352
-0.0217714116790504
-0.0281602564570397
-0.032062237826784
-0.0312420359323152
-0.0243083851971358
-0.0114285310167151
0.00561765818201576
0.0239787625290385
0.0405231905211808
0.0525432582583347
0.0582193214208852
0.0568475476855122
0.0488739974846207
0.0357530424000553
0.0196371532775793
0.00292951986797363
-0.0122229258183398
-0.0243631592279291
-0.0329156385947035
-0.0380187404665004
-0.040061196644254
-0.039197940865747
-0.0351629654482794
-0.0274819854759849
-0.0158959444544882
-0.000713957217092961
0.0170330362030275
0.0356018337429078
0.0526885495285828
0.0657909870085095
0.0727840447284122
0.0724865953085098
0.0648891788650334
0.0509152160665834
0.0319480013107579
0.00951576237585528
-0.0146714299219822
-0.0384940425596735
-0.0593447061126889
-0.0744158398554364
-0.0813038808462648
-0.0786971699787073
-0.066884373394016
-0.0478763673375074
-0.025029157421604
-0.00220867117706836
0.0172660899062972
0.0315347055738974
0.0406160433556419
0.0461315172662034
0.0503298268314948
0.0547110393159386
0.0588868692891767
0.0603976564811948
0.0557609893181262
0.0422566482253335
0.0194833850364448
-0.0100564055285575
-0.0414649044953201
-0.0687232727945116
-0.0863233887347102
-0.0908621837462006
-0.0821133606424828
-0.0630757803898789
-0.0388229157215005
-0.0145664391609636
0.0062097725128831
0.0227217983944429
0.0365935537948945
0.0504826081967635
0.0662137390111504
0.0832169536058755
0.0980350809737047
0.105294383816773
0.0998516331023747
0.0791734990622889
0.0448114155601882
0.0022736574625673
-0.0406067541157881
-0.0760435121042015
-0.0984452793244859
-0.105644013235471
-0.0989745981348744
-0.0823746373256396
-0.0608997856433314
-0.0391414888075849
-0.0200174450289996
-0.0042705331511061
0.00921078303346787
0.0223805550638716
0.0366830752808456
0.0518748761251561
0.0655572341176293
0.0737493074603371
0.0724084603070737
0.0593014742948975
0.0353070240003777
0.00439135877942883
-0.0277816092925629
-0.0558050982389122
-0.0759826500908911
-0.0867462471775256
-0.0882856012863216
-0.081941852281349
-0.0696589946317154
-0.053470805650525
-0.0350231580810422
-0.0153300904866624
0.00504186471906728
0.0254353092619671
0.0445465938726917
0.0602286368345315
0.0698610417217793
0.071229502348412
0.0635532962365119
0.0480861837162648
0.0278210836019998
0.00633866614035252
-0.0135591867167071
-0.0306184898519263
-0.0449273405905307
-0.0570089368524539
-0.0668287298554365
-0.0732394572733076
-0.074117296461595
-0.0671892045441176
-0.0512783682906855
-0.027397923398157
0.000965309928448562
0.0286928169051023
0.0506929639436874
0.0636144081701367
0.0668802787969364
0.0626924361021711
0.0550491987109859
0.0480802884958949
0.0442539503644133
0.0432597124643104
0.0422735888382048
0.0376132515430795
0.0268831837976914
0.0103889719575443
-0.00884116783850902
-0.0262076691576009
-0.0371720202224521
-0.0387598358954085
-0.0305705826753307
-0.0150398657091689
0.00322736094575429
0.0189684635223747
0.0281050548362403
0.0291215258785722
0.0233460863305883
0.0140618898425429
0.00497661093441786
-0.00118902410157112
-0.00347652695015166
-0.00274145826541804
-0.00113969992774893
-0.00122218156087343
-0.0048511715295627
-0.0123167834201042
-0.0220884742406283
-0.0313725709471495
-0.037222619882372
-0.0377002402420867
-0.0326255826045784
-0.0236536053793886
-0.0136455430548757
-0.00556313201404835
-0.00133692347726252
-0.00119206876098951
-0.00369328452055144
-0.00644366732453894
-0.00713225757023079
-0.00452765746026342
0.000968731376765824
0.00745452851721016
0.0123099897848014
0.0132880602536386
0.00940630888449977
0.00124576384755817
-0.0094192417927051
-0.0203964262780641
-0.0298209611669635
-0.036516355039412
-0.0398938452270085
-0.0396225796320674
-0.0354396228978952
-0.0273102282100524
-0.0157911929709435
-0.00220474195073052
0.0116465696361671
0.0241029983790054
0.0342075549215353
0.0418651029738338
0.0475447010232843
0.0517197957107009
0.0543623347989821
0.0547993317425263
0.0520626895965864
0.0455380152693878
0.0354740364385281
0.0230056700185365
0.00972541731995419
-0.00283737295081307
-0.0134864256396354
-0.0213266183741775
-0.0256318437089644
-0.0258079044492502
-0.0214639131509853
-0.0125036978471307
0.000765792977333363
0.0174128090306787
0.0355587508615065
0.0522350864130678
0.0638077202931274
0.0670825937763287
0.060683106216499
0.0459177977106994
0.0264721345523456
0.00688216741617931
-0.00946314883390174
-0.0216361946313898
-0.031000173305362
-0.0397026413218973
-0.0488438067706461
-0.0574565346455751
-0.0627951588910156
-0.0615975160659663
-0.0515629817006267
-0.0324080052356047
-0.00621353293144274
0.0229509644267194
0.0499994737201402
0.0701420596002425
0.0801479415510378
0.0791366914796188
0.068625684586855
0.0518374847074138
0.032539626725021
0.0138547114677134
-0.00251038723687618
-0.0163482109033487
-0.0284103461034197
-0.0395971577719106
-0.0502766872824765
-0.0599421507617134
-0.067215484417626
-0.0701471125757955
-0.0667773884923937
-0.0558676275153171
-0.0375783115437999
-0.0138019805853762
0.0120523068739463
0.0358043870231661
0.0535303547865818
0.0625250365061337
0.0619277601570455
0.0528845704778635
0.0381981799760941
0.0214509097174294
0.00574376888055185
-0.00748835484249615
-0.0189238639373298
-0.0306508699268092
-0.0445647254088229
-0.060734149121948
-0.0766874205721831
-0.0880566641725407
-0.0902689367247646
-0.0804473787945798
-0.0586452712524616
-0.0279488859535534
0.00643241169664418
0.0385942851642972
0.0633992921210023
0.0776901542788305
0.0810333680101514
0.0756753191033658
0.0654965489993666
0.0542685723336957
0.0440854959685014
0.0348352187970892
0.0248769369932047
0.0123127440836258
-0.00394267726491126
-0.023655365030851
-0.0451992081482941
-0.0657106956425074
-0.0815066375052514
-0.0889167959416531
-0.0854490940136113
-0.0708491423591518
-0.0475113750776466
-0.0199592436585233
0.00645210279358973
0.0271071665794253
0.0393663854702872
0.0430211781399608
0.0398691800059324
0.0326856129954839
0.0240879805609226
0.0157454069280776
0.0081211387187868
0.000664172404611875
-0.00772743546541578
-0.0180787493458386
-0.0306092573264627
-0.0440875987068538
-0.0556451634097648
-0.0614210330787452
-0.0580399731381458
-0.0443419493114101
-0.022427053279361
0.00268591944759662
0.0247555919567607
0.0386017103030578
0.0419364130848912
0.0359769250056987
0.0246599611322432
0.0128755809590468
0.004507694169512
0.00107104175908648
0.0014027278444462
0.00241535039931471
0.000576456701176698
-0.00640440014494383
-0.0182968255487412
-0.0320749635469788
-0.0429433156085922
-0.0463505411903037
-0.0400758416397777
-0.0253479818540012
-0.0064790781847273
0.0107115665336277
0.020928288702284
0.0211619258932039
0.0117034633931162
-0.00391239357504119
-0.0201483183477599
-0.0315314054764155
-0.0346683291755471
-0.0292869964747771
-0.0179490739589867
-0.00477479484216231
0.00617122572166704
0.0122774580608841
0.0131814303239233
0.0106984277555522
0.00784508118794663
0.00733259844316162
0.0102502834607717
0.0155988100543553
0.0208407094416808
0.0230755566559981
0.0202187122787892
0.0117343061431983
-0.00120590394100632
-0.0160550764284208
-0.0295703761805104
-0.0386657331355739
-0.0412068813286591
-0.0364932346100799
-0.0252712207168997
-0.00933300739243703
0.00905764911526509
0.0276441014924521
0.0444359273533116
0.0577942356333047
0.0664484045690044
0.0695200637096164
0.0665966373692139
0.0578502390844795
0.0441094899875895
0.0267576915988498
0.00745538881960356
-0.0121413594150204
-0.0305076048722857
-0.0462653764360146
-0.0582426197959208
-0.0655766647908641
-0.0676999638857366
-0.0641871926163201
-0.0547290373693472
-0.039452836067256
-0.0193761542134937
0.00349543220654681
0.026623991439388
0.0476276979498691
0.0647548508991199
0.0770165254910652
0.084121068128079
0.086289615348261
0.0839082872599725
0.0771070837760487
0.0655790345655971
0.0488693583600533
0.0269773188756275
0.000856906294971752
-0.0274640008619506
-0.0551312549341083
-0.0789322202426872
-0.0958636793228911
-0.103678072266895
-0.10125081809315
-0.088683100373432
-0.0672105883956012
-0.0390314427745
-0.00704953475174417
0.0255305501891853
0.0556640453735636
0.0807163618099861
0.0983838569461053
0.106594189438829
0.103890085025181
0.0903533821312775
0.0683798448558752
0.0424284885223278
0.0175935597318523
-0.00221089492342709
-0.0154586833574759
-0.0232081337752358
-0.0284724364637971
-0.0350036724048307
-0.0456226540916975
-0.0605176239111396
-0.0764231216343393
-0.0874913261065267
-0.0877067310593802
-0.0736153846410005
-0.0459223275699104
-0.00930089718084357
0.0291965632702633
0.0622215192856422
0.0839511069478183
0.0913046931046925
0.084463428972158
0.0666179166249149
0.0428771349689096
0.0185199249674322
-0.00278417799877499
-0.0199119706147039
-0.0338562109167894
-0.0462474281989853
-0.0578481519545954
-0.0679590692295526
-0.0748568892654134
-0.0766182433345372
-0.0717171106095421
-0.0594123926977133
-0.0402336713041733
-0.016408160093768
0.00843415853735309
0.0305908049178384
0.0479439508729626
0.0606716584113066
0.0703781684570659
0.0783206806234115
0.0841449767102861
0.0860248128963183
0.0818810509005253
0.0705899545781084
0.0523793163316285
0.028514795095844
0.000953012477526437
-0.0276293314728402
-0.0537492483132403
-0.0736070886965902
-0.0842470286829737
-0.0846457106890154
-0.0758275447654385
-0.0598729056288333
-0.0385916936752149
-0.0128225033938513
0.017224519934214
0.0508517506679081
0.0856836396002925
0.11720583744346
0.139586199747786
0.147685402182692
0.139380412854541
0.116940860472628
0.0865902370049066
0.0563447223161531
0.0330928741689009
0.0201350217707947
0.016075389938384
0.0154297119915159
0.0108033025523749
-0.00399595807261005
-0.0309657976052175
-0.0662416155931725
-0.10065601756061
-0.122663879239277
-0.122717965120174
-0.0973142936468048
-0.0508683882106308
0.00546314406650058
0.0574975348804384
0.092755682377106
0.104456784092538
0.0933884888941602
0.0669829226564886
0.0359401581919859
0.00980494493170948
-0.00655969047059462
-0.014117190609326
-0.0181850926717166
-0.0253422789239393
-0.040220577684285
-0.063409300136155
-0.0910671594046462
-0.116217774125371
-0.131197353585821
-0.130357965751822
-0.112057147517977
-0.0792819532273963
-0.0387873413366121
0.000923346811696602
0.032175681871948
0.0504668744119237
0.0557077762011826
0.0517644677506269
0.0443788826255454
0.0383430388387369
0.0352333124976721
0.0327796052768104
0.0261450763438058
0.010470419413542
-0.0164974633391867
-0.052796504612918
-0.0922626264624105
-0.126181508288469
-0.146087899731457
-0.146767570080343
-0.128217406408881
-0.0955345196216021
-0.0566511078556546
-0.0190521474405172
0.0128282932124261
0.0384199049380562
0.0600999922881494
0.0813758780867955
0.104969899827247
0.131273186358335
0.157527622665713
0.178142182603004
0.186310081595468
0.176478741976257
0.146665302840919
0.0995675955032384
0.0419511653207939
-0.0174059739672989
-0.0702498972632522
-0.110702074227795
-0.135743868983634
-0.144605035936919
-0.137980195102387
-0.117725791122375
-0.086844308567969
-0.049152829273551
-0.00848206471437737
0.0320945222326162
0.0704621564859167
0.105099564972397
0.134567987486824
0.157165565421764
0.170764063327223
0.172857156007399
0.161054303781653
0.134113173188775
0.0930392181106617
0.0414505115156118
-0.0151402160789154
-0.0706078243748485
-0.119187621506958
-0.155799812642123
-0.176192228156299
-0.177538489398096
-0.1594892438971
-0.1249386744064
-0.0797041460205971
-0.0309712914794351
0.0148268379621819
0.05362099223898
0.0839843253697921
0.106040921584246
0.119810256421934
0.124115271497267
0.116751313515289
0.0957755267339021
0.0611361177617189
0.015745146083736
-0.0345962301139995
-0.0824968608260487
-0.120968291397741
-0.145137487050212
-0.152890459044947
-0.144513551858688
-0.122124932727365
-0.0894521812614565
-0.0516219115759604
-0.014255725441686
0.0181633149353466
0.0437505459062807
0.0634460796584839
0.0797263468869401
0.0945199208751999
0.107516978343683
0.115776285735646
0.114778188540302
0.100334714725095
0.0704391359717089
0.0263285766337741
-0.0274774009994939
-0.0840049886219424
-0.135255503859839
-0.173957331355909
-0.195214393690389
-0.197483409191211
-0.182499822118304
-0.15427081325988
-0.117657492723102
-0.0770885215350326
-0.0357208930856325
0.00481750064981227
0.0440480828829753
0.081710035282398
0.116636207783917
0.14603029493928
0.165685278291365
0.17126207929562
0.160141215147893
0.132924379120469
0.0937297281833065
0.0490537043573614
0.00579320280385187
-0.0305682527275424
-0.0569033304308518
-0.0724632813240011
-0.0783332337567444
-0.0766255268527173
-0.0695601426483526
-0.0586289545997632
-0.0441635190842529
-0.02554373390667
-0.00199592106559763
0.0263572412590865
0.0576876444779406
0.0883540461722255
0.113658229058065
0.129138315721192
0.131742745002956
0.12037846061164
0.0958480999947894
0.0605997074979809
0.0186295184903229
-0.0245877809188268
-0.0626255766323771
-0.0894168815748365
-0.101062431087297
-0.0972663177035461
-0.0815206164133398
-0.0598043219599189
-0.0383825847867339
-0.0216988337823355
-0.0111787487244983
-0.00530693101449548
-0.000904989755303243
0.00485313218319778
0.0125552196656576
0.0198124471280383
0.0222100893474936
0.015505841200066
-0.00212732972297715
-0.0289540456991754
-0.0600462639455181
-0.0888635044736859
-0.109368125607924
-0.117894629040508
-0.11406102859858
-0.100399954519638
-0.0810649986554348
-0.0604196675637603
-0.0420759536850975
-0.0283232846626502
-0.0196690672793505
-0.0146104530050698
-0.0101012536305552
-0.00286079582862185
0.00902881341348485
0.0251173482023644
0.0426925121752104
0.0578313804565654
0.066776833800089
0.067051868375841
0.0580785691224071
0.0413577547628908
0.0202557934207254
-0.000716148227555474
-0.0171973802581343
-0.026518577200826
-0.0287386364096307
-0.0264803743976194
-0.0235043683219553
-0.0227378514738711
-0.0248333788578312
-0.0280454069567558
-0.0294345817546266
-0.0265638405971182
-0.0185400211027996
-0.005853883335431
0.0104361114737655
0.0290913666163325
0.0481856911822525
0.0644029033111672
0.0733151028644346
0.071061171909812
0.0565549268864266
0.0326996593910453
0.0056052087539105
-0.0179380673425007
-0.0333586725304305
-0.0399293659866125
-0.0402289559143211
-0.037924842308034
-0.0354200771899582
-0.0328332964171412
-0.0286500561868309
-0.0211887460487162
-0.0097216865744586
0.00526022367558833
0.0223215974999004
0.0393465138384683
0.05368139806841
0.0625256371940983
0.0638328738145149
0.057357702568015
0.0450428271210021
0.0302710968603931
0.0163692832321482
0.00531481451478975
-0.0026521460455169
-0.00854818815300917
-0.0138414450547003
-0.0197955089915658
-0.0270630927028851
-0.0354260542114808
-0.0436865581841501
-0.049863501090107
-0.0517633199597175
-0.0477603070413907
-0.0375137033447679
-0.0224090157593894
-0.00554180793026458
0.00896908699239371
0.0173789233172771
0.0179443567449705
0.0118207882874448
0.00246945392851541
-0.00621156161872735
-0.0118353478998541
-0.0142973485782831
-0.015080663926956
-0.0159164573339211
-0.0178823285320844
-0.0213185525661786
-0.0261079896111494
-0.0317575020777521
-0.037288074234135
-0.0413729614797918
-0.0429078980650561
-0.041610633278832
-0.038092005093452
-0.0333322255143854
-0.0280677818279076
-0.0226137658102989
-0.0171511056788653
-0.0120845790822579
-0.0081270688562187
-0.00610723867799807
-0.00669779196138539
-0.0101727047792966
-0.0161726167477572
-0.0235447821742775
-0.0305112644958902
-0.0353474868695794
-0.0373296687735335
-0.0373120577252399
-0.0373787684426188
-0.0396112509116554
-0.0446701130165126
-0.0510711358287623
-0.0555890560358879
-0.0545241033202096
-0.0451532035460913
-0.026757448367914
-0.00094197314400498
0.0287539493420873
0.0577969542432607
0.0818670252244527
0.0979386162402123
0.10484643243247
0.103171739648677
0.0946408476687611
0.0814296135039807
0.0656340487200152
0.0488863885131423
0.0320433567214043
0.0151118140602781
-0.00229448621563265
-0.0200173669357378
-0.0365472748613202
-0.049044526305816
-0.0542539237743887
-0.0496760173892874
-0.0343635112422851
-0.00927883888486689
0.0225803413933046
0.0564300046033169
0.0867489217625271
0.109078450927768
0.121621301224117
0.125414721049448
0.122770649491833
0.115110998929858
0.101916091537902
0.0815715988713773
0.0532810310692832
0.0184608071408791
-0.0192571851895066
-0.055070736937042
-0.0842648398657657
-0.103213300873128
-0.110068874530933
-0.105059088981989
-0.0902036937088964
-0.0685356111234724
-0.0432811569975187
-0.0173638042244476
0.00691283515226859
0.0283538404519868
0.0473895751742069
0.0658620676415049
0.0855331123872043
0.10591504926817
0.123070614520908
0.13074729045862
0.123544150956603
0.100130907080731
0.0643852214574453
0.0238126442974362
-0.0135983844295024
-0.0422365033658544
-0.0601571721565322
-0.06857567303925
-0.0701822622741632
-0.0672864776785323
-0.0606946059480984
-0.049692551768502
-0.032859838264429
-0.00912150886491156
0.0214121107000602
0.0569598194897625
0.0939415589301067
0.127256703093948
0.151052249974708
0.15998222187406
0.150782798378378
0.123747574742511
0.0834603985549194
0.0381516325850441
-0.00250100756829343
-0.0305078108271675
-0.0423406186916952
-0.0399903923045539
-0.0296801225416854
-0.0187725828136528
-0.0123619436046784
-0.0111897536960111
-0.0117779529383353
-0.00850504889889219
0.00350612567479252
0.0259480716514726
0.0561511871825697
0.08743967992805
0.110910000864116
0.118191470287733
0.104340785517312
0.0697701009009687
0.0204077314893771
-0.033898398736105
-0.0820018647859638
-0.114254175828506
-0.124944476118604
-0.113996424444288
-0.0873058374343672
-0.0550428727708345
-0.0279870997321742
-0.0132682036929657
-0.0116311934176775
-0.0176997679214184
-0.0230660180087006
-0.0205742605957829
-0.00772544027884111
0.0122884502459213
0.0322442308999643
0.0443158630944743
0.0435483990993527
0.0297767787346172
0.00739227586628438
-0.0164828665853384
-0.0343690548002197
-0.0406025558018778
-0.0329895222852138
-0.013646132385769
0.0114446222894286
0.0343878033331391
0.0482678094062139
0.0496757080818377
0.0396686602416915
0.0228502758350025
0.00521289024059148
-0.00820792485757173
-0.0149470002766934
-0.0154677209167758
-0.0122463267191508
-0.00808118296211856
-0.00446716624386551
-0.000848896312228755
0.00487400301767265
0.014897909174214
0.029964472545447
0.0485599801369081
0.067214330686738
0.0816505564543421
0.0882107510915634
0.0849713957823213
0.0721611835023976
0.0518412050351911
0.0271389713829642
0.00140102336791176
-0.0225538250507652
-0.0430155275650703
-0.0596017197626746
-0.0728329950326889
-0.0831206478957641
-0.0898025435494378
-0.0910320015123261
-0.0847637665230963
-0.0702611625704908
-0.0492045401349643
-0.0257928685043592
-0.00575897757889736
0.00542586442869816
0.00463106901428838
-0.00740504888770788
-0.0260334066074568
-0.0444977585377213
-0.0567958812714751
-0.0600151541600572
-0.0549588922205132
-0.0451623445959769
-0.0353025118195817
-0.0297650860270207
-0.0313664546045504
-0.040092313633344
-0.0523737457946023
-0.0618555611863695
-0.0619437695553819
-0.0490689313777999
-0.0248616264083256
0.00398076154981397
0.0280364848679311
0.0386284270077654
0.0310802222170031
0.0065820881402073
-0.0280989805174039
-0.0630229099148713
-0.0885600240894202
-0.0984544220241682
-0.0913994745324372
-0.0708925476421582
-0.0436819524735288
-0.017317191894949
0.0024840096805551
0.0137147576124356
0.0183924662749405
0.0211325181750264
0.0266320793621317
0.0372285592429542
0.0516278618219912
0.0653149097041945
0.0723883169028032
0.0679811172462538
0.0502648117602566
0.0212924080780464
-0.0135311206077674
-0.0470088930747645
-0.0720935731799314
-0.0835951966836905
-0.0792739132259252
-0.0601764258203037
-0.0302385430753022
0.00473929178208828
0.0385774889070374
0.0663520024384016
0.0856274215059675
0.096662323226861
0.101354775656564
0.101469324629553
0.0972578155904976
0.0873868847579952
0.0701872208163817
0.0453560975785059
0.0150347770919531
-0.0163307608898859
-0.0432315636370071
-0.0608534841619673
-0.0666489640429671
-0.0611268646019936
-0.0474803485507255
-0.0300923778278078
-0.0126139874820309
0.00325759151363842
0.017609389622297
0.0311998401419845
0.0445456291042313
0.0577813762854309
0.0707246256108962
0.0823517104042184
0.0899593388886281
0.0893018029087366
0.0764574521609999
0.0504031504245151
0.0142245253476038
-0.0260988450424719
-0.0642876666284901
-0.0957094785908982
-0.117689792728809
-0.128876680959774
-0.128805537269358
-0.117938553299986
-0.097695122332558
-0.0702219651759287
-0.0381791736085262
-0.00470611245773098
0.0267559923044793
0.0530785017765396
0.0721910649410297
0.083338633649843
0.0866910609366051
0.0828241379484128
0.0726349407997994
0.0576059585263895
0.0397830250993772
0.0210655883236408
0.00219990427409618
-0.0176386842474979
-0.0401131005312276
-0.0661282561975092
-0.0943279539778425
-0.12068852320017
-0.139651436423972
-0.146371329192765
-0.138930596448191
-0.119260503805161
-0.0922078729811965
-0.0633051785347006
-0.0365451838186622
-0.0132983761825629
0.00734117154859236
0.0272977738277165
0.0480518551213894
0.0693910219393485
0.0886180164675643
0.10066983317043
0.0996754129571207
0.0817585053788611
0.0476977278846699
0.00363375057873899
-0.0409082040165361
-0.0766367259061891
-0.0977637636919584
-0.103464953525894
-0.0973442329760817
-0.0855899179796134
-0.0745802151399131
-0.0684746890515099
-0.0674141617837442
-0.0672048769581339
-0.0610659832361996
-0.0429094218666285
-0.0105017504894308
0.0331517251720536
0.0806420896382959
0.122321331614264
0.148609681278955
0.151976341466577
0.128782136673176
0.0809028505138364
0.0162420901823314
-0.0528579885817153
-0.113157324778744
-0.154485544362959
-0.172384496725836
-0.168646281318176
-0.149976014606046
-0.125299933920811
-0.10229036197177
-0.0841880033879575
-0.0685782012940488
-0.0492577465553002
-0.0204642476204758
0.0190250223996234
0.0643745915942971
0.106348736821712
0.134797234700293
0.142093650741531
0.125386400601736
0.0873379625825898
0.0353322728570792
-0.0206590066650903
-0.0708857578361798
-0.108305188851476
-0.130015842937889
-0.137483535485393
-0.135661417800153
-0.131068680413215
-0.12911477277362
-0.131592207062265
-0.135673250103625
-0.135204919416185
-0.123746799465037
-0.0977159762897246
-0.058118516774299
-0.0104042428862394
0.0370827406343104
0.0753647371319992
0.0972478157783536
0.0993261389948223
0.0829272403674058
0.053615574619793
0.0194606007263052
-0.0112537062560151
-0.0321227712662243
-0.0399527118157108
-0.0350414292729258
-0.0204660857115105
-0.000786494556630916
0.0192587598433634
0.0356501450764114
0.0455650705101187
0.047731660872583
0.0428494244276439
0.0338020134815002
0.025102658234927
0.0213914382300357
0.0255798213309031
0.0376097900931914
0.0544135145407563
0.0710177639932259
0.0824001420551515
0.0855719039585992
0.0810756120590595
0.0728970649041259
0.0664016978413583
0.0652750057865926
0.0693625819976485
0.0747126059545157
0.0755382772721598
0.066759663519053
0.0459603755689779
0.0143172111106958
-0.0235455793627681
-0.060746154130312
-0.0900790702925153
-0.105941563866782
-0.105450276305461
-0.088556261273734
-0.057635790154334
-0.0170246464541838
0.0275770393939202
0.0701312868812729
0.105589773021412
0.130889975966429
0.145090981577241
0.148731240130095
0.142951282865463
0.128844252460221
0.107144140318569
0.0782219001892907
0.0424693935464062
0.00109985204541214
-0.0429898141996388
-0.0849371118139367
-0.118583916864299
-0.137844159566071
-0.138194604767584
-0.117938977695035
-0.0791592630560529
-0.028055444185095
0.0259848997210379
0.072896010934048
0.105153577993537
0.119943700916336
0.119058576439906
0.106945496350523
0.0885144971265155
0.0679449873998312
0.0484370176905628
0.0321067632796498
0.0196493729089156
0.0102188274637108
0.00212514496522205
-0.00576160960411224
-0.0128196089473888
-0.0166751323746983
-0.0145514592100027
-0.00508567504554852
0.0106487330343156
0.0295686625838231
0.0480106685137211
0.0630214093483793
0.0726573778989775
0.0754618262662236
0.0700938031419386
0.055877361606542
0.0340054669769628
0.00830325539750388
-0.0153904103640039
-0.0312282657547682
-0.0358088046739225
-0.0297551497858245
-0.0174224915357815
-0.00469173452328624
0.00402532736110819
0.00784537954238835
0.00936732120349277
0.0127077018972312
0.0208984397957617
0.0340506726529332
0.049058984204816
0.0608245888800209
0.0643406041811986
0.0566617675986268
0.037958995839013
0.0114747262813632
-0.0172562384577656
-0.0415481333495071
-0.0550609885782875
-0.0537313979562478
-0.0377130421233753
-0.0122862598950657
0.0132803599265786
0.0290216008138264
0.0285115117852345
0.0119868067358278
-0.0133947221012992
-0.0364797727733167
-0.0468376011161353
-0.0390066834045295
-0.0144676066951013
0.0191712901047062
0.0511475198448212
0.0715460610777393
0.0750506711402917
0.0630703136489451
0.0431620014054845
0.0257907289461364
0.0199255145184524
0.0296009051302322
0.0528545832014005
0.0830719273957061
0.111744019830389
0.131363335912984
0.137447707151016
0.129218910150767
0.109038845985266
0.0810906124373316
0.0498755726566092
0.0189963403238845
-0.00944530688269961
-0.0347079629090322
-0.0567046291352652
-0.0751613394691595
-0.0890624501893781
-0.0965880169068217
-0.0955754847726265
-0.0844602495117451
-0.0634423798667804
-0.0352524460379808
-0.00478683333643434
0.0225351747627543
0.0428809499743804
0.0552868913419836
0.0613058542492931
0.0632983917766366
0.0625192308082767
0.0582357538569118
0.0484007053182247
0.031370243044797
0.00750804392039181
-0.0202986548387858
-0.0473625394402144
-0.0685804833739256
-0.0798045525523782
-0.0788891835999226
-0.0663664161654791
-0.0456331027835987
-0.0223984898350416
-0.00326190799610768
0.00630557639970245
0.00385632548678753
-0.00916272030338563
-0.0281548498872285
-0.0475133928918019
-0.0630271338962349
-0.0731816686001987
-0.0788123597965768
-0.08178341467055
-0.0837893547249666
-0.0857329823538396
-0.0874193995743582
-0.0873767185490761
-0.0830668554835399
-0.071684311678437
-0.0511867833287765
-0.0210277359323598
0.0174419795954369
0.0605850250754324
0.102264718473597
0.134662322178704
0.15064522732986
0.14677025061001
0.124934916434354
0.091361546333566
0.0535952610558167
0.0176219962887792
-0.0132794875852643
-0.038101534241564
-0.0573829237701313
-0.0729523466097385
-0.0875415044777515
-0.103293661062801
-0.119479892254134
-0.131315914754795
-0.131590534775036
-0.114590521141894
-0.079689729159153
-0.032199268254155
0.0186639689037536
0.0629184690252936
0.0923230486533656
0.10179948103856
0.0902392933924376
0.0609471873067406
0.0212802221480313
-0.0190769361573943
-0.0510029159447578
-0.0688409906719289
-0.071900666963809
-0.0638894774138858
-0.0507988635956536
-0.0384880577740216
-0.0309505799045476
-0.0294470090500748
-0.0322624298969385
-0.0351088101605097
-0.0324957884030471
-0.0200301605410771
0.00323290961930113
0.0336889631445894
0.0640966529625654
0.0861346640064802
0.0933960137313767
0.0835964145854337
0.0593145392650101
0.0270844119514525
-0.00500260510831355
-0.0304875858942822
-0.0470814012520736
-0.0569634430126967
-0.0644371287995512
-0.0724511798123199
-0.0804402872649636
-0.0848615088766164
-0.081634114090201
-0.0684746971439646
-0.0457915790072595
-0.0162886693690043
0.0158849329482645
0.0460086133025968
0.0697583156657038
0.084208545457975
0.0884187086396177
0.0832298576502043
0.0704656107315237
0.052160488243122
0.0302766610484337
0.00684759451391875
-0.0158230208494422
-0.0351761588783933
-0.048702691401934
-0.0545624450421877
-0.0523855932014971
-0.0437222318122049
-0.0314704097221949
-0.0183120730109033
-0.00526906832180501
0.00831147286174573
0.0232423367184182
0.0388218244401275
0.0524824746713412
0.0608927554653622
0.0613838115979585
0.0527001208982176
0.0351081901491214
0.0104230963735007
-0.017960323305689
-0.0455259734709791
-0.0678435882148341
-0.0819823383938609
-0.0872293234964971
-0.084747984347563
-0.0766382870736252
-0.0650909824972297
-0.0518579065276517
-0.0378477650126179
-0.0228749232888267
-0.00598727824021429
0.0134562412220603
0.0346085314781996
0.0548627718388767
0.0708053122950289
0.079680703068476
0.0803803423314117
0.073617027143652
0.0616529524341155
0.0479195544810406
0.0363517447240907
0.0301588197991478
0.030386442104003
0.0352318618422289
0.0407809019749396
0.0428028106630513
0.0385055003095206
0.02738854161552
0.0111254918269955
-0.00711832438976661
-0.0236723211985347
-0.0356400634233192
-0.0422289811242363
-0.0453440393553112
-0.0486229701013442
-0.0550521378728045
-0.0646236206340118
-0.0738343878173232
-0.0775725619627568
-0.0720867880490904
-0.0570115164953965
-0.0354116114898097
-0.0123797960054243
0.0066378119816288
0.0171828068145145
0.0169461542252474
0.0068392340522625
-0.00864515906948224
-0.0226315379163127
-0.0285936539068904
-0.023337441764373
-0.00856890330213875
0.00977660086664469
0.0239843803819036
0.0275629302716187
0.0175960467191508
-0.00429392270693252
-0.032598063703954
-0.0599237079552587
-0.0795796944430203
-0.0877088966756919
-0.0842402373783049
-0.0726128521976904
-0.0586139305283864
-0.0485682984295274
-0.047092173526281
-0.0550559900261212
-0.0687864731880958
-0.0812116847147681
-0.0847332103258799
-0.0747427663575653
-0.0522757072848424
-0.0244063940433626
-0.00179594681692334
0.00575544205307031
-0.00639511922457055
-0.035792411221936
-0.0740952776964938
-0.110433596892534
-0.135061349006829
-0.141927669085303
-0.129757513321493
-0.101803405443263
-0.0645046491849022
-0.0253354547922285
0.00961838785464845
0.0375654783308939
0.0596570424513571
0.0800057830005277
0.103258507742683
0.131548067340731
0.162199717364357
0.187585830422241
0.197616489318912
0.183821244050227
0.142918337705819
0.07814555432359
-0.00184008744910354
-0.0853827508933685
-0.160395596936423
-0.216646621134841
-0.247731685236104
-0.252430029706664
-0.234875970053456
-0.203249225654507
-0.167244838477383
-0.135036005618368
-0.110702682806496
-0.0931277644701105
-0.0769978754647103
-0.0557564480883223
-0.025419852956019
0.0124563298336488
0.0502392488483875
0.076631154634337
0.0810410215500619
0.0579461899197243
0.00947253914785405
-0.0546239179137984
-0.119545751358641
-0.169996137913614
-0.195273350645622
-0.192748064964662
-0.167885928493369
-0.130827444984911
-0.0915922281137757
-0.0564660045582942
-0.0268565824947244
-0.000290319020781604
0.0274932739270693
0.0602671384785081
0.0995002377333633
0.143429332607185
0.187132588235017
0.223372074648734
0.243942257722418
0.241506144859911
0.211863321972513
0.155998018777862
0.0807107567003936
-0.00294554721957822
-0.0828210587291435
-0.14866954520997
-0.193560639330381
-0.213800964235818
-0.208613827222173
-0.180409479440816
-0.13509002257445
-0.0811667438068384
-0.027337903429835
0.0203525080704727
0.0600910871563698
0.0937042310094342
0.124305103533818
0.153475807379909
0.179453085052834
0.197291539318967
0.200946239756257
0.186091518010445
0.152055159785008
0.101933161642592
0.0412726779787727
-0.0234123854783308
-0.0853166516451106
-0.137345620505613
-0.172389074566272
-0.184532348352707
-0.170903577253568
-0.133202090204824
-0.0780352657262184
-0.0156543223584206
0.0427780170992248
0.0885834861654273
0.118225697807555
0.133932375213111
0.141997583298417
0.149613276254789
0.161438567804213
0.176894916005655
0.189221783657907
0.18746012513409
0.161469790936949
0.107748759247122
0.0324722294083555
-0.0501946495784091
-0.123129568244723
-0.171520378374265
-0.186360005355349
-0.166112128255227
-0.116996194702446
-0.0515627017122699
0.0149337513532137
0.069546348702664
0.105792727316224
0.124953334420302
0.134276372023582
0.143384139951684
0.160353918654664
0.18841639848774
0.224056343704854
0.257430628586746
0.275496162082133
0.266860467280601
0.226225746033954
0.156500359339321
0.0679838235700733
-0.0246452211996427
-0.106213724175485
-0.164550953516222
-0.192797595627286
-0.190338525018159
-0.162513551979534
-0.11914279672638
-0.0718270989871761
-0.0305138433264958
-0.000588714906344403
0.0182141727108358
0.0307647747987091
0.0441264420230119
0.0648030782431062
0.0961885149993989
0.136530770951844
0.178184005512195
0.209259750054452
0.217902855511015
0.197528677945474
0.150157938555368
0.0858415939522009
0.018514235426692
-0.0394230725625061
-0.081141690652822
-0.106447210649769
-0.119851379889669
-0.127027493554014
-0.131617931368857
-0.133843503779775
-0.131114367285778
-0.119792193113472
-0.0970221553942423
-0.0619782811941724
-0.0163850316027288
0.0355940357833994
0.0880567607263609
0.134627420363669
0.170009950335248
0.191177135613022
0.197512432324962
0.189826024567888
0.169052027923976
0.135753251855627
0.0908512095833944
0.036870498240623
-0.0214318583534639
-0.0775445001837826
-0.124400045355287
-0.155688289074372
-0.167062153754608
-0.157257082192785
-0.128887797931063
-0.0883475567904961
-0.044383759410818
-0.0055932206174342
0.0222079870872478
0.0375439019747358
0.0430180516860861
0.0434465721766648
0.0434950196053603
0.0460552011709072
0.0518357325244022
0.0597532230103596
0.0675340035123802
0.0723708095873148
0.0717482645140611
0.0643304683971465
0.0505477399511467
0.0326349094445426
0.01413764825595
-0.00102833439522311
-0.00984302266722794
-0.0113373609854614
-0.0069028014965986
0.000642803664160768
0.00870964208868776
0.0161794486058401
0.0234910240646919
0.0318097515685686
0.0421277700272624
0.0548827475230989
0.0700191412067539
0.0871041073760352
0.105342040233212
0.123643104479841
0.140855882016936
0.155976707031509
0.168017933622913
0.175475711419787
0.175812097217614
0.165632050818221
0.141921625499782
0.10389046100286
0.054281058883275
-0.000816660832212134
-0.0536085639838107
-0.0967266239788953
-0.124838993424886
-0.135449800351095
-0.129162978546192
-0.109538915335743
-0.0822420882107696
-0.0532594056034811
-0.0267033845213128
-0.00338454014586161
0.0188551355756188
0.0431456010377984
0.0711925910864328
0.10200181652125
0.132329291506062
0.158154835927239
0.175924464026833
0.182917221074708
0.17712771276237
0.157466126244861
0.124562727297309
0.0816185678773726
0.03436699488861
-0.0103471141475334
-0.0468811764546251
-0.0727143791752976
-0.0887588158105248
-0.0978594371368919
-0.102513095364278
-0.103341554898299
-0.0992310381983365
-0.0887823467048727
-0.071801055318857
-0.0497250168027787
-0.0249279766222138
0.000253902210426349
0.0239695573066965
0.0447630009010271
0.06152284813678
0.073784005892341
0.0819151413742291
0.0864372739687745
0.0865045943428363
0.078753834325454
0.0578831357776191
0.0190133839281665
-0.0395907205703932
-0.114961756262558
-0.19942361210024
-0.281690659913385
-0.348848755265655
-0.389363076298635
-0.396637452113088
-0.371475894213956
-0.321707617466621
-0.258913047325327
-0.194185043962891
-0.135176301520265
-0.0852119239109628
-0.0438228666904601
-0.00802808394247627
0.025671841206673
0.0587993496130548
0.0890620220047617
0.110581067559144
0.116391418910129
0.10181556788316
0.0667612074175739
0.0157248719325105
-0.0444193225163101
-0.107539406512873
-0.170251395865556
-0.231177494098165
-0.287652718800339
-0.332489558547655
-0.354277724862345
-0.342399600644457
-0.293787049190216
-0.216328705113924
-0.126196949467639
-0.0410429684612885
0.0264268988182095
0.0712885949084529
0.0954955128776546
0.105018134445306
0.106846751498197
0.106733182585374
0.107734055539291
0.109423655810594
0.107946118008805
0.0973118171998528
0.0719320687627787
0.0294545398452371
-0.0275338187658597
-0.0917220811189185
-0.152774955712436
-0.199505254845728
-0.221941659222211
-0.213388667981645
-0.172598052328243
-0.105432275442161
-0.024672115093186
0.0530812963087485
0.112906587929953
0.147153822762789
0.158191992703334
0.15659506860389
0.155505573979753
0.164110607264558
0.183644294153301
0.207736115141457
0.226361600184548
0.23085127280772
0.217381600401616
0.187759753604085
0.147948525120657
0.105669062447688
0.0683313958706212
0.0418641847112206
0.0303079267072315
0.0356766766350853
0.0576525630864557
0.0930296941734677
0.135306039546074
0.175188916738011
0.202617465283548
0.209972003748692
0.194965176426114
0.161442077058693
0.11750829276488
0.0721343661451452
0.032109181825991
0.000471655295704079
-0.0236525812575594
-0.0443907909687595
-0.0679355378607971
-0.100749067638378
-0.147141140695233
-0.206708188956749
-0.27279726466306
-0.333465948483456
-0.37546287808134
-0.389383947517704
-0.372684114113422
-0.329477122332439
-0.269404857099899
-0.206540811389914
-0.155899959804319
-0.127290985803447
-0.121091497208093
-0.12953555612255
-0.141826753235761
-0.149023809225367
-0.146361497766287
-0.133131224040913
-0.111389420412643
-0.0845949607159975
-0.0565564783371189
-0.0305326770490695
-0.00834808693481684
0.0101978094417615
0.0271073150826109
0.0449993693249851
0.0655732458973575
0.0886955914855191
0.112601665663765
0.134857770775938
0.153380070961066
0.167115715410952
0.176398749175683
0.183069896394575
0.190329963512071
0.202230258805314
0.222709925330706
0.254181462959474
0.295990234662049
0.343578225155103
0.389338447995988
0.425377754044969
0.446938363132194
0.454286546666901
0.451620639766016
0.443695745668199
0.432640308891473
0.41721935036573
0.394757555738472
0.36393547567904
0.326384754517838
0.286317987221602
0.248859583695362
0.218189337284914
0.196229403012696
0.182150646173541
0.172773634829953
0.163757198154799
0.151118618884986
0.132389909605628
0.106970300045585
0.0758519059383152
0.0412325429862275
0.00622071242437329
-0.0256616186363014
-0.0514311346119988
-0.0697166249502235
-0.0812543594179376
-0.0884542289728298
-0.0943373834172358
-0.101423893653085
-0.110977714149086
-0.122796133778689
-0.135611159674716
-0.147923302235754
-0.158713085051468
-0.167466685070287
-0.173609415728421
-0.176162205824365
-0.174279287448342
-0.168306519466193
-0.160252555003069
-0.152989256960794
-0.148681815474529
-0.147680250623458
-0.148693520309259
-0.149962150651381
-0.15036236962768
-0.149543065241264
-0.147119468904175
-0.141838051007506
-0.131703339374401
-0.115198101415403
-0.0926942622641148
-0.0669076187006667
-0.0419757441629511
-0.0217288985883132
-0.00819867988080273
-0.00115583726977736
0.0012029269343555
0.000907999059100245
-0.00103983803804869
-0.0050713419422608
-0.011973953621423
-0.0205583188209852
-0.0262459038080324
-0.0235790423140463
-0.011573216226203
0.0045499590293105
0.0182933984139396
0.0272241541681514
0.0325973934454385
0.0360322960145412
0.0385100819178605
0.0416288304839842
0.048079343858548
0.0602148386826637
0.0779732621533085
0.0979114557634718
0.114205512080022
0.1211665943906
0.115904237666001
0.0997310321132086
0.0776877324446512
0.0565787592818648
0.0425176264047236
0.0390005817291743
0.0461523707848336
0.0612597052387505
0.0801593425704835
0.0986538507028207
0.113186125731692
0.120655697144986
0.118102403299654
0.103193166017453
0.0756298367858997
0.0384537860911225
-0.00204731925223301
-0.0381988662254222
-0.0637079132949424
-0.0759833689073422
-0.0770214998032032
-0.0725933398960329
-0.070100843490014
-0.0758973495792932
-0.0930717027713409
-0.120560417744619
-0.153915512529735
-0.187300433713734
-0.21570860336339
-0.236377075296616
-0.248991201712598
-0.255139397008077
-0.257820551102276
-0.261230313024968
-0.270170457565552
-0.288375437797329
-0.316120189088644
-0.348617298285543
-0.376700371138906
-0.390000668735407
-0.381208017744439
-0.349188882357279
-0.299283616753986
-0.240710660687219
-0.182609526620947
-0.130829650469325
-0.086939181196483
-0.0496592206516821
-0.0176669209808246
0.00804150484524238
0.0237955814785031
0.0251677568656825
0.00988289208078696
-0.0201722224899341
-0.0590230236611607
-0.0986208008352502
-0.131687890759809
-0.154111921129003
-0.166014029072343
-0.171226870137817
-0.175510334331611
-0.184257869031015
-0.200511706042565
-0.223800716913052
-0.249989239678533
-0.272258380206524
-0.283234483316686
-0.277690184278579
-0.254537275988709
-0.21700544749193
-0.171136491599032
-0.123792408784374
-0.0811425795589877
-0.047589186329567
-0.0247500292222424
-0.0107681078020217
-0.000738233586436628
0.0114438586088512
0.030487309048146
0.0574817203833486
0.0888391576384707
0.116755738717357
0.131341042325777
0.124190654629304
0.0922899419155956
0.0403487212837529
-0.0199710829789947
-0.0738703910832666
-0.108554321685025
-0.11747273298122
-0.102115314736613
-0.0709536338747849
-0.0361354687963907
-0.00922951714432352
0.00244021011529985
-0.0023652720434687
-0.0193055226520201
-0.0409763746106265
-0.060310572592649
-0.0732806868592589
-0.0796296105545278
-0.0815643092185199
-0.0817060236554492
-0.081870439308921
-0.0831297228712102
-0.0862579566555595
-0.0915302175850702
-0.0979765199766364
-0.103186477394665
-0.10442141600273
-0.100452996089487
-0.0926378989754118
-0.0842174016177736
-0.0782618272162583
-0.0757639794650787
-0.0752254023355759
-0.0738899774674239
-0.0695571973803522
-0.0615765201027936
-0.0503924889144224
-0.0362519652254331
-0.0183703309136856
0.00462599228233565
0.0333703248212259
0.0667114223101088
0.101771158979369
0.134899606420392
0.162713414629422
0.182690905580188
0.193449667667062
0.195045854968759
0.189261615773222
0.17946313224219
0.169761056071839
0.163758284712577
0.163514992369496
0.169158159440927
0.179120392187199
0.190799247187728
0.201498942170245
0.209472583231596
0.21463207544774
0.218451652675003
0.223053839359088
0.230061975473068
0.239910697992526
0.251852518768288
0.264399892942137
0.275816275792738
0.284441771012395
0.288829346543273
0.287767889774154
0.280317183657179
0.26596922688755
0.244934027750741
0.21838559341322
0.188459725162338
0.157954422147689
0.129907599224738
0.107259375181441
0.0925825579966289
0.0876606496605911
0.0928248323345238
0.106354305765873
0.124463353698927
0.142145528044677
0.154591223956696
0.158504778113813
0.152755284700944
0.138305288854008
0.117791803219904
0.095065061832776
0.074572453066934
0.0603312780888089
0.0546702230330232
0.0574236791567156
0.0661219328510036
0.0770026808862806
0.0861593710068503
0.0903131098855624
0.0872030418089474
0.0758482241181367
0.0567860071059232
0.0321026864090985
0.00496922600834208
-0.021359954024849
-0.0446577597519934
-0.064246707140436
-0.0805545568571702
-0.0940822530315089
-0.104651103559047
-0.111496085973328
-0.113995681601901
-0.11236618060411
-0.107843115275152
-0.102346083476031
-0.0979053637063711
-0.0961773564528432
-0.0983362246057676
-0.10544108899593
-0.118958358708518
-0.140768580182656
-0.172225277498362
-0.212697594733246
-0.258762351248176
-0.304932229673858
-0.345563913146489
-0.376533603838049
-0.395518183174168
-0.401095078775812
-0.391976889909908
-0.367399657398681
-0.328354181939206
-0.278393466206307
-0.223043867067525
-0.167964015585415
-0.116915138423444
-0.0707428539244424
-0.0279774089900911
0.0132886461318316
0.0533725932932994
0.0900524334113396
0.119210289616805
0.136582807888477
0.139611843190884
0.128559060931763
0.106514960056514
0.0784023179516747
0.0495854723662964
0.0250027852698886
0.00924341070815257
0.00683100567243999
0.0214444231964143
0.0538307200152797
0.0998431008716878
0.150501161439473
0.194634103704722
0.222860841935399
0.230977728494845
0.221424673175537
0.202389281938925
0.184673566767643
0.177060163524936
0.181913267217517
0.193407326389815
0.199913133701785
0.18970541923601
0.156990924770502
0.105082563319823
0.0453790331370036
-0.00696899647648169
-0.0386218181040631
-0.0426549295794848
-0.0205178382092442
0.0193301450100727
0.065332290305955
0.10734923074299
0.139787273179293
0.162365956304743
0.178723870832766
0.193708041446989
0.21039307763055
0.227981482449251
0.241640765611564
0.244595901411173
0.23151228847483
0.201323844156835
0.158035142506307
0.109344199832499
0.0640398649279539
0.0293412344059222
0.0090108856792593
0.0027765179862361
0.00732052579962594
0.0185028148143411
0.0337351568966777
0.0532298581833145
0.0795538792284514
0.115969984334624
0.164544451823213
0.22471695337675
0.292556138872608
0.360856021563988
0.420409145487348
0.462557608636399
0.482234617099191
0.479881314683749
0.460883952454216
0.43265585762419
0.401073517547407
0.368355288582269
0.333408354778364
0.294086047681113
0.249780608856103
0.202776345925535
0.157625148832159
0.118984273479438
0.0892482238814853
0.0673914481255874
0.0496573976436253
0.0316051105209747
0.0103123044469548
-0.0143566607074577
-0.0398164862728073
-0.0618883079126122
-0.0764592761058658
-0.0811960082686899
-0.0768734308368761
-0.0678270721923149
-0.0611282112380011
-0.0645359012902217
-0.0839661214457346
-0.121643603248189
-0.175735525897414
-0.241149333300204
-0.310333945420229
-0.37355737972976
-0.419817077791005
-0.439943082646032
-0.431172932925069
-0.399690308015087
-0.358061749915041
-0.318546592148503
-0.286899025111321
-0.260822312142224
-0.233400377270754
-0.198429458317058
-0.154182962950695
-0.10412663340939
-0.055198561579042
-0.0150810514412248
0.0103553656324404
0.0187252848417034
0.0115462468984415
-0.0066348605923721
-0.0300487073200957
-0.0537797840149805
-0.0753287037144488
-0.0949947358939594
-0.114884567905876
-0.137102095473329
-0.162174182668961
-0.188497580947843
-0.212754582127572
-0.230665603867947
-0.237657105017035
-0.229645340214455
-0.204307055223082
-0.162589619634639
-0.109475052915945
-0.0531128920610019
-0.00244146714499002
0.0356131524438764
0.0581320419441716
0.0666990807236957
0.0663346111677254
0.0633284111729197
0.0628862826022367
0.0676231349898948
0.0773966102963326
0.0900972411588502
0.102625362089094
0.111710811275797
0.114795285822951
0.111097106320064
0.102366225561595
0.0926183181106536
0.0867426338856426
0.0886920942710521
0.100143033194131
0.120026624153354
0.144846258072293
0.169604763432947
0.18920445356262
0.199978488573164
0.2007105558011
0.19260769854332
0.178339542210481
0.160855738670766
0.142574785336424
0.124887451137412
0.107634897986733
0.088699085396687
0.0643653909553745
0.0308189715113437
-0.0138060139065633
-0.0680076775341792
-0.126999541347927
-0.184285537897781
-0.233926234651983
-0.27236051725435
-0.298893552919615
-0.314799183504928
-0.321985666067373
-0.322415554783791
-0.318469278062954
-0.313131281494837
-0.308899762300072
-0.305934670807385
-0.301311771028957
-0.290526728681948
-0.270262017796312
-0.24030137559949
-0.203452134491027
-0.164069994960928
-0.126496155687726
-0.094180583330098
-0.0694158308916034
-0.0531981017589935
-0.0448999057971344
-0.04197154734967
-0.0403485513317818
-0.0360604555313795
-0.027552971403605
-0.0172064769558421
-0.0106383821584434
-0.0138724044151366
-0.0301054452805713
-0.0580779928206838
-0.0927882126647999
-0.127722078486806
-0.157139442990925
-0.177432149878798
-0.187451131893611
-0.188230059844235
-0.182492725804403
-0.174008746002962
-0.166653040966688
-0.163143975103834
-0.163844650001756
-0.16636272278435
-0.166482310237441
-0.160150343284456
-0.145488446015859
-0.123812716264976
-0.0992988124268701
-0.0775499666158042
-0.063614410994975
-0.0601563185410389
-0.0665076590480903
-0.0789471446945246
-0.0919374889133467
-0.0997973497843036
-0.0984661374963436
-0.0870384720403802
-0.0683830226834058
-0.0480865803740103
-0.0317957977959439
-0.0223356574497994
-0.0185532498780639
-0.0168507072526532
-0.0143501005837585
-0.0112401442769641
-0.0104699069482995
-0.0151730514155892
-0.0260255396177116
-0.040563610140656
-0.0547124964889626
-0.0651362104739765
-0.0707408717147853
-0.0725956986692642
-0.0727055665255898
-0.0726374983843987
-0.0728008030426495
-0.0726095134459362
-0.0712605682947173
-0.0685853980891096
-0.0653868250104594
-0.0629386011133525
-0.061882484164278
-0.06129070544308
-0.058741865913226
-0.0517079529367973
-0.0396065385223453
-0.0251317758869865
-0.01362731508182
-0.0104985971460865
-0.0181990585302902
-0.0348392597159999
-0.0553539222407454
-0.0742795200430831
-0.0881497533649681
-0.0961540572856324
-0.0992952903969176
-0.0991906088224068
-0.0970747136425571
-0.0927245063989874
-0.0837085923759985
-0.0664170202819188
-0.0388046613550813
-0.00220563330313955
0.0394905171281228
0.0816965146860792
0.119842964380919
0.149068520371539
0.164332727931844
0.161548958938558
0.139014099922562
0.0980921521150017
0.042761500193923
-0.0216037252101938
-0.0895778825252947
-0.156646085233493
-0.219479117865194
-0.275429962752851
-0.321526408964912
-0.353645474947818
-0.366625486598883
-0.355615934727441
-0.318250881008085
-0.256659030416848
-0.178158146532547
-0.0939140464377582
-0.0158534761762797
0.0468453592143979
0.0901154489938703
0.115440628490638
0.12873221947915
0.138455122844273
0.15330992082825
0.179274225101723
0.216483198362831
0.257838878569597
0.291260458107808
0.305090563559752
0.293450960114495
0.258297121939623
0.207650000916957
0.152121340232997
0.102089771796359
0.0662068820376977
0.0504140993444362
0.0567087059723564
0.0820792335937711
0.118827009001323
0.156934832895039
0.187707609617507
0.206874484617167
0.215554091122128
0.218749765480802
0.222391231081029
0.230413696013463
0.242845886846615
0.25518453442972
0.259216127394024
0.245569224418435
0.207680460814685
0.145529742587568
0.0668763403303632
-0.0149886523144157
-0.0856074338027854
-0.133301090389486
-0.151214474580662
-0.137830495596464
-0.0968740896975234
-0.0366045063819607
0.0321632359681175
0.0991747208976556
0.157496030040627
0.204211503373219
0.238745315945706
0.260241903944758
0.266002698088517
0.252002761197441
0.214978514914061
0.154691868984297
0.0751383310756841
-0.0157739769126412
-0.107858488787119
-0.1910594713793
-0.257952062640967
-0.305437894846858
-0.334705806819505
-0.349187181573734
-0.351500776917012
-0.34123647900496
-0.314938422632984
-0.268155927858607
-0.198254703375151
-0.106603165109715
0.000680568603845652
0.113707410985396
0.221267191739297
0.31373105369086
0.385019344209237
0.433057874809727
0.459401800569126
0.46857513349204
0.466455508437025
0.457505767076621
0.442759183874807
0.420435298446416
0.38839941221845
0.346182865349287
0.295402651374999
0.239044068260707
0.180565196078136
0.123290461448703
0.0699574956805709
0.0222538146342113
-0.0194080354316181
-0.0555286831884367
-0.0867715035755254
-0.113589679330685
-0.136754273518854
-0.158323433720863
-0.181889347935336
-0.21138337234147
-0.2490347791644
-0.29402471471087
-0.342923808987286
-0.391427592474871
-0.435730477551713
-0.472427829623816
-0.497647130305215
-0.507139382461086
-0.497944512756639
-0.470161671036388
-0.426873282384907
-0.372156724849006
-0.309201071644445
-0.240351318553072
-0.168685892353049
-0.0990512192177256
-0.0370795611546445
0.0132504830993509
0.0516482100223755
0.081773703535978
0.10981447089691
0.142323638201386
0.183968810553577
0.235212939609582
0.290151407690657
0.335797210773068
0.354637621739101
0.33086941449957
0.257863840947009
0.142648815831616
0.00460163144831044
-0.130794483057746
-0.239606057562066
-0.305368857250383
-0.32222891736551
-0.295429314938792
-0.239025497562832
-0.170917362141434
-0.106790511253121
-0.0556679085283271
-0.0187894343186274
0.00868987386662976
0.0349055682554584
0.0685043578385418
0.115901863472671
0.178620920957459
0.25171226348015
0.324528605469023
0.383863007189269
0.417880443490308
0.419067630645582
0.385565213015011
0.321226320717547
0.234742587214916
0.137850834334473
0.042801800605481
-0.0402275743599435
-0.10492761980312
-0.149337917096001
-0.174994560181095
-0.185154606247809
-0.182892465790762
-0.169987429673089
-0.14704785307762
-0.114446361325827
-0.073150502105299
-0.0248532099008438
0.028504961885178
0.0853232277492323
0.144549960228166
0.205285824300966
0.265981756635761
0.323856136050117
0.375146631655616
0.416197920031196
0.444679252707885
0.460140446005964
0.46371858143197
0.457463168332756
0.443867384516671
0.425783167880561
0.406391925905835
0.38874443504188
0.374758700217789
0.364234318532321
0.354786834357303
0.343131908230078
0.327118228326106
0.307251226665622
0.286816948621615
0.270722589764526
0.263845292674215
0.269575089479671
0.288788439994566
0.319304701148615
0.356005180588208
0.391816782513465
0.419430023197473
0.43317494168957
0.4303408473666
0.411518526735504
0.380008477558249
0.340657196408947
0.298557464367082
0.257985706228574
0.221849899385562
0.191745155195497
0.168414734942633
0.152151689714145
0.142730269431007
0.138868250567172
0.137655627959935
0.13446780271828
0.123602804211267
0.099523959785901
0.058339485790282
-0.000978865534379812
-0.0760772411877697
-0.161519205041299
-0.249658798331866
-0.33180684639324
-0.399654812663153
-0.446956171619636
-0.471071581955075
-0.473616823143968
-0.459689315295341
-0.435934087385528
-0.408403926300777
-0.381255385071019
-0.356822487719627
-0.336831682515222
-0.323772374899055
-0.321144553751062
-0.331966725088714
-0.356410060785397
-0.390546026268511
-0.42768084421021
-0.461724993453822
-0.490184591602687
-0.51440300205777
-0.536803850063805
-0.557406935474496
-0.572585325476696
-0.577167067377557
-0.568176441525133
-0.547257030881302
-0.520016213034111
-0.492796706615097
-0.468854839761968
-0.44604107075763
-0.417314814536072
-0.374163158970608
-0.311449342964547
-0.231139560670544
-0.142769511289643
-0.0604392890265292
0.00188567790435916
0.034520151993403
0.0344541069000617
0.00593349667810724
-0.0406113539372764
-0.0912599443459581
-0.132425106263349
-0.154459371787407
-0.153534270350273
-0.131239076628267
-0.0926484882061416
-0.0441945843426697
0.00776835693190342
0.0577192187705774
0.101563891409678
0.13733522691174
0.165678002412039
0.189591430592508
0.213319624416169
0.24085490372622
0.274662382790661
0.314934240920306
0.359410010277066
0.403780276216092
0.442643347746076
0.470723875626638
0.483916650351898
0.47999013054455
0.459149294727435
0.424546448038201
0.382286237314431
0.340252217036259
0.305726681848981
0.282781598759195
0.270734346532985
0.264319545648994
0.255419871244507
0.235846973762372
0.200469222866938
0.149593472219245
0.0893621411424503
0.0296263480020212
-0.0199240631665152
-0.0535748331004826
-0.0715668993743348
-0.0794995995677671
-0.0857602284196346
-0.098351651577201
-0.122311632300783
-0.158236461560795
-0.201998492723663
-0.245785210540274
-0.280516992059346
-0.299021688060839
-0.298531300897907
-0.2811834490458
-0.252478573788547
-0.218911561982265
-0.186077489130549
-0.157667874756719
-0.135103110647483
-0.117640749131982
-0.103093210633585
-0.089094418510697
-0.0743088897705241
-0.0588094656290926
-0.0434237693962818
-0.0286702134436421
-0.0141677471012927
0.00110852306323912
0.0180859230429425
0.0370049229549827
0.0573291178795622
0.0780791829009954
0.0983684027345594
0.11799858221264
0.137982019237171
0.160698427405538
0.189312671447432
0.226330581742652
0.271733775006097
0.321668844801731
0.368714603537828
0.404066467509926
0.420818059481734
0.416652486990976
0.39444489964656
0.360541158536176
0.321890665409522
0.283686539587982
0.248465910630584
0.216504398699369
0.186738562297243
0.157626840813031
0.127804753568548
0.0965261989375035
0.0637550667965582
0.0298458335232902
-0.00489905889777656
-0.0403594437000544
-0.0763020292439343
-0.111966390358284
-0.145889306241682
-0.176059892728141
-0.200318120980781
-0.216962309416418
-0.225563624895177
-0.227772117195756
-0.227631073798954
-0.230998316453031
-0.24415841434375
-0.272179222435411
-0.317649745555623
-0.380192765245398
-0.456781162794365
-0.54245214341262
-0.63066158876219
-0.712731495586907
-0.77689410851942
-0.808638268723792
-0.793996913727964
-0.72540807423802
-0.607127668099663
-0.456308058130829
-0.297998591532362
-0.156151810895272
-0.045465555829972
0.0315081240476935
0.0810169802637443
0.111682011966971
0.129705105633143
0.138108138187819
0.138439910943123
0.131635032050843
0.116719978200304
0.0894555747782637
0.0439549775272671
-0.022422247311945
-0.104266661008508
-0.187477641490998
-0.253828945920193
-0.288061856289733
-0.283593679499616
-0.244373003969957
-0.182616737858838
-0.113752885129842
-0.0507431048027864
-0.000136068198684067
0.0385546923645294
0.0702096023135168
0.0999567475827239
0.129862398696534
0.1579040983589
0.179130167556411
0.187930229269114
0.180354584546044
0.155896964601376
0.118418372868719
0.0758302859110557
0.03819128237996
0.0144101380081054
0.00867806707307382
0.0183763387590856
0.0348107176786304
0.0467414299403516
0.0451710158929466
0.0271809656551362
-0.0029006953727171
-0.0354108756448951
-0.0593129472655955
-0.066354984933008
-0.0537950641916515
-0.0250234452560914
0.0117428357142486
0.0462198386725432
0.0696279374397352
0.0779641038687329
0.0735379703882503
0.0639022652196754
0.0586779799095337
0.0659188264352627
0.0896476272816596
0.129089497239816
0.178971854696677
0.230194456425052
0.271162130786036
0.290669254590736
0.282182253382933
0.247482456809895
0.197110547111333
0.146817712761308
0.111740386141452
0.101152330474187
0.115924271022926
0.149277962124596
0.190093081131208
0.227244375844407
0.253247809697907
0.265932610024602
0.267809823569312
0.263826709998593
0.258748945520011
0.255276444695739
0.25340203622471
0.250919618413807
0.244667498013119
0.23201209541233
0.212076653503133
0.186261378638605
0.157769872146163
0.130232041944346
0.10602311487866
0.08518158762273
0.0655316813722608
0.0438135780991715
0.0170338395347145
-0.0165553009805028
-0.0568184695732976
-0.101293797518121
-0.145413683905425
-0.184196253648471
-0.215039376912577
-0.239136894226459
-0.259212231865347
-0.275660837477691
-0.286483418943452
-0.291779551819325
-0.296588464746387
-0.307653625077617
-0.327341162814709
-0.350402712838767
-0.365713873641843
-0.361489629728075
-0.330898148458644
-0.275168317950122
-0.203127969577666
-0.128266882883631
-0.065061742809845
-0.0255296533402466
-0.0163466187425474
-0.0370135417352992
-0.0797253811427666
-0.131213307044437
-0.176209936277174
-0.201751930590886
-0.201227588744023
-0.176882416737649
-0.139752090344004
-0.106798897274402
-0.095881369598205
-0.119693840495745
-0.180302975590501
-0.266616941693614
-0.357039543414251
-0.427334303810269
-0.46017863117042
-0.451278582169242
-0.409284787137483
-0.350968632452253
-0.295201073495786
-0.258082495382911
-0.249482895219761
-0.270631144955044
-0.313164352138638
-0.360727162866251
-0.393736774373464
-0.39626357067253
-0.362116828321126
-0.296873462443218
-0.214686763033009
-0.131926409694177
-0.0613131145258876
-0.00900040391726037
0.0254083864070266
0.0472742374370219
0.0648271181511044
0.0869047679407345
0.120739001660425
0.170164913969157
0.23452694110769
0.308381239055776
0.382222900551398
0.444583902232611
0.485364460823581
0.499332000613625
0.488216683976732
0.46032042697222
0.427736494769595
0.402384985000038
0.392519510562944
0.40098421905651
0.42552192732603
0.460405590946559
0.498220422474003
0.53102085503528
0.550962256600136
0.551128733298483
0.527071611337454
0.478627618391703
0.410771140058591
0.33251542021436
0.254148442084371
0.184215019303612
0.127638600360056
0.0854187700550555
0.0554413794939601
0.0337252673312486
0.0156912245511288
-0.00273265682959595
-0.0242981396541842
-0.0499488659441979
-0.0785147572633165
-0.106505597142927
-0.128351822589358
-0.1377207959317
-0.12998546726894
-0.104767271211329
-0.0669010530865355
-0.0249759299329943
0.011807879073145
0.036715585291716
0.0470503691999238
0.0440034319668217
0.0315476601481525
0.0150613084909413
-0.000268171882563616
-0.0111125764942378
-0.0168436883843061
-0.0187778860552142
-0.0183791526359002
-0.0159168132732829
-0.0105467650196638
-0.00141590153909863
0.0114600447955373
0.0273894140517364
0.0459602482631772
0.0677134222616427
0.093793551188778
0.124802862635023
0.159801956080621
0.196259264682008
0.230951290305514
0.261159169923649
0.285528835363904
0.304390908618888
0.319574097846519
0.333682202273972
0.348846722333203
0.365343682493559
0.380847438948333
0.390989205499749
0.391196487848565
0.378944050784548
0.355178869507228
0.324121516506791
0.29161054743714
0.2629416251608
0.241248060389337
0.22696147098326
0.218260412860476
0.212052722907775
0.20502221181749
0.194458207950204
0.178788768842505
0.157848637050149
0.13292643086078
0.106586088842208
0.0821949517575511
0.0631056539969772
0.0516028443642235
0.0479678596199673
0.0501225602211255
0.0541138900624815
0.0552618986406575
0.0494423603019786
0.0340228361416254
0.00835731755362108
-0.0259707657922544
-0.0651169735722246
-0.103467211914825
-0.134945634579492
-0.154871517401507
-0.161512634888145
-0.156490335893128
-0.143806687731663
-0.127989996058798
-0.112261350586499
-0.0975878634164388
-0.0830468580992771
-0.0672325803647562
-0.0498369540860271
-0.0324323622583576
-0.0179987224929586
-0.00953330999801715
-0.00860905942566244
-0.0146839420563824
-0.0254313893736247
-0.0377633497687045
-0.0489300952497686
-0.0572259058903463
-0.0622148515578313
-0.0646615007827077
-0.0663018309594481
-0.0693796253095941
-0.0758691679802732
-0.0866219950897932
-0.100958570734728
-0.117051649455826
-0.132901581406873
-0.147305622057902
-0.160291343020914
-0.1728553066586
-0.18622899424825
-0.201137841092663
-0.217521432154886
-0.234885034576593
-0.253063780349858
-0.273043227048027
-0.297520909796859
-0.330592152138893
-0.375410395757388
-0.429533615318985
-0.481202241796579
-0.512408109502727
-0.509275782738206
-0.470400797753705
-0.405112665960168
-0.326493294815493
-0.247743152310903
-0.181287540548578
-0.136065509751391
-0.113925145785066
-0.108987296966869
-0.110844724842615
-0.10942263811012
-0.0990843742854482
-0.0805896456866455
-0.0603644337512816
-0.0473491735584826
-0.0487695692470941
-0.0669423324573308
-0.0987824527092243
-0.138001778755176
-0.178259736419465
-0.215113798715922
-0.245810539809954
-0.267752913838266
-0.27747734369213
-0.271446065952041
-0.248336241649772
-0.211092592953031
-0.166980611082474
-0.125236069642407
-0.0935072614304991
-0.0749676250267432
-0.0674815650073167
-0.0650428745365231
-0.0605585284540641
-0.0484879345287585
-0.0261781686354292
0.00622653112516267
0.0464177599310182
0.0900965518380439
0.130656846535633
0.159531714924468
0.168379728618322
0.152731498039413
0.114927501032094
0.0640989866002329
0.0128915936680653
-0.0271932296893413
-0.0494463498158698
-0.053327901568496
-0.0436542608512549
-0.0282511007013638
-0.0148019637612677
-0.00781048983096995
-0.00685157602385968
-0.00701530348435432
-0.00140624222915233
0.0156295719627487
0.0462594159305731
0.0888505406936255
0.139256607822356
0.192537857930497
0.244061621619322
0.289711260005278
0.325675927931846
0.348469341800928
0.35543839776081
0.345508906193107
0.319722279033655
0.281312591663848
0.235330456867641
0.187830058651842
0.144525513449914
0.108997897996302
0.0810725457510873
0.0563948110635915
0.0279468142149931
-0.0107356773922291
-0.0619717883573851
-0.121775607483284
-0.18044509927308
-0.225904454213737
-0.248333160473228
-0.243905042737003
-0.216013593646002
-0.173749802522728
-0.12864709553759
-0.0911742428247374
-0.0681878378038275
-0.0619119197726273
-0.0703123116379664
-0.0882734467671524
-0.109031429746062
-0.125793578968863
-0.133781675996412
-0.132468986949621
-0.126832606999118
-0.126212714303238
-0.140597332471446
-0.175969684591606
-0.231115400219111
-0.297397340263391
-0.361387640601995
-0.40908281609473
-0.430105008416241
-0.420572953898439
-0.383914556836102
-0.329568577225022
-0.270083563182239
-0.217483113036837
-0.17997363241394
-0.16007306099914
-0.154824617220181
-0.157905476215473
-0.162595744397726
-0.164329545596573
-0.162002588566703
-0.157859218218922
-0.156165206552289
-0.161085886683585
-0.174540273147486
-0.195113245416388
-0.218777232138472
-0.241033031434823
-0.258903688027696
-0.271150491020328
-0.276497834448279
-0.2715461594517
-0.250670918111523
-0.208686208668946
-0.144563872615752
-0.0633787678446132
0.0249561791776946
0.109015063496412
0.178754709354306
0.226506059667908
0.246746790946888
0.236411005742658
0.196419337726576
0.133108459870462
0.0575696094899913
-0.0175652251529017
-0.082174076741974
-0.131196745220284
-0.164676190058881
-0.185952078457194
-0.199221022017698
-0.207282878634141
-0.209983303193222
-0.20393782097305
-0.183968006044573
-0.145899788275391
-0.0894429142064342
-0.0195882963149631
0.0543649320624472
0.12178763872876
0.174249947521278
0.207873948577348
0.223496753431383
0.224889272177116
0.216293844184533
0.200714442581851
0.179678108773426
0.154124858393045
0.125415917165495
0.0955962588983335
0.0668208853417799
0.0406240077303723
0.0178652097969124
-0.000415889248938406
-0.0119009532858831
-0.0127418021371408
0.00124838752195685
0.0324761348692779
0.0798483027004763
0.138590283315506
0.201732654779714
0.262426774593732
0.31596438401797
0.360728118991566
0.39786046901674
0.429915052115563
0.459088373299176
0.485785281693877
0.50812886083378
0.522542374769757
0.524937110724103
0.511783455805801
0.480693733861578
0.43079121231566
0.363358806482856
0.282731825438511
0.196700886909468
0.115685470841175
0.0507155948398261
0.011032861903441
0.00218381868077507
0.0249588188037621
0.0751216190763139
0.143970110810911
0.220007761146006
0.291740745714719
0.350795615677446
0.393956337580268
0.423120087633066
0.443372017542922
0.460352125746177
0.478063315559252
0.497500528948864
0.515898830993185
0.526612277100599
0.520239442151471
0.48754243373042
0.423506393883252
0.330529495058615
0.218740960629269
0.103098072266953
-0.00118872519406866
-0.0827630569389505
-0.136459054545545
-0.163701325195494
-0.17132054618559
-0.169160207825101
-0.166979779076791
-0.171520793506262
-0.184764258001383
-0.204019760050559
-0.223678263974297
-0.237711822651901
-0.241793973178428
-0.23435432862383
-0.216571933359776
-0.191712004833221
-0.164155804184186
-0.13824270623292
-0.117005651344924
-0.101155647006971
-0.0889707398359766
-0.0775456238691505
-0.0649917140188955
-0.0522580060407371
-0.0431920229760144
-0.0425303152970596
-0.0529509760882552
-0.0730494388637262
-0.097583659144724
-0.119916203154008
-0.135138688966177
-0.141820550561155
-0.141220823228286
-0.134788229869124
-0.122343023212878
-0.102800067394964
-0.0767752355886316
-0.0483412334352732
-0.0238420710473506
-0.00841695125167474
-0.00287148895717852
-0.00300799280508389
-0.00150784494701907
0.00896673572895348
0.0328668581171166
0.0699585462890491
0.115172882168351
0.160265669825079
0.196750776050642
0.218883104337172
0.225422535069686
0.219606592478764
0.207620031324619
0.196307791764462
0.190909415310547
0.193478861107237
0.202476686602351
0.213643936325985
0.22172052760205
0.222201118260628
0.212432242539834
0.191849256685949
0.161655152706685
0.124449864049267
0.0841162139097201
0.045764001528913
0.0151405667179553
-0.00286204485238304
-0.00613432901628304
0.0034885072829019
0.0208341504298043
0.0396483455470966
0.0552397405533839
0.0660650504232971
0.0736069757745148
0.0809352590141678
0.0909062788692723
0.104890108484641
0.122441177467691
0.141773124226077
0.160555439766576
0.176563115513585
0.187982094306232
0.193461932515755
0.19212566055787
0.183662893372464
0.168459423473965
0.147632107990397
0.122922709126462
0.0965370985530673
0.0710086185940873
0.0490175483681145
0.0330233838893908
0.0247119914214021
0.0245056108464511
0.0314590434759955
0.0436491442537979
0.0588349023379737
0.0750176341695012
0.0906686918356264
0.104662989258087
0.116153169749095
0.124622852840806
0.130142006733257
0.133536007111717
0.136079366446738
0.138663569866261
0.140940692448034
0.141137804176775
0.136787223876577
0.125917076498886
0.107956370820771
0.0839432503454991
0.0561735150713754
0.0276454031730189
0.00144991204846111
-0.0199597583827099
-0.0355174858090669
-0.0458364728324838
-0.0525746156899111
-0.0570173083567905
-0.0587400921591675
-0.0553157260664265
-0.0433497658016879
-0.0202192309753857
0.0145024975451404
0.0585764643460986
0.107551147901663
0.155765082355107
0.1975952241436
0.228683177432499
0.246716611000959
0.251406677289234
0.243816794842172
0.225670227439044
0.199111214557932
0.166803971145315
0.131923258861035
0.0978066093903372
0.0674287701004628
0.0429679856196578
0.0255424750054863
0.0150431577717876
0.0101040972117707
0.00843991649342923
0.00765706990929011
0.00619883034148017
0.00379280541997987
0.0010443099391813
-0.00153609617531076
-0.00435872403510478
-0.00887892881263172
-0.0170343268562962
-0.0305063436313207
-0.0503324233583061
-0.0769530500892886
-0.110357233051423
-0.150051316695721
-0.195011734426339
-0.244004764394763
-0.296294736486379
-0.35213833379646
-0.412290872817279
-0.476407144451965
-0.541289265973661
-0.600446500814064
-0.645722687046042
-0.670264668903921
-0.671155547470825
-0.650423981180177
-0.614285628826618
-0.57123783946625
-0.529697073182442
-0.49576572611539
-0.47176005457948
-0.456055743003124
-0.444359630007849
-0.431883882235519
-0.415456949987782
-0.394571792424148
-0.370807485688123
-0.345923641240006
-0.319874450847065
-0.290282804461801
-0.253991828571586
-0.20964310383648
-0.159255036101079
-0.107523546867756
-0.0594276901320324
-0.0179572068477857
0.0166400045561983
0.0460860278997639
0.0727102440155032
0.0983233586192306
0.123595432735363
0.147942868621768
0.169986727050924
0.188534465056386
0.203580128427572
0.21647221658133
0.228753121435205
0.240209908121974
0.247596604715586
0.245361469470737
0.228386086803405
0.195156268006884
0.149266303935558
0.0982304053251229
0.0503992182751767
0.0118887399041683
-0.0149278421847535
-0.0310999270467337
-0.0397459627793461
-0.0446014726771851
-0.0488459980616006
-0.0541124860057004
-0.0597273872319821
-0.0626998228371557
-0.0589576557317164
-0.0455082572422196
-0.0223051305383062
0.00738639154663126
0.0383123216748418
0.0653014737372801
0.0848333796947363
0.0954555638221772
0.097266366613905
0.0911265807312775
0.0781633624632811
0.0597777921928172
0.0380180793190026
0.015907855513213
-0.00276062102163048
-0.0143715066865381
-0.0168198208761889
-0.0105223787727265
0.00145622657756588
0.0142379410473172
0.0225954272151014
0.0225602648039432
0.0126879853450662
-0.00543934426902777
-0.0277258419237607
-0.0490279713417595
-0.0650909281972879
-0.0741428774131832
-0.0773726100960613
-0.0780268739980711
-0.0796148727188887
-0.0842295572990873
-0.0918850320567622
-0.101035209335472
-0.109623525298446
-0.115803319068788
-0.118019574311295
-0.114882807833557
-0.105462963425573
-0.0901051705862149
-0.0711408710403372
-0.0526777776890282
-0.0392719697608595
-0.0342044772387573
-0.0384534614955219
-0.050930582719501
-0.0696344346180469
-0.0928379837049053
-0.119569989681313
-0.149200352349989
-0.180496288356035
-0.210845915023369
-0.236311897328209
-0.252701793235617
-0.257104863998999
-0.248890238932523
-0.229501828210776
-0.201367215341968
-0.166962489555577
-0.128758273356291
-0.0897070360634075
-0.0532907771959143
-0.0226493339657944
0.000647360501883708
0.0171941618770877
0.0292489224713741
0.0394398303084584
0.0492994748228217
0.0581495876595738
0.062766089897948
0.0581875929102648
0.0396722116107184
0.00511495795208438
-0.0432907574275198
-0.0991502525375045
-0.1537584775706
-0.198800116148585
-0.228607277311603
-0.241267684301977
-0.238517280293379
-0.224582945085361
-0.204276753820848
-0.181071073455144
-0.156185856821683
-0.129203112804954
-0.0996034683331561
-0.0679718243865256
-0.0361079012698091
-0.00637469023774849
0.0188097140434847
0.0369280424275642
0.0453040815964403
0.0418187960939606
0.0263749170302739
0.00202631776327922
-0.025469943431097
-0.0499200918601521
-0.0676307887123813
-0.0791709436655952
-0.0887003631964554
-0.101170909854227
-0.119153167168669
-0.141268064145868
-0.163034605907871
-0.179344940039115
-0.186978049017322
-0.185952752090682
-0.179454747369406
-0.172704650118193
-0.171231384062222
-0.178939671319118
-0.196472229452324
-0.220564116031154
-0.244904824288339
-0.262264264525644
-0.266843500415564
-0.255778908831782
-0.229480318147304
-0.191162936382911
-0.145935068467561
-0.0995132279888796
-0.0567107067786068
-0.0202188783612044
0.00973062327260394
0.0346904566562603
0.0567344122869481
0.0772282815397033
0.0960827235581194
0.111674768923061
0.121428201225647
0.122836889496022
0.11446602873475
0.0963866795009128
0.0698280481986081
0.0364220268700131
-0.00225984246533798
-0.0444726828492519
-0.0876393173263575
-0.127969681163826
-0.160850881443451
-0.181847404412551
-0.187682970915451
-0.176733826111042
-0.149121944506333
-0.10679047653934
-0.0536443332627261
0.00464409987912374
0.0615828489315916
0.111432531177196
0.150704031638543
0.178834376146061
0.19774130979954
0.210465715503242
0.21939333950219
0.224683953697559
0.223646623466686
0.211678312191952
0.184690913473973
0.141864023888604
0.0869780203923389
0.027302012240818
-0.0293335887210687
-0.0774325874171015
-0.115041340076727
-0.142839752333331
-0.161864463220512
-0.171176541299904
-0.166820144079258
-0.142951679256201
-0.0949108429447035
-0.0226668350023157
0.0674369279864743
0.16380196026322
0.253063960086936
0.324295552041308
0.372131966881785
0.397624432268317
0.406578896918766
0.406269888911472
0.4022946977893
0.397213964222971
0.39131588149654
0.384304429204615
0.37629869386626
0.367534284542117
0.35749997664019
0.344671946613237
0.327318928202322
0.304860356100852
0.278846241582004
0.252950457730053
0.231949034507915
0.220051924231734
0.219148445020487
0.227632934984359
0.240412579662923
0.250294261803843
0.25029895179107
0.235973164000854
0.206809450222779
0.166365772118402
0.121174568336421
0.0788028833875715
0.0455755831110389
0.0246520301040691
0.0152083436465515
0.0131534274043803
0.0131188787095475
0.0108089152359558
0.0046083503841103
-0.00425509189041346
-0.0129325440071769
-0.0187597570436808
-0.020554367635646
-0.0187219456348521
-0.0144000696944566
-0.00857324029824392
-0.00193042781089394
0.00463472008170889
0.00965483721945383
0.0114265638447484
0.00886012075059226
0.00214724321541809
-0.00725889163028539
-0.0173088030340784
-0.0262375284085361
-0.0331921004088764
-0.0383109258705455
-0.0422205644270658
-0.045229358496003
-0.0467396293384007
-0.0453200122371897
-0.0394304421807716
-0.0283436655861405
-0.0127655407753045
0.00505494052414855
0.0217285898651087
0.0336391238133099
0.0382568540657999
0.0353833848669459
0.0275944902357447
0.0194062311875154
0.015385770001207
0.01803896135381
0.0264290911955004
0.0361442581173189
0.0406831781030539
0.0337609833641327
0.0116272993626066
-0.0254984883640758
-0.0732568647475896
-0.124020819510379
-0.168437648790668
-0.19749864903825
-0.204969528477244
-0.189493587980289
-0.155307414217106
-0.110945890931583
-0.0663309823491227
-0.0294613502253791
-0.00407226997515764
0.0108832230855798
0.0200007930836069
0.0293107366307273
0.0443068494892656
0.0686314198301858
0.103336025061529
0.146498013046335
0.193260951507321
0.236628348630515
0.269183146475199
0.285360898938123
0.283390912467342
0.265988779926499
0.239438764750229
0.211495930222809
0.189035081783018
0.176310124979875
0.174252541278919
0.180802295103277
0.192006051522749
0.203491077253666
0.211870526801431
0.215676013761235
0.215574879042528
0.213877629926316
0.213569709829488
0.21721155884223
0.226042878682869
0.23956347923681
0.255744487871999
0.271805529758968
0.285228402819974
0.294535648075386
0.299480146681923
0.300636423741325
0.298741559484923
0.294239506093544
0.287256186297642
0.277883944245135
0.266472667841575
0.253690165160072
0.240296771372769
0.226745408110752
0.21280762975765
0.197415421655735
0.17883184936362
0.155184468266136
0.125283761322691
0.0894330465547578
0.049749201699957
0.00967116656220509
-0.0271104746183995
-0.057590339993699
-0.0796999258877374
-0.0920425756509012
-0.0937848089401149
-0.0850633313456368
-0.0674878446367935
-0.0440170602503244
-0.0180411715980294
0.00771807623553873
0.0317261688814856
0.0533763445497781
0.0724104939981242
0.0886228778389801
0.102030430886049
0.113159580582307
0.122969393193797
0.132315183061435
0.141347101853049
0.149339861521207
0.155087927541793
0.157535339490503
0.156142265604723
0.150741537410715
0.141097794638831
0.126660066688712
0.106830633128668
0.0816069015036077
0.0521435406258324
0.0208918131684658
-0.00869749138902904
-0.0327240539216285
-0.0474880137937515
-0.0501834461330651
-0.0395782162890552
-0.0165142713521649
0.0160260403395141
0.0534596127009807
0.090659345105761
0.123176914806808
0.148206400228572
0.165001713082277
0.174683048447201
0.17951971359932
0.181811992995417
0.182565027157899
0.180432118638336
0.17168977563604
0.151708503628828
0.117368995711072
0.0689999797884176
0.0106649194393554
-0.0511877382779199
-0.109752328945118
-0.159626070026294
-0.197894627137935
-0.224472264040889
-0.241657692201332
-0.252955588347293
-0.26149281917819
-0.268582485114965
-0.272964277077911
-0.271069815128092
-0.258413138869197
-0.231760948296578
-0.19113696418529
-0.140498459738286
-0.0865776304916841
-0.036559795875823
0.0039962221070069
0.0319086151490218
0.0457728419099228
0.0449268426511611
0.0290045449620565
-0.00157992191709801
-0.0446798210552017
-0.095790745754079
-0.14834633418521
-0.195053487791898
-0.229872741321965
-0.249878611638671
-0.256196133994995
-0.253568980557252
-0.248688639574746
-0.247910029890851
-0.255212731434942
-0.271177976820628
-0.293330241187353
-0.317564615854821
-0.339880309591141
-0.357593695974064
-0.369629537688312
-0.37608052825776
-0.377595696122253
-0.375079707667049
-0.369749121505267
-0.363200858125709
-0.357178210041951
-0.353104257590581
-0.351749140042618
-0.353298863332111
-0.357727446833157
-0.365107312529002
-0.375566849606475
-0.388940185765982
-0.404424952659019
-0.420514471266995
-0.435200225336702
-0.446272463953791
-0.451622703975805
-0.449581486144096
-0.43927116637588
-0.420761814359691
-0.394784949602118
-0.362072009506843
-0.322815110910671
-0.276802396851313
-0.224259241902611
-0.166776811676711
-0.107600748482929
-0.0510828117249503
-0.00167408078851993
0.0370668988124216
0.0632319683782604
0.0770193102492525
0.0807632596539688
0.0784272102727442
0.0746709567406721
0.0738048272024094
0.0788879279484542
0.0910456774277733
0.109083082981023
0.129663692830643
0.148331181512289
0.161207328197153
0.166609030158066
0.165695816795813
0.161797325326607
0.158836549052069
0.15966604970642
0.165003476094898
0.173255433553296
0.181151778590032
0.184865724835875
0.181163000547054
0.1681619458515
0.145543937943782
0.114387982170852
0.0769236642133982
0.0362880882110851
-0.00390289262134849
-0.0403374590462436
-0.070966747059494
-0.0956111658721599
-0.11567747057306
-0.133002715525714
-0.148735513532505
-0.163311277422228
-0.177289306008197
-0.191694855538971
-0.207338066563507
-0.224040342236118
-0.240624131931342
-0.255482043630824
-0.267156072946053
-0.274676737788192
-0.277682065503823
-0.276373535030535
-0.271393292465146
-0.263763063529581
-0.254944007009183
-0.246853935135994
-0.241579652999513
-0.24073865485661
-0.244797878152433
-0.252790558607123
-0.262658289830405
-0.272084706432009
-0.27944204333631
-0.284429586484139
-0.28809965528372
-0.292214634896937
-0.298220173225838
-0.306371932652248
-0.315461253355187
-0.323140876057747
-0.326448127922299
-0.322197879968923
-0.30738680681543
-0.279985142274849
-0.240072332208557
-0.190618722999615
-0.137140397757292
-0.0861464695149921
-0.0431059739443716
-0.0109064973419372
0.0105808613147645
0.0237857302004989
0.0319997369847822
0.0378940122149842
0.0426229997054491
0.0457902136531171
0.0460840524637392
0.0421019332680891
0.0329138219499005
0.018186918261502
-0.00199767876668942
-0.0273388449508184
-0.0572810238337327
-0.0907386384244271
-0.125790481976573
-0.159616321335332
-0.188815162352365
-0.210035579781031
-0.220717168192175
-0.219738684841178
-0.207826649303576
-0.187630107336791
-0.163407645787727
-0.140311121448539
-0.123297709770747
-0.115819392613244
-0.118666449270074
-0.129520770283863
-0.143614795867391
-0.155341346703195
-0.160101065628544
-0.155582236111693
-0.142092074277134
-0.122074237821533
-0.0991572565642822
-0.0770303656741728
-0.0584192075923419
-0.0444776957043998
-0.0348162901860802
-0.0280877390233284
-0.022776005156203
-0.0178154524485377
-0.0128723621848633
-0.00832303841317312
-0.00501645318730161
-0.00387902001125111
-0.00543713066696423
-0.00940892502934744
-0.0145449141422767
-0.0188118376321747
-0.0198671267960661
-0.0156600469556212
-0.00496703692608837
0.0122893826548843
0.0350042151528039
0.0611051447838186
0.0879219844834578
0.112614923135274
0.13262413434776
0.146130934724655
0.152436252515908
0.152079691004358
0.146647338051887
0.13840305176692
0.129805521716334
0.122822017184989
0.118118641848558
0.114544616915558
0.109381125738591
0.0994842959844505
0.082949213170185
0.0605566957077702
0.0362566971591671
0.0163248495346814
0.00742329710586444
0.0143173767885166
0.0381841407486917
0.0761878923153233
0.12243417172735
0.169861984430314
0.212340902734707
0.246262245074155
0.271195688826624
0.28959082044161
0.305808049884657
0.324796703564959
0.35061179610606
0.384964914015257
0.42622456116397
0.469434674594503
0.507657050818362
0.534279204191893
0.545316569525168
0.540676727200748
0.523915651739776
0.500775613576617
0.477238840688262
0.457809234246118
0.44446789654342
0.436482832044434
0.431036237724076
0.424425179764308
0.413428733974437
0.396391880213311
0.373675731996502
0.347344911095154
0.320258762230058
0.29498344306469
0.272985049822553
0.254351083092272
0.237973818946415
0.22195386947615
0.204040246315773
0.182075548087823
0.154463264426856
0.120599629926145
0.0811560230757241
0.0381281382708855
-0.0053892736886732
-0.0457320564692908
-0.0794805897299953
-0.104403709754537
-0.120233164742818
-0.128924667248048
-0.134190422139914
-0.140398702911677
-0.151293344402132
-0.169109669402662
-0.194384372489824
-0.226266632085101
-0.262852949142642
-0.301245441337799
-0.337535827587262
-0.367275101768488
-0.386731538416421
-0.39441492083197
-0.391723449222969
-0.381974460342772
-0.368344199663778
-0.352176416331047
-0.332783315315297
-0.308615982552035
-0.278719827696037
-0.243449791679578
-0.204220336877825
-0.162829207492362
-0.121066015589044
-0.0808737558700087
-0.0447217990114122
-0.0156285289325293
0.0034017020774235
0.0102614071557218
0.00446169399475867
-0.0126253496773306
-0.0380259086963776
-0.0677681877043941
-0.097658462654099
-0.124084028336067
-0.144657509380467
-0.158469061038261
-0.16580081205277
-0.167391338818377
-0.163573151838956
-0.153711565689013
-0.136286332188253
-0.109654273538806
-0.0731187205754318
-0.0277016002518838
0.0238038989761639
0.0774615762972643
0.129114510345421
0.17520750265754
0.213327658174706
0.242462861501467
0.26302853387615
0.276689744514651
0.285985899993756
0.293786574439115
0.302672629315272
0.31439679575968
0.329557945112904
0.347529041213222
0.366607523063978
0.384359351233602
0.398141607042693
0.405748566846504
0.406052734291562
0.399453662493476
0.387930999124672
0.374568109052058
0.362612679968622
0.354407484472316
0.350672461381206
0.350495165774228
0.352023558311984
0.353468017023866
0.353857734593967
0.353164286373172
0.351785107883883
0.349736122970216
0.346051237434203
0.338768706227635
0.325560330282638
0.304698337047652
0.27587899450446
0.240543845187957
0.201636728701543
0.162964069973195
0.128375915901603
0.100944614049456
0.0822955701760292
0.0722362834960653
0.0687891120980415
0.0686575220598924
0.0680622030387005
0.0637756299574192
0.0540760044395315
0.0392924564546556
0.0217076268463403
0.00483505846656572
-0.00764532464140609
-0.0129210060145923
-0.00978233273280828
0.00106923934270703
0.0171987042541851
0.0350839482623379
0.0510519150166616
0.0621692433126579
0.0667832782384221
0.0646416480445078
0.056736173826477
0.0450303305649675
0.0321056297028679
0.020703185435082
0.0132096672434305
0.0112325642616292
0.0154110325781541
0.0255049290561377
0.0406667395250529
0.0597170106302639
0.0812785426537805
0.103773407708678
0.125436459614836
0.144500747700338
0.159549759830633
0.169870146159477
0.175631035766105
0.17783599974913
0.178094425517648
0.178263519078549
0.179983312794533
0.184159935633505
0.190542820338399
0.19758747641206
0.202723427243651
0.202998161660705
0.195929226877829
0.180301776472045
0.15661920889155
0.127015222348735
0.0946683269106705
0.0629724190358991
0.0347601852263855
0.0117834128319943
-0.00545181668223223
-0.0174874688019096
-0.0254534232874726
-0.0305385058122864
-0.0335976789207789
-0.0350257988379287
-0.0349165835262566
-0.0334094370643998
-0.0310388075458319
-0.028900439916232
-0.0285525255659255
-0.0316967908810958
-0.0397516827603604
-0.0534473547458241
-0.0725791120275671
-0.0960316336149109
-0.122102940790689
-0.149050905468112
-0.175710308080784
-0.202004583676756
-0.229214563632041
-0.259960701729372
-0.29791362657298
-0.347161154704974
-0.411043987279558
-0.490487032619353
-0.582487985530729
-0.679835697349411
-0.772523694216022
-0.850003126379279
-0.902833167660927
-0.923290566010353
-0.906017044484859
-0.849891653324289
-0.760582834533842
-0.651450153311563
-0.540801850807653
-0.446075437193605
-0.378019464276785
-0.338103176986427
-0.32017112878772
-0.314817028985627
-0.313884514903173
-0.313106083081856
-0.312240247634932
-0.313248594939822
-0.317696447004478
-0.324697548892335
-0.330440829642128
-0.329622651149049
-0.318090041341074
-0.295198705313434
-0.264426404418652
-0.231757448638688
-0.202633090207197
-0.178993115346781
-0.157795049803555
-0.131753445434079
-0.0922998296137502
-0.0338777711471841
0.0423237944129261
0.127443867912245
0.207835917376857
0.270399936870761
0.307397766474775
0.31838785865289
0.309011234524023
0.288034887386208
0.264276679174996
0.244314890700083
0.231227629458315
0.224415427472547
0.220552364257019
0.215472443886723
0.206321346299915
0.19302716305634
0.178431913908169
0.167120582145892
0.1635887010955
0.170565914553522
0.188081604945536
0.213446961180055
0.241980526354022
0.268159268364506
0.286893834328259
0.294658981340574
0.290205680360822
0.274640358606286
0.250848361858621
0.222465511713209
0.19272992299451
0.163568357445963
0.135233685162307
0.106677270151095
0.0765693672296954
0.0445710513115976
0.0122981761985556
-0.0165068035086434
-0.036808557882351
-0.0439486693326903
-0.0355709790731347
-0.0129401730078318
0.0191063331712471
0.0537129995043981
0.084366516245452
0.106920933313527
0.120450501559601
0.126833867368475
0.129547108227649
0.132252027229586
0.137574620495913
0.14629267640495
0.157100659275023
0.167046193353335
0.172514542312501
0.170410923156141
0.159162761258918
0.139305715570632
0.113537512335799
0.0861764730861893
0.0620702157009949
0.045216617549036
0.0375663888720489
0.0385074062315807
0.0453007872221857
0.054314749449973
0.0625095568477864
0.0685178934117557
0.0729029123128145
0.0775767832456178
0.0846911890574359
0.0954778925007114
0.10953410024907
0.124895779224464
0.13890612223499
0.149479061087925
0.156111408467231
0.160097441080596
0.163827176442834
0.169558047551974
0.178317845390365
0.189467880003091
0.201053489397365
0.210672055507402
0.216402823253486
0.217403888447268
0.214004484487826
0.207372166508075
0.198986822541311
0.190149817497728
0.181651705911782
0.173622941696236
0.165551050802004
0.156444376590656
0.145133784465733
0.13071465745998
0.113083599450712
0.0933734380966669
0.073946518250476
0.0576904281263388
0.0467406742169453
0.0411921098876303
0.0384970982643003
0.0339537177589324
0.0221680163405363
-0.00105654928048994
-0.0371194073176833
-0.0839286521429631
-0.136412998890482
-0.18808867918206
-0.23305996546661
-0.267559054672387
-0.290316605488902
-0.301738478933812
-0.302637458342091
-0.293502508815576
-0.274740643315522
-0.247460222809988
-0.213938959115956
-0.177261311675638
-0.140346923158478
-0.105073170316594
-0.0720742980060421
-0.0412509147689995
-0.0125234652918724
0.0137125980151677
0.036630293321692
0.0552935316455286
0.0688950653577086
0.0767532394973043
0.0782321550671759
0.0728736753925385
0.06084692012087
0.0435013107079112
0.0236237774500388
0.00509123273940867
-0.00808236521222131
-0.0129569900155877
-0.00859879968996045
0.00369808513835283
0.0209584101032637
0.0394863832078623
0.0557310806273524
0.0667597775596978
0.0704083765330737
0.0653631879764646
0.0513181372800941
0.0291325113674383
0.000811852140004398
-0.0308088138886187
-0.0626604679815737
-0.0921405602380159
-0.117650767735242
-0.138759561582626
-0.15596780029995
-0.170233492024877
-0.182453302610486
-0.193037654447731
-0.201668354436929
-0.207329049696688
-0.208674301491958
-0.204673964140781
-0.195278180593559
-0.18176654973629
-0.166604859606299
-0.152928371261506
-0.14392613858144
-0.142301171094515
-0.149823131072401
-0.166990945768219
-0.192900522597282
-0.22535037430331
-0.261057304944854
-0.295861087214909
-0.325020806075338
-0.343839561132493
-0.348646766062733
-0.337792660650006
-0.312169895429472
-0.275011450924021
-0.231066863495522
-0.185433291141556
-0.142310908680789
-0.103956561191069
-0.0701843117464289
-0.0387296093386245
-0.00649380215649361
0.0287666484003715
0.0670311945500208
0.105530393461737
0.139429870011777
0.163418528055421
0.173549969700102
0.168605742297137
0.150510314394135
0.123758197945451
0.0941600563555317
0.0673513079948328
0.0474778043694813
0.0363668512436268
0.0333541582555742
0.0357829092189302
0.0400242134242575
0.0427128582093362
0.0418225113988361
0.037276948902938
0.0309556545178064
0.0261030678810059
0.0262729354320519
0.0340805245635053
0.0501829537135033
0.0729349756167243
0.0989414097206732
0.124299253720178
0.145962864745349
0.162628143716012
0.17481949352646
0.18427349215949
0.193018388047762
0.202603877124655
0.213745688983929
0.226385370405792
0.240014855699519
0.254095124391197
0.268399377219209
0.283101153268674
0.298498571859251
0.314475565148732
0.330043965613434
0.343371790797844
0.352452235923227
0.356127668800335
0.354883422598618
0.350920253369851
0.34743276820283
0.347446480671781
0.352730221693185
0.363174862571426
0.376769441045986
0.390088766907293
0.399115020481712
0.400211565191723
0.391054244538704
0.371265596442329
0.342471576562903
0.307640548004452
0.26989753701506
0.231347691765613
0.192497244674395
0.152515918106973
0.110073741896775
0.0641937631741726
0.0146911282947426
-0.03782051771501
-0.0920330935547134
-0.145832023801271
-0.195946004538278
-0.237695536647755
-0.265337419287577
-0.273326944026903
-0.258310941565483
-0.221046284085703
-0.167148475418145
-0.105975304573456
-0.0479383560948724
-0.00147577022001262
0.0289094327458297
0.042884165587623
0.0431531458281498
0.0338233494312977
0.018948388380686
0.00154420868433031
-0.0168191355640772
-0.0357935612453363
-0.0555086383071708
-0.0756935466290078
-0.0951661817632036
-0.111973196311332
-0.124032382203404
-0.12978446608842
-0.128383879011102
-0.11937605281775
-0.102293600285338
-0.0766939127564271
-0.042728783604455
-0.0017948334620573
0.0432931754141354
0.0887760513915737
0.13081138466907
0.16634730524892
0.193732111544075
0.212876741788197
0.22490064014248
0.231417125152417
0.233825860555744
0.232956976821283
0.229143349873876
0.222511733772881
0.213202928063678
0.201380134007337
0.187109288511485
0.170317178875416
0.150976467304312
0.129483978381824
0.107021602648736
0.0856434904908266
0.067953606727074
0.0564444638320238
0.0527317452135796
0.0569590832320973
0.067570103540241
0.0815092542298096
0.0947759574826953
0.103166107618523
0.10302286323562
0.0918616718796332
0.0687644615535977
0.0344425088540666
-0.0090692329085297
-0.0589569365517175
-0.112140842273618
-0.16554738901039
-0.216173883390921
-0.26117267236327
-0.298153439335452
-0.325692067194712
-0.343803794403028
-0.354035154073633
-0.358940836070979
-0.361029037692106
-0.361624740904068
-0.360253645684656
-0.354928098495534
-0.343239818932852
-0.323745642127166
-0.297001479173483
-0.265775985131186
-0.234354733393861
-0.207263244519182
-0.187977669705623
-0.178116951261999
-0.177320726449319
-0.183759387506739
-0.195086532214492
-0.209506528115789
-0.226475449058538
-0.246616161976408
-0.270819988570084
-0.298950447485131
-0.328749038169376
-0.35549256144637
-0.372765726901526
-0.374282581002308
-0.356052094596539
-0.317843804604531
-0.263310236451923
-0.198939319881662
-0.132474378562037
-0.0712999485982338
-0.0210017354797446
0.0157225175270452
0.0395176056875219
0.0539653219271153
0.0643547831849475
0.0759641134678614
0.092400360062804
0.114584117619407
0.140737336758558
0.167277392104059
0.190125113471738
0.205895949809758
0.212718897465971
0.210672152204343
0.201816202649939
0.189713555094727
0.178449674513299
0.171492832085027
0.170893421582925
0.177085823477404
0.18912313966833
0.204977892522538
0.221747947639305
0.235938712910536
0.244056596997455
0.243475210768508
0.233209448155015
0.21416243311154
0.188671133511502
0.159577068690854
0.129270816560547
0.0990438454538636
0.0688122363901139
0.0371573741987561
0.00169916857911546
-0.0401595709213243
-0.0902660750432275
-0.148925085054294
-0.214686037540785
-0.2847598790344
-0.355602836589336
-0.422952940621498
-0.480993675530925
-0.521331560832912
-0.533386255141066
-0.507468519351574
-0.439878568494705
-0.337101687259721
-0.215809066184536
-0.0977607826910847
-0.00215126233135412
0.0604232736031637
0.0896130053438573
0.0928147964055317
0.0808108084566262
0.0637998033389579
0.0488363919818488
0.0387054089146468
0.0320660669568684
0.0248090882440099
0.0123505807821132
-0.00794907399494316
-0.035319404722612
-0.0657131759926659
-0.0933259028754416
-0.112684115931156
-0.120475637958198
-0.116618570670999
-0.104325947043879
-0.0890888753855827
-0.0768088601415663
-0.0717680169190312
-0.0753300099708289
-0.0858680029980168
-0.0996799322470879
-0.112243044059679
-0.11935935750378
-0.118131265989431
-0.107755778845835
-0.0898720786660986
-0.0681156091797532
-0.0468824426172207
-0.0298118043430314
-0.0186854639580673
-0.0131854652024883
-0.0115052587149974
-0.0114669842123313
-0.0116543316061941
-0.0121110078956357
-0.0143538554169144
-0.0207344401758642
-0.0334291061304554
-0.0534453901873268
-0.0799774129424773
-0.110280305378938
-0.140075236240526
-0.164416308698683
-0.178896676637703
-0.180940711084295
-0.170755659503469
-0.151492950967002
-0.128427070556543
-0.107387992393397
-0.0930140470014553
-0.0874310138435325
-0.0897378043988806
-0.0963894711842936
-0.10236336809841
-0.102830708239322
-0.0948585375514636
-0.07854004332069
-0.0570746664869358
-0.0357051601231053
-0.0198842239810367
-0.0133642582617276
-0.0169291998553975
-0.0282046864187367
-0.0425378723136935
-0.0545496239988886
-0.0597821073715595
-0.055916842951306
-0.0432486729914589
-0.024364822582688
-0.00320538266403777
0.016180731586689
0.030828516872263
0.0396708515078783
0.0437292790557265
0.0455923047997591
0.0483270494595535
0.0542191111128163
0.0638579350112051
0.0759604043476488
0.0879743421156046
0.0971182857019791
0.10133911220805
0.0998096571154061
0.0929103308613468
0.0818843063993796
0.0683874277989456
0.0540605554502948
0.0401923341273051
0.0275399216078204
0.016346163304308
0.00650620078187954
-0.00222134105967772
-0.0100282242915617
-0.0168931747033042
-0.0224357735481392
-0.0258610685760661
-0.026119927858258
-0.0223232763635554
-0.0142534772647371
-0.00269138397299545
0.0106309488953585
0.0234050247924488
0.0332461800080399
0.0381629868146862
0.0369661189698522
0.0296113103541697
0.0173775185035179
0.00271687614835133
-0.0113044317580256
-0.0218520392998601
-0.0271382586415461
-0.0268429865875436
-0.0219571701321361
-0.014185801238274
-0.00527741409931923
0.00339494771320739
0.0109277341058634
0.0168008749555215
0.0207752483733869
0.0228120612885877
0.0229666284185144
0.0212585701160151
0.0176188038017565
0.0120081218185894
0.00466215567058594
-0.0037270595371363
-0.0120840878493222
-0.0193094289483083
-0.0247588021543062
-0.0285864549767346
-0.0317661127286162
-0.0357667454662771
-0.042020157799079
-0.0514071680000384
-0.0639697478154012
-0.0789290381528369
-0.0949319239526667
-0.11037191031304
-0.123669044775559
-0.13348487128648
-0.138902731954983
-0.139581535664683
-0.13582834537242
-0.128511065511713
-0.118791214390445
-0.107763254804698
-0.096168311190011
-0.0843459696280355
-0.0724640443285843
-0.0608627417594241
-0.050230502868515
-0.0414537684000008
-0.0352669331146471
-0.0319716066889011
-0.0313537636375464
-0.0327213078078307
-0.0349834872143996
-0.0368410965002601
-0.0371798943049821
-0.0355813969506238
-0.0326923212128167
-0.0302082728207894
-0.0303895980392831
-0.0352204808752947
-0.0454924682443269
-0.0601883527073765
-0.0764772434028199
-0.090397556808507
-0.0980176729665392
-0.0966718961675384
-0.0858491263729084
-0.0674419709010287
-0.0452619031658698
-0.023924131512569
-0.0073962418422488
0.00231876692451943
0.00582637462064566
0.00596579125942827
0.00654515764696842
0.0108038607529399
0.0203321597134194
0.0348101611119775
0.052411302035004
0.0704695026399606
0.0861194809810189
0.096846717136592
0.10098607128182
0.0981493396694556
0.0894585438387654
0.0774370783281048
0.0655034436605565
0.0571694331131887
0.0551749190407243
0.0608270920401328
0.0737418997688297
0.0920490673151619
0.112978265403562
0.133637670246593
0.151747985899149
0.166111804691996
0.176681838852403
0.184232599109045
0.189797640103537
0.194128899163111
0.197393764890168
0.199163667994632
0.198583130205206
0.194569095493585
0.18599073168412
0.17189470580974
0.151834479359057
0.126235526528623
0.0966077812343911
0.0654140424228597
0.0355350238425673
0.00948236685648316
-0.0113013658592868
-0.0266848901121119
-0.0374708299421104
-0.0446039376645742
-0.0484422132941948
-0.0485211733226177
-0.0439040539767552
-0.0338530636067125
-0.0184336309432873
0.00120336101784436
0.0228994042222019
0.0438315846432066
0.0610133343196815
0.0718743241509388
0.0748262951884902
0.0696626379350529
0.0576305705199618
0.0411253703901629
0.0231182431925675
0.0065092037163327
-0.00643560478215322
-0.0144663090192375
-0.0175054101257145
-0.0165843036685281
-0.0136055272249559
-0.0109621565946473
-0.0110184476283984
-0.0155019957174015
-0.0249793499459116
-0.0386674097734771
-0.054743904496181
-0.071059828975911
-0.0859037961388925
-0.0984571560181612
-0.108836633143865
-0.117881550111776
-0.126846851568054
-0.136998850079576
-0.149079448140673
-0.162784585952555
-0.176549071930639
-0.187832183329202
-0.193841770099589
-0.192438260690152
-0.182905197702428
-0.166300338721208
-0.145195696302547
-0.122842351560835
-0.10211840275729
-0.0847952462006444
-0.0714716646547892
-0.0620790789806195
-0.0565181284601669
-0.0550016322782011
-0.057967052988117
-0.0657058205417546
-0.0779625032632244
-0.09370755940678
-0.11118161129604
-0.128202567136808
-0.142633781729113
-0.152850692601359
-0.15804748586365
-0.158299289946485
-0.154386548005668
-0.147444546557369
-0.138543395483803
-0.128360151762276
-0.117105531952603
-0.104736181574357
-0.0913034474434132
-0.0772267513486625
-0.0633610475442126
-0.0508400999377114
-0.0407457244720018
-0.03369867846768
-0.029515874787623
-0.027104662713405
-0.0247195845270984
-0.0205744704249749
-0.0136210684911276
-0.00415645335426596
0.00608598983641573
0.0144949667784472
0.0185591190661598
0.0167712058231497
0.00903703444814383
-0.00347825996111155
-0.0188193625830016
-0.0347447963091504
-0.0491451045224034
-0.0603646470019187
-0.0674027155214606
-0.0699526360181409
-0.0682983114583389
-0.0631540312746862
-0.0555131049147793
-0.0464930441780647
-0.0371329095441016
-0.0281505879813339
-0.0197417223603984
-0.011522521247123
-0.0026759779959174
0.00770707966535234
0.0201696796171119
0.034458652140272
0.0493104644032542
0.0625994529925524
0.0718503570118893
0.0749436320363421
0.0707562812858569
0.0595292194431569
0.0428726775161155
0.0234199134273512
0.00419316687301766
-0.0121902306557885
-0.0242426007882948
-0.0319758700851623
-0.0367265335711897
-0.040480671476882
-0.0449793830011977
-0.0509820188807886
-0.0579772287703244
-0.0644041335253363
-0.0681995974676105
-0.067390907476911
-0.0605816802172946
-0.0473729374384842
-0.0287514609947576
-0.00723945656124391
0.013534801689493
0.0299184813630297
0.0395373807608488
0.0421381143473947
0.039534988199421
0.0347352961442606
0.0306881838677878
0.0291893298908434
0.030364150968508
0.032926466876832
0.0350868045220942
0.0356567538286072
0.0347584452451608
0.0337416128600869
0.0343602773761216
0.037693142389931
0.0434227808796077
0.0498436557233425
0.0545413906221747
0.0553651112718583
0.0512512997404172
0.0426046844069571
0.0311720745464872
0.0195442678512324
0.0105043509915286
0.00639193191029098
0.00856457631123183
0.0170329648554864
0.0304231810762721
0.0464164263028961
0.0625969457087164
0.0773197556894776
0.0901134609588685
0.101427495241565
0.11198099663826
0.12216882244185
0.131809775060065
0.140231194898024
0.146543666807834
0.149983604379928
0.150238794619403
0.147653645413949
0.143210924545143
0.138272697613382
0.134184040233794
0.131896585720697
0.131719494340292
0.133206976510552
0.135135352813875
0.135564963532903
0.132077202472838
0.122296191676804
0.104673005959757
0.0793047404736094
0.0484369604263995
0.0163482040779713
-0.0114761783990664
-0.0296856631627623
-0.0344780113595512
-0.0245726632999064
-0.00141882217865307
0.0313373485261789
0.068810771434045
0.105886215444941
0.138057136982346
0.162055676842044
0.176272629387766
0.180871211394012
0.1774533213433
0.16829117656523
0.155418089468357
0.140028722700472
0.122489782317998
0.102892160285967
0.0817685682411586
0.060563169573131
0.0416262926080136
0.0277349499950337
0.0213002369910054
0.0235190506871823
0.0337715118979522
0.0495273896230307
0.0668747885416869
0.0815459562400623
0.0900839114591848
0.090698690298625
0.0834860932304098
0.0699910445606083
0.0524231395730908
0.0329547783414527
0.0133664032635102
-0.00499798805745931
-0.0211785553542908
-0.0346007520307066
-0.0450989749909348
-0.0528394317588563
-0.0580950308494418
-0.0609751709900842
-0.0612946866098631
-0.0587143799400711
-0.0531299790980612
-0.0451133674415081
-0.0361311222732067
-0.0283557368365993
-0.0241055603341541
-0.0251589100819682
-0.0322523347710586
-0.044961894063443
-0.0619594048204015
-0.0814668150159291
-0.101701701673311
-0.121202766152006
-0.13902612258612
-0.154808133936996
-0.168637344930812
-0.180700137254213
-0.190804211005456
-0.198018717899837
-0.200662976311518
-0.196728890503589
-0.184629666464998
-0.163998995284338
-0.13617882743365
-0.104124435493187
-0.0717463219020236
-0.0430202990219782
-0.0212671067935182
-0.00877879672869268
-0.00668932240484891
-0.0149183357619736
-0.0321668503238171
-0.0560805522809211
-0.083638964315639
-0.111648005661166
-0.137131543839659
-0.157534074195016
-0.170828345574074
-0.175670085521327
-0.17161810782657
-0.159284419411906
-0.140250762224295
-0.11670632491617
-0.0909210468287104
-0.0647552276784341
-0.0393847259612897
-0.0153233046652728
0.00731062294330766
0.0284551484479674
0.0478884419406637
0.065217880968834
0.0800112183768152
0.0919661502979361
0.101080446325895
0.107818732867611
0.113206162234433
0.118718735757493
0.12591447142218
0.135927914054833
0.149068023407295
0.164706319722695
0.181470632957318
0.197609636656525
0.21135997910071
0.221224050029177
0.226164603319657
0.22575091352923
0.220242071895876
0.210547347805713
0.198034522985702
0.184248033314217
0.170657219146781
0.158506330683549
0.148726348119313
0.141833886177118
0.137840632764135
0.136297467179289
0.136539745808889
0.138010829972058
0.140419415746023
0.143583349512917
0.147063165694972
0.149871660013092
0.150503153194997
0.147310368141511
0.139054843619892
0.125391342839163
0.107097544282774
0.0859576779511549
0.0643208755290585
0.0444659475445256
0.0279790907320726
0.0153564924661118
0.00597085467657932
-0.00159451484675114
-0.00898833404755152
-0.0175394131564389
-0.027907245045438
-0.0399990258597958
-0.053060402929358
-0.0657731884173182
-0.076273036471448
-0.0821915836625941
-0.0809601111884977
-0.0705096183802042
-0.0501780364096433
-0.0213485655430817
0.0126115781873421
0.0471504641915424
0.0776832994598349
0.100584783036513
0.113709681697216
0.116430041503289
0.109370205925204
0.09405356669619
0.0725994555105939
0.0475018287708073
0.0214462513319684
-0.00289828311378694
-0.0231511754401437
-0.0375412576437534
-0.0452000436135325
-0.0463060909561885
-0.0419703774703844
-0.033844800481863
-0.0235814556333696
-0.0123700845944215
-0.000740994891229561
0.0113418637416816
0.0242306454827902
0.0383517420664171
0.0540438555095606
0.0714401161903051
0.0903467082020879
0.110144963929803
0.129794782878614
0.147968769415519
0.163247459980784
0.174271354138988
0.179819140874807
0.178881269330466
0.170809869723817
0.155534521083321
0.133729388982287
0.106794750716377
0.0765968124865271
0.0450455170861354
0.0136916790249922
-0.0164842378353102
-0.0450338812607942
-0.0718267867959272
-0.096797889593431
-0.119779423857538
-0.1404772373785
-0.158567058585772
-0.173805562388806
-0.186025949636439
-0.194967652749744
-0.200049713594451
-0.200314422537405
-0.194709221674947
-0.182638583010212
-0.164475911282365
-0.141692189660641
-0.116488501969099
-0.0911460879507476
-0.0674770871996686
-0.0466450446548267
-0.0293335709410806
-0.0160230319095376
-0.00715077176293455
-0.00310696157244074
-0.00414888591993912
-0.0102967149412154
-0.0211963852410525
-0.0359516086433421
-0.0530419293332399
-0.070486590516583
-0.0862579596412295
-0.0987192540684576
-0.106819288496866
-0.109988287625067
-0.107923413989175
-0.100489187933979
-0.0877901959178285
-0.0703036318464269
-0.0489362340556862
-0.0249568983416782
0.000167737698733518
0.0249883680978417
0.0482853138869097
0.0691996471418515
0.0872103985313385
0.10197044505203
0.113123751628012
0.120247761221068
0.122967548017339
0.121160665294103
0.11511336749984
0.105525393253579
0.093350415497149
0.079544700604841
0.064838970100743
0.0496373422146286
0.0340942868216793
0.018350708278384
0.00284523176621852
-0.0114310570257775
-0.0228767316245796
-0.0295028057849989
-0.0294140882679419
-0.0214260876216047
-0.00562876007223123
0.0163238954352222
0.0413940399256727
0.0658693832968558
0.0864179508228013
0.101080822714754
0.109771054381305
0.114077920090728
0.116509430300859
0.119523242532957
0.124710654093299
0.132373982312035
0.141566411737401
0.150506364379936
0.157178039959393
0.159900355922856
0.157673051367545
0.150192680117697
0.137589042261587
0.120107553618412
0.0980077138263016
0.0717768732490008
0.0424902613831656
0.0120132849004561
-0.0171549938717917
-0.0423693703733709
-0.0614530832319487
-0.0731891474502934
-0.0774996530658984
-0.0752616838137309
-0.0678840121715558
-0.0568864422142778
-0.0436735133980438
-0.0294960145292323
-0.0154350957623339
-0.00228771443767842
0.00958916692794474
0.0203199696883138
0.0303507832967797
0.0401239515505719
0.0496860821629852
0.0583564831229463
0.06461816184291
0.0663795012631426
0.0616123344602398
0.0491476952995819
0.0292759310435251
0.00388253142907774
-0.0239047128421057
-0.0503743137189792
-0.0719716240856018
-0.0859647075345373
-0.0909196711707988
-0.0868680491391662
-0.0751114588799021
-0.0577675017294196
-0.0372797324622239
-0.0160610172577633
0.00372764664263947
0.0203653276207707
0.0327900877328745
0.0408038043188768
0.0451471499005852
0.0473384563518334
0.0492482759712587
0.0524989136079497
0.0578865913781588
0.065055582716905
0.0725688934629763
0.0783533084051148
0.0803376098456885
0.0770376527172545
0.0679051164136298
0.0534027583854125
0.0348908716956309
0.0144242546453489
-0.00551590190619699
-0.0223981882298674
-0.0341436914035696
-0.0396593454563027
-0.0391958835393346
-0.0343309626063216
-0.0275264228692184
-0.0214065253747946
-0.0180249492161322
-0.0183737398307339
-0.0222706705992443
-0.0286181638785109
-0.0359141745249946
-0.0428319995437637
-0.0486741154106124
-0.0535524451186094
-0.0582549490830734
-0.063889024348305
-0.0714702739831939
-0.0815999475068776
-0.0942877039624022
-0.108926699813998
-0.124444406990742
-0.13964736853161
-0.153669420661332
-0.1662908721886
-0.177899958903002
-0.189090438214675
-0.200169398075379
-0.210931254020558
-0.220848500228989
-0.229507997279269
-0.236944377334689
-0.243603216946883
-0.249914523984576
-0.255707709394539
-0.259834048494502
-0.260309916861534
-0.255033945550271
-0.242772910548985
-0.223893022709076
-0.200421191972624
-0.175394892381501
-0.151831277563499
-0.131784561914546
-0.115847378401364
-0.103222511672856
-0.0922714086006726
-0.0812871440408166
-0.0691684282161269
-0.0557234444866431
-0.041513582815258
-0.0273795799821109
-0.0139398541468323
-0.00132140504396381
0.0107913377363588
0.0228930770951407
0.0353582302417246
0.0482322927044506
0.0611597541484466
0.0734610488434837
0.0843510259251698
0.0932263648463637
0.0998807667497551
0.104532979494132
0.107680413741739
0.109905846504672
0.111764557060953
0.113783699853342
0.116510609925074
0.120518885444887
0.126322592893978
0.13422057189765
0.144143989411586
0.15558358088932
0.167642518139578
0.179223460565199
0.189319884454998
0.197336570958595
0.203320426602682
0.207971410627919
0.212367846437292
0.217490296797081
0.223780212327622
0.23098507450438
0.238372348261487
0.245161963755135
0.250913533226166
0.255676433111041
0.259877527810939
0.264049199340958
0.26853004872986
0.273226366799424
0.277460732457599
0.279913118121075
0.278707061095805
0.271743949670039
0.257312172585107
0.234778660684847
0.205003707830294
0.17021351064479
0.133375442502144
0.0973952437814114
0.0645006437250069
0.0360127116699304
0.0124867090642991
-0.00594457496350675
-0.0192399437734693
-0.0273094512179498
-0.0301214220794909
-0.0279398646218576
-0.0214721631149425
-0.0117851072924052
-4.40922692163269e-05
0.0127431157105716
0.0258379908029122
0.0387261698737981
0.0509910296134394
0.0621926229021676
0.0718089270190281
0.079248194104041
0.083891771768256
0.0851294749882419
0.0824281400209943
0.0755284522622047
0.0647690633405578
0.0513469415384649
0.0372563377240826
0.0248124096327041
0.0159268260600217
0.0114635550212959
0.0109859829833071
0.0130423795725294
0.0158883728202288
0.0183092999562584
0.0201210591708926
0.0220888673693326
0.0253382937034633
0.0306186181961689
0.0378175507279303
0.0459222967514538
0.0533597252763774
0.0585058505057827
0.0601589232236958
0.0578356435633922
0.0518147381596368
0.0429296156957222
0.0322104835387935
0.0205396641518154
0.00845770281615136
-0.00383194992152135
-0.0162999418232639
-0.0288604227941107
-0.0411613154325443
-0.0524294357649872
-0.0613622828378874
-0.0661189129882068
-0.0645813679278218
-0.0550259417615356
-0.0370424756592562
-0.0121919844888943
0.016107977269594
0.0435320212152008
0.0661533911933119
0.0814540249203378
0.0886504212950049
0.0883759409801341
0.0820486629925886
0.0713003272317301
0.0576936884740357
0.0427136139388411
0.0278219902629919
0.0143564165822221
0.00323563302299103
-0.00535758129741312
-0.012094380589273
-0.0183149156897709
-0.0255947268698674
-0.035205873995783
-0.0476266449229639
-0.0622368968781443
-0.0773232141015762
-0.0904698090100964
-0.0992755565283421
-0.102160484318886
-0.0989350339857689
-0.0908765321876851
-0.0802517524079514
-0.0694596982998101
-0.0601559364618394
-0.0527510636740266
-0.0464876638071659
-0.0399860881775412
-0.0319325091017821
-0.0216068471334949
-0.00912494112544232
0.00459865777356142
0.0181264065951948
0.0299261712325415
0.038780050014567
0.0440048538181097
0.0454740250172322
0.0435824605482049
0.0392529755590997
0.0339056780188714
0.029236497110174
0.0267839597838036
0.0274611156115192
0.0312947325485438
0.0375027445230596
0.0448567658128834
0.0521414353321999
0.0584989458675584
0.0635312546595625
0.0671699341686396
0.0694394815154135
0.0702767476421461
0.0695147144594907
0.0670304338350504
0.0629575085481629
0.0578214927887518
0.0524848772811514
0.0478754599652109
0.0445903658758696
0.0425596492876383
0.0409447712082037
0.0383289361006598
0.0331236319302415
0.024063759349031
0.0106683316353094
-0.00646811406952077
-0.0256906407130865
-0.0446530382775342
-0.0609316193210581
-0.0726775831831238
-0.0791222909544164
-0.0808174826931968
-0.079538612037846
-0.0778308097834001
-0.0782876181658064
-0.0827966813228259
-0.0920570296747655
-0.10557784962456
-0.122129288938482
-0.140375888486884
-0.159348135863708
-0.178544277311283
-0.197693083465733
-0.216389524031315
-0.233855065702382
-0.248980156864507
-0.260632688253236
-0.268050966798753
-0.271089102778881
-0.27018895269161
-0.266130763432158
-0.259723067756514
-0.251571970963826
-0.241980129777375
-0.230957435352168
-0.218316855158572
-0.203854314226793
-0.18761277573914
-0.170170216795641
-0.15280949376855
-0.137425780428052
-0.126145324705774
-0.12077877390727
-0.122295350091758
-0.130467644832201
-0.14377241356231
-0.159584396643996
-0.174650153645141
-0.185755042896657
-0.190418821803285
-0.187421981097011
-0.177006406968785
-0.160698124613398
-0.140823811601676
-0.119886481062704
-0.0999932252412124
-0.0824868039455007
-0.0678540397458988
-0.0559025895100975
-0.0461256557405771
-0.0381076368162035
-0.0317819114473784
-0.0273938635083772
-0.0251814010011756
-0.0249790392546615
-0.0260166408906196
-0.027048909316871
-0.0267356516462885
-0.0240770925006058
-0.0187412473374159
-0.0112042404276439
-0.00267394187821737
0.00520050220201527
0.0107702908554555
0.0128459932037257
0.011017407773513
0.00572799052646321
-0.00190489812818812
-0.0104371366386942
-0.0184806165986527
-0.0250158856058219
-0.02959163764979
-0.0324058357345285
-0.0342572514071108
-0.0363495829887656
-0.0399657346309351
-0.0460916781277402
-0.0551032567858896
-0.0666057943412961
-0.0794593001217967
-0.0919739930802065
-0.102233836608149
-0.108481773099573
-0.109474247315958
-0.104709599151376
-0.0944762553280026
-0.0797337521282237
-0.0618865731142523
-0.0425117870067085
-0.0230776244981255
-0.00468462250433457
0.0121109457196093
0.0273056206792852
0.0412364627286309
0.0542030994544926
0.066100578576198
0.0762730265985302
0.0836970451970162
0.0874248250000603
0.0870700652821624
0.0830851712081922
0.0766748857124717
0.0693815655537299
0.0625653475344686
0.0570660457825609
0.0532133375694681
0.0511227275881274
0.0510418972987721
0.0535121595862495
0.05925455213017
0.0688517201386349
0.0823789169013657
0.0991384779858609
0.117610688224172
0.13566564724716
0.150988837675739
0.161584815139424
0.166182950578041
0.164404719602707
0.156658474711832
0.143859396457059
0.127150373919879
0.107765683399286
0.0870609173732695
0.0666206038572508
0.0483102182332846
0.0341579269854982
0.0260172577163065
0.0250731862793617
0.0313791509897397
0.0436679678789948
0.0595939938773585
0.0763591387401611
0.0914727425318707
0.103330377248226
0.111411006083474
0.116098199026219
0.118288188244101
0.118975721793522
0.118934306813944
0.118516596277536
0.117566730548519
0.115468218646394
0.111379913382116
0.104654273578361
0.0952960896657834
0.0842312642582751
0.0732201031832374
0.0644236966154685
0.0597752961634469
0.0603497806448217
0.0659087905363274
0.0747784992029019
0.0841636384986429
0.0908679661765141
0.0922133095451787
0.0868389862794064
0.0751002670198281
0.0589388715561757
0.0412778704913145
0.0251387750633281
0.0127757728700377
0.00513734034630157
0.00184589721223882
0.00165302813029132
0.00311435883668558
0.00517224469871831
0.00744644389687808
0.0101993326399496
0.0140490073070561
0.0195319079728515
0.0266215545263153
0.034336450616305
0.0406049860836933
0.042544091213378
0.0371981528875191
0.0225683231882555
-0.0014702208996443
-0.0328335419030257
-0.0677197625623417
-0.101739363945935
-0.131158971399452
-0.153715564252098
-0.168740368067356
-0.176694428900549
-0.178454824174483
-0.174734653305888
-0.165908282002271
-0.152294853789799
-0.134688505389417
-0.114748297265971
-0.0949268477159403
-0.0779134288702743
-0.0658762072506071
-0.0598820648259305
-0.0597263818785253
-0.0641784000725043
-0.0714915942930176
-0.0799714815659143
-0.0884063245143255
-0.0962433158565951
-0.103511717101597
-0.110576929290096
-0.117807157678468
-0.125208715816499
-0.132123055911926
-0.137144749912181
-0.138388599625711
-0.134067623914658
-0.12316381345995
-0.105920330515271
-0.0839691283383383
-0.0600466165682934
-0.0373757563446025
-0.0188928299553023
-0.00655987312461018
-0.000991161018423879
-0.00151185145068881
-0.00659975774877286
-0.0145196263630634
-0.0239037631870127
-0.0340709704775869
-0.0449810530098309
-0.056862380384398
-0.0696875660125556
-0.0827507840710705
-0.0945631680554602
-0.103128580072703
-0.106474136135733
-0.10320656422187
-0.0928983831470827
-0.0762169249241138
-0.0547982029393453
-0.030907584509577
-0.00695808483222618
0.0149994115982493
0.0336649817110504
0.0486227859256263
0.060165747771299
0.0688907541529808
0.0752630081878403
0.0793698910872917
0.0809688918477569
0.0797516447826505
0.0756356775225673
0.0689317590695965
0.0603553689147921
0.0509333668457211
0.0418519395632943
0.0342566365467982
0.0290255292962778
0.026591346964642
0.0269129744675539
0.0296322805328089
0.03433219431149
0.0407368193403569
0.0487319407427802
0.0582026972521196
0.0687894455414025
0.0796907459348398
0.0896077701855192
0.0968680004532413
0.0997052259265337
0.096618315789123
0.0867063767261633
0.0698901759858094
0.0469598366368215
0.0194277079449631
-0.0107769653346784
-0.0416724062029537
-0.071527971055289
-0.0990298090583997
-0.123297576022018
-0.143781648187731
-0.160082209770345
-0.171746499720878
-0.178130109645501
-0.178424207446506
-0.171910336711713
-0.158393159441909
-0.138624201539959
-0.114464972094056
-0.0886292784489642
-0.0640662984057826
-0.0432499097018133
-0.027677313130527
-0.0177425919962309
-0.0129620473705844
-0.012403510433415
-0.0151333867384894
-0.0205193006418995
-0.0282998766135052
-0.038433348758633
-0.0508166292106337
-0.0649968072328075
-0.0799836030876977
-0.0942298720899405
-0.105794041345073
-0.11265179713042
-0.1130922370238
-0.106112796381639
-0.0917183345674463
-0.0710373118994594
-0.0461947603089985
-0.0199351038212214
0.00492777985510195
0.0260679614047281
0.0420188389211381
0.0522433988982213
0.056939702401655
0.0567354685478777
0.0524237731176629
0.044795532861553
0.0345424569385671
0.0222071161790282
0.00820314780473516
-0.00707186928053562
-0.0230764597654721
-0.0390229879388097
-0.0539058933987331
-0.0666254120569323
-0.0760992177160063
-0.081309832576207
-0.0813719464295767
-0.0757517325288617
-0.0646275724279182
-0.0491695840765405
-0.0314699608374138
-0.0140585188387452
0.000778806459291837
0.0115351110757687
0.0176524957166132
0.0193684371125908
0.0174601600419222
0.013072772548271
0.00762933190657826
0.00267934985658262
-0.00041682306114508
-0.000894030734255445
0.0011330150691805
0.00468475892294535
0.00823569088888874
0.0101838605758712
0.00929400808753556
0.00501526633984855
-0.00235755098361389
-0.011704524650036
-0.0213176158052481
-0.0293438367355276
-0.0343300135791504
-0.0356949600507465
-0.0339644875448561
-0.0306734474546725
-0.0279232762593621
-0.0276815429819488
-0.031032226725515
-0.0376787719166923
-0.0459635430215963
-0.0534578017697742
-0.0578942532876958
-0.0580337683364761
-0.054092306320788
-0.047575986935179
-0.0406465503708451
-0.0353196804090308
-0.0328124864116665
-0.0332334588026132
-0.0356403749137631
-0.0383643954100706
-0.0394519665857903
-0.03710378284165
-0.0300481361114381
-0.0178194398251271
-0.000904689088003031
0.0192915113222685
0.0406871253651352
0.0609323170378065
0.0778956631844862
0.0901050792491764
0.0970248499655774
0.0990879367048109
0.097478055015576
0.093746367497724
0.0893998919886015
0.0855784095644912
0.0828729957968055
0.0812923025300144
0.0803712438836664
0.0794072828092235
0.0777736076462798
0.0752167938466784
0.072043748338618
0.0691419386772093
0.0678088462628143
0.069374983827206
0.0746575302563457
0.0834204264742373
0.0941327855004975
0.104244087740715
0.11092525817138
0.111952838954923
0.106342684649948
0.0945016668727648
0.07792300452065
0.0586334030162392
0.0386333343747586
0.0194972912403703
0.00220466026547152
-0.01280026599448
-0.0253809991311468
-0.0354389670921604
-0.0427549483575025
-0.0470376812889596
-0.0481411878964834
-0.0462938886990356
-0.0421717757323558
-0.0367527973057714
-0.0310321694997488
-0.0257577130446981
-0.0213103653212134
-0.0177459520133041
-0.0149220296569845
-0.012619965187338
-0.0106235244064069
-0.00876976679291755
-0.00699469219054317
-0.00535895083924869
-0.00401434430666938
-0.00309997472809763
-0.00261084846559657
-0.0023100697197487
-0.00174032322673314
-0.000338836956222781
0.00240672153762551
0.00685601193640633
0.0132123036769417
0.0215621531187175
0.0318569290263671
0.0438029653973642
0.0567488856893498
0.069708119851491
0.0815706207897357
0.0914092008436585
0.0987084249125983
0.103404362711417
0.105754211082293
0.106136372410014
0.104872836051268
0.102123407810195
0.0978794869284869
0.0920647930817453
0.0846981517547221
0.0760229220837027
0.0665228819646816
0.0568233605188834
0.04754932400913
0.039221674883243
0.032222101906346
0.0267982298869438
0.0230712254757039
0.0210453520493604
0.020639697280066
0.0217311747065644
0.0241648320019914
0.0277130858399487
0.0320244799575444
0.036615473418284
0.0409076796297541
0.0442690323929443
0.0460384805980017
0.0455640683132128
0.0422894608437685
0.0358744560728333
0.0262905278386788
0.013839999097384
-0.00090616920944313
-0.0172145021181304
-0.0342906820360503
-0.05134987811583
-0.0676626742211157
-0.0826009569353966
-0.0956946569807401
-0.106683123722285
-0.115537155348517
-0.12244795211905
-0.127798148285212
-0.132119187192815
-0.136013043103163
-0.140016761868772
-0.144433208516952
-0.149207662368702
-0.153937305118129
-0.158029766497843
-0.160924095328609
-0.162246119964897
-0.161833738194506
-0.159673141226736
-0.155831472658612
-0.150428896722545
-0.143630362678442
-0.135621402130284
-0.126564604518774
-0.116572758659247
-0.105740848149342
-0.0942376879159652
-0.0823965061573209
-0.0707200039043307
-0.0597648682100765
-0.0499629839115048
-0.0414953130468987
-0.0343072427907244
-0.0282607431224597
-0.0233272824679015
-0.0196946967106737
-0.0177088471159553
-0.0176729353275246
-0.0196227445402485
-0.0232135294767673
-0.0277734355059361
-0.0324663420011153
-0.036463174925929
-0.0390717993536427
-0.0398455163297723
-0.0386888741179039
-0.0359111029373651
-0.0321399713477814
-0.0280785148273284
-0.0242169694530783
-0.0206706892602643
-0.0172322762940257
-0.0135789006573022
-0.00950077139466253
-0.00505919647956928
-0.000659752611212811
0.00295865495764806
0.00485419233512667
0.00415831609803621
0.000425657526416298
-0.00611579427296152
-0.014567960892587
-0.0236267588965046
-0.0319653663522797
-0.0385583240797636
-0.0428416921770852
-0.0447062405322958
-0.0443860780404318
-0.0423215694145714
-0.0390527234440351
-0.0351531592972453
-0.0311759968382285
-0.0275836766022073
-0.0246714286843571
-0.0225283679475551
-0.0210721163718232
-0.0201436688060187
-0.0196012411595596
-0.0193507958430314
-0.0193009563177075
-0.0192883953512124
-0.0190399235691146
-0.0182099016279164
-0.0164818919526902
-0.0136849823376546
-0.00986730703947562
-0.0052888768658144
-0.000326707131026517
0.00468057857785725
0.00958508452612207
0.014496257003289
0.0197078322137838
0.0255031230055585
0.0319234394807095
0.0386029885521281
0.0447425724826081
0.0492401674704315
0.0509447865261776
0.0489647418114856
0.0429448142003761
0.0332262639734136
0.0208244160099168
0.00721374360792517
-0.00600827237001761
-0.017447662446768
-0.0261123739153906
-0.0314448988005666
-0.0332422727077752
-0.0315559394193796
-0.0266361057557269
-0.0189261612901521
-0.0090716563413377
0.00209741299447662
0.0136373609161787
0.0246183727099639
0.034284034494745
0.042193365159097
0.0482940649174982
0.0529003133914712
0.0565818026058714
0.0599946817473416
0.0636950202424128
0.0679749652670593
0.0727589221582923
0.0775992434276626
0.0818066779290232
0.0847085789462052
0.085944138650292
0.0856471943870833
0.0844148921695366
0.0830995066285912
0.0825670785718073
0.0835394768491492
0.0865177730733834
0.0917136487881085
0.0989672041602774
0.107725645632831
0.117161638679338
0.12640057941512
0.134724520893207
0.141642923726223
0.146842993696005
0.150126068936095
0.151410059572421
0.150772285779669
0.148446388938868
0.144735424518958
0.13989312996188
0.134049600367745
0.127202599621496
0.119240319016485
0.109963696411625
0.0991124366758742
0.0864147873450839
0.0716647377574596
0.0548109192151832
0.0360388021926327
0.0158278361572021
-0.00504647739023388
-0.0255955916541076
-0.0447701399109621
-0.0615996852437042
-0.075238292349452
-0.0849338172849667
-0.0900408541661693
-0.0901704207579075
-0.0854192927191867
-0.0765036922579412
-0.0646639571889587
-0.0513649734224485
-0.0379382040223116
-0.0253100182577359
-0.0138879598631123
-0.00361415073570825
0.00584456524088805
0.0148427487019312
0.0235442199928145
0.0318399921606515
0.0394184638363139
0.0459409332685351
0.0512398519085327
0.0554532220206176
0.0590256528902792
0.0625548263651671
0.0665458251547724
0.0712073484465992
0.0764065373370165
0.0817832578779014
0.0869100676016439
0.0913814022343551
0.0948158101182598
0.0968415722989736
0.0971269788569363
0.095450509425162
0.0917691917805774
0.08625647083261
0.0792988743809159
0.0714356329292365
0.0632243599885754
0.0550537590935943
0.0469840586561428
0.0387141179246221
0.0297121376435666
0.0194471624996207
0.00760784786632011
-0.00577220051518318
-0.0202951871964805
-0.0352563242259113
-0.0497434684580414
-0.0627601279838076
-0.073367194292483
-0.0808311113747815
-0.0847318010432242
-0.0849685190072391
-0.0816618221300276
-0.0750518572846779
-0.0655169378575427
-0.0537220062510338
-0.0407559088076926
-0.0280899394917926
-0.0173241094777771
-0.00985706992209048
-0.00666534906774399
-0.00826669676223021
-0.0147805382762679
-0.0259444415160171
-0.0410403540825574
-0.0588072838633591
-0.0774410952467418
-0.0947210519678661
-0.108250983207862
-0.115794634038466
-0.115679581193929
-0.107207211157249
-0.0909490763769056
-0.068778070784045
-0.0435315784708254
-0.0183503415227863
0.00409089783154514
0.0221715617228235
0.0355237885434056
0.0448051541183545
0.0511751514298148
0.0557095585132062
0.0590029378677119
0.061119004684802
0.0618752496275497
0.0612743339395957
0.059816718455674
0.0584953984361872
0.058454115168276
0.0604853934439607
0.0646387678595376
0.0701478292629623
0.0757116624428504
0.0799881276238936
0.0820660735477471
0.0817112050985137
0.0792967944848536
0.0754815580424139
0.0708236758127686
0.0655538080230546
0.0596230140906796
0.0529427113473807
0.0455980649468015
0.0378672125004601
0.030063951700694
0.0223580629135442
0.0147054051118385
0.00690735899573893
-0.00125734873710754
-0.00989316099857637
-0.0188876511424438
-0.0278769400339952
-0.0362722348865517
-0.0433188036634342
-0.0481673029877101
-0.0499714500321069
-0.0480409033357726
-0.0420407145442456
-0.0321629648517668
-0.0191709351621685
-0.00427274400974224
0.0111212169040952
0.0256522297648311
0.038208854655533
0.0480608731509879
0.0549461057502144
0.0590880952915541
0.0611012110256922
0.061780137736879
0.0618384320766905
0.0616934174611185
0.0613747055967777
0.0605854540039593
0.0588910945048976
0.0559601684767443
0.0517556889452748
0.0465976858898728
0.041084213540118
0.0359264679034522
0.0317808580903544
0.0291421333064954
0.0283204907703674
0.0294815695257618
0.0326942315496128
0.0379291886488487
0.044999284162757
0.0535025096407597
0.0628506065132626
0.0723974662254885
0.0815792948657612
0.0899548236265297
0.0971239771304238
0.102613040177861
0.105832543227218
0.10614481652938
0.103010580572426
0.096162054499951
0.085743862501161
0.0723566549544701
0.0569632388501245
0.0406822562429233
0.0245513692516079
0.00934327289224979
-0.00452559125805377
-0.0169947431682072
-0.0282815397258303
-0.0387374091818245
-0.0486580347185588
-0.0580888593870938
-0.0666947803806379
-0.0737740980723688
-0.0784578329868452
-0.0800421021614922
-0.0783140809083588
-0.0737259102585513
-0.0673484461601979
-0.0606309744590434
-0.0550502318767777
-0.0517531104704507
-0.0512966399546231
-0.0535582194704512
-0.057826508314677
-0.0630245390880445
-0.0679994317865954
-0.0718217472172943
-0.0740268547226636
-0.0747097151416022
-0.0744174062207959
-0.0738831386356423
-0.0737279124494005
-0.074246827578372
-0.0753249924409963
-0.0764697545120092
-0.0769293787065429
-0.0758720841007725
-0.0726027315224966
-0.0667864135190017
-0.058623859646741
-0.0489012153869983
-0.038852950400436
-0.0298467586853232
-0.0229931821293517
-0.0188385550643192
-0.0172653481922937
-0.0176100281253402
-0.0189014899642301
-0.0201049286424771
-0.0203128485317227
-0.0188752380684934
-0.0154662396242165
-0.0100806893725557
-0.00297354651584974
0.0054237691256763
0.0145869022441406
0.0239861248197093
0.0331793246846728
0.0418708691556507
0.0498762728122868
0.0569908441845516
0.0628636867839846
0.0670120452686704
0.0690113765335474
0.0687451882286678
0.0665407030783914
0.0630974827175113
0.0592490048324238
0.055678798021015
0.0527151117560046
0.050276472056968
0.0479702757404545
0.0452954123535679
0.0418865253905326
0.0377370632563053
0.033322261833011
0.0295407461789763
0.0274589284086829
0.0279583243264981
0.0314520362910457
0.0377814266450901
0.0462785335957271
0.0559080294025328
0.0654372808397579
0.0736445907766804
0.0795642326696954
0.0827014471916104
0.0831296482472677
0.0814323007750444
0.0785068852062708
0.0752702716851397
0.0723297185117543
0.069729553019101
0.066897888710899
0.0628541115720297
0.0566267038368505
0.0477357139380496
0.0365472843604563
0.0243265741296088
0.0129246083714151
0.00421234171665132
-0.000486208801632658
-0.000722638450657656
0.00307022350565191
0.00981611008222248
0.0181355494578006
0.0266818422284152
0.0344154623743018
0.0407762862021271
0.0457125730294926
0.0495438989785082
0.0526869503122961
0.0553394730378129
0.0572583537456409
0.0577487695678482
0.0559004436739139
0.0509959687088688
0.0429230321996605
0.032395510946369
0.0208583485271266
0.0100968697990979
0.00171046789255412
-0.0033375604495985
-0.00492735274845406
-0.00368012541140449
-0.000602130414674472
0.00334987299932836
0.00755449608163658
0.0117169086886558
0.0156084487778073
0.018764780113189
0.020372772879378
0.0194437876022192
0.0151896848717417
0.00739969324535822
-0.00338617588298623
-0.0160055135152195
-0.0290438858605084
-0.0412675513104478
-0.0519279333042242
-0.0608377542461859
-0.0682378879910317
-0.0745507277259273
-0.0801268536427657
-0.085062643492586
-0.0891373289302976
-0.0918920607241404
-0.0928192452485387
-0.0915607069105548
-0.0880098782310985
-0.0823120412334949
-0.0748583064899123
-0.0663451919657768
-0.0578392820902743
-0.0507008144860616
-0.0462875761259649
-0.0455191657027331
-0.0484921109649524
-0.0543342189269747
-0.0613988275290652
-0.0677648802212798
-0.0718596132643597
-0.0729267704586937
-0.0711124174069865
-0.0671411278695573
-0.0617844728561104
-0.0554157278843115
-0.0478465191513401
-0.0384556288036303
-0.0264900413162482
-0.0113983872475756
0.00689660075717863
0.027837084484241
0.0502210628779479
0.0723802064653109
0.0925320829512835
0.109206391994868
0.121582038648586
0.129599130764802
0.133817293051394
0.135101850200017
0.134268888466835
0.13181043852926
0.127783275988435
0.121888348631952
0.113693565668842
0.10289100336839
0.0894731504556446
0.0737702897713569
0.0563764173339924
0.0380463081956483
0.0196289910293201
0.00202909337577645
-0.0138682636061524
-0.0273499642539921
-0.038061827419083
-0.0461208849049137
-0.0520587939290257
-0.0565955710331036
-0.0603503953457747
-0.0636395765629396
-0.0664597742041824
-0.0686469512788384
-0.0701113841441902
-0.0710231244957887
-0.0718580590826681
-0.0732841276556214
-0.0759442538407969
-0.0802482911985357
-0.0862812472783501
-0.0938547485726484
-0.102628181449582
-0.112195155489493
-0.122095975775992
-0.131805167888553
-0.140765278174688
-0.148481999309688
-0.15462622148625
-0.159072222204391
-0.161845695588302
-0.163016819709088
-0.162603142773077
-0.160528594719377
-0.156641877226436
-0.150767903751454
-0.142766652851611
-0.132590867779195
-0.120345018043389
-0.106342582628918
-0.0911423479152049
-0.0755327884955991
-0.0604411958678425
-0.0467710197539056
-0.0352035622370825
-0.0260241008720596
-0.0190373696778492
-0.0136180541610795
-0.00890104815792193
-0.00406262788130065
0.00140495180988541
0.00753617073882502
0.0139175207061923
0.01987546766312
0.024738797968979
0.0280766058930359
0.0298513077865286
0.0304716082808419
0.0307508761990315
0.0317704141241982
0.0346421382909836
0.0401945476260929
0.0486709013308084
0.0595798146192397
0.0718104382243265
0.084003311016282
0.0950236130049749
0.104319525609654
0.112012552858274
0.118710151568491
0.125154263526081
0.131855220012379
0.138819134991194
0.145420797271677
0.150451840385851
0.152372013756488
0.149752176271595
0.141797170979327
0.128738817471296
0.111896418232453
0.0933434960989172
0.075309886215516
0.059569060069476
0.0470557373387914
0.0378468266213425
0.0314732842780268
0.0273821590774894
0.0253105676218647
0.0254006023559271
0.0280359609311893
0.0335250473741373
0.0418113899332764
0.0523455610904258
0.0641521773413645
0.0760337357452731
0.0868051312534839
0.0954591533745421
0.101222436595216
0.103545294804298
0.102117903323012
0.0969729861436195
0.0886408538575233
0.0782394298661577
0.0673734799384726
0.0577969146140025
0.0509252044083067
0.0474013611539064
0.0469341140096607
0.048501328849439
0.050810184871665
0.0527686475699386
0.0537493682473769
0.0535854900029954
0.0523971052062129
0.0503968268027275
0.0477632319909036
0.0445881583940431
0.0408693015595032
0.036531912975176
0.0314816715032289
0.0256871926409873
0.0192641497973047
0.0125054415541397
0.00581055664492021
-0.000471387102022853
-0.00619977284592466
-0.0115066991007789
-0.0167373806378837
-0.0223155822109547
-0.0286078888339149
-0.0358261889022182
-0.0439628028046364
-0.0527429384300427
-0.0616057834724673
-0.0697527403249544
-0.0762921917328073
-0.0804581523333701
-0.0818196477737605
-0.0803830238085247
-0.0765444352643595
-0.0709345579382107
-0.0642436284256447
-0.0570969852097238
-0.0500036655547879
-0.0433633550485176
-0.0374974246913391
-0.0326627664904921
-0.0290189205294194
-0.0265534315880383
-0.0250095676330384
-0.0238752887644727
-0.0224694790500447
-0.0201151815950425
-0.0163465893989546
-0.0110752959786585
-0.00464855854540732
0.00223192235674362
0.00870914776204416
0.0140193500309395
0.0177013125539813
0.019693050866297
0.0202893518067029
0.0199922026813452
0.0193243026039261
0.0186781825894954
0.0182509131107582
0.0180780548796408
0.0181337295068655
0.0184268073490143
0.019029458452754
0.0200257281439275
0.021422875833184
0.0230868863153712
0.024744888636824
0.0260635644675996
0.0267772836236528
0.0268079253419948
0.0263080783225272
0.0255934119354227
0.0249984327610266
0.0247390704767668
0.0248493335840348
0.0251948319365459
0.0255164698516182
0.0254622045713063
0.0246062755849961
0.0224883613701994
0.0186977719680244
0.0129873554245489
0.00536923736652014
-0.00384853245147251
-0.0140911788113847
-0.0245939108932201
-0.0345075763029366
-0.0430228281820273
-0.0494979021169643
-0.0535608359466763
-0.0551538413661916
-0.0545055268736168
-0.0520435554708284
-0.0482786663104858
-0.0436941491203154
-0.0386664581141851
-0.0334310049061155
-0.0281001757577539
-0.0227369755463042
-0.0174735459871204
-0.0126306614442064
-0.00876431575491626
-0.00658083035736006
-0.00673304132637662
-0.00958803816304747
-0.0150772486201039
-0.0226882210798403
-0.0315777210611141
-0.0407331378811851
-0.049112462799285
-0.0557426350881181
-0.059807772189889
-0.060762323437875
-0.0584512536723048
-0.0531629835568833
-0.0455481176239145
-0.0364161567286078
-0.0265069114131425
-0.0163469373802637
-0.00623388636551858
0.00369207624354941
0.0133563792230067
0.0226648320016748
0.0314143513733435
0.0392109148539375
0.045458620271969
0.049481708674827
0.050756231186081
0.0491338237289367
0.0449307003101903
0.0388388536860644
0.0317143283584747
0.0243375154911188
0.0172292706867703
0.0105852990267991
0.00435504402295972
-0.00158043987619955
-0.00723647590327207
-0.0124388547767227
-0.0168257384350293
-0.0199101283863454
-0.0212120381338767
-0.0204724786829632
-0.0178794833295146
-0.0141616966325716
-0.0104522637128763
-0.00797154200135601
-0.00768447491682257
-0.0100716583389998
-0.015060821956801
-0.0220960649452546
-0.0303083695404742
-0.0387526167915619
-0.0466556158965878
-0.0535888310487477
-0.0594821445371815
-0.0644569906117494
-0.0685557796291187
-0.0715199062471422
-0.0727652101787579
-0.0716068943107295
-0.0676383411312922
-0.0610599288581581
-0.0527662683201367
-0.0441322457038289
-0.0366006226484111
-0.0312670737283644
-0.0286409368266186
-0.0286547621284512
-0.0308689218588304
-0.0347423455723028
-0.039845919414952
-0.0459489679776207
-0.0529662671656766
-0.060800396859637
-0.0691538100847319
-0.0774028314530124
-0.0846064634226198
-0.0896716657023079
-0.0916304074855207
-0.0899237017958646
-0.0845700064119084
-0.0761490147317141
-0.0656318914418289
-0.0541613216843947
-0.0428763320883384
-0.0328068160279133
-0.0248007394431405
-0.0194473502341536
-0.0170104873714923
-0.0174236081911649
-0.0203760298648836
-0.025454589799207
-0.0322518355241731
-0.0403565493330302
-0.0492161929745797
-0.0579692293994604
-0.0654070722288253
-0.0701659449333291
-0.0710910510950529
-0.0675873921956097
-0.0597814317725305
-0.0484406142758982
-0.0347208998806784
-0.0198635251567713
-0.00494977613081596
0.0092205028336222
0.0221183101721133
0.0333909379380519
0.0427592931226368
0.0499623851713578
0.0547516447934273
0.0568994503849378
0.0561991232077455
0.0524844544957049
0.0457249920257111
0.0362080167302618
0.0247219070285494
0.0125986797660216
0.00152556561170476
-0.00683303716602622
-0.0112533456677268
-0.0112473645571466
-0.00714128178719276
7.15102638578734e-05
0.00904573586272518
0.018463332132718
0.0273448062332886
0.0351819136478119
0.0418631324964302
0.0474683804733163
0.0520627837740438
0.0555827777113107
0.0578228220543294
0.0584764375101665
0.0571944735116465
0.053659682848407
0.0476880624475715
0.0393453174699909
0.029041498794504
0.0175630238982206
0.00601369701616997
-0.00435022662507145
-0.0123852829747955
-0.0173731462806833
-0.0192658153897629
-0.0187350995252168
-0.016972493727849
-0.0153074654133315
-0.0147932471605748
-0.0159095797870804
-0.018478506419725
-0.0218136541792476
-0.0250369903094479
-0.0274290669667271
-0.0286753741177567
-0.0289373705626117
-0.0287596489101982
-0.0288735821764274
-0.029969128511501
-0.0325011565216866
-0.0365798703022962
-0.0419608905510482
-0.0481130454123329
-0.0543298955093326
-0.0598674552554072
-0.0641008549611819
-0.0666733362637993
-0.0675882580041295
-0.0672051675841382
-0.066134868673442
-0.0650527650339812
-0.0644663007208334
-0.0645053966809849
-0.0648390673682171
-0.0647978839121463
-0.0636753749475526
-0.0610594715650009
-0.057015918399478
-0.0520425866738795
-0.0468568557584334
-0.0421542571693207
-0.0384415083895496
-0.0359558519131972
-0.0346281874173988
-0.0340685776679076
-0.0336027353845967
-0.0323965511591828
-0.0296583286888869
-0.024854743390777
-0.0178650768199554
-0.00902669624965603
0.000936484204561734
0.0110750929543192
0.020408259740537
0.0280884828982998
0.0335060114934944
0.0363425836261536
0.0365950983819571
0.0345652834316499
0.0307908844215278
0.0259107840266091
0.0204980730813675
0.0149212670581956
0.00928435105842672
0.00346569508994579
-0.0027547168348033
-0.00951704609534748
-0.0167143101100943
-0.0239084988635193
-0.0303811597848876
-0.0353154871523971
-0.0380434476575065
-0.0382538864435466
-0.0360728636841225
-0.0319924383960566
-0.0267002478835532
-0.0209010624645733
-0.0152019198431868
-0.0100759855669645
-0.00587253221384239
-0.00283451290335962
-0.00111405030851994
-0.000798756034757565
-0.0019471062432177
-0.00459966159049395
-0.00873817555018416
-0.0142190949149161
-0.0207506463429013
-0.0279530663621243
-0.0354670635420844
-0.0430386429856713
-0.0505366438831125
-0.0579043066478764
-0.0650682569394304
-0.0718415739932946
-0.0778762200340064
-0.082716378853061
-0.0859536922783276
-0.087417594994906
-0.0873037249773143
-0.0861691075576602
-0.0847792378128116
-0.0838505769347047
-0.0837806459460936
-0.0844841503144552
-0.0854309392244753
-0.0858970221931064
-0.0853287666180967
-0.0836507363423863
-0.0813625333763661
-0.0793606292916336
-0.0785477133291099
-0.0794020598215629
-0.0817129777078523
-0.0846118063359044
-0.0868789934223001
-0.0873792062611429
-0.0854365071631872
-0.0810089292814537
-0.0746180290753395
-0.067097598741559
-0.0593027850697772
-0.0519155727108758
-0.0453910474066474
-0.0399852993415511
-0.0357781564003329
-0.0326623552801733
-0.0303440653403921
-0.0284139336994618
-0.0264917398175135
-0.0243731188822335
-0.0220827328237857
-0.0197939855157822
-0.0176682424286712
-0.0157146248066232
-0.0137383497760387
-0.0113809492485256
-0.00822697374827535
-0.00395632809633877
0.00149124644608051
0.00780851588854519
0.0143438281732012
0.0202717426220483
0.0248489862223379
0.0276560131052834
0.0287441944495239
0.0286500459478941
0.0282689928769996
0.0286077846574988
0.0304752127001814
0.0342147502155694
0.0395901585708227
0.0458797774245275
0.0521410476837974
0.0575321186628362
0.0615633920764519
0.0641946804555049
0.0657621258216165
0.0667830653387298
0.0677277714498828
0.0688549610927987
0.0701791535424689
0.0715743818528348
0.0729420149450857
0.0743291579934592
0.075920301946416
0.0779206920672804
0.0804293263161628
0.0833999370526531
0.0867171321505747
0.0903313756805207
0.0943579405172658
0.0990710303218857
0.104790120238501
0.111713439137468
0.119772271966208
0.128565115095513
0.137403627474054
0.145467558051862
0.15202018879131
0.156600619375244
0.159118384321061
0.159825970301072
0.15919413357201
0.157738519721488
0.155853882082901
0.153710137657461
0.151240841839727
0.148215733193441
0.144365136057949
0.139522472136629
0.133746292328454
0.127370770109402
0.12094775251539
0.115098471628632
0.110345927116222
0.106997941301246
0.105101391674177
0.104445383573138
0.104591232493556
0.10493007778682
0.104776076821223
0.103487126003021
0.100587653984285
0.0958648375390616
0.0894163641255699
0.0816358845884006
0.0731316282695542
0.0645889332937966
0.0566079040669841
0.0495636571541084
0.0435362092507391
0.0383349190956284
0.0336075834304307
0.0289950476249989
0.0242816979187971
0.0194984202690318
0.0149465967034777
0.0111266630071228
0.0085813560271221
0.00770185752205753
0.00857125019924633
0.0109092736195987
0.0141411137022132
0.017569173944465
0.0205947402441573
0.0229127535674482
0.0245976999673009
0.0260366101454295
0.0277419865219485
0.0301410210744178
0.0334357982837935
0.037569208053362
0.0422706199702415
0.0471375185747138
0.051724807105661
0.0556265974090383
0.0585320463769733
0.0602371666031296
0.0606190230395367
0.0596096574824318
0.057201692627846
0.0534709038556722
0.048568846093952
0.0426674570552012
0.0358962542467143
0.0283312161417062
0.0200529178121469
0.0112360480235396
0.00221343364888457
-0.0065195379159151
-0.014359920464478
-0.0206909587361504
-0.0249877137899267
-0.0269086478862571
-0.0263574219260504
-0.0235170949397545
-0.0188671372454876
-0.0131782760444083
-0.0074560011063923
-0.00280434342693154
-0.000221933930111844
-0.000393723955236516
-0.00355590839485295
-0.00947514897784712
-0.0175343183343489
-0.0268941012282682
-0.0366937075999618
-0.0462365335819942
-0.0550891749093973
-0.0630471423370419
-0.0699935685286666
-0.0757416434954749
-0.0799504174600799
-0.0821478892135094
-0.0818453046520978
-0.0787109350108475
-0.0727582932077152
-0.0644677269749655
-0.0547455804258654
-0.0446930226556203
-0.0352809625982587
-0.0270964633118537
-0.0202702570797762
-0.0145730559958215
-0.00959539020464648
-0.00494027931203005
-0.000396880905974821
0.00393874272722219
0.00765340199349073
0.0101539336141963
0.0109106173179904
0.00969693703007199
0.00671938901110251
0.00259595983531341
-0.00179031617839474
-0.0055017091055173
-0.00775289080699698
-0.00805689678750751
-0.00627647261058693
-0.00258488605632319
0.00262820519754223
0.0088652794990306
0.0156186518490986
0.0224424186933179
0.0289840948275705
0.0349744460899777
0.0402049487652185
0.0445359424965046
0.0479462187515404
0.0505831438144866
0.0527562243774748
0.054853333564531
0.0572125651754308
0.0600109970910916
0.0632198089836499
0.0666344433319392
0.0699441336866559
0.0727890954237267
0.0747834873648142
0.0755337943815001
0.0747012588822558
0.0721165779053825
0.0678918577564174
0.0624502573394796
0.0564303274045679
0.0504909442985462
0.045098735259767
0.0403915215712908
0.0361718396274804
0.032016517340022
0.0274347715509679
0.022002705396172
0.0154428368695797
0.00766316945949659
-0.00121990388498058
-0.0108780711446064
-0.0208142034653014
-0.0304652230027314
-0.0393378957973429
-0.0471245190979731
-0.0537522929462656
-0.0593496030363908
-0.0641498860185403
-0.0683870344695908
-0.0722416900682128
-0.0758563597366971
-0.0793771469187191
-0.0829635701449059
-0.0867532948495973
-0.0908184199169653
-0.0951493255416845
-0.099666057925319
-0.104231553430419
-0.108642847751217
-0.11260166610211
-0.115700950169737
-0.117473095683699
-0.117505493879949
-0.115576667720128
-0.111755007974452
-0.106426700636605
-0.100239155053319
-0.0939528371775994
-0.08821689169649
-0.0833382281188645
-0.0791610674076829
-0.07514397845847
-0.0706031118649984
-0.0649781208128806
-0.0579809388616406
-0.0496041657064433
-0.0400759388685497
-0.0298447266648642
-0.0195814164734658
-0.0101178237078082
-0.00227888904753951
0.00333657089041747
0.006517898010588
0.00747067848723018
0.00671077028671678
0.00488606015260185
0.00260418507588582
0.000314677974488185
-0.00175708490112938
-0.00365551664461359
-0.00572834297626949
-0.00860177645993397
-0.0130268369548787
-0.0195808864801497
-0.0283232822035495
-0.0385910055000642
-0.0490880217935931
-0.0582673832915431
-0.0648334111917163
-0.0681299122048475
-0.0682645293885089
-0.0659707281261964
-0.0623178654316665
-0.0583972090655949
-0.0550681486745079
-0.0528024406420193
-0.0516426708391188
-0.0512796109529175
-0.0512290105081765
-0.0510544139501991
-0.0505623408569985
-0.0499037562227953
-0.0495462445101547
-0.0501258248336939
-0.0522348375216845
-0.0562285193475439
-0.062115163292288
-0.0695440378913629
-0.0778637691395825
-0.0862219002502887
-0.0936993882533695
-0.0994814353462269
-0.103039433444267
-0.104262446157518
-0.103472846523206
-0.101303998041405
-0.0984780778265904
-0.0955590900544346
-0.0927621060869825
-0.0898896301719177
-0.0864373786023188
-0.0818495324357201
-0.075824404523443
-0.0685310614604716
-0.0606367830101301
-0.0531436175748769
-0.0471219247555908
-0.0434517704127851
-0.0426379577865042
-0.0447049982545474
-0.0491601113723227
-0.0550374875141129
-0.0610581736584642
-0.0659155752025726
-0.0686310621972826
-0.0688609967164536
-0.0670247550519232
-0.0641810825098846
-0.0616789290659548
-0.0606983301841752
-0.0618423144363228
-0.0649304591480423
-0.0690768872747301
-0.0730249918827098
-0.0756036767155661
-0.076123838218474
-0.0745742012938923
-0.0715711370112612
-0.0681103188482225
-0.065223968630008
-0.0636634969495886
-0.0637079945116591
-0.0651468858834398
-0.0674183976491496
-0.0698362101603554
-0.071820708463376
-0.0730604808684231
-0.0735558362289183
-0.0735384348514327
-0.0733077426734823
-0.0730532479520672
-0.0727320713198514
-0.0720508513980194
-0.0705603835099999
-0.0678156277663736
-0.0635139916195201
-0.0575435289346824
-0.0499451875257027
-0.0408527835575161
-0.0304633550651624
-0.0190334709146606
-0.00686873139187215
0.00570052725176157
0.0183339628286609
0.0306728748224284
0.0423265979673556
0.0528811254703856
0.0619368417576571
0.0691571039399226
0.0743045669042613
0.0772592328039357
0.0780304918149097
0.0767731731142749
0.073797203857464
0.0695464249321815
0.0645333555155873
0.0592477481460994
0.054083049813851
0.0493211323707348
0.0451783852123743
0.041872859555943
0.0396582836925489
0.038796678880035
0.039484032145652
0.0417681326764954
0.0454886839351727
0.0502472745913282
0.0554106672616638
0.0601647832610976
0.0636351806652846
0.0650574457818897
0.063947677024683
0.0602220091140456
0.0542358726142032
0.0467303572765504
0.0386839241401825
0.0310922162433318
0.0247355548706857
0.0200143562164294
0.0169131334837963
0.0150993356200115
0.0141059230298828
0.0135213395140494
0.013126860424817
0.0129560228962811
0.0132756571715146
0.0144980904485862
0.0170433694360385
0.0211873890285467
0.0269460643527487
0.0340365490037794
0.0419198832763273
0.0498919285582504
0.0571830262477274
0.0630521492930352
0.0668871328570209
0.0683184525043294
0.0673198359904854
0.0642383065307539
0.0597088856689379
0.0544702195796801
0.0491629627456647
0.0442067565658226
0.0398008908162843
0.0360199395970938
0.0329320431641744
0.0306735586562689
0.0294514022858287
0.0294826755578122
0.0309002982947477
0.0336547070458121
0.0374405569073979
0.0416817622850053
0.0456041946563758
0.0483933581739881
0.0493833104608022
0.0481948533253547
0.0447680726249235
0.0392983714559697
0.0321315842406515
0.0236695597840772
0.0143036157131731
0.00437283834437292
-0.00584882513864703
-0.0161234575555694
-0.0261798706793169
-0.0356373333185921
-0.0439690314873517
-0.0505317428594099
-0.0546590192792755
-0.0558055683285784
-0.0537280610086406
-0.0486583607608328
-0.041378123965583
-0.0331034462925957
-0.0251789023970073
-0.0187103466901596
-0.0143207757676726
-0.0121338594061279
-0.0119386685250551
-0.0133926617507565
-0.016145897654384
-0.0198706810804328
-0.0242546392327815
-0.029009808154968
-0.0339024828169943
-0.0387783074060228
-0.0435570668120722
-0.0481827609562908
-0.052535250093634
-0.0563453188520316
-0.0591769689131789
-0.0605087223194376
-0.0598740388453785
-0.056982080713922
-0.0517774248629504
-0.0444612095772776
-0.0355047683628674
-0.0256372482128798
-0.0157580267133869
-0.00676167300250738
0.000668453154955594
0.00620667007744799
0.00990374694755004
0.0120745383566979
0.0131178393839632
0.0133592735742844
0.012975291662953
0.0119902057887387
0.010299774796769
0.00770040156071621
0.00395952945599466
-0.00102460154323145
-0.00699585639258708
-0.0131705140651837
-0.0182793537518199
-0.0208759506896671
-0.0197999353945711
-0.0145825837347601
-0.00561658655754741
0.0059591771781701
0.018582174741632
0.0306586260022823
0.0408966182593519
0.0484956454940489
0.0531689621635148
0.0550405658669677
0.0545016429525933
0.0521001879037764
0.0484797804808766
0.0443314880321896
0.0403213314318271
0.0369961625937268
0.0347063634128014
0.0335821710651301
0.0335718753498369
0.0345241515188811
0.0362841849883024
0.0387665662641451
0.0419722379436461
0.0459473810703404
0.0507237278679273
0.0562854338812555
0.0625628547767248
0.0694119767726998
0.0765594494904807
0.0835586234302089
0.0898282816378646
0.0947883653448509
0.0980230986596508
0.0993840001644321
0.099005240237623
0.0972623916488483
0.0947013725604615
0.091928392221253
0.0894517716429746
0.0875136784183203
0.0859916167684515
0.0844362124149385
0.082245363561633
0.078902134268794
0.074175221216047
0.0682092950150875
0.0614875467243197
0.0546919756319251
0.04850841949671
0.0434377961897011
0.0396869152589077
0.0371972915194088
0.0358054382356136
0.0354389387728299
0.0362123702987595
0.0383470082399901
0.0419628966442314
0.0468821665799706
0.0525684933663216
0.0582311873326488
0.0630256116027405
0.0662472653722638
0.0674485835788109
0.0664678709292565
0.0634046849520532
0.0585803263073492
0.0524960877649177
0.045780879809188
0.0391250451558095
0.0332137647599337
0.0286755392075244
0.0260451270092358
0.0257241680654864
0.0279246864754513
0.0326030099106282
0.0394176919875602
0.0477512346715427
0.0568123350335754
0.0657956362850327
0.0740424909197348
0.0811385415818698
0.086909533130858
0.0913242424094031
0.0943569502046592
0.0958808366797462
0.0956527357965496
0.0934100411289524
0.0890398247187731
0.0827288620784062
0.0750060759092361
0.0666550946955041
0.058549720168054
0.0514839531971643
0.0460329597707709
0.042454167221889
0.0406512832593224
0.0402368636993513
0.0406911201507566
0.0415473257381027
0.0425088827380727
0.0434512249330847
0.0443382801383838
0.0451236139665339
0.0456928070525673
0.0458633911529735
0.0454212994805565
0.0441544732798824
0.0418577697609546
0.0383259456454133
0.0333850073408629
0.0269909148350812
0.0193553617310465
0.0110079088622845
0.00272917459624469
-0.00462677378023327
-0.0103350123354042
-0.0139412765833501
-0.0153078080110757
-0.0145792337575306
-0.0121016574550097
-0.00832256964296814
-0.00369467262337926
0.00139021258878145
0.00661361813083143
0.0116864105979871
0.0162784533351191
0.0199750776425451
0.0223042008770022
0.0228360871038753
0.0213118257283764
0.017741376309228
0.0124333546464271
0.00594868335947167
-0.00101491879453601
-0.00778958238725219
-0.0139087693967162
-0.0192081943785332
-0.0237961287707293
-0.0279033323589666
-0.0316948785044624
-0.0351375454151687
-0.0379664711522214
-0.0397394700111373
-0.0399495196642914
-0.0381724797031793
-0.0342226791662352
-0.0282702199629073
-0.0208706154961989
-0.0128868867524641
-0.00532673125145791
0.000856240400644233
0.00494420937347185
0.00657482625762834
0.00576898480377983
0.00286102648159294
-0.00164317731691126
-0.00722643877788642
-0.0134742123677262
-0.0200998169237933
-0.0268905774249772
-0.0336317838601404
-0.0400668239683233
-0.045909490202811
-0.0508834015441998
-0.0547567294037849
-0.0573590220877213
-0.0585887454179346
-0.0584331942581855
-0.0570130352663905
-0.054625083110017
-0.0517239552791865
-0.0488121922996285
-0.0462930217350097
-0.0443896795338852
-0.0431791334341993
-0.0426770003359131
-0.0428691259125407
-0.0436631516335974
-0.0448413657237332
-0.0461093488595176
-0.0472367654253263
-0.0481846694441291
-0.0491159417331639
-0.050285110124481
-0.0518959816667513
-0.0540148173003646
-0.056552606436735
-0.0592734786266994
-0.0618040126840698
-0.0636743650519945
-0.0644361801044769
-0.0638405742280387
-0.0619761682446424
-0.0592547137743401
-0.0562241815406012
-0.0533145611335545
-0.0506686857969336
-0.0481425860457139
-0.0454469465424032
-0.0423351358653835
-0.0387487723813097
-0.0348724736500105
-0.0310906513508642
-0.0278725959764952
-0.025633865086635
-0.0246230777247318
-0.0248641083080066
-0.0261591035153068
-0.0281421351791362
-0.0303694583384501
-0.0324327514716751
-0.0340755037145299
-0.0352769291354711
-0.0362570589377601
-0.0373735107630808
-0.0389288618325534
-0.0409619711859931
-0.0431215692776121
-0.0446977977323351
-0.044825011343163
-0.042792538732192
-0.0383414709573013
-0.0318154718704276
-0.0240880146263459
-0.0162911210432978
-0.00946948439158434
-0.00431801219878598
-0.00110607337031976
0.000216730962192032
-0.000168802645047583
-0.00210134465950902
-0.00547196837350511
-0.0101436488618871
-0.0158304608613205
-0.0220320430169403
-0.0280825199162629
-0.0332997810864229
-0.0371582287106177
-0.03939691774796
-0.0400182105067522
-0.0391945083951503
-0.0371411967131413
-0.0340158847247967
-0.0298785805903438
-0.024716842781218
-0.0185194759747531
-0.0113727821384926
-0.00354697964400788
0.00446419114079611
0.0119794115106749
0.0182411931469215
0.0225670599143408
0.0244892412155367
0.0238466775369313
0.0208197255652551
0.0159091574148651
0.009854918101277
0.00349164315272633
-0.00243453451796026
-0.0074261121149929
-0.0113010898808513
-0.014137466452871
-0.0161322617610062
-0.0174509470045338
-0.018127952711553
-0.0180361222451774
-0.0169174507220652
-0.0144671209167441
-0.0104584046940708
-0.00487129115629507
0.00203313838843539
0.00973468074187556
0.0175646406949339
0.0248521093658262
0.0310452379689166
0.0357749054656246
0.0388640054255452
0.0403048683571411
0.040226666406316
0.0388650124566439
0.0365359449591579
0.0336073940931092
0.0304572621857289
0.027417220666215
0.0247224178197233
0.0224986099214225
0.0208017506128641
0.0196885708242547
0.0192697592915787
0.0197047858559762
0.0211354690954878
0.0235954288986453
0.0269485358994822
0.030895261231337
0.0350489092875348
0.0390412194743104
0.042597633722033
0.0455466833529201
0.0477779069715452
0.0491963489848354
0.0497170662750525
0.0493123950930501
0.0480880983766806
0.0463357973924157
0.0445070424555156
0.043094354480624
0.0424677534984785
0.042752321253772
0.0438116740141032
0.0453406827570933
0.0470119223470948
0.0485971843332353
0.0500072153616617
0.0512475009621652
0.0523413893462324
0.0532830706897221
0.0540438209220771
0.0546059393845519
0.0549845541812653
0.0552187257422779
0.0553391856420677
0.0553306146624671
0.0551046085538082
0.0544950937640683
0.0532846284952714
0.0512635281202421
0.0483089933985001
0.0444542351442465
0.0399130584868423
0.0350415550321763
0.0302492897110983
0.0259018921874899
0.0222640558647936
0.0195035978734957
0.0177307554733344
0.0170234292175889
0.017410735915722
0.0188308787044133
0.0211032335048234
0.0239423969353403
0.027012125950423
0.0299962295601968
0.0326615751604971
0.0348975123635989
0.036724387518266
0.0382683871982162
0.0397061785861743
0.0411932173977655
0.0427969992130318
0.0444529354205768
0.0459497082932688
0.0469452764921416
0.0470178677238227
0.0457559234038942
0.0428751385836306
0.0383283822944579
0.0323677190019657
0.0255334359341442
0.0185657672892817
0.0122487216628778
0.00721376748843525
0.00376341529652093
0.00179621173961132
0.000886076889098938
0.000489381898957525
0.000176670409412561
-0.000224965931797515
-0.000628451939901978
-0.000786635224087867
-0.000419967394900278
0.000682903897994591
0.00260447889079736
0.00526883475223322
0.00843749657085951
0.0117346161005019
0.0147076802498313
0.01692130262729
0.018063881024696
0.0180305513366131
0.0169458891592075
0.0151126482000209
0.0129086750906949
0.0106810336717486
0.00868539441612461
0.00708957053599291
0.00602072494966334
0.00560945358197344
0.00598737637656736
0.00722892580877155
0.00927169416637676
0.0118703611878377
0.0146198083470861
0.0170404545564044
0.018689822353937
0.019268232773928
0.0187052999728083
0.017215992207855
0.0152973884137784
0.0136319777076328
0.0128977155522896
0.0135438164293739
0.0156268224276966
0.0187801414217462
0.0223247293363372
0.0254656889281579
0.0274981291800225
0.0279661577575005
0.0267512093445551
0.0240836694620709
0.0204759350767002
0.0165838123415482
0.0130250299411395
0.0102069517174663
0.00822128750139191
0.00684309088631662
0.00563278556008262
0.00410254725684508
0.00188936120953795
-0.00111963792716077
-0.00474643050713519
-0.00857790190341069
-0.0120984077234335
-0.0148486302879542
-0.0165505080722213
-0.017160380108493
-0.0168495764063549
-0.0159350801341594
-0.0147848724958099
-0.0137175582409444
-0.0129165311226991
-0.0123825403336875
-0.0119434180818728
-0.0113196645019491
-0.0102184480354007
-0.00841607261965724
-0.00580260948297787
-0.00239197189288251
0.0016812431008943
0.00616798253277779
0.0107298904926044
0.0150059466568899
0.0187152534753125
0.0217525458612597
0.0242240687528328
0.0264028287671964
0.0286262081721167
0.0311811861708753
0.0342148969841603
0.0376877787469915
0.0413712610954089
0.0448864228708728
0.0477776223812274
0.0496076387399855
0.0500493812981917
0.0489462317930197
0.0463280764040546
0.0423926699306211
0.0374702336618595
0.0319778326768089
0.0263590048859861
0.021012238267693
0.0162309807695976
0.0121821397783387
0.0089289647763214
0.00647666882847738
0.00481176798104967
0.0039222958406665
0.00380343509013434
0.00445340416662695
0.00585612920349298
0.00794967104060008
0.0105929994687418
0.0135512134429036
0.0165116849352319
0.0191284764505293
0.0210791928632876
0.0221115470933138
0.0220611241110654
0.0208386317033391
0.0184038656570514
0.0147493245270067
0.00990493222007657
0.00395773095586182
-0.00292889238303008
-0.0105085083857864
-0.0184614352103577
-0.026420788840346
-0.0340125773204622
-0.0409021776682634
-0.0468346493280561
-0.0516608184257595
-0.0553505821877724
-0.0579944385662975
-0.0597830009608802
-0.060952768104977
-0.0617091750939115
-0.0621673576329206
-0.062351343495455
-0.0622522654780412
-0.0618996702075432
-0.061393252579389
-0.060880802146986
-0.0605104471016641
-0.0603927700773771
-0.0605852615586353
-0.0610896311669399
-0.061850436054946
-0.0627535165918746
-0.0636306247689685
-0.0642804727773354
-0.0645185689467021
-0.0642592399569873
-0.0636039921900951
-0.0628802470962802
-0.062581991658065
-0.0632160249866173
-0.0651117007508885
-0.0682667008430416
-0.07228191387687
-0.0764125551042528
-0.0797347612781606
-0.0813876862518489
-0.0808125978357255
-0.0779018830097176
-0.0730053046930434
-0.066800549277869
-0.0600866682578992
-0.0535782815494921
-0.0477627425408799
-0.0428450223959423
-0.0387659208617569
-0.03526033050724
-0.0319339503445988
-0.0283613039751916
-0.0242109593393331
-0.0193736090189705
-0.0140341985477875
-0.00863187517729597
-0.0037025315094578
0.000331776305652049
0.00332287163126368
0.00542580765962681
0.00699325678160078
0.00840587179948779
0.00992957899374242
0.0116499313218341
0.0134783106044437
0.0152018503398004
0.0165594401264166
0.0173363784972147
0.017460085313718
0.0170638938302885
0.016489348927302
0.0162212447928343
0.0167757191729967
0.018575258714534
0.0218444192524104
0.0265513539822585
0.0324053578884808
0.0389024013249331
0.0453977441349644
0.0511865795392647
0.0555883461921075
0.0580417395189207
0.0582082728021227
0.056055109322248
0.0518718418369455
0.0461985433428286
0.0396913856434631
0.0329819846705629
0.0265735418141842
0.0207860241437431
0.0157480474489333
0.0114334545964677
0.00773470062236285
0.00455037023545963
0.00185593457909887
-0.000267144712105568
-0.00165531012099258
-0.00213586657374556
-0.00162707771285931
-0.000227449055826132
0.00174401934002729
0.0037751516005247
0.00524948388118223
0.00557698166776411
0.0043426945425442
0.001443093910901
-0.00283375099645977
-0.00783399932875614
-0.0126916847004762
-0.0165689773833546
-0.0188881300713511
-0.0194636575889191
-0.0185008833454495
-0.0164904764137936
-0.014056520347276
-0.011805185122782
-0.0101975248398211
-0.00945825861348116
-0.00953729101821683
-0.010145496870855
-0.0108703196405327
-0.0113389845823885
-0.0113625675762496
-0.0109939261269709
-0.0104759580592807
-0.0101183426513912
-0.0101746798680347
-0.0107706763445076
-0.0118820158342263
-0.0133324470138594
-0.0148012399668575
-0.0158587242147016
-0.0160435720490061
-0.0149619447160343
-0.0123722797188594
-0.00823843123968153
-0.00275720283713019
0.00363519907937916
0.0102900897072428
0.0164264680978712
0.0212724710936913
0.0242460975450135
0.0251142856532517
0.0240503570007982
0.0215441254440626
0.0182008382837107
0.0145347627401457
0.0108583313850632
0.00729077026360396
0.00383039524782036
0.000418780794952355
-0.00302774500449342
-0.00659341448690008
-0.0103193605462936
-0.0141572697389642
-0.0179633114969788
-0.0215496577680749
-0.0247591700981107
-0.0275064720274034
-0.0297589800561277
-0.0314863109731992
-0.0326351502137635
-0.0331618177414366
-0.0330987279061702
-0.032595133460671
-0.0318876488563638
-0.0312068217182584
-0.0306709066930495
-0.0302252765978261
-0.0296565425695144
-0.0286731670940742
-0.0270250824576889
-0.0246317813870011
-0.0216843921686141
-0.0186809014719563
-0.0163625177915884
-0.0155528877517092
-0.0169449150627572
-0.0209042728174278
-0.0273494904048153
-0.0357365038108104
-0.0451461092224227
-0.0544602709116899
-0.062604435196191
-0.0688046931837838
-0.0727717510682793
-0.0747271954297083
-0.0752526242618646
-0.0750228719169792
-0.0745265436296596
-0.073876195876138
-0.0727826846765296
-0.0707113550184457
-0.0671584350210701
-0.0619265861269699
-0.0552817582070741
-0.047933692638749
-0.0408564385365558
-0.0350207561733099
-0.0311373789893169
-0.0294998763393918
-0.0299665612078709
-0.0320602157416813
-0.035130946329994
-0.0385295758567271
-0.0417529094546654
-0.0445283858374876
-0.046811435956256
-0.0486931073113606
-0.050256021943151
-0.0514436190258571
-0.0519968951248179
-0.0514767664597312
-0.0493598701190598
-0.0451830298507536
-0.0387041921918252
-0.0300353318580375
-0.0196971103054318
-0.00856556173622674
0.0022753042569358
0.0117256410143079
0.0188547854678359
0.0230471911619707
0.0240924588685949
0.0222059547174021
0.0179727718628966
0.0122251945293907
0.00588171964093495
-0.000217130517124917
-0.00544223121111404
-0.00944911659958756
-0.0121728405067422
-0.0137480657761026
-0.0143849182115502
-0.0142490546599292
-0.0133906296515138
-0.0117423926601088
-0.0091803324561907
-0.00562755280248686
-0.00117587076561744
0.00381722497753351
0.00871628178340341
0.0127232024709644
0.0150990838046729
0.0154015656094995
0.0136286037376987
0.0102079443743521
0.00584816485162737
0.00132320858365391
-0.00272483014565398
-0.00590498316666036
-0.00810137166571274
-0.0094194587933211
-0.0100856405260655
-0.0103301179286549
-0.0102840743092085
-0.00992620432128474
-0.00910231268311582
-0.00760725732812491
-0.00528433008387463
-0.00209426020032372
0.00186621396677782
0.00638878667158405
0.0112059545873649
0.0160558756715998
0.0207363486600248
0.0251203403867281
0.0291230616781193
0.0326415144096003
0.0355047372440894
0.0374654191933993
0.0382426729993248
0.0376036690098665
0.0354523743945219
0.0318847629540295
0.0271829268874226
0.0217507561566472
0.0160184836162972
0.0103485932204763
0.00497073500018129
-3.14150599496451e-05
-0.00467123020663714
-0.0089664614643508
-0.0128485597737219
-0.0161219882290627
-0.0184983168594781
-0.0197003040883648
-0.0196053308265582
-0.0183748147628295
-0.0165070544152182
-0.0147733316595766
-0.0140457313263772
-0.0150682839894262
-0.018239841891682
-0.0234758714980987
-0.030204950334491
-0.0375207436885254
-0.0444473478122501
-0.0502196342431145
-0.0544739791291229
-0.0572905977532533
-0.0590902808126892
-0.0604352399855856
-0.0618094232844182
-0.0634554947961496
-0.0653173827935078
-0.0670885070637002
-0.0683274168303782
-0.0685968914920132
-0.0675975935878372
-0.0652746054853835
-0.0618680156728102
-0.0578791324248027
-0.0539502837097197
-0.050696811984983
-0.0485536960712356
-0.0476870548373784
-0.0479839200077837
-0.0491032304323411
-0.0505661649859339
-0.0518717601885121
-0.0526185134672333
-0.0525927571780732
-0.0517781191161946
-0.0502719355297256
-0.0481522250575089
-0.0453775180996188
-0.0417833582327658
-0.03717407552634
-0.0314491503282051
-0.0246930172670578
-0.0171912230668656
-0.0093786859516089
-0.00174924766496976
0.0052427762701699
0.0112649191676921
0.0161513282224017
0.0198901577340975
0.0225494833042009
0.024173503678965
0.0247136371689229
0.0240506435769701
0.0221052236610032
0.0189688435663426
0.0149725197777233
0.0106607532486948
0.00670023028062207
0.00377110218111798
0.00246110371702227
0.00315714489187444
0.00593931254094107
0.0105128997715011
0.0162284031942098
0.022219741095223
0.0276419485017765
0.0319287124990924
0.0349532352208965
0.0370054743638167
0.0385945422781527
0.0401815010029298
0.0419708323354813
0.043830577808519
0.0453320491282973
0.0458627868135874
0.0447787356678737
0.0415812757405564
0.0360947881516567
0.0285919467048117
0.0198081147590234
0.0108211921346002
0.00282524254377776
-0.00313826608442051
-0.00641927333173564
-0.00690443885090576
-0.0050241880676111
-0.0016105638704676
0.00235484739037208
0.00601847915659365
0.00886346889124882
0.0107859704834994
0.0120258043942099
0.0129874670509825
0.014025509119568
0.0152793236203784
0.0166132882859073
0.0176654218352819
0.0179690676347038
0.0171037761429719
0.0148355636768117
0.0112068050322568
0.00654275077619977
0.00137076246788942
-0.00371088772078972
-0.00815737417679756
-0.0115552267285933
-0.0136522221933657
-0.0143613557320279
-0.0137541745688909
-0.0120365109557266
-0.00949065080503254
-0.00638883118712366
-0.00292015853370511
0.000813735166894892
0.00471867360594821
0.00859571318953514
0.0120820952699555
0.0146977630870511
0.0159830848799156
0.0156649979392554
0.0137772255901517
0.0106757165474748
0.00692748159724138
0.00310797579986083
-0.00040311009100964
-0.00352572150768118
-0.00643229977894298
-0.00938518153921733
-0.0125542321582065
-0.015902381086239
-0.0191673170011935
-0.0219161187643363
-0.0236442232582104
-0.0239082150473788
-0.0224771662468543
-0.0194556543069289
-0.0153156845921163
-0.0108054343289536
-0.00676196618384383
-0.00389899749828555
-0.0026421786240947
-0.00305075162213262
-0.00482683920778701
-0.0073962224576397
-0.0100433560085916
-0.0120793964268845
-0.0130100182888513
-0.0126612095657258
-0.0112244619009638
-0.00919827246187472
-0.0072310782572246
-0.00590673875568656
-0.00554004817881717
-0.00605060434206915
-0.00696095574978021
-0.00753115361705393
-0.00700079228248743
-0.00486402122636042
-0.00107319404057077
0.00391727803963446
0.00928953121719738
0.0141257386607486
0.01768906124664
0.0196155512960786
0.019955389298721
0.0190686484116356
0.017438597370979
0.0154867425078076
0.0134540232676451
0.0113730826056233
0.00912215477197605
0.00653119477884691
0.00350189448834049
0.000101785131805942
-0.0033991518093881
-0.00656185989473445
-0.00887142813712472
-0.00986513758617941
-0.00926587990197675
-0.00708967188574942
-0.00369272679872789
0.000271124346901921
0.00398560541632104
0.0066617611054417
0.00771460243848133
0.00686297157680045
0.0041254756325366
-0.000267637823454993
-0.00599414603683801
-0.0127348448517229
-0.0202117340546415
-0.0281724627608433
-0.0363485081166281
-0.0444172483347067
-0.0519858232313445
-0.0586019283429987
-0.0637911089455379
-0.0671190028444756
-0.0682745560898901
-0.0671628700652613
-0.0639828529672093
-0.0592509374200343
-0.0537339787779402
-0.04828593708094
-0.0436348121136836
-0.0402053541389809
-0.0380568792944065
-0.0369599133439491
-0.036562839859128
-0.0365595349142704
-0.0367876334414934
-0.0372427772056063
-0.0380376324900658
-0.0393377081551989
-0.0412845926913282
-0.0439060694280293
-0.047028869958882
-0.0502369462354506
-0.0529205438560904
-0.0544227740771452
-0.0542377324211209
-0.052189389002523
-0.0485312075909319
-0.0439276717842063
-0.0393009362997827
-0.03556819522249
-0.03335888683008
-0.0328361501690937
-0.0337035663095008
-0.0353760757039459
-0.0372132124003526
-0.0387093075937337
-0.0395911945574092
-0.0398329414484008
-0.0396215454867624
-0.03929594281904
-0.0392572820473438
-0.0398405064383741
-0.0411600402567801
-0.0429820627752639
-0.0446996960646718
-0.0454658162356985
-0.0444677885753431
-0.0412449881608317
-0.0359101477820236
-0.0291702886390918
-0.0221307629922964
-0.0159566292933798
-0.0115192345268498
-0.00915584738941927
-0.00861962173443765
-0.00921913394208239
-0.0100787178592168
-0.0104228238682592
-0.00980092963819368
-0.00820059813079932
-0.00602405396986559
-0.00392966534884052
-0.00257641490100306
-0.00235211206729304
-0.00318702034665446
-0.00452906259826205
-0.00549070580127105
-0.00510700054477542
-0.00260829541885438
0.00237688048502514
0.0097329891337972
0.0188894035102973
0.0289586995739056
0.0389518718536308
0.0480184056792493
0.0556362175144435
0.0616795575944372
0.0663392914488265
0.0699417127495481
0.0727619872921038
0.0749177365330702
0.0763645020235796
0.0769504793184773
0.076474953059271
0.0747339178972799
0.0715752833199493
0.0669778039274987
0.0611261572149548
0.0544352365052351
0.0475048661435075
0.0410276717875457
0.0356854172713059
0.0320535347729511
0.0305186498768092
0.0312144627623351
0.0339905432183196
0.0384334388435439
0.0439487097254387
0.0498850392137318
0.0556552423413966
0.0608071778070067
0.0650251470577212
0.0680809113646101
0.0697766491751084
0.0699157818871885
0.0683110675626886
0.0648174110365548
0.0593744880443842
0.0520514848992456
0.0430838992129157
0.0328816556994391
0.0219902096072623
0.0110109771997447
0.000514295634606665
-0.00901870647176548
-0.0172113284520699
-0.0237757263999928
-0.0284882160872177
-0.0311713404307737
-0.0316929119550036
-0.0299908367247303
-0.0261227722738026
-0.0203182320907641
-0.0129979474056037
-0.00473926891516944
0.00380269162792981
0.0119853213444739
0.0192455168088094
0.0251266426547012
0.029275861011505
0.0314416097679302
0.031495910486665
0.029478235360261
0.0256304864814968
0.0203903191537515
0.0143340440606283
0.00809052421857142
0.00226124087762211
-0.00262950191545639
-0.0061559444696748
-0.00800377863897034
-0.00799085951510658
-0.0060931026612543
-0.00245829285901833
0.00260792094815086
0.00868393318412125
0.015283223762632
0.0218897534389513
0.0279718635546877
0.0330010538359515
0.0365113307650386
0.0381997836904361
0.0380188756478065
0.0361998970773167
0.0331903468112687
0.0295426858473761
0.0258074961871126
0.0224566996439204
0.0198303386319185
0.0180971800007193
0.0172410948835645
0.017097878250766
0.0174448001363811
0.018102312135687
0.0189882811578432
0.0200939981468457
0.02140363764552
0.0228118754168409
0.0240907610572558
0.024928311452392
0.025024133110196
0.0241960250243091
0.0224431828203432
0.0199348104575395
0.016933379696805
0.0136934059325348
0.0103827514145279
0.00705473956759338
0.00367118488897157
0.000158467165951929
-0.00352321184998643
-0.00731622271028469
-0.0110327376915751
-0.0143797163862607
-0.0170468173306157
-0.0188243432027351
-0.0196952559455851
-0.0198546309642035
-0.019640036303285
-0.0193924344038929
-0.0193045566356612
-0.0193354434940841
-0.0192443324911012
-0.0187235236783919
-0.0175448741401499
-0.0156393690689762
-0.0130962821982213
-0.0101273325470838
-0.00703795232954988
-0.00420009658014945
-0.00199087347617156
-0.000684458597573895
-0.000336995212739302
-0.000731588674005047
-0.00142474221737941
-0.00187840215759847
-0.00162023778022899
-0.00037597719050643
0.00185259262147956
0.00476744553048157
0.00781665029391234
0.0103102275705591
0.0116029289681827
0.0112970794578435
0.00938955918136843
0.0062985281965017
0.00275386172303378
-0.0004095665541835
-0.00248435435530314
-0.00307755034098888
-0.00220244196529424
-0.000252560943401303
0.00213743597638824
0.00430830098015855
0.00580180757002201
0.00651085501324752
0.00669176451287382
0.00683619238622717
0.00746283617195386
0.00891686307181421
0.0112506381307177
0.0142209492465539
0.0173929489261982
0.0203026038044385
0.0226131676793604
0.0242142535718809
0.0252412899838609
0.0260177846539266
0.0269368902507407
0.0283118623050503
0.0302427582222703
0.0325575593691389
0.0348688694815238
0.0367349171151947
0.0378517088031723
0.0381808552915946
0.0379582416414775
0.0375969194947176
0.0375372006786647
0.0380953358549474
0.0393498406051228
0.0410999749382498
0.0429197197625909
0.044298218380786
0.0448158442592012
0.0442821197526307
0.0427779410637971
0.0405949614954529
0.0381181085251502
0.0357161774533144
0.0336795835981498
0.0322004796083149
0.0313684059613788
0.0311694170786793
0.0315038301933621
0.0322392533242538
0.0332830326350036
0.0346266787717817
0.0363249163716507
0.038422127328207
0.0408827982079695
0.0435765506072783
0.0463182147482844
0.0489194646292788
0.0512119584402716
0.0530421780672307
0.0542697486439947
0.0547948223747982
0.0546078073166958
0.0538287816549838
0.0527057876748818
0.0515672701300927
0.0507520894561903
0.0505479259005716
0.0511507945842652
0.0526344968766568
0.0549161348848582
0.0577273894288323
0.0606251232158489
0.063068360452831
0.0645503749029822
0.0647359123766262
0.0635485808179291
0.0611841276379577
0.0580591184953961
0.0547130367123907
0.0516750970827855
0.0493148494540998
0.047721201970586
0.0466672380845331
0.0456921881739246
0.044276556365358
0.042037677297448
0.0388636602313873
0.0349397807272332
0.0306768741646559
0.0265871466933363
0.0231518849382972
0.0207076482435727
0.0193706026256237
0.0190206418240602
0.0193541199027384
0.01998412741295
0.0205483891756215
0.0207947158453818
0.0206343745540694
0.0201592201815428
0.0196118368168897
0.0193027647263539
0.019494008455544
0.0202936312127882
0.0216061415109749
0.0231550151137205
0.024560771035794
0.025443539888569
0.0255225970742004
0.0246914620878725
0.0230490769417698
0.0208730704113211
0.0185382514434449
0.0164075965738184
0.0147381178842496
0.0136362596222488
0.0130694893326078
0.0129119518317145
0.012992503125888
0.0131271304041025
0.0131404136430343
0.0128923877070674
0.0123191491394727
0.0114763818182918
0.0105612237256609
0.00989071297393789
0.00983378435154771
0.0107168893305153
0.0127356070987826
0.0158991575438557
0.0200185747264381
0.0247349875530674
0.0295771995211206
0.0340348573725151
0.0376337591978249
0.0400052060986823
0.0409475969266949
0.0404750476056223
0.0388341035498902
0.0364642030176582
0.0338977050072834
0.0316299505804728
0.0300077716779946
0.0291715083465974
0.029057897048342
0.0294528867286718
0.0300784467625789
0.0306937036894632
0.0311817858208788
0.0315886558115004
0.0320927357398195
0.0329147475649765
0.0342081824884175
0.0359801239719877
0.0380721774858846
0.040195792194695
0.0419908295285898
0.0430786509628006
0.043105871566447
0.0417965832090284
0.0390259231327053
0.034898583922624
0.0297898388711769
0.0243102942063085
0.0191883071448871
0.0151018362761267
0.01251237930576
0.0115523075343728
0.0119990122588791
0.013342895223551
0.01492911642111
0.0161309868318592
0.0165008862440662
0.0158500366478059
0.01423644421188
0.0118814036915434
0.00906471987289248
0.00604652351949523
0.0030322905421008
0.000164389805057002
-0.00248314257115291
-0.00490653026091398
-0.00714595838919732
-0.00921433138144977
-0.0110078193596693
-0.0122629506927129
-0.0126105108769035
-0.0117089211479357
-0.00937702361060746
-0.00565056882639355
-0.000754855159765061
0.00495242076554674
0.0110185311706084
0.0169178836283046
0.0221000046915674
0.0260833154815051
0.0285623796205634
0.0294694364867066
0.0289563314528924
0.0273155069469384
0.0248920722188159
0.0220285181597805
0.0190433549566912
0.0162122523254705
0.0137259001320457
0.0116397502539802
0.00986624441977004
0.00824501019638905
0.0066624332581301
0.00513914452271124
0.00382268360938852
0.0029008969396829
0.00251087148845546
0.00270082516724743
0.00343664437487541
0.00460777920495211
0.00601401650499338
0.0073632223991811
0.00831845845694601
0.0085921526509692
0.0080411898695528
0.00671113390527811
0.00480846563565579
0.00261882315852874
0.000413738803391408
-0.00161173149432547
-0.003352595106112
-0.00477492929411207
-0.00589594745882381
-0.0067742245654893
-0.00748581813805363
-0.00805852040947743
-0.00838242296993755
-0.00816632609156936
-0.00700288912757576
-0.00453381818918905
-0.000632889280731691
0.00448721450934671
0.0102890144435995
0.0160292638528022
0.0209330738282081
0.024368220260615
0.0259742848822663
0.0257178733140487
0.0238654454866735
0.0208838659622857
0.0172933976127446
0.0135120304036153
0.0097424389356711
0.00595079991125354
0.00195750286713739
-0.00239230807287484
-0.00705933233054086
-0.0117324436137152
-0.0158849967433102
-0.0189275963587272
-0.0203711903272998
-0.0199361784635843
-0.01760319653293
-0.0136295519552048
-0.00852968997017741
-0.00298918701198365
0.00229590830179282
0.00680161703005338
0.0102921026682933
0.0128117386254383
0.0145686105153291
0.0157797235767876
0.0165491169743214
0.0168144940821612
0.0163678554316583
0.0149465432327799
0.0123799295387925
0.0087450833707257
0.00445686051164945
0.0002352066489733
-0.00304647635653945
-0.00457270415011604
-0.00378700331913751
-0.000534425371671246
0.00488301697083137
0.0117571750153394
0.0191317042236897
0.026030144108089
0.0316798902575592
0.0356531714330246
0.0378844747404262
0.0385812456339712
0.0380837177590727
0.0367318781161535
0.0347747012523781
0.0323334638089512
0.029419442693821
0.0259988790936545
0.022082434177351
0.0177976422454877
0.01340387433458
0.00924100924137761
0.00564271642599946
0.00285886059556201
0.0010132629985952
9.8197361041563e-05
-3.28088442967765e-06
0.000523003985888799
0.00146517753991583
0.00260890445214659
0.00373153829089303
0.0045858372196757
0.00490874763883015
0.00446944496115444
0.00313069603513339
0.000882922923295089
-0.00216597710613626
-0.00583200260228862
-0.00990753919299498
-0.0142119228610935
-0.0186265251229212
-0.0230967177320583
-0.0275943641481563
-0.0320590998539212
-0.0363507633872541
-0.0402363639562143
-0.0434156378238937
-0.0455766653532401
-0.0464687025215766
-0.0459745522516148
-0.0441575567105325
-0.0412591394958448
-0.0376408980766559
-0.033691953111386
-0.0297371631343376
-0.02597580212188
-0.0224642272293862
-0.0191443808808399
-0.0159134138551246
-0.0127189219905268
-0.00964763573146888
-0.00696644316807787
-0.00508804075381115
-0.00446719002357265
-0.00546805064469983
-0.00825639538255863
-0.0127539137236947
-0.0186567165788535
-0.0254917060752965
-0.0326817568132718
-0.0396081326658287
-0.045671141459739
-0.050342986280126
-0.0531962760812978
-0.0539038326034418
-0.0522356115650963
-0.0480889348826536
-0.041556079563003
-0.0329863450970603
-0.0229867094587381
-0.0123395611900344
-0.0018652049199129
0.00771770169314791
0.0158871800536702
0.0223436072804294
0.0269654207267538
0.0297203220345946
0.0305780598603563
0.0294687686262225
0.0263047610336903
0.0210550073090119
0.0138445619174918
0.00503918710022206
-0.00473332202262529
-0.0146606677118255
-0.0239124284733984
-0.0318308326940074
-0.0380604358341675
-0.0425632851044225
-0.0455282254558785
-0.0472307440399574
-0.0479077958413001
-0.047688874871218
-0.0465925946276648
-0.0445723498702065
-0.0415821218536972
-0.0376372064882211
-0.032858798048991
-0.0274993148722678
-0.0219376511663231
-0.01662661590663
-0.0119932256152927
-0.00833005470712738
-0.00573449222730844
-0.00412754220869746
-0.0033343348512765
-0.00317695315340257
-0.00353624680648211
-0.00436706418489969
-0.00567544543344185
-0.00747683600967816
-0.00975432614434612
-0.0124296880643404
-0.0153524126052066
-0.0183089886658951
-0.0210555534384442
-0.0233723634176153
-0.0251245091326975
-0.0263020307112569
-0.0270189982243266
-0.0274724478295612
-0.0278792910176844
-0.0284103345453674
-0.0291342370393189
-0.0299850969484172
-0.0307721064681231
-0.0312407855218524
-0.0311683289083186
-0.0304512848065999
-0.0291458909158636
-0.0274490328333853
-0.0256375175760996
-0.0239955890244652
-0.0227557570404654
-0.0220667054009131
-0.0219892725726241
-0.0225081618312767
-0.0235405734886495
-0.0249318575678344
-0.0264465385376022
-0.0277736204455856
-0.0285596348385543
-0.0284684451789297
-0.0272541728543827
-0.0248273048928247
-0.0212934820800319
-0.0169499080867587
-0.0122377615582548
-0.00766714128860815
-0.00374121027287826
-0.000897249417301162
0.000538305298493951
0.000393500331241537
-0.00130690761041765
-0.00432085553564284
-0.00821424269036023
-0.0124400287054432
-0.0164574194405137
-0.0198604406150135
-0.0224717962516264
-0.0243550062379939
-0.025724676972538
-0.0267912878124025
-0.0276234435757115
-0.0281025651064766
-0.0279848900815163
-0.0270234776369491
-0.0250836224834247
-0.0222078778849614
-0.0186199355752781
-0.0146778167522278
-0.0107973597838011
-0.00737256757373387
-0.00471662351151749
-0.00303347280925113
-0.00241404098228835
-0.00284663727167549
-0.00423809939831513
-0.00644725482060486
-0.00932578428268959
-0.0127507190188225
-0.016632133962545
-0.0208924598966701
-0.0254289654939205
-0.03007759349676
-0.0345954901522859
-0.0386762225242828
-0.0420032584045634
-0.0443296664121548
-0.0455534767924786
-0.0457553468250611
-0.0451830319569083
-0.0441919943128532
-0.0431668177637863
-0.0424498892911421
-0.0422967756417183
-0.042864970679064
-0.0442265312223672
-0.0463836658191279
-0.0492689675525617
-0.0527272814179988
-0.0564922484636376
-0.0601783534008767
-0.063307922004237
-0.0653814261220311
-0.0659778876925856
-0.0648496687734983
-0.0619712476934887
-0.0575238438214869
-0.0518337442709818
-0.0453053654200029
-0.0383819001439245
-0.0315333309613557
-0.0252432134356536
-0.0199683886859567
-0.0160750374970256
-0.0137800153438762
-0.0131265648432548
-0.0140036576014016
-0.0161960957303054
-0.0194402018690691
-0.0234618950835255
-0.0279880077268173
-0.0327380660846248
-0.03741166457714
-0.0416837757014803
-0.0452135773487923
-0.0476696198983048
-0.0487753491567766
-0.04837345289986
-0.0464882295171279
-0.0433476147732643
-0.0393372545489142
-0.034898894727055
-0.0304207789751486
-0.0261690007981112
-0.0222814706823588
-0.018815623139326
-0.0158215348024418
-0.0134037829229063
-0.0117385498148109
-0.0110314327867536
-0.0114339116876675
-0.0129654695484302
-0.0154890027256729
-0.0187509862655159
-0.0224528791529275
-0.026309015332535
-0.030074556727487
-0.0335554953470569
-0.036611978880816
-0.0391542097033649
-0.0411331787443053
-0.0425368989868358
-0.0433941234003823
-0.0437706349735269
-0.043746072975831
-0.0433830980978583
-0.0427152345723642
-0.0417651035850631
-0.040577271622989
-0.0392393803616781
-0.037878966929389
-0.0366418946797989
-0.035662088938704
-0.0350244726590084
-0.0347217829662281
-0.0346185369197955
-0.0344474982008062
-0.0338573532876388
-0.0325049230826064
-0.0301588591555477
-0.0267720466701149
-0.0224923359906512
-0.0176087754711092
-0.0124582399761252
-0.00733122100827127
-0.00241210107670837
0.0022260808478331
0.00657442377740473
0.0106145279119702
0.0142586518860079
0.0173349691423796
0.019619522881104
0.0208888313755359
0.0209634595644284
0.0197308876521513
0.0171544178186543
0.0132792510625702
0.00824072940182779
0.00227253099125377
-0.00429163019103075
-0.0110302987611785
-0.0174658646571034
-0.0231160205352668
-0.0275595549255062
-0.0305036691399406
-0.031833184698225
-0.0316208339163497
-0.0300880115567384
-0.0275270458734393
-0.0242192973017595
-0.0203909765612236
-0.0162296179893684
-0.0119480736466185
-0.0078546595117736
-0.00438552782749738
-0.00207446759772024
-0.00146069685946577
-0.0029583641468356
-0.00673064454841633
-0.0126182590874669
-0.0201553332969762
-0.0286682823168196
-0.0374176618230817
-0.0457297209934258
-0.0530783157421219
-0.0591075453116138
-0.06361280517501
-0.0665090886398923
-0.0678089901877686
-0.0676182537193613
-0.0661441129086601
-0.0637050149019467
-0.0607275291346598
-0.0577153143902077
-0.0551798034050526
-0.0535390980724866
-0.0530161250592391
-0.0535794015747644
-0.0549531733992512
-0.0566889731140064
-0.0582679601405859
-0.0592063015148812
-0.0591474177228201
-0.0579267218834245
-0.0555924980053763
-0.0523753087238974
-0.0486154061815162
-0.0446711100116914
-0.0408380191438671
-0.0373087567514509
-0.0341874119040809
-0.0315422402004303
-0.0294581898483758
-0.0280595255247097
-0.0274994064676119
-0.0279258071107009
-0.0294272899656216
-0.0319641144908034
-0.0353096352644296
-0.039037849541724
-0.042574899385642
-0.0453028383006476
-0.0466902166957464
-0.0464246118728946
-0.0445178292085475
-0.0413423891147044
-0.037558704151411
-0.0339270817816315
-0.03106174562239
-0.0292343975785494
-0.0283242055517413
-0.0279348971853841
-0.027611684979058
-0.0270531254337274
-0.0262369302012628
-0.0254270283294391
-0.0250682740655555
-0.0256039138027911
-0.0272772352359091
-0.0299921572663782
-0.0332907275012945
-0.036462371772213
-0.0387525896152192
-0.0396041750001361
-0.0388470136183192
-0.0367597062349819
-0.0339659061018983
-0.0311937001690771
-0.0289894260419061
-0.027502942010157
-0.0264321407260236
-0.0251457444186444
-0.0229324777509256
-0.0192816956068015
-0.0140933936902234
-0.00774102638580563
-0.00096310840756721
0.0053766557889699
0.0105725131088782
0.014301004292569
0.0167063131798877
0.0183153478512782
0.0198142323038878
0.0217719096961678
0.024415199915101
0.0275357601963135
0.0305605138184075
0.0327625848617192
0.0335383022438989
0.0326423034768662
0.0302839506913115
0.0270516927445758
0.0237119562518753
0.0209737757183863
0.0193003807346039
0.0188093784302536
0.0192702707009237
0.0201931762517154
0.020990021676428
0.0211655580741027
0.0204733135226675
0.0189781639749292
0.0170084872928976
0.015029279452517
0.0134907270141548
0.0126989518224401
0.0127347637181923
0.0134295541012263
0.0144002476139574
0.0151417769048483
0.0151638478679515
0.0141354327703696
0.0119828399420722
0.00889836952162571
0.00525770593635243
0.00148952236250165
-0.00204221219981773
-0.00510569400144811
-0.00762107448107455
-0.00965432018978402
-0.0113927644865024
-0.0130904798841946
-0.0149800146235043
-0.0171789309297732
-0.0196368180620846
-0.0221461457578607
-0.0243989737967486
-0.026053735222411
-0.0267950942884239
-0.0263942545767104
-0.0247741593757198
-0.0220608638422971
-0.0185922722759299
-0.0148713341215919
-0.0114723309558002
-0.00891797317044074
-0.00755121979147798
-0.00744085468636151
-0.00836635126798678
-0.00989892333368644
-0.0115422561651151
-0.0128644844910585
-0.0135718148320483
-0.0135216226842056
-0.0127028434937756
-0.0112052520993072
-0.00917896124463648
-0.00678196173915147
-0.0041300688980658
-0.00127552754462691
0.00177278783303412
0.00500389828186481
0.00836687835769799
0.01176186544011
0.015054689625642
0.0180950512925323
0.02072633583065
0.0227935869624215
0.0241638416756945
0.0247619071511319
0.024606073800939
0.0238220483680714
0.0226291601618744
0.0213165936053419
0.0202304243319534
0.0197649826115639
0.0203245186240498
0.0222327771015475
0.0256165622591714
0.0303267835818218
0.0359466928479791
0.041884364197122
0.0475033565504015
0.0522431576703454
0.0557062557083969
0.0577082449708042
0.0582881895127328
0.0576740851282612
0.0562095343929109
0.0542663866455763
0.0521733489797659
0.0501755105442284
0.0484203853533277
0.046960371935541
0.0457694227376733
0.0447800233125138
0.0439426337600487
0.043290493936197
0.0429729139905332
0.0432258293030911
0.0442855250007795
0.0462891368087891
0.049208110945515
0.0528312797555503
0.0567877059945087
0.060595730301926
0.0637288700016297
0.0656856731172326
0.0660507210851582
0.0645497276238886
0.0611118669006947
0.0559290960591375
0.0494636281834982
0.0423551066689741
0.0352383362889419
0.0285534449293227
0.0224479606001109
0.0168181927406397
0.0114577060086242
0.00622883342059562
0.0011729434548527
-0.00348519466798207
-0.00742867730517872
-0.0103791058273965
-0.012197489930617
-0.0129174076372271
-0.0127226479326359
-0.0119045745310145
-0.0108154323047494
-0.00981012607211447
-0.00917817669431719
-0.00909322535830486
-0.0096053324835694
-0.0106671443413445
-0.0121614684513371
-0.0139132098503169
-0.01570030871964
-0.0172867349588375
-0.0184779715490266
-0.0191726035183894
-0.0193802215111853
-0.0191974489532862
-0.0187588487692707
-0.01818649133513
-0.0175509354007923
-0.0168454502923855
-0.0159776416195502
-0.0147902164379847
-0.0131169429666582
-0.0108564168612313
-0.00802429104161652
-0.00475004082874829
-0.00122072072904666
0.00238708836209374
0.00594055038838048
0.00933639081074964
0.0124684884838037
0.0152186762014155
0.017486643446587
0.0192380940822971
0.020535393207508
0.0215301439032676
0.02242277218853
0.0234074199810266
0.0246176180432843
0.026081882045192
0.0276992764639217
0.0292504152625864
0.030455259497193
0.0310652188568087
0.0309462121278242
0.030104239161276
0.0286429735278021
0.0266966045875674
0.0243993433233623
0.0219133208503489
0.0194726305849618
0.0173742364875445
0.0158871452992561
0.0151264052281289
0.0149796633240556
0.0151441434310018
0.0152590616916882
0.0150625418342462
0.0144985464725224
0.0137376672801281
0.0131185192864736
0.0130349889358086
0.0137930023687026
0.0154669135519454
0.0178100569537033
0.0202838438308743
0.0222253827314385
0.0230885973800474
0.0226383118577921
0.0210058159212706
0.0186038027131106
0.0159694923195894
0.0136093412133249
0.0118824180896071
0.0109347880642427
0.0106969391998363
0.0109515395016275
0.0114512633215855
0.0120364373129184
0.0127011281136587
0.0135876721352284
0.0149272490694935
0.0169600951367876
0.0198589396152184
0.0236626308198044
0.0282251268830848
0.0331981586686275
0.0380722146372182
0.042281497608068
0.0453417387245289
0.0469638982145503
0.0470949541694842
0.0458758747173182
0.0435492732992807
0.0403664064615218
0.0365284137807107
0.0321687961474824
0.0273664265718852
0.0221767027238877
0.0166719828484347
0.0109817927169069
0.00532020838999805
-1.19983909069955e-05
-0.00465830591915965
-0.00827016827064759
-0.0105898474109168
-0.011522911576919
-0.0111666622151025
-0.00978016310764061
-0.00771418150863011
-0.00533641987729197
-0.00297456181945886
-0.000875968422322305
0.000822563776901666
0.00210637440962215
0.00305760480972888
0.00379088697141303
0.0043781441611144
0.00480420456172508
0.00497686508677798
0.0047808677522459
0.00414367178763746
0.00308538151268973
0.00174376402564705
0.000375933458752686
-0.000666910176319521
-0.00100161463507959
-0.000310259963447958
0.00155676762753713
0.00451849652116503
0.00827587359646609
0.012397266860559
0.0164417879309783
0.0200730805508402
0.0231261162063834
0.0256109964308501
0.0276597138679126
0.0294382357871916
0.031055424940037
0.0325008039941462
0.0336330678640216
0.0342225970061352
0.0340318552125771
0.0329051811191938
0.0308370741882569
0.0279963030642609
0.0247006441234756
0.0213556514960569
0.0183791485484523
0.0161291095460823
0.014846155688239
0.0146209749973603
0.015397400456772
0.0170144484536393
0.0192742865342789
0.0220079839998332
0.0251093581363105
0.028522645169138
0.0321935508109486
0.0360120821375007
0.0397798290761718
0.0432218348244946
0.0460397373537915
0.0479812073501823
0.0488937712272277
0.0487425650845705
0.047592984648642
0.0455767016145534
0.0428633546488374
0.0396501272907322
0.0361653935499206
0.0326710667034652
0.0294479297834017
0.0267586186152344
0.024797311916252
0.0236456001957631
0.023255519037467
0.0234709532012635
0.0240792436361558
0.0248671368552665
0.0256552903691067
0.0263060762975555
0.0267219016097883
0.026853761767694
0.0267200200607634
0.0264131204394998
0.0260707873847084
0.0258150067578736
0.0256963286058337
0.0256876611236515
0.0257359727100206
0.0258316704874614
0.0260416688308867
0.0264858607226245
0.0272818031986504
0.0284974750115744
0.0301320584387498
0.032116992809884
0.0343206191171403
0.0365525911002889
0.0385798517475578
0.0401643556494451
0.0411148692829623
0.0413320523461929
0.0408325021940269
0.039753108888315
0.0383408061210681
0.0369226575467698
0.035846917505803
0.0353998372596268
0.0357233737375664
0.0367659974421472
0.0382882801640157
0.0399257830419622
0.0412922373634257
0.0420917604755792
0.0422058917736856
0.0417307493685492
0.0409541808575521
0.0402755529786176
0.0400848314517878
0.0406373743561839
0.0419761458609692
0.0439425923195266
0.0462751566266692
0.0487450047534921
0.0512584349624416
0.0538788526154653
0.0567682232281434
0.0600850797709347
0.0638854471344922
0.0680609000017117
0.0723303154185816
0.0762861442771834
0.0794801378036676
0.0815188588093161
0.0821368189537731
0.0812319879312594
0.0788729953551624
0.0752963350876626
0.0708971057051483
0.0661970954196043
0.0617741765173139
0.0581595802587954
0.0557341419887891
0.0546608078986307
0.0548757120760771
0.0561352378463717
0.0580954597213473
0.0603924182179844
0.0626990327239889
0.0647508631861596
0.0663463603658201
0.0673305732034126
0.0675702186545973
0.0669320919118496
0.0652833189526199
0.0625272610173683
0.0586671177387371
0.0538633618639108
0.0484423284943347
0.042832901221559
0.0374484509776316
0.0325678648039507
0.0282757630093301
0.0244891704917821
0.0210476581009152
0.017813087454198
0.0147324761002417
0.0118486885888263
0.00927006183187069
0.00711841644383084
0.00547339803891935
0.00433120061869599
0.00359562845658389
0.0031081129450769
0.0026993495868306
0.00222747062030978
0.00157919680789373
0.000648392947868781
-0.000664887519458931
-0.00240724983097416
-0.00450073932294586
-0.00671020184957607
-0.00869588581419077
-0.0101371753450508
-0.0108595084782852
-0.0108938805241589
-0.010445562024122
-0.00980408418282348
-0.00924709376294365
-0.00896983556013502
-0.00904179234221408
-0.00938578084182911
-0.00979081384384542
-0.00997663802763001
-0.00970297671122614
-0.00887609239318041
-0.00759003997843486
-0.00607358502695526
-0.0045749334738054
-0.00325550069344408
-0.00214922937988208
-0.00119065761257894
-0.000268969815815279
0.00073848775694521
0.00196478285453119
0.00355702598863562
0.00565111778379222
0.00831357781747343
0.0114839624130052
0.0149607173327697
0.0184453506553888
0.0216198834744777
0.0242160204168066
0.0260528632010357
0.0270499986585017
0.0272321698825212
0.0267252590000001
0.0257272246208057
0.0244470131089465
0.023032936493106
0.0215295674137359
0.0198892833302038
0.0180311184014921
0.0159116622496332
0.0135689795010951
0.011121111098574
0.00872990946686504
0.006557344567752
0.00473415877149443
0.00334050421143118
0.00238716371272627
0.00179412641738629
0.00137909871172275
0.00087419232524834
-2.13766253873528e-05
-0.00156390303536891
-0.00389071242645831
-0.00698003361244687
-0.0106641187001595
-0.0146902359075585
-0.0188013413328443
-0.0228008403374362
-0.0265781411639819
-0.030094875868603
-0.0333506805464309
-0.0363514719941048
-0.0390923490845911
-0.0415518604379844
-0.0436868961214678
-0.0454232456347347
-0.04665011998707
-0.0472342005866562
-0.0470595297392469
-0.0460782567993693
-0.0443432335689478
-0.0420024964843749
-0.0392610699214598
-0.0363336964350168
-0.0334091675282562
-0.0306325716088374
-0.0281025289012809
-0.0258785370795467
-0.0239915200917385
-0.0224491756202128
-0.021233701676046
-0.020299797088453
-0.019582231898601
-0.0190108556733586
-0.0185204873677133
-0.0180477000291328
-0.0175206574628606
-0.016854200722157
-0.0159549988613988
-0.0147338490105718
-0.0131239934712682
-0.0111068774333327
-0.0087384752647109
-0.00615736467344942
-0.00355818212940577
-0.00113413290087562
0.000986434135863704
0.00277809032570496
0.00431183744657639
0.00570885679762281
0.00708224214402407
0.00849939766794627
0.0099778897597205
0.0115001334636458
0.0130243133953603
0.0144852731831585
0.0157974702541119
0.0168714912041159
0.0176392050014865
0.0180702301180136
0.0181677226673655
0.0179488139183439
0.0174264508207695
0.0166049384961406
0.0154884770503781
0.0140927214900875
0.0124478314837121
0.0105868789366906
0.00852521691736866
0.00624760859162322
0.00371844226086215
0.000914203463732017
-0.00213991648326112
-0.00535154876761415
-0.00857309051703267
-0.0116412409400403
-0.0144285827861032
-0.016884123430938
-0.0190414601287096
-0.0209889310345727
-0.022819818042584
-0.0245934186455704
-0.0263256574228877
-0.0280011897743736
-0.0295846502544919
-0.0310202575599241
-0.0322304868125623
-0.0331297174701259
-0.0336517913032378
-0.0337721453710105
-0.0335075476189107
-0.0328957180128753
-0.031971216526563
-0.030751663450617
-0.0292379183829679
-0.0274252214338481
-0.0253229667069268
-0.0229831632350488
-0.0205320365897675
-0.0181852717924949
-0.0162232732270491
-0.0149250224810727
-0.0144916966384337
-0.0149975544187362
-0.0163781199968488
-0.0184396503554564
-0.0208787291896949
-0.0233202670446924
-0.025380978143759
-0.0267412679353021
-0.0271949012014622
-0.0266639445252908
-0.0251941273921392
-0.0229478737501864
-0.0201893335411739
-0.0172420676968774
-0.0144169878173056
-0.0119376473014514
-0.0098988692937855
-0.00827451831619651
-0.00696313349778678
-0.00584817469296365
-0.00485177176836354
-0.00396633112988218
-0.00325657303513269
-0.0028381615308116
-0.00285005917987378
-0.00343544044588855
-0.00473144512446777
-0.006854089409431
-0.00986596807321114
-0.0137333038482547
-0.0182980323837342
-0.0232889271842041
-0.0283733542965655
-0.0332287817687743
-0.0376074677234342
-0.0413755063640739
-0.0445153875081783
-0.0470881270363614
-0.0491675764928805
-0.0507818593424263
-0.0518992614401087
-0.0524662751699861
-0.0524696265457626
-0.0519844725304796
-0.0511877162524637
-0.0503355631865056
-0.049714767334337
-0.0495814481985786
-0.0501052734736945
-0.0513371059072796
-0.0532083927409277
-0.0555525528232816
-0.0581287637021245
-0.060642675810899
-0.0627839940646952
-0.0643004048610956
-0.0650891554247776
-0.0652518953428447
-0.065069207095963
-0.0648998274343716
-0.0650508346514531
-0.0656726507881155
-0.0667144451433765
-0.0679497340524463
-0.0690590956322739
-0.0697398311185351
-0.0698031861042919
-0.0692235479929566
-0.0681242470078346
-0.066713373262153
-0.0652030399129776
-0.0637452072608844
-0.0624005806177297
-0.0611379943172811
-0.0598524381041197
-0.0583936775295534
-0.056605930345457
-0.0543796905014665
-0.0517063409245421
-0.0487145789324664
-0.0456662293596061
-0.0428999943068918
-0.0407311900614354
-0.0393388161614628
-0.038688742099506
-0.0385368688688229
-0.0385202986441849
-0.0382951447389494
-0.0376525453082861
-0.0365621597326897
-0.035140758885107
-0.0335836052606135
-0.0321004373301539
-0.0308734704773285
-0.0300321523356063
-0.0296369610590059
-0.0296734341728627
-0.0300610066286294
-0.0306766022033899
-0.0313876082577631
-0.0320853437260292
-0.032707114747399
-0.0332358893459975
-0.0336763142471487
-0.0340203023631137
-0.0342230690077634
-0.0342050256712073
-0.0338815758951202
-0.0332087268120876
-0.0322210349311485
-0.0310373554786849
-0.029827279851246
-0.0287568220705431
-0.0279415474056394
-0.0274224481613411
-0.0271639549690222
-0.0270696473394262
-0.0270130150095555
-0.0268782993673853
-0.0266013316901307
-0.0261961257631212
-0.0257513454501913
-0.0253872756139153
-0.025183050387763
-0.0251056872283386
-0.0249775190832353
-0.0244994213867757
-0.0233174338870286
-0.0211016350184711
-0.0176098903226874
-0.0127289311337459
-0.00650231206714146
0.000846636171263951
0.00890657822177777
0.0171088799040122
0.0248129504387688
0.0314306689829438
0.0365433691466499
0.0399609074961125
0.0417017419794304
0.0419159103705679
0.0408001640067551
0.0385497163722019
0.035360448653816
0.031461423832323
0.0271413309067412
0.0227407602821275
0.0186070725728363
0.0150336257150986
0.0122131790120467
0.0102211203648963
0.00902258911787633
0.00849019206176695
0.00842814574878041
0.00860515356692544
0.00879149814607133
0.00878988341750951
0.00845685947459146
0.00771905232662911
0.00658118073208516
0.00511419452562403
0.00342216941428563
0.00160677003961594
-0.000248427604839577
-0.00206923155020618
-0.00377224900445121
-0.00525613845424155
-0.00641446125645122
-0.00716706309055659
-0.00749369500467425
-0.00745119607879645
-0.00716499350312395
-0.00679860667395915
-0.00651361212909152
-0.00643422995560277
-0.00662518082298433
-0.00708305340014434
-0.00773736179949949
-0.00845932762341872
-0.0090788266563289
-0.00940956494975404
-0.0092808687935162
-0.00857189496038387
-0.00723978974197759
-0.00533076704440817
-0.00296744652667234
-0.00031582688652297
0.00245641340829279
0.00521636507198105
0.00788529322713332
0.0104347911557834
0.0128640930299178
0.0151735539809235
0.017348814791417
0.019358856272449
0.0211643528791428
0.022737203516767
0.0240931250231906
0.0253248770035603
0.0266087838428142
0.0281649779934429
0.0301803136517568
0.0327270668913931
0.0357135157525624
0.0388887527962608
0.0419030638489486
0.0444013447125362
0.0461097129033129
0.0468796756894711
0.0466807325744698
0.0455604286055257
0.0436006263651272
0.0408902285947258
0.0375195370153703
0.0335885824735454
0.0292164318731543
0.0245434859318459
0.019728894175545
0.0149500409434877
0.010406622986555
0.00632343526219888
0.00294125254751874
0.000488922087735666
-0.000859304448232631
-0.00102750279082383
-6.84292318781027e-05
0.00182780630877963
0.00434938996926323
0.00710297172130188
0.00967555593612219
0.0117068050565715
0.0129488759341064
0.0132893264957906
0.0127299196113614
0.0113388660139721
0.00920565050630823
0.00642067299325892
0.00308715182351016
-0.000641026267040798
-0.00451386599854135
-0.00815982189104485
-0.0111071814622909
-0.0128611677761399
-0.0130152696494507
-0.0113521854513879
-0.00789343537221204
-0.00288537910851193
0.00326090309347879
0.0100489128135945
0.0169758539324367
0.0235991449872716
0.0295783995768677
0.0346849844261626
0.0387832505870763
0.0417979234308341
0.0436835578160893
0.0444083472480097
0.0439600981579376
0.0423746558191271
0.0397761495869833
0.0364098685794356
0.0326477657812093
0.0289543845882029
0.0258151827121481
0.0236444835784464
0.0226991250685601
0.0230226800161977
0.0244373730023608
0.0265906162388721
0.0290489184222458
0.0314126747670104
0.0334102974675901
0.0349346751252266
0.036012803121093
0.0367330564792015
0.0371691509438356
0.0373290390242393
0.0371388243916929
0.036463130206751
0.0351584327304003
0.0331422945982336
0.0304472263579042
0.0272330427825204
0.0237565147932094
0.0203183449467426
0.0172072865944388
0.0146484108009397
0.0127573004376346
0.011509061102834
0.0107376576071024
0.0101768762956353
0.00954122051496717
0.00862806561112767
0.00740469862025212
0.00603649923705549
0.00483124430211512
0.00411734083990976
0.00411201770221319
0.0048383681996098
0.00611697330860982
0.00761904895489151
0.00895195908949915
0.00975304451809888
0.00977373943583133
0.00893452544345331
0.00733375142055959
0.00520954171747387
0.00287472259368468
0.000651177093126055
-0.00118249815194381
-0.00243150281194694
-0.00301561146885558
-0.00298116809908295
-0.00248075807414155
-0.00171876326778486
-0.0008787876186816
-5.78172619701671e-05
0.000770545454398639
0.00174886666483883
0.00308079392079963
0.00494280837057455
0.00739846508959585
0.0103560141859678
0.013589070802559
0.0168068439868486
0.0197414771239756
0.0222224529459241
0.024216149601024
0.0258129066948839
0.027156636984274
0.0283427814374349
0.0293393622959103
0.0299806697465404
0.0300407559516887
0.0293482603971564
0.0278876803438632
0.025844909962721
0.0235774970303617
0.0215143287924348
0.0200178962083384
0.0192652790773292
0.0191995226188989
0.0195661970556214
0.0200073830854759
0.0201693579010903
0.0197942367310841
0.0187854971596102
0.0172425764185119
0.0154535538898393
0.0138319707108832
0.0127944176135441
0.0126016961783915
0.0132187890419389
0.0142645083871066
0.0150979638495229
0.0150277086254899
0.0135628283569317
0.0105952955714748
0.00643151575970533
0.00166290577957287
-0.00306227103130512
-0.00726844190332377
-0.0107952356313535
-0.0138027294010474
-0.0166436263486919
-0.0196645517445458
-0.0230309572602117
-0.0266476097849416
-0.030183284663605
-0.0331603157506427
-0.0350723998546668
-0.0355188760955809
-0.0343408445816693
-0.03171410091739
-0.0281446157603395
-0.0243524478069497
-0.0210896236087437
-0.0189669375450194
-0.0183472426940194
-0.0193202234469909
-0.0217371606101328
-0.0252721666832824
-0.0294869411610063
-0.0338927816064451
-0.0380115073911648
-0.0414346006592579
-0.0438734636553519
-0.0451875100834715
-0.0453760119560163
-0.0445327022250143
-0.0427862512190637
-0.0402617329709578
-0.0370805746334819
-0.0333866879536527
-0.0293755428644479
-0.0253111072345737
-0.0215199484460518
-0.0183512213484594
-0.0161058642444358
-0.0149658996399482
-0.0149646620246036
-0.0160143462524732
-0.0179684507397896
-0.0206765474625527
-0.0240016343832573
-0.0278018361905837
-0.031899980521264
-0.0360622303505045
-0.0399939658203615
-0.043356798597373
-0.0458116406943762
-0.0470822405911578
-0.0470137047508266
-0.0455956032735912
-0.0429417303061965
-0.039247971945146
-0.0347570608300496
-0.0297422680188167
-0.02450390722543
-0.0193679435637983
-0.0146781304797999
-0.0107720125196662
-0.00793298009062761
-0.00632734022015475
-0.00595933661639276
-0.00667983282545112
-0.00825192480360009
-0.0104360018345546
-0.0130484124597563
-0.0159749538963979
-0.0191469201507621
-0.0224913716984185
-0.0258673457027946
-0.0290157425232734
-0.0315634479596287
-0.0331005993929228
-0.0333030722716377
-0.0320440409225737
-0.0294503126803316
-0.025888333748669
-0.0218834901953771
-0.017986185830438
-0.0146149537763017
-0.0119289141946099
-0.00978740572309126
-0.00782580432148717
-0.00562219283358045
-0.00288377854915458
0.00042340047729352
0.00404289636530128
0.00749055263568597
0.0101805722737215
0.0115779077147265
0.0113407097969314
0.00941667755811422
0.00606273783634517
0.0017770055364169
-0.00283642828983092
-0.00722027602251212
-0.0109770525409488
-0.0139059490410999
-0.0159642485415195
-0.0171844789560051
-0.017589620108384
-0.0171431162938755
-0.0157559911720066
-0.0133525055296957
-0.00996953443565044
-0.00584323812019942
-0.00143589157612661
0.00261882178095054
0.00563638082615924
0.00702555301520894
0.00641127678168397
0.00370814852749532
-0.000864994947506091
-0.00682944847834794
-0.0135439912828104
-0.020335655639492
-0.0266269386091194
-0.0320190376281515
-0.0363102411888258
-0.0394579664858388
-0.0415114432644428
-0.0425434172171306
-0.0426023386275759
-0.0416993614385665
-0.0398358630781107
-0.0370634385129935
-0.0335528648584856
-0.0296410627128136
-0.0258307190474272
-0.0227303922674933
-0.0209371585511371
-0.0208828781926332
-0.0226915426459473
-0.0261113721328529
-0.030565345142568
-0.0353090416012023
-0.0396319439269629
-0.0430236831576244
-0.0452516303223619
-0.0463363427708769
-0.0464468855690431
-0.045764233055379
-0.0443742364455511
-0.0422407905883108
-0.0392698064839659
-0.0354244353878463
-0.030826341198478
-0.0257934744291454
-0.0208026139281489
-0.0163939902456152
-0.0130472002502049
-0.0110637936866241
-0.0104955807852181
-0.0111477649522027
-0.0126574608261741
-0.0146140719156339
-0.0166683244336609
-0.0185828808542808
-0.020208646493094
-0.0214150344033959
-0.0220337084480308
-0.0218655845370161
-0.0207510841178742
-0.0186542347156019
-0.0157036369423274
-0.0121673355123292
-0.00838049514858531
-0.00466679264345228
-0.00129117245888475
0.00154072055362497
0.00364996178989466
0.00484927867472657
0.00493247425796848
0.00370149855581412
0.00103271028813003
-0.00303084400564513
-0.00819889634115254
-0.0139195638551814
-0.0194657673092886
-0.0241028823843673
-0.0272692070474985
-0.0286957751575499
-0.0284297030256269
-0.0267719659516161
-0.0241666957582882
-0.0210812697039237
-0.0179075560750157
-0.0149041788027162
-0.0121876692073185
-0.00976590863374297
-0.00759512501296726
-0.00563852544513542
-0.00391084173022909
-0.00250194575392878
-0.00157727010157094
-0.00135204686359623
-0.00203627444550543
-0.00375590984685906
-0.00647367534325198
-0.00994691453715033
-0.0137526103700889
-0.0173793987362939
-0.0203536566823964
-0.0223540610956997
-0.0232786868338259
-0.0232468348460237
-0.0225354672159851
-0.0214694752966894
-0.0203049553544975
-0.0191531342520125
-0.0179783259552287
-0.0166702029668206
-0.0151558204059343
-0.0134975245861086
-0.0119284847429902
-0.0108072705883447
-0.0105125981847165
-0.0113257174005923
-0.0133460531051156
-0.0164630395566665
-0.0203833563861468
-0.024698906353673
-0.02897362549594
-0.0328225165646095
-0.0359590096953666
-0.0382022281823445
-0.0394561318871886
-0.0396810114053593
-0.0388694836485494
-0.0370289900895967
-0.034175113648647
-0.030346790566303
-0.0256466585361338
-0.0202871534065108
-0.0146086488087738
-0.00904807690930386
-0.00406627345055683
-6.52142492336886e-05
0.00267249272272792
0.00400623859134147
0.00392789444244779
0.00253882384901417
2.96413633544323e-05
-0.00333471119598107
-0.00723264649143972
-0.0113118950330301
-0.0152191124939757
-0.0186246337648559
-0.0212408230230045
-0.0228405510245913
-0.02328052709012
-0.022523735764007
-0.0206483841018682
-0.0178366087506569
-0.014348899078697
-0.0104947586747324
-0.00660126084730808
-0.00297256013241287
0.000158478820482088
0.00266601339330778
0.00452831840996633
0.00578240369590514
0.00646443782421601
0.00657519860690537
0.00608853177756531
0.00498783505609281
0.00330130348343562
0.00112022889498963
-0.00139413766033563
-0.00400593636901061
-0.0064077577740456
-0.00824709183294271
-0.00917992529666405
-0.00893171189001651
-0.00733758357355184
-0.00435144206585782
-3.91580979421836e-05
0.00542223257040564
0.0117358979118152
0.0184879377814594
0.0251871515066295
0.0313446727707708
0.0365628564982042
0.0405894290042519
0.0433149789615075
0.0447308780170685
0.0448865905914064
0.0438759833878565
0.0418558077912433
0.0390766960718245
0.0358982921982611
0.0327663843867486
0.0301469905023863
0.0284339582840631
0.0278650171445997
0.0284851841485165
0.0301757593278683
0.0327287050495736
0.0359201351710116
0.0395490133125193
0.0434449544930135
0.0474708118740385
0.0515320583726651
0.0555798659297611
0.0595908749678207
0.0635261661894504
0.0672911381984157
0.0707178920197176
0.0735750644871141
0.0755940208905901
0.0764996205942484
0.0760470169063402
0.0740745882223708
0.0705696645943532
0.0657161546964418
0.0598833143440583
0.053543490550289
0.0471545191111942
0.0410667060119168
0.0354931862296012
0.0305365631932291
0.0262346971011464
0.0225955189790434
0.019618202732093
0.0173110459423773
0.0157014130819983
0.0148148163158197
0.0146125581721622
0.0149187152432413
0.0153954539830158
0.0156043710475873
0.015133994424551
0.0137296708561063
0.0113658828413369
0.00824169290454915
0.00472042012522245
0.00124797760164116
-0.00172738811067793
-0.00382652832624324
-0.00479782921880106
-0.00455368679328601
-0.00317529044352797
-0.000881393926816543
0.00203730496225466
0.00530867241116263
0.00876910654098804
0.0124114451140716
0.0163555401600646
0.0207441894027403
0.025613409589378
0.0308037083188825
0.0359544099014427
0.0405776504701624
0.0441756374329204
0.0463587574687427
0.0469321288970978
0.045928213379418
0.0435732822148434
0.0401967960242542
0.0361226076745851
0.0315952676928892
0.0267727181031566
0.0217708351756302
0.0167148951917342
0.011762338828751
0.00709392390210034
0.00289173426368815
-0.000682020903268142
-0.00350687456552495
-0.00553252740894305
-0.00680841492815113
-0.00749578632635402
-0.00784477097283595
-0.00813726189050446
-0.00861893993322919
-0.00945172670598124
-0.0107033599949911
-0.0123656726314322
-0.0143800867260057
-0.0166572043371121
-0.0190926489072414
-0.0215839905242387
-0.0240441189036545
-0.0264017176577926
-0.0285879413060468
-0.0305202116007705
-0.0320969297020126
-0.0332106512701388
-0.0337790122695777
-0.0337851184082631
-0.0333104480901022
-0.032537225370079
-0.0317047057899548
-0.0310290740597684
-0.0306241806353313
-0.0304656114628889
-0.0304163205215882
-0.0302974880161851
-0.0299689472427738
-0.0293874967093056
-0.0286280034405815
-0.0278673300452294
-0.027338722601113
-0.0272669045161323
-0.0277969525756149
-0.0289343719807588
-0.0305156244960873
-0.0322233761449323
-0.0336486861999531
-0.034386309876646
-0.0341341704008384
-0.0327620341686438
-0.0303256247365633
-0.0270273145047034
-0.0231449235937944
-0.0189526399589604
-0.0146516652400873
-0.0103284336935994
-0.00595989144578286
-0.0014701712760934
0.00318730503775362
0.00796750393409456
0.0127243495648646
0.0172513781454492
0.0213369901504023
0.0247951042069093
0.0274622832246431
0.0291913954481497
0.0298807593729765
0.0295422280426542
0.0283622432176864
0.0266962860716701
0.0249792754125596
0.0235988071872166
0.0228065286396141
0.0227085667086896
0.0233109554094614
0.0245613376981862
0.026353237897337
0.0285122880740425
0.0308073716543131
0.033003230556643
0.0349289688818354
0.036522344938664
0.037828205197242
0.038955726398973
0.0400144977775027
0.0410539744479017
0.0420283069665384
0.0427980416499988
0.0431638422358068
0.0429155035097798
0.0418808059792068
0.0399678233556016
0.0371971810876157
0.033715024620922
0.0297761943170419
0.0256981991593092
0.0218001026869454
0.0183435024086968
0.0154866880361238
0.0132585086231707
0.0115591066870245
0.0101922006543309
0.00892170706102567
0.00753318979495386
0.00588180681170658
0.00392073693566727
0.00171139309990659
-0.000587436718265463
-0.00275837745878071
-0.00458935438476159
-0.00593951079506003
-0.00677395533421236
-0.00715123466507016
-0.00718037142685625
-0.00697996931882235
-0.00665526795196197
-0.00628365800563929
-0.00589661519746897
-0.00546620752702021
-0.00491827682777015
-0.00418082935690862
-0.00324616440696942
-0.00220909130835889
-0.0012566238737572
-0.000612575566183405
-0.000460473668045072
-0.000873320930068917
-0.00177500501168531
-0.00294773582061983
-0.00408203067994488
-0.00484888181079062
-0.00497026873144157
-0.00427314119266476
-0.0027198564771087
-0.000408418838074959
0.00246262394714747
0.00565765585723281
0.00897112093707201
0.0122675090926902
0.015479952258516
0.0185805519632431
0.0215487416477164
0.0243536892494067
0.0269489008047061
0.0292704018889855
0.0312350993355832
0.0327428295372719
0.0336879468458959
0.0339841106543127
0.0335994621861863
0.0325895994809864
0.0311092925177416
0.0293899798326565
0.0276889047542964
0.0262329445545238
0.0251792736179973
0.0245976464230932
0.0244666665175604
0.0246827518360578
0.0250903642497823
0.0255329886799219
0.0259030073483499
0.0261625176491853
0.0263245912432569
0.0264067173063012
0.0263785291616213
0.0261254820718624
0.0254456318051042
0.0240890903388865
0.0218369382192231
0.0185982544276719
0.0144862506266263
0.00983047124300289
0.00510357307332424
0.000783894600968306
-0.00278537055580012
-0.00547270717664983
-0.00733984963237105
-0.00855460750011266
-0.00929365761557476
-0.00968094022918617
-0.00977131982491121
-0.00956575742715121
-0.00904246064905646
-0.00819326201103599
-0.00705490469526205
-0.00572459547656557
-0.00435361319215056
-0.00312061975686979
-0.00219342845458688
-0.00169113790707187
-0.00165674995486999
-0.00204624983249728
-0.00273587116214353
-0.00354344350835043
-0.00425470740602716
-0.00464967017620421
-0.00453551763893545
-0.00379251084727295
-0.00241772418399435
-0.000530806830707915
0.00168003206311565
0.00404596466015785
0.00647788085084392
0.0089552813052845
0.0114577908103971
0.0138971412659173
0.0161011336455814
0.0178581749512175
0.0189904353031883
0.0194115875326273
0.0191421863126545
0.0182862351105778
0.0169953705304201
0.0154474651134525
0.0138464675123413
0.0124271602928957
0.0114392436117486
0.011096182026842
0.0115009157744796
0.0125870560528063
0.0141182334017725
0.0157597472180103
0.0171939034408838
0.0182261429888574
0.0188375419599029
0.0191673939211549
0.0194389566770166
0.0198636355250698
0.0205670794759164
0.0215656197176613
0.0227878655883481
0.02411116185677
0.0253900781782823
0.0264826501120305
0.0272918544016395
0.0278183524337647
0.0281933930798098
0.0286622068679898
0.0295160724367733
0.0309973071043457
0.0332102201215703
0.036068752940013
0.039304284679145
0.0425391257510404
0.0454002416871182
0.0476221157825777
0.0490930559971918
0.0498362594169807
0.049955228425355
0.0495831091732936
0.0488565849697433
0.0479094409340049
0.0468693762884875
0.0458475020274239
0.0449220115366528
0.0441235451706144
0.0434281515642149
0.0427611644809215
0.0420152192831693
0.0410837354165342
0.0399031856387714
0.0384873514036138
0.0369340096169859
0.0353938749102356
0.0340089646980057
0.0328441782295459
0.031843115766525
0.0308316078014251
0.0295721872816976
0.0278493360378309
0.0255504341105041
0.0227100528702856
0.0195056670596927
0.0162161861750192
0.0131621413700246
0.0106379797526596
0.00884177739065992
0.00781631423556423
0.0074255255590645
0.00738489487754924
0.00734261341240688
0.00698448368965267
0.00612491714226416
0.00475409517539112
0.003029778978513
0.00121979177901017
-0.000386242552377175
-0.00156772858118103
-0.00223425341352461
-0.00243430187597539
-0.00231283191383644
-0.00204390989246185
-0.00177209414044164
-0.00158236378400942
-0.00149780746324154
-0.00149329313074284
-0.00151373453477064
-0.00148985143335565
-0.0013486904028551
-0.00102070778936934
-0.000447956287926767
0.00040375248152404
0.00153176287674247
0.00289293546227492
0.00442181130809058
0.00607127449862713
0.00785397732655276
0.00985067229775796
0.0121695479008653
0.0148791009709359
0.0179602256861535
0.0213067526184975
0.0247634276099547
0.028165775234716
0.0313574458308051
0.0341891657165275
0.0365177851416938
0.0382143905351979
0.0391740427623411
0.0393170041981617
0.0385845180828469
0.0369445147014783
0.0344173085081039
0.0311114018370053
0.0272450158602587
0.0231337690275069
0.0191426127804254
0.0156157904864317
0.0128057226592943
0.01082247419571
0.00962099876292049
0.00903202515234008
0.00882646469831498
0.00879112357818857
0.00879239541100325
0.00881212141102235
0.0089479510163285
0.00937645406661552
0.0102852491444334
0.0117930391656986
0.0138872041668388
0.0164059027709477
0.0190711816284469
0.0215534098145081
0.023535896166756
0.0247596942154333
0.0250485080847834
0.0243228119477209
0.02260675319798
0.0200228089673671
0.0167681913860781
0.0130737488959943
0.00915681161385605
0.0051913383668133
0.00131898538629573
-0.00230945909462898
-0.00552363352501465
-0.0081948721897817
-0.0102980640928248
-0.0118719793625961
-0.0129231028845742
-0.0134146282412213
-0.013354752047558
-0.0128606318737015
-0.0121280340070417
-0.0113551854851209
-0.0106896656788102
-0.0102171262944582
-0.00997576152869532
-0.00998022544433552
-0.0102488916666233
-0.0108292882584227
-0.0118094182611947
-0.0133011029577912
-0.0153937032699556
-0.0180960128094682
-0.0212958079854418
-0.0247602112431749
-0.0281784577690333
-0.0312270125230003
-0.0336312181487498
-0.0352089148503484
-0.0358950158059075
-0.0357491301582947
-0.0349439563202023
-0.0337309921276654
-0.0323863273699483
-0.0311494823498786
-0.0301764336887239
-0.0295264259936396
-0.0291864466305596
-0.0291160417782441
-0.0292863251227336
-0.0296973590160175
-0.0303744246193621
-0.0313503342045069
-0.0326391788941165
-0.0342087798308213
-0.0359658344260324
-0.0377666007227868
-0.0394505480641533
-0.0408770693037588
-0.0419429391679008
-0.0425723003990776
-0.0426892873188435
-0.0421951167349723
-0.0409726050839117
-0.0389297053195252
-0.0360712714811693
-0.0325656253913925
-0.0287657348661215
-0.0251622981165032
-0.0222798457785036
-0.0205562179790126
-0.0202507937750859
-0.0214062535660858
-0.0238617813384763
-0.0273022264712986
-0.0313272903921757
-0.0355236834344976
-0.0395189215549467
-0.0430004901889818
-0.0457048406807749
-0.0474036353853251
-0.04791863315105
-0.0471746820273982
-0.0452672130711533
-0.0424994229449113
-0.0393494262231453
-0.0363600777434708
-0.0339902661013022
-0.0324966742550786
-0.0319016681943098
-0.03205169191571
-0.0327213441350238
-0.0337064356821881
-0.0348726043483459
-0.0361554425001723
-0.0375227746197698
-0.0389145866050648
-0.0401846385892875
-0.0410764723534443
-0.0412576475434161
-0.0404055519889017
-0.038307584697336
-0.0349328146046863
-0.0304526350648663
-0.0252130413393661
-0.0196713505545509
-0.0143073580176012
-0.00952109525664054
-0.00554464639414997
-0.0024051787398954
4.43515159103679e-05
0.00205104860309249
0.00388207106161999
0.00574439794491045
0.00769868789609347
0.00962428296061425
0.0113187648802413
0.0126852826429938
0.0138352548565686
0.0150286026841616
0.0165483568945032
0.0186140840869975
0.0213355252828435
0.0246713325954766
0.0283957176569325
0.0321051345282291
0.0352879748658296
0.0374501545987111
0.0382579330440898
0.037640109732687
0.0357994001884398
0.0331225362878339
0.0300307954096944
0.0268417525731759
0.0236993356437534
0.0205872079001547
0.0174026532433534
0.0140535612188782
0.0105442474339655
0.0070236738877568
0.00377869392255925
0.00116827307079028
-0.0004869962842616
-0.00102490732525623
-0.000521426258967263
0.000710780435578221
0.00220741224090731
0.00347993511253373
0.00413259375107455
0.00393977393194001
0.00287816725228367
0.00111006877652817
-0.00108655847608342
-0.00342449162800317
-0.00570429857092983
-0.007854874103284
-0.00990523351825633
-0.0119165109603156
-0.0139164626414054
-0.0158600801449901
-0.0176147780240506
-0.0189626220181515
-0.0196233659521697
-0.0193075352697501
-0.0177951903849458
-0.0150157509570482
-0.0110975685730579
-0.00636632227157981
-0.00128730940346695
0.00363835851889453
0.0079973598246674
0.0115669039791781
0.0143563569161292
0.0165690422244969
0.0184976364501719
0.0203922827024992
0.0223505894124876
0.0242713340844971
0.0258885734667342
0.0268662055568754
0.0269060578854396
0.0258277088526478
0.0236100473190814
0.0204087152369651
0.0165561104481936
0.0125282949412653
0.00886240093278436
0.00603872666028824
0.00437314487362632
0.0039628052486333
0.00469389644562485
0.00629019239955442
0.0083799847253004
0.0105736870388541
0.0125466373833701
0.0141064179250439
0.015213869810941
0.0159415456101204
0.0163860458588617
0.0165771510679999
0.0164281602545632
0.0157488650706607
0.0143120245361713
0.0119448316135164
0.00861349091050241
0.00447277451661981
-0.00014111053490014
-0.0047789704361272
-0.00898436713266878
-0.0123924714330335
-0.0147864431438913
-0.0161051001875488
-0.016417790947155
-0.0158834229270557
-0.0147022499150591
-0.0130672253483078
-0.0111265648962578
-0.00896936773164259
-0.00663650095499173
-0.00414791443083485
-0.00153589423709144
0.00112159973233077
0.0036755339971915
0.00590649346039634
0.00757001463189054
0.00848240431235454
0.00861051773717087
0.00811552926189018
0.00731896193649072
0.00659623362985661
0.00623764444275523
0.0063350514187918
0.00674674196353816
0.00716107675357829
0.00723270293568992
0.0067293867909926
0.00562556645921427
0.00411035330047076
0.00251989296649398
0.00123036800402242
0.000548388641784664
0.000621272641754641
0.00138052868135354
0.00253478400373939
0.00362922016287881
0.00416973306004831
0.00377611964172833
0.00230576168916768
-0.000102273435621414
-0.00307835086084961
-0.00614603739544929
-0.00887318010305688
-0.0110032614742961
-0.0125321621098897
-0.0137093671301991
-0.0149549117866736
-0.0167045818966266
-0.0192319272866429
-0.0225239944751081
-0.026271331708164
-0.0299692517981576
-0.0330677195358936
-0.0351048374623697
-0.0358039653721574
-0.0351449502535551
-0.0334010611339228
-0.0311024729858782
-0.0289031715685505
-0.0273907183955401
-0.0269248262311591
-0.0275724739603627
-0.0291446284660175
-0.0312909859312029
-0.0336053850391419
-0.0357184803640974
-0.0373719863634339
-0.0384657831010405
-0.0390588587098826
-0.0393107674897588
-0.0393790470818907
-0.0393201274266145
-0.0390469055158203
-0.0383649110710141
-0.0370624730710589
-0.0350037193081289
-0.0321828952476115
-0.0287291375961249
-0.0248752469834153
-0.0209095819524273
-0.0171239549636196
-0.0137647232228845
-0.0109942352600487
-0.00887176735758442
-0.00736043066487025
-0.00635687215347691
-0.00572960734436781
-0.00534950271493744
-0.00510593597417589
-0.0049146217863385
-0.00472404771514646
-0.00451790200811475
-0.00430675080454235
-0.0041107775412193
-0.00394399853503311
-0.00380676146307157
-0.00368377729985223
-0.00354233152076177
-0.00333044844106902
-0.0029788977847957
-0.00240900211761316
-0.00154296030069186
-0.000311661204158311
0.00133889246055263
0.00343337804507878
0.00593918653326012
0.00873535613998517
0.0116024882803096
0.0142505628231416
0.0163768138789151
0.0177252753932391
0.0181231004195468
0.0174930302117829
0.0158592159719368
0.0133533215078024
0.0102047193712269
0.00669901760335953
0.00311796706365435
-0.000307084933015934
-0.0034125960067054
-0.00610353735725662
-0.00835323806278679
-0.0102004183132505
-0.0117335170880494
-0.0130637918017294
-0.0142981463218251
-0.0155166851564977
-0.0167535405617373
-0.0179872281417256
-0.0191556732905308
-0.0201999536580662
-0.0211141035928722
-0.0219640705551502
-0.0228559792987319
-0.0238694317927954
-0.024994889903853
-0.0261097697816584
-0.0270067069681158
-0.0274657502666104
-0.0273440740883513
-0.0266440430782811
-0.0255242529087885
-0.0242453670168127
-0.0230779053031776
-0.0222160090346026
-0.0217298147058028
-0.0215637966935236
-0.0215691069348468
-0.0215531051891345
-0.0213343887009932
-0.0207947778716119
-0.0199141054889242
-0.0187694171274858
-0.017493026597922
-0.016209009100514
-0.0149811196530661
-0.0137947804723126
-0.0125756924097053
-0.0112353958376654
-0.00972905379980262
-0.00810400911204971
-0.00651378771297937
-0.00518441698088784
-0.00434580058509437
-0.00415888740193869
-0.00466475708687385
-0.00576466778954215
-0.00722992800672883
-0.0087400909410304
-0.00994549643753201
-0.0105416245506414
-0.0103375519705554
-0.00930376881064515
-0.00758862758335534
-0.00549453982492355
-0.00341288812976244
-0.00173404443745006
-0.00076301184388112
-0.00066716004290785
-0.00146320666551884
-0.00303292196346412
-0.00515277231131801
-0.00752986413178304
-0.00984484290459734
-0.0118027613787071
-0.0131848930864394
-0.0138857540043796
-0.013918940960924
-0.0133871216200469
-0.0124307270977534
-0.0111807157128048
-0.00973162771360872
-0.00813365334807064
-0.00639833192815542
-0.00452137111581134
-0.00252635532912722
-0.000516858287094983
0.00129048041074283
0.00257648578034399
0.00298120723697246
0.00220412051206108
0.00011146491307284
-0.00318952424666528
-0.00733907821109901
-0.0117795436167749
-0.0158574022912096
-0.0189467791203578
-0.0205694541177588
-0.020486460095116
-0.0187388778654067
-0.015625455344273
-0.0116190476807301
-0.00723943676504624
-0.00291791125403002
0.00109749961428649
0.00475494177830326
0.00812446841334402
0.0112767686551169
0.0141797948260983
0.0166665297594105
0.018488783007419
0.0194298205598812
0.0194214379260689
0.0186067380302038
0.0173106845950973
0.0159245113765902
0.0147610543847721
0.0139620098285089
0.0135077641507345
0.0133105096397187
0.0133163609379945
0.0135465799513854
0.0140623060192539
0.0148912207172062
0.0159695064888591
0.0171303139211462
0.0181371036076887
0.0187385383199627
0.0187194556625072
0.0179371772589714
0.0163493548527007
0.0140392429533563
0.0112248815507333
0.00822578325183965
0.00537962772213921
0.00294103754896875
0.00101458492114273
-0.000447343712351545
-0.00159228383580817
-0.00259463201437937
-0.00359034645041759
-0.00463341433821133
-0.00568057825637905
-0.00660845997591483
-0.00726036805010985
-0.00750689684980181
-0.00729535527534328
-0.00666888004617083
-0.00575222300342499
-0.00471371322535462
-0.0037177744669774
-0.00288460869154366
-0.00227249709214548
-0.00188905989152586
-0.00172370685096515
-0.00178316764687456
-0.00211139369615379
-0.00278462009245478
-0.00388634385192933
-0.00547524779646946
-0.00755606226617226
-0.0100563204381932
-0.0128122504047194
-0.0155725613445216
-0.0180268845079951
-0.0198541529925145
-0.020778448723542
-0.0206228826073875
-0.0193555605922739
-0.0171158762653367
-0.0142026739417916
-0.0110134635251109
-0.00794571563866515
-0.00529173209872754
-0.00316516076435593
-0.00148915459529295
-5.65584195020891e-05
0.00135625454668554
0.00286923426095567
0.00443053623937532
0.00583776039958718
0.00683938757798249
0.0072628121311227
0.00710211259688583
0.00652444239072016
0.00579981065940493
0.00519641682311818
0.00489438500422732
0.00495286848869938
0.00533048903319807
0.0059290398818038
0.00662756458698273
0.00729902023484397
0.0078270896808889
0.00813848027993102
0.00824139410718365
0.0082443372864241
0.00833802501017866
0.00874425023544503
0.00965015371834604
0.0111496660985679
0.0132097695759555
0.0156705465762194
0.0182787568896579
0.0207479808058143
0.0228304348074823
0.0243745046883119
0.0253397993240061
0.0257613339984907
0.0256868830795766
0.0251288226496508
0.0240585237187201
0.02244042674548
0.0202798659309643
0.0176581437635086
0.01474436712018
0.0117865588635205
0.00908104120693027
0.00691072967094338
0.00545735805445052
0.00473111387723613
0.00457725161097063
0.00477069516752066
0.00513192599556478
0.00558012884464042
0.00610884382509194
0.00674190394483048
0.00751844926007731
0.00849117036182891
0.00969385263580357
0.0110756199782452
0.0124531293932053
0.0135328008764158
0.0140009763559413
0.0136266202200467
0.012322306545998
0.0101573306594745
0.00734979549241453
0.00424484867648088
0.00125377195128389
-0.00125639607062667
-0.00308001131359339
-0.00423036311165575
-0.00490819738256947
-0.00540767348708195
-0.00600766343864122
-0.00688091669844916
-0.00803574296209495
-0.00930311611322396
-0.010381912475583
-0.0109382019281432
-0.0107275482516695
-0.00969385157825329
-0.00800546953173229
-0.00601388513200176
-0.00415057984855611
-0.00280100656331592
-0.00219941664219577
-0.00237476904633682
-0.00315820472200469
-0.00424720142442799
-0.00530974870424352
-0.00609877317810099
-0.00653670501703047
-0.00673559420120993
-0.00694457150373788
-0.00744803244320251
-0.00845301237967822
-0.0100005892479531
-0.0119277721627298
-0.0138965893084887
-0.0154862242775022
-0.0163159788535325
-0.0161540603311018
-0.0149794613189181
-0.0129838442001203
-0.0105115424974456
-0.00794859574144033
-0.00559782989427395
-0.00359694309239905
-0.00191930262427086
-0.000449032343592605
0.000914322863692217
0.00216773005066171
0.00316572146564097
0.0036519286215324
0.00335973756177338
0.0021397755880089
4.59703840089146e-05
-0.00266619479894188
-0.00562217478751388
-0.00844467775574581
-0.0108520371647882
-0.0127056271813678
-0.0139989693668663
-0.014805274122104
-0.0152150529130618
-0.0152936954587863
-0.0150726576788463
-0.014569063273163
-0.0138177307820812
-0.0128992705806515
-0.0119537510635901
-0.0111749392030086
-0.0107823828596325
-0.0109729733590999
-0.0118654808940545
-0.0134622704462403
-0.015646094768394
-0.0182082487534998
-0.0208897346409298
-0.0234224799795058
-0.0255692296088825
-0.0271602876641884
-0.0281163908284361
-0.0284459514567615
-0.0282163432599033
-0.0275126725833814
-0.0264028771213511
-0.0249224919509124
-0.0230814022909064
-0.0208867717759599
-0.0183738624015833
-0.0156340281625719
-0.012824160344551
-0.0101439306157768
-0.00778535322086291
-0.00588220157762243
-0.00448990615551888
-0.00360241217913095
-0.00318485505218429
-0.00319798415842059
-0.00360969019368371
-0.00440243047657955
-0.00557756835309621
-0.00714553281475136
-0.00909661622097853
-0.0113671278273448
-0.0138255060024925
-0.0162900875397816
-0.0185672842534937
-0.0204880918091052
-0.0219291900393492
-0.0228195008511199
-0.0231400477672309
-0.0229245731340813
-0.0222655690595562
-0.0213225383243749
-0.0203173125178354
-0.0195006959980715
-0.0190955464135001
-0.0192445821000128
-0.0199882259072158
-0.0212713714733372
-0.0229610223507967
-0.0248669307467195
-0.0267727390218282
-0.0284778483963396
-0.0298290878999447
-0.0307200634357112
-0.0310645658486571
-0.0307781205467945
-0.0297953052262976
-0.0281135043453939
-0.025823960125148
-0.0231009474937024
-0.020161033170738
-0.0172319316939093
-0.0145528230596338
-0.012385978655269
-0.0110018622244197
-0.0106237298343144
-0.0113535442788408
-0.0131148753823919
-0.0156380853542753
-0.018496455760567
-0.0211889893367225
-0.0232527828467201
-0.0243725279787714
-0.0244460700382551
-0.0235773986772142
-0.0220030846972094
-0.0199934178958899
-0.0177773284612326
-0.0155152469182643
-0.013310874466483
-0.0112398436346802
-0.0093834356407769
-0.00786535963555715
-0.0068764531083264
-0.00664725886240866
-0.00734359153352225
-0.00895243453278737
-0.0113140070583286
-0.0143433402494817
-0.0181545014424469
-0.0227409463536692
-0.0274923344487281
-0.0313322682175362
-0.0335229860226619
-0.0341519622223084
-0.0337557960876159
-0.032710370977709
-0.0310751728955629
-0.0288033820533054
-0.0259240977075988
-0.0225628083603941
-0.0188911778966218
-0.0150945646630185
-0.0113674317170286
-0.00791084870218491
-0.00491440143129713
-0.00252370658472401
-0.000808054284024279
0.000254024534666716
0.00076253297978284
0.000864382425228151
0.000719027436217184
0.000473135806488247
0.000244407928519612
0.000109482444615884
9.5633792951687e-05
0.000182276698537598
0.000317160388497865
0.000443846365442479
0.000529570894301687
0.000582011304714603
0.000648718788515957
0.000800098965387993
0.00110376222244591
0.00160218035951457
0.00230244800109662
0.00317713888872328
0.00416758992528607
0.00518339362273238
0.00610194307669938
0.00677926689233779
0.00707982776200834
0.00691886654709666
0.00629633346505439
0.00530030065771801
0.00407520610340307
0.00277435984867832
0.00152579690000568
0.000426285173351045
-0.000446416681254129
-0.00102450187633698
-0.00125532749478481
-0.00111404495445947
-0.000610695692826872
0.00021238944515474
0.00128593617979279
0.00251338133707808
0.00376581771966444
0.00488528882945849
0.00571157416666215
0.00613197642296286
0.00612901944156686
0.00579054836634529
0.0052662653579974
0.00469262671565869
0.00413217211632188
0.00356137282019974
0.0029036932713861
0.00207610601212423
0.00102099265446385
-0.000279339391002783
-0.00179118147050457
-0.00341355777384646
-0.00496931667022682
-0.00622188071278849
-0.00692302847808935
-0.0068750453124082
-0.00597916440611539
-0.00425009002269496
-0.001795997758795
0.00121990653124654
0.00461574737488667
0.00821216205507449
0.0118375691893671
0.0153256015177525
0.0185134081052688
0.0212446798620988
0.0233774741004395
0.0247970047429794
0.0254341617604098
0.0252870039145058
0.0244353370768621
0.0230350645096961
0.0212869031927105
0.0193908849002613
0.0175096815191209
0.0157571494722007
0.0142075451912756
0.012907591020727
0.0118848207798347
0.0111621195252235
0.0107719794217746
0.0107370919965583
0.0110169093165307
0.0114810307860408
0.0119489148441841
0.0122569359910721
0.0123004607394572
0.0120478440147849
0.0115456893861737
0.0109158216452148
0.0103299516856186
0.00995881524775143
0.00991306935801355
0.0102022551781116
0.010729675016755
0.0113233219656804
0.0117875741472863
0.0119547421729834
0.0117208872517609
0.0110615826994329
0.0100328447251836
0.00876483905509348
0.00745060682210463
0.00632453492498643
0.00562486914535214
0.00554509526720775
0.00619228301066475
0.00757299521335204
0.00961411642378053
0.0122056814089529
0.0152408061127541
0.0186333475196817
0.0223110114113188
0.0261945003660461
0.0301737507148197
0.0340873458265098
0.0377100562552184
0.0407549055135653
0.0428944148896102
0.0438014757376322
0.0432074669185692
0.0409709736182367
0.0371396922183174
0.0319773647790785
0.0259330665637918
0.0195561996451042
0.0133883988976141
0.00787040492745302
0.0032867291203479
-0.000247447347644376
-0.00276067713650821
-0.0043677506898598
-0.00519710748606336
-0.00533415126148726
-0.00481287784064361
-0.00366486855072646
-0.0019970114076422
-4.5463537240072e-05
0.00183563869064903
0.00325295298081843
0.0038833439699619
0.00356364150015248
0.00232640790410327
0.000377023109833133
-0.0019687775135265
-0.00435983224352328
-0.00647602439232276
-0.00807688287753505
-0.0090303104511503
-0.00931865345108833
-0.00901517068423877
-0.00822695341884629
-0.00701687712011643
-0.00533935962804874
-0.00303147889204312
0.000122472370315642
0.00427655646712843
0.00941131281366517
0.0152745676040198
0.0213998277338898
0.0271970842138478
0.0320866833741304
0.0356336038557426
0.037641610499106
0.0381843309306377
0.0375735047711988
0.0362798178007444
0.0348245266828752
0.0336599411181035
0.033064005550979
0.0330833882643062
0.0335528064786061
0.034188163161905
0.0347146953571574
0.0349760423245385
0.0349848354806287
0.0349040842231593
0.0349724667919537
0.0354020615777373
0.036286787197508
0.0375579506491883
0.0390027623585507
0.0403318146200502
0.0412636240420586
0.0415974515107783
0.0412578049348467
0.0403017708332461
0.0388860065655845
0.037202743711309
0.035410445559068
0.0335912187601167
0.0317554152938402
0.0298887328610639
0.0280128281788927
0.0262237026145417
0.0246890203761882
0.0236117365820238
0.023180779215162
0.0235248270779241
0.0246765876483786
0.0265538161514849
0.0289653273032315
0.0316458426503397
0.0343118441554319
0.0367197754120772
0.0387059292255891
0.0401957768722541
0.0411847340985576
0.0417044915226319
0.0417916299159952
0.0414671225901657
0.0407248679085137
0.0395260011792542
0.037804523576681
0.035495036831016
0.0325813938653898
0.029142639340335
0.0253645424418178
0.021505378945058
0.0178365511163826
0.0145913742323656
0.0119386247587843
0.00997174621074383
0.00869727023433328
0.00802197547805002
0.00775726478627075
0.00765896046606175
0.00749905905243234
0.00714098771520591
0.00658236237778488
0.0059448375895432
0.00541654503115351
0.00517149765046783
0.00529583920568034
0.00574723365793368
0.00636460216662749
0.00692957955467381
0.00725976544616815
0.00729670802199617
0.00715051437030382
0.0070808915874026
0.00742161330945415
0.00847687022810804
0.0104239532167342
0.0132489820659487
0.0167303314467301
0.0204739025013259
0.0239932329328067
0.0268135759175904
0.028568909335614
0.0290644442295926
0.0282950364063129
0.0264280930536423
0.0237635931184783
0.0206759376104115
0.0175383591840938
0.0146397695661041
0.0121190524678653
0.00994831923879204
0.00798385103157141
0.00607169832598061
0.00416059132856059
0.00236344082595271
0.000932916759893164
0.000161966917633475
0.000257185285860733
0.00124139418840978
0.00292237922923704
0.00493275814858594
0.00681940673860131
0.00815124108830741
0.00861968246012025
0.00811183765536366
0.00673159020257272
0.00474448469918682
0.00246171740003156
0.000149832960771378
-0.00193778821932084
-0.00346259022870797
-0.0040661735610884
-0.00366103236283903
-0.00257284198954208
-0.00122241326817774
0.000303487834914649
0.00225539148266641
0.0048740485583435
0.00815398344969083
0.0118816206452972
0.0157728057504357
0.0195507715482794
0.0229581331418181
0.02576130679556
0.0277836474746167
0.0289624025666667
0.0293982287778767
0.0293620998493864
0.029241416267883
0.0294348063549608
0.0302295498754734
0.0317065169309521
0.0337086605414893
0.035882713859732
0.0377769804145491
0.0389673254600016
0.0391824838635932
0.0383931286604299
0.0368236194562408
0.0348654947099201
0.0329209724035734
0.0312486242627606
0.0298827948124718
0.0286527758059497
0.0272755755829228
0.0254731272285774
0.0230733809090533
0.0200732211263822
0.0166520512726112
0.0131304669047669
0.00988174710037199
0.00722651066668481
0.00535432943097446
0.00430201411141494
0.00398411019460195
0.00424544368241629
0.00490715924374023
0.00579729850811943
0.00677114188499322
0.00772408034449097
0.00859092701732273
0.00932657436120451
0.00987551236732671
0.0101481257380473
0.0100184161224269
0.00934454082726322
0.00800256990877283
0.00592173172308109
0.00311280508366438
-0.000315622131886308
-0.00415677824232229
-0.00812321964438539
-0.0118821537871115
-0.0151060304626333
-0.017530371699677
-0.019002614299044
-0.0195033779333698
-0.0191330529276371
-0.0180756331968328
-0.0165609841865875
-0.0148375195804136
-0.0131505324622241
-0.0117158729370139
-0.0106898020701626
-0.0101500136758219
-0.0101022928948045
-0.0105099822003951
-0.0113258980861488
-0.0125065092578432
-0.0140057418718389
-0.0157621438209084
-0.0176926769982737
-0.0196942075207104
-0.0216468274073116
-0.0234170730912601
-0.0248637721831327
-0.0258472537697554
-0.0262398756139516
-0.0259392510405659
-0.0248898883252875
-0.0231130589667698
-0.0207295705164189
-0.0179526948403055
-0.0150428174126016
-0.012243500549871
-0.00973649208699361
-0.00764302378945452
-0.00606269801583497
-0.00510173237459502
-0.00483947081780735
-0.00524995678495487
-0.00618359437503346
-0.00746788018431772
-0.00899515973174835
-0.0106350616449567
-0.0120738311679285
-0.0128298740026731
-0.0124618086356243
-0.0107558776393023
-0.00776579373783168
-0.00375625605905174
0.000871027406566244
0.00564976568447243
0.0101263035961003
0.0139336721661331
0.0168428062768595
0.0187769883352078
0.0197892334099718
0.0200142667630043
0.0196132160196823
0.0187288137307666
0.0174627621098807
0.0158787552732904
0.014027921753119
0.0119878902672862
0.00990025494478939
0.00798583287005651
0.00652035695716321
0.00577074289720982
0.00591635790907072
0.00699138895409856
0.00887122171278752
0.0112992307901672
0.0139352743833844
0.0164131632386943
0.0184053368673178
0.0196884834412294
0.0201873050990831
0.0199705991214943
0.0191981002555457
0.0180476625497447
0.0166589672202076
0.015109512001912
0.013418260099414
0.0115701265762441
0.00955739609153027
0.00742402940045883
0.00528641531946711
0.00331413953639867
0.00168235857118921
0.000522940935493473
-0.00010673629122689
-0.000232925790506137
4.50259343015189e-05
0.000580078826694496
0.00121039073576493
0.00179140222486892
0.00222096570253323
0.00245443933768245
0.00250813125140625
0.00244921316368499
0.00237014883640497
0.00234939500297433
0.00241071435064954
0.00250495459581406
0.00253417161121252
0.00241152688704969
0.00212173907847288
0.00174571081293739
0.0014416818952131
0.00140373433481401
0.00182029481517885
0.00283793816541068
0.00452621371429108
0.00684809206676901
0.00965316865094231
0.0127090418099062
0.0157684180218281
0.0186468553348373
0.021273506361315
0.0236866926391837
0.0259765497514788
0.0282080278041858
0.030365017320143
0.0323368083212268
0.0339414200471862
0.0349681150506064
0.0352267047924925
0.0345994515629419
0.0330886694299352
0.0308430386444529
0.0281442135684899
0.0253501887826888
0.0228124877820295
0.0207949498579257
0.0194190867530854
0.01865194718434
0.0183417337283719
0.0182916486771527
0.0183448087630356
0.0184439230065
0.0186394051794893
0.0190446705596397
0.0197612884346432
0.0208058200214515
0.022064100787573
0.0232874585087112
0.0241362942173976
0.0242652861288056
0.0234255366287958
0.0215425846700206
0.0187353932740634
0.0152727541670354
0.0114958842985492
0.00774382909385923
0.0043024499567065
0.00137958828186384
-0.000897788028421358
-0.0024692658423267
-0.00331822912411905
-0.00345484919834875
-0.00291606613969498
-0.00178033528782538
-0.000183438580421542
0.0016759389652391
0.00354215485985157
0.00511938230110108
0.0061053650902121
0.00624760123991869
0.00541082912123946
0.00362737335363979
0.00110307596407647
-0.00183006580492153
-0.00480237437967001
-0.0075074089425238
-0.00977699699210617
-0.0115981223004714
-0.01306637915119
-0.0143035458190682
-0.0153811382974823
-0.0162804173211063
-0.01689709845641
-0.0170824485132683
-0.0167048123987358
-0.0157124698224866
-0.0141783503859237
-0.0123111383122901
-0.0104261282224058
-0.00888128467218338
-0.00799619921206213
-0.00797856013858945
-0.00887966436605704
-0.0105893754515251
-0.0128687559698721
-0.0154096574229609
-0.0179049026436127
-0.0201104717438024
-0.0218828389513058
-0.0231799643095525
-0.0240244991623158
-0.0244434174676515
-0.0244129072837252
-0.0238382131433477
-0.0225803859984512
-0.0205168791278852
-0.0176081274772223
-0.0139447966823298
-0.00976242708811933
-0.00541985829110882
-0.00134263265629367
0.00205992445122713
0.00448120327871337
0.00577495743804018
0.00596196674338112
0.00519147335327409
0.00368519637821173
0.00168945606319395
-0.000557506651583154
-0.00284783283913644
-0.00501738113515219
-0.00694541778360388
-0.00854095314414412
-0.00972793806457585
-0.0104451610130881
-0.0106660904195383
-0.0104279219606945
-0.00984954710488186
-0.00912136786144544
-0.00846521423771013
-0.00808047676966576
-0.00809960377615365
-0.00856912621896403
-0.00945968872134415
-0.0106965644181044
-0.0121924727174872
-0.0138635481823704
-0.0156235273262362
-0.0173713153326387
-0.018992141946632
-0.0203756839987725
-0.0214342005036128
-0.0221029344982805
-0.0223248045650123
-0.0220395164008247
-0.0211935064309417
-0.0197667634485209
-0.0177994772892688
-0.0154080307796325
-0.0127913762820652
-0.010225562703314
-0.00803232852124249
-0.00651323464404621
-0.00586992697988168
-0.00615360586388793
-0.0072722915159279
-0.00904430772202944
-0.0112610358938782
-0.0137311592930688
-0.0163028401818285
-0.0188723799365911
-0.0213840473319272
-0.0238194937035312
-0.0261759564979974
-0.0284386218185809
-0.0305575226590811
-0.0324386627518461
-0.0339540371774682
-0.0349706652136243
-0.0353947762786234
-0.0352192158060685
-0.0345524778014772
-0.0336094183104236
-0.0326629390739463
-0.0319791294947595
-0.0317649281758684
-0.0321428973886897
-0.0331476141075185
-0.0347300601843481
-0.0367633470261069
-0.0390539808635992
-0.0413655303144662
-0.0434544629507361
-0.0451091997832194
-0.0461807464491753
-0.0465972002242201
-0.0463610888331862
-0.0455340099084559
-0.0442148252246631
-0.0425158323291164
-0.0405402914572362
-0.0383678800457355
-0.0360565175984563
-0.0336605901734284
-0.031251420766833
-0.0289233669350617
-0.0267838176193946
-0.0249397077458584
-0.0234897386964681
-0.0225180184389479
-0.0220810412412009
-0.0221894215010593
-0.0227945068933062
-0.0237875619668709
-0.0250105111898299
-0.0262735667418372
-0.0273797777385396
-0.0281599479276154
-0.028512515314999
-0.0284288822870598
-0.0279868659356656
-0.0273171196171995
-0.0265634010025566
-0.0258488208214812
-0.025245636238869
-0.0247515673535254
-0.0242908715676237
-0.0237530226614478
-0.0230535643095875
-0.0221818420796299
-0.0212103261383643
-0.0202663350253434
-0.019484335843166
-0.0189596604074962
-0.0187205917766725
-0.0187288589684776
-0.0189070484982686
-0.0191784540789029
-0.0194980416726484
-0.0198576825908327
-0.0202641634307293
-0.0207068012458894
-0.021138403798764
-0.0214808766598234
-0.0216469052809121
-0.0215621860871225
-0.0211809920807191
-0.0204953500002653
-0.0195373178411761
-0.0183741827502992
-0.0171018421257613
-0.0158416320714023
-0.0147360098325843
-0.0139319071913946
-0.0135487910875456
-0.0136436568257336
-0.0141910119465826
-0.0150881380552056
-0.0161833555955851
-0.0173159317961682
-0.0183530367140692
-0.0192120988920033
-0.0198641909403429
-0.0203206577831927
-0.0206089817975835
-0.0207479225655951
-0.0207350505186083
-0.0205537730549311
-0.0201922264901747
-0.0196589383056958
-0.018989735454294
-0.0182523365314461
-0.0175510275468748
-0.0170212780579728
-0.0168047070210619
-0.0170100225996264
-0.0176771182571759
-0.0187599107207385
-0.0201348122948684
-0.0216314149054972
-0.0230722134122288
-0.0243053413179544
-0.025222212136758
-0.0257632813606306
-0.0259195309324488
-0.0257330379950251
-0.0252930058175119
-0.0247209758752519
-0.0241441798368793
-0.0236652496151883
-0.0233407109360212
-0.0231758600657326
-0.0231356463732702
-0.0231666890746727
-0.0232229288068625
-0.0232834498779906
-0.0233515268115902
-0.0234355730878925
-0.0235263497594617
-0.023583971024002
-0.0235350252489342
-0.023275056908967
-0.0226813960714323
-0.0216453046533485
-0.0201151985150583
-0.0181238632110752
-0.0157815157960872
-0.0132458931599536
-0.0106932942095047
-0.00829819318820283
-0.00621202351995015
-0.00453781838048355
-0.00331295939686831
-0.00251205637054994
-0.00206573654039043
-0.00187991426873227
-0.0018476237688122
-0.00186240374099526
-0.00184573983723149
-0.00178114079487736
-0.0017245436908695
-0.00176699897377765
-0.00196274825531856
-0.00226690749394891
-0.00252030609322005
-0.00248683932140803
-0.00192621426221334
-0.000682363760708569
0.00123406636880284
0.00360035116564406
0.00600341921071611
0.00793245561265396
0.00891074850878067
0.00861839407326516
0.006968309090799
0.00412145531596051
0.000443437064472606
-0.00359021500463369
-0.0075246488743559
-0.0110562308404517
-0.014110256468782
-0.0168266077470675
-0.0194587166693445
-0.0222354524514419
-0.0252489174801049
-0.0284104503932086
-0.0314809617543071
-0.0341518456201563
-0.0361414621066917
-0.0372772676587926
-0.0375439729157632
-0.0370874994230078
-0.0361752469976557
-0.0351256485191916
-0.0342285394585895
-0.0336785877528365
-0.0335385868764299
-0.0337410611391315
-0.0341275519538297
-0.0345155761646359
-0.0347728560609432
-0.0348708440984681
-0.0348944334758988
-0.0350044065791944
-0.0353701840057781
-0.0360986645867604
-0.0371821646291276
-0.0384832084689282
-0.0397648823452436
-0.040757645623386
-0.0412347690470486
-0.0410652193230764
-0.0402283700633115
-0.0387947987729994
-0.0368873955749647
-0.0346374202564792
-0.0321480121368787
-0.0294749289895812
-0.0266297311120093
-0.0236045724403165
-0.0204105706497968
-0.0171145752886751
-0.0138570630726294
-0.0108407221182333
-0.00829118578382126
-0.0064015577035284
-0.00527861688378635
-0.00491008043083076
-0.00516500012729523
-0.00582343674704429
-0.0066191133635068
-0.00728205794520956
-0.00757976161942465
-0.0073546578811957
-0.00654190668336325
-0.00515045651774329
-0.00321616501728348
-0.000762981627590171
0.00219642714088235
0.005621901814835
0.00939818723680369
0.0133113572481566
0.0170669533173631
0.0203455096820641
0.0228699140829148
0.0244497929117509
0.024982811999227
0.0244253530465212
0.0227678806035831
0.020041541602934
0.0163514374659723
0.0119089516586809
0.00703821134378339
0.00214940319385315
-0.00231539123290073
-0.00595304253924264
-0.00847017123244327
-0.00973142676848739
-0.00976731744032366
-0.00873962923305278
-0.00687974697199887
-0.00442518693207859
-0.00157937303211714
0.00149245009051139
0.00463930028122905
0.00769726901432208
0.0104811520720171
0.012797435698738
0.0144652877014695
0.0153349075061927
0.0153050076030481
0.0143441280587631
0.0125102093169592
0.00995409385986681
0.00689822497835922
0.00359771328459729
0.000301920776466041
-0.00276968811153209
-0.00543891758043632
-0.00757898724755061
-0.00912842316410313
-0.0100982176353359
-0.010558329441414
-0.0106059867531025
-0.0103359303176763
-0.00982935565581523
-0.00915837995935439
-0.00839128219135343
-0.00759136031167535
-0.00681434184751393
-0.00611009286770415
-0.00552712829028309
-0.00511574085614665
-0.00492993713447153
-0.0050301511928493
-0.0054820969537178
-0.0063414548984198
-0.00762211364990793
-0.00926309437380707
-0.0111170163889883
-0.0129712828807196
-0.014593156739491
-0.0157786884447387
-0.0163887455142757
-0.0163667015432513
-0.0157417701394838
-0.0146228915262821
-0.013181798803579
-0.0116204606152972
-0.0101263303409916
-0.00883273749252048
-0.00780433395160764
-0.00705258136021032
-0.00656842181610836
-0.00635487720512042
-0.00644871064792627
-0.00692410881344644
-0.00787102610072419
-0.00934729886076765
-0.0113203193480321
-0.0136281476066989
-0.0159862154121828
-0.018043000623342
-0.0194608297431262
-0.0199858457622827
-0.0194834601208489
-0.017941707305107
-0.015461484217922
-0.012245996955817
-0.00858276570494298
-0.00480362358176181
-0.00122100884461856
0.00194046774353608
0.00458921963823759
0.00677014427471435
0.00862710763037178
0.0103411898609606
0.0120667342803095
0.0138829436146882
0.0157710151837383
0.0176206516733638
0.019265107012763
0.0205373412213575
0.0213304402904591
0.0216384591186845
0.0215578169756529
0.0212470879160726
0.0208649394395128
0.0205163250724361
0.0202287662441495
0.0199621642153069
0.0196413851560219
0.0191967277655359
0.0185990805884779
0.017879557062265
0.0171278746217185
0.0164701029844095
0.0160322114534103
0.0158992933064905
0.0160820552580805
0.016502288512144
0.0170060137727316
0.0174058186809781
0.0175436883689244
0.017355118547745
0.016908859662248
0.0163999930556996
0.0160904716587108
0.0162158731603422
0.0168965896428639
0.0180926007143883
0.0196204937210487
0.0212214710651438
0.0226485354099019
0.0237389331777394
0.0244473190081081
0.0248275900588753
0.0249693695858579
0.0249198388998412
0.0246372162646377
0.0240077953704192
0.0229167631628237
0.021326132854418
0.0193121912441502
0.0170472283178834
0.0147447177812908
0.0125987589423412
0.0107394561920974
0.00921208815933085
0.00797961044380247
0.00694514257820246
0.00598894005062009
0.00500977813698396
0.00395673094123693
0.0028410119275052
0.00172909628764665
0.00072755380479937
-3.19813154345875e-05
-0.000408916596532325
-0.000277811224997537
0.000437840934140435
0.00173267120538511
0.00350533665574538
0.00557486812805559
0.00772183907481715
0.00973567570985964
0.0114525834535522
0.0127815303124006
0.0137208694618598
0.0143606203721186
0.0148597960864505
0.015397974173766
0.0161195295070609
0.0170985096441377
0.0183401475075559
0.019809167295221
0.0214571707932056
0.0232277208869455
0.0250422182043638
0.0267890340633106
0.0283355241201448
0.0295630038480451
0.0304081176478271
0.0308916673743764
0.0311228376261008
0.031274734813812
0.0315358321606477
0.032051744550965
0.0328775515909821
0.0339582982875409
0.0351456069879988
0.036244489880607
0.037070959264555
0.0374965910493336
0.0374659987829417
0.0369892765494103
0.0361202216789965
0.034929434545554
0.0334776045912251
0.0317946673283932
0.0298723958365523
0.0276762712704673
0.0251759682548165
0.0223849698201807
0.0193936309137208
0.0163818130259656
0.0136065071306821
0.0113682218688848
0.00996142375344413
0.00961418667025293
0.0104274244050524
0.0123308074451194
0.0150722595153257
0.0182506679172818
0.0213915298759963
0.0240516520462135
0.0259220528594555
0.0268908704035906
0.0270442355708016
0.0266145018241321
0.025905418045952
0.0252191488750589
0.0247951324300071
0.0247666924541358
0.0251478885373756
0.0258617116252265
0.0268009173264813
0.0278881715440592
0.0290985741416748
0.0304351488219332
0.0318851919035342
0.0333970952523369
0.0348920468346332
0.0362903654051641
0.0375241601261058
0.0385308937290933
0.0392473802332159
0.0396236301797607
0.0396530761242811
0.0393947280545817
0.0389638695390161
0.0384898870311229
0.0380645734039399
0.0377122588341646
0.0373982376002938
0.037066325988672
0.0366803338158966
0.0362477900885033
0.0358193668000813
0.0354694461862785
0.0352665336908065
0.0352416330884674
0.0353635824904402
0.0355315461679377
0.0355915554328003
0.0353745997442992
0.0347433453463729
0.0336311002937527
0.0320624134624784
0.0301525201883627
0.0280850279036206
0.0260669292455626
0.0242672655337992
0.022760814521249
0.0215058801683131
0.0203714729532214
0.0192000779852671
0.0178712721724097
0.0163362612870778
0.0146186220112185
0.0127996697146604
0.0110088973918844
0.00942168887441662
0.0082475421892449
0.00769211148353822
0.00789637384616285
0.00887817774321372
0.0105068594646142
0.0125271024185946
0.014624599160849
0.0165081034098276
0.0179791856685796
0.018970563175379
0.0195462787740214
0.0198652043214473
0.0201162302740146
0.0204441565123868
0.0208950910647634
0.0214071915773979
0.0218522769765585
0.0221066222607789
0.0221130998627402
0.0219036054043361
0.0215767314473338
0.0212524295326348
0.0210330513601639
0.0209854826694131
0.0211391832078954
0.0214889858634608
0.0220002703353303
0.0226219401148554
0.0233080930776958
0.0240382718720652
0.0248229046015464
0.0256898297067089
0.026660285849964
0.0277270143849812
0.02884225033665
0.0299170416993944
0.0308309611147612
0.0314513636026601
0.0316598803460693
0.0313797175477803
0.0305939914208973
0.0293479497184814
0.0277368891377341
0.0258892586725796
0.0239529528013099
0.0220845424012413
0.0204362514754457
0.0191388220934713
0.0182851302183782
0.0179222656113582
0.0180561488292142
0.0186649740409599
0.0197112770147508
0.02114301215497
0.0228826515629424
0.0248135386702572
0.0267761388624007
0.0285812243626105
0.0300372871005826
0.0309820282303301
0.0313069229346093
0.0309703287115889
0.03000277726078
0.0285083411415361
0.0266568752404275
0.0246564032777692
0.022705189372536
0.0209421310837724
0.0194215382861874
0.018124186661489
0.0169929333368554
0.0159688489822742
0.0150108398258695
0.0140976549288258
0.0132204056400271
0.0123719299006719
0.0115346795206385
0.0106692055375193
0.0097091632800098
0.00856909533224792
0.00716540417252725
0.00544331931627293
0.0033990558511488
0.00108840360780437
-0.00138109683768263
-0.00387050051623202
-0.00623467893836946
-0.00834578937952683
-0.0101114069931716
-0.0114850941536774
-0.012467078245907
-0.0130937713239675
-0.0134179110774765
-0.0134848338812011
-0.0133135227810985
-0.0128920168258362
-0.012192615975621
-0.0112024729536834
-0.00995505154124888
-0.00854431342268668
-0.00710847549388752
-0.00578353873695774
-0.00464634082549042
-0.00368062484141023
-0.00279026912921394
-0.00185237215740495
-0.000776174573825877
0.000464296380558151
0.00183241896477919
0.00325475360564102
0.0046550357819952
0.00598447401868585
0.00723875264289392
0.00845536608703354
0.00969291438194832
0.0110030446409868
0.0124086777710059
0.0138967014111657
0.015423290060287
0.0169220837649789
0.0183054833412803
0.0194580858407467
0.0202323828993866
0.0204614623416879
0.0199971802089727
0.0187667230741051
0.0168232153401531
0.0143603188157222
0.0116760658490862
0.00909892294177919
0.00690723996896413
0.00526977056721659
0.0042193280304377
0.00366009253265295
0.00340598421722368
0.00324456847837711
0.00301044928953705
0.00263875620297911
0.0021688407571178
0.0016910386380353
0.00126425014233188
0.000851926154884392
0.000311567014021379
-0.000561020661879339
-0.00195937580567562
-0.00399791176679866
-0.00666710136843029
-0.00981783515948067
-0.0131745745562897
-0.0163782758313504
-0.0190577865918004
-0.0209141108492739
-0.0217858134174678
-0.0216688535449793
-0.0206939275714869
-0.0190894397981192
-0.0171501616624412
-0.0152024310187357
-0.0135457206593563
-0.0123753462013634
-0.0117263217196415
-0.0114832137459111
-0.0114627927581341
-0.011524950375295
-0.0116472778354654
-0.0119265631756678
-0.0125190534053846
-0.0135592012566162
-0.0150912702107262
-0.0170315934717014
-0.0191722632326329
-0.0212333337126359
-0.0229541371158466
-0.0241888508964055
-0.0249599915812094
-0.0254415516887613
-0.0258817891522235
-0.0265076965623524
-0.0274562352098073
-0.0287513078128809
-0.0303145495405467
-0.0319893247888548
-0.0335714933434143
-0.0348519415459526
-0.0356669597409117
-0.0359373178865981
-0.0356798082779845
-0.0349953446760399
-0.0340500909150881
-0.0330553068270392
-0.0322340637903444
-0.0317670251002174
-0.0317372776005222
-0.0321129909141461
-0.0327863792630663
-0.0336420192292732
-0.0346040673952886
-0.0356352151035643
-0.0367036961751576
-0.0377540248029009
-0.0387007529285419
-0.0394385407286861
-0.0398539907172815
-0.0398361888420699
-0.0392940076945544
-0.0381833974811511
-0.0365327860484367
-0.0344487798343463
-0.0320965491347096
-0.0296661304066602
-0.0273392079647142
-0.0252618031123696
-0.0235229455997791
-0.0221442371065026
-0.0210888231308793
-0.0202903029422026
-0.0196882635676501
-0.0192505425482776
-0.0189686742004401
-0.0188286176929873
-0.0187754580238881
-0.0186979656676
-0.0184499840153845
-0.0179042693680384
-0.0170127244596933
-0.015837404277083
-0.0145272586016202
-0.0132454279941945
-0.0120847616428159
-0.0110194947644008
-0.00991834927389931
-0.00860830502019466
-0.00695770799203004
-0.00494850414768319
-0.00271486021145762
-0.000530703439946651
0.00125890546753907
0.0023420481992646
0.00253566013833349
0.00182896173437813
0.000358661404588081
-0.00166419859232908
-0.00403429631361441
-0.00660052576784771
-0.00926812229002689
-0.0119680713919384
-0.0146216712535115
-0.0171213447878277
-0.0193322211679352
-0.0211077299272941
-0.0223106718500663
-0.0228344083684584
-0.0226222136052496
-0.0216830182614133
-0.0200980823009297
-0.0180120228863353
-0.0156099240380639
-0.0130931932088449
-0.0106653988824053
-0.00852520040549782
-0.00685425918249356
-0.00579458089249341
-0.00542245853241606
-0.00573108841411748
-0.00662966352635353
-0.00795983399206329
-0.0095244585197752
-0.0111194690896508
-0.0125595661402184
-0.0136933643699748
-0.0144103233530749
-0.0146458762334785
-0.0143907603203169
-0.0137053244488406
-0.0127303623433518
-0.0116790285826319
-0.0107995640761537
-0.0103167569859755
-0.0103770061906153
-0.0110220496866609
-0.0122000766391202
-0.0138038489808799
-0.0157155849648316
-0.0178396080357451
-0.0201121936450366
-0.0224892089323419
-0.0249212049881752
-0.0273285957832047
-0.0295873890884835
-0.031532436524129
-0.0329800854898862
-0.0337633368006699
-0.0337649842851674
-0.0329363220068861
-0.0313000918151277
-0.0289454886529195
-0.0260226379206855
-0.0227370916205049
-0.0193393806590958
-0.0161051265719645
-0.0133061359420369
-0.0111765213121737
-0.00987713682873691
-0.00946130740630628
-0.00985084427098286
-0.0108388309371262
-0.0121319081223274
-0.0134258374552704
-0.0144864127509128
-0.0152007486866151
-0.0155782327073821
-0.015706702441621
-0.0156900938318401
-0.0155970221871209
-0.0154383399529085
-0.0151770031678315
-0.0147618820316315
-0.014167962593798
-0.0134213271871765
-0.0125952607860219
-0.0117825606154454
-0.0110643333398061
-0.0104939445502102
-0.0100993877248226
-0.00989386724559067
-0.00988342058765078
-0.0100678417903628
-0.0104369435873617
-0.0109650941048065
-0.0116068560271209
-0.0122977846039643
-0.0129645365076792
-0.0135443970984229
-0.014006949756572
-0.014365276885343
-0.0146672479813027
-0.0149692462105562
-0.0153058143897847
-0.0156695576941121
-0.0160079478796023
-0.0162369565541664
-0.0162686578310908
-0.0160455435603588
-0.0155676033570291
-0.0148976131186118
-0.0141399856344566
-0.0134020161923006
-0.0127544434267508
-0.0122085674829341
-0.0117208977841191
-0.0112244155233012
-0.010671459109094
-0.0100648971488481
-0.00945946932285464
-0.00893321382689941
-0.00854699283611096
-0.00831309116652137
-0.00818087616668297
-0.00803523979482669
-0.00770628567495705
-0.00699841906364101
-0.0057429764450407
-0.00385779637743115
-0.00138263184926022
0.00152888386079197
0.00465173957623221
0.00774054112363852
0.0105697915440291
0.012961435770093
0.0148055391522632
0.0160736274421313
0.016815146328332
0.0171294252394571
0.0171196716098737
0.0168490331224352
0.0163183115413299
0.0154713708651612
0.014221602958877
0.0124912772323641
0.0102592622001184
0.00760821897956887
0.00475027928373389
0.00200781147877958
-0.00025518833397292
-0.00172767240384626
-0.00223521265087479
-0.00178473623518598
-0.000561048032818456
0.00112003139118586
0.0028896374877159
0.00441574028647922
0.00547864108325234
0.00600659760239397
0.00606020066358298
0.00577505678530237
0.00528750873330367
0.00467096139914943
0.00390325026499616
0.00287377552383897
0.00142684940766017
-0.000572229836859573
-0.00316804060705869
-0.00626524410762212
-0.00961781175920831
-0.0128642895186443
-0.0155972325752328
-0.0174439367749574
-0.0181388876017131
-0.0175751797421292
-0.0158231700408364
-0.0131071014323739
-0.00974375267034348
-0.00606429775082896
-0.00234620087907785
0.00122689583781996
0.00457129659492329
0.00767543123683563
0.0105428936540477
0.013124008121771
0.0152708074019674
0.016752037527239
0.0173363329992847
0.0169068241075536
0.0155450886619709
0.0135393639357465
0.0113164389920696
0.00933254502849305
0.0079658308139602
0.00744084467695368
0.00780086195418612
0.00893085868802843
0.0106192487874962
0.0126343186363039
0.0147894228976505
0.0169782835716136
0.019170775243587
0.0213694217207062
0.0235414973951162
0.0255567781236959
0.027163556886165
0.0280200920230323
0.0277754608230962
0.0261760797051959
0.0231649897171895
0.0189386659297346
0.0139341934804817
0.00874190696427099
0.00396785078756575
9.14552891502302e-05
-0.00263445100215366
-0.00421246439605905
-0.00485831984841527
-0.00491127957857329
-0.00472818111841512
-0.00458608949417709
-0.00461214145843968
-0.0047586507956617
-0.00483890103196401
-0.00462264046329028
-0.00396110093876969
-0.00288775564085495
-0.00164473044102358
-0.000618784419418136
-0.000212938850078534
-0.000703514770205289
-0.00213141778444796
-0.00426313344768293
-0.0066387937410513
-0.00869843519752678
-0.00994568124563753
-0.0100881809344521
-0.00910287117576839
-0.00720829374827705
-0.004765463576634
-0.00215263916168521
0.000340834626652188
0.0025746483299283
0.00456533325588332
0.00644700757663361
0.00839586237329413
0.01053876174802
0.0128786621417212
0.0152702309214478
0.017458915088976
0.0191656576893973
0.0201786128333813
0.0204154271318489
0.0199388097583289
0.0189276992892727
0.0176172706920856
0.0162269182868598
0.0149000810714299
0.0136780572465791
0.0125160802515479
0.011330219389577
0.0100519509700652
0.00866935269414361
0.00724322910391283
0.00589483968478716
0.00476823829095252
0.00397751544661672
0.00355716759352425
0.00343704064479798
0.00345588609169883
0.00341032758404739
0.00311933402512029
0.00247952261623163
0.00149397266012831
0.000267365687238576
-0.00103162399403404
-0.00222984857451456
-0.00320869228727438
-0.0039375937046994
-0.00447089679067205
-0.00491660595316883
-0.00539369162314367
-0.00598894825510848
-0.00672019921455196
-0.00751835023527384
-0.0082445561654596
-0.00874598983521141
-0.00892954400060626
-0.00881769702891448
-0.00855788993379116
-0.00838044444659966
-0.00852339950605329
-0.00915229080463823
-0.0102987795824313
-0.011833916673117
-0.0134853737139157
-0.0148987998037465
-0.0157282028397309
-0.0157264960435769
-0.0148062262142793
-0.0130534127269599
-0.0106947171344805
-0.00802980895120204
-0.00534646473899672
-0.00284213606683246
-0.000581677918591624
0.00148603379749218
0.00345709068252716
0.00538382478102788
0.0072149362339533
0.00878918992904738
0.00987446919366693
0.0102284646779267
0.00966395822905605
0.00811050106315384
0.00566054204179463
0.00258072457620998
-0.000726278704921351
-0.00380744196218879
-0.00627273466495421
-0.00790235329822233
-0.00870644610808344
-0.00890471155250171
-0.00882645135332949
-0.00877482871631398
-0.00891928553482481
-0.00925887403669041
-0.00965530876403047
-0.0099049475017422
-0.00981986910488112
-0.00930223774270661
-0.00839935354333834
-0.00731933190475807
-0.00638908233856379
-0.00595782314981543
-0.00627821486829062
-0.00741242764914164
-0.00920271347772464
-0.0113205650014928
-0.0133770881611074
-0.0150525227214086
-0.0161956311846281
-0.0168575466852459
-0.0172522506713654
-0.0176627889222668
-0.0183275423071902
-0.01934295427254
-0.0206129290473089
-0.0218641181657117
-0.0227295799060198
-0.0228795480405349
-0.0221534881778398
-0.020638337643338
-0.0186571904884091
-0.0166730673189738
-0.0151472138688974
-0.0144016018514092
-0.0145267297702621
-0.0153624649822725
-0.0165612593850825
-0.0177139764968678
-0.0184902811282902
-0.0187394784852514
-0.018517904257099
-0.0180393945652808
-0.0175715181868229
-0.0173178568091707
-0.0173316872803901
-0.0174932684731884
-0.0175548247935133
-0.0172293958021111
-0.0162872820851567
-0.0146296051009576
-0.0123220352401678
-0.00958162887650684
-0.00671661396628761
-0.00403207957606514
-0.00173370929897899
0.000129057256206761
0.00165411952479614
0.00301871802282921
0.00438728209805746
0.00583674344626042
0.00732705566728541
0.00872189595350604
0.00984374142734057
0.0105365312726933
0.0107122473244588
0.0103709331512651
0.00959635561904542
0.00853540722255267
0.00736988724014536
0.00628682497632553
0.00544981588112804
0.00497336908951819
0.00490644600323227
0.0052329121547783
0.00588933161041295
0.00679038777863565
0.00784950782848324
0.00898784638708188
0.0101320303881373
0.0112058924290174
0.0121233070407275
0.0127877566562057
0.0131005002995303
0.0129762125756684
0.0123627902306995
0.0112583585741465
0.00971645680673831
0.00783719288472574
0.00575513096424851
0.00363789371223546
0.00169383352143561
0.000167296136381021
-0.00069940087710509
-0.000731857874696212
0.000117398980081805
0.00175481671480729
0.00398495767697994
0.00657310281624645
0.00929021619465442
0.0119247815877586
0.0142804019574626
0.016185484112024
0.0175191266899492
0.0182341315467407
0.0183561204257631
0.0179536945029006
0.017094788577642
0.0158181025504875
0.014144610492056
0.01212765779571
0.0099083734461862
0.00773548450356773
0.00593200060458242
0.00482143636203175
0.00464078914656258
0.00546936672021064
0.00720130260519387
0.00957850074587657
0.012272549145969
0.0149760572707344
0.0174628302119328
0.0196032431503057
0.0213493615954704
0.022711794062124
0.0237398252081903
0.0245044487892396
0.0250811730787878
0.0255346061137938
0.0259113131773215
0.0262440956397998
0.0265619869365445
0.0268962424275346
0.0272782126607308
0.0277322656239211
0.0282675679605623
0.0288704182277029
0.0295009438140188
0.0301004150780707
0.030610330583763
0.0309952283283186
0.0312582876738108
0.031443947943739
0.0316281003751529
0.0319002792618217
0.0323447109987707
0.0330267937220835
0.0339866666585222
0.0352358234500643
0.0367517892470005
0.0384689775232528
0.040267364752938
0.0419651108095266
0.0433265333603359
0.0440955518840056
0.0440513601629626
0.0430664551352462
0.0411428946629083
0.0384140711688625
0.0351147045386137
0.0315305403769661
0.0279412253179135
0.0245692773735291
0.0215469551211514
0.0189104039748568
0.0166241662913132
0.0146279624554239
0.0128867232442193
0.0114217910869087
0.0103074556336454
0.00962938857524231
0.00941910033834566
0.00959690496954711
0.0099596907854699
0.0102270246522359
0.0101235076645095
0.00945778385056113
0.0081709411417768
0.0063482220145151
0.00419504957755373
0.00197725979903806
-6.34915698863383e-05
-0.00178601276806695
-0.00317684620896349
-0.00431155445205946
-0.00527267550589069
-0.00607046806140804
-0.00660444583479641
-0.00667817346257989
-0.00605981366174808
-0.00457092524739187
-0.0021755922263096
0.000967970678423599
0.00452428370134153
0.00806700845942415
0.0112011318058206
0.0136709958361329
0.0154134364973274
0.0165401765418039
0.0172617557259713
0.0177869983507046
0.0182389904134311
0.018617990690502
0.0188212136717334
0.0187095447339575
0.0181954193536226
0.0173150013808722
0.0162483669562095
0.0152712015232308
0.0146555022301827
0.0145663648286489
0.0150078904139616
0.0158470007268811
0.0169006376287984
0.0180344690657929
0.0192156387822175
0.0204946428908166
0.0219381615141026
0.0235593871879477
0.0252811338678445
0.0269387758518098
0.0283109769287087
0.0291637495992297
0.0292996061293446
0.0286090524291399
0.0271196666548131
0.0250272383583484
0.0226851540125131
0.0205387263023605
0.0190196619210549
0.0184393775791102
0.0189182009568776
0.0203659447468077
0.0225099754488289
0.0249617638221519
0.0273126474920409
0.0292390249564405
0.0305789846305516
0.0313398560932913
0.0316282788384906
0.0315459346311968
0.0311197486272146
0.0303050736937737
0.0290393255658371
0.0272912605460196
0.025075505964462
0.0224485148542498
0.0195165549494938
0.0164560840826336
0.0135107570039463
0.0109336198351614
0.00889244969443039
0.00740383047813035
0.00635230279106012
0.00558400380968433
0.00500354632056345
0.00460934300293124
0.00446411947902474
0.00464575509593442
0.0052154180118954
0.00619966159979639
0.00756402573750999
0.00917702956460885
0.0107954969336158
0.0121038045159632
0.01280279129775
0.0127029498034862
0.0117729506822387
0.01013112375554
0.00800350386348746
0.00567391038046663
0.00343255385903602
0.00152316839975749
9.96556476048608e-05
-0.000789566846381875
-0.00118018856276455
-0.00114289466897781
-0.000732541474308251
3.53993794318337e-05
0.00117024003860945
0.00267036635172081
0.0044951516172623
0.00655761685340862
0.00872797572628801
0.0108342791362731
0.0126626889703149
0.0139744121800759
0.0145507414550582
0.0142549799492449
0.013080562278279
0.011158217544253
0.0087206887834768
0.00604731171016343
0.0034114410577816
0.00103844234148984
-0.000925549638781952
-0.00242738648427883
-0.00349361947679291
-0.00419408593191917
-0.00460339060751699
-0.00478124539696024
-0.00477461803911747
-0.00462861524164436
-0.00439468205343284
-0.00413760069343026
-0.00394764544902199
-0.00395319099951047
-0.00431632360815138
-0.00519896188268696
-0.00670829715394074
-0.00884592669253256
-0.0114807485330395
-0.0143520949216307
-0.0171026116470345
-0.0193384545411432
-0.0207074981345145
-0.0209767445998134
-0.0200883523260896
-0.0181800301477633
-0.0155619801080341
-0.0126489309507102
-0.00985921225725026
-0.00751094797324209
-0.0057532633887028
-0.00455762999975983
-0.00376829721351545
-0.00318765113889418
-0.00266276042781256
-0.00214314799048908
-0.00169192186116329
-0.00144850193353453
-0.00155797178989456
-0.00209502193381693
-0.00301369177591439
-0.00414415521389352
-0.00523798669660658
-0.0060432811659332
-0.00637981212440154
-0.00618615929100116
-0.00552472305134359
-0.00455014680503486
-0.00345985947357421
-0.00244506298165771
-0.00165250696016895
-0.00116184267467647
-0.000981390418148634
-0.00106237483874672
-0.00132753614482372
-0.0017062807664564
-0.00216492925227891
-0.00271878748780632
-0.00341813254206873
-0.00431354788693449
-0.00541798743557209
-0.00668327580379816
-0.00799878063559387
-0.00920969802558182
-0.0101474414223827
-0.0106635130336386
-0.010659466142905
-0.0101084219186046
-0.00906467300921364
-0.00765601107767518
-0.00605447613731254
-0.0044302585864427
-0.00290547855704765
-0.00152902694648216
-0.000284991503347523
0.000871253673617379
0.0019722593848803
0.00301774793242565
0.00398136191209108
0.00483125859917553
0.00554618470834244
0.00612116227737185
0.00656786518056049
0.00691230975927162
0.00718609165168954
0.0074109855550783
0.0075874496145802
0.00770008304132359
0.00774084559172394
0.00773488486943628
0.00774936403641449
0.00787621271735434
0.00819619659175506
0.00874255393903935
0.0094817278032285
0.0103185276600369
0.0111212588464669
0.0117560783757254
0.0121197865992496
0.012162653223647
0.0118953624280115
0.0113774037468605
0.0106893733018244
0.00989849173300019
0.00903232246926343
0.00807439132952354
0.00698388309698349
0.00572653334924715
0.00429839019686679
0.00273308859215681
0.00109669874640154
-0.000520735902690183
-0.00201308173788456
-0.00326889844531008
-0.00419002388739231
-0.00471717470992435
-0.00485475389622827
-0.00468561507979983
-0.00437108188221398
-0.00413567408340926
-0.00423627867949767
-0.00491705888394145
-0.00635887511712863
-0.00863946022516429
-0.0117182976049566
-0.01544883038673
-0.019610709063392
-0.0239520196176621
-0.028231491467001
-0.0322492865907184
-0.0358557811520783
-0.0389362399191828
-0.0413830454459277
-0.0430760594213907
-0.0438873586141127
-0.0437112236609999
-0.0425055365639488
-0.0403261326208373
-0.0373399408127165
-0.0338099329559917
-0.0300535578757393
-0.0263863724967016
-0.023068078206888
-0.0202639378312172
-0.018026591835575
-0.0163012697215491
-0.014958476428511
-0.0138506177664376
-0.0128721644296618
-0.0119931748401873
-0.0112477491859031
-0.0106864873324706
-0.0103236015904553
-0.0101083076391157
-0.00993015968446287
-0.00964839839713197
-0.00913064251989347
-0.00829162731612915
-0.00712390259692101
-0.00570757827044067
-0.00418829214399894
-0.00272835259285149
-0.00145394082193352
-0.000425055964035123
0.000358882728228809
0.000925862960217705
0.00129292611242217
0.00144454218717142
0.00133672460417098
0.000920799094400059
0.000172447665676676
-0.00088853368345882
-0.00219738220681075
-0.00366289504182481
-0.00519398076658672
-0.00671694583151451
-0.0081751559886399
-0.00952028762231133
-0.0107111856173138
-0.0117238886250249
-0.0125601772672396
-0.013241922278566
-0.0137935139473724
-0.014226653691682
-0.0145389827023545
-0.0147250692915504
-0.0147876415083453
-0.0147377643521685
-0.0145842947311768
-0.0143242071646047
-0.0139441705901257
-0.0134312341793756
-0.0127810751801064
-0.0119966736609556
-0.0110828331010733
-0.0100478174509474
-0.00891541758986628
-0.00773688555388988
-0.00658708920350564
-0.00554013110564481
-0.00463833340838202
-0.00387737605849396
-0.00321971129239079
-0.00262769350633005
-0.00209607557021831
-0.00166764150979458
-0.00142642859091145
-0.00147080944006129
-0.00187425155330211
-0.00264736191466012
-0.00371772181483953
-0.00493961497852427
-0.00613354760901602
-0.00713922642829972
-0.00785487146538839
-0.00824267576436863
-0.00830515391028323
-0.00805955315878253
-0.00753492213169319
-0.00679111813749069
-0.00593588840828803
-0.00511541675044536
-0.00447389659525059
-0.00410178973177397
-0.00400267673576844
-0.00409795136478355
-0.00426560161902274
-0.00439133139667347
-0.00440804755220691
-0.00430958907986185
-0.00413682109338211
-0.00394414046600049
-0.00376167600371761
-0.00357114964655389
-0.00330887261163988
-0.00289828107989202
-0.00230013034478731
-0.00155608931967658
-0.000799420705271782
-0.000221496409537362
-8.65927927031016e-06
-0.000281184258858344
-0.00106167477540936
-0.00228075895641539
-0.00380990145616696
-0.00550339363740205
-0.00723306680250489
-0.00890691739999299
-0.0104729480744435
-0.0119152874034878
-0.0132465698625585
-0.0144939406023071
-0.01567600008374
-0.0167766696015664
-0.0177305600902973
-0.0184330508457966
-0.0187757280726038
-0.0186928090748
-0.0181982518314083
-0.0174001022269282
-0.0164899813152825
-0.0157112201821341
-0.0153095212155669
-0.0154734913867726
-0.0162804632384865
-0.0176666881714339
-0.0194339597076025
-0.0212924869158943
-0.0229304775375794
-0.0240942006883377
-0.0246556360298619
-0.0246432311131679
-0.0242217721332574
-0.0236269527792743
-0.0230783448653094
-0.022703251506137
-0.0225000608264742
-0.022353336363727
-0.0220912773933316
-0.0215617202708161
-0.0207007805905406
-0.0195724811863086
-0.0183631603976267
-0.0173260907680107
-0.0166937756528046
-0.0165959892728401
-0.0170204002576797
-0.0178263102235558
-0.0187927439090835
-0.0196734121446085
-0.0202429091492332
-0.0203326806070192
-0.0198590163045871
-0.0188409048670799
-0.0174012253749923
-0.0157453187231125
-0.0141173900659149
-0.0127449872911166
-0.0117887118434751
-0.0113123030475633
-0.0112784241323887
-0.0115662392614131
-0.0120045288081039
-0.0124154662874686
-0.0126616538800738
-0.012682333763671
-0.0125032426299426
-0.0122155018820042
-0.0119360408905156
-0.011770554876914
-0.011792502352796
-0.012036721321435
-0.0124991590553379
-0.0131397112382145
-0.0138925792175125
-0.0146859779598472
-0.0154630243880667
-0.0161916433876024
-0.0168596486184093
-0.0174630317981341
-0.0179986694815732
-0.0184653425134786
-0.0188677399203657
-0.0192157389402024
-0.0195168288328712
-0.0197667235948971
-0.019944936155122
-0.0200178607782062
-0.0199472987270205
-0.0197010722196087
-0.0192624921350957
-0.0186351220531439
-0.0178406648342202
-0.0169117582534546
-0.0158838791516462
-0.0147886111515908
-0.0136480628807703
-0.0124716576093275
-0.0112592174556292
-0.0100123383810174
-0.00874970437191227
-0.00751789520069344
-0.00639157849287583
-0.00546240215557569
-0.00481934344988815
-0.00452528020851942
-0.00459823359576737
-0.00500775829063071
-0.00568957733465278
-0.00656689267459024
-0.00756061208208274
-0.00858332277843597
-0.00953065966158026
-0.0102867059088104
-0.0107446900513355
-0.0108301720837919
-0.0105152138831304
-0.00982102391230989
-0.00881081896176089
-0.00757549112730097
-0.00621845744210759
-0.00484854837221714
-0.0035827022138963
-0.002547904672904
-0.0018687670927573
-0.00163924751919562
-0.00189323964894795
-0.00259361927061467
-0.00364899955948096
-0.00495114025109837
-0.00641508897534826
-0.00800360487668604
-0.0097258300501964
-0.0116127889434431
-0.0136821053248856
-0.0159057206950066
-0.0181892733868272
-0.0203678824734873
-0.0222232964675191
-0.0235255454652659
-0.0240928008933889
-0.0238508393023118
-0.0228691583050536
-0.021358993565808
-0.019633050142983
-0.0180388202415968
-0.0168839735582589
-0.016374321371491
-0.0165811317946052
-0.0174443854777708
-0.018806534398208
-0.0204638733351728
-0.0222210394249994
-0.023935258936955
-0.025539144697862
-0.0270358955812941
-0.0284696863788013
-0.0298833562063936
-0.0312796723497608
-0.032600064842117
-0.0337292560397225
-0.0345277444981582
-0.0348848519952034
-0.034773623418649
-0.0342826258799657
-0.0336062093451939
-0.0329927496387967
-0.0326697484178919
-0.032774973248848
-0.0333199390347328
-0.0341982708178125
-0.0352327412993385
-0.0362390003691428
-0.0370794083236249
-0.0376898315584258
-0.0380785362951026
-0.0383069323127846
-0.0384613791418422
-0.0386203255456512
-0.0388213911908675
-0.0390386950919501
-0.0391826681631966
-0.0391265919715193
-0.0387504506272534
-0.0379830608983131
-0.0368243984429642
-0.0353411265629224
-0.0336423582695471
-0.0318500327651601
-0.0300752226207974
-0.0284037603054865
-0.0268896259356422
-0.0255546647009923
-0.0243949313306868
-0.0233932594793653
-0.022533977829206
-0.0218129033002352
-0.0212379265493609
-0.0208211717399969
-0.0205672479476427
-0.0204616280005923
-0.0204624798472836
-0.0205002882179696
-0.0204880517970721
-0.0203378157604551
-0.0199735465129208
-0.019334959449746
-0.0183781919122443
-0.0170826529919876
-0.0154635167909255
-0.0135783720250593
-0.0115182408844881
-0.0093856109857682
-0.00727205147139176
-0.00524716401927292
-0.00336252774965038
-0.00166673749226575
-0.000223278385164374
0.000880140781293801
0.00154232488397223
0.0016818614164416
0.00127851060211957
0.000398558533424784
-0.000810467698538691
-0.00215007676029088
-0.00340943728967127
-0.00439984296355411
-0.00497969104062863
-0.00506568251662586
-0.00462635132725851
-0.00366139324004681
-0.00218037012907849
-0.000196335721434508
0.00225972292840053
0.00511149952940385
0.00821275401082447
0.0113392951826338
0.0142034912903368
0.0164896524751012
0.0179041859462213
0.0182311914393294
0.0173804776486275
0.0154135474031217
0.0125372901032965
0.00906370942896555
0.00534384252813297
0.00169444222982981
-0.00165578786519929
-0.00457734176381126
-0.00700713972646685
-0.00889807640623679
-0.0101874650844509
-0.0108054336864128
-0.0107172640160313
-0.00997445682728714
-0.00874555563750891
-0.00730753587688878
-0.00599696986256514
-0.00513818987536252
-0.00497300792696668
-0.00561218197540638
-0.00702059155062233
-0.00903925656615399
-0.0114348049168238
-0.0139551939592565
-0.0163715859457208
-0.0185005597606339
-0.0202120849408871
-0.0214270425091581
-0.0221036136274285
-0.0222166153212754
-0.0217428115570925
-0.0206646576262766
-0.0189920016817302
-0.0167872075694654
-0.0141763681548019
-0.0113392101644534
-0.00848289305420059
-0.00580959863633055
-0.00348528294974469
-0.0016159202655964
-0.000239367637576211
0.000663130312653506
0.00114398509473034
0.00127067852258741
0.00111982052454285
0.000777666476126411
0.00033637660308627
-0.000115939998326503
-0.000503603156764843
-0.000762653528086349
-0.00083232989874675
-0.000647565635829583
-0.000140233856951835
0.000751266896105873
0.00207012207694007
0.00382917433049205
0.00599435885865219
0.00846219756871204
0.0110441645812696
0.0134785855709265
0.0154781616284269
0.0167963598008909
0.0172813206128637
0.0168945506070696
0.0156951361961299
0.0138086783440472
0.0114004678018906
0.00865832579766205
0.00577781199803563
0.00294362524534731
0.000312540274470764
-0.00199065379711997
-0.00386185876728873
-0.00520411882525714
-0.00592898064514292
-0.00597738748345268
-0.00534827881888703
-0.00411741159797635
-0.00243646409063992
-0.0005149198050373
0.00140551827539319
0.00307703131052253
0.00427366537160834
0.00482528686361027
0.00465347062450792
0.00379493635384472
0.00239848472005044
0.000693250262865243
-0.00106160274173226
-0.00263098683979048
-0.00384814458421488
-0.00463816418245199
-0.00501511771793485
-0.00505615022620067
-0.00486443340748945
-0.00453491849160155
-0.0041312094710106
-0.00367396369999615
-0.00313766107450431
-0.00245526029309497
-0.00153408097281628
-0.000284054022359096
0.0013491046001841
0.00336007996992974
0.00568130923468389
0.00820260752446974
0.0108027337694053
0.01337753386094
0.0158536925012875
0.0181876490432746
0.0203573338570055
0.0223539393816393
0.0241753027078241
0.0258199728553865
0.0272836022008427
0.0285603189890426
0.0296469506317073
0.0305434254437783
0.0312464980474879
0.0317432629768247
0.0320142321699706
0.03204791410124
0.0318576845753555
0.0314887805510554
0.031011387462861
0.0305066266190078
0.0300545313853006
0.0297255621886384
0.0295710538899657
0.0296119206760877
0.029832206363807
0.030182857319861
0.0305930490332831
0.030983201764812
0.0312780451041557
0.0314201444990461
0.0313795480358464
0.0311521215397955
0.0307454573964258
0.030161203733177
0.0293852431507589
0.0283912768601023
0.0271568202789846
0.0256868979702457
0.0240363144485701
0.0223166188703059
0.0206774397907633
0.0192684605540575
0.0182057020686697
0.0175617065621268
0.017369042476393
0.0176056133322171
0.0181664823371732
0.0188894933669539
0.019662242044676
0.0204942293472474
0.0214377907695501
0.0224549485323078
0.0234117374475329
0.0241877617889131
0.0247477350272299
0.025119529390026
0.0253466132084651
0.025472038833683
0.0255462379134593
0.0256303068884078
0.025787071535006
0.0260700004009162
0.0265169994495573
0.0271456830118399
0.0279453248236278
0.0288685433254572
0.0298320235195445
0.0307326788854737
0.0314756087648062
0.032001166683904
0.0322974838884275
0.0323923495222721
0.0323290066371031
0.0321380465808303
0.0318186962804415
0.0313370435440816
0.030639440618862
0.0296726237187285
0.0284023073136534
0.0268269878027218
0.0249866488958033
0.0229637232480978
0.0208713153551173
0.0188286336903479
0.0169335027822863
0.0152455676345875
0.013786048181692
0.0125487646729346
0.0115135182235316
0.0106575628432683
0.00996588291090267
0.00944025109164452
0.00910295826906862
0.0089908504713674
0.00914132283628344
0.00957774715999066
0.0103001164575941
0.0112797966909578
0.0124547817205577
0.0137277057010049
0.0149755289109105
0.0160770034177569
0.0169509458872392
0.0175856930176647
0.0180403656891092
0.0184140463173931
0.0187989072741945
0.0192427350136548
0.0197385450370044
0.0202409513172723
0.0206946256891498
0.0210586438192351
0.0213193883992845
0.0214942606525395
0.0216308919022137
0.0218018451898758
0.0220900911928808
0.0225631511410592
0.0232431308864728
0.0240870526529944
0.0249891032286149
0.0258056053687902
0.026393795419369
0.0266524960262215
0.0265539131054687
0.0261570010090352
0.0255955221812982
0.0250412448965689
0.02465278201614
0.0245278413323378
0.0246772736132208
0.025031991599461
0.0254799617978505
0.0259162974359528
0.0262839258192607
0.026589116994556
0.0268898688783418
0.0272657146816756
0.02777920991659
0.028436260151665
0.0291544515057121
0.0297588000806812
0.0300286285123578
0.0297911720703256
0.0289941131936381
0.0276616614792248
0.0257575145032683
0.0231766137721395
0.020010371537461
0.0167813160711624
0.0142084105142387
0.0126788617431137
0.0120593518388779
0.0119955509446933
0.0122383692829335
0.0126824809153597
0.0132518514413104
0.0138467503672786
0.0143797905021165
0.0148203824320627
0.0151975577747249
0.0155698745438552
0.0159893032671833
0.0164735800798618
0.0169911408802595
0.0174635730252883
0.0177890949995832
0.0178791279178373
0.017690152712806
0.0172384166719668
0.0165998919295219
0.0159034074191529
0.0153157317721612
0.0150098800971026
0.0151171036156617
0.0156816569160235
0.0166448960767794
0.0178709348865003
0.0191995498164611
0.0204948922053174
0.0216663440945187
0.0226635806534308
0.0234656575044217
0.0240764962283426
0.0245197858142664
0.0248225412833949
0.0249928249692604
0.0250087993915216
0.0248257086024915
0.0243898868504946
0.0236494664389533
0.0225672869245212
0.0211461660538349
0.0194590326470261
0.0176576464789721
0.0159399461804204
0.0144856707953701
0.0133954949974031
0.0126676882517031
0.0122208486506259
0.0119436688094612
0.0117429583594161
0.0115709162349275
0.0114282856195784
0.0113498365891739
0.0113822491076535
0.0115646560520196
0.0119170371765724
0.0124325643822311
0.0130674491412067
0.0137326831707786
0.0143042396810053
0.0146616499589144
0.0147391868608862
0.0145555666949072
0.014201018128379
0.0137952482491177
0.013450777802011
0.0132616695539244
0.0133056054946715
0.0136348574597924
0.0142525093890986
0.0150986140040462
0.0160725608329155
0.0170891164481884
0.0181344346463909
0.0192826591720543
0.0206573110499021
0.0223567501075208
0.0243855634735907
0.0266290946478706
0.0288819355577687
0.0309134649140737
0.0325405838519018
0.033680319654362
0.034365284285755
0.0347180429880583
0.0348948961406305
0.0350226478270649
0.0351568769173249
0.0352790730815175
0.0353220150098905
0.0351865349517451
0.0347263488517146
0.0337480167781935
0.0321269058596074
0.0300304569122373
0.0279836290391927
0.0265091718194375
0.0256145676601001
0.0247902210050513
0.0235790869633744
0.0219684766068454
0.0201825906827221
0.0183184869771173
0.0162981470461144
0.0140539279241731
0.0116690659232367
0.00938177869460546
0.0075036588563564
0.00630832524777291
0.00593007297471135
0.00631215246273488
0.00722709555342481
0.00835398191865937
0.00937358083525588
0.0100487473835797
0.0102766855069624
0.0101088867198136
0.0097317151054026
0.0094014985936307
0.00934547754964792
0.00966664981735901
0.0103012388127113
0.0110542428593333
0.0116938604541387
0.0120538106293007
0.0120961697557668
0.0119175683187412
0.0117110728491213
0.0117054234980999
0.0120967120860665
0.0129844941162147
0.0143327824810138
0.0159793886754456
0.0176964447530474
0.019273263779967
0.020582341856617
0.0216087492172502
0.0224458374123993
0.0232634393507135
0.0242494093268176
0.0255335918005525
0.027122541005029
0.0288799252196966
0.0305689664014929
0.0319411844747082
0.0328313435573087
0.0332160040725203
0.0332131043436688
0.0330288083123769
0.0328764580040561
0.0328946951483499
0.03308862813433
0.0333168876766974
0.0333382911043344
0.0329057703925146
0.0318679561729875
0.0302353891798201
0.0281903641772333
0.026045711033902
0.0241719893195282
0.0229136584208883
0.0225085011389096
0.0230204898735796
0.0243040057880692
0.0260285658735536
0.0277801357080045
0.0292082729152214
0.0301455439325548
0.030635826871675
0.0308686867518805
0.0310717279936898
0.03141657894051
0.0319606249007737
0.0326222708620961
0.0331924935487256
0.0333950845996642
0.0329909462598851
0.0318843381076567
0.0301723360827024
0.0281100956518483
0.0260186112809202
0.0241865038439045
0.0227971564771777
0.0218842914458312
0.0213184247044662
0.0208405240639979
0.0201514368217212
0.0190314629066972
0.0174362359326341
0.0155213637822018
0.0135847202855116
0.011953869002333
0.010863093134331
0.0103593943610748
0.0102655130808608
0.0102180503390375
0.00978027329897494
0.00859699597247739
0.00653189061010218
0.00373053400696103
0.000584515966824722
-0.00239091520860237
-0.00472650882374787
-0.00615879261996191
-0.00671703272550924
-0.00669624571498794
-0.00652458683045506
-0.00658225297357428
-0.00704785980911655
-0.00783277819916501
-0.0086271096420938
-0.00903694950223967
-0.00875661774787909
-0.00770729689431162
-0.00608901445903484
-0.00432610026262386
-0.00292541305768921
-0.00230165903285927
-0.0026390338930891
-0.00383966944985087
-0.00556671696499053
-0.00735275834113301
-0.008731215662089
-0.00935352163123074
-0.0090655303558777
-0.0079294356991882
-0.00619158894404572
-0.00420818195427827
-0.00234782272643161
-0.000893692931562836
3.22222743231884e-05
0.000504446862632568
0.000774984666371018
0.00119206862003958
0.00206738671310144
0.00353677162170352
0.00548394667904867
0.0075762184590938
0.00939617847499363
0.0105945635109145
0.0109867140393376
0.0105660291070848
0.00946196577704815
0.0078828442266972
0.00605915900164027
0.00418329510579335
0.00235428342569496
0.000560225925472765
-0.0012770477704968
-0.00321691878748838
-0.00523507588450082
-0.00722496660727622
-0.00905545250574758
-0.0106323673332711
-0.0119210073693213
-0.012929085731279
-0.0136803591782563
-0.0142053655069585
-0.0145502648625192
-0.0147845726064336
-0.0149910985993007
-0.0152425754465074
-0.0155863207257533
-0.016050922044185
-0.0166642165718043
-0.0174578155318174
-0.0184469376081204
-0.0196016766634167
-0.0208390103741975
-0.0220505222300352
-0.0231510554349792
-0.0241140012751088
-0.0249676943418611
-0.0257583821902324
-0.0265107714023255
-0.0272134885075608
-0.0278297286445504
-0.0283125407255327
-0.028609700675414
-0.0286639204525581
-0.0284235862117677
-0.0278667808344559
-0.0270228372842828
-0.0259731378053801
-0.0248295554146504
-0.0237069958432588
-0.0227078464614991
-0.0219213598306736
-0.0214265246529836
-0.02128679545809
-0.0215375038961334
-0.0221777249515375
-0.0231758492914557
-0.0244844051197565
-0.026049193248633
-0.0278023222638789
-0.0296447787049511
-0.0314359062365202
-0.0330026706880655
-0.0341657368183645
-0.0347685406057854
-0.0346992148310354
-0.0339062213785712
-0.0324125795297362
-0.0303259048714353
-0.0278324066033733
-0.025166918497725
-0.0225684196864854
-0.0202433070268218
-0.0183506128915063
-0.0170022643952291
-0.0162609743326779
-0.0161284834298255
-0.0165344715686922
-0.0173434600101575
-0.0183876567425845
-0.0195149528377482
-0.0206268422286739
-0.0216843748482046
-0.022682594758797
-0.0236163768509171
-0.0244601983873425
-0.0251635412737919
-0.0256500491827969
-0.0258181344630788
-0.0255554877759719
-0.024775152012314
-0.0234600363150325
-0.0216904882897971
-0.0196379291892422
-0.0175260865585869
-0.0155758501037401
-0.0139558684239557
-0.012758066063869
-0.0120039410423891
-0.0116697825260811
-0.0117112300674118
-0.0120765584757176
-0.0127120488404541
-0.0135657921192375
-0.0145886955497171
-0.0157284429213636
-0.0169211078180147
-0.0180935627546687
-0.019181958264545
-0.0201525468612362
-0.0210039454687481
-0.0217455052585368
-0.0223683372971738
-0.0228309939848658
-0.0230687863480426
-0.0230198992326641
-0.0226543465183922
-0.0219926830764239
-0.0211065417576028
-0.0201012792864713
-0.0190893485184038
-0.0181659113683284
-0.0173942501932277
-0.0168026136804173
-0.0163902283352275
-0.0161374211363369
-0.0160129750250643
-0.015974412488198
-0.0159641124244107
-0.0159091772772664
-0.0157294899551147
-0.0153493434612374
-0.0147035429505719
-0.0137354683849914
-0.0123959332732713
-0.0106532766648794
-0.00851223612673584
-0.00602598775290083
-0.00328908494403274
-0.000416175819916644
0.00247639019120688
0.00527331304757815
0.00784958032739356
0.0100604303724716
0.0117472321976268
0.0127635602059499
0.0130100624347068
0.0124592295200856
0.0111593233726851
0.00922185673428171
0.00680343459654004
0.00408736379595205
0.0012641307000116
-0.00148970854411136
-0.00403130596193194
-0.00626606629458865
-0.00815343471031357
-0.00970049521179712
-0.0109428332107306
-0.0119193439386606
-0.0126531179838915
-0.0131474074629139
-0.0133964956282785
-0.0134045983447747
-0.0132052855534433
-0.0128757585180912
-0.0125407375389967
-0.0123601772618863
-0.0124978475313934
-0.0130775469626463
-0.0141457465148611
-0.0156608029005193
-0.01751292697306
-0.0195585515330599
-0.0216479491308112
-0.0236391639523429
-0.0254070939932013
-0.0268576767064101
-0.0279455374283232
-0.0286829797806492
-0.0291294566015006
-0.0293636345884186
-0.0294542960927587
-0.0294474822305553
-0.0293722625043108
-0.0292514103193477
-0.0291040673153775
-0.0289431293102414
-0.0287797714035004
-0.0286381228129919
-0.0285663159388906
-0.0286279967657946
-0.0288757188182698
-0.0293256489572717
-0.0299514083510278
-0.0306959010105271
-0.0314855976751572
-0.0322372333185962
-0.0328628713239324
-0.0332843074846809
-0.0334553595476211
-0.0333763819673388
-0.0330866820401765
-0.0326365628426156
-0.0320565926135252
-0.03134518656911
-0.0304846396592913
-0.029476270054855
-0.0283694964377195
-0.0272613695100098
-0.026264501557341
-0.0254650260117808
-0.0248963919852058
-0.0245382601085523
-0.0243327171425524
-0.0242076572597796
-0.024102477142259
-0.0239898247647163
-0.023880297792765
-0.0237999980086758
-0.023750217508604
-0.0236785210360344
-0.023487818111166
-0.0230819063215391
-0.0224173564499353
-0.0215293713157215
-0.0205227767768846
-0.0195429682574894
-0.0187448914120431
-0.0182660871202121
-0.018201782611806
-0.0185841571417625
-0.0193746174672052
-0.020475778890992
-0.021759729957694
-0.0231004623589043
-0.0243977455840575
-0.0255864485429563
-0.0266335207183363
-0.0275285806446278
-0.0282723156421074
-0.0288644989847889
-0.0292948050134675
-0.0295423611821404
-0.0295877111660131
-0.029432207620756
-0.0291118235276862
-0.0286936045404285
-0.0282544988756654
-0.0278551713005008
-0.0275241818679232
-0.0272581566463135
-0.0270315778075747
-0.0268074904180581
-0.0265470451676917
-0.0262199140253096
-0.0258133898033411
-0.0253328287078299
-0.0247894738527555
-0.0241821190083694
-0.0234861174363421
-0.0226593592127505
-0.0216626821523293
-0.0204818906770613
-0.0191385275780099
-0.0176857561979533
-0.0161953267174802
-0.0147441061381546
-0.0134042208493951
-0.0122353992347074
-0.0112770761498143
-0.0105414209492425
-0.0100112777629831
-0.00964408800435342
-0.00937726494013522
-0.00913103098021197
-0.00881280192580804
-0.00833151177552634
-0.00762185625575917
-0.00666580676335219
-0.00549785445272467
-0.00419252040674941
-0.00284329838709256
-0.00154176698995662
-0.000359828144798359
0.000663664887368285
0.00152791815569985
0.00226205732768197
0.00290378146886598
0.00347273735726153
0.0039519676741413
0.00428877016783649
0.00441721859633881
0.00429378808250814
0.00393018445972602
0.0034064418467378
0.00285491328815855
0.00242077346880021
0.00221747531952493
0.00229530685546756
0.00263024503656691
0.00313256840412065
0.00367504842049983
0.00413800933837866
0.00445624486472965
0.00464282562320175
0.00477303741728019
0.0049353423550212
0.00517673250174021
0.00547237932574318
0.00573396027720851
0.00584884642111888
0.0057281032564264
0.00534255099850278
0.00473674620202278
0.00401889126475951
0.00332870927953148
0.00279286822131526
0.00248787134994211
0.0024302189940532
0.00259669051457953
0.00295700728979682
0.00349539024968219
0.00420978139861019
0.00509488637321825
0.00612347489353148
0.00723565752625623
0.00833607973878252
0.00929595026016031
0.00996326344378954
0.0101893107649047
0.00987084177117438
0.00899017402141267
0.00762903125445627
0.00594551773579308
0.00412525755037663
0.00232887515552675
0.000654862685750618
-0.000871852815481164
-0.00228444445883203
-0.00364017282392343
-0.00498224862132013
-0.00631012071645039
-0.00756640164618444
-0.00864941630753216
-0.0094588251025677
-0.00996422325009724
-0.0102610435141019
-0.0105733843722767
-0.011192102095926
-0.0123753118817682
-0.014256208987698
-0.0167939776740463
-0.0197820052588657
-0.0229062982252932
-0.0258320907874459
-0.0282920972848648
-0.0301531748828231
-0.0314420130474503
-0.0323166549152305
-0.0329890979691475
-0.0336308558158162
-0.0343052368513839
-0.0349531119165616
-0.035428179762409
-0.0355596956999019
-0.0352226341111886
-0.0344012288225559
-0.0332267208315537
-0.0319623009881799
-0.030921254625522
-0.0303440142020812
-0.0302967017713526
-0.0306493280138482
-0.0311428903902135
-0.0315012108265344
-0.0315278639678769
-0.0311538062550763
-0.0304354228310649
-0.0295184325334489
-0.0285817496298413
-0.0277739707876694
-0.0271612687655345
-0.0267097551775663
-0.0263144819743611
-0.0258617308354295
-0.0252899340631766
-0.0246176911315505
-0.0239327250825872
-0.0233582011800549
-0.0230142264342502
-0.0229828163001233
-0.0232838950863832
-0.0238751389933017
-0.0246805938785461
-0.0256315458625331
-0.0266921980700828
-0.0278571786229112
-0.0291318182349498
-0.0305140846988795
-0.0319852825633418
-0.0335031333584081
-0.0349911972924116
-0.0363301208070833
-0.0373643642368688
-0.0379325425967632
-0.0379133235569474
-0.0372648474254852
-0.03603565372451
-0.0343405823365271
-0.0323157164468922
-0.0300771402576078
-0.0277014752067499
-0.0252292848746941
-0.022681365703407
-0.0200796593228481
-0.0174696002119564
-0.0149375521367626
-0.01260987291252
-0.0106245371110292
-0.00908584184603843
-0.00802996194970869
-0.00742365385381437
-0.00719172618387703
-0.00724588859189499
-0.00749178482947746
-0.00781852436267298
-0.00809612444898618
-0.00819716644190261
-0.00803033123204816
-0.00755919645210029
-0.00679560464576811
-0.00578196617843565
-0.00458170177956471
-0.00328014252510772
-0.00198260625963046
-0.000798837705416875
0.000181769687180372
0.000908794541997339
0.00137215327339333
0.00158972520481477
0.00159366994188062
0.00142170021265854
0.00110803941180486
0.000668958439246257
9.04004338270448e-05
-0.000667766831293508
-0.00164744935109853
-0.00286310488596015
-0.00428802033804064
-0.00586341625541136
-0.00752066538642832
-0.00920097889302494
-0.0108633874330782
-0.012482380523467
-0.0140429491474571
-0.0155391057551112
-0.0169747974385314
-0.0183619477978163
-0.0197142262875572
-0.0210406477575164
-0.0223411751358919
-0.0236002554734464
-0.0247754322360509
-0.0257892324174657
-0.0265408721302133
-0.0269464956672536
-0.0269937237912288
-0.0267761090026756
-0.0264771981197859
-0.0263052611253269
-0.0264134895439611
-0.0268468927901123
-0.0275348693198996
-0.0283229582434326
-0.0290266758968183
-0.0294888902832147
-0.0296204387279926
-0.0294065041468661
-0.0288764173125123
-0.0280557365816592
-0.0269309832382206
-0.0254503737164534
-0.0235621560029107
-0.0212681749847415
-0.0186593870413007
-0.0159114375257868
-0.0132443942114828
-0.0108696100472523
-0.00894437628742469
-0.00754074220576002
-0.00662847372783168
-0.00607839327120497
-0.00569590984220704
-0.00528129238280503
-0.00469098273063288
-0.00386696031813532
-0.00282154296671912
-0.00159662894198518
-0.000229214618473603
0.00126115623566012
0.00287150582513091
0.0046148604856056
0.00651881015731152
0.00861020196978992
0.0108821308966704
0.0132597963337587
0.0155893847310003
0.0176602394144954
0.0192504386981359
0.0201779536466865
0.0203449284807869
0.0197687414727952
0.0185920784659081
0.0170609037618377
0.0154658736995025
0.0140619788830536
0.0129996572665842
0.0123003040298804
0.0118857084118363
0.0116399477168385
0.0114667029639739
0.0113159765637704
0.0111808373522316
0.0110829748182242
0.0110610694530621
0.0111588591799087
0.0114041778646445
0.0117839857848566
0.0122342563504904
0.0126560561477229
0.0129462093068346
0.0130194101480767
0.0128117993486376
0.0122776676040804
0.0113968837191311
0.0101964636653672
0.00877199541280106
0.00729006962598551
0.00596239977108163
0.00499533320949982
0.00452749065178805
0.00457509503930877
0.00501031426346589
0.00559324303733556
0.00605387918406776
0.00618914040894449
0.0059304837645999
0.00535977151755208
0.0046800104419179
0.00415678856130623
0.00404071734157496
0.00448427283229306
0.00548196528337925
0.00686763338180598
0.00837795060939606
0.00975083716751831
0.0108076047492193
0.0114871844218261
0.0118381685034245
0.011991510929425
0.0121236541611528
0.0124045365834573
0.0129341081544491
0.0136941449157813
0.014546998219486
0.0152887996812115
0.0157337051196941
0.0157921612075063
0.0155121492650571
0.0150680865181108
0.0147015846984697
0.0146370306775747
0.0150047743218421
0.0158008112785579
0.0168977103410613
0.0181024231848516
0.019236647830627
0.020202981300221
0.0210054723109767
0.0217166850735269
0.0224122406489449
0.0231114841686641
0.0237582345149379
0.0242493495760607
0.0244889604327736
0.0244366452560002
0.0241321728498154
0.0236952889526297
0.0232993097148013
0.0231148878683594
0.0232353142933446
0.0236186346910585
0.0240848051892875
0.0243765615595858
0.0242534530265874
0.0235715495655676
0.0223173045626319
0.0205966755396049
0.0186023192195426
0.0165770742633072
0.0147738543955053
0.013407901983118
0.0126122259302419
0.0124156800984924
0.0127494744844627
0.0134710492978012
0.0143965188584078
0.0153436645497384
0.0161823907461339
0.0168711926802287
0.0174532556680742
0.0180076004735426
0.018582049807135
0.0191482702230411
0.0196035166815204
0.0198117527049819
0.01965439271654
0.0190651318822421
0.0180449778258622
0.0166663746410487
0.0150682271619563
0.0134344911482152
0.0119568109240553
0.0107978395259506
0.010073126622122
0.00985166174145464
0.0101585891294416
0.0109668634116489
0.0121838831329119
0.0136535427308355
0.0151869489861253
0.016611047373317
0.0178072531802304
0.0187201742080451
0.019341220584007
0.019687413702954
0.0197889409957104
0.0196827919196109
0.0194041274918802
0.0189749335856001
0.0183972669947636
0.0176557164001269
0.0167258834798337
0.0155839960629873
0.0142185939248875
0.0126488239658145
0.0109471605036527
0.00925225946459866
0.00775505697333943
0.0066560356876932
0.00611215352739962
0.00619821253900192
0.00689492650980065
0.00809982306309379
0.00965166027696604
0.0113623132497361
0.0130517488770214
0.0145781593442279
0.01585293976586
0.0168361276458572
0.0175198228129749
0.0179134102093901
0.0180376149924515
0.0179226374376462
0.017603756509536
0.0171166663687613
0.0164995938181709
0.0158021743107462
0.0150926108048671
0.0144558312428193
0.0139825508445456
0.0137539481082117
0.0138281107466407
0.0142338540139299
0.014973284985079
0.0160282547346005
0.017364520233911
0.0189332306773578
0.0206749002742104
0.0225287811945341
0.0244429509723362
0.0263771125218497
0.0282960305347276
0.0301608598627224
0.031928188303961
0.0335588951858192
0.035028253060126
0.0363267273738163
0.0374510101677963
0.0383962516231984
0.0391596596211724
0.03975308758001
0.0402122620701051
0.0405933716832221
0.0409588929415767
0.0413613526316807
0.0418310351884695
0.0423675734116407
0.0429346099953655
0.0434617396834462
0.0438602044240961
0.0440515580836512
0.0439964052041475
0.0437055446678268
0.0432247724470435
0.0426007113168069
0.0418461113451007
0.0409228748365194
0.0397519310588256
0.0382461371105906
0.0363506930215627
0.034071526431464
0.0314799275764376
0.0286962468433075
0.0258644539907917
0.023126702257444
0.0205998909076356
0.0183550695414192
0.0164056469484328
0.0147126761523112
0.0132089751118616
0.0118327619975478
0.0105552834818017
0.00939050778656916
0.00838478789916328
0.00759338810581465
0.00705502536501963
0.00677462421520394
0.00671832654512023
0.00681646353220728
0.00696798613038611
0.00704777116853403
0.00692583944276819
0.00650126353405952
0.00573788170270118
0.00468258823209718
0.00345719160691516
0.00222979083834383
0.00117896357446235
0.000462678332066496
0.000197247189628267
0.000444029975757129
0.00120050821969919
0.00240086136358218
0.00393716211426331
0.00570033475613974
0.00761705237914302
0.00965273209810232
0.0117759159157754
0.0139139607549484
0.0159389820660398
0.0176967051051031
0.0190547491951498
0.0199350619921139
0.0203170233391912
0.0202283433361829
0.0197467410932123
0.0190113062644793
0.0182185878070379
0.0175852510758095
0.0172906710924237
0.0174339932948052
0.0180284488846707
0.01902558069691
0.020344788119352
0.0218912930903953
0.0235635400715679
0.0252603295680282
0.0268941814373767
0.0284073912268164
0.0297797765122595
0.031018875278501
0.0321346325976079
0.0331126010888213
0.0339021191827448
0.0344274500066765
0.0346173448329534
0.0344393223161423
0.0339231673575949
0.0331638335515357
0.0323026656929428
0.0314921893542202
0.0308532899085681
0.0304377843960542
0.0302124438822101
0.030074683965894
0.0298936982969283
0.0295556652987372
0.0289919552300396
0.028184156248754
0.0271538094546182
0.0259464667151509
0.0246137088493285
0.0231947772737546
0.0217040111830064
0.0201329686183072
0.0184696397061988
0.0167246169658514
0.0149465951131508
0.0132155115378537
0.0116171458120397
0.0102145555238617
0.00903028992754228
0.00804333940852499
0.00719673518566864
0.00641004724768037
0.00559342737332112
0.00466331240332764
0.00356149734987411
0.00227560245777901
0.000851943339454863
-0.00060923730990107
-0.00197628639619669
-0.00311457689826477
-0.00390782131028758
-0.00426852519103037
-0.00414242706882132
-0.00351286953113239
-0.00240723030012117
-0.000902604703149654
0.000876308849944718
0.00277366950865934
0.00463103005985685
0.00631440158206339
0.00772557861531362
0.00879750495653724
0.00948910447304127
0.0097944691142246
0.00976299626323671
0.00950964435417812
0.00919720780316918
0.00899331392877678
0.00902291190643163
0.00933733059625888
0.00990873287673619
0.0106474481332163
0.0114338401940843
0.012153082166753
0.012720955175131
0.0130951564630157
0.0132761556154082
0.0133042555109478
0.0132525909615517
0.0132101953887739
0.0132547704086116
0.013425495779968
0.0137083844077341
0.0140378823172288
0.0143099523809384
0.0144021436347036
0.0141998562689096
0.0136259614028573
0.0126642198793026
0.0113650989963782
0.00982999837862581
0.00818028462488662
0.00652270604923285
0.00492218002504139
0.0033911552693924
0.00190198368984313
0.000420509804467899
-0.00105378643300343
-0.00246338244683837
-0.00370004110089685
-0.00464245764241145
-0.0052057264711917
-0.00537785505821069
-0.00522655676835109
-0.00487677479413447
-0.00447433839198909
-0.00415360754564127
-0.00401709653819527
-0.00412392156553155
-0.00448254708502518
-0.00505106978955902
-0.00575321953544909
-0.00651053118687878
-0.00727586353064052
-0.00804739338157545
-0.00885501011143501
-0.00973173471461462
-0.010690814378283
-0.0117183225287885
-0.012775984873621
-0.0138057109521965
-0.0147353087435672
-0.0154909666110785
-0.016017924763435
-0.0163009088565746
-0.0163710732503146
-0.0162920709478957
-0.0161305289313915
-0.0159262675571642
-0.0156780293130928
-0.0153514890130953
-0.0149036698613538
-0.0143084297048074
-0.0135674090754429
-0.0127024084648319
-0.0117414848525015
-0.0107158851960706
-0.00967003224879182
-0.0086671124436154
-0.00777311486256292
-0.00702571941020068
-0.00641520942350619
-0.00589660238890738
-0.00542139561268055
-0.00495699872702408
-0.00447562570875102
-0.00392834297598979
-0.00323728194316688
-0.00232122733221357
-0.001137160463851
0.000293049384136884
0.00188636060309128
0.00352443062854328
0.00508271252432048
0.00644976546549932
0.00753684260432819
0.00828685019651594
0.00868900367589906
0.00879245816858172
0.00870270291066256
0.00855247699740865
0.0084594441953165
0.00849410820744936
0.00867126623937863
0.00895975561658692
0.00929850843365679
0.0096139547809646
0.00984051407400752
0.00994273195639312
0.00992899432719688
0.0098438605719658
0.00973564265053582
0.00961350632052005
0.00942059030278733
0.00904493954533849
0.00836927396506028
0.00733649196154825
0.00599593410799443
0.0045044807873005
0.00308184035492716
0.00194372327666708
0.00124257932497831
0.00103192407787871
0.00125388656424318
0.00174698303257261
0.00227928736257676
0.00261267137291546
0.00258616070024102
0.00218338870607116
0.00154516105846581
0.000914057628412059
0.000537735775385229
0.000580416435590529
0.00107991779458131
0.0019533956158077
0.00303032244164252
0.00409327568173551
0.00492188233633564
0.00533910422868649
0.00524894787543824
0.00464883750853932
0.00361096779529697
0.00224515283807704
0.000662312608381631
-0.00105106778101768
-0.00284799311110573
-0.00472698234703147
-0.00672453443748065
-0.00888830387609591
-0.011235375589451
-0.0137147219813769
-0.0161964538268941
-0.0184947822788623
-0.0204096249258044
-0.0217657462024183
-0.0224419105231805
-0.0223952730558611
-0.0216812589315377
-0.0204558172776988
-0.0189468226740916
-0.0173993693433424
-0.0160181492429238
-0.014930503167961
-0.0141773338579017
-0.0137238470689976
-0.0134810253117644
-0.0133356820569717
-0.0131872321975273
-0.0129805562653576
-0.0127191371950906
-0.0124506491332832
-0.0122323776058329
-0.012093432691148
-0.0120100722341524
-0.0119040308956258
-0.0116656889129188
-0.011194658079682
-0.0104415548007027
-0.00943179749718421
-0.00825952973790888
-0.0070543558964397
-0.00593632706910806
-0.00497781292045667
-0.00418472648272744
-0.00350069027229086
-0.00283152844213933
-0.00208292971118867
-0.00119846584604484
-0.000181967837956581
0.000905325389789593
0.00196849952800144
0.00291053104813437
0.00366184158073953
0.00420367692316675
0.00457880494913423
0.0048788213999174
0.00520534445721071
0.00562136546934414
0.00612037992911983
0.00663151447398122
0.00705693004129107
0.00732179763114943
0.00741551828650903
0.00740998031198855
0.00744843820935362
0.00770544321594066
0.00832695663951033
0.00937021056549981
0.0107681936723655
0.0123358204745718
0.0138157460909548
0.0149447033507608
0.015517257338651
0.0154307320845758
0.0147037856382765
0.0134677404002693
0.0119348504505888
0.0103505134063162
0.00893702751427519
0.00783844511666486
0.00708095545566328
0.00656535032120983
0.00610036200466255
0.00546902250517043
0.00450417813072548
0.0031442505536631
0.00145017257299134
-0.000417285118658014
-0.0022469777166912
-0.00383829303324822
-0.00505919366013121
-0.00588414841371863
-0.00639481822353063
-0.00674023552609047
-0.00707493858105749
-0.0075042476944034
-0.00805679724116443
-0.0086862400959196
-0.00929271155643814
-0.00975488148177819
-0.00996773642696875
-0.00988083314237209
-0.00952599519902541
-0.00902009578416073
-0.0085355591230894
-0.00824648153261107
-0.00827007546795391
-0.00862317219645118
-0.00920635787612601
-0.00982250418408362
-0.010230951981682
-0.0102265596337438
-0.00971612566316693
-0.00875657349326426
-0.00753151887378404
-0.00627278586842451
-0.00516326488816808
-0.00426711730101814
-0.00351678812791333
-0.0027559882961658
-0.00181313129476435
-0.000572787805703381
0.00097788230718194
0.00273641222712258
0.00450549618599295
0.00604186262183048
0.00712313045315179
0.00761415750799437
0.00751087098805023
0.00694621339554392
0.00615594853766674
0.00541317479757169
0.00494698242979267
0.00486711448926982
0.00512238591022071
0.00551576732965868
0.0057770088800685
0.00566551835956043
0.00506156611702282
0.00401115958162108
0.00271157340231221
0.00144719887895965
0.000499170534978742
5.53600172227872e-05
0.000145754627868202
0.000625964336909539
0.00122222028623433
0.001627677077793
0.00161205350121724
0.0010975278746318
0.000172901320673759
-0.000950876594257789
-0.00201984077679959
-0.00282129001803492
-0.00324646323835053
-0.00331405272567732
-0.00315403093927728
-0.00296693132597807
-0.00297425016730907
-0.00336464172481703
-0.00423795152475437
-0.00556191289973775
-0.00716605672592608
-0.00878561668579094
-0.0101419254916342
-0.011026890446163
-0.0113588797320346
-0.0111916899237494
-0.0106791541938523
-0.0100167387513452
-0.0093873355654092
-0.00892718025429095
-0.00871060900980425
-0.0087454167246264
-0.00897649713549223
-0.00930240258648308
-0.00960705134855311
-0.00979857885337964
-0.00983908674816685
-0.00975108936552181
-0.00959833103276905
-0.00945143178395197
-0.00935367398264531
-0.0092985921782303
-0.00922460398698742
-0.0090267974660325
-0.00858213958518545
-0.00778097179308934
-0.00655494334083253
-0.00489096991468364
-0.002825406596665
-0.000423303882647607
0.00224255278303428
0.00509978354031406
0.00807203306462685
0.0110732212829765
0.0140083693716155
0.0167781534259235
0.0192810944458977
0.0214145125941375
0.0230815747679442
0.0242078724965322
0.0247608269570212
0.0247594856370163
0.0242673652497847
0.0233732210500063
0.0221724396014464
0.0207570646967751
0.0192116066985535
0.0176093142511774
0.0160120566812357
0.014481026710654
0.013093525694202
0.0119456867637429
0.0111254403112561
0.0106662099887756
0.0105138203504838
0.0105329564543488
0.0105508208410538
0.0104116563883375
0.010015549944826
0.00933245107222116
0.00839709880971628
0.007290697254317
0.00610987382233772
0.00492865148191897
0.0037717279628117
0.00261640350683896
0.00141997948126401
0.000151494892771527
-0.00118914139549953
-0.00256540087716359
-0.00390634186119471
-0.00511744217470565
-0.00610412823994383
-0.00680468012217201
-0.00721760867465175
-0.00740370337437051
-0.00745218543191618
-0.0074234164462349
-0.00730318072060103
-0.00700398591347931
-0.0064205260827984
-0.0055088576408508
-0.00433994255954042
-0.00309114169408441
-0.00197580942786617
-0.0011482984546622
-0.000634549991713565
-0.000319584956431043
8.93258560001976e-06
0.00058271926481849
0.00156686511757427
0.00299207650584082
0.00473004070801259
0.00652573392354478
0.00807833799567844
0.00914160852561013
0.00960702408973463
0.00953997232106111
0.0091557839002108
0.00874333140710805
0.00856279413709305
0.00875461024743853
0.009294900202507
0.0100171458391515
0.0106919327356966
0.0111267995493604
0.0112368278670851
0.0110561713248217
0.0106984358400975
0.0102992330339802
0.009969919043523
0.00977037916037209
0.00969559864186621
0.00967365164596164
0.00957980172679302
0.009270613918844
0.00863294839489537
0.00763176082018212
0.00633459578124807
0.00489572339270451
0.0035007191905001
0.00229445097926809
0.00132666664940235
0.000540206003790198
-0.000197096887318575
-0.00103733922618384
-0.00210002285469198
-0.00343815605079849
-0.00502740919350732
-0.00677704850718793
-0.00855803722852868
-0.0102378843311369
-0.0117077662206943
-0.012892854860752
-0.0137494603983694
-0.0142601243269963
-0.0144331192033933
-0.0143036381370023
-0.0139316453389605
-0.0133959210371161
-0.0127866083749903
-0.0121958575993906
-0.0117035238240264
-0.0113587519311773
-0.0111666956871866
-0.0110920607659683
-0.011080215688977
-0.0110808006606355
-0.0110569275522211
-0.0109801148721391
-0.0108269741321529
-0.0105872085515333
-0.0102714116634178
-0.00990016005394804
-0.00947495601641332
-0.00895576340633206
-0.00827101630635136
-0.00736063753362371
-0.00622403883068601
-0.00493936832635944
-0.00364239428009833
-0.00248245234787848
-0.00158209867449444
-0.00101257317291948
-0.000781612420715587
-0.000833025499856728
-0.00106888093995368
-0.00139982811437196
-0.00180251771083594
-0.00234263923336684
-0.00313726085928394
-0.00427611176077045
-0.0057578544808473
-0.00748708673151807
-0.00932700520162827
-0.0111589840577383
-0.0129052621849238
-0.0145147698864483
-0.0159448012348691
-0.0171609157038414
-0.0181455404367398
-0.0188945294827312
-0.0193999906021967
-0.0196388998160026
-0.019584679324078
-0.0192371158961883
-0.0186480866941723
-0.0179236972112522
-0.0172035780219316
-0.0166340428222414
-0.016347071795957
-0.0164407458217953
-0.0169545122298527
-0.0178511406662203
-0.0190295529719205
-0.0203734371227942
-0.0218052488511315
-0.0233052528000547
-0.0248851601809889
-0.0265442405093473
-0.0282431469247022
-0.0299045022890279
-0.0314227857698617
-0.0326678176143463
-0.0334888950850663
-0.0337386828588921
-0.0333194119183167
-0.032226222997386
-0.0305568057884421
-0.0284820659007958
-0.0262019189539046
-0.0239125027963308
-0.0217898801091258
-0.0199805114574874
-0.0185939529787853
-0.0177012795166871
-0.0173371869360595
-0.0174949506360093
-0.018110978339495
-0.0190557586202395
-0.0201546928406331
-0.0212412879842866
-0.0222140567168256
-0.0230587054386626
-0.0238207083841506
-0.0245498042180399
-0.0252549479000133
-0.0258943824838504
-0.0263991000809518
-0.0267117849171542
-0.0268216203409271
-0.0267809383908984
-0.0266982481368292
-0.0267111522262115
-0.0269488324572789
-0.0274967256100793
-0.0283754964148258
-0.0295393009691809
-0.0308871985787908
-0.0322785058370815
-0.0335522277436314
-0.0345571463899467
-0.0351890197160101
-0.0354171118345549
-0.0352860570283245
-0.0348974124401928
-0.0343834409356122
-0.0338763030142555
-0.0334695145368495
-0.0331799490030781
-0.0329331508524646
-0.0325902012103055
-0.0320115917041626
-0.0311312394728462
-0.0300054282132206
-0.0288098549854901
-0.0277809557839493
-0.0271254237868135
-0.0269374734331864
-0.0271584353931757
-0.027595011595147
-0.0279910048541806
-0.0281261685137881
-0.027901158984342
-0.0273719318229079
-0.0267230918144108
-0.0261996836560767
-0.0260288808959934
-0.0263554842626353
-0.0272036126455699
-0.0284705726143192
-0.0299529674007548
-0.0313963961763327
-0.0325548788480134
-0.0332485209931507
-0.0334108897520073
-0.0331138124461495
-0.0325533988253804
-0.0319910664129405
-0.0316674697074691
-0.0317257841039402
-0.0321755693396102
-0.0329049950846574
-0.0337290021984023
-0.0344545564945384
-0.0349434022941122
-0.0351502735322794
-0.0351182275011961
-0.0349320760708065
-0.0346560460867112
-0.0342901054018288
-0.0337633924819977
-0.0329609589257702
-0.0317715212725114
-0.0301460712648145
-0.0281527432621905
-0.0260006081672886
-0.0240052468468071
-0.0224970685816342
-0.0217117083507711
-0.0217153890013112
-0.022394231284136
-0.0234985364486999
-0.0247128196296102
-0.0257274296602263
-0.0263006377737899
-0.0263042155688223
-0.0257420958626624
-0.0247330790512335
-0.0234604447383664
-0.0221065467298208
-0.0207972232124583
-0.0195745282459035
-0.0184034290064126
-0.0172085015121161
-0.0159313184865515
-0.0145908438499262
-0.0133176772965109
-0.0123334398024915
-0.0118713197040085
-0.0120705035863436
-0.0128969037450392
-0.0141305750116781
-0.0154284223138393
-0.01643879762352
-0.016922564167972
-0.0168296180327087
-0.0162983325676918
-0.0155835181547417
-0.0149525824573164
-0.0145962704311952
-0.0145804463909052
-0.0148408180335561
-0.0152118007967308
-0.0154819851016196
-0.0154669882693486
-0.0150791988715514
-0.0143650654241679
-0.0134907285829789
-0.0126839225328112
-0.0121618215111983
-0.0120736031149551
-0.0124703178597381
-0.0133021011460177
-0.0144393132056567
-0.015711103736472
-0.016948232382894
-0.0180144835323473
-0.0188191637182377
-0.0193159701232846
-0.019498405018567
-0.0193945780687036
-0.0190546294627482
-0.0185257483925512
-0.0178237741740901
-0.0169218641423904
-0.015770930861112
-0.0143456578143209
-0.0126910599317437
-0.0109421712255952
-0.0093031190374327
-0.00799140798703006
-0.00716930482043385
-0.0068907096707338
-0.00708506650887646
-0.00758217066824811
-0.0081635901309028
-0.00861831298576442
-0.00878437896839879
-0.00856917657923131
-0.00795079520860201
-0.00696583722405872
-0.00568702674820342
-0.00419377017306684
-0.00254336771573096
-0.000754838409078847
0.0011837296917708
0.00328058941205291
0.00548881517350287
0.00766560929912131
0.00957530204310737
0.0109471777127373
0.0115630390669872
0.0113311780024986
0.0103171615986523
0.00872822988152232
0.00686315915316579
0.00504147981642944
0.00352714293041003
0.00246676095040012
0.00186451190513643
0.00160686729948948
0.00153037996681254
0.00150435381146509
0.00149204998429229
0.00156689664784575
0.00188390240919071
0.00262205524372267
0.00391536009009814
0.00579000293227901
0.00812947050109142
0.0106874100236297
0.0131494717516399
0.01522008744079
0.0166984504617431
0.0175179972350134
0.017744424325044
0.0175419694076473
0.0171203933499941
0.0166736740193765
0.0163249956115276
0.0160982891487879
0.0159319880048903
0.0157305378926051
0.015425914584531
0.0150152583961321
0.0145589079818095
0.0141502411271772
0.0138812462777359
0.0138181704854449
0.0139856249928206
0.014354651951493
0.0148403110311515
0.0153192711914203
0.0156662122914109
0.0157903791384489
0.0156510650026784
0.0152485993264655
0.0146078261833869
0.0137725539927524
0.0128118829702006
0.0118236877233557
0.0109234056052681
0.0102219999545022
0.00980754928336715
0.00974046342028213
0.0100588033247976
0.0107813782652238
0.0118999803761993
0.0133632582167897
0.015062680942214
0.0168310570860529
0.0184589858560923
0.0197285495052081
0.0204580287574441
0.020546407563499
0.0200028982848746
0.0189476401634
0.0175778269016327
0.0161076011391818
0.0147037880150062
0.0134445159022631
0.0123192441562245
0.0112696338207465
0.0102504945060885
0.00927965443584274
0.00845172819017345
0.0079108808535159
0.00779940346286657
0.00820805210026735
0.00914719222526284
0.0105445046996713
0.0122656767330236
0.0141496185494324
0.0160458209456274
0.0178402773932982
0.0194613859879006
0.0208663083239863
0.0220164449332879
0.0228553709042844
0.02330187174371
0.023262947858998
0.0226606756834062
0.0214614299537578
0.0196990937533116
0.0174881268661884
0.0150214075381619
0.0125462781824887
0.0103187547872227
0.00854965740245594
0.00736611556069529
0.0068063306078226
0.00684547201955023
0.00743124339489129
0.0085057846536723
0.0100066184694615
0.0118558315618595
0.013949024250608
0.0161486160945182
0.0182830739155377
0.0201557733955467
0.0215660611020548
0.0223394534023841
0.0223604140349523
0.0216010151357359
0.0201377072607053
0.0181475903266085
0.015880544937952
0.0136133057839976
0.0115985223042766
0.0100225167207958
0.00898269466678303
0.00849123904951383
0.00850385671884139
0.00896110199645789
0.0098213557928971
0.0110666304628573
0.012676812318123
0.0145874265654099
0.0166575780959165
0.0186691980997808
0.0203602703464757
0.0214790034634733
0.021843457611542
0.021394981568613
0.020231481015239
0.0186009211964091
0.0168426273297893
0.0152892430237611
0.0141688538540752
0.0135520508337438
0.0133659303427806
0.0134603638783731
0.013685403994931
0.0139402826463966
0.0141811689829289
0.0144028375190169
0.0146161884327329
0.0148309805920087
0.015041409739192
0.0152136443573072
0.0152818926373051
0.0151599823306312
0.0147666254890856
0.014053211721847
0.0130216983181072
0.0117278408993616
0.0102746094205024
0.00880276088936737
0.00747821513972995
0.0064689351276226
0.00590882124582273
0.00586110591105916
0.00630395859834832
0.00715256490756574
0.00830678527285117
0.00969187244146908
0.0112641368176684
0.0129838832299582
0.0147859969823536
0.0165756633797431
0.0182477831738864
0.0197070333849388
0.0208727928694099
0.0216756949418264
0.0220625108427669
0.0220143865190639
0.021565387981216
0.0208035043615814
0.0198498194397091
0.0188302475386402
0.0178584916876343
0.0170334332165491
0.0164369493734754
0.0161212516212063
0.016095306512641
0.0163304312893738
0.0167890181866107
0.0174548837905232
0.0183390959753422
0.0194568175633929
0.0207947885813207
0.022291753161241
0.0238370724686711
0.0252782120983767
0.0264323866800692
0.0271124527175351
0.0271770744337566
0.0265914130264595
0.02546122459845
0.0240115016568505
0.0225187044471994
0.0212364154146126
0.0203484063216744
0.0199517615825188
0.0200518544191363
0.0205592185483004
0.0212992136208025
0.0220499565837661
0.0226038387298979
0.0228233097609859
0.0226596551385138
0.0221294528842199
0.0212735947207582
0.020129520791104
0.0187258946204632
0.0170860788125424
0.0152264785273538
0.0131535122373976
0.0108740098261242
0.00842383241566483
0.00589855170539946
0.00345967467246254
0.00130238386299229
-0.0004018923014294
-0.00155561258439321
-0.0021520893265035
-0.00225895380024537
-0.00198780686914553
-0.00146858345013503
-0.000831825693220372
-0.000190920480423426
0.000379698928325825
0.000860958995573607
0.00128436745613094
0.00170165017595653
0.00214499586537155
0.00260314711284723
0.00302582642805321
0.003346991140307
0.00350780920337166
0.00346952249824436
0.00322005667152361
0.00278007780726785
0.00220531039538515
0.00157683002508625
0.000978247641496099
0.000470889900055125
8.15410874488782e-05
-0.000192166625340861
-0.000366420021628739
-0.000457571006537978
-0.000475404520611034
-0.000421183715887339
-0.000287768084641243
-6.31499078835588e-05
0.000260258946970741
0.000673120908507896
0.00114144294503149
0.00161084956946637
0.00202236435231937
0.00233088384755534
0.00251580147119396
0.00257924948186575
0.0025357815241926
0.0024018547141893
0.00219211148986344
0.00192401107002943
0.00162616173050652
0.00134219963751477
0.00112387787605819
0.00101446659748481
0.00103226593585356
0.0011656716618866
0.00138204046470073
0.00164144780751813
0.00190609716734018
0.00214522671251828
0.00233981059944371
0.0024861559489808
0.00259357976513536
0.00267664854051489
0.00274935446655149
0.00282655105130412
0.00292895104647216
0.00308288925697028
0.003310766312134
0.00361764334325385
0.00398442193593618
0.00437415654157946
0.00474892923263231
0.00508725163550973
0.00539132354647337
0.00568050465039413
0.00597708438588048
0.00629481882920052
0.00663596888990485
0.00699323779844226
0.00734796218775428
0.00766109024949697
0.00786556232366624
0.0078748331153058
0.00761203164970798
0.00704480190192225
0.0062025358869065
0.00516539486784596
0.00403543419880845
0.00290919968965718
0.00186264173417481
0.000944899499963299
0.000172621164748184
-0.000475069710205404
-0.00104976170780822
-0.00160536874042914
-0.00215584662383525
-0.00264476092055237
-0.00295116975061096
-0.00293329836706761
-0.00248634775492093
-0.00158463861259665
-0.000292999164189991
0.00124839804278731
0.0028534257657046
0.00432500588151253
0.00549166936865838
0.00623986768883221
0.00653277175888274
0.00640869270087667
0.00596019368266139
0.00530237203823109
0.00454174224978427
0.00375497554197075
0.00298052447744521
0.00222024490229941
0.00144778011460756
0.00062421603529004
-0.000278450160470604
-0.00125204096908429
-0.00223712243190262
-0.00312777802232912
-0.0037965644314073
-0.00413084300306594
-0.00406710697619228
-0.00361027693029191
-0.00283059960407572
-0.00184131397991051
-0.00077012409366452
0.000261443113622387
0.00114665462693708
0.00179877813322305
0.00216448267772893
0.00224530343374324
0.00211116545427673
0.00188821103979806
0.00172102928989565
0.00173032072056736
0.00198971895212024
0.00252800958756623
0.00334416602891916
0.00441999569271896
0.00572663691946369
0.00723040208814946
0.00890054405934102
0.0107130318695156
0.0126434314196776
0.0146518893620971
0.0166736265942235
0.0186261539703384
0.0204291474084729
0.0220198856530158
0.0233513790427814
0.0243779717571372
0.025045127665983
0.0252943381691646
0.0250787487708214
0.0243770695157344
0.0231988283296615
0.0215838409053166
0.0196009956108078
0.0173454745847279
0.0149295323532722
0.0124669720904565
0.0100594996969199
0.00779283727649993
0.0057406036549581
0.00396552971373808
0.00251033782672699
0.0013822714775528
0.000544676370784728
-7.2963867746283e-05
-0.000547985885108627
-0.000935492048178886
-0.00125492573902436
-0.00149925766040633
-0.00165908841396098
-0.00174685428739071
-0.00180968851822061
-0.00192737493482991
-0.00219756592394391
-0.00271245377112158
-0.00353210265221852
-0.00466229512186133
-0.00604743325840179
-0.00758601326579144
-0.00916419742185851
-0.010688939645737
-0.0121000540197733
-0.0133564434146221
-0.0144128325027457
-0.0152095709342527
-0.0156833226328483
-0.0157857053762304
-0.0154904143540907
-0.0147823237322836
-0.0136410748220405
-0.0120387502316596
-0.00996031345483669
-0.00743663528986691
-0.00456946367123614
-0.00153298905268467
0.00144987822475572
0.0041485383634545
0.00637107151805621
0.00800162214219793
0.00901500205225884
0.00946308194389919
0.00944090140017373
0.00904923522974247
0.00836962757148787
0.00745960595782058
0.00636408647475194
0.00513026151334245
0.00381473875313423
0.00248240262829364
0.00120485858986332
6.31976565422723e-05
-0.000850569266993383
-0.00144469130744819
-0.00165660166434404
-0.00149001707549822
-0.00103829396233339
-0.000473867513358763
-1.87402129788265e-06
0.000201795266352608
3.97541202295543e-05
-0.000487553168614699
-0.00129247091297042
-0.00223153901200686
-0.00314806817958367
-0.00391600873716507
-0.00447206997479486
-0.00482317038596918
-0.00502579066313304
-0.00514901338999988
-0.00524181421507277
-0.00531859267984517
-0.00536053528425064
-0.00532086335361302
-0.00512885773248598
-0.00470054477571764
-0.00396467934257394
-0.00289790872267701
-0.00154904881197725
-3.4825515822786e-05
0.0014944123169915
0.00290509801203677
0.00412718101628607
0.00517900262387612
0.00615745374486933
0.00719100496699288
0.00837049455400364
0.0096899467643808
0.0110325751208065
0.0122161738825799
0.0130767177093764
0.0135446069248121
0.0136745608726926
0.0136216573920035
0.013585304639839
0.0137489973356626
0.0142307945103038
0.0150478657045144
0.0161003119992228
0.0171865241622353
0.0180572399409865
0.018493935061545
0.0183767533517094
0.0177099648296438
0.016599416843353
0.0152022813283222
0.01367284501091
0.0121152673566336
0.0105483984256824
0.00889560472478407
0.00701487032184641
0.00476573829852563
0.00208375180989344
-0.000973775459578076
-0.00422944380197176
-0.00743011345536661
-0.0103148605232987
-0.0126833671605728
-0.0144439657524352
-0.015628579393618
-0.0163729330296111
-0.0168696003093773
-0.0173070110457984
-0.0178118073923433
-0.0184143362450885
-0.0190516577084455
-0.0196063431398635
-0.0199610782970917
-0.0200429318991529
-0.0198417517625851
-0.0194040240979354
-0.0188126715354393
-0.0181615321576942
-0.0175292416009347
-0.0169588892066038
-0.0164534691744117
-0.0159921308767462
-0.0155576169039308
-0.0151555996808565
-0.0148143653760955
-0.0145709587256568
-0.0144586684275247
-0.0145036528020882
-0.0147263654138491
-0.0151393899553894
-0.0157393441193635
-0.0164989456535559
-0.0173677730088487
-0.0182844725928332
-0.0191942435486245
-0.0200613102305222
-0.0208703516238499
-0.0216190392330952
-0.0223082840490647
-0.0229354517292898
-0.0234931380644635
-0.0239745681508248
-0.0243834121001787
-0.0247408026487277
-0.0250822630964768
-0.0254450990823077
-0.0258548014222545
-0.0263185395860103
-0.0268267191580805
-0.0273577471599039
-0.0278805156605943
-0.0283525872126075
-0.0287170606765179
-0.028904004498088
-0.0288402481236482
-0.0284656705959056
-0.0277495070213607
-0.0266999221995798
-0.0253645151960428
-0.0238250344771633
-0.0221901944417313
-0.0205848227214809
-0.019129945221823
-0.0179145328530624
-0.0169702147150675
-0.0162628142830838
-0.0157057903805455
-0.0151894212672477
-0.0146142846586708
-0.013918134186374
-0.0130880489388293
-0.0121543058873611
-0.0111699168872563
-0.010187397163999
-0.00924534854143663
-0.00836851962959366
-0.00757299636628896
-0.00686566567823162
-0.00623789945452403
-0.00566525914963859
-0.00512250429450381
-0.00460737786097093
-0.00415515828419819
-0.00383155169714502
-0.00370711819215829
-0.00382622267777156
-0.00418260585149073
-0.00470936116409529
-0.00528808438348612
-0.00577709013700105
-0.00605049055257877
-0.0060340497115554
-0.0057249661058937
-0.00518968752633559
-0.00454209329836518
-0.00391033005331987
-0.00340215785160512
-0.00307662661946656
-0.00292796489934045
-0.00288713667778085
-0.00284376103078536
-0.00268328303638338
-0.00232615977779333
-0.00175458731211209
-0.00101868392663142
-0.000222559736058479
0.000503447418439708
0.00103591571390628
0.00128891183375231
0.00123568744736899
0.000916896746284243
0.000433099627308426
-7.67662393772231e-05
-0.000465509298904003
-0.000609818174707047
-0.000437919397085592
5.49745242436866e-05
0.000810834126585067
0.00173276757503446
0.00271775114574819
0.00368276472366772
0.00457619812202561
0.00537739015439288
0.00609115692134445
0.00673960139747329
0.00734845840713079
0.00792746402341202
0.00845224765967852
0.00886014209946789
0.00906769473991788
0.00900565523281402
0.00865579330849093
0.00807111086337797
0.00736965553678051
0.00670611920904489
0.00623356364742056
0.00606562698389532
0.00624501625811309
0.0067251572343005
0.00737498255320386
0.00801193472171433
0.00845394915315537
0.00856867724063536
0.00829972425703167
0.00766493519773485
0.00673691801105187
0.00561834256626973
0.00441754056243002
0.00322647695001692
0.00210562075118899
0.00107980762483315
0.000144133497229225
-0.000723071343679895
-0.00154135302664446
-0.00230710781902901
-0.00298112616105635
-0.00349454459386514
-0.00376989956729489
-0.00374289912070007
-0.00337586284804887
-0.00266773728795407
-0.00166760588663326
-0.000484497692091401
0.000724225916636277
0.00179234577283436
0.00259385313734751
0.00307218069125201
0.00323590245730933
0.00313298664972777
0.00282497458865777
0.00237088425845303
0.00181768107463276
0.00119449740307008
0.000513796952132399
-0.000219358978248019
-0.000996676862767973
-0.0018022269135444
-0.00261366097960639
-0.00340307564121205
-0.00413624667201984
-0.0047758489471974
-0.00529241488234384
-0.00567734403394303
-0.0059469313957364
-0.00613283998475897
-0.0062664662977786
-0.00636865829017256
-0.00644828974096041
-0.0065044822716169
-0.00652865438566987
-0.00650919186917724
-0.00644088793002178
-0.00633294969143374
-0.00620606934337136
-0.00607774558513238
-0.00594609654760363
-0.00578295277689601
-0.0055384663952848
-0.00515357918982254
-0.00457747506221385
-0.00378729149388857
-0.00280289900016121
-0.00168721912166906
-0.000528825850173987
0.000585804502560429
0.00159757055867975
0.00248762417391389
0.00327481509183044
0.00400116282081422
0.00471348289201048
0.00544984327668204
0.00623337827666866
0.00706743153566151
0.00792583438598183
0.00874387468990457
0.00942622741893187
0.00988118664192172
0.0100678992026959
0.0100273018642897
0.00987605629761942
0.00976773407703298
0.00984231908135556
0.0101823822038612
0.010784399371547
0.0115521305146347
0.0123220600049641
0.0129220109490822
0.013240405103032
0.0132673656784408
0.013083077987892
0.012805432180022
0.0125331800954665
0.0123123793414413
0.0121302363809278
0.0119294425755677
0.0116390917455855
0.0112163782364271
0.0106812838322476
0.0101209530256304
0.00965451041430836
0.00937449081948298
0.00929848134002273
0.00936069564810586
0.00944815916666695
0.00945580111387266
0.00932410401850474
0.00904317887625318
0.00863772764940912
0.00815599373885481
0.00766719925020224
0.00725317923151437
0.00698451458522032
0.00689189777767373
0.00695450808707999
0.00711670043462722
0.0073234206994057
0.00755252324177841
0.00782707967260006
0.00820572785818884
0.00876017162783741
0.00954894974696599
0.0105915381945062
0.0118471688540281
0.0132084873214076
0.0145200973811926
0.015619764244092
0.0163848054849544
0.0167624363478234
0.0167733915720753
0.0164931157087864
0.016023852535948
0.015470868193476
0.0149287538592592
0.0144743619492121
0.0141592235775308
0.0140003895974313
0.0139776013378414
0.0140444886883288
0.0141502738230197
0.0142581995910965
0.0143493814248783
0.014413848928015
0.0144406523235148
0.0144160531951683
0.0143273391592969
0.014163331919249
0.0139085067384083
0.01353824917706
0.0130245670062299
0.0123515243402079
0.0115294263872605
0.0105978903366358
0.00961710633793267
0.00865207598241398
0.00775363514616119
0.00694013927615595
0.00618780345092286
0.00543901559064566
0.00463066857950699
0.00373181323844589
0.00277049399850909
0.00183207155328717
0.00102786100445185
0.000453179360707021
0.000160272242440364
0.000157326806644655
0.00042351583181769
0.000921992588212364
0.00160327223281008
0.00240631078178324
0.00326667982248062
0.00412947266827856
0.00495469478546388
0.00570856930297415
0.00635013220230509
0.00682992252580607
0.00710631531448008
0.00716604051877063
0.00702902351965163
0.00673156678648362
0.00630289564966817
0.00575724282687943
0.00510893914713824
0.0043951617681811
0.00368304690978087
0.00305347379111259
0.00257678465913053
0.00230134021548863
0.00225864881608068
0.00246963566675621
0.00293808983442591
0.00363637403517455
0.00450081266249611
0.00544544206354894
0.00638478492071713
0.00724884734435344
0.00798139708296033
0.00852620768191761
0.00881510829330806
0.00877089127235902
0.00832709860486401
0.00745308087099563
0.00616860546546
0.00454158814131918
0.00267541586620302
0.000696261917806435
-0.00125619029599598
-0.00304005950876924
-0.00453045662389626
-0.00564231443156675
-0.00634189438742893
-0.00663483988997482
-0.00653725792678556
-0.00605371753879826
-0.00518237848187759
-0.00394376606121823
-0.00240890711675951
-0.000704673946173146
0.00100492775540278
0.00254592603411047
0.00375763822627982
0.00451457631747536
0.00475362797536311
0.00449898166339081
0.00386467785393804
0.00302490329406998
0.00216699540867847
0.00145307550196577
0.00100229059113232
0.000886069839772947
0.00112529802600514
0.00168905027813216
0.00250277933704147
0.00347084740915172
0.00450822662812877
0.00556699654790869
0.00664236102273769
0.00775445898611494
0.00891912568844873
0.0101267055577822
0.0113370404411366
0.0124848356687069
0.0134882543146579
0.0142615358196885
0.0147349818440557
0.0148780409359524
0.0147130347289717
0.0143085694543459
0.0137534273340094
0.0131256148730304
0.0124760819949426
0.0118358333504827
0.0112352831067066
0.0107139723925633
0.0103093382737707
0.0100349705715888
0.00986848199925605
0.00975771951746698
0.0096370862350511
0.00944247356690159
0.00912329899324395
0.00865732731574916
0.00806857037768849
0.00743752641231999
0.00688997178843629
0.00656090986502081
0.00654657797624618
0.00686655891344889
0.00745321381871372
0.00817130600796992
0.00885709639770737
0.00936066119384727
0.00957815158493555
0.00946759820987423
0.00904765559246398
0.0083821350697174
0.00755629307005853
0.00665373504447065
0.00574188537125217
0.0048677814975858
0.00405950200080257
0.00332792962555156
0.0026679660587056
0.00206145668229898
0.00148272867623552
0.000904958126368038
0.000305333543423715
-0.000331850027801268
-0.001015216351377
-0.00175083292461779
-0.00254983803627646
-0.0034333046547596
-0.00442831899268756
-0.00555602001642594
-0.00682015384297346
-0.00820423442168397
-0.00967527626237675
-0.0111836175730451
-0.0126539179196735
-0.0139778559863745
-0.0150256484982624
-0.0156808131150672
-0.0158819524095666
-0.0156463039379841
-0.0150597210078181
-0.0142384245897033
-0.0132852976697614
-0.0122660620065445
-0.0112150956823051
-0.0101578423701823
-0.00912704519503461
-0.00816273606305826
-0.00730578013503994
-0.00659827025050858
-0.00608855953680147
-0.00582598499338842
-0.00583898369473329
-0.00611208310547944
-0.00658569536843925
-0.00718406428940846
-0.00784842717334143
-0.00854575008270977
-0.00924774157586491
-0.00990506819591786
-0.0104457201179428
-0.0108015654261677
-0.0109410696173668
-0.0108840687333253
-0.010693077787642
-0.0104524951186858
-0.0102478274057522
-0.0101475146838496
-0.0101851992163026
-0.010346739604035
-0.010574281466686
-0.0107944288077224
-0.0109582082151703
-0.0110652857756376
-0.0111526018337127
-0.0112556542856716
-0.011374532279785
-0.0114725533612983
-0.0115046514318023
-0.011444717586893
-0.0112845536758172
-0.0110083250180527
-0.01057203646978
-0.00991172135862401
-0.00897620818492911
-0.00776086247894653
-0.00632301484088581
-0.00477619998188066
-0.0032702586054048
-0.00196335467940222
-0.000988685061357715
-0.00042113930262406
-0.000256070237696438
-0.00041428748395496
-0.000776396233735907
-0.00123026685070478
-0.00170452394113099
-0.00217060779526245
-0.00261884167899478
-0.00303022284608956
-0.00336315656560967
-0.00355848421944357
-0.00355300630618515
-0.00329283379716765
-0.0027482082048279
-0.0019336629577901
-0.000924808929539195
0.000147528373358125
0.00113376415920675
0.00191435819607164
0.00243038204698684
0.00268113533880999
0.00270048712890174
0.00253375969792202
0.00222562397016566
0.00181386462055349
0.00132082027959308
0.00074372366620259
5.37567271461775e-05
-0.000789634094733009
-0.00181472555584975
-0.00301701160690045
-0.00435111246620461
-0.0057347323863535
-0.00706076240902875
-0.00821614154383712
-0.00910692269764278
-0.0096849414941622
-0.00996709822036968
-0.0100380918170696
-0.0100315778657775
-0.0100918577957296
-0.0103270520953483
-0.0107707621923338
-0.0113665234989784
-0.0119791480391021
-0.0124286036715874
-0.0125400471927008
-0.0122014018847249
-0.0114115913753793
-0.0102955765301361
-0.00906976158997735
-0.00796466055261647
-0.00713674260673148
-0.00661023788982741
-0.00627535391184401
-0.00594111881455194
-0.00541715432426683
-0.00459112278028575
-0.00347527056862309
-0.00220790593200303
-0.00100987613662294
-0.000111364424424095
0.000324542843894888
0.000255240091890406
-0.000226342906010218
-0.000917046525473642
-0.00156154539350978
-0.00192741848766487
-0.00187309433931141
-0.00138250026269229
-0.00055252344939016
0.000457550983701744
0.00148720953228896
0.00241902409423823
0.00319474976479569
0.00380883852126825
0.00429007181068584
0.00467704535095802
0.00498992492933264
0.00520521446556178
0.00524578972841648
0.00499580461592827
0.0043390216204061
0.0032076140601512
0.00162291990878985
-0.000288922656738845
-0.00231552207252822
-0.00420713231033678
-0.00574007401746226
-0.00677406936940271
-0.00728571209900241
-0.007367257688868
-0.00718987222349006
-0.00694290375608329
-0.00677062951382233
-0.00672899968176151
-0.0067767392113739
-0.00680255504290321
-0.00667740704025869
-0.00631124350830425
-0.00569197438211251
-0.00489295293235188
-0.00404876996693051
-0.00330975524457273
-0.00279074747505679
-0.00253163118691905
-0.00248498506515223
-0.00253620675714183
-0.00254629634790967
-0.00239778348366699
-0.00202693208598187
-0.00143509151142628
-0.000679666594130711
0.000150948474442984
0.00096986731990855
0.00171834920659621
0.00237414359791703
0.00293938203365059
0.00341979336160665
0.00381210951042041
0.00410670990853311
0.00429735245562145
0.00438497817889805
0.0043715179680744
0.00425080874151121
0.00400617313576422
0.003618460325097
0.00308079994328432
0.00241115043761409
0.00165337565763904
0.000863742876797162
8.91135833413511e-05
-0.000651909046920539
-0.00137610606986717
-0.00212775650893886
-0.0029572031025122
-0.00389322661183075
-0.00492327528123157
-0.00599520806274791
-0.00704187415919467
-0.00801454420966863
-0.00890673497942792
-0.00975805704508819
-0.0106385894930877
-0.0116209930673297
-0.0127507330940698
-0.0140251234784645
-0.015387571429274
-0.0167358354278185
-0.0179383393147315
-0.0188539948035879
-0.0193548252828068
-0.019350846291567
-0.0188118535397703
-0.0177760847991335
-0.0163377305322749
-0.0146152704785345
-0.0127144253311727
-0.0107043773272018
-0.00861949216947054
-0.00648416151623866
-0.00434471118161692
-0.00228943872145032
-0.00044760471413797
0.00102906039389521
0.00199392059373516
0.00233581388223592
0.00200647256965048
0.00103642888549536
-0.000468227477778914
-0.00234851473865534
-0.00442656210725474
-0.00653834491273706
-0.0085530251516544
-0.0103736344355425
-0.0119252885625711
-0.0131436918985626
-0.0139716381679825
-0.0143624942495763
-0.014289116249207
-0.0137604165072407
-0.0128422783153721
-0.0116665514744272
-0.0104110429230312
-0.00925340233262254
-0.0083238842557255
-0.00768291330373669
-0.00733047869564347
-0.00723567443922868
-0.00736852938390054
-0.00772005567913038
-0.00830482638104748
-0.00914967545131532
-0.0102764510423703
-0.0116834956450189
-0.0133272747030901
-0.0151102278724132
-0.0168866494210582
-0.0184912883693506
-0.0197776648682741
-0.0206450658664807
-0.0210457081338908
-0.0209814487390135
-0.0205015829214314
-0.0197003444734851
-0.0187035370916428
-0.0176398993973835
-0.0166070955234276
-0.0156496620981917
-0.014759820444481
-0.0138977684823715
-0.0130180466691515
-0.0120897216130383
-0.0111065514131098
-0.0100895170563071
-0.00908311411976729
-0.00814291418201926
-0.00731359718497303
-0.00660548111103442
-0.00598375787355219
-0.00537812053357361
-0.00470574943397901
-0.00389340773566341
-0.00289129543666193
-0.0016812741490601
-0.000282749452417757
0.00124625171927586
0.00281679058771884
0.00432507488090382
0.00567281451582678
0.00678765782961938
0.00763931343593384
0.00824572274452098
0.00866477951726118
0.0089723664951171
0.00923412404835279
0.00948192389294967
0.00970371912460398
0.00984862398874896
0.00984314108071125
0.00961344715756777
0.00911010880231071
0.00833037481985522
0.00732948103549226
0.00621183332743396
0.00509934791804493
0.0040855899114142
0.00319449094280893
0.00236450153255362
0.00146970042524307
0.000372356982680083
-0.00101420522009768
-0.00267974484968753
-0.00450917832491901
-0.00631683593462368
-0.00790711984291387
-0.00913325240576641
-0.00992957102305377
-0.0103108041424341
-0.0103494636255378
-0.0101461104319382
-0.00979920837598991
-0.00937660102143779
-0.00889616546058258
-0.00832818658865245
-0.0076240410563742
-0.00675877147110207
-0.00576450948089494
-0.00473641310950702
-0.00380825424438547
-0.00310985373890483
-0.00272419207682479
-0.00265756699518403
-0.00282967537985115
-0.00308805587767048
-0.00324792806214985
-0.00314782334575875
-0.00270041109679547
-0.00191893108672806
-0.000911963920678834
0.000148780015143235
0.00107688166527559
0.00172165842223303
0.00200539921592797
0.00193698609476397
0.00160033736579445
0.0011230911230785
0.000635739068294342
0.000236550235163532
-2.18238611600034e-05
-0.000119438773253612
-4.24990590405853e-05
0.000236689584186248
0.000760901105921764
0.00157082319660544
0.00267807387684035
0.00404017539802621
0.00554996994422036
0.00704817374772186
0.00835864890606019
0.00933578170097987
0.00990745556494852
0.0100982185345414
0.0100246631680209
0.00986421664431161
0.00980479895262055
0.00998731969660353
0.0104590598597145
0.0111589878098443
0.0119466388593926
0.0126653592457467
0.0132121447839873
0.013581849841181
0.0138646524439353
0.0141976756607786
0.0146955803450579
0.0153959387395264
0.0162433070219589
0.0171108918644237
0.0178421987328575
0.0182955482859261
0.0183813836832502
0.0180856830605103
0.0174737954801335
0.0166716316840414
0.0158260670155902
0.0150544543061836
0.0144024359378806
0.0138305775137782
0.0132377094574551
0.0125114403051272
0.0115869345348208
0.010492706888441
0.00936124496739847
0.00839038397931808
0.007766812298549
0.00758993523870383
0.00783473314887716
0.00836466633353622
0.00897856296094177
0.00946926199607467
0.00967801752463489
0.00953211832739552
0.00905488711000446
0.00834486794046628
0.00753260193780754
0.00673173780936868
0.00600347007867461
0.00534824539036282
0.0047252210309111
0.00408470878163135
0.00339470481809993
0.00265273803478319
0.0018861990132499
0.00114645570441775
0.00049776689741557
9.47850519626771e-07
-0.000304683823851927
-0.000415112114552182
-0.000366865205361241
-0.000232830448386927
-0.000109752709582133
-9.84839535030394e-05
-0.000279179762387634
-0.000689067880357169
-0.0013157555914992
-0.00211406142059731
-0.00303818560384011
-0.00406903582265833
-0.00522218977924213
-0.00653761384804472
-0.00805967432527699
-0.00981197299792075
-0.0117690305097171
-0.0138328578434232
-0.0158288328401695
-0.0175318140140825
-0.0187198585475801
-0.0192375951413236
-0.0190443730949824
-0.0182290208479325
-0.0169886885848781
-0.0155823963437969
-0.0142738498552949
-0.013276568946774
-0.0127136478098781
-0.0126034884074797
-0.0128762409252062
-0.013413985803047
-0.0140982535732814
-0.0148467300844376
-0.0156265716086225
-0.0164419319631035
-0.0173040631209488
-0.0181983141402331
-0.0190617442073339
-0.0197813970250046
-0.0202179701514381
-0.0202499382733988
-0.0198216434393317
-0.0189745400494542
-0.0178469434216048
-0.0166385694642883
-0.0155486875957203
-0.0147109164065568
-0.0141547681880542
-0.0138117353429153
-0.0135580657278096
-0.0132696942425927
-0.0128670869422434
-0.0123379139023891
-0.0117334029717163
-0.011142054515675
-0.0106527804658267
-0.0103222603246602
-0.0101570419504658
-0.0101147695898409
-0.0101223421678455
-0.0101014316753301
-0.00998916313238008
-0.00974753790194275
-0.00936211729646031
-0.00883194724702454
-0.0081541919779118
-0.00731280797386125
-0.0062813033397818
-0.00503842520545387
-0.00358514173070819
-0.00195506049173479
-0.000219874956069264
0.00150911705498658
0.00308915847768083
0.00436784166850287
0.00521231209429396
0.00553361699462845
0.00529712352726218
0.00451713158698792
0.00324202855834376
0.00154289025175372
-0.000485213627430211
-0.00271511086834641
-0.00498824048173212
-0.00713030766798289
-0.00897273275486503
-0.0103715399832126
-0.0112270791358658
-0.0115072374099898
-0.011261823407508
-0.0106110087517303
-0.00970807056430644
-0.00869698058361376
-0.00768642139790838
-0.00674626669996588
-0.00591845694896052
-0.00523162184801728
-0.0047144400895755
-0.00440771665713897
-0.00437288155664664
-0.00468774959813906
-0.00542114008132157
-0.00659293025397707
-0.00814255657497315
-0.00992783589154233
-0.011757171497483
-0.0134398914112833
-0.0148338936740269
-0.0158737624209976
-0.0165704142890896
-0.0169846043177371
-0.0171884165810421
-0.0172330937814753
-0.0171347701485069
-0.0168790232015792
-0.0164392792262656
-0.0158025252604233
-0.0149930545177235
-0.0140819620231287
-0.0131740486231516
-0.0123768535232413
-0.0117694102373212
-0.0113882681258275
-0.0112335111299492
-0.0112815537709178
-0.0114904280799945
-0.0117970629201026
-0.0121176916965561
-0.0123587596878115
-0.0124334617486339
-0.0122747940594274
-0.0118430495041464
-0.0111315806299637
-0.0101707379250124
-0.00902334477209426
-0.00776750814609568
-0.00647334748407607
-0.00518711932681605
-0.00393062843099754
-0.00271094912852474
-0.00152852522632945
-0.000377383612560065
0.000757632108267748
0.00189775166434825
0.00305927024377529
0.00424129762130437
0.0054199845880517
0.00655138824619881
0.00758062971777052
0.00845497531611727
0.00913942488871839
0.00963158248958385
0.00996923775259905
0.0102236322093715
0.0104769254921548
0.0107922667910621
0.0111919978839695
0.0116562464625264
0.0121412211570364
0.0126045159818509
0.0130234228919316
0.0134002174151757
0.0137566280146118
0.0141226960435518
0.0145244455829708
0.0149733674154161
0.0154593971627945
0.0159475613133349
0.0163777728710348
0.0166685161759391
0.0167270130116901
0.0164674008419717
0.0158333555961692
0.0148170117566511
0.0134673678804575
0.0118869224260936
0.0102186653197793
0.00862548113066208
0.0072644455346796
0.00626023753503106
0.00568253328322291
0.00553209389794491
0.00574067565040552
0.0061886080923302
0.00673807022553794
0.0072718571939013
0.00772265806643411
0.00808088536113395
0.00837922265284425
0.00866342174671744
0.00896394087541799
0.00927907611779755
0.0095724171349967
0.00978247329891481
0.00984071509901165
0.0096926066360837
0.0093145315482198
0.00872108530470622
0.00796197061518393
0.00711173210916428
0.00625635590802985
0.00547958646692187
0.00485104013078455
0.00441854725315054
0.00420680046197647
0.00422120677280911
0.00445180576245264
0.00487270814622452
0.0054390096622161
0.00608842555403494
0.00675150357182655
0.00736519782573993
0.00788054840419252
0.00826093636001388
0.0084760577933635
0.00849930595632084
0.00831130196207278
0.00790565475184314
0.00729070242898825
0.00648432653823363
0.00550454902943664
0.0043621351654979
0.0030609803697677
0.00160824830262636
3.04431441287034e-05
-0.00161344981235713
-0.00323070748782575
-0.00470798330511474
-0.00593305601565202
-0.00681648731946724
-0.00730783719021289
-0.007405494802003
-0.00716036685909698
-0.00667266325647167
-0.00608029165220616
-0.00553752985270224
-0.00518465727862957
-0.00511446749471094
-0.00534718146329363
-0.00582494307759598
-0.00642934138497186
-0.00701594948275125
-0.00745399229136863
-0.00765776565735829
-0.00759961197487657
-0.00730257737681051
-0.00682023055082815
-0.00621447217255566
-0.00553815167634881
-0.00482377968482675
-0.0040775835632626
-0.00327938600939847
-0.00239075398197864
-0.00137335011973268
-0.000213608611796614
0.00105816686122784
0.00236687028292972
0.00361147959169282
0.00469233491939648
0.00553312288100191
0.00609282026304796
0.00637115143695369
0.0064101512874953
0.00628831042018639
0.00610244985097346
0.00593946255847508
0.00584945470139017
0.00583465679245865
0.00586044979767315
0.00588072199703801
0.00586118398039147
0.00578888884635457
0.0056683358943148
0.0055118148250673
0.00533038077297277
0.00512843207641535
0.0049033986485887
0.00465008940533059
0.00436586811858382
0.00405192970246579
0.00370972125184447
0.00333643350977684
0.00292438536524394
0.00246511483781589
0.00195415637551418
0.0013916970536084
0.000778183709976276
0.000108467306327167
-0.000630669216754005
-0.00145681327178829
-0.00238257328357021
-0.00340421278419501
-0.00449353714256025
-0.00559677853358364
-0.00663998874392287
-0.00753724935892463
-0.00819917778811195
-0.00854320382537502
-0.00850839765893107
-0.00807314767603116
-0.00726776555865889
-0.00617334421605605
-0.0049046468424188
-0.00358302272412746
-0.00230943512815304
-0.00114645591757296
-0.000113845465897393
0.000802236337066355
0.00163003128311405
0.0023896962701936
0.00307629095593313
0.00365576935478017
0.00407584703906705
0.00428697555727693
0.00426572212663638
0.00403352152077833
0.00366469280973764
0.00327891993243129
0.00301812030406581
0.00301446761769334
0.00335956100178852
0.00408263317089196
0.00514269996270264
0.00643809112773661
0.00783342800901249
0.00919672786942613
0.0104327311266044
0.0114991828599455
0.0124009670980853
0.0131670588867782
0.0138213713553674
0.0143587144108766
0.0147331545357381
0.0148614023411393
0.014640320240562
0.0139749279429801
0.012810730557982
0.0111622108122049
0.00912869752616722
0.00689011784070068
0.00467950734306743
0.00273744844640807
0.00126281750756615
0.00037724332092087
0.000113530405044422
0.000426310459439087
0.00121584603835586
0.00235617447504184
0.00372156972119786
0.00520597234841731
0.0067299218839195
0.00823267950935565
0.00965452023440544
0.0109210733284083
0.0119416161771708
0.0126247872056106
0.0129043852032097
0.0127626627888867
0.0122409023916111
0.0114334422866715
0.0104677408267378
0.00947778394624782
0.00858001410943528
0.0078587824322597
0.00736297404348211
0.00711066255517896
0.00709744964230511
0.00730554150030154
0.00771162502206417
0.00829123613968699
0.00901698141987467
0.0098499119881896
0.0107286398219408
0.0115660602834073
0.0122616120376803
0.0127260207086478
0.0129049620559286
0.0127890415335554
0.0124082709534699
0.0118180352617287
0.0110836228527611
0.0102661701642613
0.00941144421898167
0.00854498932358392
0.00767769073838916
0.00682073460537971
0.00600113678051786
0.00526675985428553
0.00467736662114956
0.00428913935401732
0.00414323622972208
0.00426227980890077
0.00465057216040883
0.00529185643483127
0.0061425078104348
0.00712434473146239
0.00812571303274548
0.00901734184641449
0.0096794946778697
0.0100270673328924
0.0100202826732063
0.00966031505522443
0.00897930146892881
0.0080332121080779
0.00689742091267087
0.00565871725923703
0.00439952876479149
0.00317812095950131
0.00201573770113097
0.000901192396677023
-0.000186222879302077
-0.00124726312090509
-0.00224480356976891
-0.00311039190881768
-0.00377331616737561
-0.00419472459076398
-0.00438569486639974
-0.00440109749309556
-0.00431929697860034
-0.00422360788800023
-0.00419137190727661
-0.00428494446265775
-0.00453960799356456
-0.00495330049571056
-0.00548801460661862
-0.00608604372911693
-0.00669302736741305
-0.00727482220731801
-0.0078202746017506
-0.00833248576143105
-0.00881863768600155
-0.00928591739276135
-0.00974053867159802
-0.0101803401734091
-0.010578353942969
-0.0108690538655095
-0.0109544497472362
-0.0107352761092624
-0.0101523109372863
-0.00921289104461829
-0.00798807517601727
-0.00658755419218711
-0.00513223648975577
-0.00373778086562454
-0.00250582198735922
-0.00151195369810937
-0.000787915129472362
-0.000308840540133024
7.21024195800201e-07
0.000239574110710397
0.000494308484154393
0.000814757790837121
0.00121171068760468
0.00167113689387235
0.00216830188271281
0.00267114577096445
0.00313831402173157
0.00352461923599429
0.00379728423538877
0.00395208278089287
0.00401614465520463
0.00403531665883202
0.00405531013921974
0.00410634250297235
0.00419352717239763
0.00429114074260366
0.00434312531498357
0.00427718539545811
0.00403481973054986
0.00360566702334463
0.00304604023123251
0.00246925016795487
0.00201235539299277
0.00179468094108605
0.0018825773985755
0.00226963734338936
0.00287766720009613
0.00357925801984357
0.00423579679337133
0.00473821355346019
0.00503589866167823
0.00514356089357262
0.00512513727465077
0.00506419885578559
0.0050352750732673
0.00508650663813306
0.00523501604433787
0.00547035890234141
0.00576165452441048
0.00606670959149113
0.0063420622667112
0.00655152445790832
0.00667092004941486
0.00668982643754894
0.00661415446252428
0.00647166478256009
0.00631588117624746
0.00621912269622722
0.00625008558650045
0.00644411981337692
0.00678356471249349
0.00720140059026112
0.00760719916353397
0.00792221308993605
0.00810818362253117
0.00817970419337209
0.0081970219808765
0.00824257530220758
0.00839016882820834
0.00867892935827828
0.0091025149325839
0.00961721526592756
0.0101640412989775
0.0106945014125865
0.0111899826983248
0.0116689331493462
0.0121808063517376
0.0127891655180685
0.0135491176520682
0.0144862726314658
0.0155836267073106
0.0167789624441868
0.0179720413831788
0.0190403451422114
0.0198620066153501
0.0203421476538813
0.0204355994771851
0.0201582147981888
0.0195819659947787
0.0188149915352765
0.017974057306573
0.0171591439413066
0.0164361960680346
0.0158290169129968
0.0153207739554732
0.0148680037327039
0.0144273126823202
0.0139846433664226
0.0135689855712572
0.0132389527598121
0.0130495866788807
0.0130212994376078
0.013129464080365
0.0133157409435705
0.0135075300304213
0.0136330055095357
0.0136322984001615
0.0134731379067503
0.0131705477958038
0.0127957493462821
0.0124595563672578
0.0122734332559491
0.0123086184947967
0.0125736077714097
0.0130159928498602
0.0135413199680076
0.0140384751107648
0.0144053229869408
0.0145719637671946
0.0145177867713867
0.0142757661987598
0.0139200649346047
0.013542060668
0.0132265163082535
0.0130353137508322
0.0129962137672266
0.0130925174474401
0.0132591786713686
0.013397350786746
0.0134094331661493
0.0132376256400532
0.0128814701897954
0.0123839325763748
0.0117989850071299
0.0111648453964384
0.0104971443086682
0.00979711499823663
0.00906089200525899
0.00828382047433897
0.00746569608270938
0.0066227679375269
0.00580033848006918
0.00507202072911863
0.0045193754219451
0.00420141277726007
0.00413150066292074
0.00427320977117862
0.00455356745484681
0.00488318263267359
0.0051736664589698
0.00535069212694009
0.00536622915777539
0.00520945285671622
0.00490849307195813
0.00451669908768886
0.00408891295623816
0.00366249266360372
0.0032536854989027
0.00286727103965086
0.00250941611628487
0.00219571050252233
0.00195242240920182
0.00181245980501631
0.00180805647907822
0.00196214854678864
0.00228015966811882
0.00274346542428325
0.00330627562635153
0.00389869842360208
0.00443770811429117
0.00484375661568657
0.00505709531554482
0.00504828327410386
0.0048212872898134
0.00441047177880757
0.00387191380236019
0.00326828401846575
0.00265006377673816
0.00204191570793564
0.00144286043283239
0.000839640441873641
0.00022344344836081
-0.000399072131544761
-0.00100155171355061
-0.00153750867946025
-0.00194401417600244
-0.0021530260634864
-0.00211004180250655
-0.00179239628838954
-0.00121744051447143
-0.000437098533118684
0.00047619257383865
0.0014444163875592
0.00239591693139969
0.00327453166100316
0.00404559756086084
0.0046964068446692
0.00523040264605286
0.00565925088254864
0.00599884529664859
0.00627130557801375
0.00650916353013282
0.00675617121411798
0.00706266033672027
0.00747795765050048
0.008043545515083
0.00878826289002922
0.00972474183053059
0.0108474689737495
0.0121350904382925
0.0135581776942477
0.0150890784569219
0.0167084243523283
0.0184055407994697
0.0201729196219189
0.0219955079812707
0.0238376455555393
0.0256351975075066
0.0273007330572369
0.0287411553662965
0.0298779378377243
0.0306602599479496
0.0310690607729755
0.0311155475847011
0.0308371737117042
0.0302918592174592
0.0295509174348412
0.0286917698041885
0.0277913870294202
0.0269205924494995
0.0261384954272672
0.025486427083397
0.0249830688363357
0.0246248561080881
0.0243934702425096
0.024266319852856
0.0242239277967128
0.0242522101289269
0.024340702121811
0.0244764048920953
0.0246330559576017
0.0247605120982444
0.0247820368205697
0.0246033075936734
0.0241304328399931
0.0232912743255089
0.0220541683196975
0.0204384884679148
0.018513735935539
0.0163877500621521
0.0141870101350113
0.0120335152059082
0.0100259656479095
0.00823314658511624
0.0066983898710012
0.00544338766914514
0.00446211211170898
0.00371003932434574
0.00310298453979708
0.00253389213726895
0.00190257333982337
0.00114422938477391
0.00024303372211977
-0.000773016667204798
-0.00184783354494139
-0.00291397047678712
-0.00391077771444087
-0.00480879394391248
-0.00563268000578183
-0.00646138418613568
-0.00739309332246813
-0.00849020483110771
-0.00973751184434922
-0.0110380035632726
-0.012246859038407
-0.0132252534968906
-0.0138888401755933
-0.0142302094011595
-0.0143087376613556
-0.0142180789909553
-0.0140493615878844
-0.0138639776772735
-0.0136824713331033
-0.0134913416447072
-0.0132642671770724
-0.0129868301878391
-0.0126706231641478
-0.0123487913352255
-0.0120569990764448
-0.0118130512005453
-0.0116086271969008
-0.0114174763674464
-0.0112129586706497
-0.0109837708583695
-0.0107422528240663
-0.0105260524101935
-0.0103930163485295
-0.0104051478783846
-0.0106008089968612
-0.0109659677659663
-0.0114230142775062
-0.0118483298540669
-0.01211182264224
-0.0121197260558163
-0.0118458682390475
-0.0113471853228166
-0.0107610926560021
-0.0102767964178299
-0.0100776188464273
-0.0102733911083705
-0.0108593262653486
-0.0117256751839325
-0.0127084331688413
-0.0136487818729046
-0.0144353853242093
-0.0150231959520235
-0.015432353040924
-0.0157291232162335
-0.0159905277011976
-0.0162618804327981
-0.0165254440064849
-0.0166982277627661
-0.0166637459446595
-0.0163237403184054
-0.0156449251821583
-0.014679949866752
-0.013555757911305
-0.0124363156397325
-0.0114751256652021
-0.0107749409170762
-0.0103666451120999
-0.0102089475748237
-0.0102039467395824
-0.0102253291782477
-0.0101574932855765
-0.00993551182668104
-0.00956552519365915
-0.00911130971436342
-0.0086562883548785
-0.00826825188660886
-0.0079876537729227
-0.00783770427094273
-0.00783925631523665
-0.00801730202158243
-0.00839907689925632
-0.00901022804992055
-0.00987131252856915
-0.0109915682353807
-0.0123588435652827
-0.0139305626357914
-0.0156320969601998
-0.0173644801586599
-0.0190192292406831
-0.0204974119004278
-0.0217294024904281
-0.0226886651787596
-0.0233917264163749
-0.0238817018822627
-0.024201892685769
-0.0243722488968792
-0.0243800687407849
-0.0241880822571646
-0.0237546812051246
-0.02305830425986
-0.0221183858914299
-0.021003491809235
-0.0198178483713482
-0.0186696830932637
-0.0176415476635054
-0.0167821241432718
-0.0161164972968566
-0.0156541397997773
-0.0153839006923588
-0.0152686186559925
-0.0152560914854185
-0.0153020679020126
-0.0153822405842064
-0.0154787443075365
-0.015554342760599
-0.0155433953678977
-0.0153739600951377
-0.0150041248975001
-0.0144407346325432
-0.0137264471196633
-0.0129119616178863
-0.0120401067106159
-0.0111489154340662
-0.0102782954013141
-0.00946548162193876
-0.00873260604251953
-0.00808046108388998
-0.00749448812547318
-0.00695458988825761
-0.00643731236057803
-0.00591029090134465
-0.00533110834536589
-0.00466041518806217
-0.00388227293988596
-0.00301199690864727
-0.00208133561292962
-0.00111530163366275
-0.000126001050534376
0.00086882248277221
0.0018226409739939
0.00265993667417732
0.00330612860838601
0.00372791616630023
0.00395539096116734
0.00407151938086255
0.00417780754835136
0.00435808492882471
0.00465709393420947
0.00507587575506174
0.00557797334162219
0.0061038161137872
0.00659395833477269
0.00701542424420542
0.00737601290542827
0.00771312087822264
0.00805947144122471
0.00840664993874779
0.00869322987541279
0.0088296219354644
0.00874422275719413
0.00841756726011771
0.00788165654848898
0.00719212011559646
0.00640107794897692
0.0055497845068531
0.00467591497756377
0.0038180357507542
0.00300886351850235
0.00226492578995541
0.00158497129922708
0.000959506352947433
0.000381364446734897
-0.000153031017286509
-0.000649242715996555
-0.00111528545659933
-0.00155269461415965
-0.00194908999629749
-0.00228448636672033
-0.00254898021398615
-0.00275785792279297
-0.00295293923343118
-0.00318804180774324
-0.00350311999210155
-0.00389747688783251
-0.00431769521963849
-0.00467330948810725
-0.00487921680482314
-0.00490589047122216
-0.00480851978749778
-0.0047128077956176
-0.00475905536824424
-0.00503448717046525
-0.00553365855678398
-0.00616735607326
-0.00680851613028779
-0.00734598267458553
-0.00772063591494429
-0.00793170554692083
-0.00801472227352976
-0.00800539170866447
-0.00791154168661369
-0.00771116176477895
-0.00737923292836761
-0.00692853084498948
-0.00643874649480196
-0.00605062199104608
-0.00592037265823845
-0.00615567430921759
-0.00676770455813411
-0.00766287766256292
-0.00867501855894475
-0.00962286418573714
-0.010372841567443
-0.0108864300657176
-0.0112345062835946
-0.0115717554739218
-0.0120795978790048
-0.0128978879314899
-0.0140687904229796
-0.0155105163508404
-0.0170277982280585
-0.0183570178944539
-0.0192391779272152
-0.0195058873605783
-0.0191484637624535
-0.0183337362603035
-0.0173506209864313
-0.0165091154796879
-0.0160361454111315
-0.0160063705405455
-0.0163262501244368
-0.0167731184347042
-0.0170765989544314
-0.0170141980004122
-0.0164857923317759
-0.0155419312150849
-0.0143611374042241
-0.0131873307565305
-0.0122461523699755
-0.0116632585608448
-0.0114100450209224
-0.0112990941793066
-0.0110397878054544
-0.0103436478252844
-0.00904410051241522
-0.00717984676451153
-0.0049996217820123
-0.00288042798544609
-0.00119375969043868
-0.000179078207887333
0.000124205007990991
-0.000131686739434781
-0.000671000306733674
-0.00118992190971376
-0.00145078307804517
-0.00135403783419042
-0.000968986001490207
-0.000507954109451171
-0.00024585625083036
-0.000413397931412989
-0.00110795530811008
-0.00225756922909066
-0.00364670614073032
-0.0049857495268948
-0.00599452576041318
-0.00647628955765469
-0.00637150293834437
-0.00578451041405305
-0.00496905621713992
-0.00425944389640177
-0.00395861785936928
-0.00422780371442044
-0.00503124830762797
-0.00616134089322613
-0.00732662167487747
-0.00825995224950021
-0.00880733516941837
-0.00897592577795848
-0.00893371150686231
-0.00895849194003633
-0.00934190021859131
-0.0102742929305001
-0.0117561164704567
-0.0135774205883142
-0.0153757487551644
-0.016747881501157
-0.0173761170961639
-0.0171323848959298
-0.0161292460699504
-0.0146959248341095
-0.0132797357622473
-0.0123044851967189
-0.0120383360242775
-0.0125204773478313
-0.0135711477900202
-0.0148757828586652
-0.0161069124299837
-0.017038611147275
-0.0176171635722852
-0.0179674107202868
-0.0183310315100419
-0.018954561144383
-0.0199693041105196
-0.0213153380484852
-0.0227437764204338
-0.0238959401314364
-0.0244287607441331
-0.0241429560573559
-0.0230698694764927
-0.0214828528887587
-0.0198229306448434
-0.018561353486342
-0.0180495077824341
-0.0184157590550118
-0.0195506502701398
-0.0211794131968489
-0.0229772932309224
-0.0246703532737457
-0.0260893716986316
-0.0271796261546005
-0.0279842950658005
-0.02861262052177
-0.0291960403811625
-0.0298386529791265
-0.0305765895751234
-0.0313624333318182
-0.0320819579181924
-0.0325967442884314
-0.0327960561185397
-0.0326389250947419
-0.032171266372179
-0.0315108030082901
-0.0308044448223191
-0.0301752834871397
-0.029680819493539
-0.029296181761973
-0.0289241467811428
-0.0284276741264475
-0.0276778149809583
-0.0266024921139365
-0.0252148679177055
-0.0236072762694853
-0.0219172604345986
-0.0202873563851767
-0.0188360035196323
-0.0176409012903246
-0.0167264119344993
-0.0160516553147483
-0.015508167670453
-0.0149406938040382
-0.0141936880265113
-0.0131668350688004
-0.0118529984547406
-0.0103408572346346
-0.00878324116870734
-0.007345960953888
-0.00615614370004285
-0.00526766856089933
-0.0046558431048845
-0.00424268090877562
-0.00394085669006315
-0.003695833147321
-0.00350732180353654
-0.0034229548647446
-0.00351166364934312
-0.00383108601433356
-0.00439927096362606
-0.00517603976046405
-0.00606146481534579
-0.00691865746403794
-0.00761444669407932
-0.00805621199209104
-0.00820726218103826
-0.00808333663336534
-0.00774364815743151
-0.00728115801210117
-0.00680563275413417
-0.00641615732099515
-0.00617270374651783
-0.00608424059590021
-0.00612487791110749
-0.00627135154632915
-0.00653730266191004
-0.00697937056159096
-0.00767050867539442
-0.00865879891320352
-0.00993547270304754
-0.0114251709272816
-0.0129996864430932
-0.0145095388539653
-0.0158214168704558
-0.0168450251241128
-0.0175378307577663
-0.0178898757774535
-0.017902028456555
-0.017572240898343
-0.016897761770787
-0.0158917865465077
-0.0146046984037807
-0.0131372412840042
-0.0116370776192958
-0.01027687442835
-0.00921773881787567
-0.00856851698867184
-0.00835886880779083
-0.0085427681161273
-0.00903242410194551
-0.00974159555776766
-0.0106118786662393
-0.0116106420997107
-0.0127095680136305
-0.0138619036910756
-0.0149920144695204
-0.0160004900311114
-0.0167804993549178
-0.0172398184161683
-0.0173244928211989
-0.0170384245228173
-0.0164488948360789
-0.0156696432949493
-0.0148247807570411
-0.0140095440723342
-0.0132659152791698
-0.0125828848566797
-0.0119213598061614
-0.0112550338956049
-0.010608688848846
-0.0100695978014358
-0.00975657147751775
-0.00975518865449307
-0.0100521361966691
-0.0105079120343107
-0.0108878208481413
-0.010937280427752
-0.0104635714402795
-0.00938937568965485
-0.00776502635716626
-0.00574348192198746
-0.00352718608734731
-0.00130125403199114
0.000822016011445153
0.00282060614950305
0.00473406222819859
0.00660751595016675
0.00844050634563484
0.0101639280827636
0.0116495689496527
0.0127436470073364
0.0133135843588197
0.0132985206193047
0.0127498146991186
0.011840845219884
0.010829947727277
0.00998286472060143
0.00948628915929507
0.00938957882117695
0.00959530996288434
0.0098991616082345
0.0100676616647442
0.00993273896496143
0.00946978361326506
0.00882197636596055
0.008251353421802
0.00803191480934832
0.00833147780760006
0.00913732297900504
0.0102596698061297
0.0114075850456761
0.0122980064810991
0.0127503998436503
0.0127361140383105
0.0123742269520311
0.0118805697979666
0.0114855817865332
0.0113461830575473
0.011484104782536
0.0117784340258221
0.0120195489700284
0.0120031382340386
0.0116226964818338
0.0109204368811928
0.0100791075868767
0.00936380675382363
0.00903716570090357
0.00927383950635522
0.0101007411139626
0.011386441337531
0.0128865772289421
0.0143258045496279
0.0154813908884145
0.0162402077830422
0.0166174298515377
0.0167366293855932
0.0167786450400675
0.0169161971732754
0.0172566857049137
0.017810228010617
0.0184894374850985
0.0191391228546871
0.0195863987676114
0.0196939685501418
0.019398753572353
0.0187271134492493
0.017787669078624
0.0167462540778822
0.0157886384810969
0.0150796470938883
0.0147287518522365
0.0147691466016023
0.0151534370954106
0.0157675343066577
0.0164617895586307
0.0170918383994653
0.0175551376482066
0.0178093903700429
0.0178672772550512
0.0177734066619679
0.0175771135105641
0.0173134459457191
0.0169955466020241
0.0166133576397859
0.0161343979285993
0.0155095148593873
0.0146886474726427
0.0136441885930463
0.0123914469036722
0.0109965141503529
0.00956886449863606
0.00824089223361606
0.00713836564741103
0.00634903961872462
0.00590072713404703
0.00575884837619175
0.00584486198890505
0.00606662648081271
0.00634699407308166
0.0066403940181516
0.00693477122221418
0.00724143368879055
0.0075763436643473
0.00793773274001973
0.00828947331005373
0.00856184998827783
0.00867377374197208
0.00856576121449563
0.00822378548345528
0.00767937480409415
0.00698728704733934
0.00619686123119919
0.00533652501105512
0.00442049476036615
0.00347021439942008
0.00253405815605745
0.00169373225421839
0.00105662166775176
0.000738185639793234
0.00083703988084936
0.00140638651022107
0.00243155726129409
0.00382621808594323
0.0054518778392827
0.00715132868433817
0.00877867552686483
0.0102136726558241
0.0113616811130262
0.0121511937941623
0.0125396574294112
0.0125267856992523
0.0121641864071275
0.0115511773843948
0.0108168387942175
0.0100961382521603
0.00950710028193371
0.00913145034353455
0.00900035369609144
0.00909012642896405
0.00933422315722604
0.0096522072946263
0.00998506835469183
0.0103181619279785
0.0106780159271186
0.0111057874474085
0.0116239660519597
0.0122129392076011
0.0128052035042385
0.0132982277423254
0.0135831144088512
0.0135799775293514
0.0132649640985929
0.0126766651557545
0.0119016378361843
0.0110497512085165
0.0102317789045557
0.00954525825709918
0.00906629396932307
0.00884045613810697
0.00886920711541547
0.00909823535175565
0.00942132264347347
0.00970785918917616
0.00984585146938548
0.00977947000420244
0.00952271643066711
0.00914622089626027
0.00874892078302651
0.00842911402545719
0.00826164424962018
0.00828126776353744
0.00847407552863239
0.00878369631274028
0.00913608694597815
0.00947457540300886
0.00978624251256963
0.0101030559345287
0.0104765913773484
0.0109424392752754
0.0114962510930166
0.0120935198655222
0.0126684543180354
0.0131578918687316
0.0135192581800588
0.0137387845982121
0.0138285447375046
0.0138114060540289
0.0136996539794569
0.0134822471982983
0.0131337980222244
0.0126416882167602
0.0120312072308625
0.0113693082669906
0.0107444959755561
0.0102364036505177
0.0098903307268259
0.00970274367979455
0.00961718731681989
0.00953276330989017
0.00933042310050414
0.00891407050095928
0.00824840023718658
0.00737204469880692
0.00638086119164938
0.00539593543970272
0.00453335821533359
0.00387982322424085
0.00347041068651831
0.00327267884153629
0.00319025366046664
0.00309252986269749
0.00285936401552779
0.00241989440865375
0.00177140692989779
0.000977135746882014
0.000147748182459123
-0.000590125642042881
-0.00113371369246677
-0.00143971896725865
-0.00153767669503423
-0.00151102105951807
-0.00145445002768716
-0.00142981680733865
-0.00144104290814144
-0.00143645285493233
-0.0013351282985289
-0.00106582472437573
-0.000601501477650705
2.70987647864922e-05
0.000744695659471168
0.00146186757822551
0.00210535254802248
0.00263640622257367
0.00305568080822654
0.00339860038271105
0.00372445812070384
0.00409999096296619
0.00457854920735164
0.00518046191793009
0.00588468122550059
0.00663887059278611
0.00738337758014004
0.00807387464767941
0.00868919873253216
0.00922398255893696
0.00967756015523197
0.010050904108405
0.0103525965110511
0.0106034607808637
0.0108296415191386
0.011047125292609
0.0112524863509308
0.0114296026613721
0.0115650848972822
0.0116571395493707
0.0117125124416141
0.0117392128744204
0.0117427657956604
0.0117254258769849
0.0116853572813386
0.0116169805972356
0.011514508170168
0.0113767105108786
0.0112099326661794
0.011029455010536
0.010859663844957
0.0107301750285942
0.0106650659056458
0.0106685560515776
0.0107167928585804
0.010765017806834
0.0107712796751203
0.0107263305430073
0.010671671343911
0.0106906243523877
0.0108716147993437
0.0112608977146657
0.0118313575651539
0.0124859126262719
0.013091993361206
0.0135243635612878
0.0136937201310834
0.0135560499771077
0.013112453590494
0.0124060922567789
0.0115110747460426
0.0105080143129911
0.0094558023380828
0.00837922114329554
0.00728158617246494
0.00617030326479978
0.0050737923154397
0.00403916405553752
0.00311782803848791
0.00235250094167296
0.00177074310640201
0.00138082250097576
0.00116763145841601
0.00109447597723875
0.00111646086416925
0.00120049180272616
0.00133847194443758
0.00154424510977082
0.00183720174053196
0.0022253320116986
0.00270009793603158
0.00324365966255445
0.00383474732642154
0.00443946251935213
0.00499269662653866
0.00539399873182976
0.00553349605998634
0.0053350409455093
0.00478764709435422
0.00394821334092357
0.00292022439776305
0.00182267436259403
0.000761104868843951
-0.000191550504438224
-0.00100076398331628
-0.00166489763217697
-0.00220379876731867
-0.00264523406751924
-0.00301027073197694
-0.00329984163117841
-0.00348788908100017
-0.00352726020516
-0.00337086038511037
-0.00300207694655458
-0.00245824827284938
-0.00182886793025661
-0.00122381573893323
-0.000727238924659524
-0.000361371511970904
-7.6298667004333e-05
0.000232269507020656
0.000684961390401595
0.00137364240150065
0.00232465670158287
0.00348407650203005
0.0047333955858494
0.00593422752079209
0.00698455159280305
0.00785649082668722
0.00859350571209378
0.00927234630519412
0.00995707796343119
0.0106699917153459
0.0113862859682596
0.0120459377829604
0.0125738093826778
0.0129025558728916
0.0129959890947731
0.01286784306995
0.012583186562059
0.0122310128969386
0.0118778087614304
0.0115350347288084
0.0111661080502791
0.0107226035024235
0.0101761639475227
0.00952676520385157
0.00879572574593468
0.00801943099502648
0.00724704752283638
0.00653447658226598
0.00592878406917386
0.00544805002047133
0.0050716044458878
0.00475422807743643
0.0044608106097818
0.00419905581714438
0.00402807168868928
0.00403934612138858
0.0043207419754658
0.00491340913231245
0.00577187626267114
0.00674843329628231
0.00762448155843916
0.00818602809418032
0.0083068970386723
0.00799602501304625
0.0073893292306636
0.00669578639672121
0.00612106775247908
0.00579386699241055
0.00571940736380902
0.00577929717369388
0.00578073433658708
0.00553592975265441
0.00493869171697338
0.00400842200432916
0.00288806866443309
0.00179986992576843
0.000973342269759643
0.000566260152501041
0.000605361119484462
0.000973225306955387
0.00145102599903737
0.00179851859358649
0.00183436047847205
0.00148565990842363
0.000796052574247206
-0.000101360855453114
-0.00103216887768619
-0.0018335788123711
-0.00239764296110409
-0.00269676794210962
-0.00278973375414409
-0.00280679678881904
-0.00291099030567654
-0.00323975133852629
-0.00384664547571249
-0.00467196472709288
-0.00555948989198814
-0.00631112362226465
-0.0067531261288848
-0.00678995021441441
-0.00643450609633464
-0.00581008858821341
-0.00511793082610947
-0.00457006961120841
-0.00430704552944365
-0.00433847161547816
-0.00453948292348902
-0.00470626632192011
-0.00464235111602767
-0.00423682096690758
-0.00350752823886503
-0.00260166081532754
-0.00175888258614416
-0.00124652383593135
-0.0012789565129176
-0.00194101546878971
-0.00314455776146819
-0.00464448644185338
-0.00611707726742621
-0.0072698469934443
-0.00793310524359058
-0.0080947838228424
-0.00787389531253522
-0.00745871700398338
-0.00704316834572301
-0.00678007056178236
-0.00675239406660033
-0.00695965272632292
-0.00732298431354986
-0.00771360969661689
-0.00799927239637186
-0.00809195408629669
-0.00797864898270161
-0.00772477677447488
-0.00745008751695793
-0.00728589835126417
-0.00732909782954567
-0.00761002636809752
-0.00808589776192815
-0.00866080089668194
-0.00922268712505667
-0.00968189319926594
-0.00999677019659991
-0.0101786442798708
-0.0102770624985577
-0.0103536037818034
-0.0104561123416286
-0.0106030528347406
-0.010779880136519
-0.0109416708160441
-0.0110169560681727
-0.010915996858208
-0.0105503775150044
-0.00986139335434586
-0.00884155365447599
-0.00753347553224859
-0.00600642916080773
-0.00432788813857912
-0.00254969471264548
-0.000714646995139624
0.00112744957510201
0.00291078075087688
0.00455995015351596
0.00600772022287331
0.00721307070571377
0.00816964975524203
0.00890067879631988
0.00944362859389171
0.00983285443834033
0.0100879359551174
0.0102108326761485
0.0101909353867302
0.0100162398825788
0.00968867465586682
0.00923923054173181
0.008735576898807
0.00827526376667052
0.00796299484203792
0.00787890475133049
0.00805207558460628
0.00845419473227457
0.009018665539692
0.00967445908643845
0.0103734263155383
0.011094675344123
0.0118266806961672
0.0125428192469237
0.0131881536388517
0.0136855636115342
0.0139564068645687
0.013943181265804
0.0136230464489927
0.0130092998857144
0.0121460817691082
0.0111032888691258
0.00997310183898522
0.00886260586782398
0.00787699360023698
0.00709679796066053
0.00656152302526511
0.00626941404524296
0.00619005655024403
0.0062775938889073
0.00647710826132019
0.00672689674540183
0.00696194675047925
0.00711957131970989
0.00714641824103261
0.0070075999118153
0.00669624369871357
0.00623622488652924
0.00567230633636573
0.00505271742120127
0.0044174151153461
0.00380011999857893
0.00323891078812251
0.00278299608931263
0.00248817900715125
0.00240376078789791
0.00256014146554193
0.00296546377919038
0.00361242596827718
0.00448785242091582
0.00557525263845934
0.00684754825537726
0.00825675666465423
0.00972966833358309
0.0111720313706006
0.0124771349024203
0.0135354592169434
0.0142473036271571
0.0145410436341396
0.014393118870059
0.0138396289068647
0.0129716157769315
0.0119145698378146
0.0107989837104819
0.00973021647371322
0.00876633914749444
0.00791263029740074
0.00713654396642299
0.00639676962256264
0.00567164709549325
0.00497281241896389
0.00433909238511588
0.00381692859207206
0.00343990375552356
0.00321714823749516
0.00313114690687442
0.00313915685601178
0.00317533948588329
0.00315693742766868
0.00299751326763986
0.0026241218781635
0.00199219443157202
0.00109442121850592
-3.76329767490359e-05
-0.00134033683093838
-0.00273240224032458
-0.00413114999661229
-0.00546264483909365
-0.00666205719408303
-0.00766814426710199
-0.00842024081697468
-0.00886435440893419
-0.00896836415963067
-0.00873994415903958
-0.00823862428313793
-0.00757445204392931
-0.00688811038304877
-0.00631343781716528
-0.00593465054181421
-0.00575930810280112
-0.0057227104210491
-0.00572152378929173
-0.00566005540135991
-0.00549191875960528
-0.00524523687248496
-0.00502167414927867
-0.00496380892840559
-0.0051994585819724
-0.00578699998085798
-0.00668636608058483
-0.00776506548832117
-0.00883191347092526
-0.00968487536471059
-0.0101618307767345
-0.0101853406166185
-0.00978962158732424
-0.00911493488616154
-0.008362378509709
-0.00772278727220532
-0.00731184860297583
-0.00714106632688112
-0.00713184782610168
-0.00715821735296559
-0.00709775865990886
-0.00687568672202426
-0.00649180762181473
-0.00602262282196114
-0.0055958693085414
-0.00534351650011332
-0.00534840673502269
-0.0056052800097445
-0.00601398925785056
-0.0064088496889217
-0.00661037453564694
-0.00647731832935843
-0.00594252716969542
-0.00502675964923038
-0.00383106590048999
-0.00251066745207545
-0.00123566690173191
-0.000147124844915528
0.000679796628725836
0.00125199722823873
0.00164421102852247
0.00195877180769404
0.00228083485192347
0.00265351746378439
0.00308010681482902
0.00353981827870821
0.00400073316203747
0.00442719900375486
0.0047889776384742
0.00507420282252099
0.00529741010673612
0.00549322471654088
0.00569780008205172
0.0059308447182557
0.00618904500457034
0.00645015802442626
0.00668014699098238
0.00683993581200878
0.00689433426107323
0.00682282613613171
0.0066248068118889
0.0063133092109799
0.00590208249090416
0.00539773101019862
0.00480289207062614
0.00412562855406413
0.00338670151425052
0.00262183640756103
0.00188178210379599
0.00123163602109192
0.000744582338212871
0.000483009386959427
0.000468887229762954
0.000659747012882035
0.000950153136833316
0.00120274376404772
0.00129160972033785
0.00113554851002902
0.000711994439915261
5.65404413215814e-05
-0.000745396981484336
-0.00157456220737883
-0.00230432612772565
-0.00283592560041304
-0.00313228825997293
-0.00323474650959749
-0.00325092953689296
-0.00331599147549628
-0.00354391963501458
-0.00398999971210987
-0.00463817990204925
-0.00541545544389728
-0.00622590180972016
-0.00699133280664851
-0.00768404114705467
-0.00833986284545269
-0.00904607371939974
-0.00990732569237301
-0.0110021081993936
-0.0123469526747474
-0.0138807179091
-0.0154702848041165
-0.0169326875229862
-0.0180710791340103
-0.0187235527697713
-0.0188157732443723
-0.0183968746274439
-0.0176378821595479
-0.0167875453300201
-0.0161007311864242
-0.0157651927224349
-0.0158498350895077
-0.0162881874322461
-0.0169014835832655
-0.0174566946241621
-0.0177433097618884
-0.0176417065299676
-0.0171554370718311
-0.0163955194609391
-0.0155286366064303
-0.0147163079549998
-0.0140697605870445
-0.0136315081963685
-0.0133815788159354
-0.013260247182679
-0.013198586651159
-0.0131486758635031
-0.0131043951378227
-0.0131039103397858
-0.0132111350114624
-0.0134848229802634
-0.0139508938709814
-0.0145887261797701
-0.0153310702405219
-0.016071791442611
-0.016678851942507
-0.0170143242246406
-0.0169622037379978
-0.0164590669032368
-0.015517005899549
-0.0142275899722699
-0.0127424490033257
-0.0112374052152661
-0.00987440958320324
-0.00877336336455412
-0.00799820383179201
-0.00755586743802929
-0.00740480044723656
-0.00746945586803647
-0.00765827283426626
-0.00788432562837414
-0.00808639588083129
-0.00824257225494408
-0.00836529967500611
-0.00847363133076643
-0.00855366547001901
-0.00853135652261679
-0.00828156898661709
-0.00767827285996308
-0.00666164432391537
-0.00528090017638375
-0.00368497766575877
-0.00206756244565631
-0.000598400785045597
0.000627867843613848
0.00160926734799489
0.00241664342553219
0.00314277867252827
0.0038416472758376
0.00448980717502623
0.00499300086193301
0.00523454406285564
0.00513854030105643
0.00471624236746311
0.00407667122018798
0.0034011616636769
0.00289388295560252
0.00272254059474755
0.00296287347173191
0.00356479488132641
0.00435943888948155
0.00511199817462738
0.00560149804586478
0.00569679359088059
0.00540413927925174
0.00487246662768522
0.00435161400185133
0.00411241001284521
0.00435373282138287
0.00512830006471158
0.00631349727360034
0.00764253210640916
0.00879278201952594
0.00950011151940238
0.00964802331627297
0.00929182488840381
0.00861464644803134
0.00784418250930072
0.00716859867299806
0.00668183135340117
0.0063715151437447
0.00614419531212003
0.00587267899681674
0.00545260201174862
0.0048566907629588
0.00416659838483365
0.00355849009716924
0.00323853704097691
0.0033567053137713
0.00394007544121281
0.00487139709799917
0.00591649683247403
0.00679193946982941
0.00725490517062814
0.00718440237985342
0.00661889634514288
0.00573212480477598
0.00475861851538684
0.00390434905612259
0.00328258596374376
0.00289840419489692
0.00267758991017762
0.00251565126230261
0.00232234910236942
0.00205041204129633
0.00170859990290828
0.00136192440352723
0.00111923066916535
0.00110612974331021
0.00142366297767879
0.00210249787754186
0.00307335186043493
0.00417289183858264
0.00518586357578405
0.00590498144282515
0.00618790118450169
0.00599948679577405
0.00542980622597141
0.00467506994870959
0.0039776919796748
0.00354487619943971
0.00348147708670344
0.00376607525613467
0.00427623729981496
0.00484665433698566
0.00533232834832181
0.00565124817463104
0.00579499510076714
0.00581181706429436
0.00577437550173001
0.00574415608682173
0.00574429711039151
0.00575195976477447
0.00571281040930659
0.00556674429552648
0.00527009725283896
0.0048089853529081
0.00420657273537947
0.0035237149136088
0.00284735118071374
0.00226719584284078
0.00185317814810527
0.00164706335596306
0.00166782251504056
0.00191671144217337
0.0023711559312085
0.00297439185924867
0.00363965694487217
0.00427698599222437
0.00482726797934476
0.0052792929583523
0.00566102486390936
0.00601665114537374
0.00638452186642371
0.00678097197705074
0.00718858343584303
0.00755088973538477
0.00778008948854693
0.00778135533371212
0.00748738842767088
0.00688733660147653
0.0060340105631201
0.0050259660455854
0.0039771210808671
0.00299023866256133
0.00213947426338902
0.00145785297335931
0.000930244688198515
0.00050057269287879
9.7198743081099e-05
-0.000333877457970336
-0.000805166000138313
-0.00128378043855685
-0.00170693975525705
-0.00200848439836167
-0.0021450214849054
-0.00211297232230402
-0.00195445823500657
-0.00175355632933009
-0.00162179699357795
-0.00167095415253032
-0.00197919717332983
-0.00256548524597745
-0.0033839816071678
-0.00433759835477897
-0.00530166993185322
-0.00615046589417846
-0.00678241043562046
-0.00713838430591031
-0.00720637090098746
-0.00701073997262826
-0.00659238888749754
-0.00598976617356719
-0.00522838337559579
-0.00432067555189578
-0.00327308585466494
-0.00209604861288995
-0.000814557446787026
0.000522291572869664
0.00183735056315159
0.00303319182371826
0.00401166713204668
0.00469540991087433
0.00503940655715381
0.00503042961134885
0.00468238815755926
0.00403499794119997
0.00315513184443829
0.00213640597273848
0.00109538621227427
0.000164867216032301
-0.000517307303206187
-0.000826229381820949
-0.000672710391496701
-2.31269480187277e-05
0.00109207449312146
0.00258415143426272
0.00432276266737385
0.00615829878890523
0.00794581312394057
0.00956615743901149
0.0109380912443123
0.0120175118757419
0.0127875747616733
0.0132484816207514
0.0134121447195202
0.0133000119097147
0.0129408838786745
0.0123694407127607
0.011627868237885
0.0107690418551059
0.00985513859600514
0.00894680134865933
0.00808572149990528
0.00728161987122261
0.00651500123070423
0.0057569316250219
0.00499345498691136
0.00423758644373702
0.00352166065591015
0.00287818796119326
0.00232345534332843
0.00185111616887531
0.00143353229268699
0.00102699891023895
0.00058116070247194
5.38891240535388e-05
-0.000572581702472486
-0.00128408246906784
-0.00204282532950177
-0.00280783859409876
-0.00355373883973344
-0.0042758256376129
-0.00498189539633852
-0.00568114045412532
-0.00637829211376006
-0.00707175629620147
-0.00774995927456668
-0.00838474312983978
-0.00892785533341001
-0.0093177586048621
-0.00949703201090752
-0.00943197932510062
-0.00912506727624057
-0.00861870654063171
-0.00799480415561761
-0.00736908526699074
-0.00687040202344715
-0.00660041978906908
-0.00658896386287599
-0.00677336852720093
-0.00701920490118133
-0.00717417403246728
-0.00712950936310676
-0.00686347121643947
-0.00645218537556915
-0.00604541503449845
-0.00581586487479605
-0.00589903077669367
-0.00634474899661644
-0.00709980804642185
-0.0080308138594429
-0.0089783903101673
-0.00981741772571685
-0.0104964777297905
-0.0110439705983793
-0.0115453600442676
-0.0121044689878215
-0.0128023846530596
-0.0136654959026989
-0.0146510726223985
-0.0156545848256297
-0.0165382424707788
-0.0171740752923487
-0.0174868030982932
-0.0174774941389492
-0.0172167197220968
-0.0168129991333877
-0.0163735700486855
-0.0159702310460134
-0.0156131493828655
-0.0152362862651815
-0.0147075211297153
-0.013874973518571
-0.0126386988051407
-0.0110125113677568
-0.00914189082941059
-0.007271676926666
-0.00568265438935519
-0.00461856742758723
-0.00421765972842275
-0.00446642597522304
-0.00520038007842834
-0.00616282316160739
-0.00709785952224343
-0.00782961582490425
-0.00829027153530401
-0.00849436484168118
-0.00848585801935912
-0.00829040686779948
-0.00789273881254326
-0.00724146863387645
-0.00627202833363946
-0.00493708776701241
-0.00323813056183621
-0.00125164612123621
0.000862834243857834
0.00288559836772421
0.00458802201663802
0.00579054089513489
0.0064021076806809
0.00643100422880773
0.00597365689003977
0.00519110225159037
0.00427484094189455
0.00340114544627578
0.00268469863034843
0.00215636584136293
0.00178310465203053
0.00151803584046902
0.00134420127900048
0.00128425496553917
0.0013809226083294
0.00167394708962793
0.0021900228390155
0.00293927944912805
0.0039023765071752
0.00500577270060479
0.00610497415930367
0.00700130899268693
0.00749474774332153
0.00744300363846646
0.0067919020088273
0.00557212908242027
0.00388621802706792
0.00190103188418408
-0.0001689390928767
-0.0021067942702508
-0.00375521947453916
-0.00505659990999307
-0.00604391815178983
-0.00679178630506845
-0.00736229186329958
-0.00777627824508302
-0.00801714351309035
-0.00805246179029787
-0.00785494031195283
-0.00741799012406082
-0.00677331301665129
-0.00601081616749126
-0.00528411561568516
-0.0047840121343759
-0.00468352490839714
-0.00507869549443036
-0.00595071835104509
-0.00716302864048978
-0.00849490274892461
-0.00970226133500271
-0.0105848988693869
-0.0110348910864401
-0.011051272263607
-0.0107240651072985
-0.0102001906520833
-0.00964030670220997
-0.00917201770323367
-0.0088516847431282
-0.0086549251956636
-0.0085065809024691
-0.00833481055720849
-0.00811600974267874
-0.0078880797024905
-0.00773696387945361
-0.00777413165042852
-0.00811167178600803
-0.00883017298315135
-0.00994219797690204
-0.0113688442996745
-0.0129458859028833
-0.0144592188285484
-0.0156953422425273
-0.016491349103945
-0.0167740480374622
-0.0165808048932083
-0.0160544825066555
-0.0154064547803242
-0.0148510144072933
-0.014531353930675
-0.014469764731461
-0.0145676888988046
-0.0146555733170264
-0.0145679975858664
-0.0142132848108229
-0.0136153324751307
-0.012916000467513
-0.0123360132696051
-0.0121048605818873
-0.0123827941806824
-0.0132024708560981
-0.0144511181556929
-0.0158996955508083
-0.0172684043919298
-0.018304822261748
-0.0188488256534272
-0.0188670043191241
-0.0184503972709477
-0.0177775586038618
-0.0170523416798883
-0.0164350067934452
-0.0159923735716476
-0.0156894682664011
-0.0154269773915356
-0.0151033756197859
-0.0146668362791911
-0.0141335125844046
-0.0135751231268884
-0.0130937569765792
-0.0127946437184316
-0.0127554540684047
-0.0129929323371402
-0.0134402725740759
-0.0139537460266679
-0.014356353476366
-0.0145053516474527
-0.0143518206074029
-0.0139588171003651
-0.0134669463250049
-0.0130284198868093
-0.0127467759709413
-0.0126484263322936
-0.0126885178587295
-0.012778014643023
-0.0128177165971933
-0.0127305720130426
-0.012487053737037
-0.0121167655209305
-0.0116979845259837
-0.0113242591129392
-0.0110634270782868
-0.0109339091611011
-0.010910763879461
-0.0109485894549565
-0.010997207355501
-0.0110013018909234
-0.0108975320032093
-0.010625877476566
-0.0101542504191838
-0.00949771427047198
-0.00871435409112433
-0.00787771822909801
-0.00704388738446796
-0.00623313315469696
-0.00543164157483192
-0.0046046663999799
-0.00371298732318388
-0.00273376756873378
-0.00168729751104394
-0.000658079321678722
0.000211283380086011
0.000763862444814251
0.000892362568276536
0.000586301946912687
-6.49304206393217e-05
-0.00090867195023939
-0.00177582809961039
-0.00251277347238714
-0.00299786212989961
-0.00315667221452706
-0.00297875521596389
-0.00252047015027732
-0.00188112230731092
-0.00116223883862949
-0.000436210028599565
0.00025696460823856
0.000889334932143983
0.00142304698049257
0.00180566491299723
0.0019821275002797
0.00190760821307903
0.00155158901650523
0.000901150449582575
-2.54485887469944e-05
-0.00116227970087156
-0.00239822000225151
-0.00360695945891843
-0.00468488899763131
-0.00556850256784315
-0.00622464707328489
-0.00663363252446147
-0.00678766494562858
-0.00670474711689542
-0.00643649133700376
-0.00605107325826453
-0.00559851440639703
-0.00508811937490817
-0.0045015874502676
-0.00383393869522006
-0.00312906757050411
-0.00248199626152705
-0.00200775396545373
-0.0017988577420444
-0.00189342502692623
-0.00226336056490035
-0.00282399375027844
-0.00346551604992041
-0.00410127128375575
-0.00471336608464095
-0.0053654795478698
-0.00616483532875797
-0.0071891439614808
-0.00842275735159548
-0.00974145069141102
-0.010950331027757
-0.0118466640576804
-0.0122753044292793
-0.0121635391958974
-0.0115385681275292
-0.0105290093718881
-0.00934214524068738
-0.00821206295129574
-0.00733351859005548
-0.0068113528913323
-0.00664702875452304
-0.00676055345063277
-0.00703083484463222
-0.00733837879346369
-0.00759977138546386
-0.00778550800804471
-0.00791641906665974
-0.00804248006992885
-0.00821427374189559
-0.00845655113361395
-0.00874988516495954
-0.00902575069044346
-0.00918012852974893
-0.00910600251393649
-0.00873617372613973
-0.00807950183255096
-0.00723173509858305
-0.0063509470702579
-0.00560550171145508
-0.00511780660951725
-0.00492758776411259
-0.00498557165055267
-0.00517521604432755
-0.0053535946949742
-0.00539884791973133
-0.00524832396278031
-0.00491356577667081
-0.00446787943042249
-0.00401306049251405
-0.00363826965472366
-0.00338705554484628
-0.00324763920071107
-0.00317114935520052
-0.00310465669022678
-0.0030165891755715
-0.00290244014165044
-0.00277711913836117
-0.00266628725902355
-0.00259937223400477
-0.00259797716906722
-0.00265837418600829
-0.0027399124896335
-0.00277507818022826
-0.00270263304873924
-0.00250384649161298
-0.00221501790279847
-0.00190599836947262
-0.00163909560742737
-0.00143368144309522
-0.00125405365532927
-0.00102358092424737
-0.000657458525834568
-0.000100655807382805
0.000644002896385631
0.00150876714655774
0.00237731624784845
0.00311759823044069
0.00361810625301058
0.00381468269690902
0.00370239713972281
0.00333585571007999
0.00282168059432557
0.00229980818899696
0.00190955723597967
0.00174864245869485
0.00184474815018053
0.00215374345098059
0.0025808468746907
0.00301013488725309
0.00333146496355203
0.00346217513086181
0.00336358786723285
0.00304968590215005
0.00258243131774796
0.00204989594880308
0.00153274517284441
0.00107647322993242
0.000687402607612684
0.000354059310870197
7.57643342951106e-05
-0.00012407297577831
-0.000208745325129328
-0.000153601866069841
3.28145943711388e-05
0.000306410156641507
0.00060432451336504
0.00086707901100825
0.00105097636054114
0.00112927493899982
0.00109330738107462
0.00095986844872047
0.000775513470996281
0.000604351437325475
0.000500667885090927
0.000483805367908794
0.000532299423888446
0.00059961213985503
0.000639633453001227
0.000626240882990407
0.000557850592592942
0.000449474476589091
0.000322781733170922
0.000202647823986385
0.000119395116586346
0.000109562416187058
0.000210967250060552
0.000455767253428079
0.000868362969446123
0.00146841975879822
0.00226947882841423
0.00326385343563836
0.00439913290912846
0.0055658566876031
0.00661072058527681
0.00736826872290186
0.00769116175383699
0.00746872303374208
0.00664019160728571
0.00521079106777214
0.00326587320569632
0.000970040205664816
-0.00145473710204769
-0.00376392949891286
-0.00572404250189078
-0.00713718870319847
-0.00785881015822504
-0.00781337410054196
-0.00700715674701139
-0.00553215886981353
-0.00355739292645689
-0.00130886002660978
0.000959567097511198
0.00300293586548752
0.00462403940316105
0.00570269457826656
0.00620620244957952
0.00618188867948213
0.00573885274359938
0.00502296912506196
0.00418532379069676
0.00334825608510523
0.00258097887191967
0.00189725576403231
0.00127662072909837
0.000696314487160935
0.000156102723704604
-0.000313918227094381
-0.000660908613320426
-0.000826194478200293
-0.000766893275990924
-0.000476537203748562
5.08386452126217e-06
0.000600400981033242
0.00121731657965794
0.0017748272227896
0.00222091585318732
0.00254016543498686
0.00275222868658807
0.00290338249019429
0.0030557777878918
0.00327843550232823
0.00363755769663201
0.00418034599374964
0.00491471588100259
0.00579836581453166
0.00674898844715944
0.00767322394313798
0.00850031039750013
0.00920577923408787
0.0098154523706397
0.0103848670313522
0.0109577252162201
0.0115219606186482
0.0119935600921004
0.0122496681833011
0.012200994721247
0.0118610199841315
0.0113656243251073
0.0109280926594597
0.0107549564176239
0.0109663714296832
0.0115552011888377
0.0123985841704264
0.0133167215795857
0.014155866176549
0.0148593101202497
0.0154920979449634
0.0162054264538132
0.017155482242384
0.0184151557024117
0.019923447911949
0.021498764199211
0.0229064806261983
0.0239431107949658
0.0244983610537824
0.024576148095648
0.0242766936427526
0.0237544283829806
0.0231716732781662
0.0226655096933253
0.0223343622947675
0.022238775310339
0.0224066684993962
0.0228369622397348
0.0235006435303306
0.0243421716794813
0.0252862788978881
0.0262527587254719
0.0271737464189623
0.0280023171905806
0.0287069803999522
0.0292589802504494
0.0296239028240245
0.0297621991665042
0.0296356573404624
0.0292165609070352
0.0284990058126614
0.0275111624970818
0.0263237988611141
0.0250486754766997
0.0238231562210271
0.0227838815655746
0.0220388482074816
0.0216484321982942
0.0216197996822988
0.0219109374750507
0.0224383907697526
0.023088310491074
0.0237357766640885
0.0242739902814969
0.0246434628633575
0.0248430353198663
0.0249120688049239
0.0248949982263526
0.0248146615224089
0.0246699457633537
0.0244466293759745
0.0241205643673029
0.0236521647532301
0.0229932058375365
0.0221192737427222
0.021070761497541
0.0199687531492223
0.0189888359995827
0.0183070567202568
0.0180473661834903
0.0182503100450739
0.0188649899930015
0.0197596526941632
0.0207511265087769
0.021653503889788
0.022332974018707
0.0227424224354652
0.0229161283324094
0.0229295760903667
0.0228497863084289
0.0227024211005391
0.022468331349011
0.0221066539262528
0.0215906723556035
0.0209390451999809
0.0202299969436718
0.0195953957643852
0.0191975371656473
0.0191931042150304
0.0196922266881976
0.0207258749652727
0.0222339792432265
0.0240771844292403
0.026065316851175
0.0279927552841681
0.0296731114639777
0.0309677994744484
0.0318035071829162
0.0321736153538158
0.0321211985368571
0.0317088824158255
0.030989809849516
0.0299945882432033
0.0287380507623365
0.0272371170376415
0.0255281780093943
0.0236776555594447
0.0217840463594478
0.0199712502567084
0.0183741371130865
0.0171185254396219
0.0162982079336453
0.0159535762232295
0.0160599672646999
0.0165329388133245
0.0172491005821528
0.018072679566523
0.0188780541998041
0.0195639591023336
0.0200587660994012
0.0203183755265713
0.0203211732515431
0.0200649386296739
0.0195662411422341
0.0188590169856843
0.0179905432316939
0.0170167019116997
0.0159989540583235
0.0150030153891558
0.0140971199923955
0.0133476798680244
0.0128122008125837
0.0125322315102965
0.0125297780146356
0.0128072783857775
0.0133474250178065
0.0141104336298468
0.0150325003715127
0.0160324727355081
0.017028133446105
0.0179534863070015
0.0187653026531422
0.0194357793595746
0.0199405844527648
0.0202552157050584
0.0203634070617716
0.0202684814579961
0.0199952431825596
0.0195791582296402
0.0190511127787764
0.0184289494945208
0.0177205369117325
0.0169347846365043
0.0160930894437569
0.015234856248342
0.0144143842731423
0.0136901742116881
0.0131103112653932
0.0126983125072217
0.0124428599837958
0.0122935745029092
0.0121650088664549
0.0119519938362684
0.0115579498659437
0.0109302991079536
0.0100866402232756
0.00911280427767684
0.00812744866138103
0.00722993021575818
0.00645971751425753
0.00578634194948228
0.00512895920217675
0.00439154816168162
0.00349956875537329
0.00242957629166984
0.00122683206560496
5.31251787036513e-06
-0.00107631649480716
-0.00186297799699822
-0.00226089540755677
-0.00227744427976444
-0.00202068702055955
-0.00165737710463942
-0.00134912961665328
-0.00119394961343495
-0.00119560947606537
-0.00127285437857123
-0.00130599710940635
-0.00120154442306563
-0.000944259356806364
-0.000611222614697898
-0.000344452461130771
-0.000302523393258515
-0.000618353555906824
-0.00137543039073248
-0.00259513298156235
-0.0042253512393303
-0.00613620838609448
-0.00813931408547141
-0.0100344111774086
-0.0116630678070587
-0.0129407790868926
-0.0138555285884641
-0.0144436566714165
-0.0147613602701305
-0.0148621380536995
-0.0147822546950718
-0.0145369267639227
-0.0141334538359172
-0.0136027810652334
-0.0130360824074718
-0.0125999788319054
-0.0125089925207939
-0.0129589544065926
-0.0140519462056394
-0.0157496651329058
-0.0178747020029632
-0.0201551474738857
-0.0222938707079062
-0.0240416248981055
-0.0252552282352366
-0.0259239880056912
-0.0261529031601448
-0.0261057032671459
-0.0259312861893481
-0.0257086110945318
-0.0254343720206058
-0.0250507206190297
-0.0244893562598848
-0.0237089925442517
-0.0227179719390251
-0.021583406763992
-0.0204255347870269
-0.0193919788565986
-0.0186134703498954
-0.0181571050045071
-0.018000370423285
-0.0180397582621937
-0.0181283447418312
-0.0181226274389936
-0.0179192265135835
-0.0174725415253127
-0.0167944537837667
-0.0159411817687394
-0.014992644866545
-0.0140296123200797
-0.0131138893538127
-0.0122759616686429
-0.0115128292659544
-0.0107964624149411
-0.0100905380295688
-0.00937035265922572
-0.00863890865685108
-0.0079320468565864
-0.00730843721835324
-0.00682724078172617
-0.00652483888116341
-0.00640504767242093
-0.0064493957794859
-0.00663975949396243
-0.00697628073250035
-0.00747629384404693
-0.00815253404940882
-0.0089826292442849
-0.00988809307754236
-0.0107364412152302
-0.0113694724178561
-0.0116513253569667
-0.011522169332303
-0.0110349916629688
-0.0103511106257417
-0.00968701534930837
-0.0092359609256792
-0.00910630104919994
-0.00930607266054733
-0.00977138632800883
-0.0104123263021514
-0.0111494824397114
-0.0119309995978577
-0.0127370759304569
-0.0135813133873275
-0.0145061817419508
-0.0155606125469361
-0.0167577484649972
-0.0180328963271492
-0.0192314291751304
-0.0201418180950741
-0.0205628607974855
-0.0203761123466522
-0.0195925742246153
-0.0183543871103393
-0.0168916186382783
-0.015452368794051
-0.0142322469742739
-0.0133254349694323
-0.0127105832459033
-0.0122753197048438
-0.0118717747833367
-0.011382527233373
-0.0107693833333522
-0.0100843741579606
-0.00944093847018733
-0.00896143633526446
-0.00872433521671438
-0.00872932243115616
-0.00888763930989254
-0.00903635554085074
-0.00897275542950217
-0.00850410612012871
-0.0075026231857452
-0.00594811930063062
-0.00394135837385861
-0.00168228603084805
0.000579635997542313
0.00260855065697009
0.00424122067832706
0.00542258055319365
0.00620277785510469
0.00669545512438813
0.00701531232154461
0.00722206156731645
0.00729320564992971
0.00713493915572649
0.00662536549350602
0.00567166225795119
0.00425806308847184
0.00246800299513386
0.000477080788885599
-0.0014762298826382
-0.00313285244157936
-0.00426060808705919
-0.00469896512186045
-0.00439126171521383
-0.00339518169423275
-0.00186737938909698
-2.65670194099432e-05
0.00189285174223169
0.00368198931321809
0.00518317521687226
0.00629774702914686
0.00698034469812186
0.00722692913901375
0.00706251467635408
0.00653149930226886
0.0056913185561379
0.00460999031832977
0.00336806335101686
0.00206313913544737
0.000811806664326184
-0.000255833942403212
-0.00100860067457301
-0.00132882306990533
-0.00112670708359565
-0.000357317270719011
0.000958667614367298
0.00271918783894826
0.00474514408868387
0.00681195015661638
0.00869816967462326
0.0102308409602619
0.0113121402969564
0.0119247412843629
0.0121210792333206
0.0120015349018482
0.0116850947061532
0.0112791294397968
0.0108589973135652
0.0104649149179246
0.0101125936341447
0.00980627322959443
0.00954640284760469
0.00933346890155653
0.00917246116988331
0.00907758182436521
0.00907278701715923
0.00918603986923525
0.00944017527225997
0.00984542751772415
0.0103963401937665
0.0110711184837594
0.011829045815506
0.0126053382343086
0.0133101685128016
0.013840462193926
0.0141047774825024
0.0140504754414175
0.0136793781299008
0.0130449313027114
0.012233556497239
0.011339203249311
0.0104413083405745
0.00959246151012854
0.00881525038683749
0.00810366953264266
0.00742687708468954
0.00673785725599002
0.00598955067217998
0.00515564707110811
0.00424829760166352
0.0033245477204622
0.00247650170072004
0.00180534181942401
0.00138582610710247
0.00123420025683172
0.00129444543709262
0.00145144010423297
0.00156611812012659
0.00151571198465108
0.00122176262374802
0.000660129943447969
-0.000140729159028219
-0.0011053998681242
-0.00212066500224023
-0.00305335549160156
-0.00377839387547478
-0.00420867741070267
-0.00431250406089002
-0.00410990665664849
-0.00365367878304192
-0.00301103455517339
-0.00225668389458526
-0.00147229394400991
-0.000738631451037558
-0.000115839051067893
0.00037586832539956
0.000757838066408219
0.00107270017922605
0.00135524250635808
0.0016119222284204
0.00181592560467569
0.00191274598197642
0.00183033147415946
0.00149509163062659
0.000857349935180195
-7.89915478898643e-05
-0.00123854548908107
-0.00248275258319644
-0.00364347744852893
-0.00456563066575298
-0.00514087996162357
-0.00532466283456353
-0.00513798640260845
-0.004656310453764
-0.00398515040796242
-0.00322550192920965
-0.00244225400022154
-0.00165331243166508
-0.000845725352975422
-5.47042897094618e-06
0.000859953014085967
0.00171470370660045
0.00249607539251745
0.00311631918293835
0.00346937384819788
0.00345241962433521
0.00300036717826257
0.00211577439724701
0.000876175459064566
-0.000583383719458338
-0.00209930560958091
-0.00350624712571156
-0.0046601424164475
-0.00546318618601438
-0.00588785811157638
-0.00598285033123612
-0.00584642845232896
-0.00557704925068437
-0.00523273730299499
-0.00482394343108339
-0.00433517771982744
-0.00375042813327787
-0.00306536163757787
-0.00229028018442201
-0.00145442857785692
-0.000610485596195483
0.00017113533054046
0.000820670962994017
0.00128861498852858
0.00155374145007168
0.00161879234900556
0.00150319508757456
0.00124004293670694
0.000875263513884112
0.000462332508189758
5.12751583554445e-05
-0.000320568291671242
-0.00062740242130089
-0.000843768463677883
-0.000933495336759024
-0.000850312478912219
-0.000553691630804283
-3.26402522702829e-05
0.000676310727236892
0.00148767643317741
0.00228227265652547
0.00293149561323318
0.00332495735173821
0.00339923287783601
0.00315912758337126
0.00267448301951451
0.00204406185748179
0.00134280379202598
0.000584981328497337
-0.000273811164284879
-0.00129870019342598
-0.00252546665911484
-0.00392600194111042
-0.00540361005474191
-0.00681349826559328
-0.00799506903402252
-0.00880771545579932
-0.00916714032154168
-0.00907444647782062
-0.00862347340848664
-0.00797586479696128
-0.00730793482240218
-0.00674890166396723
-0.00633773595450838
-0.00601965133344828
-0.00568333913409916
-0.00521935242995579
-0.00457453076741558
-0.00378590202436247
-0.00298483366464945
-0.0023645402035545
-0.00211425802417038
-0.00234449203516777
-0.00304009450939823
-0.00406465225608139
-0.00521056804049144
-0.00626790210738068
-0.00708257800171897
-0.00758597751945673
-0.00779429062497629
-0.0077883946402266
-0.00768392358337835
-0.00758657167332764
-0.00752397374793555
-0.00738601176927059
-0.00696052173085395
-0.00609829904203089
-0.00486290812498861
-0.00348107774388643
-0.00215808054483662
-0.000999817230222073
-9.52944127985877e-05
0.000414918567568723
0.000388903449037371
-0.000222314507934723
-0.0013358197105812
-0.00276882947600021
-0.0043034804854051
-0.00574760604413025
-0.00697328332605337
-0.00792765766543412
-0.0086179436743019
-0.00908012808164531
-0.00934763962265669
-0.0094352205209612
-0.00934285093017828
-0.00907384291160699
-0.00865735408948653
-0.00816436083253055
-0.00770452237185713
-0.00739783635512948
-0.00733301644485655
-0.00753783901025777
-0.00797832686647622
-0.00858141816710882
-0.00926300917876466
-0.00994878092528296
-0.0105864686526812
-0.0111517945896877
-0.0116469997420927
-0.0120897845164008
-0.0124961463929365
-0.0128681962518396
-0.0131970383895218
-0.0134774535747083
-0.0137178896668954
-0.0139330420060961
-0.0141249841329171
-0.0142710519505172
-0.0143292467691289
-0.0142556945370682
-0.0140217726151581
-0.0136236970650445
-0.0130843490285719
-0.0124491902021302
-0.0117774613088447
-0.0111302943878566
-0.0105594954781325
-0.0101024232178094
-0.00978586119272899
-0.00963404807860777
-0.0096701043179861
-0.009904916009911
-0.0103201464366935
-0.0108588100669851
-0.0114312979100415
-0.0119347334062067
-0.0122781301139743
-0.0124050325767844
-0.0123059182611578
-0.0120151187515869
-0.0115926323535051
-0.0110978857189258
-0.0105668778118895
-0.0100039147010283
-0.00939291833292121
-0.00872245472617049
-0.00800972343717311
-0.00730887591115701
-0.00669818529005498
-0.00625229511705026
-0.00601370995224368
-0.00597816978231577
-0.00610068797656646
-0.00631758808322706
-0.00657345186698785
-0.00684348667626835
-0.0071457454805249
-0.00753914883141212
-0.00810500796583475
-0.0089150860730619
-0.00999580408000321
-0.0113017850868671
-0.0127108850200202
-0.0140465809916568
-0.015122924345462
-0.0157975039592346
-0.0160147362477598
-0.0158244731061594
-0.0153662014188992
-0.0148198002279683
-0.0143417459163973
-0.0140190346697722
-0.0138652543519368
-0.0138541979551922
-0.0139576821651828
-0.0141556416304489
-0.0144254821062331
-0.014746010273529
-0.0151193117441916
-0.0155713250686105
-0.0161167799052573
-0.0167256912216318
-0.0173244168759566
-0.0178238215040184
-0.0181495677485743
-0.0182591688726654
-0.0181445581138966
-0.0178265352004553
-0.0173467842238067
-0.0167589114658151
-0.0161185280289312
-0.0154734185172522
-0.0148552037646996
-0.0142752111905008
-0.0137295149073166
-0.0132145592376703
-0.0127443107891826
-0.0123550920591077
-0.0120940095224325
-0.0119999712474952
-0.0120873126756319
-0.0123350466434656
-0.0126837533288054
-0.0130458455834405
-0.0133304085365167
-0.0134712712721416
-0.0134419239876719
-0.0132507640660035
-0.0129243494068665
-0.01249177608754
-0.0119782368190503
-0.0114065313064767
-0.010798914914765
-0.010173536574388
-0.00953872818766165
-0.0088944237793865
-0.00824456722507411
-0.00761309377503975
-0.00705144019382642
-0.006630522873917
-0.00641819471218648
-0.00645017894272236
-0.00670774180502573
-0.00711535099029057
-0.0075628060628931
-0.00794291760012238
-0.0081868879322577
-0.00828089316071587
-0.00825810278899661
-0.00817383868518618
-0.00807837806885397
-0.007997909126806
-0.00792610530339521
-0.00782586734809772
-0.00764179121847991
-0.00732114370042932
-0.00683492386891961
-0.00618946541480044
-0.00542543766388748
-0.00460769394846063
-0.00381085045705237
-0.00310442629148195
-0.00254071938500675
-0.00214676355277765
-0.00191907138646136
-0.0018208639312051
-0.00178591932275069
-0.00173349878967999
-0.00159139096136019
-0.00131630771777992
-0.000901875808096693
-0.000373817661689959
0.000219609829495443
0.000814394727673954
0.00133584959908854
0.00170972174751574
0.00188258417504855
0.00184258603567966
0.00162590930879751
0.00130291659422547
0.000952179177890285
0.000635965647447792
0.000385016545674178
0.000193286949815071
2.18165474118881e-05
-0.000188102784118085
-0.000494615839800893
-0.000935460707359268
-0.00151801059623765
-0.00222087858477139
-0.00299779590298914
-0.00377871087276425
-0.00448501327889311
-0.00507532705210642
-0.00557979057814719
-0.00604156159591307
-0.00639643830212381
-0.00646787132211632
-0.00613374237163159
-0.00545637820924055
-0.00461309341671118
-0.00374683596023495
-0.00291140541185955
-0.00211063090486296
-0.00134424089617239
-0.000625278708271671
1.83766122994929e-05
0.000549596536465694
0.000936950886817004
0.00117386617329969
0.00128746776681719
0.00132947324855362
0.00135733169007272
0.00142025162600142
0.00155721025367341
0.00180273740307171
0.00219104145156677
0.00275189285080466
0.00349961633740032
0.00442331627520359
0.0054854693379824
0.00662843572060624
0.00778366566912903
0.00888095166784985
0.00985811738489917
0.0106691918488262
0.0112869985739349
0.0117008493510019
0.0119162003339248
0.0119607247293141
0.0118916504074022
0.0117935542309769
0.0117605030641026
0.0118675090164656
0.012145294766313
0.0125724948860541
0.0130892280707566
0.0136224576662641
0.0141080121540837
0.014500694073608
0.0147747240558635
0.0149213633054251
0.0149469128934938
0.0148687781844991
0.0147067142617499
0.0144716016063705
0.0141594508095271
0.0137569805645673
0.0132568902917679
0.0126735706590713
0.0120502273169694
0.0114541107315015
0.0109613023718035
0.0106352972532819
0.0105073597190083
0.0105687268132009
0.0107792065424255
0.0110863985704782
0.0114452546461646
0.0118319555377911
0.0122509736231599
0.0127342801681819
0.0133307342385831
0.0140859514022155
0.015017364383577
0.0160935318222012
0.0172288313796186
0.0183002352364722
0.0191809973662672
0.0197756345927859
0.0200419309203824
0.0199961769804265
0.019704599193238
0.0192622175514313
0.0187596766108114
0.0182466854401857
0.0177102749500599
0.0170838293062781
0.0162867200989851
0.0152757780194426
0.0140820083040254
0.0128141605067624
0.0116295605858714
0.0106886585420019
0.0101121749052987
0.00995137190269075
0.0101749833667347
0.0106752608817718
0.0112933365089686
0.0118568025979711
0.0122172167382669
0.0122780946790812
0.0120098517151823
0.0114503555286089
0.0106901274279523
0.00984448522908172
0.00901983530253569
0.00828400869213836
0.00765016744713721
0.00708029828460022
0.00650685423759269
0.00586281739977613
0.00510781691780429
0.0042424065929364
0.00330877152274837
0.00237974205500538
0.00153977614819979
0.000862783896974493
0.000392197936354759
0.000129316136559499
3.63756040434707e-05
5.67640461475752e-05
0.000144065270392688
0.00028256185737434
0.000486433953488368
0.000781804432381594
0.00118818604911275
0.00171144388678047
0.00234630018634942
0.00307922314230631
0.00388779576362178
0.00474074038418151
0.00560298649265847
0.00644341721880016
0.00723879922189172
0.00797133434265611
0.00862405359870924
0.00917934815166548
0.00962070013657461
0.00993379704135391
0.0101055967132746
0.0101242238983587
0.00998257050262624
0.00968486730079607
0.00925272218613852
0.00872615699496037
0.00815583564234734
0.00758745477314962
0.00704717668694163
0.00653901900642742
0.00605538193772418
0.00558950943446024
0.00513829472468584
0.0046958261532884
0.00424800634006886
0.00377625641142831
0.00326823070353279
0.00272626323206025
0.00216577244544574
0.00160436753107908
0.00105039215935231
0.000499435483072629
-6.02751538002043e-05
-0.000638772122273162
-0.00123597611513351
-0.00183517382002642
-0.00239893515294902
-0.00286963692455072
-0.00317752476439063
-0.00325820477183657
-0.00307755031681974
-0.00265501575825128
-0.00207185690672396
-0.00145651117430083
-0.000953313127637528
-0.000689847133715605
-0.000754226724860242
-0.00118335119355386
-0.00195887082199372
-0.00301098228547478
-0.00423299745082533
-0.00550599964287774
-0.00672581614378561
-0.00782123971608257
-0.008756880536699
-0.0095232436718562
-0.0101232026426286
-0.0105632002689837
-0.0108514974802426
-0.0110003657512482
-0.011027613117924
-0.0109552105385958
-0.0108070941833797
-0.010610268800434
-0.0103993651438535
-0.0102183358912529
-0.0101135164787849
-0.0101216751924468
-0.0102631200358138
-0.0105435747100075
-0.0109573513510855
-0.0114840243085263
-0.0120822683872959
-0.0126925366061156
-0.0132540708354437
-0.0137276830787643
-0.0141080732789821
-0.0144154891205324
-0.0146714388594929
-0.0148745110031625
-0.0149906316528809
-0.0149602721607384
-0.0147156355399721
-0.0142008417057412
-0.0133921696214041
-0.0123153010036577
-0.0110524825100752
-0.00973139523835305
-0.00849430113641175
-0.00745872201999388
-0.00668963166916668
-0.00619712394913491
-0.00595493014858563
-0.00592153081782579
-0.00605033653408296
-0.00629054992988528
-0.00658770628290904
-0.00688760666646992
-0.00714013705067488
-0.00729940216560956
-0.00732169348964748
-0.00716629252145311
-0.00680223148805602
-0.00621823190944665
-0.00542887041856447
-0.00447309683347885
-0.00340905232704322
-0.00231166270626669
-0.00127214247177264
-0.000390610393855388
0.000243754469687798
0.000578366536731699
0.000614098277492999
0.000402484899545147
2.33143686298291e-05
-0.000447005037932373
-0.000961061265132274
-0.00150815665832094
-0.00210231427356099
-0.00275828647260749
-0.00346642860465553
-0.0041762226405021
-0.00479669130815242
-0.00521730076724796
-0.0053425330176928
-0.00512380880565308
-0.0045733940406301
-0.00375565624315853
-0.00276223224592102
-0.00168299774977764
-0.000584084671006823
0.000500609002061445
0.00156411837920042
0.00261155180078689
0.00364330619082568
0.00464658533799318
0.00560114452936263
0.0064915564257836
0.00731002580222594
0.00804626721224202
0.00868126362893986
0.00920027296587518
0.00961530383796543
0.00997128980255054
0.0103254100017915
0.0107168197471892
0.0111523346988659
0.0116159396810049
0.0120869456483147
0.0125458079786504
0.0129636712726455
0.0132952511266122
0.013497189213919
0.0135657597331918
0.0135570874817305
0.0135603378716489
0.0136393098592947
0.0137915225844042
0.0139570287422187
0.0140617072063352
0.0140539686987733
0.0139111195236935
0.0136256957907946
0.013196844366228
0.0126380330750551
0.0119887891437809
0.0113102932477272
0.0106612935883454
0.0100740146762408
0.00955212038888307
0.0090899035764227
0.00868967094993686
0.008358092239574
0.00808673535865317
0.00783954256359134
0.00756295111524287
0.00721153597498222
0.0067669104079554
0.00623489077854339
0.00562762955773906
0.00495040905694702
0.0042037119727079
0.003392477268377
0.00252887794586849
0.00162694798673372
0.000699640005218813
-0.000233798120708587
-0.00113589979452028
-0.00194901955880738
-0.00261135910831405
-0.00308234759482661
-0.00335813930502794
-0.00346526499628965
-0.00343935653810419
-0.003307239506332
-0.00308409885430226
-0.00278238797579175
-0.00242155117888132
-0.00203129123646463
-0.00164825183185038
-0.00130955140600487
-0.00104590029911457
-0.000875433350927116
-0.000800474825482432
-0.000811977558894786
-0.000903601862730154
-0.0010872879812162
-0.0013954034201536
-0.00186264913478256
-0.00249807403858804
-0.00326564771323543
-0.00408421514199314
-0.00484590365326892
-0.00544637957322615
-0.00581688348195837
-0.00594310474983109
-0.00585882311656264
-0.00561879557210392
-0.00527138874601847
-0.00484866987776349
-0.00437389632433118
-0.00387409378870228
-0.00338842034031729
-0.0029711343714388
-0.00268877246380204
-0.0026068996377168
-0.00276488097967927
-0.00315067378139584
-0.00369652864307354
-0.00430401196308278
-0.00488047163351886
-0.00535872297007768
-0.00569231895405082
-0.00584599996113358
-0.00580034334071102
-0.00556402216698537
-0.00517305258594038
-0.0046728146379503
-0.0041012950902872
-0.00348968202835649
-0.00287350790050241
-0.00229511980726642
-0.00179213298550693
-0.0013882190876512
-0.00110262062865639
-0.00096926453138451
-0.00103584112267531
-0.00132853362350199
-0.0018077879892172
-0.00235791068400296
-0.00282447871078344
-0.00307143223327662
-0.0030219827383151
-0.00267444239550766
-0.00210415353849131
-0.00145365992687966
-0.000898867553655701
-0.000588742584234626
-0.000583179993530893
-0.000826453997381864
-0.00117602459329719
-0.00147250409331841
-0.00161223539586202
-0.00158499146833236
-0.00146296644777903
-0.00135568667883099
-0.00135914964876982
-0.00152093447548598
-0.00182764056520394
-0.00221098750677461
-0.00256765442132078
-0.00278925044667547
-0.00279643853943273
-0.00256535211429259
-0.0021321820669429
-0.0015709199219236
-0.000956659098876248
-0.000336732026288428
0.000276924063475788
0.000898724999721515
0.00155575995911358
0.00227435109544885
0.0030644334487498
0.00390353423414617
0.00473120627753229
0.0054636337938791
0.00602365696182754
0.00636799560330439
0.00649628891174404
0.00644286888896563
0.00626352489348073
0.0060246000843911
0.00579076509716947
0.00560807222921676
0.00549008381717083
0.00541934357320376
0.00536524398006583
0.00530517756331117
0.00523486277447306
0.00516489551826113
0.0051106878237907
0.00508404855246942
0.0050895858416673
0.00512451471605851
0.00517977178011975
0.00524216305052154
0.00529812256552707
0.00533835986585624
0.00536125823592827
0.00537304537936692
0.00538390224881097
0.00540072081366511
0.00541955406347905
0.00542246243410898
0.00538103327972638
0.00526286951217062
0.00503493279788696
0.00466360887032478
0.00411881974415806
0.00338703319710853
0.00248662082480869
0.00147288457529423
0.000427553897504744
-0.00056033162179376
-0.00141217989621733
-0.00207294121048465
-0.00252164932155387
-0.00277879176654113
-0.00290436297699301
-0.00298157381580877
-0.00309030706050872
-0.00328300474413335
-0.00357496528648612
-0.0039514131243596
-0.00438382519938931
-0.00484521986470117
-0.00531775586943207
-0.00579088011514487
-0.00625227800379551
-0.00667783804956684
-0.00702859100852946
-0.00725812859208576
-0.00732556515418088
-0.00720513310819712
-0.00688806948920127
-0.00637986967473114
-0.00569838105307606
-0.00487442668384306
-0.00395191463046875
-0.00298395309663507
-0.00202533307865855
-0.00112449846482501
-0.00031602025575936
0.000387795240367091
0.0010032778854191
0.00157011299784678
0.00212852630307737
0.0026892341381618
0.00321829438909183
0.00365079351108036
0.00392522829974667
0.00401560923579946
0.00394284208188119
0.0037634178441482
0.00354626950883183
0.00335004160301679
0.00320727852648419
0.00311778397369084
0.00305326347051301
0.00297390591850541
0.00285052109122056
0.00267914196385894
0.00247866910650859
0.00227525037851145
0.00208654850727674
0.00191592894588856
0.00175634183067961
0.00159703730627727
0.00142699399247706
0.00123372165146923
0.00100072450459608
0.000708439506235641
0.000340271296701007
-0.000110264162629035
-0.00063704684684557
-0.00122427478875038
-0.00184961980342787
-0.00248325739228515
-0.00308507023626793
-0.00360681643242514
-0.00400367752418127
-0.00425267984545382
-0.00436893254483586
-0.00440882936906858
-0.00445496684409741
-0.00458819295058561
-0.00486016556663032
-0.00527891841135306
-0.00581188530050681
-0.00640209695152051
-0.00698852866213238
-0.00752216733439138
-0.00797404561947816
-0.00833601233293016
-0.00861537056160937
-0.008823236326177
-0.00895971364858368
-0.00900493655955785
-0.0089236970071319
-0.0086804527729577
-0.00825307120513247
-0.0076380556165498
-0.00685072082516767
-0.00592657024455177
-0.00492247102293918
-0.0039099121736117
-0.00295759164169953
-0.00211206929699804
-0.00138952185389267
-0.000782597523617939
-0.000273510126988377
0.000157565572765497
0.000529543410001507
0.000855561282867744
0.0011341109574775
0.00134495073593998
0.00145898689796953
0.00145939651615817
0.00136102386529751
0.00121663920174047
0.00110756286583424
0.00112326145542823
0.00133724362632175
0.00178731730445262
0.00246753140189293
0.00333494492374879
0.00432713116714394
0.00538082720071114
0.00644318591394131
0.00747377094689182
0.00844142522547515
0.00932061644513586
0.0100890589489993
0.0107276493462471
0.0112244514720309
0.011581299897505
0.0118161749534037
0.011956173102818
0.0120257667506446
0.0120405394441604
0.0120096723057969
0.011940598375926
0.0118392226490305
0.0117071007787817
0.0115413273325024
0.0113385278973056
0.0110976119505051
0.0108161588342543
0.0104840442399681
0.010084942920107
0.00960987213461957
0.00907145110446171
0.00850286985556392
0.00794017868178856
0.00740285098881336
0.00688604552176102
0.00636425034140224
0.00579901572440788
0.00514727783959029
0.00437088015821787
0.00344740985458148
0.00238072549438536
0.00120753031514553
-5.80440140511016e-06
-0.00117913709181144
-0.00224110896494933
-0.00314656639477546
-0.00388150116884337
-0.00445628018099374
-0.00489243887558196
-0.00521086580421888
-0.00542947786405151
-0.00557060737636957
-0.00566718456949755
-0.00575810948296314
-0.00587728085360766
-0.00604724783131131
-0.00627849870702717
-0.00656701420329019
-0.00689023825244164
-0.00721113922434811
-0.00749338944276292
-0.00771654170068188
-0.00787966780299734
-0.00799521851007433
-0.00808264181871769
-0.00816528906917788
-0.00826572797623752
-0.0083953260248184
-0.00854224877797163
-0.00866815259931315
-0.00871990642378848
-0.00865058830878851
-0.00843669315146228
-0.0080847204284986
-0.00762992864105996
-0.00712847785759284
-0.00663810212166123
-0.00619005602597144
-0.00577199918040914
-0.00534148011060049
-0.00486470494703123
-0.00435172942376233
-0.00386318836882084
-0.0034876002018413
-0.00330574733840729
-0.00335905951864816
-0.00363200798015776
-0.00405323794438487
-0.00451559157451835
-0.00490908796629204
-0.00515557306843415
-0.00523265565488461
-0.00517922802041499
-0.00508330285608874
-0.00505902273775645
-0.00521888681170736
-0.0056436067661506
-0.00635375361026477
-0.00729361187021072
-0.00833821364268617
-0.0093247412822576
-0.0100970456515733
-0.0105464119627426
-0.0106345021793529
-0.0103920433104768
-0.00989584360353176
-0.00923391396189154
-0.00847136149057006
-0.00762853095672437
-0.00667894988561655
-0.00556792932418478
-0.00424430274273025
-0.00269247266011555
-0.000953192199487918
0.000873242588622213
0.00264295021486383
0.00420083649662516
0.00542063616199766
0.00623833138285064
0.00666538267831474
0.00677715368504507
0.00668345664916868
0.00649422689336661
0.00629143176310999
0.00611298838362053
0.00595080197726028
0.0057628545694913
0.00549561888303199
0.0051084955486128
0.00459082273819695
0.00396631035536852
0.00328563961839299
0.00261041708991656
0.00199153633784805
0.00144739984988849
0.000952212831916955
0.000443760594277818
-0.000150545170195711
-0.000882721541962128
-0.00176369012879839
-0.0027598405132154
-0.0038038283088956
-0.00481303076167629
-0.00570969131601927
-0.00643803492955083
-0.00697434959280733
-0.00732731087676086
-0.00752914225673976
-0.00762239030079544
-0.00764790852605284
-0.00763589564422439
-0.00759928672940277
-0.00753183314068252
-0.00741597123491795
-0.00724005460977291
-0.00701480724290728
-0.006777081095996
-0.00657806679583467
-0.00646348026865121
-0.00645659972141722
-0.00655184969511534
-0.00672075594723008
-0.00692612332671652
-0.00713687935571934
-0.00733717159224898
-0.00752744847209484
-0.00771902896340016
-0.00792570605104964
-0.00815605925138807
-0.00840800062438997
-0.00866465799098574
-0.00889157997837861
-0.00903824066426279
-0.00904661712584261
-0.00886562940192639
-0.00846732623607956
-0.00786026953831624
-0.00709479024608033
-0.00625494871978471
-0.0054375986972849
-0.00472747728195142
-0.0041800352898812
-0.00381779478246472
-0.0036372361996701
-0.00361788690231661
-0.00372590950497914
-0.0039112872923754
-0.00410630581611084
-0.00423414298600087
-0.00422653104020336
-0.00403889035170415
-0.00365266661610154
-0.00306625278616681
-0.00228471936105229
-0.00131684546684303
-0.000180110772990383
0.00109154399977255
0.00244298938030091
0.00379877929900408
0.00506856108662865
0.00615540935966204
0.00696765952438464
0.00743479082822913
0.00752336935419921
0.00724562867182708
0.00665675874148579
0.00584387832109295
0.00491224914269554
0.00397178933232939
0.0031244681239521
0.00245301839373402
0.00201222407789539
0.00182491244155837
0.00188467741321767
0.00216431660354107
0.00262443290442942
0.00321665130928429
0.00388278226229931
0.00455751998414794
0.00517898935381391
0.00570161295408173
0.00610164888904927
0.00637266644294009
0.0065180684605872
0.00654993684964462
0.00649606405584876
0.00640704526861825
0.00635255467094071
0.00640444100956764
0.00661608730938445
0.00700970963899767
0.00757434412494966
0.00826924193493657
0.0090291145292188
0.00977358744393508
0.0104231953385853
0.0109177975383328
0.011228591041813
0.0113576062440658
0.0113264469896902
0.0111627467561035
0.0108934227462514
0.0105478285989266
0.0101660534893629
0.00980445144021908
0.00953358986783635
0.00942818173153376
0.00955042294393734
0.00993017210632177
0.0105497841345576
0.0113432804661396
0.0122139414822183
0.0130647382284338
0.0138293639411211
0.0144907321310488
0.01507831026761
0.0156450690906811
0.0162355712153133
0.0168613698280343
0.0174943156268474
0.018077303034454
0.0185441344848203
0.0188394246804112
0.0189332436820393
0.0188293197179354
0.0185674330101034
0.018219577537943
0.0178779787288555
0.0176349650140769
0.0175600974131517
0.0176836399987221
0.0179926335476434
0.0184382227323934
0.0189473147931593
0.0194329992278599
0.0198042981253948
0.0199796566446841
0.0199052299211702
0.0195711262850016
0.0190146725760275
0.0183052896819843
0.0175171615448209
0.0167036335458044
0.0158852536868859
0.0150547638212555
0.0141941773459185
0.0132952784358516
0.0123752912347243
0.0114821250277448
0.0106867263201246
0.0100635990731186
0.00966525604478113
0.00950041132358048
0.00952504742137464
0.00964972090298214
0.00976063301051986
0.0097492041595712
0.00954228136394022
0.00912137822432096
0.00852058263667954
0.00780355449040662
0.00703306179314721
0.00624945379788028
0.00546547085115407
0.00467369454492268
0.00385856718907265
0.00300751380005178
0.00212052474140961
0.00121942453399531
0.000354302865811393
-0.000400447162612844
-0.000965029364864608
-0.00128068625030456
-0.00132863852075368
-0.00113354361355029
-0.000756526067182679
-0.000285564277541998
0.000177432874917526
0.000538609037588676
0.00074119861117945
0.000786642304669126
0.000730557400663912
0.000651498670967377
0.000611219670325663
0.000631119212879726
0.00069412791016181
0.000761321498205681
0.000789143790714641
0.000745207353719694
0.000627548793023148
0.000483218542176381
0.000411189482376485
0.000539560689162337
0.000984400066386452
0.00180905543029246
0.00300005006760062
0.00446626537615081
0.00606006503275251
0.00761265070043836
0.00897124965425081
0.0100266848673099
0.0107270461896717
0.0110796926353447
0.0111437283114808
0.0110116544970742
0.0107802704383119
0.0105192827480994
0.0102535651492183
0.00997111723581442
0.00965299041536028
0.00930630448798067
0.00897996144891164
0.00875459264198208
0.0087128293470692
0.00890440868336056
0.00932144559719555
0.00989417196320264
0.0105086173267518
0.0110385557847531
0.0113793119983565
0.011472890380376
0.0113191930489114
0.0109718969578321
0.0105193885676797
0.0100544917589337
0.00964254356985027
0.00930150442779092
0.00900492750180093
0.008707486693607
0.00837905452133074
0.00802761705521081
0.00769968358935415
0.00746241102653435
0.00738063492777783
0.00749911216972798
0.00783276323128602
0.00836384747540046
0.00904538817802852
0.00981095172522359
0.0105897172378709
0.0113229739065642
0.0119760232149977
0.0125407237246118
0.0130287440890661
0.0134601141816034
0.0138519584371238
0.0142094425455454
0.0145196748611761
0.0147511220370656
0.0148619577629835
0.0148168765096137
0.014605466547996
0.014252173836814
0.0138116639558468
0.0133519769811235
0.0129349444227973
0.0126029833697277
0.0123744165652809
0.0122437519476756
0.0121845515383598
0.0121565102407326
0.0121172140170318
0.0120330274642027
0.01188148736147
0.0116441367619387
0.0112972972047422
0.0108096587433995
0.0101491717065504
0.00929436065878771
0.00824286715860477
0.00701360827153254
0.00564441759305081
0.00418918919853103
0.00271627984839761
0.00130679078966765
5.00048339240485e-05
-0.000966664309244797
-0.00167400578976522
-0.00203972462644364
-0.00208097328173552
-0.0018630623831122
-0.00148353192716709
-0.00104748608030485
-0.000642604792662196
-0.000321896007246002
-0.000100031073193151
3.64412126916912e-05
0.000111347308752264
0.00014187314583107
0.000127775828837466
5.0761099627345e-05
-0.000112794452166277
-0.000369359658686315
-0.000689853938114179
-0.00100972529276675
-0.00124869680908484
-0.00133787728215258
-0.00124066813585931
-0.000961331162201838
-0.000540917180306953
-4.23856947066611e-05
0.000470694538661723
0.000954075689797302
0.00139289676183547
0.00179714194325655
0.00218509249118599
0.00256507237965528
0.00292720817187704
0.00324820665833357
0.00350092431561469
0.00365939393052183
0.00369968780580612
0.00360433997240784
0.00337288531656739
0.00302895936522824
0.00261061365646237
0.00214377352679004
0.00161944419816162
0.000999977642784208
0.000255708523798611
-0.00059942035464141
-0.00150803379668124
-0.00240459702351711
-0.00324869827010557
-0.00402491426084034
-0.00471865109492949
-0.00530385127065718
-0.00576032005984977
-0.00610035445835332
-0.00637270503666726
-0.00663863451914767
-0.00694668457370726
-0.00733208476313834
-0.00783439030001901
-0.008501672369298
-0.00936410431213376
-0.0103995945832039
-0.0115305506844917
-0.0126605555349465
-0.0137171753876507
-0.0146629664765743
-0.0154740694206245
-0.0161186685517662
-0.0165607518753746
-0.0167823945048827
-0.0167986642544538
-0.016649651678879
-0.0163780581717211
-0.0160134268925406
-0.0155754203383966
-0.0150889060487995
-0.014592684976088
-0.0141316751723286
-0.0137400410613587
-0.0134315916458498
-0.0132054719282243
-0.0130594298014397
-0.0129960649623392
-0.0130156993422631
-0.0131039171691063
-0.0132275796529118
-0.0133440171610143
-0.013413987088204
-0.0134064750414986
-0.0132957514334468
-0.0130619314578562
-0.012700292372989
-0.0122293535856022
-0.0116846021454597
-0.0110995843932907
-0.0104905816379763
-0.00985699995998491
-0.00919249391380304
-0.00849312308184996
-0.00775777497112598
-0.00698872692213209
-0.00619894951710815
-0.00542001819096387
-0.00469898522591512
-0.00408293941399537
-0.00360270229765001
-0.00326623015457438
-0.00306193142429526
-0.00296727798037339
-0.00296042580481061
-0.00303184180361126
-0.00318872420621398
-0.00344769465806716
-0.0038212906363887
-0.00430840709963947
-0.0048925302818461
-0.00554388391671481
-0.00622070771278785
-0.00686847396048623
-0.0074201405732722
-0.00780403328799402
-0.00796319352356295
-0.00787749750703443
-0.00756960702532276
-0.00708678689976691
-0.00647912012463247
-0.00580467900521302
-0.00515245415049636
-0.00461739571655317
-0.00419197165729805
-0.00369448313780425
-0.00292449061881284
-0.00195816669505662
-0.00118079125864951
-0.000934455683499043
-0.00122321180334802
-0.00181589900203538
-0.00250986783782295
-0.00321751024235855
-0.00389195708159207
-0.00447047924144633
-0.00489180077389616
-0.00513199307266009
-0.00521241402703252
-0.00518301315073849
-0.00510315560283699
-0.00503005706605878
-0.00501290104438015
-0.00508965062141769
-0.00528381839806552
-0.00559819410008986
-0.0060089998236301
-0.0064708679820352
-0.00693563699088919
-0.0073717726724437
-0.00776856381941165
-0.00812446787821527
-0.00843254048251444
-0.0086750144087634
-0.00883093638236418
-0.00889311373414496
-0.00888278380383993
-0.0088467651278606
-0.00883217182382716
-0.00885365516746695
-0.0088776679974656
-0.00883697542661538
-0.00866724476898201
-0.00834258013432938
-0.00788764544800494
-0.00736140443361905
-0.00682953175252434
-0.00634756656236464
-0.00595870439701353
-0.00569209368662691
-0.0055532260627752
-0.00551740876301237
-0.00554164386172976
-0.00559313838231489
-0.00567560642315626
-0.00583526217877754
-0.00614276308713136
-0.0066618751007797
-0.0074219053217853
-0.00840614984394713
-0.00955630340159125
-0.0107849341172609
-0.0119925766247997
-0.0130922789467765
-0.0140375966693708
-0.0148367478205337
-0.0155376913370266
-0.0161901448972847
-0.0168095003604556
-0.0173655449150831
-0.0178002305032855
-0.0180606355777789
-0.0181279179732332
-0.0180310410197543
-0.0178454044726466
-0.0176796138426081
-0.017649891895876
-0.0178445374146268
-0.0182930947172993
-0.0189592887579938
-0.0197615452619105
-0.02060487933331
-0.021404813333576
-0.0220970144937991
-0.0226380440641181
-0.023003806364149
-0.023187256053639
-0.0231925708091364
-0.0230244505131415
-0.0226792459959028
-0.0221495177214739
-0.0214433954946561
-0.0206018484230221
-0.019694508536235
-0.0187956924495563
-0.0179631784054733
-0.0172374669583481
-0.0166532497527987
-0.0162370964978608
-0.0159814803888901
-0.0158300471660498
-0.0157292354130196
-0.0157252388419302
-0.015944493884209
-0.0163219387955366
-0.0163319038100793
-0.0152962634426867
-0.0132131951758044
-0.0110011560425485
-0.00958910810074422
-0.00901507455341755
-0.00867411496228368
-0.00812733753132903
-0.00738841327258309
-0.00665352835560117
-0.00603737463682342
-0.00555060498746226
-0.00518663166408564
-0.00497063807920617
-0.00494984661703314
-0.00516631129249582
-0.00564148093318017
-0.00637381462810048
-0.00733548635358679
-0.00845812048123189
-0.00961718611558083
-0.0106387497233136
-0.0113400779427068
-0.0115877769642998
-0.0113430010492098
-0.0106722654898311
-0.0097205882367453
-0.00865922844884072
-0.00763051564087975
-0.00671265006054434
-0.00591484450714033
-0.00519700851737208
-0.00450127169028193
-0.00378492965793168
-0.0030465150436276
-0.0023360704989975
-0.00174301123107514
-0.00136312535659707
-0.0012569621189416
-0.00141962539358655
-0.00177996294192217
-0.00223075255181861
-0.00267002453093173
-0.00302833311596871
-0.00327432829324513
-0.00340981660956157
-0.00346404540503545
-0.00348384855129477
-0.00351424596543513
-0.00357542081147004
-0.00365008911701669
-0.00369058620273343
-0.00364233248698231
-0.00346858119929372
-0.00315925859746859
-0.00271955222900676
-0.0021527305391539
-0.00145637350651864
-0.000635419310282631
0.000281971245971191
0.00123939971628396
0.00215907404322696
0.00295474164154502
0.00354779400899401
0.00388538989998349
0.00395575673958121
0.00379362933461113
0.0034723618197439
0.0030847663350915
0.00271857093348391
0.00243443289016502
0.00225367399193799
0.00215856255576304
0.00210349405954668
0.00203389241902973
0.00190854574632141
0.00171810025933609
0.00149139452546944
0.00128580498852162
0.00116468798718842
0.00117008905932397
0.00130179144233543
0.00151313042327935
0.00172635602614992
0.00185899168045625
0.00184833152104732
0.00166765036181369
0.0013347613899179
0.000912071575088769
0.000493029135183021
0.000173866298090654
2.0390375217108e-05
4.56125719061323e-05
0.000209252272933902
0.000438815199367325
0.000661046381905618
0.000828047586848323
0.000927670242852186
0.000979095187331403
0.00102164857157496
0.00110285477294912
0.00126655798779218
0.00154140580853282
0.00193322964363077
0.00242557574766019
0.0029883845427396
0.00358941421653924
0.00420193088607203
0.00480702344784851
0.00539456766711905
0.00596583959361783
0.00653373206791761
0.00711455195271598
0.00771450515520007
0.00832302929234011
0.00891982503382191
0.00948723845960555
0.0100133180992922
0.0104819027712219
0.0108626330918946
0.0111177121863366
0.0112274900727194
0.0112157561300749
0.0111498281321686
0.0111104478340032
0.0111546192157161
0.0112999364416667
0.0115348941980039
0.0118350458937009
0.0121679680217485
0.012492655537497
0.0127701622196797
0.0129882956814783
0.0131810531391822
0.0134191599807062
0.0137695482276614
0.0142505128132253
0.0148162969998651
0.0153801766071393
0.0158536125368305
0.0161742071747221
0.0163173674573287
0.0163028913421075
0.0161981760130883
0.0161039853408995
0.0161146861840352
0.0162687097531011
0.0165191826600245
0.0167445928907456
0.0167953807786265
0.016553042463568
0.0159747542477122
0.015107825930455
0.0140737314660484
0.013030123872577
0.0121211472191535
0.0114289584765298
0.0109433011887483
0.0105634931666217
0.0101353557938157
0.00951089241216605
0.00860792972195434
0.00744464188476559
0.00613400298343283
0.00484317470741537
0.00373782632438499
0.00293007180116654
0.0024401646522533
0.00218175106673981
0.001983964767193
0.00165306553477498
0.00105164768309491
0.000157594625006011
-0.000926120427190134
-0.00201450870010797
-0.00291600033906456
-0.00350603307298654
-0.00376610751781562
-0.00377417501804151
-0.00365908792011745
-0.00354833025480575
-0.00353233586140959
-0.00364872226323093
-0.00387681336728037
-0.00413855709118783
-0.00431544717464833
-0.00429032007698121
-0.00400169839936948
-0.00347824118699143
-0.00282805841517242
-0.0021888525721622
-0.0016692257246081
-0.00131026194326554
-0.00108233804245972
-0.000917553004683145
-0.000751743827132097
-0.000521249730638215
-0.000100693953736161
0.000689526645289795
0.00182711161676322
0.00274251164816695
0.00250611282702074
0.000758808393945713
-0.00165158693089264
-0.00338408233027273
-0.00388725119138377
-0.00364367428771886
-0.00334339813863546
-0.00323742127019662
-0.00322160649336754
-0.00317321167514182
-0.00307563985071463
-0.00294680821714555
-0.00276554259130138
-0.00247640071157737
-0.00203351913054007
-0.00142839726452545
-0.000684938181637769
0.000162521235135682
0.00108473273215413
0.00205556496866742
0.00303996508307147
0.00398732576471595
0.00483799229779032
0.00553773961304293
0.00605021144993905
0.00636226653438272
0.00648361727801232
0.00644323882092402
0.00628226033018042
0.00604259471817174
0.00575461719424878
0.00543067624887749
0.00506850510312581
0.00466173509182159
0.00421071847788014
0.00372837997273661
0.00323967156009264
0.00277665680279223
0.00237324740470059
0.00206218268874877
0.00187233951678224
0.00182272049312341
0.00191407833958891
0.00212382702039803
0.00240712479014926
0.00270086989981498
0.00292790631738421
0.00300538266101378
0.00286254492649172
0.00246455298824007
0.00182949354214713
0.00102621406855462
0.000150999909711959
-0.000706172727726502
-0.0014883497379205
-0.00217844081657652
-0.00278693207817975
-0.00333202972108235
-0.00382249058074322
-0.00424586531407927
-0.00456394623075022
-0.00472223960713167
-0.00467741803294805
-0.00443169023443806
-0.00405119212380423
-0.00365248682059447
-0.00336241829788835
-0.00327298783885958
-0.00341266015292533
-0.00374274216420796
-0.0041743561581492
-0.00459610407811143
-0.00490370969256243
-0.0050248407070038
-0.00493271160769343
-0.0046443572539052
-0.0042055922670108
-0.00367044188683259
-0.00308341150665589
-0.00246932848983657
-0.00183192171070624
-0.00116039358884125
-0.000441826934917913
0.000324014778226151
0.00111159074762142
0.00186262793740016
0.0024895646243743
0.00289137481735357
0.0029796607578635
0.00270962188449581
0.00210773182986047
0.00128242077478075
0.00039988893450664
-0.000379871375805707
-0.000972834843457711
-0.00137761337946093
-0.00158998869344356
-0.00153629210459384
-0.00122081735828469
-0.00103641596043681
-0.00173123052449891
-0.00368807719414061
-0.00623827307922124
-0.00810214306995465
-0.00859933813539807
-0.00811160509611338
-0.00739250039224504
-0.00681789422440854
-0.00634750814684787
-0.00586790422378646
-0.00537934649464868
-0.00494572346546856
-0.00459462211814634
-0.00428725198057918
-0.00394747187272223
-0.00350117823411114
-0.00290162793546106
-0.00213835822305005
-0.00123338482554297
-0.000231368074072392
0.000808323114005705
0.00181649029989978
0.00272321858642649
0.00347575070975475
0.00405713547841754
0.00449101980388986
0.00482618741848855
0.00510950411052666
0.00536367360254359
0.00558098270639568
0.00573200708258446
0.00578027966077136
0.00569655412614934
0.00547367374472432
0.00514282426507097
0.00478236810417347
0.00450564583875399
0.00442523120137282
0.00460917025934523
0.00505154973452287
0.00567017121404572
0.00632875449924875
0.00687202987239172
0.00716284934898682
0.007115751259534
0.00672242226354224
0.00605897792774721
0.00526320381771853
0.00448308245225281
0.00381946608043432
0.00329403480646781
0.00285801140010423
0.00243153808476472
0.00194967612553755
0.00139485100975499
0.000807497429553672
0.000275524851082472
-9.38093026536271e-05
-0.000213966888745943
-5.91234923931506e-05
0.000314576882437448
0.000780438606640988
0.00118054924808051
0.00137183254034341
0.00125990473897888
0.000816217665291162
8.09944177807963e-05
-0.000848599018308681
-0.00184473755352202
-0.00278112197543691
-0.00355888351624551
-0.0041198376817193
-0.00444737106514405
-0.00455776862533941
-0.00448639795609043
-0.00427373234229815
-0.00395311626011938
-0.00354035114095057
-0.00302987146509888
-0.00240538005264476
-0.00166332134969432
-0.000833249295422898
2.09096008971694e-05
0.000818742031172802
0.00148692690359928
0.00197588498338706
0.00226532741657468
0.00236121779344665
0.00229005112228945
0.00209556772587369
0.00183661837739845
0.00157919441123383
0.00137956192147398
0.00126554061849539
0.00122691071414659
0.0012205143196456
0.0011882632465271
0.00108125070154502
0.000879822395754985
0.000600227247395756
0.000285655731068648
-1.22781542871826e-05
-0.000253129831000077
-0.00042202406966187
-0.000534665955344472
-0.000631102495969481
-0.000761266638566729
-0.000969569960373123
-0.00128446869577171
-0.0017137603010021
-0.00224346029777488
-0.00283930169313363
-0.00345208679024603
-0.00402842893880064
-0.00452577224349492
-0.00492600087629816
-0.00524021958773008
-0.00550244542761845
-0.00575736222656027
-0.00604804512333672
-0.00640443775009135
-0.00683249948605085
-0.00730972710002145
-0.00779436475912946
-0.00824637365129896
-0.00864757999513771
-0.00900844242044054
-0.00935819099503422
-0.00972436041413032
-0.010112527646451
-0.0104971845907993
-0.0108290555069845
-0.0110545506030575
-0.0111366652927512
-0.0110681405098878
-0.010873033696324
-0.0105965213699766
-0.010285925930692
-0.00997102060528993
-0.00965408756000819
-0.00931435340945219
-0.00892138103715362
-0.00844784823540915
-0.00787673570339617
-0.00720434877599792
-0.00644201058887036
-0.00561614796661018
-0.00476429643226444
-0.00392719285724258
-0.00314203813953028
-0.00244207797681536
-0.00186064611292437
-0.00143155444367706
-0.00118049619310434
-0.00111083710922957
-0.00119205913235289
-0.0013574512109356
-0.0015137930615017
-0.00156134453564111
-0.00141691409651541
-0.00103064030072701
-0.000392652812364892
0.000466804066971474
0.00148028472213972
0.00255188040982289
0.00357678178225257
0.00446989388695086
0.00519181095704946
0.00575673908140067
0.00621464026837349
0.00661578349389702
0.00697787531327724
0.00727271806910858
0.00743490014229362
0.00738500205247067
0.00706029555715545
0.00644718269311817
0.00560473330124315
0.00466511683373222
0.00380351198346964
0.00318454562334017
0.00290507023283717
0.00295731969125186
0.00322938683281732
0.00354375713317905
0.00371835012184919
0.00362739366739613
0.00324193066754417
0.00263692765718252
0.00196225652330075
0.00138760932534118
0.00104105749584389
0.000962296172254775
0.00108644783693128
0.00126580068533496
0.00132430286513782
0.00112538776413194
0.000626867010562149
-9.77340520186148e-05
-0.00087966273020193
-0.00151285071697629
-0.00183116190909141
-0.00177413558052402
-0.00141046535877341
-0.000908486916831842
-0.000470365245120081
-0.000261177385242799
-0.000359815930284275
-0.00074478425095708
-0.00131362786747926
-0.00192376478784961
-0.0024378670240073
-0.00275984338221848
-0.00285374079130737
-0.00274301166394657
-0.0024922654825903
-0.0021790676748514
-0.00186600133564478
-0.00158045029745199
-0.00130584144813925
-0.000987676487483939
-0.000556186656782248
4.05295030938104e-05
0.000807796015092005
0.00169385550810626
0.00260039941507064
0.00340685056817794
0.0039986082480595
0.00429200569399983
0.0042516848466866
0.00389755389248901
0.00329877080025904
0.00255421057787116
0.00176551827966744
0.00101575573998627
0.000363966832702837
-0.000147233540957417
-0.000484435066953334
-0.000626233857700081
-0.000573009911491652
-0.000353066465844631
-1.80235056079595e-05
0.000370517897632925
0.000754641106683129
0.0010870613987214
0.00133197561402865
0.00146606586438728
0.00148236698177236
0.00139171890603148
0.00121594488371761
0.00097567415769657
0.000682323901796809
0.000339595260348809
-4.92174408408403e-05
-0.000475011744303032
-0.000920430594711624
-0.00135912074769347
-0.00175491854487383
-0.00206344161899571
-0.00224097386317438
-0.00226088033990242
-0.00212822897456027
-0.00187929536271239
-0.001561902071878
-0.00120826869529494
-0.000818656718687897
-0.000365572824981649
0.000185844683345767
0.000853468146977401
0.00162122445308786
0.00243582015949933
0.00321777648682914
0.00388270074276839
0.00436553631298657
0.0046388133703709
0.00471671408328966
0.00464252955922003
0.00446663163388426
0.00422819602125697
0.00395088339355832
0.00365314895600513
0.00336462808804005
0.00313582875231591
0.00303188175840805
0.00311220632727166
0.00340898832294648
0.00391742843086344
0.00459946705147229
0.00539311606925644
0.00622143462144763
0.00700246074479283
0.00766218718945215
0.00814650235440619
0.00842494137841129
0.00848477340031718
0.00832289052827082
0.00794546675931735
0.00737739515826294
0.00667139194571223
0.00590316629756745
0.00515056747986684
0.00447069522732203
0.00389144425992143
0.00341934612522423
0.00305081143569405
0.00277520002375537
0.00257147283780196
0.00240878300482432
0.0022569807720355
0.00210226695692143
0.00195715159561612
0.00185730281600806
0.00184715988099445
0.00196297004498642
0.00222058855398638
0.00260910924269221
0.00308844643568616
0.00359190458283823
0.00403713842465175
0.00434521046442416
0.00446102290718639
0.00436598470232933
0.00407729419282677
0.00363524815072222
0.00308680516473226
0.00247524196552539
0.00183933963957386
0.00121641976339195
0.000641484154202029
0.000141982298376588
-0.000264407183485132
-0.000562598696898896
-0.000726704307887761
-0.000712494134358013
-0.000466582898551596
4.93393546734149e-05
0.000834816715957353
0.00184419968735579
0.00299979837521086
0.00421163300146383
0.00539046382558178
0.00645273856650876
0.00732426121260922
0.00794675178814228
0.00828608907954418
0.00833988115137544
0.00814194348212403
0.00775944532051593
0.00727952698605488
0.00678870896886007
0.00635405966944362
0.00601359786636374
0.00577734191822744
0.00563568519316014
0.00557012230651952
0.00556227963173909
0.00560021953376582
0.00568287719310781
0.00582104695504061
0.00603056617001276
0.00631735021174392
0.00666262919646046
0.00701977633166722
0.00732698489677083
0.00752919676402699
0.00759665810385631
0.00752982912908868
0.00734964143827853
0.00708201655240156
0.00674781021287746
0.00636238997747591
0.00594109207856826
0.00550498434912507
0.00508328737109672
0.00470977105256034
0.00441221998666378
0.00419971566178805
0.00405785500206978
0.00395963633890012
0.00388894613286366
0.003861910335444
0.00392780370668867
0.00414084270045408
0.00451447901580827
0.00498735674248629
0.00542807052560838
0.0056820658828128
0.00563653515463088
0.00526868430738383
0.0046540662069823
0.00393423239280709
0.00326252333027629
0.00275479871907893
0.00246749367934836
0.00240871185079676
0.00255800510434953
0.00284917335950081
0.0031178354902641
0.00314026819827687
0.00290512529976114
0.00291684985015968
0.00394208657476112
0.00611610747031138
0.00849142690178272
0.00987840680850486
0.00999367894255688
0.00946308499563695
0.00893386360428646
0.00854617664671055
0.00812490010985692
0.00754219069840241
0.00683366005166154
0.00611494716733174
0.00548611799515754
0.0049996317699555
0.00466661735673358
0.00446734189288368
0.00435936114858379
0.00429064706870211
0.00422030777667609
0.00413853169074829
0.00407106572510937
0.00406027315833389
0.00413289661174366
0.00427766570510892
0.00444879132054285
0.00459024756143835
0.00466144713101152
0.00464849532034585
0.00455904828772574
0.0044100136200286
0.00421911700226907
0.00400381961067183
0.00378153878907334
0.00356449106756985
0.00335184505557049
0.00312823010789886
0.00287164214972389
0.00256404879920716
0.00219757978930373
0.00177612372704685
0.00131536468866816
0.000841712186574765
0.000388806043602215
-8.35422120364555e-06
-0.000320145041269922
-0.000527881463173415
-0.000626237326589184
-0.000622555637205714
-0.000535602498593933
-0.000394753060271344
-0.00023649122833336
-9.63624366978924e-05
-1.19351023062172e-06
3.21281698200179e-05
-7.26957363796055e-06
-0.000125587386242612
-0.000319473000693515
-0.000570026001327126
-0.000843461746986773
-0.00110076325608085
-0.00131084249230348
-0.00145785583092378
-0.00153713671499333
-0.00154386881158202
-0.00146508845583984
-0.00128149881395246
-0.000976092626238033
-0.000543398605087793
2.60413947495784e-06
0.000622306843534805
0.00125083809225174
0.00181061400733023
0.00223328217593303
0.0024791936901267
0.00254305204322457
0.00244359671612416
0.00220548647144228
0.00184643788240121
0.00137811701163436
0.000817213154838068
0.000194220805665999
-0.000449067147262726
-0.00107136222739071
-0.00164502008204324
-0.00216471625083607
-0.00264892811801598
-0.00313222193411993
-0.00364918255716648
-0.00421713233728215
-0.00482866977550544
-0.00546116068498813
-0.00609874129427147
-0.00674924655601177
-0.00743781274340307
-0.00818198237539427
-0.00898152665026864
-0.00984310339980445
-0.0107938016341188
-0.011804888490065
-0.0126629071441397
-0.0130016526993275
-0.012600674483945
-0.011635503256536
-0.0104993592162853
-0.00939460360250543
-0.00822448496589618
-0.00684389743647495
-0.00526942635548335
-0.00364485697439139
-0.00211357104829198
-0.000762937380819998
0.000357993576560456
0.00121330229222434
0.00177613631043431
0.00203434731517134
0.00199150350061084
0.00166266829987828
0.00107044355728344
0.000242646514193002
-0.00079012402782878
-0.00199462510276886
-0.00332732481970063
-0.00472133748237524
-0.0060815771120492
-0.00729908447119033
-0.00827825423701728
-0.00895867772482535
-0.00931945036503457
-0.00936839180166157
-0.00912639530992462
-0.00861589967955161
-0.00785817320775647
-0.00687930237940993
-0.00572029118044106
-0.00444523382377825
-0.00314333757813661
-0.00192229906749836
-0.00089222200985403
-0.000144048264202328
0.000268509408447086
0.000336387911322298
9.210017736408e-05
-0.000399928217892946
-0.00105716571498954
-0.00179440893554321
-0.00253594943370933
-0.00322120006345708
-0.00380560234183594
-0.00425931709880619
-0.00456205675610448
-0.00469218558056085
-0.00461468968563616
-0.0042778885889337
-0.00362618656830605
-0.00262729901318284
-0.001302332198363
0.000258161357361992
0.00190351853353747
0.00345458240726516
0.00474345847818388
0.00564862141480605
0.00611992637146935
0.00619046096171953
0.00597003431437151
0.00561647632947026
0.00528864469587967
0.00509565624360086
0.00506483637649094
0.00514804903366637
0.00526701018016814
0.00537264486002225
0.00548312476593538
0.00568020777155587
0.00607051713361734
0.00673604115914083
0.00769776718212181
0.0089042936002319
0.0102442305585284
0.011574127176627
0.0127526331901468
0.0136717003820569
0.0142744545705299
0.0145518657831642
0.0145209167210128
0.0141988209502348
0.0135889897944584
0.0126841674118668
0.0114816541848722
0.0100017853279978
0.00830057699677157
0.00646855584594705
0.00461399704530617
0.00283904632481185
0.00122157760402852
-0.000191202014921329
-0.00138107781693202
-0.00235466037916031
-0.00313781189202915
-0.00376780083579232
-0.00428516970283892
-0.00472892883506318
-0.00513537119252652
-0.00553638924812875
-0.0059536286987018
-0.00639099727455897
-0.00683368854436943
-0.00725871580624305
-0.00765031163400114
-0.00800633167582627
-0.00833028814883304
-0.0086197607958201
-0.0088655817781202
-0.00906239677230757
-0.00921759649360857
-0.00934806318628268
-0.00946732807570334
-0.00957405127742439
-0.00965002601720667
-0.00966730159676628
-0.00959717211587613
-0.00941384475430599
-0.00909256096861832
-0.00860887919628286
-0.00794484639577513
-0.00709995814099538
-0.00609925251169232
-0.00499282353316039
-0.00384681783969851
-0.00273070162281788
-0.00170789201877123
-0.000834972411298721
-0.000167383563241387
0.000237362873243635
0.000325705143506526
6.09920829315716e-05
-0.00056369926784982
-0.0015170161558424
-0.00272612633827103
-0.00408113544391133
-0.00544961788327751
-0.00669912128811754
-0.00772063039659704
-0.00844573760576908
-0.00885277268342482
-0.00895970796040609
-0.00880625173991581
-0.00843429169963841
-0.00787803731325819
-0.00716807556606947
-0.0063428697856182
-0.005456832829354
-0.004578743463461
-0.00378252168973907
-0.00313675721933946
-0.00269647688752923
-0.00249495110162987
-0.0025334673383405
-0.00277389423831364
-0.00314256958492445
-0.00354756672224328
-0.00390166538767395
-0.0041412744982172
-0.00423690236817381
-0.00419521710739331
-0.00405331456351221
-0.00386652995970258
-0.00369343647435759
-0.00358196607610597
-0.00355803375272278
-0.00361730599300047
-0.0037237705678958
-0.00381998228116032
-0.00384829599811157
-0.00377403195012001
-0.00359883970788355
-0.00335844729999762
-0.00310829472500053
-0.00290555509546796
-0.00279369211799469
-0.00279061545121393
-0.00288081533371703
-0.00301581654608148
-0.00312811637761485
-0.00315635555118297
-0.00306959663154818
-0.00287677230178086
-0.00261646536125309
-0.00233456521049786
-0.00206348929703641
-0.00181340959432452
-0.00157703200727815
-0.00134130863956218
-0.00109651243712311
-0.000836338600061482
-0.000551638953147362
-0.000231700358464491
0.00011382780377372
0.000429743860734109
0.000642464972747695
0.000761457669094101
0.000944073337415885
0.00136692440338768
0.00199289485044548
0.0025672256106031
0.00290783325667036
0.00310148246737425
0.00335817137595951
0.00376947882310623
0.00426026182511756
0.00469626574629577
0.00497810033950746
0.00506476708533417
0.0049632506137181
0.00471387480307026
0.00437091778277751
0.00397616446389029
0.00353722227149887
0.00302587014064179
0.00239940625901903
0.00163219200099829
0.000738216600491677
-0.000227323476739138
-0.00118509537293928
-0.00205539757599854
-0.0027779395645172
-0.00332347123436298
-0.00369622445055094
-0.00392603107807649
-0.00405180313473377
-0.00410391424740911
-0.00409481022704712
-0.00402147605245391
-0.00387554516173018
-0.00365364671743795
-0.0033630683887326
-0.003022479120862
-0.00266026174799574
-0.00231172909131473
-0.00201330787707574
-0.00179216947871442
-0.00165497317297951
-0.00158296010791163
-0.0015372886174135
-0.0014716629666046
-0.00134570360937865
-0.00113393473109303
-0.000829256294724502
-0.000443253664998562
-5.71386128212388e-06
0.000438024192403753
0.000835543511952435
0.00114128369070529
0.00132925497336874
0.00139758352981647
0.0013638894682403
0.00125482391843758
0.00109276099716286
0.000882935060874362
0.000607427134522178
0.000231944428130061
-0.000276742082751971
-0.000933410489073699
-0.00172721993841927
-0.00262596196700201
-0.0035850265696549
-0.00455435850197932
-0.00548241790258228
-0.00632029061918325
-0.00702721360865454
-0.00757435894840808
-0.00794390379819421
-0.00812597986326321
-0.00811903066458773
-0.00793383857717069
-0.00759452004582939
-0.00713142040853616
-0.00656988799399067
-0.00592407569727688
-0.00520057762348152
-0.00440880266175247
-0.00357094712774554
-0.00272537618967852
-0.00192111260234402
-0.00120610400022584
-0.000615132262143312
-0.000162311912228369
0.000160002081398984
0.000375850573423471
0.00051473260815683
0.000598754774274664
0.000634376608659871
0.000613454028429528
0.000522602074188562
0.000356265677268664
0.000127676507195889
-0.000132382467242987
-0.000399697505843261
-0.000688999392725408
-0.0010361204326875
-0.00139104896084547
-0.00153343531605608
-0.00122443701455956
-0.000536130231692168
9.38799315188434e-05
0.000270435597225203
6.47870858787756e-06
-0.000401868886691449
-0.000724056388143263
-0.000921563713330173
-0.00104392519613223
-0.00112586842766366
-0.00118152282212356
-0.00123965451847149
-0.00135516133919139
-0.0015874308913004
-0.00197080261984018
-0.00250083024254772
-0.00314149492151663
-0.00384243585340111
-0.0045519298092309
-0.00522007583126823
-0.00579780152413598
-0.00624061286032179
-0.00651918357443625
-0.0066294271600619
-0.00659286668916045
-0.00644598997519065
-0.00622569676894182
-0.00595790745125291
-0.00565106105246149
-0.0052948958753007
-0.00486762107212564
-0.00435267647047671
-0.00375792354690025
-0.00312465244919686
-0.00251853531603681
-0.00200588359815422
-0.00162752615174557
-0.00138405509824773
-0.00123986035092011
-0.00114275629535448
-0.00104726512455648
-0.000928501848714496
-0.000780761023476248
-0.00060494301338218
-0.00039493640906567
-0.000131752103608886
0.000212413160595502
0.000664510516609468
0.00124124631570402
0.00194275971242194
0.00274967498560593
0.00362479525344156
0.00452136423497657
0.00539631195917281
0.00622231254543002
0.00699246664682872
0.00771590197255242
0.00840696312225787
0.00907265970288446
0.00970353666732189
0.0102721280483141
0.0107397416939304
0.0110680098859731
0.0112296356245789
0.0112139781145741
0.0110261843077879
0.0106823928649956
0.0102059569537716
0.00962708102168653
0.00898227218952475
0.00830874994519499
0.00763539171453986
0.00697712416207355
0.00633660272771142
0.00571113097503231
0.00510169192443564
0.00452170006687394
0.00400073006892459
0.00357795669251645
0.00328689567162745
0.00314085525421275
0.00312760108012272
0.00321374748235918
0.00335340227135863
0.00349567867321653
0.00358966612698056
0.00358980535413183
0.00346511239924558
0.00321004836655956
0.00284892990842893
0.00242879156600362
0.00200520729407175
0.0016290980594784
0.00133692932737298
0.0011431537331329
0.00103750009921489
0.000991269082955354
0.000970394634048208
0.00094745814351643
0.000907819949524033
0.000850821825211344
0.000787736681485284
0.000736130884832879
0.000711318876727871
0.000718271195399274
0.000747168989799066
0.000773716613010384
0.000764945762390987
0.000691359076770258
0.000543130283709417
0.000342930619673321
0.000146354605710528
2.60539832550699e-05
4.51916226276804e-05
0.000232922286762489
0.000572697299418015
0.00100505187205132
0.00144073598723562
0.00178219158729328
0.00195177666167224
0.00191681238126445
0.0016959245597172
0.00134151063655712
0.000910893359795858
0.000444121215986627
-4.33772340553612e-05
-0.000555826521059069
-0.00110549610185102
-0.00169921873851776
-0.0023271284682213
-0.00295746084493839
-0.00354081342747085
-0.00402451980256682
-0.00437106776507523
-0.00456990588970018
-0.00463814014045683
-0.00461677993377839
-0.00456901310873537
-0.0045749195265122
-0.0047127612799606
-0.0050301642635878
-0.00552258902204581
-0.00613351928105219
-0.00677578958624273
-0.00736263010110622
-0.00783551526328596
-0.00817900630093288
-0.00841782689709116
-0.00859801757752883
-0.00875986696667454
-0.00891386972261607
-0.0090317915221909
-0.00905984966653452
-0.00894881163673912
-0.00868472747867245
-0.00830383161415486
-0.00788399830541809
-0.00751482890216829
-0.0072574137138652
-0.00711300090581491
-0.00701883062528297
-0.00687408699017016
-0.00658154772779259
-0.00608638083151
-0.00539964799930148
-0.00459883928216472
-0.00380274313779315
-0.00313022377228887
-0.00266348427126162
-0.00243098243940236
-0.00240819900437348
-0.00252677608226559
-0.00269001195186724
-0.0027988599665161
-0.00278531521396329
-0.00263844149215763
-0.00240732144729644
-0.0021769511562382
-0.00202803249082235
-0.00199972189999622
-0.0020715846855382
-0.00217083708644805
-0.00220088349827965
-0.00208045003623715
-0.00177775204244178
-0.00132336065407014
-0.000794781440874357
-0.000282239618458624
0.000145441906155094
0.000461417936360035
0.000685175015025062
0.00087213983062372
0.00108979314269313
0.00138621687804459
0.00176540622499746
0.00218439388954609
0.00257490687632636
0.002875942234934
0.00305728126339016
0.00312252290450575
0.00309562908572918
0.00300376071644208
0.00286536355189031
0.00268418323331066
0.00244900873935461
0.00214345115759429
0.001766646332148
0.00135294723705469
0.000973128537037675
0.00071181039925789
0.000633581235750581
0.000756528748083213
0.00104525144345727
0.0014247036135012
0.00180691082761082
0.00211792216585716
0.00231561401179747
0.00239643062306984
0.00239168578708722
0.0023517101171285
0.00231949481008241
0.00230643323316737
0.00228710631211646
0.00221782672669714
0.00206562622520937
0.00182882679851392
0.001540617133405
0.00126016615341411
0.00105922729423745
0.00100652150856798
0.0011481436994773
0.00148700970490232
0.00197224205709512
0.00250873438667905
0.00298585090731664
0.00331257714041199
0.00344376675868163
0.00338764696612249
0.00319319034080516
0.00292432119191152
0.00263328375164713
0.00234404369132022
0.00204944684758699
0.00171968372357878
0.00131776585085244
0.000817096076366813
0.000215172242449612
-0.000461029284492978
-0.00115832530136453
-0.00180758907021107
-0.00234018236118132
-0.00270813321459058
-0.00290051114632371
-0.00294684331713695
-0.00290508020305041
-0.00284098588990363
-0.00280885485451459
-0.00283889524958373
-0.00293136941177256
-0.00305733098655544
-0.00316858147106041
-0.00321863296032184
-0.00318881893653233
-0.00310502899773299
-0.00303163305640901
-0.00304308725815784
-0.0031891266362656
-0.00347222987567188
-0.00384596402433148
-0.0042313815177414
-0.00454276309896835
-0.00471178660715326
-0.00470023814516363
-0.0044985206774203
-0.00411674223572703
-0.00357758167057135
-0.00291388256995242
-0.00216770991021764
-0.00138697367963071
-0.000617942372061467
0.000105356108354723
0.000770235829023519
0.00138660986299898
0.0019782597319266
0.00256910726892812
0.00317211405533568
0.00378513850700547
0.0043938225036193
0.004979446090219
0.00552915510528933
0.00604618467243501
0.00655528598157932
0.00709064387586165
0.00765592732488644
0.00818718245258053
0.0086020766654785
0.0089603799956905
0.00952986402725458
0.0104320409695469
0.0110251786988835
0.00998770280108938
0.0066596507245942
0.0022385217952301
-0.00107837486231382
-0.00221231053717705
-0.00190320630684828
-0.00144511530352778
-0.0014259953681389
-0.00171480267421476
-0.00206033422550716
-0.00240220779618683
-0.0027931582100284
-0.00325128057419024
-0.00372434370082999
-0.00413597310739528
-0.00443403737098797
-0.00460809129035819
-0.00468122205025605
-0.00469065473023752
-0.00466885134446179
-0.00463226412855125
-0.00457974221771667
-0.0044990733315414
-0.0043792188850436
-0.00422489552687026
-0.00406717515344812
-0.00396139034692742
-0.0039678273783142
-0.00412272845643011
-0.00441735330994638
-0.00479880229839768
-0.00518966115748357
-0.00551142464915542
-0.00570072187099758
-0.00571887346606833
-0.00555873589365201
-0.00524718968281662
-0.00483842487702976
-0.00439761766352711
-0.00398072941196404
-0.00361814203216245
-0.00330808239557064
-0.0030220160460631
-0.00271888544894744
-0.00236097927531224
-0.00192523234482293
-0.00140834190533666
-0.000826305300115263
-0.000207694484323925
0.000419538825186058
0.00104315958711204
0.00167469514601355
0.00234314376854802
0.00307534674645402
0.00387417598350084
0.00470957409032254
0.0055290268334126
0.00627813929489476
0.00691395980629401
0.00740295504680555
0.00771262625414933
0.00781221665919532
0.00768714331924834
0.00735517055172436
0.0068671846299742
0.00628825329323754
0.00567380144874304
0.00506079746925533
0.00447790375121081
0.0039589404692467
0.00354314012689176
0.00326310936442375
0.00313493207692093
0.00315932315155147
0.00332785386032864
0.00362345961316063
0.00401424247231091
0.00445074034892833
0.00487610973006021
0.00524679541524669
0.00555007513018789
0.00580523033454269
0.00604729250401329
0.00630529765416314
0.0065884789762707
0.00688377932606971
0.00715908047132376
0.00736801674857715
0.00745876745467413
0.00738968072808025
0.00714765556734201
0.00675931127347433
0.00628642041104016
0.00580502001190351
0.00537779614612683
0.00503582105093838
0.00478090856506031
0.00460222912316224
0.00448558647321257
0.00440514414729278
0.00432266688133121
0.00422475461301579
0.00416824391079331
0.00426185272482585
0.00458569733868454
0.00514092676733204
0.00587629294532413
0.0067357912912469
0.00767091054471789
0.00862802657083854
0.00954419283608211
0.0103603272244968
0.0110401604802082
0.0115813387524182
0.0120122806240198
0.012377215739156
0.0127178673068766
0.0130602660448494
0.0134101644416918
0.0137551192356876
0.014069458921118
0.0143206170509963
0.0144783489026811
0.014527072608606
0.0144757692776147
0.0143571348830009
0.0142141563688961
0.0140825002860282
0.0139796684092687
0.0139042131656578
0.0138394733669215
0.0137555506651589
0.0136102015216927
0.0133552711220432
0.0129523498165089
0.0123910431625441
0.011696519924895
0.0109188281832358
0.0101105324982573
0.00930752127872519
0.0085227549443888
0.00775144079763565
0.00698065947982928
0.00619930178009201
0.00540773307472039
0.00462514718103071
0.00388941402744479
0.00324600927881295
0.00272991477798337
0.00235057420910982
0.00208883961646542
0.00190741892070163
0.00176903146223733
0.00165335393782206
0.00156447822136592
0.00152473745975443
0.00155846014885607
0.00167578502802007
0.00186534731306545
0.00209687204116657
0.00232980840036381
0.00252557756750453
0.00266164338774418
0.00274139598986824
0.00279244513342584
0.00285373294171096
0.00296113596452301
0.00314045669191753
0.00340753439834784
0.003768830854016
0.00421755444509563
0.00472647923003556
0.00524416402876002
0.00570246658420774
0.00603680183132372
0.00620953480166
0.00622221434689463
0.00611035957624541
0.00592692132644471
0.00572484356437238
0.00554432113199895
0.00540500242207145
0.0053028878213977
0.00521414170617305
0.00510897284129323
0.00497417022888057
0.00483308933262701
0.00474617408478503
0.00478496275466392
0.00499465486004371
0.00537397974585179
0.00588786121430045
0.00649265665220507
0.00713014494600741
0.00768489758661319
0.00799831192154818
0.008050991690822
0.00817814701694258
0.00883468185257129
0.00969344165198882
0.00908014709719007
0.00528051975157484
-0.00105334958281846
-0.00676927904842918
-0.00927316760941697
-0.00889927317193476
-0.00774114482120093
-0.00719461464766414
-0.00726914177486356
-0.00746784482515891
-0.00754352865359872
-0.00753968196318235
-0.00755135899493065
-0.00760936597979704
-0.00770680078643107
-0.00784034960060413
-0.00801299829010114
-0.00822197655650211
-0.00845703090081604
-0.00870778560869447
-0.00896984972933279
-0.00924538996678971
-0.00953979103394052
-0.00985831756280241
-0.0102070555351065
-0.0105992010868742
-0.0110611069514823
-0.0116288739406385
-0.0123319807353373
-0.0131724194732454
-0.0141145393092964
-0.0150941720778693
-0.0160411629873013
-0.016901241362689
-0.01764715049653
-0.0182769472966462
-0.0188013174885027
-0.0192247694780741
-0.0195313713505248
-0.019686987406326
-0.0196596193663427
-0.0194453182904239
-0.0190829739089523
-0.0186488187645828
-0.0182323227009349
-0.0179040484485514
-0.0176912552274981
-0.0175741987109787
-0.0175036714112075
-0.0174274018800236
-0.0173106679029638
-0.0171443113762184
-0.0169414536362983
-0.0167270098830663
-0.0165239136436443
-0.0163401530680214
-0.0161617553836201
-0.015956973713497
-0.0156928124835712
-0.015355927133086
-0.0149634452813621
-0.0145553190954377
-0.014175304687145
-0.0138561576040102
-0.0136171328575179
-0.0134687228991176
-0.0134152872168254
-0.0134516144822313
-0.0135562662304541
-0.0136885566456443
-0.0137960564565249
-0.0138327922324206
-0.0137778102871134
-0.0136414643213021
-0.0134574841565746
-0.0132694528153864
-0.0131181163770302
-0.0130286540964975
-0.0129989723306915
-0.0129977994472779
-0.0129797873284381
-0.0129118294072405
-0.012793992204506
-0.0126605593275975
-0.0125596060596404
-0.0125239437490021
-0.0125520485280679
-0.0126087264150505
-0.0126385759071884
-0.0125797990938176
-0.0123800287960365
-0.0120264256419115
-0.0115769733717187
-0.0111369448445948
-0.0107508782887113
-0.0103239647931172
-0.00978435956267762
-0.00943378366564329
-0.00986662506590937
-0.0108878055533126
-0.0104214894748415
-0.00577791675352606
0.00290033969567773
0.0116105965493831
0.0163275834781502
0.0168540747986785
0.0158190934259937
0.0152464991995634
0.0152853853228773
0.0152983775864569
0.0149593917518101
0.0143634879470851
0.0136895091503904
0.0130116191529474
0.0123230936509945
0.011600916230322
0.0108285430298031
0.00999926142262455
0.00912311182096093
0.00822869066297763
0.00735282796271809
0.00652983242379252
0.00579186519999713
0.0051745611357802
0.00471287589090253
0.00442265147846203
0.00428056460091355
0.004220355700848
0.00415175423412741
0.00399157136752218
0.00368878804318023
0.00323202359264186
0.0026412287126092
0.00195461132571757
0.00122054135122737
0.000494636158998412
-0.000166480305552197
-0.000720936798494437
-0.00115951422331239
-0.00150826139810758
-0.00180721732099183
-0.00207855366130208
-0.00230836128440252
-0.0024532777796162
-0.00246166853392974
-0.0022926158383386
-0.00192668887667471
-0.00137290494064612
-0.000675016142288733
8.68095980465887e-05
0.000805465163837883
0.00137000959893796
0.00169729786364844
0.00175991572499495
0.00159664007925491
0.00129904671046213
0.000980353845322879
0.00074107787888616
0.000645016182890568
0.000710741697167951
0.000915599334885526
0.00120713694996591
0.00151945588536718
0.00179196004684214
0.00198355083130167
0.00207447341734075
0.00205655612175613
0.00192260338182206
0.00166499395092471
0.00128273084767924
0.00078735673048998
0.000199183102123001
-0.000465884486346404
-0.00120849653389628
-0.00204326990254368
-0.00297793187009175
-0.00398870078122572
-0.00501341321150124
-0.00596935263602644
-0.00678152584116049
-0.00740250308824107
-0.00781836621647265
-0.00804725190217424
-0.00813524912996924
-0.00814725725012698
-0.00815038071115242
-0.00819461884116644
-0.0083003127553922
-0.00845742185300895
-0.00863290848242295
-0.00878052828329657
-0.00885358713981459
-0.00882107872499751
-0.00867366523952027
-0.00840377359398641
-0.00798391966521073
-0.00740956801758472
-0.00680530289813381
-0.00640627092572311
-0.00620702909267887
-0.00555346255250744
-0.00347381436763804
0.000158246373123674
0.00406892476349123
0.00670098029672698
0.00766439884211598
0.00769524497397655
0.0075468878592498
0.00738972270282091
0.00707798266025107
0.00656069128193953
0.00596541856975477
0.00546131961958023
0.0051415671831468
0.00500591789274578
0.00500026354969556
0.00506209073221972
0.0051535541900842
0.00527978970515865
0.00548837897785476
0.00584587426302956
0.00639856749673179
0.00713869843982206
0.00799704827071634
0.00886431107835178
0.00962415263545884
0.0101795468974825
0.0104679034495308
0.0104698868629806
0.0102122785625686
0.00975890623617692
0.00918932479008672
0.00857674891680291
0.00797784890545187
0.00743427294318144
0.00697470480512186
0.006610500950777
0.00633128642698888
0.00611124397152004
0.00592577454751738
0.0057657311157708
0.00563834211891436
0.00555693076603079
0.00552930694065454
0.00555077885462434
0.00560110478379281
0.00564397781983314
0.00563045869872679
0.0055081421248451
0.00523506501652521
0.00479422130716557
0.00420285063097131
0.00351164795628111
0.00279317133246099
0.00212355848598286
0.00156404190819551
0.00114852010237594
0.000881274891336793
0.000744231424237983
0.000708376444558916
0.000744561774990647
0.000833851400121665
0.00097771476922833
0.00120147183622734
0.00154220564159748
0.00202355726103447
0.00263382194034872
0.00332306865681615
0.00401922695082369
0.00464948601920741
0.00515466125573112
0.0054953652580974
0.00565628615528838
0.00565172426134803
0.00552703015124055
0.00534829489353947
0.00518150177865123
0.0050728377820362
0.00504099490541346
0.00508180014214349
0.00517898512365515
0.00531704213426023
0.00549406203251607
0.005729431575063
0.00606043859596418
0.00652806152846511
0.0071587409689755
0.00794867466283845
0.00885375185912991
0.00978843907028537
0.0106388009501944
0.0112908563290988
0.0116649949813509
0.0117396121002966
0.0115516309784092
0.0111761011229278
0.0106988724194798
0.0101951354421869
0.00971661918718438
0.00928498642444583
0.00889271280335342
0.00851514253433614
0.00813097496110809
0.00774089246702325
0.00737531371342225
0.00708885492998676
0.00694245048670752
0.0069760370625259
0.00718134396890667
0.00749068941831527
0.00779266120043382
0.00796953856450593
0.00793736246634004
0.00766869332837422
0.00719035788898276
0.00656467735382449
0.005869837825243
0.00518699451371616
0.00458862481269885
0.00412208038728709
0.00379526074118352
0.00357827951585422
0.00342300039012202
0.00328544543142919
0.00313641432079548
0.00296178809246163
0.00276366958576686
0.00256530214789698
0.00240988040780265
0.00234392180421181
0.00239024957971407
0.00252835471383648
0.00269714606128443
0.002818600222566
0.00282620722965907
0.00268245350247991
0.00238126449941084
0.00194051762831396
0.00139079036675697
0.000765085666948494
9.34012792387344e-05
-0.000597839575774492
-0.00128640265207242
-0.00195766489167781
-0.00260594910698657
-0.00322838718698665
-0.00381561868546389
-0.0043496262238366
-0.00481161075884185
-0.00519128281906647
-0.0054873042430467
-0.00569763232161836
-0.00580867770577933
-0.00579519495189244
-0.00563559021903734
-0.00533398672778585
-0.00493293206986208
-0.00450736324861265
-0.00414369416928902
-0.00391424899984665
-0.00385624423554684
-0.00396352829451718
-0.00419658508613057
-0.00450608529612781
-0.00485442459846192
-0.00522161670830099
-0.00559571186176176
-0.0059589339619606
-0.00628045520252828
-0.0065197700012823
-0.006638068514562
-0.00661173684764163
-0.00644258992058385
-0.00616157039873143
-0.00582319654136464
-0.00548923181601788
-0.0052069749622441
-0.00499517514814139
-0.00484620951551243
-0.00473829240880421
-0.00464488969361981
-0.0045385442693233
-0.0043967774589877
-0.00421316703424327
-0.00400571466509284
-0.00381380012628657
-0.00368372877134346
-0.00364923769605951
-0.00371414161345047
-0.00384397028965689
-0.00397167678928547
-0.00401662197176378
-0.0039095561328139
-0.00361461693584654
-0.00314161859760472
-0.00254433145192497
-0.0019033408280776
-0.00129762271326082
-0.0007751648795464
-0.000335115804720505
6.96498750045395e-05
0.000508724737662699
0.00103860127513152
0.00167218257266853
0.00236795780929135
0.00304203621578699
0.00359521926841387
0.0039441467388602
0.00404779739049408
0.00392252995457535
0.003640362788963
0.00330937125308452
0.00304137543429185
0.0029173335635836
0.0029632060825169
0.00314681209867171
0.00339753970382777
0.00363895630557915
0.00381810929156273
0.00391950955536899
0.00396187606000771
0.00398374112706236
0.00402618699505599
0.00411820979230965
0.00426616390994237
0.00444795428071225
0.00461554644499989
0.0047097424276668
0.00468412079994053
0.00452627033186664
0.00426454326146025
0.00395835805010341
0.00367948716641958
0.0034933933706293
0.00344590940561988
0.00355640364924684
0.00381590909986913
0.00418875716016466
0.00461935840609655
0.00504698915971105
0.0054255287554429
0.00573704214264719
0.00598919284405227
0.00619795147318612
0.00636733523859894
0.00647806612283596
0.00649033470403698
0.00635946860287557
0.00605887280143552
0.00560077202220508
0.00504364582730878
0.00447923606417443
0.0040017184302786
0.00367209192688755
0.00349503108664598
0.00341953193239705
0.00336205487001896
0.00324031582349227
0.00300352208201484
0.00264882674211819
0.00221903124828855
0.00178218092916724
0.00140105703828168
0.00110656040835636
0.000887441192919247
0.000699263123954895
0.000485256363663664
0.000198063656466884
-0.000185218243564854
-0.00065657349460254
-0.00117794726539916
-0.00168922550831121
-0.00212434808373685
-0.00243295918740247
-0.00259830644207545
-0.00264139458107342
-0.00261024291913964
-0.00256249489599002
-0.00254989676937253
-0.00260712186300556
-0.0027444302935342
-0.00294554112857847
-0.0031729661752891
-0.00337992078844186
-0.00352418211042532
-0.00357880127574329
-0.003537354166359
-0.00341456912996236
-0.00324398916855366
-0.00307265653909012
-0.00295148100505648
-0.00292174365936056
-0.00300200583278295
-0.00318146263243729
-0.00342335774114966
-0.00367734029959771
-0.00389567693225866
-0.00404673194137458
-0.0041206682802597
-0.00412642706690577
-0.00408326720932394
-0.00401137867181997
-0.00392406463447844
-0.00382190004749553
-0.00368967874102819
-0.00349868510750166
-0.00321664089160375
-0.00282356450035373
-0.00232526841243179
-0.00175359919505856
-0.00115020151911417
-0.000544653000419338
5.63722892865377e-05
0.00066257543881952
0.00128492673204877
0.00192425400372497
0.00256744214945002
0.00318810436018982
0.00374941072262706
0.00420978052201601
0.00453161412499481
0.00469062505325934
0.00468210325187632
0.00452155188425197
0.00424000120921959
0.00387693322532363
0.00347347925736802
0.00306640000401609
0.00268366705274087
0.00234475015878938
0.00206682008208455
0.00187168685759465
0.00178608890238917
0.00183379283557961
0.00202418798769756
0.00234248272305204
0.00274514230346359
0.00316441669992942
0.0035237493872272
0.00375964234625335
0.00384081029249316
0.00377615801294299
0.00360730631035121
0.00338798780295097
0.00316067557416106
0.00294294581061183
0.00272739405083424
0.00248953486933775
0.00219968136292287
0.00183959175515833
0.00141905994297049
0.000979531487083636
0.000578944054931506
0.000268755959866586
7.83920178450691e-05
1.09543601687583e-05
4.4899217840438e-05
0.000138050589836883
0.000234275226692096
0.000273551188602956
0.000205628510847308
5.32335024967911e-06
-0.000318171101438359
-0.000726797039371966
-0.00117184603830181
-0.00161010998806589
-0.00200629978393427
-0.00232603124654793
-0.00253267001131454
-0.00259502097608177
-0.00250145421926487
-0.00226975874783873
-0.00194297161917829
-0.00157016227116414
-0.00118368363782563
-0.000788253736157817
-0.000366585279268107
0.000105830947157763
0.000644375767779269
0.00124009137615792
0.00185064871720974
0.00240648093201129
0.00283427092752324
0.00308706636730137
0.00316571843149939
0.00312196680910053
0.0030411401129416
0.00300987342046882
0.00308205558979103
0.00325837073585242
0.00348776629882958
0.00369022039294457
0.00379394155872206
0.00377150564945903
0.00365202951909874
0.00349851044391267
0.00337209055196258
0.00332061089177295
0.00338915656928135
0.0035871488270123
0.00377380418585304
0.00359854137926646
0.00272425590671042
0.00122829489129723
-0.000342340585531792
-0.00144561089193279
-0.00196866036525272
-0.0021198581326948
-0.00209051528811389
-0.00195024465836249
-0.00175499048594301
-0.00161609557337075
-0.00165354271510117
-0.0019209753164643
-0.00238141548277527
-0.00293791952168098
-0.00348434922863823
-0.0039480415086973
-0.00431415761746471
-0.00462802998390438
-0.004972557903901
-0.00542682845922552
-0.00602584565713254
-0.00674228903318379
-0.0074963464187173
-0.00818478768030447
-0.00871668384324957
-0.00904499890433761
-0.00918406705193875
-0.00920575205154843
-0.00921456728264445
-0.0093099765175957
-0.00954920101466568
-0.00992619191592593
-0.0103783533575985
-0.0108185577529794
-0.0111745064957953
-0.0114152634532595
-0.0115564970121655
-0.0116473675669608
-0.0117452382986605
-0.0118858476993837
-0.0120606642334803
-0.0122134834457807
-0.0122601073670043
-0.0121230388333925
-0.011764494352678
-0.0112001571525553
-0.0104867404658764
-0.00969457583536902
-0.00888524258178224
-0.00810321371220827
-0.00737467404335696
-0.00670710675004931
-0.00609440331485977
-0.00553222906759636
-0.00503559385406944
-0.00464422753365356
-0.00440929077529719
-0.00436665296001187
-0.00450983109257174
-0.00477906199976392
-0.00507639884613899
-0.00529837052656285
-0.00536421162059072
-0.00522615674153435
-0.00486845713859591
-0.00430778539771093
-0.00359500267702695
-0.00280752029002102
-0.00202722189504946
-0.00131311187310255
-0.000685341695960751
-0.000131857093141553
0.000366302344793557
0.000809860217403128
0.00117555095801637
0.00143173098178291
0.0015596619831106
0.00156557856719386
0.00148249184397538
0.00136672812198994
0.00128799272873432
0.00130921354503046
0.00146193635888742
0.00173240309285454
0.00206908584526034
0.002407318395736
0.00269444181742595
0.0028999341097321
0.00300901187195162
0.00301307491151459
0.00291034438062237
0.00271297908916757
0.00244233357656996
0.00210572215685229
0.00168352852916536
0.0011705461346796
0.000655035958880979
0.000307885454563502
0.000167114894314772
-9.79940704679557e-05
-0.000985329540454729
-0.00251759651997955
-0.00400335832912897
-0.00471250061215249
-0.00461412860723289
-0.00422529840195
-0.00395353149709899
-0.00381556109728415
-0.00363971479056919
-0.00331926800125411
-0.00287852921894462
-0.00241463604276803
-0.00203067381426647
-0.00179818064797117
-0.00173885679200497
-0.00181908934332014
-0.00196203749749397
-0.00207676641003231
-0.00209217695253678
-0.00198027685221231
-0.00176023454130077
-0.00148430637069062
-0.00121384029079032
-0.000996723094986063
-0.00085574193698882
-0.000790505061791663
-0.000787980072988097
-0.000833584518211975
-0.000917267178796478
-0.00103440828011536
-0.00118573001716264
-0.00137987640128151
-0.00163641007119072
-0.00198227573120239
-0.00243886250883267
-0.00300656778754328
-0.00365748996831472
-0.00434013293929669
-0.00499157194437892
-0.00555139490777921
-0.00597579317246212
-0.00625156150682323
-0.00640579520494057
-0.00650286679458422
-0.00662320995601763
-0.00682994193409988
-0.00714046976096559
-0.00751896036081766
-0.00789152709817258
-0.00817300676175115
-0.00829378941094302
-0.00822240254217796
-0.00798169120460722
-0.00765155641125506
-0.00734995656193453
-0.00719356587639678
-0.00725393753713186
-0.00753121050392377
-0.00795830443770324
-0.00843005488293336
-0.0088389762647079
-0.0091026563026652
-0.00918026677497092
-0.00908064325656958
-0.00885820217434063
-0.00859076121773219
-0.0083454051311567
-0.00815206106014592
-0.00800048164487692
-0.00785709583449165
-0.00768426360216448
-0.00744901193338942
-0.007124031827697
-0.0066930764470495
-0.00616582981071163
-0.00559113709328663
-0.00505104100451339
-0.00463160446176224
-0.00438759709044967
-0.00432398856367868
-0.00440181588583251
-0.00455747745777279
-0.00472191455010233
-0.00483671708887475
-0.0048704340758542
-0.00483218640973954
-0.00477108970007064
-0.00475330889725115
-0.00482514588623795
-0.00498540520369901
-0.00518620042412691
-0.00535930865527278
-0.00544677676459271
-0.00541778800674954
-0.0052713289659962
-0.00503432720167496
-0.00476002158538423
-0.00452275120773402
-0.00440422421523437
-0.00447207797182642
-0.00475839710532483
-0.00524910973016368
-0.00589086557986214
-0.00661065862615068
-0.00733486609131075
-0.00799867952698602
-0.00854961121402367
-0.00895394214169001
-0.00920611886390649
-0.00933034035351619
-0.00936590420269286
-0.00934235066941199
-0.00926183768008197
-0.00910219117706599
-0.00883754076506411
-0.00845943313806981
-0.00798302847595902
-0.00743821681332832
-0.00685777294784071
-0.00627175699703325
-0.00570611463591177
-0.00517961710923725
-0.00469974668449333
-0.00426320189418009
-0.00386300146153533
-0.00349747791042968
-0.00317474244091262
-0.00290988795538434
-0.00271714574627807
-0.00260203638606362
-0.00255752438205687
-0.00256424266530435
-0.00259225582412241
-0.00260361318766111
-0.00255806467759663
-0.00242329778652049
-0.00218600159735022
-0.00185701929765322
-0.00146702703675606
-0.00105602269781023
-0.000664082086953495
-0.000328236929067978
-8.33441083280193e-05
3.87869585573571e-05
1.35359752646183e-05
-0.000173693993662333
-0.00052966065535708
-0.00105753893563636
-0.00175711703016085
-0.00261879504876902
-0.00361507296963049
-0.00469560165941128
-0.00579044385864682
-0.00682182817307989
-0.00771897677346852
-0.00842864029858077
-0.00891924819880132
-0.00918301155285325
-0.00923884513440966
-0.00913209860197239
-0.00892617085606234
-0.00868843572273966
-0.00847801131957419
-0.00833903348238949
-0.00829687894625979
-0.00835488075462911
-0.00849404099300023
-0.00868050504467069
-0.00888111047655931
-0.00907871211533977
-0.00927423823234493
-0.00946999157578737
-0.00964589618188927
-0.00975017928538726
-0.00971528380699473
-0.00948801005292026
-0.00905198554860433
-0.00842951223286219
-0.00766738281860702
-0.00682108515026839
-0.0059472550594559
-0.00510152430277518
-0.00433191678362226
-0.00366524973222334
-0.00309713663967982
-0.00259761579849837
-0.00213058670511564
-0.00167259280627239
-0.00121956223202503
-0.000782973123874352
-0.00038366700856135
-4.73877958326355e-05
0.000200592166268105
0.000345469998515968
0.000395817916679097
0.000390620200227943
0.000390918795833456
0.000456728678608271
0.000623315444269009
0.000892409894768458
0.00124034752912576
0.00163190365189743
0.00202975194039841
0.00239969949259672
0.00271668371329131
0.00297226815769572
0.00317888980985509
0.00336586442929469
0.00356699013462979
0.0038059177513003
0.0040882566651874
0.00440476515240852
0.00474083269381436
0.00508304036464544
0.00541889312637445
0.00573455515665855
0.00601759734554334
0.00626567041485792
0.00649462087722034
0.00673772308068985
0.00703281158498024
0.00740272296985717
0.00784030701295472
0.00830715245416032
0.00874643133352733
0.00910232820761405
0.00933698950024456
0.00943945718344228
0.00942522999746202
0.00932794792459863
0.00918643618304922
0.00903099218329006
0.00887258406171873
0.00869845462374942
0.00847701818343568
0.00817190186724559
0.00775988263221601
0.00724434960581707
0.00665766936126403
0.00605091748539393
0.00547508172593171
0.00496230707454382
0.00451627589747802
0.00411522790103538
0.0037234607649375
0.00330494145208989
0.00283625608031885
0.00231770457134588
0.00177749224360396
0.00126219512273475
0.000814323074308539
0.000449502675490448
0.000148479396637975
-0.000131671840485982
-0.000436935689163368
-0.000800432878272575
-0.00123720564363926
-0.00174503691599288
-0.00230408207018468
-0.00287457993767315
-0.00339868339111971
-0.00381172146341783
-0.00406118649149689
-0.00412511744992827
-0.00401997093692672
-0.00379281217910095
-0.00350216391725846
-0.00319927012720515
-0.00291862452934453
-0.00267590630866453
-0.00246667753314491
-0.00226634377843734
-0.00203869008752655
-0.00175416863128615
-0.00140715298335324
-0.00101999017043364
-0.000632293388731732
-0.000283205547900992
4.96987269194585e-06
0.000236419288588671
0.000441879986074444
0.000669569755925625
0.000970926020604669
0.00138547113528219
0.00192806955581877
0.00258309060029583
0.00331027752911246
0.00406117197215335
0.00479713509246402
0.0054994285501409
0.00616822806596002
0.00681327028970195
0.00744133124844186
0.00804664636817072
0.00860869216149936
0.00909681419909128
0.0094778168528003
0.00972438289339256
0.00982461855525832
0.00979086415871188
0.00966221509694577
0.00949644465475118
0.00935315040990588
0.00927549726295523
0.00927940769899586
0.00935573392793928
0.00948329395791068
0.00964333895923315
0.00982647869517146
0.0100313948842458
0.0102611791355693
0.0105212522896425
0.0108174555587043
0.0111516173477749
0.0115146258637696
0.0118795466845546
0.0121985037616561
0.0124071765759536
0.0124381488095131
0.0122391682096984
0.0117891007240897
0.0111056102838843
0.0102418229144312
0.00927245945551461
0.00827419167715983
0.00730859506315451
0.00641426146293114
0.00560811297958538
0.00489188128807179
0.00426076052654941
0.00371213790411866
0.00325066031713486
0.00288671853345377
0.00263044637084874
0.00248618170312965
0.00244968962535636
0.00250760245014557
0.00263891588170201
0.0028180122352485
0.00301603147239717
0.00319816639129133
0.0033207334752965
0.00333602049216722
0.00320810971971277
0.00293288684834249
0.00254936738924847
0.00213230901043549
0.00176665557173437
0.00151636236579779
0.00140412626641656
0.00141016323070397
0.00148565835555779
0.00157208411211233
0.00162133460934987
0.00161333416289316
0.00156455166291766
0.00152096670732214
0.00153673460161578
0.00164828470455402
0.00185579703701705
0.0021202314259196
0.00237712006646785
0.00256029461248344
0.00262400252708983
0.00255471214639228
0.00237152413448557
0.00211906676611727
0.0018565629449352
0.00164506483513202
0.00153423925223946
0.00155018894142324
0.0016868659501521
0.00190535339726804
0.00214424740771338
0.00233901103660049
0.00244318526067153
0.00244415364048048
0.00236838228857891
0.00227260389244837
0.00222134154184888
0.00225947738309616
0.00239389003574257
0.0025925788030737
0.00279792968796163
0.00294495934871984
0.00297871704682286
0.00286955798253689
0.00262405815527208
0.00228565490049662
0.00192026848452654
0.00159108272183679
0.00133650392372471
0.00116487484795015
0.00106639309609171
0.00102910061209583
0.00104558166751806
0.0011083685202265
0.00120138141516336
0.00129529793459077
0.00135117789551295
0.00133255790193012
0.00122064671375331
0.00102336865916248
0.000772512171104426
0.000511203203854946
0.000277561606479809
8.92710924291342e-05
-6.53538983696062e-05
-0.000222349547989546
-0.000421114186001475
-0.000677487940807644
-0.000967411309819761
-0.00123120572934205
-0.00139509758850136
-0.00139694980458276
-0.00120341798184724
-0.000814688650531217
-0.000261953064896722
0.000397339205926923
0.00108841459284187
0.00173612397975621
0.00228611409825872
0.00271975272533597
0.00305571828945723
0.00333926358153723
0.00362357343711244
0.00394745532617808
0.00431608757443375
0.00469475072382684
0.00502173846636822
0.00523570879884987
0.00530371536246919
0.00523689895985579
0.00508970683110751
0.00494670745754162
0.00490190569658091
0.00503234088829296
0.00537013859864974
0.00588582945927712
0.00649745236244278
0.00710503320990072
0.00763032650439927
0.00803898188801713
0.0083393284376342
0.00856866260171466
0.00877841443090934
0.00902009619225773
0.00932947361085344
0.00971101123817851
0.0101308356967038
0.0105259304972166
0.0108281923980948
0.0109909639513698
0.0110033962205273
0.0108876855641194
0.0106858990347877
0.0104455014215394
0.0102075804245129
0.00999853872158155
0.00982653047521124
0.00968318501858667
0.00954923609695721
0.00940333588132264
0.00923406390998192
0.00905114760449405
0.00888734549637219
0.00878570611871009
0.00877717447691167
0.00886142471040414
0.00900271713318187
0.00914303776716331
0.00922294845558731
0.00919634193319599
0.00903396478457549
0.0087229038802781
0.00826973689347819
0.00770403254764851
0.00707374071779308
0.00643283666147851
0.00583039959117091
0.00530603403973257
0.00488753035877705
0.00458699158125454
0.00439846102747879
0.00430177345639697
0.00427312554616131
0.00429899143581656
0.00438700887746108
0.00456504013373328
0.00486392190188113
0.00529186191320055
0.00581717394501331
0.00637085772377937
0.00686730743720481
0.00723237705960217
0.00742679198815012
0.00745670186690579
0.007369681901223
0.00724015035252623
0.00714913561982065
0.00716227281063526
0.00731231049326546
0.00759468232013695
0.00797846659816683
0.00842420063605839
0.00889816279615294
0.00938113149313725
0.00987426443083377
0.0103997621525938
0.0109907107629453
0.0116711854517973
0.0124365896404645
0.0132454428299972
0.014028024495672
0.0147090285700039
0.0152334146892876
0.0155820865222719
0.0157714187029262
0.0158418132381835
0.0158437358666966
0.0158246984912644
0.015817665313305
0.0158337142725361
0.0158622739743316
0.0158778303048059
0.0158489812188841
0.0157475950763306
0.0155574987499484
0.0152803615867586
0.014935707075991
0.0145550022834508
0.0141721831184055
0.0138125919138591
0.0134833789125545
0.0131710786266593
0.0128492977378336
0.0124908923732459
0.0120754788044891
0.0115901513223748
0.0110293976495957
0.0103987821738378
0.00971897326588997
0.00902300008187895
0.00834485348079137
0.00770646741965092
0.00711373981036176
0.00656521264275742
0.0060641060505062
0.00561964150982258
0.00523506601913097
0.00489577235349853
0.00457184175383474
0.00423374430492807
0.00386670980187543
0.00347279339131246
0.00306353877914419
0.00265421456206578
0.0022654519614763
0.00192643735022021
0.00166886600758246
0.00150993596311572
0.00143746090255823
0.00141261773275957
0.00139014557296868
0.001339456284972
0.00125226350494588
0.00113775082622663
0.00101455425737899
0.000903715857300157
0.000820673984194868
0.000766614693555678
0.000725128284876642
0.000670077005285898
0.000583022344163578
0.000469446811739581
0.000361235230683222
0.000302460730486056
0.000328759018025546
0.000453876723395902
0.00066769686143483
0.000940874125108877
0.00123208675330564
0.00149828780807561
0.00170642109915804
0.00184083829591892
0.00190309130806553
0.00190687798374382
0.00187192603734978
0.00181782804076687
0.0017590450623175
0.00170379347790598
0.0016567993825123
0.00162210081220649
0.0016036132753532
0.00160517098837093
0.00163136568281285
0.00168739680478405
0.00177622372806656
0.0018938969162049
0.00202530610937461
0.00214326019988853
0.00221418720089485
0.00221050343839243
0.00212351971450969
0.00196878646802694
0.00178107451743292
0.00160267731734695
0.00147051161341176
0.00140572830394148
0.00140777726879881
0.0014541686073196
0.0015070721211508
0.00152699147225569
0.00148981645172792
0.00139807233093236
0.0012774879373612
0.00116013927959349
0.00106682172998115
0.0010011895766844
0.000956841851744094
0.000928902274941869
0.000921591182693952
0.000948060563770614
0.00102252743992997
0.00114835318923106
0.00130941744759374
0.00147123870070894
0.00159163745326562
0.00163482091352637
0.00158252496104001
0.00143870115259283
0.00122667129723316
0.000980139922289899
0.000731969336502416
0.000504761517368969
0.00030512755677015
0.000122437013463024
-6.6460464633255e-05
-0.000285981645025867
-0.000547537383831083
-0.000839492479175482
-0.00112789606881943
-0.00136901517121957
-0.00152785683756719
-0.00159360046054377
-0.00158555880014657
-0.00154849849962949
-0.00153868814264401
-0.00160303952654655
-0.00175830158142698
-0.0019826575018603
-0.00222750544905483
-0.00244147494330799
-0.00258807031472976
-0.00264677982998383
-0.00260608811452696
-0.00246386837533186
-0.00223899402935729
-0.00198171151325602
-0.00176632715186702
-0.00166225303808118
-0.00169872254173311
-0.00184774147574289
-0.00203830193468807
-0.00219153925044557
-0.00225414014506959
-0.00221583022864727
-0.00211139468130541
-0.00201104146903976
-0.00199806651896783
-0.00213426284987777
-0.00242460318685218
-0.00280202604847754
-0.00314829797781307
-0.00334589216767344
-0.00333151896954223
-0.00311712063635052
-0.00276920533234943
-0.0023705870752312
-0.00199497550478421
-0.00170038730667895
-0.00152541470538808
-0.00147837104118606
-0.00152880866660688
-0.00161532464235702
-0.00166935881984669
-0.00164085898708496
-0.00151163036217663
-0.00129298351764836
-0.00101547953350584
-0.000720453499867185
-0.000453742055834811
-0.000253223166151809
-0.000127657441178152
-4.06758707981703e-05
8.11457883206473e-05
0.000314179540527206
0.000698166197135118
0.00121593148342501
0.00180064288074421
0.00236037825005363
0.00280538090440433
0.00307089228827004
0.003134682262784
0.00302592610570132
0.00281735251860143
0.00259726303352163
0.00243237706988356
0.00234204298883106
0.00229746528179245
0.00224263471164883
0.00212237278384191
0.00190367973367261
0.00158396158244827
0.00118723838118722
0.00075400974202491
0.000330029126971411
-4.51141021477172e-05
-0.000350568507432686
-0.000594204173515612
-0.000811569256558668
-0.00105027019180491
-0.00134779373180497
-0.00171561902233164
-0.00213535989481001
-0.00256354153658892
-0.00294046508420725
-0.00320280449838446
-0.00330057030189985
-0.00321466547275656
-0.00296645026004439
-0.00261148875467939
-0.00221821262983601
-0.00184321897179264
-0.00151683988500519
-0.001242010591071
-0.000999689347195855
-0.000757073444579874
-0.000481236030983268
-0.000156301524910815
0.000206177607735775
0.000570677822217956
0.000890798054501996
0.00112457165423954
0.00124970389338539
0.00127639521927039
0.00124873644623516
0.00122687448097537
0.00125662591671632
0.00134534633542102
0.0014579603538801
0.00153179185535927
0.00149930072629096
0.00130855519287247
0.000936177804077188
0.000391732257563472
-0.000285421751234934
-0.00103581518097829
-0.00179478267151075
-0.00250898713438545
-0.00314956746848425
-0.00371848410029087
-0.00424569095963357
-0.00477432741117665
-0.00533571501555659
-0.00592680539808105
-0.00650688746291756
-0.00701793354235655
-0.00741524207749503
-0.00769046405923303
-0.00787843859644592
-0.00804873761702738
-0.00828530329522449
-0.00865815659165562
-0.00919538064753998
-0.00986838467645438
-0.0106006061494946
-0.0112970363974233
-0.0118789944584693
-0.0123077292037372
-0.0125910928986248
-0.0127766676112424
-0.0129344219414589
-0.0131291170271358
-0.0133872308545509
-0.0136729842931279
-0.0138909201844101
-0.0139206375299122
-0.0136687568103054
-0.0131100036935959
-0.0122956666232985
-0.0113291553065652
-0.0103264981385788
-0.00938115539070597
-0.0085427863640774
-0.00781180913253072
-0.0071490627491601
-0.00649694268725545
-0.00580373108476483
-0.0050418078056934
-0.00421512781805332
-0.00335668247791359
-0.00251774651831392
-0.00174987173671401
-0.00108327678613499
-0.000510578422053777
1.45883740048502e-05
0.000561801062679977
0.00119817180218913
0.00196440798586347
0.00286148309413768
0.00384971124306265
0.00485644709543959
0.0057894901603376
0.00655770266535415
0.00709874895849513
0.0074036176885096
0.00752051031764582
0.00752932681281628
0.00749829567210445
0.00744864344833319
0.0073485673231555
0.00713741970877521
0.00676130976046139
0.00619836875198563
0.00546619917253193
0.00461860762486915
0.00373866083991348
0.0029257754156011
0.00227264609549745
0.00183758933907853
0.00162653496371477
0.00159491185269126
0.00166651149748798
0.00175635412137169
0.001785651524351
0.00168736990911071
0.00141070445562328
0.000931590668053992
0.000265080403876108
-0.000532655514321988
-0.00137992446364926
-0.00219741269168356
-0.00293507986111768
-0.00358561600153873
-0.00417847307979163
-0.00475685097363884
-0.00534780010905291
-0.00593926316088522
-0.00647480305006827
-0.00686875978425932
-0.00703620688466491
-0.00692606539188902
-0.00654296395882718
-0.00594630347864183
-0.00522550534206233
-0.00446416632039162
-0.00371300455538578
-0.0029859507478878
-0.00227871449186041
-0.00159489992471803
-0.000961982277989313
-0.000430020508009837
-5.86874179235945e-05
9.92697535642697e-05
1.52830463852221e-05
-0.000298943965498526
-0.000783601526687713
-0.00133891748513067
-0.00184826682898953
-0.00220656622151512
-0.00234406276317348
-0.00224004913368388
-0.00192391869121326
-0.00146316905124421
-0.000941200095141334
-0.000430432000251703
3.12268061608147e-05
0.000449917857748204
0.000864198535749865
0.00131779372868539
0.00183302767132755
0.00239792782205897
0.00296875650884632
0.00348410090267917
0.00388626195504685
0.00414241630048656
0.00425491657150083
0.00425562794924432
0.00418919474123743
0.00409352379624268
0.00398339296235561
0.00384301303768802
0.00363320856437265
0.00331164657194473
0.00285593511125348
0.00227970177181358
0.00163729788362765
0.00101439369090742
0.000502860325474261
0.000166468980173476
1.31260009465642e-05
-1.18098586145397e-05
-7.25239536290278e-06
-8.02555794612665e-05
-0.00030656827588614
-0.000705648643117941
-0.00124226248684948
-0.00185157267852476
-0.00247133421655864
-0.0030648500242908
-0.00362767275492585
-0.00417834893842935
-0.00473774857226615
-0.00530782475230161
-0.00586407643060469
-0.00636678052702394
-0.00677988333066707
-0.00708155157889725
-0.00726198805967695
-0.00731707814092246
-0.00724690585584101
-0.00705951561267301
-0.00677411980539701
-0.00641957821880233
-0.00602997370013774
-0.00564260372898127
-0.00530021085263622
-0.00505194278872829
-0.00494583820353099
-0.00501351775240999
-0.00525633198258683
-0.00564146117870575
-0.00610917279849985
-0.00658760921861636
-0.00701034063257338
-0.00733095716642827
-0.00752965895807896
-0.00761127134196563
-0.00759783104786467
-0.0075179959661077
-0.00739467015944729
-0.00723540021757761
-0.00703151010200158
-0.00676640406394321
-0.0064275257504062
-0.00601785842611287
-0.00556679263342046
-0.00513804707105033
-0.00482705115517752
-0.00474130853059313
-0.00496608291567148
-0.0055275916190191
-0.00637131226103302
-0.00737033772233776
-0.00836497875270242
-0.00921588569838509
-0.00984471112291974
-0.0102465746630881
-0.0104754559156877
-0.0106123357187468
-0.010727390439432
-0.0108493075553261
-0.0109545628178958
-0.0109816715910921
-0.0108638128730046
-0.0105654960607033
-0.0101072424950779
-0.00956686538444998
-0.00905716628224837
-0.00869125257756195
-0.00854902879884098
-0.00865381586816032
-0.00896587371661787
-0.00939825141136646
-0.00985073794480668
-0.01024474743352
-0.0105420854473388
-0.0107446056385252
-0.0108823278369407
-0.0109960554735368
-0.0111171849182361
-0.0112503105217812
-0.0113670120987612
-0.0114151787271511
-0.0113408530982889
-0.0111138385448958
-0.0107450448360435
-0.0102857751124476
-0.00981001314687968
-0.00939236377752306
-0.0090933795420836
-0.00895213715754637
-0.00897942044907978
-0.00915139824462548
-0.00941258362197086
-0.0096953156179608
-0.00995082775898529
-0.0101744673529207
-0.0104068456063579
-0.0107077338608961
-0.0111189447196269
-0.0116377858794906
-0.0122106644912483
-0.0127434623639155
-0.0131239027210906
-0.0132538251669972
-0.0130844476791417
-0.0126394690669424
-0.0120121138663758
-0.0113352072536045
-0.010737737031867
-0.010306954265333
-0.010069597821978
-0.00999421843649586
-0.0100080088266632
-0.0100219819259845
-0.00996205184164151
-0.00979965963443271
-0.00956650405542853
-0.00934006354460973
-0.00920539143350884
-0.00921603149722173
-0.00937424701600645
-0.00963376035925364
-0.00991609968027947
-0.0101313210634944
-0.0101980452156703
-0.0100609384885518
-0.00970548344329437
-0.00916796867585741
-0.00853349629408277
-0.00791515064369842
-0.00741880651403262
-0.00711060610934321
-0.00700380380630238
-0.00706853096662071
-0.00725459777257377
-0.00751336396371594
-0.00781022748212467
-0.00812845357434076
-0.008469437049451
-0.00885001442944653
-0.00929204385985317
-0.00980468036391399
-0.010371451580648
-0.0109545771457384
-0.0115131566593432
-0.0120183254600896
-0.0124540846073974
-0.0128093415172534
-0.013074107420776
-0.0132446072312298
-0.0133309027859318
-0.0133589570104744
-0.0133658280885213
-0.0133924616476415
-0.0134771098524388
-0.013647168176716
-0.0139077647314208
-0.0142339939177923
-0.0145780516516654
-0.014892087426139
-0.0151523213204207
-0.0153689673731621
-0.0155799615430191
-0.015835947181115
-0.0161807642708316
-0.0166278969436251
-0.0171395652233614
-0.0176229434861011
-0.0179533276866675
-0.0180177451780149
-0.017758245039035
-0.0171934017436292
-0.0164100576265778
-0.0155343808899598
-0.0146972593312492
-0.0140014120708691
-0.0134917451057667
-0.0131377832478457
-0.0128445183411681
-0.0124963342586483
-0.0120140845628584
-0.011394295675085
-0.0107127713144263
-0.010096647616187
-0.00968073451704101
-0.00956367335257435
-0.00977445122811232
-0.0102560327878293
-0.0108723091051783
-0.0114432465388572
-0.0118030729945462
-0.0118591869706024
-0.0116220033764456
-0.0111904320069196
-0.0107032209398542
-0.0102817571030231
-0.00998803808230761
-0.00981029813954077
-0.0096761623712994
-0.00948382068992946
-0.00913975300825578
-0.00859495556163994
-0.00787115537385148
-0.00706321112412225
-0.00630758438593708
-0.00572666284478216
-0.00537835667424684
-0.00523819375046331
-0.00521848821242609
-0.00520726233885111
-0.00510461482804585
-0.00484484139210789
-0.00440602027435216
-0.00381229325697148
-0.00312701758030454
-0.00243125017710812
-0.00179251615699218
-0.0012424113621865
-0.000777670905106117
-0.000378962570831817
-2.89609000651572e-05
0.000280340645910518
0.000546371068419167
0.00075420604561534
0.000876871715140629
0.000885183507129158
0.00076790487858445
0.000551206595517089
0.000301123540320547
0.00010157364963489
1.89724089264207e-05
7.56421086947762e-05
0.000245865996797159
0.000470108893869519
0.000674767876504944
0.000790723242910087
0.000769899873704071
0.000597101103651654
0.000291784493796742
-0.000102260697019802
-0.000535356094142257
-0.000970110623305945
-0.00138976013973404
-0.00179215846862781
-0.00217569217145508
-0.00252927626203067
-0.00283133409129874
-0.00305208398803444
-0.00315471797331804
-0.0030999797938966
-0.00285821843103432
-0.00242240618767298
-0.00181193807029893
-0.00106656719967892
-0.000238409903482218
0.000613444469680533
0.00142906208002411
0.00215866602985651
0.00277632095195749
0.00328793437387673
0.00372496546016529
0.00412338377086542
0.00449981545040303
0.00484130240806155
0.00511457831473115
0.00528586186125194
0.00533859719368244
0.00528324754214266
0.00515750423582325
0.00501540892434121
0.00490837714435977
0.00486823119842294
0.00490082666206974
0.00498891972697264
0.00509767563958885
0.00518059077701669
0.00518834991627465
0.00508121254368818
0.00484076542788577
0.00447531114162247
0.00401592551789583
0.00350547348851092
0.00298713898150547
0.00249789006284255
0.00206609757536548
0.00170874995001467
0.00142753217324812
0.00120856978374615
0.00102889832830181
0.00086568632703069
0.000702173684459468
0.000529735845449976
0.000349687016171607
0.0001754735678356
3.10726670389772e-05
-5.79298275773519e-05
-7.8165983535698e-05
-3.90808987056226e-05
2.81705752785148e-05
8.49069329820583e-05
0.000103364095179591
7.70060819139612e-05
1.81582723389686e-05
-5.03148960110722e-05
-0.000100254011889077
-9.95718500696027e-05
-1.69580550434777e-05
0.000165133061042941
0.00043513773399699
0.00074844009517036
0.00104325976297921
0.00126919248382054
0.00141058430188018
0.00149216884458706
0.00156818818910969
0.00170301158034843
0.00194855179934393
0.00232234478485536
0.00279449821860406
0.00329310107466517
0.00372927050746265
0.00403079753239027
0.00416778749978347
0.00415831622476083
0.00405356151992901
0.0039133863927879
0.00378651513908824
0.00370118696530246
0.00366192614964351
0.00364818655523077
0.00361868518277717
0.00352696226669281
0.00334449678102183
0.00307895488587953
0.0027768463419049
0.0025087364242867
0.00234336131309356
0.00232167177893006
0.00244198756165894
0.00266145854443134
0.00291028603726779
0.00311150691036719
0.00320204441377019
0.00315260048750128
0.00298035086112113
0.0027454997969568
0.00252829679822912
0.00239519726282997
0.00237151771584439
0.00243493966403149
0.00253059588399944
0.00259546762061442
0.00257927197043075
0.00245878489651533
0.00224757131810608
0.00199704683041401
0.0017811940706961
0.00166821733542447
0.00169625320504699
0.00186693761743009
0.00215340285662838
0.00251092799777339
0.00288702223117438
0.00323605886276024
0.00353763717153702
0.00380722029597244
0.00408891374975547
0.00443324724139008
0.00487360789050775
0.00541453564267929
0.00603552623409389
0.00670312067084989
0.00738045418951724
0.00802989424970548
0.00861302783962143
0.00909357023812512
0.00944449284420614
0.00965781243116262
0.00975336559306666
0.00977927016682972
0.00979836720855708
0.00986566340837922
0.0100099015328451
0.010226823669647
0.0104816648542939
0.0107183636995069
0.0108777978829362
0.0109225618796962
0.0108548994125304
0.0107148762102084
0.0105605887834971
0.0104442366426094
0.0103956532304773
0.0104160492222189
0.0104805844334003
0.0105482204409248
0.0105754824015665
0.0105288304423355
0.0103924910832005
0.0101720803450265
0.00989411588978045
0.00959970998477302
0.00933276773189368
0.00912758461398818
0.00900150556470397
0.00895353146764765
0.00896488065838509
0.00899881447173412
0.00900400422806085
0.00892920928977848
0.00874857797898287
0.00848228231381348
0.00819407527408506
0.00796325470373827
0.00784837245497016
0.00786382807954355
0.00797783444660334
0.00812738030419196
0.00824228452239807
0.00827108193554936
0.00820072507261672
0.00806266627291916
0.00792253258061184
0.00785647693400973
0.00792193212584732
0.00813386303925149
0.0084570281150312
0.0088174955500033
0.00912724278751322
0.00931142889897395
0.0093292268352613
0.00918212178350886
0.00890817695008517
0.00856697168974686
0.00822256954710768
0.00792796366664569
0.00771054712922582
0.00756137407407637
0.00743641480755744
0.00727468897685124
0.00702608688749536
0.00667363165881972
0.00623964345207995
0.00577688558971668
0.00535282369031132
0.00503350243813488
0.00486808144210377
0.0048731854634998
0.00502074159000374
0.00523825303813761
0.00542775461999754
0.00549855975124567
0.00539888722816791
0.00513087324311806
0.00474198166213843
0.00429836125039771
0.00385611494239847
0.00344681914899943
0.0030807618967978
0.00275672506471858
0.00246744416506672
0.00220288565087197
0.00195853878393671
0.00174571093281863
0.00159343289965386
0.00154008142509214
0.00162345038544243
0.00187433356667783
0.00230891237474352
0.0029166547101944
0.00365073708948286
0.00443123022968044
0.00516303060199228
0.00576060798720923
0.00616809715928872
0.00636665219091796
0.00636882733220603
0.00620688046527219
0.00592230443017104
0.00555858825247097
0.00515588496006835
0.00474768342925687
0.00436032981081349
0.00401390356812553
0.00372276259400425
0.00349761276243788
0.00335093999084712
0.00330147771931246
0.00337076899180522
0.00357208103532748
0.00389981602769224
0.00432614147553656
0.00480500420959322
0.00528056738011944
0.00569725535169482
0.00600879750693427
0.00618499803851398
0.00621700292493932
0.00612067567908853
0.0059346460226691
0.00571073415546438
0.00549923682285678
0.00533378215039724
0.00522004153210769
0.00513350561350753
0.00503061798031408
0.00486977453033375
0.00463056042686514
0.00432222612850817
0.00398282936921793
0.00367433791632984
0.00347227980786519
0.00344379418179591
0.0036157877882748
0.00394889530411764
0.0043375343677788
0.00464418946097466
0.0047543438214096
0.00462291395413598
0.00428684207338271
0.00384083599618652
0.00339603796669454
0.00304439813750605
0.00283511809676683
0.00275676588459642
0.00272742164816101
0.00261215816343373
0.00228092507435839
0.00168383166076572
0.000891012449528057
6.141391535011e-05
-0.000639068329799696
-0.00111010272757666
-0.00133783879821377
-0.00137432828255813
-0.00131311648394454
-0.00127653201616138
-0.00139536449418923
-0.00176364941309217
-0.00238898812890968
-0.00318210445573473
-0.004003027881431
-0.00473099793840616
-0.00530741070522133
-0.00573439270489871
-0.00605441691506803
-0.00633945676371893
-0.006684598308299
-0.00717981847847481
-0.00785642590519899
-0.0086452622466086
-0.00939023753787435
-0.00991910674552309
-0.0101244550856066
-0.0100004684979903
-0.00962023174131538
-0.00908428535429177
-0.00848233173139406
-0.00788253368047834
-0.00733152281754445
-0.00684773212568034
-0.00641592929842211
-0.00600311666187682
-0.00559377334052194
-0.00521339408611855
-0.00491493669663176
-0.00474051432250602
-0.00469542409057674
-0.00475528883839183
-0.00489166795086386
-0.00508659991437551
-0.00532370339531354
-0.00557064567558297
-0.00577639413049451
-0.00588873235437109
-0.0058734274252012
-0.0057147407594099
-0.00540087059275048
-0.00491827956764668
-0.00426912093133736
-0.00349627796170287
-0.00268585538720023
-0.00193527104217576
-0.00130783364198317
-0.000808490668129326
-0.000396754816230992
-2.07512713146492e-05
0.000356995906955706
0.000754577035433516
0.00117416327894766
0.00159818577287932
0.00198147656277543
0.00225680915614801
0.00236166606994134
0.00227242326294776
0.00202297222959817
0.00169582152626656
0.00139177210910526
0.00119399095385391
0.00114072619850643
0.00121451076123157
0.00134998616475882
0.00145793233849596
0.00145861945876888
0.00131388435140853
0.00104654826415856
0.000738926683941827
0.000507781154811084
0.000460414968084949
0.000646880841526931
0.00103194085800806
0.00150515398228302
0.00192495350473806
0.00217117997432377
0.00218089341713313
0.00195989034455746
0.00157508834967243
0.00113223561428978
0.000741396591108434
0.000479111442166705
0.000363647708314212
0.00035629661833505
0.000387309779432266
0.000391227558891357
0.000333366610534843
0.000217944279539134
8.0333023324283e-05
-2.8723077082917e-05
-6.18396800905844e-05
5.76082427320583e-06
0.000161691879231215
0.000354239836821502
0.000505812455474756
0.000537356576068051
0.000394981854352253
6.95036754487846e-05
-0.000399590750896431
-0.00093884329143083
-0.00146631381469944
-0.00191329564686802
-0.00223427351400428
-0.00240928754835154
-0.00244481868930515
-0.0023704292550261
-0.00222484150563485
-0.00203561064409005
-0.00180818902963741
-0.00153566344837941
-0.00122156302302741
-0.000894542521879528
-0.000600641848340897
-0.000379987700653341
-0.000248297503618175
-0.000195407882049953
-0.000194301208473488
-0.000207776768496799
-0.000191175989185462
-9.97012739722173e-05
9.7316256840592e-05
0.000405704686546552
0.000809827689944365
0.00128624640794847
0.00181307450005653
0.00236656994276802
0.00291258201684838
0.00340850175940047
0.003821983384911
0.00415444593570211
0.00444874436322084
0.00477135884383531
0.00517968202766844
0.00569458389492968
0.00629081815348515
0.00690538617888433
0.00745904710778424
0.00788599248797021
0.00816314907740346
0.00832577198401372
0.00845883030948187
0.0086656084499984
0.00902752366690571
0.00957355587872909
0.010271495960493
0.0110407468443114
0.0117762347187441
0.0123723295705293
0.0127430230738071
0.012840062945869
0.0126675194497063
0.012284915289385
0.0117924636672085
0.0113022340741008
0.0109075811807483
0.0106616538761769
0.010567972843661
0.0105809336407428
0.0106150460691944
0.0105646724826501
0.0103347183302913
0.00987514483263753
0.00920404109524654
0.0084045800763699
0.00759346186601019
0.00687476812516289
0.00630166357964376
0.00586283299041688
0.00549505387107026
0.00510980297743847
0.00462073636692603
0.00396840294524774
0.00314444352536983
0.00221003741527535
0.00129264617178675
0.000550385854829727
0.000115625564631296
4.69677390945888e-05
0.000314047749315903
0.000818790128282243
0.00143809736355583
0.00206672826196178
0.00264437302428829
0.00316164062169261
0.00364883304051473
0.00415497157602571
0.00472437310802542
0.00537748371819716
0.00610107373850241
0.00684888602230732
0.00755044014513059
0.00812629847099778
0.0085094635515252
0.00866915696598423
0.00862730551975995
0.00845787875421308
0.00826685369811422
0.00815933608287762
0.0082048580531259
0.00841260606632178
0.00872580338444346
0.00903792954769245
0.00922631551496814
0.0091952727261188
0.00891825046699316
0.00846231536723914
0.00797618551009555
0.00763743433263975
0.00758078135008035
0.00784509187290188
0.0083656287580818
0.00900891513816622
0.00962501532372442
0.0100920459758692
0.010343149097654
0.0103775342480047
0.0102556967928737
0.0100747667083476
0.00992687626332856
0.00985866681909122
0.00985554859409781
0.00985953091530902
0.00980648499965105
0.0096587574880699
0.00941800102833881
0.00911866333501384
0.00881184191199929
0.00854959331174602
0.00837524396052244
0.00832032372334074
0.00840596794105771
0.0086452563257885
0.00904172116159691
0.0095808634435683
0.0102188052719953
0.0108797311693079
0.0114712205271489
0.0119130766426451
0.0121631624325679
0.0122247933498532
0.0121331019133454
0.0119313849146904
0.011652607509596
0.0113138193869227
0.0109198881262972
0.0104689755875154
0.00995772540497257
0.00938883378935547
0.00877956874186361
0.00816381378906207
0.00758345104415551
0.00707477089401105
0.00665955205512269
0.00634460650085518
0.00612627465614694
0.00599451480938934
0.00593363314113677
0.00592019290448905
0.00592182169742373
0.00590125844877948
0.0058260470128002
0.0056786489217911
0.0054604462618958
0.00518770476160399
0.0048831487179565
0.0045687592391821
0.00426384566342376
0.00398866838343272
0.00376878556500209
0.00363297133660145
0.00360296671791237
0.00368290979989914
0.00385865939233117
0.00410794827436551
0.00441170308947005
0.00475734228820265
0.00513475725501587
0.00553229061959686
0.0059366642290835
0.0063341368288772
0.00670949064714975
0.00704422460202124
0.00731746718809277
0.00750939565416905
0.00760358155964041
0.00758744222216159
0.00745455058853562
0.00721054831597383
0.00687713345176008
0.00648706918603927
0.00607183836377895
0.00565184573026498
0.00523566233736018
0.00482472050498484
0.00441720125982076
0.0040114384262503
0.00361225873754115
0.00323681381066678
0.0029107242238395
0.00265282466633448
0.00246090143489815
0.00231320745726111
0.00218543896045695
0.00206618785579173
0.0019552124261689
0.00184771269657563
0.00172314822775477
0.00155201319094403
0.00131519627533092
0.0010190518523264
0.000695095656874226
0.000387052141137441
0.00013566067909281
-3.10788753035206e-05
-0.000101882048279591
-8.41505809132348e-05
-5.05247814712966e-06
9.2984249272259e-05
0.000167555601493717
0.00019882704626325
0.000205737932970588
0.000242606635775307
0.000374651618306494
0.000643663454851498
0.00104049916723691
0.001499414233948
0.00192129531642167
0.00221746407225661
0.00234982516749673
0.00234274530902093
0.00226285245946795
0.00218664778129112
0.00217811155224678
0.00227923650799329
0.00250113321152138
0.00281124582147832
0.00313135354083267
0.00336301349463562
0.00343372531028032
0.00333296558035373
0.00311158306302978
0.00284906109601388
0.00261799877047433
0.00246776982411329
0.00242216563895704
0.00247453016427082
0.00258081045178532
0.00266874367205423
0.00267094566303123
0.0025608851218811
0.00236031853394895
0.00211080353720396
0.0018358067073976
0.00152749642474884
0.00116617473232445
0.0007486000657585
0.000296333640926768
-0.000161044270030877
-0.000607200536836611
-0.00104089591969182
-0.00145513888528713
-0.00181931566915974
-0.00209942030789908
-0.00230998702876586
-0.00253058986334809
-0.00284497346912902
-0.003267423575224
-0.00374327640226424
-0.0042074088000287
-0.00462195577047363
-0.00496667170172027
-0.00521648140776467
-0.00533728563136356
-0.00529863629236396
-0.00508767253948741
-0.00471588708382207
-0.0042195401869936
-0.00365514127419591
-0.00308846131794725
-0.00257747951142482
-0.00215604340241272
-0.00182784302828457
-0.00157475339488839
-0.00137379906126314
-0.00121116397381991
-0.00108443956695028
-0.000993659147315433
-0.000930534508376055
-0.000876322582910919
-0.000810678763684049
-0.00072385824545094
-0.000621823552885662
-0.000520243959099433
-0.0004324881000324
-0.000360290233973118
-0.000291582148039597
-0.000203625561950951
-6.84507560093398e-05
0.000138414063152661
0.000424302512535969
0.00076637468059567
0.001110775911243
0.00138949903702503
0.00154653229985252
0.00155868753322392
0.00144315426389537
0.00125228926040053
0.00105775875203669
0.000925939210005816
0.000890884332185093
0.000936224048117188
0.000996206209224734
0.00097873826523034
0.000803483780775602
0.000439194016062647
-7.79756896891765e-05
-0.000654691160324499
-0.00117361033756853
-0.00153388019830195
-0.0016833025918564
-0.00163162618699663
-0.00144046157749228
-0.00119336326940261
-0.000959144566054864
-0.000766483592085253
-0.000602702015431301
-0.000435402045364774
-0.000241202399935109
-2.27653644389477e-05
0.000192527546617814
0.000363441863127153
0.00044458200579013
0.000395376177339435
0.000194583089087567
-0.000142655066976485
-0.00055810334364775
-0.000961671183256849
-0.00125445448539039
-0.00135252559971631
-0.00120569966343239
-0.000809159560120896
-0.000205072443851889
0.000526546636701196
0.00128355724041452
0.00195972353618591
0.00246487046098167
0.00274666131755042
0.00280732300189467
0.00270480875892205
0.00253211757926939
0.00237896775931589
0.00229158258205487
0.00225175491188234
0.00218826661033599
0.00201452068917536
0.00167132016935276
0.00115553034956652
0.000527799695502968
-9.92851013115411e-05
-0.000590052974850334
-0.000826077260565155
-0.000746006390774304
-0.000371054284055514
0.000194422885138574
0.000793620446108538
0.00127215272715297
0.00152891367722383
0.00153653357482682
0.00133504366457791
0.00101696051814056
0.000704945426267943
0.000514002631261715
0.000508820815505073
0.000681921987608113
0.000964585983128654
0.00125842998198032
0.00146933692462445
0.00153541770788331
0.00144643911882415
0.00124862123621418
0.00102861090630416
0.000880162947120868
0.000868082159868034
0.00100623490866603
0.00125842141760787
0.00155815752059586
0.00183477168408389
0.00203489498153028
0.00213605217510721
0.00215154684713453
0.00212205980706285
0.00209149538743961
0.00207749614221851
0.00205643290812137
0.00197443255326214
0.00177687210417173
0.00143677141204342
0.000965656040583457
0.000403867988840098
-0.000198449664139191
-0.00079397484588824
-0.00133915462537937
-0.00179286354619366
-0.0021229141336627
-0.0023167769369071
-0.0023840566161174
-0.00234639370100742
-0.00222438456668802
-0.00203433616926259
-0.00179786139329619
-0.0015539781623411
-0.00135817279309671
-0.00126307786388064
-0.00129444788449681
-0.00144332587150494
-0.00167943558006897
-0.00196981570279098
-0.00228677608485809
-0.00260812035925128
-0.00292257994984699
-0.00324102213570065
-0.00359740215925033
-0.00402644568858157
-0.00452750886254496
-0.00504315645145148
-0.00547493268253995
-0.00572917736825008
-0.00576021242377112
-0.00558395353917322
-0.00526498398474022
-0.00489813905577372
-0.00459264600686928
-0.00444718728979758
-0.00451087140301929
-0.00475161147306584
-0.00506239139098848
-0.00531082020973507
-0.00540380260444845
-0.00532989810008326
-0.00516002689509366
-0.00501220021185353
-0.00500137231060907
-0.00519745583740497
-0.00560538430332511
-0.00616779307870896
-0.00678321588375534
-0.00733365611290823
-0.00771767755887187
-0.00788208808126187
-0.00784009613688284
-0.00766491014966556
-0.00745859900716424
-0.00731061250362824
-0.00726666717455767
-0.00731995789559024
-0.00742137624969265
-0.00749980271563172
-0.00748964592252441
-0.00736433308419429
-0.00716280747598791
-0.00698806570457038
-0.00697097270875745
-0.00721846992784231
-0.00777498821096041
-0.00861131266407729
-0.00963532687353882
-0.0107130430058336
-0.0116954343113073
-0.0124530183828934
-0.0129153050504289
-0.0130989774129523
-0.0131025682008562
-0.0130601191671906
-0.0130750203022467
-0.0131723387503547
-0.0132962227643233
-0.013349123841902
-0.0132467784926598
-0.012960433607858
-0.0125306140183953
-0.0120527800535566
-0.0116451141802056
-0.0114099811714693
-0.011399138137188
-0.0115945131825988
-0.011916233637101
-0.0122577248786259
-0.012529061960045
-0.0126838419946974
-0.0127198759287166
-0.0126636575438297
-0.0125530575394431
-0.0124232295363432
-0.0122936541618486
-0.0121578372161798
-0.011983694457639
-0.0117304344734953
-0.0113750835729259
-0.0109304786279817
-0.0104412677128864
-0.00996373059278422
-0.00954795140154811
-0.00923206035028299
-0.00904141427270934
-0.00898403962444954
-0.00904614826172537
-0.00919617625230756
-0.00939541357926713
-0.00960489453740486
-0.0097845722692454
-0.00989220589484916
-0.00989043699291848
-0.00976052171176458
-0.00951152735043078
-0.00917466656718564
-0.00878435627265355
-0.00835957786054767
-0.00789786252824831
-0.00738117105329063
-0.00678511116938732
-0.00608936324989339
-0.00529450027405474
-0.00444283969791173
-0.00362593307830886
-0.00296115131069262
-0.00254179234441042
-0.00239047105326315
-0.00244875744373091
-0.00261041960733413
-0.00277235880739253
-0.00286847955135191
-0.0028754060436697
-0.00280489198062603
-0.00269484717795274
-0.00259230685327294
-0.00252425420266361
-0.00247532427376343
-0.00239568091960989
-0.00223421208941774
-0.00196782129184521
-0.00160759643832511
-0.0011891656130612
-0.000763583235447382
-0.000392828750841474
-0.000141017853638493
-5.30662470787116e-05
-0.000126163545540611
-0.000294912663241475
-0.000450653338984174
-0.000491858307791977
-0.000375665614498779
-0.000139016242329778
0.000119001691720331
0.000280273329907926
0.000256797650992268
2.81624747422721e-05
-0.00034680506913508
-0.000749733286317621
-0.00104704431760965
-0.00114334867862668
-0.00102355590091596
-0.000762464837274991
-0.000491596909367604
-0.000337937527248409
-0.000368725798822388
-0.000570188592109354
-0.000863989328477054
-0.00114739955103296
-0.00133951990912744
-0.00141708330884111
-0.00142643922687284
-0.00146722796386033
-0.00165435146407268
-0.00207139061160807
-0.00273212560955549
-0.0035679967738631
-0.00445017624346036
-0.00523536724221889
-0.00581160069990273
-0.00612558004936043
-0.00618681984816409
-0.00605377165586462
-0.00581284064306502
-0.00556099778941907
-0.0053915270469094
-0.00537157960369145
-0.00551128416885724
-0.00575005874811326
-0.00598668639745949
-0.00614059363468639
-0.00619635570889878
-0.00619872362829744
-0.00621291426017622
-0.006286480925867
-0.0064287376628557
-0.00660071463120112
-0.00671309448236824
-0.00664487405465547
-0.00629135779311083
-0.00562432180668494
-0.00472532634564827
-0.00376132613181215
-0.00291064396143353
-0.00228535873332655
-0.00189637066305202
-0.0016700783005446
-0.00149079566821449
-0.0012422747703832
-0.000841748226147569
-0.000267690810534222
0.000428038840994987
0.00113833731789572
0.00174877554090233
0.00219210346055902
0.00247782142468845
0.00267878739446388
0.00288328025318484
0.00314328021749629
0.00345119358472385
0.00375515748014897
0.00399598028473671
0.00413929487312123
0.00418738832835601
0.00417149246337018
0.0041347896636584
0.00411670538334494
0.00414251382258653
0.00421547599575952
0.00431038525076265
0.00437558410470687
0.00435079095503359
0.00419452136235419
0.00390267947911172
0.00350539403265926
0.00304685073936839
0.00256394985586964
0.00207610708352822
0.00158763447338953
0.00109574201199194
0.000596714590449871
8.96749209691716e-05
-0.000417285309286473
-0.000899161635068448
-0.00131478589442877
-0.001624105115363
-0.00181248623733515
-0.00190158048433031
-0.00193789553315205
-0.00197210999307769
-0.00204888183824611
-0.00221103261692234
-0.00250140865594721
-0.00294421247280027
-0.00351098568018112
-0.00410312655004061
-0.00458093263399749
-0.00483224432441185
-0.00483579634652885
-0.00467543574329653
-0.0045000833026063
-0.00445995856265149
-0.00465226443307857
-0.00509078799052279
-0.00570146756050208
-0.00634582224816049
-0.00687094475717463
-0.00717051282502916
-0.00722820567839946
-0.00712019538339561
-0.00697778383546049
-0.0069347101072172
-0.00708441285221843
-0.00745361489249011
-0.00798697447772178
-0.00854787549729272
-0.00895186931962425
-0.00903530831881538
-0.00873111017008733
-0.00810977685979952
-0.00736114934584926
-0.00672444841529705
-0.0063989966326473
-0.00647505457780857
-0.00691116796305408
-0.00755862609798343
-0.00821423430594899
-0.00868261571440867
-0.00883710728921854
-0.00866517412391675
-0.00827567392645812
-0.00785404217177085
-0.00758042889022943
-0.00755017708685548
-0.00773466925265224
-0.00799727876464458
-0.00815172793084566
-0.00803394767047747
-0.00756003653230283
-0.00675584083943829
-0.00575381145492174
-0.00475602912370278
-0.00396964782850592
-0.00353656680294295
-0.00348723453555741
-0.00373649355625365
-0.00411833555702803
-0.00444343114322585
-0.00455896885310179
-0.00438990722696318
-0.00394899350579332
-0.00331954615970727
-0.00262414701014245
-0.00198673737561613
-0.00149195432547453
-0.00115550477443164
-0.000925062918510471
-0.00071389380220173
-0.000444681372621874
-7.83030735575464e-05
0.000378479310381992
0.000877908221405229
0.00134371472259328
0.00169394071902061
0.00187279559926784
0.00187749332896601
0.00176044623759081
0.00159958868141919
0.00145345905147207
0.0013313292494551
0.00119634783777361
0.000992925283361088
0.000676483058406754
0.000233035821647079
-0.000311743965265071
-0.000895090247638173
-0.00143596783578096
-0.00186683973683344
-0.00216275463500564
-0.00235114782271486
-0.00249676206382132
-0.0026692990906502
-0.00291102028695408
-0.00322287536945934
-0.00357541576448315
-0.00393185978070628
-0.00426447176635268
-0.00455806173570947
-0.00480863398867822
-0.00502467623591633
-0.00522868155091913
-0.00545199444835784
-0.00572082797095245
-0.00603925058164276
-0.00638008381075601
-0.00669223044028504
-0.00692181129105454
-0.00703407785090632
-0.00702528092963574
-0.00692399561637551
-0.00678433036313879
-0.0066689242028361
-0.00662326837108719
-0.00665577345036508
-0.0067400294567656
-0.00683792517355271
-0.00692420781302967
-0.0069952383166608
-0.00706143402368821
-0.0071347411959278
-0.00722176479942351
-0.00732531444960605
-0.0074489037008043
-0.00759616266544275
-0.00776394272142354
-0.00793745700957324
-0.00809515560919102
-0.00821993296909572
-0.00830683600211458
-0.0083635921590741
-0.00840797460095592
-0.00846391461240315
-0.00855243896503158
-0.00867658693089988
-0.00881024172836048
-0.00890475647808979
-0.00891522864127629
-0.00882920430528475
-0.00867428489736824
-0.00849727132848192
-0.00833189951238758
-0.00818007765925531
-0.00801668578042143
-0.00780925508008738
-0.00753858493952049
-0.00721138808253067
-0.00686082820372675
-0.00653445497604018
-0.00627467717912085
-0.00610119610432242
-0.00600325812349373
-0.00594457434760412
-0.00587961357056571
-0.00577611487634581
-0.00563406013867583
-0.00549015840524276
-0.00540319804933665
-0.00542635048021021
-0.00558022114516249
-0.00584001384200569
-0.00614169164563064
-0.00640166261337207
-0.00654095663612755
-0.00650866670410514
-0.00630059975719884
-0.00596342621634772
-0.00557484515705721
-0.00520676729700738
-0.00489628993872623
-0.00464412223651359
-0.00443512422711309
-0.0042594444307591
-0.00412059432580744
-0.00403335309061579
-0.00401940911664362
-0.00410166953850759
-0.00429249009747075
-0.00457576866920606
-0.00489459696726927
-0.00516123841279296
-0.00529256560182044
-0.00524972696642742
-0.00505246468662883
-0.00475937041742375
-0.00443339284058505
-0.00411720512548145
-0.00382667687101186
-0.00355665126932832
-0.00329213696399498
-0.00302090567526565
-0.00274372432621876
-0.00247871017369016
-0.00225779370948717
-0.00211492526352772
-0.00206962049646801
-0.00211482226187045
-0.00221686324275964
-0.00232607820597672
-0.0023910133060852
-0.00237326713050375
-0.00226264260697562
-0.00208551460697316
-0.00189511547602473
-0.00174357292517938
-0.00165247034323745
-0.00160205323821499
-0.00154607134600667
-0.00144303309430543
-0.00128610483666953
-0.00111486458212056
-0.00100177091500537
-0.00102078149006581
-0.00121564402727785
-0.00158360695086777
-0.00207972564841063
-0.00263609135007596
-0.00318442742491094
-0.00367162758337631
-0.00406542817620102
-0.00435471354516832
-0.004548068867516
-0.00466864524023255
-0.00474423535029695
-0.00479828661251546
-0.00484774329629945
-0.00490444066009178
-0.00497260165333998
-0.00504396706424514
-0.00510085596571387
-0.00513072525985016
-0.005140536892506
-0.0051555220010595
-0.00520053744198302
-0.00527862035779776
-0.00536420617986619
-0.0054156243026798
-0.00539559418344682
-0.00528551574397854
-0.00509096409995898
-0.00484422999555484
-0.00460182953988293
-0.00442536684037587
-0.00434574591622476
-0.00433507572810188
-0.00431419522569533
-0.00419607148585336
-0.00393558428259654
-0.00355385167461494
-0.00312620171674154
-0.00274493148834542
-0.00247870298233312
-0.00234850678493729
-0.00232792146990018
-0.00236159242966208
-0.00239070458616166
-0.0023760961334701
-0.00231043543349341
-0.00221312558590805
-0.00211184017111174
-0.0020245686096632
-0.00195266345663841
-0.00188390817286075
-0.00180020932611946
-0.0016871645167464
-0.00154214772316061
-0.00137526683839978
-0.00120232369385443
-0.00103637336695208
-0.000883641407001257
-0.000743507308055008
-0.000611385262674543
-0.000484962171390217
-0.000370082972194076
-0.000278451928450628
-0.000216184561618255
-0.000173879547301239
-0.000129098789041866
-5.99416483470872e-05
4.14907486547804e-05
0.00016542443721021
0.000291685382947044
0.000401319040754464
0.000483716329057707
0.000535420683737182
0.000555165087046139
0.000542338486235993
0.00049952755225436
0.00043301116405107
0.000347838406165374
0.000242239634052585
0.000108254609478528
-6.00938919576721e-05
-0.000256040997587153
-0.000454776344004359
-0.000619927869299798
-0.000719500663019667
-0.000739335981988033
-0.000684461709263064
-0.000571956772358006
-0.000424947642856058
-0.000268420229679781
-0.000120261352419737
2.04063511119298e-05
0.000173466541887185
0.000358212006368777
0.000566531619941466
0.000753618966773584
0.000858794588412505
0.000843229085935707
0.00071570519748415
0.000526472035648946
0.000335434157229742
0.000180736365014718
6.89200379413546e-05
-1.46886712010738e-05
-9.16828829429566e-05
-0.000183032773380449
-0.000305401377589724
-0.000464905159153567
-0.000648643559344482
-0.000819959824504196
-0.000922953504360391
-0.000897607767738129
-0.000700906930835117
-0.000324444345162853
0.000199504378454886
0.000804561703097907
0.00140620887665247
0.0019238146462838
0.00230303270774058
0.00252818619943232
0.00261722856360998
0.00260407785634399
0.00252112209121836
0.00238934338371158
0.00221358717839599
0.00197915168256273
0.00165299613352795
0.00119782832341143
0.000601891366345194
-8.78906759379347e-05
-0.000755388202869825
-0.00124808047511481
-0.00144469668544775
-0.00131834900038487
-0.000954694008272855
-0.00051612950213646
-0.000176840784694598
-6.22444615107982e-05
-0.000212890163136944
-0.000577572856692498
-0.00103420939465129
-0.00143476152519741
-0.0016633969558935
-0.00168543335068517
-0.00156033959657321
-0.00140785249176911
-0.00134658671010197
-0.00144327934457108
-0.00169869873910931
-0.00206574017946094
-0.00247657083160275
-0.00286204879929838
-0.00316428703038819
-0.00335187349329671
-0.00343948936467376
-0.00349805330296445
-0.00363601804170419
-0.00394966105947711
-0.0044690671537409
-0.00513625538595292
-0.00582806069122854
-0.006403703059299
-0.00674911814903743
-0.00680567728116794
-0.00658208545964519
-0.00614571775182788
-0.00559122579417817
-0.00499886023400111
-0.00440591318641744
-0.00380624744109208
-0.00317267929910854
-0.00248337637179798
-0.00173511498934054
-0.000939332224312068
-0.000110627437191356
0.000739378270138638
0.00159878474024165
0.00244910310620283
0.0032637965855163
0.00401393124700607
0.00467830437406547
0.00525374869930606
0.005760263275955
0.00623558042795802
0.00671814301129429
0.00722546429755607
0.00774016563415709
0.00821338217445663
0.00858549988425577
0.00881337774535838
0.00888886147391332
0.00883915011462166
0.00871099944736389
0.00854909976716039
0.00838017549502608
0.0082104487268085
0.00803679031207739
0.0078622772454867
0.00770167734690536
0.00756978747344983
0.00746174009304973
0.00734354490632077
0.00716374977241513
0.00688101086986412
0.00649161786495918
0.00604119322631671
0.00561297716110893
0.00529670517065902
0.00515193986465155
0.00518249410358247
0.00533308781124379
0.00550957433409567
0.00561441808098064
0.00558267887709066
0.00540391641926966
0.00512328833756296
0.00482520886659492
0.00460733986231529
0.004550846556458
0.0046920406256454
0.00500453353503785
0.00540355020999767
0.00577700689883144
0.00603280416172974
0.00613965133474167
0.00614050342662539
0.00613375081959032
0.00623511101522621
0.00653790631037077
0.00708090211849597
0.00782680887878348
0.00866016425818501
0.00941717406134969
0.00994494610358676
0.0101626133961052
0.0100906184994511
0.00983585310074768
0.00954662126237931
0.00936016135224402
0.00935991129236102
0.00955349466783312
0.00987765435299405
0.0102281780508799
0.0105029884255821
0.0106411905073586
0.0106423194747302
0.0105579063576728
0.0104607602126289
0.0104098014676465
0.0104294924014356
0.0105105910162073
0.0106241606101293
0.0107360081728696
0.0108150323401583
0.0108373484594946
0.0107900090754142
0.0106735971509947
0.0104999478471868
0.0102857733761142
0.0100490654203374
0.00981171454209957
0.00960114093645058
0.00944208694337923
0.0093425984637102
0.009288254378974
0.0092499199172044
0.00919384473882534
0.00908233890504624
0.00886978794231306
0.00850914983461612
0.00797357943234718
0.00727947038440101
0.00649241259031267
0.00570984661438144
0.00502970447910145
0.00452015430118102
0.00420058553787173
0.00403657044358627
0.00395003316877341
0.00384775968273425
0.0036651365283428
0.00340595946566237
0.0031513965396813
0.0030275810257346
0.00314965994448742
0.00357268599684952
0.00426856072597933
0.0051313071388631
0.00600585622562127
0.00673412667925285
0.0072068601391521
0.0074024703016255
0.00739468477603897
0.00732307105670896
0.00733870212131888
0.00754948181575328
0.00798684759997826
0.00860077686432443
0.00927794884988505
0.00987753289011758
0.0102808540776089
0.0104422628045272
0.0104161873438221
0.0103399922038229
0.0103775085559709
0.0106528839751752
0.0112074634254721
0.0119940311183914
0.0129007024442275
0.0137879530551704
0.0145282549947635
0.0150448802402142
0.0153422057354608
0.0155103010015488
0.0156906032222213
0.0160129438261516
0.0165370438547707
0.0172295498932216
0.0179823803112374
0.0186548357383008
0.0191182792324967
0.019291522214294
0.0191620720900216
0.0187894633820057
0.0182886955018579
0.0177980132961584
0.0174418220186019
0.0173007145168495
0.0173955955378755
0.0176864453678661
0.0180835912251083
0.0184700959195621
0.0187327048245163
0.018793653276343
0.0186319406699749
0.0182858855983635
0.0178367544007623
0.0173801363782397
0.0169948367142713
0.0167184772447647
0.016535922863487
0.01638398822422
0.0161743459320203
0.0158313740156912
0.0153311448370965
0.0147213049354056
0.0141090132699529
0.0136208612904049
0.0133521273795388
0.0133273768361262
0.0134911163503158
0.0137344638819872
0.0139438445820803
0.0140448462232147
0.0140212012409441
0.013907507606686
0.0137659287687106
0.0136572386419672
0.0136154609494531
0.0136365215971059
0.0136870839821638
0.0137281859825179
0.013738997609275
0.0137264456736624
0.0137153898615883
0.0137273704522119
0.013766140448681
0.0138231718502824
0.013895597449383
0.0139944410449001
0.014132000669566
0.0143017671095856
0.0144731062204233
0.0146078980390043
0.0146860160217823
0.0147199911699392
0.0147491085438036
0.0148195992059226
0.0149661281286196
0.0152025551217826
0.0155171578158331
0.0158678457555576
0.0161855901479871
0.0163964616041119
0.0164541855508402
0.0163580412493718
0.0161397155130009
0.0158299558303025
0.0154330321467466
0.0149291326775569
0.0143015283047316
0.0135661137545484
0.0127798905031463
0.0120227029805679
0.011367730689339
0.0108613415427848
0.0105193982663854
0.0103327087147959
0.010273975502656
0.0103067580307594
0.0103992518865419
0.0105391866508861
0.0107395128810174
0.0110257234389866
0.0114063099127189
0.0118426364116125
0.0122409414222577
0.0124773869933559
0.0124442321631633
0.0120913903133565
0.0114432524223891
0.0105864829633003
0.00963704815251309
0.00870105953513174
0.00784608566738228
0.00709539065064281
0.00644613180766821
0.00589997286055251
0.00548806686075954
0.00527436909414988
0.0053319122303393
0.00570342014298777
0.00636994923862316
0.00724703372180834
0.00820926281360636
0.00912794795839826
0.00990399051424264
0.010484947354659
0.0108634507180467
0.0110621179274687
0.0111163351352503
0.0110643286658871
0.0109435162875327
0.0107850790429578
0.0106037193916556
0.0103896335809403
0.0101125212692984
0.00974049483629366
0.00926621093625965
0.00872551918389305
0.00819590693376277
0.00777352656398893
0.00754018216999419
0.00753504942872805
0.00774030668038141
0.00808384440118882
0.00845916810314225
0.00875812658355239
0.00890498464213791
0.00887689108502864
0.00870106659630641
0.00843059148072554
0.00811176134258581
0.00776010311146311
0.00735570372261164
0.00685542898735231
0.00621143978092863
0.00538885978992471
0.00438220335114428
0.00322848508318249
0.00200825221672795
0.000827684099888114
-0.000212613925272929
-0.00104634684009205
-0.00165381849230128
-0.00205425556191551
-0.00228567150303826
-0.00238530952451683
-0.00238027249173709
-0.00228836327776884
-0.00212314890829995
-0.00189977204079662
-0.00164183723143855
-0.00138773807835768
-0.00119173564206025
-0.00111725791004131
-0.00122375970141724
-0.00154967255945879
-0.0020960134683196
-0.00281906499402516
-0.00363830221001043
-0.00445548575877851
-0.00517424405128215
-0.00571442089103468
-0.00602348047354484
-0.00608715456385686
-0.00593478767977727
-0.00563103999566352
-0.00525113683538606
-0.00485028888830619
-0.00444817881061579
-0.00404173852026764
-0.00363476451668331
-0.00325616198456675
-0.00295131274589922
-0.00275948452707791
-0.00270021996022979
-0.00277458731437725
-0.0029693550988923
-0.00325575947777633
-0.00358986802726169
-0.0039254803518265
-0.00423689147972533
-0.00453273067406731
-0.0048426174931413
-0.00518021613305065
-0.00551148417572287
-0.00575803740095257
-0.00583622049778796
-0.00570110499323024
-0.00536460514933992
-0.00488527030691271
-0.00434894549598969
-0.00385295043785939
-0.00348812715246293
-0.00331046385147311
-0.0033103784214728
-0.00340281141845648
-0.00345596902833331
-0.00335121539856738
-0.00304127089239676
-0.00257224625991062
-0.00206056679545939
-0.00164439116596009
-0.0014349699301304
-0.00147978901638394
-0.00174060452278478
-0.00209471239875182
-0.00237003021977014
-0.00240913912635899
-0.00213494087878784
-0.00158357667402693
-0.000887171709590817
-0.000217415430990218
0.000279613208717428
0.000528700864359799
0.000539136886150238
0.000390161530945311
0.000196264953085863
6.19818908224201e-05
4.14471654121554e-05
0.000120294210556511
0.000228073387287843
0.000274679609012775
0.00019525271639737
-1.50091428096106e-05
-0.000293510575163276
-0.000536493498756016
-0.000644338528312124
-0.00055974119309126
-0.000283083160862302
0.000131785175591369
0.000592653843656091
0.000992862073146654
0.00124340624918502
0.00130486816261827
0.00120491128344832
0.00103054420071072
0.000895391492484776
0.000895965397329087
0.00107886094860187
0.00143381451817825
0.00190959262028913
0.00243785614313062
0.00295353362840719
0.00340916414595153
0.00378370824923317
0.00408525586157315
0.0043476072901876
0.00462141406561771
0.00495980813115627
0.00540042851890182
0.00595071040126815
0.00658357831591265
0.00724440740217729
0.00786580211411437
0.00838768861099393
0.00877897573103865
0.00905154843280863
0.00925695025420725
0.00946523371087111
0.00973576437801021
0.0100932713446545
0.0105196546397663
0.0109648293475179
0.011369519423416
0.0116867552121378
0.0118944376947563
0.012002044810998
0.0120551458600331
0.0121314274669979
0.0123186786940178
0.0126777371347898
0.0132086938250283
0.0138405029984203
0.0144524569284903
0.0149200464990791
0.0151644930569181
0.015181286057985
0.015033978811522
0.0148196238224363
0.0146260923134118
0.0145007520104584
0.0144400485346405
0.0143986588039818
0.014308949026997
0.0141003754441025
0.0137162289907599
0.013132761840501
0.0123801090972324
0.0115498768994707
0.010772752062284
0.0101702219091954
0.0098074560258732
0.00967489349821852
0.00970441579073279
0.00980331812249751
0.00988346102127347
0.0098750978724065
0.00973135316311364
0.00943357576477582
0.00899702216305122
0.00846644507737229
0.00789714768767018
0.00733203090287092
0.00678976340811658
0.00626832834083246
0.0057556489941612
0.00523725233219703
0.00469828756991502
0.00412453161530224
0.00350741713411623
0.00285121341500925
0.00217425938861142
0.00150045968312577
0.00084879587104147
0.000230974648729446
-0.000344966605291265
-0.000876795440821415
-0.00137881541147798
-0.00188807860281282
-0.00245212907045649
-0.0031007495201037
-0.00382025337236004
-0.004550559115806
-0.00521153480997813
-0.00574372499280807
-0.00613573827916626
-0.00642153436509538
-0.00665740096474907
-0.00690081748099019
-0.00719931706190976
-0.0075807415378442
-0.0080406570572013
-0.00853710198490548
-0.00900306598388263
-0.00937297717521828
-0.00960861556462624
-0.00971019900601322
-0.00970685801927506
-0.00963432204759071
-0.00951820125803727
-0.00937532596718524
-0.00922564348225992
-0.0090962580902284
-0.00901048932880901
-0.00897262752126575
-0.008962761401674
-0.00894629875201288
-0.00889249393071118
-0.00879150280341528
-0.00866053978977887
-0.00853671195915747
-0.00846174679420723
-0.0084643347283785
-0.00854284850617554
-0.00865509823884843
-0.00872762521477259
-0.00868818732609689
-0.00850363010931552
-0.00819645715535471
-0.00783023200324265
-0.00747800891973231
-0.00719530022274742
-0.00700869252018072
-0.00691814199647074
-0.00690538379026676
-0.00694326697456199
-0.00700601589529303
-0.0070808042298004
-0.00717521742186406
-0.00731302241556897
-0.00751899914450346
-0.00780277040578651
-0.00814970989875972
-0.00851938500917196
-0.00885056899718975
-0.00907436497877164
-0.00913361318963797
-0.00900014017734069
-0.00868209066958522
-0.00822075696285648
-0.00768020317864331
-0.00713239731096856
-0.00664184872703803
-0.00625579403487548
-0.00600247143872302
-0.00589353697066238
-0.00592560830568902
-0.00608028974976061
-0.00632496416317516
-0.00661639183661226
-0.00690844361296286
-0.00716326606823246
-0.00736087589014591
-0.00750107000642196
-0.00759769705757353
-0.00767178259416926
-0.00774783663266436
-0.00785083683140218
-0.00800079261831874
-0.00820768049885174
-0.00847156139589961
-0.00878692145360117
-0.00914478612116688
-0.00952848527874158
-0.00990685250704327
-0.0102342079499969
-0.0104633331540435
-0.0105662497789857
-0.0105482735608821
-0.0104453219659105
-0.0103092720929251
-0.0101934886582216
-0.0101428502842199
-0.0101838721639036
-0.0103148167332641
-0.0105048487836931
-0.01070809256169
-0.010883776076748
-0.011005997879561
-0.0110564353538155
-0.0110101480481809
-0.0108312366054723
-0.0104855383462442
-0.00996124091058533
-0.00928099768164614
-0.00849760002115343
-0.00767939309828096
-0.00689613468019541
-0.00620918766744262
-0.0056635139127927
-0.00528073835772695
-0.00505796997139604
-0.00497734698263075
-0.00502385114176235
-0.00519965744951362
-0.00552200753829385
-0.00600329019776125
-0.00662860009372452
-0.00735064544772003
-0.00810708412554792
-0.00884492863658032
-0.00953187298619542
-0.0101494723770037
-0.0106808262424459
-0.0111077866662099
-0.0114199342719189
-0.011624724907103
-0.0117477162945558
-0.0118219224603884
-0.011874564202855
-0.0119194181652429
-0.0119563375163426
-0.0119751564687192
-0.0119623536816995
-0.0119100083858137
-0.0118235988514568
-0.0117230153659468
-0.0116355250084419
-0.0115861045888832
-0.0115911366680667
-0.0116561789949425
-0.0117751389178983
-0.0119304235778885
-0.0120973155081664
-0.0122551825195812
-0.012401984913571
-0.0125618817145475
-0.0127765759503444
-0.0130819174050714
-0.0134832860511081
-0.0139443804031134
-0.0143943502496524
-0.0147493210710894
-0.0149420412421503
-0.0149514509692388
-0.0148189131487265
-0.0146379942769993
-0.0145174399578362
-0.0145350359656368
-0.0147075803255158
-0.0149916493787352
-0.0153094888394183
-0.0155810207966977
-0.0157465376921545
-0.0157780772546836
-0.0156843923245316
-0.015508923805012
-0.0153142743567387
-0.0151535821560347
-0.0150436261519019
-0.0149582241542579
-0.0148464070749545
-0.0146613705354525
-0.0143807835382198
-0.0140096678305227
-0.0135722006777532
-0.0131047388235508
-0.0126546033395148
-0.012276945097337
-0.0120208981507684
-0.0119098078158184
-0.0119321926897522
-0.0120531010333476
-0.0122358389635841
-0.012454933441239
-0.0126931933337949
-0.0129338542715211
-0.0131619647710976
-0.0133751797752613
-0.0135904815770625
-0.013835804102176
-0.0141305440930678
-0.0144694348775931
-0.014820132197737
-0.0151330465952089
-0.0153555709018768
-0.0154453099695946
-0.0153810454580598
-0.0151701644443682
-0.014849139644706
-0.0144738389370711
-0.0141004109490597
-0.013763894592901
-0.0134663906640022
-0.0131832626382482
-0.0128833864170092
-0.0125483648521638
-0.012178115964613
-0.0117841990462682
-0.011382334911334
-0.0109920269024515
-0.0106401442723059
-0.0103592415509642
-0.0101758776349667
-0.0100950679132449
-0.0100937573791636
-0.010130103344944
-0.0101610050701102
-0.0101544309089789
-0.0100928466717479
-0.00997462401705389
-0.00981621897689826
-0.00964740706688119
-0.0094940584682623
-0.00935775851701133
-0.00920988513362367
-0.00900838401043333
-0.00872747166979082
-0.00837963953687864
-0.00801388590166308
-0.00769149261417527
-0.00745802376052831
-0.00733156610742186
-0.00731044118445522
-0.00738662851018541
-0.00755156982844807
-0.00779440801457747
-0.0081006171618877
-0.00845399322825569
-0.0088372089512289
-0.009226935755785
-0.00958779657922178
-0.00987485117080611
-0.0100490230060524
-0.0100967320023188
-0.0100372921416804
-0.00991055257586697
-0.00975613723454688
-0.00960348346879561
-0.00947878043175489
-0.00941624409952719
-0.00945827369590485
-0.00964269491861052
-0.00998801338975437
-0.0104871435270411
-0.0111108090311796
-0.0118148726436623
-0.0125467178800065
-0.0132514504787046
-0.0138813632485414
-0.0144070266760162
-0.0148213360215479
-0.0151305567147902
-0.0153393531549808
-0.0154444376595265
-0.0154424465371539
-0.0153419899440774
-0.0151661854194305
-0.0149434322733613
-0.0146965901142002
-0.0144411964792014
-0.0141926228863085
-0.0139716815533296
-0.0137996438518958
-0.0136863759803955
-0.0136247355052686
-0.0135980201102482
-0.0135922185865384
-0.0135998433774597
-0.0136126810437225
-0.0136130550336093
-0.0135738347339996
-0.0134682239458661
-0.0132813283292604
-0.0130137066403592
-0.0126740696402536
-0.0122690918775045
-0.0118021204411101
-0.0112833055938898
-0.0107409559212467
-0.0102231488054723
-0.00978928376384574
-0.00949772221749953
-0.00939164843905122
-0.00948211367883273
-0.00973294735196162
-0.0100585322700952
-0.010342027167988
-0.0104704518464109
-0.0103728013469513
-0.010044051949598
-0.00954404359416679
-0.00897340309445325
-0.00843966532924489
-0.00802738251900722
-0.00777950922792675
-0.00769272651673058
-0.0077275484667437
-0.0078296068393504
-0.00795265703972048
-0.00807357106119453
-0.0081951441535502
-0.00833784424109992
-0.00852507949877507
-0.00876984214657818
-0.00907014305111022
-0.00941312571180162
-0.00978035521265085
-0.0101490722027365
-0.0104924708786377
-0.0107842422338084
-0.0110063129308089
-0.0111532204144812
-0.0112287897240018
-0.0112379161036642
-0.0111812780012034
-0.0110588555729871
-0.010879794883201
-0.0106689116166599
-0.0104625496359059
-0.0102968283178352
-0.0101973887900537
-0.0101751748680934
-0.0102257337457292
-0.0103295457994868
-0.0104551236138007
-0.0105669309728778
-0.0106364117628963
-0.01065191334097
-0.0106235014775016
-0.0105801306040372
-0.0105594863555372
-0.0105940320594168
-0.0106971666475004
-0.0108521071369717
-0.0110080971289006
-0.0110913644899435
-0.0110324684818482
-0.0107979518826652
-0.0104075525082309
-0.00992745101552299
-0.00944495450733949
-0.0090374657860883
-0.00874872968662612
-0.00858274823829541
-0.00851790405180157
-0.00853077164868768
-0.00861236429137666
-0.00876773328718077
-0.00900399213001445
-0.00931745512365694
-0.00968628980707422
-0.0100696291716425
-0.0104122408494018
-0.0106542161019281
-0.0107454465321698
-0.0106626774476451
-0.0104221426891104
-0.0100784037443685
-0.00970620494239285
-0.0093734319009186
-0.00911873513090765
-0.00894301073443464
-0.00881607602655007
-0.00869398605353122
-0.00853816874762697
-0.00832649680901118
-0.00805276931648826
-0.00772086515845518
-0.00734131754654163
-0.00692923655154491
-0.00649721790390146
-0.00604488422913648
-0.00555701060149734
-0.0050177547079208
-0.00443171225396777
-0.00383302762304918
-0.00327286783482528
-0.00279351969227425
-0.00240708033931302
-0.0020913058930156
-0.00180146394538956
-0.00148743297139836
-0.00110690518455366
-0.00063369328349133
-6.40527384901784e-05
0.000579609180406159
0.00125176533141295
0.00189515971079059
0.00245716546912906
0.00290542044183674
0.00323686755785878
0.00347501878859478
0.00365477000764459
0.00380272493220963
0.00392595231896516
0.00401641034341578
0.00406642853353005
0.00408367476183709
0.00409645959215397
0.00414754328977475
0.00428075825107558
0.00452674562740385
0.0048922078518067
0.00535472388662952
0.00586552586080883
0.00636302426786002
0.00679465877472192
0.00713605377013438
0.00739529347609883
0.00760080688417212
0.00778314478958558
0.00796155036661556
0.00813814307500031
0.00829738191639707
0.00841003387438507
0.00844276221863343
0.00837179865809253
0.00819461950379003
0.00793255970423519
0.00762217231932913
0.00730072002921553
0.00699474621609911
0.00671668188886434
0.00646759525278868
0.00624178159939972
0.00603110286192961
0.00582834611617238
0.00562820201368738
0.00542577521693546
0.0052158413705969
0.00499585735994118
0.00477078209063645
0.00455444294612704
0.00436478715082036
0.00421521287029342
0.00410664242747717
0.004025159947743
0.0039481330759743
0.00385618028253198
0.00374217158516302
0.00360923025412925
0.00345880102067017
0.00327915526254388
0.00304603131136842
0.00273890977190825
0.00236361036563325
0.00196482807440591
0.00161916747147874
0.0014137699086318
0.00142150235089151
0.001677830263729
0.00216172452588326
0.0027903290243915
0.00343980161861358
0.00398943215905691
0.00436547745706713
0.00455917027491888
0.00461340893321788
0.00459393337016603
0.00456443686689725
0.00457273095274262
0.00464276629944387
0.00476754566188002
0.0049076953073855
0.00500444142485373
0.00500521086285825
0.00488642903888702
0.00465947968808615
0.00436151296372264
0.00404329284733044
0.00376056000295581
0.00356496463909258
0.00349066698046605
0.00354112858392316
0.00368450453592416
0.00386076504864452
0.00399640652224782
0.00402077027960105
0.00388134501652933
0.00355822573354266
0.00307517079828393
0.00249869878197323
0.00191736817112128
0.00140650724256177
0.00099823675143276
0.000674842593203586
0.000385449804842172
7.16356704326667e-05
-0.000310141022044824
-0.000772904681126226
-0.00129283005540448
-0.00181710402540076
-0.00228583356453825
-0.00265784545517123
-0.00292691522479446
-0.00312145064184091
-0.00328983000529808
-0.0034795785800079
-0.00372009154761915
-0.00401525526689871
-0.00434581778199998
-0.00467716230076578
-0.00496910410015946
-0.0051865688454629
-0.00530953267912028
-0.00533917296834394
-0.0052977157637486
-0.00522145877262421
-0.00514898301077899
-0.00510951577862734
-0.0051169420079704
-0.00517053291981122
-0.00525854155164159
-0.00536171513866037
-0.00545780542253797
-0.00552791861863289
-0.00556181684215463
-0.00555887559177519
-0.0055248720738396
-0.00546700016333088
-0.00538934206051564
-0.00529060416596131
-0.00516466947280046
-0.00500244437256503
-0.00479396468673275
-0.00453200020559213
-0.00421670278007142
-0.00385664153640793
-0.00346347927849212
-0.00304450452041588
-0.00259828037917857
-0.00211354394865641
-0.0015715196421436
-0.000956276089544807
-0.000272826895905289
0.0004403368453457
0.00111854928793235
0.00169554110928685
0.00212867740846106
0.00241219169818884
0.00257710011094878
0.00268104583914607
0.0027913550412632
0.00296615536095825
0.00323897344081929
0.00361044789468141
0.00405059894952621
0.0045140198977637
0.00496217685038943
0.00537853966003084
0.00576733550685179
0.00614164150782938
0.00651264617758473
0.00688444296065755
0.00725202513859822
0.00760169195556212
0.00791427580719951
0.00816854401091481
0.00834287430140035
0.00841879876562164
0.00838929383659553
0.00826594206203007
0.0080755909208055
0.00784542199599489
0.00758535824972354
0.00727919256356404
0.00689224119221022
0.00639547926860566
0.00579398226540721
0.00514032344668305
0.00452278895994817
0.00403647900581358
0.00375282570367137
0.00369682377870013
0.0038364446947577
0.00409008431993161
0.00435387007482217
0.00453793705585483
0.00459284119770331
0.00451360256919757
0.00432328613645251
0.00404983985820608
0.00371253230282813
0.00332487203710613
0.00290548098912143
0.00248303103271032
0.00209239392033803
0.00177053357875001
0.00155674780284639
0.00149204678380263
0.00161379662914905
0.00194972341003012
0.00251455261002905
0.0033052896755894
0.0042918363836752
0.00540851066871154
0.0065559586944055
0.00761710399176269
0.00848235961310279
0.00907434752358921
0.00936222682674552
0.00936120327419203
0.00912063628425796
0.00870704957837398
0.00818623918389211
0.00760955945669571
0.00701265368784012
0.0064291756597925
0.00590800859074366
0.00551780561886262
0.00533513394211152
0.00542612119913945
0.00583088359450111
0.00655168794636056
0.00754364505969008
0.00871117206986672
0.00991644083010953
0.0110038553290014
0.0118370574278557
0.0123342610931604
0.0124836363036533
0.0123317000481894
0.0119550876722808
0.011431637549659
0.0108198436591869
0.0101509535010569
0.00943766903139256
0.00869659504837634
0.00796991881093788
0.00733092095030822
0.00687055250824821
0.00667350771979788
0.00679368105358396
0.00723691668156589
0.00795703346124942
0.00886544730102792
0.00984819543750187
0.0107849966001438
0.0115702485992744
0.0121346352444461
0.0124590627048753
0.012571898384185
0.0125292980938751
0.0123881509052579
0.0121852398534303
0.0119332326069528
0.0116330784075633
0.0112893336203217
0.0109148574279771
0.0105268508372249
0.0101468145393017
0.00980766157047032
0.00955713925900077
0.00944914395045082
0.00952790408825111
0.0098151770402547
0.0103055634696217
0.0109703996309203
0.0117679072480587
0.0126531523511567
0.0135818034448388
0.0145104076178821
0.015400862209782
0.0162280477934378
0.0169801267386459
0.0176480164615499
0.0182155462100738
0.0186622305679056
0.0189754026246616
0.0191586966243073
0.0192300228956714
0.0192129536242758
0.0191292447061866
0.0189978209204709
0.0188403331628141
0.0186869448448553
0.0185743909129829
0.0185363561970187
0.01859512846338
0.0187605455878398
0.0190315503188281
0.0193932251254778
0.0198110261702496
0.020230543563559
0.0205870734456358
0.0208209663956096
0.0208904744501741
0.0207752421955658
0.0204698895232098
0.0199757240355892
0.0193012140493311
0.0184723295907395
0.01754073506775
0.0165769864895625
0.0156493363471824
0.0148015518728946
0.0140433274173811
0.0133575881448285
0.0127194388330123
0.0121164641397855
0.0115607228510473
0.0110883904091214
0.0107492006053693
0.0105900856989971
0.0106370411577309
0.0108802732739058
0.0112692703474449
0.0117223118727253
0.0121485493644233
0.0124739177021842
0.0126588311400052
0.0126990560725102
0.0126114851333301
0.0124164887166323
0.0121280819146041
0.0117530577010873
0.0112929958557587
0.0107458604986612
0.0101093765312056
0.00938766116629138
0.00859832608584399
0.00777649121109338
0.00697436446346239
0.00625579746161455
0.00568542777013269
0.00531489513261733
0.00517171791941658
0.00525493506485739
0.00553697977079532
0.00596903839838383
0.0064884103368221
0.00702731147316627
0.00752149638495244
0.00791627634259864
0.00816862165781776
0.0082462609227703
0.00812683710957722
0.00780094899396066
0.00728049792420359
0.00660859913520903
0.00586354479342723
0.00515069951358588
0.00458215056718393
0.00425076990669257
0.00420920446576328
0.00446234924871496
0.00497459701872236
0.00568586958113179
0.00652834768892596
0.00743844073551146
0.00836209082689346
0.00925454219585165
0.0100781063670908
0.0108012791584692
0.011399343641524
0.0118544244683997
0.0121547271608869
0.0122946567043485
0.0122756421979254
0.012105344263046
0.0117957042618138
0.0113643899413207
0.0108415954108355
0.0102762861634517
0.00973341449501027
0.00928071924806517
0.00897231697570503
0.00883747293276543
0.00887760006168991
0.00906939319293845
0.00937108503994491
0.00973107403767258
0.0100995384756421
0.0104410533576433
0.0107422370417273
0.0110092432399508
0.0112563053218093
0.0114918295450898
0.0117079911851088
0.0118766727580302
0.0119532261661316
0.0118883675312695
0.0116448634324313
0.0112124170093051
0.0106153762526532
0.00991160554174228
0.00918273430238023
0.00851695878307519
0.0079889169824457
0.00764452485363233
0.00749654942837162
0.00752976374741654
0.0077095880629485
0.00798919550902127
0.00831463824483069
0.00863084626207534
0.00889050795206967
0.00906365085830254
0.00914272757326923
0.00914009207292899
0.00907960526456323
0.00898608460694778
0.00887520407314671
0.00874693758412821
0.00858741763091797
0.00838110030331984
0.00812707915974628
0.00784899352795898
0.00759269326101522
0.00741405300309497
0.00736308632040744
0.00746914129993025
0.00772963195609204
0.00810417851826742
0.00851731769269114
0.00887366080779514
0.0090849936221699
0.00909913758366201
0.00891472081739961
0.00857362070688944
0.00813855004526975
0.00767150923965414
0.00722292009556732
0.00682995812659212
0.00651716056995778
0.00629508259865515
0.0061587078141401
0.00609035813955391
0.00606838139913692
0.00607565883596278
0.00609982479582054
0.00612510681990459
0.00612618607937084
0.0060744975235818
0.00595526511048215
0.0057815287239923
0.00559158741793113
0.00542922067640634
0.00532141534214217
0.00527202550723883
0.00527522351863158
0.005331564760786
0.00544569194966458
0.0056064539850195
0.00577440050969204
0.0058975741038304
0.00594545685646444
0.00592838246447103
0.00588332602845823
0.00584184290260456
0.00581221295449408
0.00578837009696033
0.00576745975361081
0.00575174160814116
0.00573438066970794
0.00569211742705691
0.00560171254177756
0.00546867793014856
0.00534034173520642
0.00528950255191556
0.00538195219776346
0.00565136533643704
0.00609213413372337
0.00666361798974142
0.00729596949369318
0.00789696708703797
0.00836711973366992
0.00862640140764866
0.00864286316094097
0.00844433533685837
0.00810180710116606
0.00769379874895885
0.00727600285369229
0.00687419114510102
0.0064973138715217
0.00615290528051747
0.00585055143620285
0.00559425406880219
0.00537561790583379
0.00517783576300434
0.00498837035701884
0.00480834621721395
0.00465026597558539
0.00452905929712099
0.00445741616563876
0.00444692786689619
0.00450619571934134
0.00463185215245055
0.00480155229866404
0.00498003509558899
0.00513669542698058
0.0052614001215426
0.00536721453526731
0.00548032528705735
0.0056265161217468
0.00582297360213233
0.00607648698476561
0.00638309657701588
0.00672665344341677
0.00708057569471278
0.00741714605744594
0.00771966171150785
0.00798678583372898
0.00822528241888786
0.00843925067825737
0.00862669126137433
0.00878584346432786
0.00892417977876861
0.00906043832014052
0.0092157226102961
0.00939947057208938
0.00960186731406219
0.00979937362479528
0.00996842811248843
0.0100960003964363
0.010180094207529
0.0102225043316998
0.0102217930211255
0.0101731209533513
0.0100742664918322
0.00992997232183061
0.00974857049959515
0.00953545300105936
0.00929332004678653
0.00902968304634074
0.00876009912481675
0.00849967104779775
0.00825145847376391
0.00800606136278306
0.00775367868821758
0.00749582347733585
0.00724556173079815
0.00701826109139087
0.00682401502846358
0.00666999935600353
0.00656910312520296
0.006541256091584
0.00659819697490265
0.00672057162248909
0.00684950222601545
0.00690568054603669
0.00682512090759814
0.00658719627397822
0.00621979233619143
0.00578534268692226
0.00536105444685346
0.0050223689433201
0.00482963045089974
0.00481418429297137
0.00496522175244347
0.00522677170838749
0.00551387537130261
0.00574437462860442
0.00586945408078324
0.00588626752875246
0.00582889647163958
0.0057464122271753
0.00567982627201961
0.00564480884788083
0.00562112932125224
0.00554926805703219
0.00534015542701179
0.00490575489952227
0.00420531435223935
0.00328190281598342
0.00226070793341067
0.001305367004795
0.000559599716749572
0.000108012291991737
-3.13156458714019e-05
0.000105454712832621
0.000441885759178957
0.000871282694892422
0.00127120693468275
0.00153131702271331
0.00158897206380024
0.00145272367735678
0.00119668092905937
0.000927676710544691
0.000742379105962979
0.000689872592046886
0.000746890580929915
0.00081268212047488
0.000733753357537515
0.00036008415631761
-0.000385785161350939
-0.00145951124407152
-0.00269320409103712
-0.00384718080516916
-0.00469435800023924
-0.00509872951640559
-0.00505342091828222
-0.00466797891058133
-0.00411974947113275
-0.00359366042519205
-0.003230706710973
-0.00309827220596737
-0.00318740082139373
-0.00343230664858878
-0.00374090560195139
-0.00402644151104959
-0.00423504292674365
-0.00436558166531037
-0.00447622021667679
-0.00467099720765064
-0.00506399415524719
-0.00572957503246982
-0.00665956487814717
-0.00775023107605908
-0.00882797493921912
-0.009703076386813
-0.010230532721206
-0.0103581675124904
-0.0101469677777628
-0.00975428241631594
-0.00938097175123004
-0.00919836377150579
-0.00928246914617492
-0.00958438775517023
-0.0099537606863176
-0.010207194374884
-0.0102079726308968
-0.0099182247232671
-0.00940597319155337
-0.00881562870619134
-0.00831957692214792
-0.00806517300026889
-0.00813097078333789
-0.00850654918377707
-0.00910162736128944
-0.00977705633843169
-0.0103856260128051
-0.0108134529440981
-0.0110126906647432
-0.0110139818425373
-0.0109114017560163
-0.0108235098181834
-0.0108436609664659
-0.0109980587714709
-0.0112305556064263
-0.0114240303966791
-0.011450027812582
-0.0112240658375177
-0.0107433153070952
-0.0100918419284107
-0.00941025626223569
-0.00884211584957794
-0.00848337752099195
-0.00835898991009239
-0.00843048973899001
-0.00862038826230829
-0.00883939807184979
-0.0090120564582207
-0.00909820090259233
-0.00910280323347648
-0.00906710135017522
-0.00904289506559445
-0.00906194314724348
-0.00911689091321736
-0.00916550133035587
-0.00915557843079865
-0.0090525720736505
-0.00885093905311122
-0.00856707043824855
-0.00822789634338895
-0.00786713377808842
-0.00752616896911375
-0.00724879813563491
-0.00706630229230672
-0.00698146654202166
-0.00696474113314976
-0.00696874775872705
-0.00695321790528247
-0.00690274591354458
-0.00682562515187309
-0.00673962393763425
-0.00666054178014136
-0.00660043473769269
-0.00656746377837602
-0.0065585477106254
-0.00654981132904564
-0.00649955576769709
-0.00637046592886656
-0.0061584967337193
-0.00590455315728168
-0.00567511202222697
-0.00552322812259224
-0.00545903326170807
-0.00545060576903773
-0.00544958660965874
-0.00541825130717627
-0.00534145668810429
-0.00522521595166431
-0.00509183635775305
-0.00497548645941135
-0.00491476069864361
-0.00494038493506711
-0.00506324586611592
-0.0052702773651409
-0.00552926381762313
-0.00579610701586392
-0.00602015633286175
-0.00615209807161661
-0.00615949132930316
-0.00604243285802241
-0.00583295317774596
-0.00557300894873286
-0.0052874156724851
-0.00497443321589213
-0.00462030208814891
-0.00422301723335221
-0.00380516638661038
-0.00340742967661333
-0.00307011770877049
-0.00281659371570252
-0.00264662983225483
-0.00253841969897582
-0.00245576533767828
-0.00236106942024048
-0.00223422290706697
-0.002088739103856
-0.00197129168468419
-0.00193983351204616
-0.00203176728678515
-0.00224105092730374
-0.00251595530845523
-0.00277582551628807
-0.00293624937248698
-0.00293179945723346
-0.00273156096555808
-0.00234804896809037
-0.00183910743070843
-0.00129803695212003
-0.000828961237711914
-0.00051447091402041
-0.000390416642078608
-0.000438704108794124
-0.000597513550276687
-0.000781473478923573
-0.000905586725031446
-0.000909359994642091
-0.000775943560825602
-0.000537738284938041
-0.000261854963366794
-1.90627051432976e-05
0.000148069029609848
0.000240311574010479
0.000294923940105698
0.000366312958226633
0.000506900005069174
0.000752815231609483
0.00111249026761137
0.00155899157799667
0.00203264889208691
0.00245822622360627
0.0027701453961471
0.00293168418629626
0.00293910514066227
0.0028147500354783
0.00260023926561447
0.00235423664585072
0.00214704197256337
0.00204283896617525
0.00207386926702209
0.00222365279291237
0.00243251418017815
0.00262211024243769
0.00272385957872774
0.00269803649637403
0.00253982004844389
0.00227628362596934
0.001959703447083
0.00165818559128843
0.00143985139353113
0.00134974701955476
0.00138944601938241
0.00151486351624007
0.0016572252249047
0.00175446817625377
0.00177426403101984
0.00171915579590761
0.00161656831401924
0.00150224318477549
0.00140561640856303
0.00134201283865392
0.00131068106786686
0.00129455280882572
0.00126091727562189
0.00116690248699944
0.000972121780676708
0.000654392929086536
0.000220722386675648
-0.000292273369597888
-0.000829556312446015
-0.00133640487693818
-0.00177669773237532
-0.00214272334810635
-0.00245320172977427
-0.0027417925452225
-0.00304124993211245
-0.00336940140402657
-0.00372333049286491
-0.0040850605653279
-0.00443485053100106
-0.00476259108448676
-0.00506983087462284
-0.00536277684714888
-0.00564286776816181
-0.00590209911078192
-0.00612631943215276
-0.00630404035036341
-0.00643421457977058
-0.00652732161499949
-0.0065997178473773
-0.00666628104540622
-0.00673625911756867
-0.00681314546024791
-0.00689582811641771
-0.00697810177077868
-0.0070474550871616
-0.0070889124162003
-0.00709813073773423
-0.00709682421405008
-0.00713462188451795
-0.00726959018112332
-0.00753912451355041
-0.00794096600171394
-0.00843249265344106
-0.0089424401146153
-0.00938870065401892
-0.00970196811279394
-0.00985327794546934
-0.00987470213577299
-0.00985879725498308
-0.00993003001781931
-0.0101961799884467
-0.0107009556054714
-0.0114012556262057
-0.0121797462482347
-0.0128848240657873
-0.0133803397113935
-0.0135895252273911
-0.0135216101491954
-0.0132709515660051
-0.0129841556188374
-0.0128046805380927
-0.0128178823208166
-0.0130208846805869
-0.0133296563609605
-0.0136179354944993
-0.0137688896377726
-0.0137180115776137
-0.0134745557987297
-0.0131192635756409
-0.0127798473940342
-0.0125870937236742
-0.012622627282415
-0.0128804225001419
-0.0132633177547683
-0.013618605509709
-0.0137962572454213
-0.0137040215187509
-0.0133380965782469
-0.0127807222442812
-0.0121699424494723
-0.0116550399425449
-0.0113509703423268
-0.0113023901894507
-0.0114686493246799
-0.0117398430712101
-0.0119814840485339
-0.0120874713626973
-0.0120157947393731
-0.0117947991829451
-0.0115054151355135
-0.0112513695194165
-0.0111262746144817
-0.0111837159887135
-0.0114178337680321
-0.0117631149604557
-0.0121175691860085
-0.0123819907123428
-0.0124967338018586
-0.0124578770008957
-0.0123088969578399
-0.012118784094287
-0.0119595802558408
-0.0118882147692294
-0.0119316078168116
-0.0120758257351656
-0.0122649561958363
-0.0124162235286919
-0.0124506503009623
-0.0123261253495334
-0.0120536616340481
-0.0116878245353704
-0.0113012346507373
-0.0109610887532701
-0.0107164079594965
-0.0105929454940725
-0.0105917908897543
-0.0106925964382515
-0.0108619827785048
-0.0110628560804714
-0.0112595928144863
-0.0114193566447197
-0.0115146752823167
-0.0115304250103198
-0.0114707697686177
-0.011357330760033
-0.0112161862841472
-0.0110625100755867
-0.010893767367555
-0.0106929676073542
-0.0104364956817524
-0.0101048737252744
-0.00969837937532135
-0.00925210476038957
-0.00883692474344222
-0.00853950811044753
-0.00843106050048562
-0.00854218408860212
-0.0088540947066039
-0.00930580867711919
-0.00981246548531397
-0.0102896645658097
-0.0106775767786218
-0.0109567942282619
-0.0111486060069961
-0.0112978200637926
-0.0114453725983486
-0.0116048956228072
-0.0117553031403394
-0.011851497213283
-0.0118465523182766
-0.011715985278419
-0.0114744376785281
-0.0111763867002262
-0.0108998871058447
-0.0107228291389985
-0.0107030055897104
-0.0108649700586408
-0.0111922625927087
-0.0116294608482039
-0.0121009214793874
-0.0125410636653541
-0.01291754864971
-0.0132328153547206
-0.0135077116561418
-0.0137627258434383
-0.0140077108042522
-0.0142397546956081
-0.0144440496537399
-0.0145962957445179
-0.0146696851153282
-0.0146473042530637
-0.0145333865095583
-0.0143542987774014
-0.014148328172276
-0.0139537839781893
-0.0138045024245069
-0.0137312698631869
-0.0137610761171198
-0.0139110311253055
-0.014181924710242
-0.0145573356419923
-0.0150086939600828
-0.0155019684608271
-0.0160013599841877
-0.0164689465705728
-0.0168640347992209
-0.0171473448546396
-0.0172903500236109
-0.0172837428421134
-0.0171387860742943
-0.016881663734908
-0.0165463466427191
-0.0161703236576501
-0.0157923629113555
-0.0154485325778865
-0.0151648884669112
-0.0149501868505408
-0.0147946340408037
-0.0146771587341966
-0.014576154060882
-0.0144753993926455
-0.0143627675450136
-0.0142276292073801
-0.0140632139342848
-0.0138726002613245
-0.0136711247740688
-0.0134800627393328
-0.0133136036607757
-0.0131671387095396
-0.0130153598221549
-0.0128225602612695
-0.0125585528571532
-0.0122096941723696
-0.01177999393547
-0.0112861634853163
-0.0107526604634825
-0.0102075170784609
-0.00967595935994071
-0.00917189143399167
-0.00869225953216416
-0.00821930490881045
-0.00773071089584286
-0.00721233628951125
-0.00666663496383172
-0.0061131185605337
-0.00558249889782278
-0.00510835055846702
-0.0047181505643365
-0.00442423015632109
-0.00421741049158164
-0.00406756737727816
-0.00393193174828047
-0.00376701915706948
-0.00353918807179732
-0.00323136928094702
-0.00284550465892123
-0.00240078027422373
-0.00192818859542973
-0.00146247219624419
-0.00103298581380982
-0.000655968243131034
-0.000331301219175496
-4.55921926843556e-05
0.000218989595835886
0.00047305607341347
0.000711083029101375
0.000912097776755782
0.00105233655060855
0.00112248208123583
0.0011366310612778
0.00112656907722907
0.00112724284125228
0.00116432175138167
0.00124872511616318
0.00137526174671647
0.00152206344597982
0.001652485336826
0.00172359235955332
0.00170123053241148
0.00157479592381273
0.00136291657721405
0.00110759125673114
0.000862186898800474
0.000678992542264575
0.000596734937164472
0.00062810837326557
0.000753395586193206
0.00092745506119536
0.00109835068148753
0.00122678564678453
0.00129640680600394
0.00131254768924279
0.00129274272955241
0.00125467283474113
0.00120747017597513
0.00114970681121344
0.00107300135652684
0.000968069255853019
0.000830676544859224
0.000665138043526239
0.000483373564542817
0.000301057474584693
0.000135411019708825
5.37677674076157e-06
-7.13712907364201e-05
-8.77890312117093e-05
-5.64746396165974e-05
-7.96765860128114e-06
2.36759959766591e-05
1.97077861701727e-05
-1.11421596949909e-05
-3.41755205672873e-05
-3.68572431837278e-06
0.000116907303866249
0.000340673632656188
0.000652768969989204
0.00101248412753386
0.0013595981679222
0.0016278925765887
0.00176513370949551
0.00175024747040971
0.00159851597033898
0.00135423577347544
0.00107526946714534
0.000813615637001066
0.000598302917810415
0.000429433098692463
0.00028645196458656
0.000144007193523145
-1.3035996990484e-05
-0.000179261316368577
-0.000326428725375112
-0.000414307840878521
-0.000412885086763282
-0.000322581451685398
-0.000178347527089601
-3.63909362430661e-05
4.5982270397923e-05
2.68859161082533e-05
-0.0001111441840613
-0.000358653691715753
-0.000681285641274605
-0.00102610970442485
-0.00133388551833295
-0.00155602187619542
-0.00166829092353592
-0.00167253827842985
-0.00158724620011697
-0.00143672204288849
-0.00124542627962575
-0.0010351056495524
-0.000821708973339935
-0.000614890505375978
-0.000422758926507773
-0.000257635144205097
-0.00013647880243185
-7.58219463809765e-05
-8.61834453791061e-05
-0.000169131418600565
-0.00031646898959241
-0.000510864533408967
-0.000728725115677693
-0.000945378238313111
-0.00113999116634258
-0.00129644952089134
-0.00139943138867892
-0.00143096702297866
-0.00137492902729639
-0.00122928868064191
-0.00101502776796257
-0.000770826280281982
-0.000536294092774976
-0.000337475324773433
-0.000183776101234112
-7.32782125696099e-05
9.98402631693198e-07
4.65592014446195e-05
6.72986461508812e-05
5.96010574745489e-05
1.09383964269804e-05
-9.64197370009895e-05
-0.000276392292592697
-0.000529817335029549
-0.000843462351550403
-0.00119984314209572
-0.00158797648545862
-0.00200278007370255
-0.00243487648873461
-0.00286532666009226
-0.00327333794745705
-0.00364834466308478
-0.00399331673732717
-0.00431707923612527
-0.00462374083306548
-0.00490682697966569
-0.00514972753930177
-0.00533061899725019
-0.0054299259423794
-0.00543852246903086
-0.0053637929901143
-0.00522967664079506
-0.00506844883775988
-0.00490712395304686
-0.00475636102775289
-0.00460890882668383
-0.0044476848187125
-0.00425734520078954
-0.00403271486647234
-0.00378055392147604
-0.00351468387352999
-0.00324843089505498
-0.00299037950548963
-0.00274538772786955
-0.00251612383172249
-0.00230039238347195
-0.00208668494086775
-0.00185447035871353
-0.00158160823669642
-0.0012551429112806
-0.000879496823985625
-0.000476903029170875
-7.81194293571953e-05
0.000292051164928975
0.000624951659570751
0.000928229622153819
0.00121922477220721
0.00151749464557177
0.00183702993188108
0.00217654472973247
0.00251233767237691
0.00280274961637913
0.00300704693124857
0.00310958294067744
0.00313365717193125
0.00313395865302747
0.00316959821669085
0.00327368348913094
0.00343893690293318
0.00362683263784788
0.00379018977526404
0.00389267462569895
0.00391699555750886
0.00386468054260043
0.00375308939473074
0.00361104907844184
0.0034709655714496
0.00335689729622015
0.00327361546724506
0.00320543687519695
0.00312908343954988
0.00303292058008417
0.00292731738794
0.00283771773138066
0.0027874068888539
0.0027846760470197
0.0028225237170119
0.00288731887329543
0.00296738932058372
0.00305561507199375
0.00314698245845596
0.0032363845608233
0.00331981138860953
0.00339617573358034
0.00346548307075532
0.00352464365353786
0.00356681135493945
0.00358619165629351
0.00358291628312784
0.0035622230524616
0.00352919629388886
0.00348551852594861
0.00343231622638469
0.00337655971765466
0.00333420712843808
0.00332506621317764
0.00336096591481302
0.00343486841495943
0.00351872491910571
0.00357242275351204
0.00356002430943044
0.00346608686996895
0.00330423022231841
0.00311272864254485
0.00293854271338288
0.00281827761293277
0.00276551931108551
0.00276822977883022
0.00279453904423517
0.0028049981353797
0.0027697076844554
0.00268464672337794
0.00257713421835676
0.00249388474075963
0.00247664505896826
0.00254034787767832
0.00266782261477124
0.00282324289366318
0.00297313785309223
0.00310038355195563
0.00320553437698629
0.0033009452357618
0.00340465095022912
0.00353406557056973
0.00369623758817069
0.00387745311425179
0.00404178534847416
0.0041448251816895
0.00415687654824351
0.00408110569500061
0.0039546168284548
0.0038316915052924
0.00375976088933208
0.00376238585342537
0.00383742710691563
0.00396751200465214
0.00413258854273965
0.00431615392904764
0.00450474797577442
0.00468649943666243
0.00485341068291475
0.00500535183642
0.00514890769292905
0.00528794637150265
0.00541286699490862
0.00550047521402325
0.00552795940377282
0.00548976840845262
0.00540200433488829
0.00529078151351281
0.00517559467100989
0.00506070746332122
0.00493777774877248
0.00479421721726471
0.00462131801478456
0.00442001953040406
0.00420439585138853
0.00400209978684698
0.00384908231393741
0.00377658398856875
0.00379414307083506
0.00387917441991535
0.00398270034859778
0.00404968117773408
0.00404083821129623
0.00394249954268688
0.00376198416247637
0.00351742817735486
0.00323248930951417
0.00293775128098736
0.00267110903785179
0.00246923129874248
0.00235234950991275
0.00231422413540964
0.00232647508596986
0.00235342336017049
0.00236474301701
0.00233833646438128
0.00225794943984178
0.00211472100784986
0.00191481663789938
0.00168573134922016
0.00147231868197964
0.00132120936836291
0.00126172440424702
0.00129466861619699
0.00139506735882187
0.00152566513064892
0.00165265749116391
0.00175706239117853
0.00184006249203284
0.00192265972069233
0.00203914369424035
0.0022247014094179
0.00250130640386829
0.00286872255758175
0.00330507747066743
0.00377536656221662
0.00424199415090087
0.0046728702194507
0.0050470986559002
0.0053595994316858
0.00562250349611317
0.00585908538680413
0.00609088086756973
0.00632611006046753
0.00655790009990534
0.00677228357953854
0.00695774022108536
0.00710871226823343
0.00722292624454677
0.00729779705298108
0.00733013504733288
0.00731886820460805
0.00726773461005537
0.00718564518603683
0.00708470144109083
0.00697708862555629
0.006871601531607
0.0067699437092579
0.00666375236384966
0.00653483414292998
0.00636095056846976
0.00612630357476327
0.00583102647300775
0.00549166096470988
0.00512940506488606
0.00475369198532994
0.00435523985695963
0.00391567246646419
0.00342557186407671
0.00289592146646886
0.00235637620584302
0.00184632418602822
0.00140729073968353
0.001078348153214
0.000890690414237864
0.000859443559023886
0.000976494774904514
0.00121085439806572
0.00151909345514787
0.00186029840219011
0.00220621967065133
0.00254315449504038
0.00287031827214828
0.00319862462475824
0.00354648927211142
0.00392912868077954
0.00434696135066802
0.00478331953260551
0.00521404437726035
0.00562126305912799
0.00600178616625029
0.00636629748116672
0.00673236817490517
0.00711785786957822
0.00753894618014401
0.00801059744042878
0.00854415624646371
0.00914118888241377
0.00978838114822402
0.010457622713981
0.0111105786477371
0.0117051516108988
0.0122028866074414
0.0125771997670651
0.0128215334731929
0.0129559383949837
0.0130290115474269
0.0131095508682424
0.0132647476938395
0.0135321836163071
0.0139016568031674
0.0143183655963233
0.014704714067175
0.0149882050132048
0.015123986199692
0.0151066526961897
0.0149701047656725
0.0147761418353675
0.0145942152033652
0.0144775489597656
0.0144444444130628
0.0144746778782864
0.0145243798962415
0.0145504569697711
0.0145291332289596
0.0144601777151297
0.014360435068429
0.0142543308134778
0.0141652212849755
0.0141087261599697
0.0140892550453298
0.0140995368906145
0.0141213512716828
0.0141276710845629
0.0140883466868593
0.0139780415272689
0.0137813354126185
0.0134934191106085
0.0131211286543006
0.0126878059959936
0.0122375033394284
0.0118299058526916
0.01152212470673
0.0113433537091399
0.0112767658596947
0.0112627924786322
0.0112250669381963
0.0111033522058929
0.0108737385024648
0.0105493961162905
0.010169244977872
0.00978309449166127
0.00943571910276232
0.00915119206678245
0.00892270467543563
0.00871403837501787
0.00847415205557634
0.00815936891161315
0.0077524195933751
0.00726851709988456
0.00674741857357343
0.00623944296356439
0.00579242534904528
0.00543904189941417
0.00518368682542749
0.00499671114215053
0.0048261721005337
0.00462502301315352
0.00437742003872951
0.00410743356571996
0.00386626486522562
0.00370760144158052
0.00366575630284992
0.00374609506616013
0.0039265564522347
0.0041628014743091
0.00439422708828944
0.00455579781109177
0.00459777176557489
0.00450411309985252
0.00429711195525705
0.00402600789371201
0.0037482695257713
0.00351287738401575
0.00334964414335821
0.00326484146048017
0.00324214698647231
0.00324810958819172
0.00324249662279616
0.00319284295125733
0.00308764070441415
0.00294036488920935
0.00278294986573981
0.0026554419667595
0.00259704926331909
0.0026362623630607
0.0027782449301067
0.00299702128752076
0.00324240053873417
0.00346007079221859
0.00361165893375468
0.00368367302604825
0.00368532926779084
0.0036419804921861
0.00358888793613084
0.00356466866973299
0.00360149260780229
0.00371283979780144
0.00388543746609507
0.00408188125143611
0.00425312823816426
0.00435440535739957
0.00436011578837128
0.00427662346260753
0.00414863876487837
0.00405052479473665
0.00405919089175074
0.00421916121436002
0.00451921307370419
0.00489465000146002
0.00525448948789936
0.00551948686209401
0.0056528297727888
0.00567186292161386
0.00564016754963211
0.00564562457623125
0.00577012471832992
0.00605770830744357
0.00649320063042407
0.00700430650407378
0.00748940246952595
0.00785813643576917
0.00806558344269674
0.00812620565933008
0.00810451351805214
0.00808888794448491
0.00816020828910312
0.00836572583550161
0.00870352056929421
0.00912021532173197
0.00952502614533811
0.00981955071059584
0.00993287943032738
0.00984546795724069
0.00959141436537314
0.00924210757661532
0.00888257389199641
0.00859058750355055
0.00842222913414314
0.00840237344935663
0.00851834331868835
0.00871958156726354
0.00893012413380434
0.00907632883855641
0.00911989024092985
0.00907727773663784
0.00901243899718014
0.00900631993403714
0.00912009232923808
0.00936996472702701
0.00972272337156631
0.010110018348258
0.0104519085419791
0.0106797107707822
0.0107530697325584
0.0106698436992311
0.0104664037892402
0.010205222061613
0.00995212315574626
0.00975396875520272
0.00962917395436286
0.00957466055033941
0.00958077908144107
0.00964105249331387
0.00975064141579585
0.00989969684590503
0.0100724823994152
0.0102545456792745
0.0104384454951809
0.0106188738445431
0.0107807020686822
0.0108928581102088
0.0109163022741029
0.0108223034171756
0.0106098027941478
0.0103111273202108
0.00998085527379505
0.00967193027334548
0.00941296145611776
0.00920213016921234
0.00902118593873611
0.0088567715556948
0.00871127928992121
0.00859605218945129
0.00851537263149329
0.00845668854264971
0.00839593440839803
0.00831279773141622
0.00820203560422865
0.00807175557019638
0.0079322042211332
0.00778525867070459
0.00762075702042186
0.00741923102705029
0.00715857841602391
0.00682248253255534
0.00640758985028429
0.00592655133789539
0.00540643768849075
0.00488367330619195
0.00439619497358971
0.003974243083168
0.00363350520538646
0.00337385333556311
0.0031828966010431
0.00304125446434646
0.00292803159722333
0.00282638911638694
0.00272801093342667
0.00263445771223744
0.00255489911819965
0.00250197245445606
0.00248887660268625
0.00253014976723992
0.0026442172447917
0.00285013304562178
0.00315276424086232
0.00352354855273994
0.0038953170112968
0.00418345308691019
0.00432498810789388
0.00431218150415331
0.00420011156501789
0.00408311540722068
0.00405140924546054
0.00414981068323072
0.004359716737383
0.00461172513387162
0.00481861202127935
0.00491054226311117
0.0048594636412012
0.00468826947787506
0.00446450140595605
0.00427956512662313
0.00421745466302894
0.00432244013293328
0.0045792662707269
0.00491700363656611
0.00523657938842102
0.00544798240527114
0.00549784735754685
0.00537670080979245
0.00510901540152442
0.00473629121892245
0.00430173991849597
0.00384102696443244
0.00338015586737208
0.00293772507395542
0.00252603265918618
0.00214798756618664
0.00179328706183385
0.00144089973972743
0.00107138657069643
0.000684509523723435
0.000310671794431193
4.87559911407999e-06
-0.000178130949982279
-0.000214696713753378
-0.000130403005959344
4.7656432968617e-06
0.00010006209127503
7.42330665024115e-05
-0.000119123850193278
-0.00047889351974518
-0.000960280345961478
-0.00149316284917158
-0.00200642641933937
-0.00244735240525633
-0.00278941401143354
-0.00302959388687912
-0.00318188075049492
-0.00327267871138863
-0.00333721773601744
-0.0034111800001439
-0.00351614306682523
-0.00364720608932461
-0.00377339567011719
-0.00385172541351018
-0.00384525229402209
-0.00373530668925788
-0.00352522166611043
-0.00323764836293892
-0.00290755654526402
-0.00257236854575788
-0.00226132260600015
-0.00198726894962288
-0.00174500353929979
-0.00151895569900283
-0.00129716139302131
-0.00108164948647203
-0.000886528929793545
-0.000725927964409819
-0.000603454941425004
-0.000511931346401795
-0.000440360186382314
-0.000378504045725719
-0.00031494570690627
-0.000233971137244138
-0.000118082319586529
4.4705265400133e-05
0.000256355632597509
0.000512105541935216
0.000807971896725107
0.00114482607551042
0.00152646560576488
0.00195623832355093
0.00243675269274431
0.00297103912869358
0.00356026410733828
0.00419679001244394
0.00485651564191059
0.00549529890480338
0.00605220612467147
0.00646084187785019
0.0066680973439931
0.00665489306237776
0.00644855959736077
0.00611763810887098
0.00574900635748024
0.00541830432063887
0.00516867718092274
0.00500647612641624
0.00491157362161196
0.00485365165776922
0.00480726157682389
0.00476245824546876
0.00472912847774671
0.00473289777766289
0.00480259893300356
0.004953852151294
0.00517669251779608
0.00543412786913208
0.00567265023249309
0.00583841486793541
0.00588997643390079
0.0058031024704375
0.00557053456850769
0.00520191457070558
0.00472517859735763
0.00418618839522871
0.00364257532308102
0.00315063061371387
0.00274938638023435
0.00245077309060011
0.00224273470289813
0.00210256418286237
0.00201077166769874
0.00195958990480047
0.00195698551567877
0.00202568518559939
0.00219245258969778
0.00246837088552927
0.00283259954172234
0.00323303844636068
0.00360363583294473
0.00388546251137569
0.00403990794535799
0.00405209771255891
0.00392905921353998
0.00369677283743085
0.00339655709345325
0.00307843738086639
0.00279064888565803
0.00256960209396813
0.00243636018295626
0.00239958472072896
0.00245864053932361
0.00260333294778134
0.00281411947439075
0.00306733876819553
0.00334352852356371
0.00363261009650291
0.00393232443057469
0.00424209829835206
0.00455818221397133
0.00487409188393478
0.00518370641477253
0.00548029386779509
0.00575040837085656
0.0059707975122196
0.00611532614563147
0.00616777771417571
0.00613092484802657
0.00602872573606444
0.00590436702357503
0.00581322447704336
0.00580639398369353
0.00590768269289284
0.00609723347732248
0.00631458600244899
0.00648293326105164
0.00654439738954043
0.00648915412876878
0.00636168883639992
0.00623846082618026
0.00618866985447479
0.00623984183390123
0.00636448978398717
0.0064908787086002
0.00653116374600523
0.00641564847414455
0.00612014836643237
0.00567561960687999
0.00515620762156223
0.00465020417086082
0.00422486389542622
0.00389993529321551
0.00364313928235052
0.00338971712179528
0.0030729155452233
0.00264734746629732
0.00209804532401208
0.0014412056954991
0.000722997645053454
1.39914171851234e-05
-0.000606424055827876
-0.0010744619889354
-0.00136590527494798
-0.00150812438917672
-0.00157251465377512
-0.0016482372140785
-0.00180839675495657
-0.00208443182414943
-0.00245877276821261
-0.00287537309418498
-0.00326159868866074
-0.00355442752292984
-0.00372452991683226
-0.00379163679696819
-0.00382477704450676
-0.00392314350473796
-0.00418003781443043
-0.00464324649156115
-0.00529181951911222
-0.00604201641440117
-0.00677809320951107
-0.00739180674884467
-0.00781545181841134
-0.00803977207471444
-0.00811250285894428
-0.0081173555837487
-0.00814034582438686
-0.00823710754873772
-0.00841523104565614
-0.00863846365890697
-0.00884888178395786
-0.00899501353796682
-0.00905299981984049
-0.00903373755467253
-0.00897618378128695
-0.00893114844101151
-0.00894148230133083
-0.00902580413768266
-0.00917277259673945
-0.00934859330136081
-0.00951315582406876
-0.0096355824171059
-0.00970176837395554
-0.00971246122686088
-0.00967561191441617
-0.00959820905324896
-0.00948105326128009
-0.00931769330945206
-0.00909790689927596
-0.00881508249029953
-0.00847384704089753
-0.00809227789453495
-0.00769635190642957
-0.00731070128674983
-0.00695219728046345
-0.00662910268820675
-0.00634355328599195
-0.00609380281626881
-0.00587455457245395
-0.00567610059305502
-0.00548445889167945
-0.00528427195282414
-0.00506366624585897
-0.00481836840515333
-0.00455381619398951
-0.00428565894902424
-0.00403661699453361
-0.00382555520028943
-0.00365083430929305
-0.00348059376898385
-0.00326305045238573
-0.00295516016484598
-0.0025514606853335
-0.00209307421327721
-0.00165145306505461
-0.00129908770070087
-0.00108490479021249
-0.00102284212256194
-0.00109082562347734
-0.00123714924427206
-0.00139743886629704
-0.00152201354409274
-0.00159971923931265
-0.00166007042205269
-0.00175212995457647
-0.00191832158654697
-0.00218055907493637
-0.00253831966015046
-0.0029682631915853
-0.00342330729770385
-0.00384037152569138
-0.00416294716884695
-0.00436982462261786
-0.00449117681318141
-0.00459872907072573
-0.00477378399441192
-0.00507119257620818
-0.00549795329035124
-0.00601426436995339
-0.00655357181905124
-0.00705211496655822
-0.00747515256085411
-0.00782706667697396
-0.00814141421844723
-0.00846092635681134
-0.00882159495074724
-0.00924477816081501
-0.00973181228523431
-0.0102592700470922
-0.010780984996221
-0.0112411825773689
-0.0115938063288734
-0.0118184836282606
-0.0119269698974957
-0.0119593714121144
-0.0119723137334762
-0.0120216844615038
-0.0121433130593873
-0.0123382829206462
-0.0125724434439931
-0.0127941144941381
-0.0129601195378634
-0.0130528780248062
-0.0130810028015339
-0.0130710210502011
-0.0130596998330004
-0.0130865113013016
-0.0131813619174913
-0.0133498227656988
-0.0135654073692539
-0.0137763012735547
-0.0139248784667115
-0.0139698958034103
-0.0138994557146721
-0.0137299990221798
-0.013496906033124
-0.0132445058131629
-0.0130160562268388
-0.0128406431566266
-0.0127214881567082
-0.0126367129423646
-0.0125558085657214
-0.0124605073212632
-0.0123550637238983
-0.0122609504595265
-0.0122028211931395
-0.0121968572102317
-0.012247941235988
-0.0123524281983888
-0.0124980448506395
-0.0126591874407356
-0.0127966804614612
-0.0128694640652054
-0.0128519014499644
-0.012743348922985
-0.0125651699400879
-0.0123507959378956
-0.0121344485919569
-0.0119403421754738
-0.0117754823094316
-0.0116307478705129
-0.0114903041479426
-0.0113432149969469
-0.0111900663808901
-0.0110408784952783
-0.0109060674856766
-0.0107876913567214
-0.0106782651416631
-0.0105670464550087
-0.0104478541926783
-0.0103252611083608
-0.0102191539750722
-0.0101629437662992
-0.0101883345952523
-0.0103012069235691
-0.0104669319952735
-0.0106192705892454
-0.0106887915364368
-0.0106348621878853
-0.0104657805057495
-0.0102367739092184
-0.010024726058585
-0.00989295588280329
-0.0098667796360373
-0.00993016370663975
-0.0100380340706333
-0.0101357031353865
-0.0101813218763607
-0.0101646079511912
-0.0101103950846134
-0.0100630968404359
-0.0100624971742806
-0.0101248821224807
-0.0102357350717974
-0.0103541076891732
-0.0104269295565168
-0.0104077255010382
-0.0102713978062813
-0.0100209989755618
-0.00968761378025411
-0.00932315295005279
-0.00898522712406158
-0.00872034728211814
-0.00855577062869453
-0.00850124498400333
-0.00855199362472018
-0.00868895115414081
-0.00888245085370785
-0.0091033060257749
-0.00933461713601893
-0.00957575240630669
-0.0098372504639423
-0.0101295076068854
-0.0104482136182752
-0.0107632049249259
-0.0110208299189277
-0.0111631926704664
-0.011154847845102
-0.0110020590756288
-0.010754667247045
-0.0104893539949614
-0.0102824705697233
-0.0101879588709733
-0.0102322503403468
-0.0104217947480797
-0.010747685200389
-0.0111815910873638
-0.0116755332223468
-0.0121786730043964
-0.0126644618533495
-0.0131457852917804
-0.0136627801833297
-0.0142497977934726
-0.0149036998184875
-0.015573315428291
-0.0161733975280467
-0.0166108218637304
-0.0168093475082221
-0.0167291129647217
-0.0163822434222728
-0.015839969588492
-0.015221880458826
-0.014665393833171
-0.0142857394681204
-0.014141244619599
-0.0142161249029668
-0.0144290438601638
-0.0146678475084769
-0.0148372894080617
-0.0148973558827097
-0.0148747361170515
-0.0148440270273491
-0.0148876220842697
-0.0150509286675683
-0.0153126745484195
-0.0155845552950382
-0.015740110614794
-0.0156593535009873
-0.0152721077432778
-0.0145864103297997
-0.0136921961561011
-0.0127357912227746
-0.0118712530720302
-0.01120677811785
-0.0107696610161951
-0.010506687941496
-0.0103198791233932
-0.0101182228384407
-0.00985783884068186
-0.00955359986960307
-0.00926477467732803
-0.00906767066002837
-0.00902552608828838
-0.0091617203003847
-0.00944394377496581
-0.00978811869680279
-0.0100845320811913
-0.0102371018207645
-0.0101976715516299
-0.00997800938286817
-0.0096355684774054
-0.0092465630869401
-0.00888433693439145
-0.00860746914137431
-0.00844922871766467
-0.0084057737030575
-0.00843476937833401
-0.00847511713082472
-0.00847987664280729
-0.00843980703497773
-0.00838088486181688
-0.00834014347963833
-0.00834122927346868
-0.00838855141615664
-0.00847820244836792
-0.00860644239732527
-0.00876380317295675
-0.0089263808635288
-0.0090627842198131
-0.00915338684900569
-0.00919837628553988
-0.00920350335330399
-0.00916175007050591
-0.00905454487099439
-0.00887048727631514
-0.00861753521014504
-0.00831351481390208
-0.00796657546752159
-0.00756946009270637
-0.00711570425365214
-0.00662019310012591
-0.00612057622762982
-0.00565772340918138
-0.00525681636476526
-0.00492673923685884
-0.00467069175829256
-0.00448889467721551
-0.00436883623938408
-0.00427767209067849
-0.00417094727496989
-0.00401480433519772
-0.00380446714267086
-0.00356258464430415
-0.00331673980496512
-0.00307440890235716
-0.00281740393644797
-0.00251926793820258
-0.00216707549874895
-0.00176879768557095
-0.0013464714314043
-0.000927863101423297
-0.000543000952685799
-0.000221368879860129
1.4785580207173e-05
0.000159111534870707
0.00022550338979502
0.000242415341889863
0.000237484152382068
0.000221981994454569
0.000187027154808715
0.000113138649062626
-1.71231367547756e-05
-0.000211951670750093
-0.000466026060153453
-0.000753989743737323
-0.00102600960589055
-0.00121650721553513
-0.00126970534548704
-0.00117020265287311
-0.000957837247580024
-0.000712819938144725
-0.000517687513253778
-0.000422124710570159
-0.000435149300654254
-0.000543922655087027
-0.000734565289473666
-0.000994420319930254
-0.00130145163496538
-0.00162297201108522
-0.00193408233095726
-0.00224111841413572
-0.00258529833964138
-0.00301733253457912
-0.00355971597997776
-0.00418471352125411
-0.00482208370083732
-0.00538636373624017
-0.00580386721082579
-0.00603027624190127
-0.00606184016811468
-0.00594015090613947
-0.00574130744951311
-0.00554505642645097
-0.00539835051245012
-0.00529888030249915
-0.00521199754898351
-0.00510865196961372
-0.00499567983044355
-0.00491689254622581
-0.00492729807287802
-0.00506210911575651
-0.00532016787573329
-0.00566393712262283
-0.00602722755211036
-0.0063270081458802
-0.0064828392453627
-0.00644188945706867
-0.0061961650255935
-0.00577897142983704
-0.00524247235824535
-0.00463265260362451
-0.00397790770901484
-0.00329353432407484
-0.00259047982999689
-0.00187703612595242
-0.00115569131847529
-0.000426255667552847
0.000302219031463497
0.00100245039930308
0.00163318494701887
0.00215145170007361
0.00252049388242779
0.00271165840456238
0.00270965497595685
0.00252620781322326
0.00221383597951938
0.00186541737896984
0.00159201759302844
0.00148610070417906
0.00159005498206552
0.00188945923175695
0.0023331894181441
0.00286278069821627
0.00343084333155716
0.00400300711022419
0.00455182490110579
0.00505233630667161
0.0054824360521806
0.00582585754099237
0.00607406120293655
0.00622487540576461
0.00627930444008364
0.00623996372019309
0.00611228835272194
0.00590648540224628
0.00563894039177397
0.00533380387236687
0.00502373856936715
0.00474627067542231
0.00453506956985589
0.00441110838572461
0.00437888627621082
0.00442774199456166
0.00453557545425507
0.00467430070422595
0.00481732933516435
0.0049468469981549
0.00505703188763352
0.00515124531925727
0.00523418730383386
0.00530264054901448
0.00534052103419588
0.00532222742219157
0.00522165194741347
0.00502031906032074
0.00471305672608371
0.00431520697812921
0.003870545846548
0.00344998510543904
0.00313379315334916
0.0029844592469162
0.0030259209856122
0.00323843723503878
0.00356733605410887
0.00394033415784775
0.00429006999525849
0.00457735253786267
0.0048055974784976
0.00501586076087407
0.00526129116601801
0.00557527244491788
0.00595411756311617
0.00636293187880466
0.00675312752051107
0.00707474794292974
0.00728122104188673
0.00733731710905542
0.00723487344607612
0.00700528686962827
0.00671509138360596
0.00644447358644936
0.00626183115440445
0.00620818224139162
0.00629657638725378
0.00652232838970489
0.00687491942692728
0.00734348834889912
0.00791384741859827
0.00856119468807032
0.00924475307714371
0.00990880709875815
0.0104916913337962
0.0109406255602047
0.0112260473332171
0.0113477027266328
0.0113290324377781
0.0112033049765052
0.0109992244877869
0.0107337068908396
0.0104155577896046
0.010056380291439
0.00967872796383792
0.00931375885661957
0.0089910118828304
0.00873011781750612
0.00854021074541308
0.00842380364941761
0.00837906981041013
0.00839885444909728
0.00846891861449695
0.00856784892217272
0.0086688868129091
0.00874239396480484
0.00875775549338161
0.00868515631395739
0.00849915434860426
0.00818498520887585
0.00774542945878811
0.00720396072126976
0.00660084185425775
0.00598229931467011
0.00538728468251367
0.00483921680807131
0.00434800187314626
0.0039200215555095
0.00356716772226909
0.00330798966507231
0.00316232831833347
0.00314521649416854
0.00326252750661821
0.00350686528469224
0.00385344298593527
0.00425924445076911
0.00466917535520958
0.00502924822314618
0.00530155987521937
0.00547258584107593
0.00554918309614667
0.00554560434064051
0.00547212819405874
0.00533340243838725
0.00513452845670384
0.00488615308159182
0.00460265514443605
0.00429569169215086
0.0039709173149167
0.00363372821735468
0.00330074335030897
0.00300484852263867
0.00278400957128391
0.00265895843792574
0.00261750238556921
0.00261878333629905
0.0026137329429135
0.00256630135651854
0.00246323155076048
0.00231122057639187
0.00212805694880567
0.00193427228589172
0.00174645500349083
0.00156931629202565
0.00138682748886392
0.00116009591144088
0.000839890058283635
0.000391012363082534
-0.000184958284377181
-0.000841549685665035
-0.00149812156513635
-0.00206537705028661
-0.00247584873499769
-0.00270604808672523
-0.00278047037466149
-0.0027589672398433
-0.00271748256380002
-0.00272927766763395
-0.00284666593196831
-0.0030834503871159
-0.00340452537828852
-0.00373168635735423
-0.00396919836013229
-0.00404212152951624
-0.00393059432853658
-0.00368187287322986
-0.00339361977326332
-0.0031793167145687
-0.0031341622623431
-0.00331227496216471
-0.00371551921401085
-0.00429264735587975
-0.00495079734275921
-0.00557948900244853
-0.00608016796299162
-0.00639005916153511
-0.00649145433500516
-0.00640473361082841
-0.00617181925875422
-0.00584056827244282
-0.00545562677740879
-0.00505326380586956
-0.00465728263460297
-0.00427947242135374
-0.00392898026532545
-0.00362601703137099
-0.0034075531521614
-0.00331678410047869
-0.00338062115412281
-0.0035892049828169
-0.00389159526411437
-0.00421196790846451
-0.00447663612297083
-0.00463540990198485
-0.00466800162688954
-0.00457882491309991
-0.00438750668281209
-0.00411772347831533
-0.00378562181438686
-0.00339424377076361
-0.00294133607428444
-0.00243834610732617
-0.00192703411978897
-0.00147893900945818
-0.0011737736583244
-0.0010678946069293
-0.00117202281784827
-0.00145063026452736
-0.0018387119329992
-0.00226148781557222
-0.00264837238305121
-0.00294387534951915
-0.00311923905042693
-0.00318026128914802
-0.00316255630813364
-0.00311190913758398
-0.00305804691053104
-0.0029965982689685
-0.00289134618088431
-0.00269627215888521
-0.00238265420967832
-0.00195513081513643
-0.00145386998674309
-0.000950148008161362
-0.000537137234649474
-0.000308620900227366
-0.000324054851489064
-0.0005752223217066
-0.000976906796246997
-0.0013914337474739
-0.00167585087100235
-0.00172872051158277
-0.00151822892855967
-0.00108716916988957
-0.000539130008271912
-8.18415059264718e-06
0.000387138493178073
0.000593013545700756
0.000645079644198968
0.000647994270743455
0.000719909721754735
0.000937349965554651
0.00131065616629295
0.00179371577758129
0.00231152938150875
0.00278829857541054
0.0031693379723789
0.00343770221583362
0.00362319674421791
0.00379410439538706
0.00402632463342455
0.004363560840058
0.00479479545744777
0.00526250318821389
0.00568958314145468
0.00600438818635017
0.00615683571873797
0.00613118340438397
0.0059570781364128
0.00571031187707571
0.00549391350196927
0.00540040768613306
0.00547028933355736
0.00567138456439554
0.0059177568674019
0.00612145386292474
0.00624344612817201
0.00630859779577033
0.00637768112168633
0.00650145141074454
0.00669014939567623
0.00691370556942848
0.00712271853215011
0.00726965170431971
0.0073196873001173
0.00725639889341957
0.00708886426286855
0.00685458287901911
0.00660815493247974
0.00639964638630615
0.00626005095643184
0.00620356523458071
0.00623733800680388
0.00636465911206631
0.00658083664164594
0.00687159448227511
0.007218772133271
0.00760706532890703
0.00802310808393595
0.00844643894385872
0.00884206281724329
0.00916600870436904
0.00938458686833296
0.00949381507919796
0.00952341380577305
0.00952335449217519
0.00954479119940363
0.00962683191882354
0.00979067814590339
0.0100369401767272
0.0103439285874485
0.0106684272110433
0.0109523229233719
0.0111378525907556
0.0111888228714895
0.0111068348273011
0.0109303545836273
0.0107158299930049
0.0105135394223432
0.0103524711525076
0.0102390303091121
0.0101654667009002
0.0101215461612548
0.0101042976920933
0.010122615347802
0.010195048621009
0.01033952275526
0.0105556089959184
0.0108073125097088
0.0110215745336996
0.0111114256846375
0.0110129885608982
0.0107127930138128
0.0102512048357287
0.00970692095425536
0.00917464837747913
0.00874188105067669
0.00846663370149307
0.0083622190911034
0.00839827829746429
0.0085213464904156
0.00868632312063962
0.00888085430589171
0.00912599815076008
0.00945163954464523
0.00986446926707117
0.0103318685448981
0.0107903376868887
0.0111676554075889
0.0114028109614912
0.0114573049837264
0.0113212190091319
0.0110179408022204
0.0106055023798259
0.0101681655208269
0.00979496683049469
0.00955205055644353
0.00946380210682341
0.00951335747885776
0.0096585124247358
0.00985027706826568
0.0100463804356719
0.0102200822899177
0.0103643679484706
0.0104884542365318
0.0106072165644974
0.0107304497800671
0.0108579115078246
0.0109796012843075
0.0110777414376911
0.0111289324784443
0.0111068849886033
0.0109865175797831
0.0107504545768495
0.0103975291140303
0.00994909393022555
0.0094476723750613
0.00894733063160413
0.00850116830627486
0.00815179015914911
0.0079264208801746
0.0078347121567659
0.00786654645923292
0.00798918135372366
0.00814732027755305
0.00827219245200315
0.00830100264916717
0.00819818969912615
0.00796533901183809
0.00763360313535041
0.0072444280848362
0.00683028007667951
0.00640416656457503
0.00596014783904384
0.00548180467173907
0.00495381888653809
0.0043730523236701
0.00375684096734667
0.00314524786191619
0.00259357849679885
0.00215609811262279
0.00186876377676381
0.00173945620698612
0.0017476042821053
0.00185022325685555
0.00199312997195212
0.0021277051788602
0.00222903736884013
0.00230611977800303
0.00239700391897839
0.00254992029470116
0.0027983435933999
0.00314067714184463
0.00353386404430687
0.00390459605196698
0.00417352914787446
0.00428206644376358
0.00421141371925468
0.00398821082411132
0.00367652557703299
0.00336039027840104
0.00312321024751576
0.00302938304620063
0.0031109114797171
0.0033609256423982
0.00373680647761381
0.00417425249296815
0.00460886482263523
0.00499725695193791
0.00532874705786379
0.00562179263047379
0.00590632846692149
0.00620207146221283
0.00650642987854281
0.00679813453578617
0.00705043436078906
0.00724327082852459
0.00736907505234136
0.00743223594775005
0.0074433910181572
0.00741114810570336
0.00733690914230641
0.00721762049377887
0.00705515306093121
0.00686559943299269
0.00668151310031791
0.00654419495374093
0.00648938278733321
0.00653478904063818
0.00667665323819298
0.00689441888130379
0.00715637080997437
0.00742208243370246
0.0076452047458892
0.00778210214203781
0.00780608379434496
0.0077201558367408
0.00755880825077128
0.00737313986317897
0.00720391466637499
0.0070586001664264
0.00690930981186401
0.00671413004321437
0.006446844628989
0.00611603973722831
0.00576519467625775
0.00545791479221177
0.00525731558581652
0.00520680804889832
0.00531636666506566
0.00555686815705298
0.00586552924314149
0.00616483853700496
0.00639138193412458
0.00652149564850466
0.00657802825440789
0.00661346017463287
0.00668092115750384
0.00681065869017505
0.00700118065666473
0.00722287805679449
0.00742831055717224
0.00756599829416472
0.00759582629854606
0.00750189413813393
0.00729726388572614
0.00701836273866661
0.00671310323616593
0.00643020508333141
0.00621359548215858
0.00609875172445864
0.00610619941711766
0.00623360210876934
0.0064536794153121
0.00672263183123145
0.00699609518988544
0.00724540051048106
0.00746781031209542
0.0076864180113605
0.00793785987266597
0.0082512792086713
0.0086279565346685
0.00903186622877891
0.009395962572272
0.00964188822819488
0.00970596699648041
0.00956233579886069
0.00923473142484259
0.00879183885544745
0.00832650086306767
0.00792532724364288
0.00764055706905043
0.0074767663085396
0.00739815996393144
0.0073508758696617
0.00728746794262332
0.00718252439417081
0.00703553106671162
0.00686315108563347
0.0066862169657178
0.00651820052327841
0.00636106440207279
0.006209680708168
0.0060595685470385
0.00590985227580385
0.00575743101764534
0.0055871449635918
0.00536883941973207
0.00506839364456062
0.00466741958182847
0.00417744415811445
0.0036388448765511
0.0031070835623423
0.00263530567141617
0.00226016065959209
0.00199462518997364
0.00183023832044938
0.00174677947197174
0.00172173222097374
0.00173304970744037
0.00175650915554436
0.00176364373638682
0.00172401503396396
0.00161205211390134
0.00141682862960712
0.00115027774472595
0.000847012054721818
0.000552922791580236
0.000308055189584075
0.000132564647107721
2.08470271958471e-05
-5.4722835496471e-05
-0.000130218127597062
-0.000229962293472672
-0.000348493063821617
-0.000444835568286703
-0.000454392371958972
-0.000316423611382345
-7.21281605539092e-06
0.000437387792242498
0.00092405478090374
0.00132871763712415
0.00153365634739118
0.00145984753341162
0.0010880047086672
0.000465716661125748
-0.000303851787439078
-0.00109290944125223
-0.00178965877607824
-0.002330564983598
-0.00271007644597777
-0.00296657197787368
-0.00315661822681163
-0.00333394070792411
-0.00354036017288102
-0.00380178259148938
-0.00411980136839214
-0.00446197473209195
-0.0047638657616921
-0.00494856865164859
-0.00495401475503645
-0.00475413434684527
-0.0043685187636005
-0.00386207354765944
-0.00333479286063376
-0.00290024443504635
-0.00265579943063356
-0.00265367057291246
-0.00288348557587176
-0.00327408206062779
-0.00371630229891461
-0.00410095001907032
-0.00435907784876805
-0.00448878432956306
-0.00455590304516769
-0.00466583279591532
-0.00491762877520627
-0.00536129105901439
-0.00597649671616222
-0.00667771635636245
-0.00733889398759971
-0.00782843871345246
-0.00804717131157539
-0.00796050711818736
-0.00761319738169719
-0.0071175507658395
-0.00661643001324761
-0.00623529186649689
-0.00604463000578945
-0.00604884857068561
-0.0062018505181145
-0.00643564447584511
-0.00668692727617621
-0.00691477694882847
-0.00710883480957136
-0.00728812567341324
-0.00749155722632822
-0.00776361320365485
-0.00813811690785679
-0.0086204413900566
-0.00917173616429185
-0.00970613988928199
-0.0101109818305234
-0.0102861325036177
-0.0101845234711075
-0.00983453079036532
-0.009334778722479
-0.00882340558287737
-0.00843203678592532
-0.00823961635358149
-0.00824260409708438
-0.00835466365484792
-0.00843964108866964
-0.00836703559351675
-0.00806623818292438
-0.00755536148765775
-0.00693429121507797
-0.00634798630176105
-0.00593461358895504
-0.00577580950240384
-0.00586731810143289
-0.00612298625512367
-0.00641038552052425
-0.00660121681466827
-0.00661528869572264
-0.00644278204575879
-0.00613903552918791
-0.00579662718446972
-0.00550888965868998
-0.00534077921954665
-0.00531528826998378
-0.00541445140216731
-0.00559066409132301
-0.00578406745064769
-0.00594128062439482
-0.00603160384368978
-0.00605891719815116
-0.00606584292737825
-0.00612309120635164
-0.0063017465670493
-0.00664039070638381
-0.00712668108308498
-0.00770343516260597
-0.00829244458758369
-0.00882137379808267
-0.00924286562677216
-0.00954265001782176
-0.00973894713388033
-0.00987623678449654
-0.0100130773439361
-0.0102022444561673
-0.01046754889385
-0.0107894536347531
-0.0111096771684954
-0.0113534932118384
-0.0114590545331531
-0.0114020705427338
-0.0112073813757675
-0.0109428332514902
-0.0106966073205349
-0.0105459411599839
-0.0105292392596023
-0.0106333549205216
-0.0108026841756497
-0.0109655610053564
-0.0110621329871621
-0.0110586066995312
-0.0109464980797971
-0.0107361126240034
-0.0104498765008449
-0.0101137359182141
-0.00974689187325906
-0.00935607093245625
-0.00893806515210445
-0.00848637392539497
-0.0079959516131385
-0.00746483996723709
-0.00689493138744659
-0.00629418976610647
-0.00568161983819257
-0.005092872626674
-0.00457943406154849
-0.00419574941781728
-0.00397901983092309
-0.00393445710279342
-0.00403418849471243
-0.00422683851206518
-0.00444970166417622
-0.00463857432338594
-0.00473544804375664
-0.00469700029874
-0.00450537272851374
-0.00417677533981144
-0.00375891502951374
-0.00331394900204106
-0.00289662890125973
-0.00254169717809373
-0.00226369592548622
-0.00206068036436061
-0.00191608752172737
-0.00180354659199109
-0.00170041931795489
-0.00160515059776186
-0.00154511539489603
-0.00156562505669647
-0.00170329475924333
-0.00195798999448898
-0.00227967130369453
-0.00257829031928483
-0.00275190173607143
-0.00271923103408992
-0.00244312384355329
-0.00193844858249153
-0.00126623459602558
-0.000519835749644653
0.000192976171437572
0.000771587795423903
0.00114572959296957
0.00129205774819399
0.00123501750959533
0.00103204701024719
0.000752928421939643
0.000462274869977603
0.000206471446547455
3.95999595751285e-06
-0.000158044831914635
-0.00031627213739039
-0.000514966962917816
-0.000786336425608812
-0.00113340963903535
-0.00152048857532044
-0.00187791548751934
-0.00212428057489223
-0.00219812389396495
-0.00208299884297246
-0.00181416161153838
-0.00146760740914371
-0.00114026506063225
-0.000928665320034109
-0.000908235276129134
-0.00111476097077232
-0.00153412231226077
-0.00210824403915156
-0.00275755810609603
-0.0034080171181999
-0.00400727222084152
-0.00452537444243924
-0.00494861881158316
-0.00527626314940294
-0.00552026860863952
-0.00570208286712517
-0.00584451167573685
-0.00596334773531529
-0.00606403715203632
-0.0061439338273461
-0.0061963268557662
-0.00621227652042135
-0.00618065325086981
-0.00609145991461381
-0.00594573452984092
-0.00576660026013367
-0.00560046624687412
-0.00550355515408378
-0.00552067057639673
-0.00566743264570046
-0.00592250657052793
-0.00623176417652761
-0.0065248196027169
-0.00674008263801817
-0.00684756964785352
-0.00685834493412663
-0.00681790122502533
-0.00678832816810904
-0.00682484914082312
-0.00695231686036659
-0.00715107455014176
-0.00736217081563233
-0.00751238033046307
-0.00754630714314338
-0.00744881031794527
-0.00724935236187135
-0.00701160789311781
-0.00681625166090329
-0.00674084541740732
-0.00683677501195691
-0.00710752629320759
-0.00750094422010024
-0.00792672899113465
-0.00829471636325875
-0.00855317160846644
-0.00870584653151666
-0.00880175658137146
-0.00890801615583967
-0.00908178186101075
-0.00935209837838049
-0.00971332923181154
-0.0101266094676657
-0.0105274700849031
-0.0108416279339222
-0.0110088640070816
-0.0110068544494937
-0.0108624687659271
-0.0106440374122081
-0.0104389766553741
-0.0103272590216689
-0.010360022938751
-0.0105483309339369
-0.0108635424565269
-0.0112488106205293
-0.0116397745053068
-0.0119895465509125
-0.0122883930035166
-0.0125668095841586
-0.0128774926023
-0.0132643959744905
-0.0137352664927608
-0.014251169975624
-0.0147365512406768
-0.0151042852437172
-0.0152856030152704
-0.0152542563758044
-0.0150366785411703
-0.0147040305730415
-0.0143473966403186
-0.0140445535015265
-0.0138334403323216
-0.0137066478515692
-0.0136291111614324
-0.0135657779525821
-0.0135009544841698
-0.0134401636594728
-0.0133989103045675
-0.0133890119836146
-0.0134098177252521
-0.0134453719596938
-0.0134663052516387
-0.0134367313265403
-0.0133258026810402
-0.0131187534187438
-0.0128199593259615
-0.0124468971845614
-0.0120228410172316
-0.0115756563962722
-0.0111398417958639
-0.0107525143999112
-0.0104402900868289
-0.0102055727228087
-0.0100244267905988
-0.00986020182390047
-0.00968468872202701
-0.00949231388484047
-0.00929855294892809
-0.00912682649521443
-0.00899581900470602
-0.00891401350992601
-0.00887833862115599
-0.00887236189073132
-0.00886632390731332
-0.00882429758201239
-0.00871750892072333
-0.00853598172464683
-0.00829193704162696
-0.00801517883053313
-0.00774491671212265
-0.00752095964403956
-0.00737349718388334
-0.00731077056443931
-0.00731015579001686
-0.00732356507284113
-0.00730154300144044
-0.00722369434672233
-0.00711440377651162
-0.00703398052854154
-0.00705359508893091
-0.00722811547271072
-0.0075747931446709
-0.00806196055234131
-0.00861308715911823
-0.00912803590814246
-0.00951367377500044
-0.00971028765974741
-0.00970405375832841
-0.00952372179824754
-0.0092254783603015
-0.00887261893050048
-0.00851677933552731
-0.00818559940140504
-0.00787966609073867
-0.007580117206002
-0.00726504091620095
-0.00692745011751408
-0.00658537713529778
-0.00627937160785567
-0.00605976675797122
-0.0059686044834432
-0.00602005900517518
-0.00618419190576467
-0.00638181779368299
-0.00649841803487258
-0.00642045429354526
-0.00608589340822697
-0.00551916997440481
-0.00480806473132254
-0.00402430460830014
-0.00319216785530137
-0.00242352463373044
-0.00208163296185488
-0.00250195177743173
-0.00311066730755501
-0.00199728296314337
0.00261098067522615
0.00993813402455638
0.0166839435246321
0.0201693063632072
0.0206417288288925
0.0200697551364951
0.0197690207554371
0.0197973050590995
0.0198190186020211
0.0197769840999135
0.0198521716505294
0.0201828419414633
0.0207490710061844
0.0214314149979942
0.0220997152323198
0.0226583289522438
0.0230557977692842
0.0232802349844879
0.0233468195146016
0.0232807416156988
0.0231035865331723
0.0228281148441055
0.0224592543890113
0.0219985564834234
0.0214525460801401
0.0208434956512414
0.0202166470876643
0.0196387722863997
0.0191876157001356
0.0189338520899789
0.0189186068019495
0.0191348923126805
0.0195248358144638
0.0199973443506974
0.0204573000646689
0.0208312846162003
0.0210803433081526
0.0211991339891603
0.0212060715507838
0.021130434957007
0.0210008513579745
0.0208371909106686
0.0206480110274744
0.0204361953681345
0.020210412987883
0.019992738949376
0.0198145554798294
0.0197041066459984
0.0196760279993624
0.0197285078296637
0.0198461925096021
0.0200056915217331
0.020183078322762
0.0203626504569533
0.0205427865841043
0.0207327082503092
0.0209384019573263
0.0211463235955022
0.0213195909527875
0.0214127042890947
0.0213938004020989
0.0212576742318226
0.0210245952738663
0.0207326937650036
0.0204305854740416
0.0201687306182957
0.0199865454893493
0.0198976897575832
0.0198802187709064
0.0198792652505958
0.0198278638738696
0.0196821717611892
0.0194523512200132
0.0192057500490667
0.0190361926402907
0.0190182166522207
0.0191732068176787
0.0194611859440193
0.019795138177709
0.0200686095669016
0.0201896360075373
0.0201146253565952
0.0198701936091149
0.019546683346821
0.0192575892706726
0.0190838375034342
0.0190367181628724
0.0190578623130788
0.0190463467440647
0.0188973787173172
0.0185506094730119
0.0180352379822872
0.0174608680188915
0.0169217217225899
0.0164152795688807
0.0159696391782638
0.0159250551689471
0.0167987212056155
0.0182575227539519
0.0181973555798239
0.0140810595587296
0.0061687994678941
-0.00169666824589438
-0.00580023769594674
-0.0060801695264116
-0.00507382247641767
-0.00469878492527798
-0.00511163831520824
-0.00573589608250013
-0.00626050990707464
-0.00671750356754446
-0.00716860587794085
-0.00755897017783073
-0.00778335103942401
-0.00778080732049455
-0.0075595563822037
-0.00717180747922868
-0.00668021523080634
-0.00613055452409625
-0.0055325056105536
-0.00485538015638443
-0.00404515519713168
-0.00305801398471832
-0.00189541714404611
-0.000623777899543968
0.000633056134877813
0.00172894544565351
0.00254375659450087
0.00302237554074786
0.00318895747213401
0.00313541092937004
0.00299166088168412
0.00288667616145908
0.00291132322390904
0.00309659342040081
0.00341602606777872
0.00380935578493285
0.00421470386502742
0.00459427271813639
0.00494234306429091
0.00527415877794307
0.00560707601439925
0.00594935942036851
0.00630045705964308
0.00665312149515137
0.00699004503193346
0.00728051644214715
0.00748601868133677
0.00757351979794383
0.00752641334856315
0.0073455341049798
0.00704141092778305
0.00662574175491839
0.00611037652825166
0.00551436470760512
0.00487028794266845
0.00422172502022582
0.00361382167785266
0.00308435067572034
0.00265829833370894
0.00234576328701643
0.00214483632299862
0.0020484250776471
0.0020464918350829
0.00211745752624922
0.00221679912368645
0.00227867499089342
0.00223669039369021
0.00205403564753119
0.00174555639413622
0.00137749343324496
0.00104268771413591
0.000824857450494483
0.000771668077500636
0.000884924686405866
0.00112148615031634
0.00139903510129483
0.00161128265700304
0.00165761361833149
0.00147957410739707
0.0010864704617626
0.000554522773153875
-4.09013897828243e-06
-0.000489014222423368
-0.000849268086490583
-0.00108738394210979
-0.00123110296817296
-0.0012966146165006
-0.00126842343458865
-0.0011053851704138
-0.000767366066915147
-0.00024738427137365
0.000409811537079747
0.00111338591224971
0.00174897904276314
0.00220286165939601
0.00238255233421864
0.00223816387207248
0.00178194798643813
0.00109420820285438
0.000309023424688817
-0.000415117563560344
-0.000931141296957571
-0.00113745877562691
-0.000999310694527721
-0.000548506753312401
0.000135720703309806
0.000953577525519612
0.00181057375366531
0.00263646393466665
0.00338925438954571
0.00404171071557064
0.00456335424500214
0.00491628821745943
0.00506768649907305
0.00500532548016516
0.00474457902579632
0.00432631322389123
0.00380843128603101
0.0032525374883623
0.00270987440246814
0.00221228145888387
0.00176961182421107
0.00137246765394306
0.00100131547030637
0.000640533534889049
0.000288199711942076
-4.61305207642419e-05
-0.000350566348863691
-0.000616059173736122
-0.000836234838830389
-0.00100845329919016
-0.00113650923033057
-0.00122793837747945
-0.00128433903509433
-0.00129288004483979
-0.00122722372465631
-0.00105969675733362
-0.000782181501721368
-0.000427827644677318
-7.78164555974892e-05
0.000160290665705249
0.000196562334693143
-7.43163554431686e-07
-0.000392545168312649
-0.000888903871440265
-0.00138797015872469
-0.00181506180782951
-0.00214740813922185
-0.00241746319971184
-0.00269419138034767
-0.00304679507809655
-0.00350233258502222
-0.00401793123772442
-0.00448855688600933
-0.00479181387147257
-0.00484426634403804
-0.00463671208384194
-0.00423555849671994
-0.00376001307488672
-0.00334878800937719
-0.00312267449471644
-0.00314861733608267
-0.00341735354908937
-0.00384728470258599
-0.00431644137004978
-0.00470889227192353
-0.00495265446352819
-0.00503172060119271
-0.00497378848507856
-0.00483115945787729
-0.00466836477190467
-0.0045524320703156
-0.00453431943359411
-0.00462336995483156
-0.00477346184858279
-0.0048976147184807
-0.00490672853062307
-0.00474812904739297
-0.00441993696723403
-0.00395825522564388
-0.00341597960162613
-0.00285258089559922
-0.00233386685514263
-0.00192539880736713
-0.00167323050469256
-0.00158732993033179
-0.00164615049198375
-0.00182003262062034
-0.0020921962233748
-0.00246013122477152
-0.0029197995393929
-0.00344916075213212
-0.00400514877814109
-0.00453419603368289
-0.00498470608954888
-0.00531231305006795
-0.00548189298231978
-0.00547643553569899
-0.00531234104741819
-0.00504701957466931
-0.004766979889672
-0.00456079919910952
-0.00449218793865233
-0.00458440215139689
-0.00481755404970162
-0.00513551894558025
-0.00545956533151613
-0.00570735071342422
-0.00581559130921444
-0.00576104815251354
-0.00557020204913171
-0.00531029660317078
-0.00506491091930955
-0.00490608440251218
-0.00487347827955863
-0.00496413522513399
-0.00513390742359895
-0.00531228886424854
-0.00542819041674429
-0.0054361844359084
-0.00533045397763943
-0.00514056070103943
-0.00491271556119925
-0.00468589265805408
-0.00447274356104369
-0.00425219974606004
-0.00397590395336571
-0.00358675549256275
-0.0030449219615223
-0.00235220080820916
-0.00156169662433165
-0.000764106285506794
-5.59391703545213e-05
0.000492746003135381
0.00085496743850757
0.00104434486253623
0.00110115664853994
0.00107650526057394
0.0010195636356312
0.000967845105118186
0.000939070843800359
0.000926071305286747
0.000899264313102635
0.000819079678317926
0.000653706294910229
0.000393085689635217
5.30385293695444e-05
-0.000329952697925522
-0.000708847315305796
-0.00103671064349606
-0.00127549177552481
-0.00140250213234093
-0.00141505831972433
-0.0013320982099694
-0.0011895169406767
-0.00102806647218701
-0.000878385808250774
-0.000750682184838846
-0.000633639013467353
-0.000502126248873507
-0.000330206866565254
-0.00010492821808242
0.000162953118648004
0.000433449123339992
0.000639147550106005
0.000698410412933522
0.000541733080888878
0.00014312873383809
-0.000460091167796229
-0.00117127112216439
-0.00185979244953334
-0.0023955590837022
-0.00268102834656843
-0.00267384602700346
-0.0023953450880978
-0.00192235586898578
-0.00136504142475707
-0.000838878632691673
-0.000440131921814479
-0.000230902133519785
-0.000234852514501789
-0.000441391764993389
-0.000816160100018319
-0.00131652097133299
-0.00190805227765491
-0.00257378069279517
-0.00331029564580677
-0.00411489598442146
-0.00497398631603197
-0.00585745072249721
-0.00671627515921468
-0.00748270557926569
-0.00807770208157768
-0.00842721058349184
-0.00848019721120052
-0.00821978402777071
-0.00766492476546278
-0.00686527987557207
-0.00589356720991597
-0.00483956737566771
-0.00380654622483434
-0.00290498556172688
-0.00223848877060681
-0.00188523393421427
-0.00188430122827384
-0.00223139339646607
-0.00288136539120518
-0.00375567390253338
-0.00475604268569052
-0.00578222160161871
-0.00674622673951964
-0.00757745754215786
-0.00822056089891833
-0.00863225632229402
-0.00878257310480955
-0.00866221105489399
-0.00829151398005029
-0.00772227769407322
-0.0070286395423269
-0.00629369319094726
-0.00560060079287685
-0.00502897721194945
-0.00465207389919789
-0.00453280355802233
-0.00471810525841376
-0.00522910728708732
-0.00604766543276153
-0.00710790495686422
-0.00830193527436986
-0.00949943306832463
-0.0105737080283248
-0.0114273882458756
-0.0120108164409822
-0.0123244962223062
-0.0124033580946048
-0.012293740475618
-0.0120375036312155
-0.0116671343202357
-0.0112067398598305
-0.0106760362574734
-0.0100976742517112
-0.00950417490923527
-0.00893779279067294
-0.00844296360098926
-0.00805915408785741
-0.00782103170217772
-0.00776415415449627
-0.00792696175377539
-0.00834033258240793
-0.0090054978045795
-0.00987362326781344
-0.0108435584157171
-0.0117825840101854
-0.0125596673232633
-0.013076603355456
-0.0132887040667466
-0.0132120617362714
-0.0129158896014513
-0.0125016321916211
-0.0120752509060512
-0.011719774325389
-0.0114733268603534
-0.0113190435498747
-0.0111938817500314
-0.0110153404244548
-0.0107133312118427
-0.0102525946545537
-0.00964059574389346
-0.00892431859332097
-0.00817970851825235
-0.00749501550734694
-0.00694969194439795
-0.00659294861945362
-0.00642848347824964
-0.00641308341135057
-0.00647344906210689
-0.00653598680661825
-0.00655497776880897
-0.00652491183453234
-0.00647287983173844
-0.00643738060487348
-0.00644407826506711
-0.00648817590376158
-0.00652990149386711
-0.0065045553750002
-0.00634321511022959
-0.00599753211162535
-0.00546164978146084
-0.00478335150634671
-0.00405703648263155
-0.0033980139222367
-0.0029084934396759
-0.00265042380431059
-0.0026344632139028
-0.00282475227919425
-0.0031538721298366
-0.0035418210876379
-0.00391380819873987
-0.00421315906598038
-0.00440769336392321
-0.00448961903734135
-0.00447013692297189
-0.00437127675683768
-0.0042179118101771
-0.00403101615913826
-0.00382167482345712
-0.00358777060835927
-0.00331824974072339
-0.00300601645663806
-0.00266164524131976
-0.00231788171133899
-0.00202369464670759
-0.00183530971919799
-0.00180928615221785
-0.00199438761483795
-0.00241766563903166
-0.00306825469368206
-0.00388983693593441
-0.00479038825294052
-0.00566678859219955
-0.00643157322947926
-0.0070287682430371
-0.00743560572606097
-0.00765660399766306
-0.0077163540463207
-0.00765084379718497
-0.00749581306786624
-0.00727674146707905
-0.00700820531407488
-0.00670345391652453
-0.00638524267063788
-0.00608749326087475
-0.00584536751892771
-0.00568056338815762
-0.00559180427579282
-0.00555628783868452
-0.00553957800516693
-0.00550556415955533
-0.00542050197862405
-0.0052536446866587
-0.00498165110255211
-0.00459883594338783
-0.00412626447533648
-0.00361009616242082
-0.00310651028446938
-0.00266053738208711
-0.00229029133643807
-0.0019832788040655
-0.00170305491844723
-0.00140086783028341
-0.00102970726380896
-0.000560374885878558
4.35917176108047e-06
0.00062559493328273
0.00123876228246504
0.00177416517679528
0.00217811627116189
0.0024280128506062
0.00253892149726776
0.00255991246186587
0.00255900339793747
0.00260018497405763
0.00272130088136813
0.00292175497841887
0.00316424110254778
0.00338943508609831
0.00353891082804075
0.00357868280560938
0.00351442720434856
0.00339172823829245
0.00328069382544065
0.0032512788748646
0.00335014560115275
0.00358904399091372
0.00394811999247761
0.00438919658800575
0.00487006439698985
0.00535369774779456
0.00581245573191951
0.00623074338942245
0.00660745332650381
0.00695467028078094
0.0072882665957176
0.00761273559474988
0.00791096224702946
0.00814856515071235
0.00829002471050009
0.00831268418582741
0.00820798741188229
0.00797382877654849
0.00761148694942502
0.00713511258671938
0.00658724253421421
0.00604457828169862
0.00560293941543106
0.00534551808392456
0.00531184968602129
0.00548470557403875
0.00579874408442171
0.00616101306163444
0.00647132617721647
0.00663880391426492
0.00659770912789759
0.00632313704985566
0.00583938365101447
0.00521174260816828
0.00452124217740704
0.00383474961774711
0.00318748907352033
0.0025860343404605
0.00202517050227545
0.00150455129939609
0.00103559644345013
0.000639279139381068
0.000341906189458881
0.000174172732913759
0.000171402520718611
0.000367641725529827
0.000779621245063007
0.00138673238347766
0.00212027879947934
0.00287151301523312
0.00351623458849114
0.00394446689054835
0.00408363280164185
0.00390996942130231
0.00344880306550277
0.00276638160042042
0.00195542915721343
0.00111605789182772
0.000334965471389328
-0.000331519218917287
-0.000864215721986842
-0.00127495031950693
-0.001590638756727
-0.00183456530339465
-0.0020117804283704
-0.00210294224119857
-0.00206776410448851
-0.0018570116987924
-0.00143085734764587
-0.000779242392295027
6.43428889243045e-05
0.0010257935383597
0.002012467147543
0.00294333221242943
0.003770809211189
0.00448721736254211
0.00511996766315045
0.00571897145673986
0.00633426850542499
0.00698742732707124
0.00765253929728801
0.00826156196173622
0.00873085066199188
0.00899111613023042
0.00900695245487462
0.008785732198648
0.00838128680606042
0.0078911346809714
0.00743892297298619
0.00713907309901143
0.00705654278954228
0.00718425736589838
0.00745100041052296
0.00775166968133499
0.00798076039275564
0.00805651588832566
0.00793455786432427
0.00761268376029797
0.00712576622541679
0.00653099531517719
0.00588899674852733
0.00524812407870293
0.00463604252782394
0.00405994088950654
0.00351555235445588
0.00300172976763759
0.0025326590150057
0.00214063296454102
0.00186951653394756
0.00176459109331979
0.00186286768922781
0.00218330801275355
0.00271576782307872
0.0034123764030497
0.00419012842287765
0.00495088042052165
0.00561272264769644
0.00613474476934699
0.00651945295236443
0.00679386078007679
0.0069851054890208
0.00710556578602229
0.00715099390003289
0.00710726102581932
0.00696092653397011
0.0067098139335235
0.00636940951170997
0.00597237702272254
0.00556240137743796
0.00518635477420408
0.00488833120247972
0.00470642625399966
0.00467008689026662
0.00479450592439088
0.00507078951816303
0.00545601670614765
0.00587197490428948
0.00622029893589425
0.00641311731903467
0.00640656381824153
0.00621872745262497
0.0059202681288902
0.00560165855398475
0.00533412512204099
0.0051426643232481
0.00500054917961001
0.00484381190038353
0.00459731976471559
0.00420237529581952
0.00363786308916127
0.00293006258779407
0.00214791343213656
0.00138229939737683
0.000714067112529759
0.00018476126153787
-0.000213346035229642
-0.000522557089320735
-0.000792275659806431
-0.00105761251356065
-0.00133362013282463
-0.00162018070977632
-0.00190706970945619
-0.00217484603204568
-0.00239620627727618
-0.00254441386170748
-0.00260813964658826
-0.0026029839118944
-0.00256963133459916
-0.00255879529156849
-0.0026131866856152
-0.00275607500776581
-0.00298750595210172
-0.00328434112850441
-0.00360302012102775
-0.00388762151734361
-0.00408425873408988
-0.00415755452383557
-0.00410124000954637
-0.0039367643036533
-0.00370105955273614
-0.00343174444597652
-0.0031579909325565
-0.00289819144093042
-0.00266014084840929
-0.00244161449977745
-0.00223392361598976
-0.00203013385807029
-0.00183388882893219
-0.00166205587171872
-0.00153860159978941
-0.00148386317292664
-0.00150601498418385
-0.00159819009956824
-0.00173974285311455
-0.00189891370635336
-0.00203682454070705
-0.00211453100704553
-0.00210302784612959
-0.00199334892588206
-0.00180336905880832
-0.00157853048747146
-0.00138373869978181
-0.00128524800056233
-0.00132686233834327
-0.00151080560191914
-0.00179382312452008
-0.0021022363452763
-0.00236047577837276
-0.0025206991857277
-0.00257919409350579
-0.00257104428912363
-0.0025470454457418
-0.00254722878346832
-0.00258450608417522
-0.00264250910014602
-0.00268442864939412
-0.00266858088379909
-0.00256619636927885
-0.00237465392381984
-0.00211940188654297
-0.00184319573308836
-0.00158846830532389
-0.00138230753853597
-0.00123141370693621
-0.00112755741412339
-0.00105687479336661
-0.00100518211057936
-0.000957898532144926
-0.000899992510399036
-0.000820631555416063
-0.000720300406736318
-0.00061370374720659
-0.000524647922317606
-0.000475524554659894
-0.000477251084970456
-0.00052340352669508
-0.000588810994221753
-0.000632869106693565
-0.000610010211081289
-0.000487673083359739
-0.000264075163461072
2.71775168216422e-05
0.000331951194978697
0.000601722919008755
0.000814765500589801
0.000981850728143023
0.00113759321964017
0.00132470194707286
0.00157738366743317
0.00190797836004956
0.00230079763137135
0.00271662539685468
0.00310756792768027
0.00343587131430043
0.00368675822127782
0.00386891834021842
0.00400514965542282
0.00412107430807391
0.00423656117098951
0.00435849802312274
0.00447400941320733
0.00454878524068255
0.00453592441519237
0.00439297220263826
0.00409705277614164
0.00364944220802277
0.00307013964515866
0.00239020091848493
0.00164783031343489
0.000886374583319865
0.000148142990050575
-0.000536737080089699
-0.00115829276698288
-0.00172249248271178
-0.00223573811477763
-0.00268929940906586
-0.0030551866622176
-0.00329629150229701
-0.00338467125645222
-0.00331811458333285
-0.00312688012937476
-0.00286801354024893
-0.00261046162057966
-0.00241657043523832
-0.00232523571934492
-0.00234253038751814
-0.002445398144491
-0.00259783135724337
-0.00276977107211311
-0.00294724891987502
-0.0031307002549561
-0.00332708583832517
-0.00354226201024484
-0.00377577450712171
-0.00401736185636572
-0.0042448316511217
-0.00442527010598482
-0.00452312306602448
-0.00451556426239645
-0.00440764522175316
-0.00423541832680548
-0.00405239194128935
-0.00390748519517828
-0.00382740616701059
-0.00381022844542798
-0.00382981404653048
-0.00384873854907309
-0.00383637487736157
-0.00378540102070174
-0.00371792473032707
-0.00367594458950069
-0.00369929798495121
-0.00380291632166972
-0.0039674685968718
-0.00414890462673709
-0.004298231891976
-0.00437674138970182
-0.00436035776472243
-0.00423888863961457
-0.00401695494107258
-0.00371475872344203
-0.00336250452082367
-0.00298822571447599
-0.00260700332280495
-0.00222038262620524
-0.00182667418993909
-0.00143269737613846
-0.00105582547551824
-0.00071546230522079
-0.000424197995325851
-0.000186645846534621
-1.88771155243017e-06
0.000138610305666371
0.00025643707001181
0.000386049270734865
0.000564909876464818
0.000819544702468306
0.00115553642884179
0.00155530295039873
0.00198330828788422
0.0023960325439715
0.00275324431138533
0.00302808855054838
0.00321386088167889
0.00332354950185274
0.00337945758063074
0.00339809985456808
0.00338154739293672
0.00332052495457162
0.00320304684854127
0.00301975136252606
0.00276434796279834
0.00243315565727082
0.0020268038720241
0.00155455642061379
0.0010391865859673
0.000517322127133945
3.17807662866151e-05
-0.000379397891060354
-0.000688490048872097
-0.000877374015597442
-0.000938233275818319
-0.000878745510703421
-0.000724366454483157
-0.000510531017357894
-0.000268459538453647
-1.56887196800583e-05
0.000240865312059859
0.000491376746669673
0.000710283611067723
0.000856000137926446
0.000883757750052473
0.000759737020485645
0.0004675367612464
1.23938135256029e-05
-0.000568821153267534
-0.00119924546700516
-0.0017723468616776
-0.00218411313576343
-0.00236905563646271
-0.00231844601586987
-0.0020738513997538
-0.00170465022313266
-0.00128433248090539
-0.000876411013218978
-0.000529703084475474
-0.000274306519030954
-0.000114930700042351
-3.12370271536939e-05
5.24741999339511e-06
5.71457322242549e-06
-4.90218397025525e-05
-0.000198249574265819
-0.000476693938700607
-0.000892314994815882
-0.00141588312334372
-0.00198182704410391
-0.00249725983841322
-0.00285980315255005
-0.00298679601071325
-0.0028501364463962
-0.00249663122383994
-0.00203348133376456
-0.00158264944695513
-0.00123382760638068
-0.00102295888932212
-0.000936677198128344
-0.000926673215831824
-0.000925981836939339
-0.000870344421188207
-0.000723116365290333
-0.000490951182065512
-0.000217535230432216
4.42293554935562e-05
0.000265699328005107
0.000459162378083405
0.000665274347578871
0.000921473437644472
0.00123639024360436
0.00158560375699986
0.00192212567850651
0.00218768889951186
0.00232212876881473
0.00227651215345964
0.00202992977741496
0.001602042876208
0.00105440820392565
0.000478826116464798
-2.49280457925319e-05
-0.00037502722909189
-0.000526881663531385
-0.000479224577179529
-0.000268631032675232
4.23952161300867e-05
0.000381096146167296
0.000682799420259651
0.0009088836786283
0.00105849400239885
0.0011660174471609
0.00127869912536782
0.0014215854290898
0.00157332056240632
0.00167455755264694
0.00166402319230651
0.00151224250177345
0.00122879155799229
0.000847204680526951
0.000408050217386431
-4.86816345322952e-05
-0.000486709123428648
-0.000878891047240741
-0.00121234590813507
-0.00148590431476527
-0.00169987687201841
-0.00184879980507321
-0.00192727855807974
-0.00194476039035149
-0.00193292158962698
-0.00193549702969677
-0.00198839399745098
-0.00210583484192662
-0.00227857599741942
-0.00247869889621917
-0.00266616011187604
-0.00279884077589204
-0.0028471597161675
-0.00280713950735531
-0.00270288109766807
-0.00257476108952998
-0.00245802461952347
-0.00236223959226368
-0.00226243963949
-0.00210643944641261
-0.00183384506432802
-0.00139887764242362
-0.00079175483647033
-5.33427311394764e-05
0.000726242782351335
0.00143151070575731
0.00196067899374715
0.00226132515640839
0.00234658453684135
0.00228740620156616
0.00218585019136016
0.00213930204956527
0.00220794875853866
0.00239692811604154
0.00265900645018138
0.00291608752592865
0.00309145147030535
0.00314043086262165
0.00306711386848619
0.00292090244414578
0.00277643505165436
0.00270632624804738
0.00275589941967139
0.00292664669215237
0.00317295033117681
0.00341314082029066
0.00355200839286157
0.00350988310290153
0.00325135247155668
0.00280257372842369
0.00224631728509644
0.00169468132234337
0.00125283077680504
0.000989139074888891
0.00091850681595199
0.000999486802453468
0.00114636948067997
0.00125641121102289
0.00124581540165449
0.00108148494273494
0.000794339626612874
0.000465484472623499
0.000188961232564704
2.92693506390796e-05
-3.84873595217907e-06
4.72798604617154e-05
0.000112163573653514
0.000122418688708177
3.57204191695924e-05
-0.000154121415727998
-0.000422571446646243
-0.000729776460896065
-0.00103705842802906
-0.00131872785416974
-0.00156741002338084
-0.00179146912632789
-0.00200456499670487
-0.00221276980523035
-0.00240743746601465
-0.00256740899448067
-0.00266790482349148
-0.0026916859660602
-0.00263836179167754
-0.00252716469089618
-0.00239024569215292
-0.00225902286403993
-0.00215029239951243
-0.00205857473174435
-0.0019593681813564
-0.00182502436407752
-0.00164717527659666
-0.00145092118191844
-0.00128855339455725
-0.00121628692043492
-0.00127021139483298
-0.00145430986385057
-0.00174139757229582
-0.00208175553520345
-0.00241563820328973
-0.00268742379234084
-0.00285890649188585
-0.00291934835627485
-0.00288977935187219
-0.00281820818473582
-0.00276439916602554
-0.00277878694778177
-0.00288462076314704
-0.00307130933102709
-0.00330213438236368
-0.00353365441076604
-0.00373781745267587
-0.0039147226783951
-0.00408931174013163
-0.00429599262905773
-0.00456108164008382
-0.0048902552796736
-0.00526352316807993
-0.00563875205960223
-0.00596398086527546
-0.00619585291757252
-0.00631811946354128
-0.00635237473041584
-0.00635410259638857
-0.0063928354730924
-0.00652428706616858
-0.00676692347114202
-0.00709152259365626
-0.00742671983460858
-0.00768211011560883
-0.00778661186912902
-0.00772755959054622
-0.0075664798216106
-0.00741688276275919
-0.00739381736589394
-0.00756240231485104
-0.00791007046680483
-0.00835300207840873
-0.00877349837681575
-0.00907236588310396
-0.00920675945037863
-0.00918404158930785
-0.00901812484277517
-0.00870410694328098
-0.0082514389877148
-0.00772641009265598
-0.00722560800134283
-0.00679867928729921
-0.0064113371945345
-0.00598009033575037
-0.00542865935500511
-0.00471953957193175
-0.00385854747278915
-0.00288791830263437
-0.00187524942034594
-0.000897579703874756
-2.14715013068379e-05
0.000715320838088374
0.00131460175557322
0.00181810347220677
0.00229627634704698
0.0028250974625935
0.00345632166350061
0.00419543947817996
0.00500189392850541
0.00581290368569963
0.00657636151723843
0.00727392825214765
0.00792492815939377
0.00857525961403483
0.00928075777826764
0.0100864416187981
0.0109958778533511
0.0119450480150549
0.0128343138235095
0.0136485903637208
0.0145504309563075
0.0157430891458477
0.0171673558777851
0.0184531428174244
0.0192834157583997
0.0197011575053064
0.0199733337834595
0.0202790606503577
0.0206188104078157
0.0209264727324167
0.021166022803522
0.0213364750249882
0.0214427919207136
0.0214843049216819
0.0214607038835714
0.0213777029440718
0.0212458615964259
0.021076525903284
0.0208788416286169
0.0206584094550585
0.0204169534091799
0.0201527929603758
0.0198621353052713
0.0195408788574289
0.0191861942726008
0.0187971507861183
0.0183742822749135
0.0179187254038358
0.0174316527357032
0.0169141743295375
0.0163674208033148
0.0157925573918651
0.015190727284901
0.0145630259933496
0.0139105510499584
0.0132344756818258
0.0125360374486675
0.0118163877288125
0.0110764380027242
0.0103169841395473
0.00953916871555424
0.00874471498735572
0.00793508967583561
0.00711001102419254
0.00626803271448208
0.00541133403540018
0.00454972796543997
0.00369206349800574
0.00282495321589039
0.00191185460696136
0.00095235632323293
6.07203150389383e-05
-0.000568906607825522
